TaskID,TaskType,ArrivalHour,SourceRegion,TargetRegion,NetworkLatency_ms,MaxLatency_ms,StartHour,FinishHour,Duration_h,GPU_Demand,Task_Full_IT_Power_MW,WaitHours,IsMigrated,DecisionWindowStart
25499,RealTimeInference,0,RegionB,RegionA,12,20,0,6.316666666666666,6.316666666666666,4,0.32,0.0,1,0
31463,RealTimeInference,0,RegionC,RegionC,5,20,0,1.2333333333333334,1.2333333333333334,2,0.16,0.0,0,0
35004,RealTimeInference,0,RegionB,RegionC,14,20,0,1.5666666666666669,1.5666666666666669,5,0.4,0.0,1,0
36115,RealTimeInference,0,RegionC,RegionB,14,20,0,0.5666666666666667,0.5666666666666667,2,0.16,0.0,1,0
39228,RealTimeInference,0,RegionB,RegionC,14,20,0,5.416666666666667,5.416666666666667,3,0.24,0.0,1,0
39265,RealTimeInference,0,RegionA,RegionC,15,20,0,2.9833333333333334,2.9833333333333334,3,0.24,0.0,1,0
41339,RealTimeInference,0,RegionA,RegionC,15,20,0,4.916666666666667,4.916666666666667,6,0.48,0.0,1,0
15197,RealTimeInference,1,RegionD,RegionD,5,20,1,1.65,0.65,4,0.32,0.0,0,0
17221,RealTimeInference,1,RegionB,RegionB,5,20,1,1.4333333333333333,0.4333333333333333,6,0.48,0.0,0,0
23761,RealTimeInference,1,RegionB,RegionB,5,20,1,3.2333333333333334,2.2333333333333334,1,0.08,0.0,0,0
27907,RealTimeInference,1,RegionB,RegionC,14,20,1,4.45,3.45,2,0.16,0.0,1,0
39430,RealTimeInference,1,RegionA,RegionB,12,20,1,6.533333333333333,5.533333333333333,2,0.16,0.0,1,0
19780,RealTimeInference,2,RegionB,RegionC,14,20,2,3.45,1.45,4,0.32,0.0,1,0
22958,RealTimeInference,2,RegionA,RegionA,5,20,2,6.516666666666667,4.516666666666667,3,0.24,0.0,0,0
30518,RealTimeInference,2,RegionB,RegionC,14,20,2,3.183333333333333,1.1833333333333331,6,0.48,0.0,1,0
33849,RealTimeInference,2,RegionB,RegionB,5,20,2,8.566666666666666,6.566666666666666,1,0.08,0.0,0,0
40083,RealTimeInference,2,RegionC,RegionB,14,20,2,6.6,4.6,1,0.08,0.0,1,0
49578,RealTimeInference,2,RegionA,RegionC,15,20,2,5.933333333333334,3.933333333333333,6,0.48,0.0,1,0
5647,RealTimeInference,2,RegionA,RegionC,15,20,2,6.783333333333333,4.783333333333333,3,0.24,0.0,1,0
9020,RealTimeInference,2,RegionA,RegionC,15,20,2,8.016666666666666,6.016666666666667,5,0.4,0.0,1,0
9101,RealTimeInference,2,RegionB,RegionB,5,20,2,2.7,0.7,4,0.32,0.0,0,0
12031,RealTimeInference,3,RegionA,RegionA,5,20,3,5.566666666666666,2.566666666666667,6,0.48,0.0,0,0
15383,RealTimeInference,3,RegionA,RegionC,15,20,3,9.4,6.4,5,0.4,0.0,1,0
3460,RealTimeInference,3,RegionB,RegionB,5,20,3,6.55,3.55,3,0.24,0.0,0,0
36551,RealTimeInference,3,RegionA,RegionC,15,20,3,8.666666666666668,5.666666666666667,7,0.56,0.0,1,0
41851,RealTimeInference,3,RegionA,RegionB,12,20,3,7.283333333333333,4.283333333333333,5,0.4,0.0,1,0
43098,RealTimeInference,3,RegionB,RegionA,12,20,3,8.9,5.9,4,0.32,0.0,1,0
11311,RealTimeInference,4,RegionB,RegionC,14,20,4,10.533333333333333,6.533333333333333,2,0.16,0.0,1,0
16511,AITraining,0,RegionD,RegionC,58,150,4,5.366666666666667,1.3666666666666667,36,5.76,4.0,1,0
24169,BatchInference,2,RegionD,RegionD,5,80,2,4.016666666666667,2.0166666666666666,23,2.3000000000000003,0.0,0,0
27475,RealTimeInference,4,RegionC,RegionC,5,20,4,6.75,2.75,5,0.4,0.0,0,0
4717,RealTimeInference,4,RegionA,RegionA,5,20,4,7.6,3.6,4,0.32,0.0,0,0
47472,RealTimeInference,4,RegionA,RegionC,15,20,4,6.816666666666666,2.816666666666667,7,0.56,0.0,1,0
10404,RealTimeInference,5,RegionA,RegionB,12,20,5,9.783333333333333,4.783333333333333,7,0.56,0.0,1,0
13847,AITraining,0,RegionB,RegionC,14,150,5,5.966666666666667,0.9666666666666668,35,5.6000000000000005,5.0,1,0
15020,RealTimeInference,5,RegionD,RegionD,5,20,5,7.316666666666666,2.316666666666667,3,0.24,0.0,0,0
18195,RealTimeInference,5,RegionE,RegionE,5,20,5,8.416666666666666,3.4166666666666665,3,0.24,0.0,0,0
1970,RealTimeInference,5,RegionB,RegionC,14,20,5,10.766666666666666,5.766666666666667,1,0.08,0.0,1,0
20876,RealTimeInference,5,RegionC,RegionA,15,20,5,6.266666666666667,1.2666666666666666,3,0.24,0.0,1,0
21674,AITraining,3,RegionD,RegionD,5,150,5,8.766666666666666,3.7666666666666666,93,14.88,2.0,0,0
32732,AITraining,1,RegionC,RegionC,5,150,1,5.183333333333334,4.183333333333334,81,12.96,0.0,0,0
34003,BatchInference,5,RegionF,RegionF,5,80,7,9.483333333333334,2.4833333333333334,6,0.6000000000000001,2.0,0,0
36976,RealTimeInference,5,RegionA,RegionA,5,20,5,6.033333333333333,1.0333333333333334,1,0.08,0.0,0,0
39287,RealTimeInference,5,RegionB,RegionC,14,20,5,11.083333333333332,6.083333333333333,6,0.48,0.0,1,0
46494,AITraining,1,RegionC,RegionC,5,150,1,6.65,5.65,74,11.84,0.0,0,0
5714,RealTimeInference,5,RegionA,RegionC,15,20,5,7.9,2.9,7,0.56,0.0,1,0
84,AITraining,2,RegionF,RegionF,5,150,18,22.4,4.4,71,11.36,16.0,0,0
12511,AITraining,5,RegionD,RegionF,25,150,6,10.833333333333332,4.833333333333333,20,3.2,1.0,1,0
19302,AITraining,4,RegionE,RegionE,5,150,6,11.083333333333332,5.083333333333333,66,10.56,2.0,0,0
22468,RealTimeInference,6,RegionB,RegionA,12,20,6,10.416666666666668,4.416666666666667,6,0.48,0.0,1,0
23962,RealTimeInference,6,RegionA,RegionB,12,20,6,7.15,1.15,1,0.08,0.0,1,0
261,AITraining,1,RegionF,RegionF,5,150,6,10.15,4.15,92,14.72,5.0,0,0
28419,BatchInference,2,RegionD,RegionF,25,80,6,6.383333333333333,0.3833333333333333,19,1.9,4.0,1,0
29186,RealTimeInference,6,RegionB,RegionC,14,20,6,9.05,3.05,3,0.24,0.0,1,0
30000,AITraining,1,RegionE,RegionF,18,150,6,6.183333333333334,0.1833333333333333,102,16.32,5.0,1,0
30787,RealTimeInference,6,RegionB,RegionB,5,20,6,7.766666666666667,1.7666666666666666,4,0.32,0.0,0,0
3300,RealTimeInference,6,RegionA,RegionC,15,20,6,7.183333333333334,1.1833333333333331,6,0.48,0.0,1,0
33557,AITraining,5,RegionF,RegionF,5,150,6,9.983333333333333,3.983333333333333,18,2.88,1.0,0,0
3445,AITraining,0,RegionD,RegionF,25,150,6,7.233333333333333,1.2333333333333334,57,9.12,6.0,1,0
3788,AITraining,5,RegionE,RegionF,18,150,6,6.95,0.95,56,8.96,1.0,1,0
37945,RealTimeInference,6,RegionC,RegionC,5,20,6,10.966666666666667,4.966666666666667,3,0.24,0.0,0,0
42068,RealTimeInference,6,RegionB,RegionA,12,20,6,11.75,5.75,6,0.48,0.0,1,0
44529,RealTimeInference,6,RegionB,RegionB,5,20,6,8.366666666666667,2.3666666666666667,5,0.4,0.0,0,0
45525,AITraining,4,RegionD,RegionF,25,150,6,7.5,1.5,92,14.72,2.0,1,0
47933,AITraining,1,RegionE,RegionF,18,150,6,9.833333333333334,3.8333333333333335,37,5.92,5.0,1,0
48504,RealTimeInference,6,RegionB,RegionA,12,20,6,10.333333333333332,4.333333333333333,3,0.24,0.0,1,0
49057,RealTimeInference,6,RegionC,RegionA,15,20,6,11.183333333333334,5.183333333333334,5,0.4,0.0,1,0
5450,AITraining,0,RegionF,RegionF,5,150,6,11.733333333333334,5.733333333333333,116,18.56,6.0,0,0
7246,AITraining,6,RegionF,RegionF,5,150,6,9.833333333333334,3.8333333333333335,29,4.64,0.0,0,0
7759,AITraining,2,RegionF,RegionF,5,150,6,10.183333333333334,4.183333333333334,123,19.68,4.0,0,0
8692,AITraining,2,RegionD,RegionF,25,150,6,7.083333333333333,1.0833333333333333,66,10.56,4.0,1,0
10960,BatchInference,6,RegionF,RegionE,18,80,7,12.6,5.6,9,0.9,1.0,1,0
12733,BatchInference,6,RegionB,RegionB,5,80,6,6.166666666666667,0.1666666666666666,20,2.0,0.0,0,0
13234,AITraining,2,RegionE,RegionE,5,150,7,9.583333333333332,2.583333333333333,73,11.68,5.0,0,0
14640,AITraining,3,RegionF,RegionE,18,150,7,12.916666666666668,5.916666666666667,118,18.88,4.0,1,0
15673,AITraining,2,RegionD,RegionE,22,150,7,12.983333333333334,5.983333333333333,108,17.28,5.0,1,0
1681,BatchInference,2,RegionB,RegionB,5,80,2,7.3,5.3,20,2.0,0.0,0,0
17660,RealTimeInference,7,RegionB,RegionA,12,20,7,10.85,3.85,2,0.16,0.0,1,0
1930,BatchInference,2,RegionB,RegionB,5,80,2,3.9,1.9,18,1.8,0.0,0,0
20023,AITraining,0,RegionE,RegionE,5,150,7,8.466666666666667,1.4666666666666666,61,9.76,7.0,0,0
23858,BatchInference,6,RegionB,RegionB,5,80,11,16.85,5.85,14,1.4,5.0,0,0
26299,AITraining,0,RegionD,RegionE,22,150,7,13.383333333333333,6.383333333333334,117,18.72,7.0,1,0
26591,AITraining,6,RegionF,RegionE,18,150,7,12.75,5.75,24,3.84,1.0,1,0
26706,BatchInference,0,RegionC,RegionC,5,80,0,1.6666666666666667,1.6666666666666667,13,1.3,0.0,0,0
29032,AITraining,7,RegionB,RegionB,5,150,7,7.916666666666667,0.9166666666666666,21,3.36,0.0,0,0
30463,AITraining,7,RegionD,RegionE,22,150,7,8.483333333333334,1.4833333333333334,91,14.56,0.0,1,0
34306,BatchInference,3,RegionA,RegionE,78,80,7,9.95,2.95,18,1.8,4.0,1,0
37127,RealTimeInference,7,RegionA,RegionA,5,20,7,12.766666666666666,5.766666666666667,6,0.48,0.0,0,0
39234,BatchInference,7,RegionB,RegionB,5,80,11,16.816666666666666,5.816666666666666,18,1.8,4.0,0,0
44126,AITraining,7,RegionC,RegionC,5,150,9,13.95,4.95,107,17.12,2.0,0,0
45189,BatchInference,1,RegionA,RegionA,5,80,1,7.5,6.5,22,2.2,0.0,0,0
46612,BatchInference,2,RegionA,RegionA,5,80,2,4.133333333333333,2.1333333333333333,5,0.5,0.0,0,0
47481,BatchInference,7,RegionD,RegionE,22,80,7,8.5,1.5,11,1.1,0.0,1,0
47581,BatchInference,7,RegionE,RegionE,5,80,7,8.95,1.95,20,2.0,0.0,0,0
5348,AITraining,6,RegionD,RegionD,5,150,7,10.816666666666666,3.816666666666667,32,5.12,1.0,0,0
10916,RealTimeInference,8,RegionA,RegionB,12,20,8,10.083333333333332,2.083333333333333,2,0.16,0.0,1,0
11953,AITraining,6,RegionD,RegionD,5,150,8,10.133333333333333,2.1333333333333333,75,12.0,2.0,0,0
12084,AITraining,7,RegionD,RegionD,5,150,8,11.883333333333333,3.883333333333333,89,14.24,1.0,0,0
13615,RealTimeInference,8,RegionC,RegionA,15,20,8,13.333333333333332,5.333333333333333,5,0.4,0.0,1,0
14959,RealTimeInference,8,RegionB,RegionA,12,20,8,13.316666666666666,5.316666666666666,6,0.48,0.0,1,0
15945,BatchInference,4,RegionF,RegionD,25,80,8,10.483333333333334,2.4833333333333334,10,1.0,4.0,1,0
16962,BatchInference,7,RegionF,RegionD,25,80,8,10.366666666666667,2.3666666666666667,21,2.1,1.0,1,0
18564,BatchInference,4,RegionB,RegionD,60,80,8,12.316666666666666,4.316666666666666,12,1.2000000000000002,4.0,1,0
19256,RealTimeInference,8,RegionC,RegionA,15,20,8,11.666666666666666,3.6666666666666665,5,0.4,0.0,1,0
19608,AITraining,1,RegionD,RegionD,5,150,8,10.316666666666666,2.316666666666667,91,14.56,7.0,0,0
20510,AITraining,8,RegionF,RegionD,25,150,8,9.716666666666667,1.7166666666666666,73,11.68,0.0,1,0
22425,RealTimeInference,8,RegionC,RegionA,15,20,8,11.783333333333333,3.783333333333333,4,0.32,0.0,1,0
23279,AITraining,7,RegionA,RegionA,5,150,17,21.066666666666666,4.066666666666666,18,2.88,10.0,0,0
23416,AITraining,6,RegionF,RegionD,25,150,8,11.05,3.05,86,13.76,2.0,1,0
23996,BatchInference,4,RegionB,RegionB,5,80,11,14.583333333333332,3.583333333333333,16,1.6,7.0,0,0
24987,RealTimeInference,8,RegionB,RegionA,12,20,8,14.366666666666667,6.366666666666666,4,0.32,0.0,1,0
26407,RealTimeInference,8,RegionC,RegionA,15,20,8,11.983333333333333,3.983333333333333,2,0.16,0.0,1,0
26744,RealTimeInference,8,RegionA,RegionA,5,20,8,12.666666666666668,4.666666666666667,4,0.32,0.0,0,0
28291,BatchInference,8,RegionA,RegionD,65,80,8,12.783333333333333,4.783333333333333,22,2.2,0.0,1,0
28627,BatchInference,6,RegionB,RegionB,5,80,11,14.75,3.75,18,1.8,5.0,0,0
28705,BatchInference,4,RegionB,RegionB,5,80,11,16.35,5.35,14,1.4,7.0,0,0
28855,BatchInference,2,RegionA,RegionA,5,80,17,22.666666666666668,5.666666666666667,21,2.1,15.0,0,0
29122,BatchInference,3,RegionE,RegionE,5,80,8,13.683333333333334,5.683333333333334,9,0.9,5.0,0,0
29531,BatchInference,4,RegionA,RegionA,5,80,17,22.25,5.25,18,1.8,13.0,0,0
30540,RealTimeInference,8,RegionE,RegionE,5,20,8,12.433333333333334,4.433333333333334,3,0.24,0.0,0,0
33300,BatchInference,1,RegionD,RegionD,5,80,8,12.483333333333334,4.483333333333333,16,1.6,7.0,0,0
34476,BatchInference,7,RegionF,RegionD,25,80,8,13.0,5.0,16,1.6,1.0,1,0
34564,RealTimeInference,8,RegionB,RegionA,12,20,8,8.983333333333333,0.9833333333333332,4,0.32,0.0,1,0
34725,RealTimeInference,8,RegionE,RegionE,5,20,8,8.9,0.9,1,0.08,0.0,0,0
35299,AITraining,5,RegionD,RegionD,5,150,8,14.65,6.65,61,9.76,3.0,0,0
37306,BatchInference,1,RegionC,RegionC,5,80,1,7.233333333333333,6.233333333333333,12,1.2000000000000002,0.0,0,0
38258,AITraining,8,RegionE,RegionD,22,150,8,11.733333333333333,3.733333333333333,90,14.4,0.0,1,0
40326,BatchInference,2,RegionE,RegionD,22,80,8,10.083333333333332,2.083333333333333,15,1.5,6.0,1,0
42276,AITraining,8,RegionB,RegionB,5,150,12,14.7,2.7,31,4.96,4.0,0,0
42488,RealTimeInference,8,RegionB,RegionC,14,20,8,10.466666666666667,2.466666666666667,4,0.32,0.0,1,0
43357,RealTimeInference,8,RegionC,RegionA,15,20,8,13.633333333333333,5.633333333333334,5,0.4,0.0,1,0
44123,BatchInference,5,RegionD,RegionD,5,80,20,26.35,6.35,6,0.6000000000000001,15.0,0,0
4787,BatchInference,8,RegionF,RegionF,5,80,22,28.55,6.55,13,1.3,14.0,0,0
49610,BatchInference,7,RegionA,RegionD,65,80,8,11.25,3.25,14,1.4,1.0,1,0
6384,AITraining,2,RegionD,RegionD,5,150,8,10.783333333333333,2.783333333333333,118,18.88,6.0,0,0
9159,RealTimeInference,8,RegionB,RegionA,12,20,8,12.85,4.85,4,0.32,0.0,1,0
9170,AITraining,0,RegionB,RegionB,5,150,0,2.4833333333333334,2.4833333333333334,50,8.0,0.0,0,0
11646,BatchInference,2,RegionD,RegionD,5,80,9,14.85,5.85,17,1.7000000000000002,7.0,0,0
12072,AITraining,8,RegionD,RegionD,5,150,9,14.05,5.05,121,19.36,1.0,0,0
14112,AITraining,0,RegionD,RegionD,5,150,9,10.4,1.4,102,16.32,9.0,0,0
15080,AITraining,2,RegionB,RegionB,5,150,9,10.05,1.05,63,10.08,7.0,0,0
17295,AITraining,9,RegionE,RegionF,18,150,9,13.133333333333333,4.133333333333334,39,6.24,0.0,1,0
18585,AITraining,2,RegionD,RegionD,5,150,9,14.966666666666667,5.966666666666667,16,2.56,7.0,0,0
20428,RealTimeInference,9,RegionB,RegionC,14,20,9,13.8,4.8,3,0.24,0.0,1,0
22465,BatchInference,9,RegionF,RegionF,5,80,9,14.083333333333332,5.083333333333333,10,1.0,0.0,0,0
22975,BatchInference,3,RegionD,RegionD,5,80,9,9.85,0.85,21,2.1,6.0,0,0
23705,RealTimeInference,9,RegionE,RegionE,5,20,9,14.016666666666666,5.016666666666667,5,0.4,0.0,0,0
24957,BatchInference,9,RegionE,RegionE,5,80,9,15.216666666666667,6.216666666666667,18,1.8,0.0,0,0
2690,AITraining,1,RegionD,RegionD,5,150,9,14.3,5.3,82,13.12,8.0,0,0
29231,RealTimeInference,9,RegionB,RegionA,12,20,9,11.716666666666667,2.716666666666667,5,0.4,0.0,1,0
30858,RealTimeInference,9,RegionB,RegionA,12,20,9,14.383333333333333,5.383333333333334,4,0.32,0.0,1,0
31516,BatchInference,9,RegionD,RegionD,5,80,9,10.35,1.35,12,1.2000000000000002,0.0,0,0
37109,AITraining,8,RegionD,RegionD,5,150,9,9.616666666666667,0.6166666666666667,26,4.16,1.0,0,0
40493,AITraining,4,RegionD,RegionD,5,150,9,9.316666666666666,0.3166666666666666,55,8.8,5.0,0,0
41632,AITraining,5,RegionF,RegionF,5,150,9,12.733333333333333,3.733333333333333,127,20.32,4.0,0,0
43422,AITraining,1,RegionF,RegionF,5,150,9,13.066666666666666,4.066666666666666,102,16.32,8.0,0,0
45702,RealTimeInference,9,RegionB,RegionA,12,20,9,13.566666666666666,4.566666666666666,7,0.56,0.0,1,0
46352,BatchInference,9,RegionC,RegionD,58,80,9,10.416666666666666,1.4166666666666667,6,0.6000000000000001,0.0,1,0
47985,BatchInference,6,RegionC,RegionC,5,80,6,11.733333333333334,5.733333333333333,6,0.6000000000000001,0.0,0,0
49344,AITraining,9,RegionE,RegionF,18,150,9,13.983333333333334,4.983333333333333,57,9.12,0.0,1,0
49719,AITraining,7,RegionF,RegionF,5,150,9,12.983333333333333,3.983333333333333,53,8.48,2.0,0,0
5249,BatchInference,6,RegionB,RegionD,60,80,9,9.916666666666666,0.9166666666666666,5,0.5,3.0,1,0
9260,BatchInference,9,RegionE,RegionD,22,80,9,14.6,5.6,12,1.2000000000000002,0.0,1,0
9537,BatchInference,0,RegionA,RegionA,5,80,0,0.3166666666666666,0.3166666666666666,17,1.7000000000000002,0.0,0,0
14374,AITraining,10,RegionD,RegionF,25,150,10,14.8,4.8,123,19.68,0.0,1,0
15577,BatchInference,10,RegionE,RegionE,5,80,10,12.933333333333334,2.933333333333333,14,1.4,0.0,0,0
16550,RealTimeInference,10,RegionA,RegionA,5,20,10,12.7,2.7,5,0.4,0.0,0,0
18475,RealTimeInference,10,RegionB,RegionB,5,20,10,10.6,0.6,7,0.56,0.0,0,0
20030,RealTimeInference,10,RegionC,RegionA,15,20,10,13.65,3.65,2,0.16,0.0,1,0
28111,AITraining,10,RegionE,RegionF,18,150,10,16.016666666666666,6.016666666666667,62,9.92,0.0,1,0
32406,BatchInference,4,RegionC,RegionD,58,80,10,13.083333333333332,3.083333333333333,12,1.2000000000000002,6.0,1,0
33148,AITraining,10,RegionE,RegionF,18,150,10,15.016666666666666,5.016666666666667,98,15.68,0.0,1,0
42842,RealTimeInference,10,RegionB,RegionA,12,20,10,13.483333333333334,3.4833333333333334,6,0.48,0.0,1,0
44470,RealTimeInference,10,RegionB,RegionA,12,20,10,14.383333333333333,4.383333333333334,1,0.08,0.0,1,0
48009,AITraining,2,RegionB,RegionB,5,150,2,5.183333333333334,3.183333333333333,76,12.16,0.0,0,0
48524,AITraining,4,RegionE,RegionE,5,150,10,13.383333333333333,3.3833333333333333,125,20.0,6.0,0,0
11030,RealTimeInference,11,RegionB,RegionB,5,20,11,12.916666666666666,1.9166666666666667,6,0.48,0.0,0,0
11346,RealTimeInference,11,RegionC,RegionA,15,20,11,13.616666666666667,2.6166666666666667,2,0.16,0.0,1,0
13810,RealTimeInference,11,RegionB,RegionA,12,20,11,13.883333333333333,2.8833333333333333,5,0.4,0.0,1,0
17840,BatchInference,9,RegionE,RegionD,22,80,11,15.016666666666666,4.016666666666667,4,0.4,2.0,1,0
18177,RealTimeInference,11,RegionA,RegionA,5,20,11,12.933333333333334,1.9333333333333331,6,0.48,0.0,0,0
23197,AITraining,3,RegionE,RegionE,5,150,11,13.15,2.15,101,16.16,8.0,0,0
26211,AITraining,11,RegionF,RegionF,5,150,11,17.183333333333334,6.183333333333334,41,6.5600000000000005,0.0,0,0
31200,BatchInference,11,RegionD,RegionE,22,80,11,13.166666666666666,2.1666666666666665,21,2.1,0.0,1,0
31980,BatchInference,10,RegionC,RegionC,5,80,10,11.933333333333334,1.9333333333333331,22,2.2,0.0,0,0
35164,RealTimeInference,11,RegionC,RegionC,5,20,11,11.833333333333334,0.8333333333333334,7,0.56,0.0,0,0
38166,BatchInference,10,RegionC,RegionC,5,80,10,11.9,1.9,9,0.9,0.0,0,0
47055,BatchInference,11,RegionD,RegionD,5,80,11,14.916666666666666,3.9166666666666665,23,2.3000000000000003,0.0,0,0
47136,RealTimeInference,11,RegionA,RegionA,5,20,11,15.6,4.6,7,0.56,0.0,0,0
48596,RealTimeInference,11,RegionB,RegionA,12,20,11,15.666666666666668,4.666666666666667,1,0.08,0.0,1,0
673,RealTimeInference,11,RegionC,RegionC,5,20,11,12.916666666666666,1.9166666666666667,2,0.16,0.0,0,0
10307,BatchInference,11,RegionC,RegionD,58,80,12,14.716666666666667,2.716666666666667,10,1.0,1.0,1,0
10525,AITraining,12,RegionE,RegionD,22,150,12,15.266666666666666,3.2666666666666666,38,6.08,0.0,1,0
10691,AITraining,11,RegionF,RegionD,25,150,12,15.116666666666667,3.1166666666666667,112,17.92,1.0,1,0
11183,RealTimeInference,12,RegionF,RegionE,18,20,12,18.583333333333332,6.583333333333333,7,0.56,0.0,1,0
13050,RealTimeInference,12,RegionB,RegionB,5,20,12,12.35,0.35,7,0.56,0.0,0,0
13959,BatchInference,11,RegionA,RegionA,5,80,17,20.4,3.4,16,1.6,6.0,0,0
16083,RealTimeInference,12,RegionF,RegionE,18,20,12,16.366666666666667,4.366666666666666,1,0.08,0.0,1,0
16288,BatchInference,9,RegionB,RegionD,60,80,12,15.3,3.3,23,2.3000000000000003,3.0,1,0
16915,AITraining,10,RegionF,RegionE,18,150,12,13.1,1.1,102,16.32,2.0,1,0
18364,AITraining,10,RegionE,RegionE,5,150,12,13.05,1.05,120,19.2,2.0,0,0
19459,AITraining,3,RegionE,RegionD,22,150,12,15.333333333333332,3.333333333333333,55,8.8,9.0,1,0
20619,AITraining,11,RegionD,RegionD,5,150,21,27.25,6.25,23,3.68,10.0,0,0
23584,BatchInference,2,RegionC,RegionD,58,80,12,16.1,4.1,16,1.6,10.0,1,0
25727,BatchInference,10,RegionB,RegionB,5,80,23,29.616666666666667,6.616666666666666,7,0.7000000000000001,13.0,0,0
27448,AITraining,9,RegionE,RegionD,22,150,12,15.216666666666667,3.216666666666667,24,3.84,3.0,1,0
27877,AITraining,8,RegionF,RegionE,18,150,12,13.366666666666667,1.3666666666666667,56,8.96,4.0,1,0
29158,RealTimeInference,12,RegionA,RegionA,5,20,12,15.883333333333333,3.883333333333333,4,0.32,0.0,0,0
30279,AITraining,11,RegionD,RegionD,5,150,12,16.183333333333334,4.183333333333334,91,14.56,1.0,0,0
31506,AITraining,12,RegionD,RegionD,5,150,12,16.333333333333332,4.333333333333333,57,9.12,0.0,0,0
32245,BatchInference,8,RegionE,RegionE,5,80,12,14.233333333333334,2.2333333333333334,11,1.1,4.0,0,0
32824,AITraining,12,RegionC,RegionD,58,150,12,15.466666666666667,3.466666666666667,49,7.84,0.0,1,0
33458,BatchInference,12,RegionE,RegionE,5,80,23,28.333333333333332,5.333333333333333,20,2.0,11.0,0,0
33707,BatchInference,2,RegionE,RegionE,5,80,12,18.366666666666667,6.366666666666666,8,0.8,10.0,0,0
34622,AITraining,7,RegionD,RegionD,5,150,12,15.75,3.75,113,18.08,5.0,0,0
36635,AITraining,6,RegionC,RegionD,58,150,12,15.433333333333334,3.433333333333333,86,13.76,6.0,1,0
37652,AITraining,12,RegionD,RegionD,5,150,12,15.216666666666667,3.216666666666667,43,6.88,0.0,0,0
37951,BatchInference,11,RegionE,RegionD,22,80,12,15.1,3.1,21,2.1,1.0,1,0
39657,BatchInference,10,RegionE,RegionD,22,80,12,15.816666666666666,3.816666666666667,15,1.5,2.0,1,0
44429,AITraining,6,RegionD,RegionD,5,150,12,15.333333333333332,3.333333333333333,17,2.72,6.0,0,0
49086,RealTimeInference,12,RegionA,RegionB,12,20,12,15.116666666666667,3.1166666666666667,2,0.16,0.0,1,0
5291,RealTimeInference,12,RegionC,RegionA,15,20,12,17.21666666666667,5.216666666666667,2,0.16,0.0,1,0
8480,RealTimeInference,12,RegionC,RegionA,15,20,12,18.15,6.15,5,0.4,0.0,1,0
9233,BatchInference,11,RegionD,RegionD,5,80,12,15.683333333333334,3.683333333333333,17,1.7000000000000002,1.0,0,0
14554,BatchInference,12,RegionF,RegionF,5,80,13,17.366666666666667,4.366666666666666,17,1.7000000000000002,1.0,0,0
20728,BatchInference,13,RegionA,RegionA,5,80,17,23.433333333333334,6.433333333333334,22,2.2,4.0,0,0
22372,BatchInference,12,RegionD,RegionD,5,80,13,15.083333333333332,2.083333333333333,20,2.0,1.0,0,0
22850,AITraining,13,RegionE,RegionF,18,150,13,17.6,4.6,82,13.12,0.0,1,0
25313,RealTimeInference,13,RegionA,RegionB,12,20,13,14.233333333333334,1.2333333333333334,4,0.32,0.0,1,0
26152,RealTimeInference,13,RegionF,RegionF,5,20,13,16.266666666666666,3.2666666666666666,4,0.32,0.0,0,0
26283,BatchInference,11,RegionF,RegionF,5,80,13,18.116666666666667,5.116666666666666,4,0.4,2.0,0,0
32064,RealTimeInference,13,RegionA,RegionA,5,20,13,19.483333333333334,6.483333333333333,3,0.24,0.0,0,0
32717,RealTimeInference,13,RegionC,RegionA,15,20,13,18.46666666666667,5.466666666666667,2,0.16,0.0,1,0
34240,BatchInference,13,RegionA,RegionA,5,80,17,23.25,6.25,12,1.2000000000000002,4.0,0,0
36843,BatchInference,13,RegionE,RegionF,18,80,13,18.683333333333334,5.683333333333334,12,1.2000000000000002,0.0,1,0
38246,AITraining,13,RegionE,RegionF,18,150,13,16.266666666666666,3.2666666666666666,125,20.0,0.0,1,0
44241,BatchInference,11,RegionD,RegionF,25,80,13,17.866666666666667,4.866666666666666,6,0.6000000000000001,2.0,1,0
48401,RealTimeInference,13,RegionC,RegionA,15,20,13,16.416666666666668,3.4166666666666665,4,0.32,0.0,1,0
6307,AITraining,12,RegionE,RegionD,22,150,13,14.816666666666666,1.8166666666666669,69,11.04,1.0,1,0
7060,BatchInference,1,RegionC,RegionC,5,80,1,5.433333333333334,4.433333333333334,5,0.5,0.0,0,0
7133,AITraining,13,RegionE,RegionF,18,150,13,17.633333333333333,4.633333333333334,34,5.44,0.0,1,0
9291,RealTimeInference,13,RegionB,RegionA,12,20,13,18.933333333333334,5.933333333333334,2,0.16,0.0,1,0
9483,AITraining,13,RegionF,RegionF,5,150,13,17.383333333333333,4.383333333333334,126,20.16,0.0,0,0
10943,RealTimeInference,14,RegionB,RegionA,12,20,14,16.21666666666667,2.216666666666667,2,0.16,0.0,1,0
10946,RealTimeInference,14,RegionC,RegionA,15,20,14,17.733333333333334,3.733333333333333,6,0.48,0.0,1,0
12976,AITraining,14,RegionD,RegionF,25,150,14,20.21666666666667,6.216666666666667,65,10.4,0.0,1,0
14997,RealTimeInference,14,RegionB,RegionA,12,20,14,17.2,3.2,5,0.4,0.0,1,0
15603,RealTimeInference,14,RegionC,RegionA,15,20,14,16.166666666666668,2.1666666666666665,7,0.56,0.0,1,0
20253,BatchInference,13,RegionD,RegionD,5,80,23,28.03333333333333,5.033333333333333,10,1.0,10.0,0,0
20731,AITraining,14,RegionE,RegionE,5,150,18,22.45,4.45,24,3.84,4.0,0,0
23341,AITraining,14,RegionD,RegionF,25,150,14,17.166666666666668,3.1666666666666665,52,8.32,0.0,1,0
25044,AITraining,12,RegionB,RegionB,5,150,12,17.066666666666666,5.066666666666666,119,19.04,0.0,0,0
25752,AITraining,13,RegionA,RegionC,15,150,14,14.633333333333333,0.6333333333333333,45,7.2,1.0,1,0
26596,RealTimeInference,14,RegionC,RegionA,15,20,14,15.8,1.8,2,0.16,0.0,1,0
26769,RealTimeInference,14,RegionA,RegionC,15,20,14,14.35,0.35,7,0.56,0.0,1,0
27150,AITraining,13,RegionC,RegionC,5,150,14,14.483333333333333,0.4833333333333333,28,4.48,1.0,0,0
28327,BatchInference,14,RegionD,RegionD,5,80,14,15.216666666666667,1.2166666666666666,16,1.6,0.0,0,0
29510,RealTimeInference,14,RegionD,RegionD,5,20,14,17.75,3.75,2,0.16,0.0,0,0
3249,RealTimeInference,14,RegionB,RegionA,12,20,14,19.53333333333333,5.533333333333333,4,0.32,0.0,1,0
33683,RealTimeInference,14,RegionA,RegionA,5,20,14,16.183333333333334,2.183333333333333,3,0.24,0.0,0,0
36404,AITraining,13,RegionF,RegionF,5,150,14,17.4,3.4,93,14.88,1.0,0,0
36591,RealTimeInference,14,RegionB,RegionA,12,20,14,20.2,6.2,3,0.24,0.0,1,0
38429,RealTimeInference,14,RegionB,RegionA,12,20,14,18.4,4.4,7,0.56,0.0,1,0
39586,RealTimeInference,14,RegionA,RegionA,5,20,14,15.883333333333333,1.8833333333333333,1,0.08,0.0,0,0
46821,BatchInference,14,RegionF,RegionF,5,80,14,18.433333333333334,4.433333333333334,6,0.6000000000000001,0.0,0,0
46997,AITraining,10,RegionF,RegionF,5,150,10,10.466666666666667,0.4666666666666667,52,8.32,0.0,0,0
47017,AITraining,11,RegionF,RegionF,5,150,14,20.083333333333332,6.083333333333333,20,3.2,3.0,0,0
49368,RealTimeInference,14,RegionA,RegionA,5,20,14,14.516666666666667,0.5166666666666667,6,0.48,0.0,0,0
75,BatchInference,13,RegionD,RegionD,5,80,20,26.583333333333332,6.583333333333333,15,1.5,7.0,0,0
11033,BatchInference,0,RegionA,RegionA,5,80,0,3.95,3.95,5,0.5,0.0,0,0
12079,RealTimeInference,15,RegionB,RegionB,5,20,15,15.933333333333334,0.9333333333333332,5,0.4,0.0,0,0
12166,AITraining,15,RegionF,RegionF,5,150,15,18.333333333333332,3.333333333333333,122,19.52,0.0,0,0
14132,RealTimeInference,15,RegionB,RegionA,12,20,15,16.683333333333334,1.6833333333333331,6,0.48,0.0,1,0
14243,RealTimeInference,15,RegionB,RegionA,12,20,15,20.21666666666667,5.216666666666667,7,0.56,0.0,1,0
14355,RealTimeInference,15,RegionB,RegionA,12,20,15,15.45,0.45,2,0.16,0.0,1,0
15627,BatchInference,15,RegionC,RegionC,5,80,21,27.53333333333333,6.533333333333333,16,1.6,6.0,0,0
16661,AITraining,15,RegionB,RegionB,5,150,21,25.633333333333333,4.633333333333334,98,15.68,6.0,0,0
1819,BatchInference,5,RegionC,RegionC,5,80,6,10.083333333333332,4.083333333333333,11,1.1,1.0,0,0
18519,BatchInference,14,RegionB,RegionB,5,80,23,28.766666666666666,5.766666666666667,5,0.5,9.0,0,0
18715,BatchInference,13,RegionB,RegionB,5,80,13,17.483333333333334,4.483333333333333,12,1.2000000000000002,0.0,0,0
19878,RealTimeInference,15,RegionB,RegionB,5,20,15,15.55,0.55,1,0.08,0.0,0,0
19938,RealTimeInference,15,RegionC,RegionA,15,20,15,17.766666666666666,2.7666666666666666,7,0.56,0.0,1,0
2003,BatchInference,15,RegionC,RegionC,5,80,20,22.583333333333332,2.583333333333333,13,1.3,5.0,0,0
21961,RealTimeInference,15,RegionA,RegionA,5,20,15,16.766666666666666,1.7666666666666666,5,0.4,0.0,0,0
27050,RealTimeInference,15,RegionC,RegionA,15,20,15,20.96666666666667,5.966666666666667,6,0.48,0.0,1,0
27186,AITraining,13,RegionE,RegionE,5,150,13,17.066666666666666,4.066666666666666,40,6.4,0.0,0,0
29770,AITraining,15,RegionE,RegionE,5,150,15,15.95,0.95,65,10.4,0.0,0,0
31840,RealTimeInference,15,RegionA,RegionA,5,20,15,19.0,4.0,4,0.32,0.0,0,0
31977,BatchInference,13,RegionA,RegionA,5,80,17,22.616666666666667,5.616666666666666,10,1.0,4.0,0,0
36270,AITraining,15,RegionD,RegionF,25,150,15,20.55,5.55,30,4.8,0.0,1,0
37404,RealTimeInference,15,RegionB,RegionA,12,20,15,17.2,2.2,1,0.08,0.0,1,0
41484,BatchInference,15,RegionB,RegionB,5,80,23,29.4,6.4,7,0.7000000000000001,8.0,0,0
44095,RealTimeInference,15,RegionB,RegionA,12,20,15,20.78333333333333,5.783333333333333,6,0.48,0.0,1,0
45568,RealTimeInference,15,RegionE,RegionF,18,20,15,15.566666666666666,0.5666666666666667,3,0.24,0.0,1,0
47596,RealTimeInference,15,RegionA,RegionA,5,20,15,21.266666666666666,6.266666666666667,4,0.32,0.0,0,0
47834,AITraining,15,RegionD,RegionD,5,150,15,20.15,5.15,59,9.44,0.0,0,0
6016,AITraining,15,RegionD,RegionE,22,150,15,18.233333333333334,3.2333333333333334,126,20.16,0.0,1,0
8884,BatchInference,13,RegionC,RegionE,70,80,13,18.616666666666667,5.616666666666666,21,2.1,0.0,1,0
9326,RealTimeInference,15,RegionC,RegionA,15,20,15,16.416666666666668,1.4166666666666667,2,0.16,0.0,1,0
9487,BatchInference,5,RegionC,RegionC,5,80,5,9.716666666666667,4.716666666666667,9,0.9,0.0,0,0
14205,RealTimeInference,16,RegionC,RegionA,15,20,16,19.25,3.25,1,0.08,0.0,1,0
18322,RealTimeInference,16,RegionA,RegionB,12,20,16,18.2,2.2,3,0.24,0.0,1,0
21852,RealTimeInference,16,RegionB,RegionA,12,20,16,21.233333333333334,5.233333333333333,1,0.08,0.0,1,0
2196,RealTimeInference,16,RegionD,RegionD,5,20,16,17.7,1.7,6,0.48,0.0,0,0
24179,AITraining,15,RegionD,RegionF,25,150,16,19.766666666666666,3.7666666666666666,52,8.32,1.0,1,0
3362,RealTimeInference,16,RegionC,RegionA,15,20,16,19.95,3.95,4,0.32,0.0,1,0
36155,BatchInference,15,RegionF,RegionF,5,80,16,17.966666666666665,1.9666666666666663,23,2.3000000000000003,1.0,0,0
37928,RealTimeInference,16,RegionA,RegionA,5,20,16,20.416666666666668,4.416666666666667,6,0.48,0.0,0,0
40014,BatchInference,16,RegionB,RegionB,5,80,23,25.266666666666666,2.2666666666666666,16,1.6,7.0,0,0
41749,AITraining,14,RegionF,RegionE,18,150,16,18.416666666666668,2.4166666666666665,92,14.72,2.0,1,0
44082,BatchInference,15,RegionC,RegionC,5,80,20,23.016666666666666,3.0166666666666666,8,0.8,5.0,0,0
45612,RealTimeInference,16,RegionC,RegionC,5,20,16,19.183333333333334,3.183333333333333,1,0.08,0.0,0,0
45744,RealTimeInference,16,RegionC,RegionA,15,20,16,22.5,6.5,2,0.16,0.0,1,0
46736,BatchInference,16,RegionA,RegionA,5,80,17,22.583333333333332,5.583333333333333,5,0.5,1.0,0,0
47097,AITraining,16,RegionB,RegionB,5,150,23,26.96666666666667,3.966666666666667,49,7.84,7.0,0,0
9378,RealTimeInference,16,RegionC,RegionB,14,20,16,17.483333333333334,1.4833333333333334,7,0.56,0.0,1,0
11283,BatchInference,17,RegionB,RegionB,5,80,21,26.016666666666666,5.016666666666667,22,2.2,4.0,0,0
12529,AITraining,14,RegionD,RegionE,22,150,17,20.133333333333333,3.1333333333333333,24,3.84,3.0,1,0
13807,RealTimeInference,17,RegionA,RegionA,5,20,17,23.4,6.4,2,0.16,0.0,0,0
14042,AITraining,17,RegionF,RegionD,25,150,17,19.7,2.7,54,8.64,0.0,1,0
14921,AITraining,17,RegionF,RegionE,18,150,17,21.166666666666668,4.166666666666667,119,19.04,0.0,1,0
15352,RealTimeInference,17,RegionB,RegionB,5,20,17,18.116666666666667,1.1166666666666667,7,0.56,0.0,0,0
15705,RealTimeInference,17,RegionB,RegionA,12,20,17,21.616666666666667,4.616666666666666,2,0.16,0.0,1,0
17152,BatchInference,14,RegionF,RegionE,18,80,17,18.7,1.7,16,1.6,3.0,1,0
17364,AITraining,14,RegionD,RegionC,58,150,17,18.95,1.95,89,14.24,3.0,1,0
17762,RealTimeInference,17,RegionE,RegionE,5,20,17,19.266666666666666,2.2666666666666666,7,0.56,0.0,0,0
17866,BatchInference,15,RegionE,RegionD,22,80,17,19.28333333333333,2.283333333333333,22,2.2,2.0,1,0
18202,BatchInference,17,RegionA,RegionA,5,80,20,21.45,1.45,19,1.9,3.0,0,0
18213,AITraining,14,RegionE,RegionE,5,150,17,18.0,1.0,123,19.68,3.0,0,0
18424,RealTimeInference,17,RegionC,RegionA,15,20,17,21.25,4.25,3,0.24,0.0,1,0
20129,BatchInference,5,RegionE,RegionE,5,80,17,17.96666666666667,0.9666666666666668,12,1.2000000000000002,12.0,0,0
22330,AITraining,17,RegionD,RegionD,5,150,17,19.46666666666667,2.466666666666667,87,13.92,0.0,0,0
23631,AITraining,17,RegionE,RegionE,5,150,17,18.65,1.65,103,16.48,0.0,0,0
25713,RealTimeInference,17,RegionA,RegionA,5,20,17,17.55,0.55,7,0.56,0.0,0,0
25876,AITraining,17,RegionF,RegionD,25,150,17,18.883333333333333,1.8833333333333333,48,7.68,0.0,1,0
26458,AITraining,17,RegionE,RegionE,5,150,17,18.733333333333334,1.7333333333333334,74,11.84,0.0,0,0
27563,AITraining,1,RegionC,RegionC,5,150,1,7.116666666666666,6.116666666666666,22,3.52,0.0,0,0
29753,BatchInference,17,RegionF,RegionE,18,80,17,19.9,2.9,8,0.8,0.0,1,0
32629,BatchInference,17,RegionC,RegionC,5,80,22,27.083333333333332,5.083333333333333,20,2.0,5.0,0,0
35334,BatchInference,14,RegionE,RegionE,5,80,17,17.633333333333333,0.6333333333333333,16,1.6,3.0,0,0
35896,BatchInference,13,RegionC,RegionC,5,80,13,15.316666666666666,2.316666666666667,19,1.9,0.0,0,0
40001,BatchInference,16,RegionB,RegionB,5,80,23,26.166666666666668,3.1666666666666665,17,1.7000000000000002,7.0,0,0
4020,AITraining,17,RegionF,RegionF,5,150,17,22.916666666666668,5.916666666666667,90,14.4,0.0,0,0
40629,AITraining,16,RegionA,RegionC,15,150,17,18.833333333333332,1.8333333333333333,50,8.0,1.0,1,0
45050,AITraining,15,RegionF,RegionE,18,150,17,19.85,2.85,89,14.24,2.0,1,0
45357,RealTimeInference,17,RegionC,RegionA,15,20,17,19.05,2.05,6,0.48,0.0,1,0
45713,AITraining,17,RegionB,RegionC,14,150,17,19.366666666666667,2.3666666666666667,33,5.28,0.0,1,0
47915,AITraining,17,RegionF,RegionF,5,150,17,21.683333333333334,4.683333333333334,54,8.64,0.0,0,0
48568,AITraining,11,RegionD,RegionE,22,150,17,17.366666666666667,0.3666666666666666,120,19.2,6.0,1,0
49665,AITraining,17,RegionE,RegionE,5,150,17,21.633333333333333,4.633333333333334,36,5.76,0.0,0,0
5204,RealTimeInference,17,RegionB,RegionA,12,20,17,21.333333333333332,4.333333333333333,7,0.56,0.0,1,0
9424,AITraining,11,RegionF,RegionE,18,150,17,18.566666666666666,1.5666666666666669,65,10.4,6.0,1,0
13021,RealTimeInference,18,RegionA,RegionA,5,20,18,20.016666666666666,2.0166666666666666,5,0.4,0.0,0,0
13772,RealTimeInference,18,RegionC,RegionC,5,20,18,18.5,0.5,1,0.08,0.0,0,0
15478,RealTimeInference,18,RegionC,RegionA,15,20,18,20.21666666666667,2.216666666666667,5,0.4,0.0,1,0
25683,RealTimeInference,18,RegionB,RegionA,12,20,18,22.833333333333332,4.833333333333333,5,0.4,0.0,1,0
28403,BatchInference,18,RegionA,RegionA,5,80,18,20.15,2.15,4,0.4,0.0,0,0
28789,BatchInference,18,RegionA,RegionA,5,80,18,20.916666666666668,2.9166666666666665,13,1.3,0.0,0,0
30202,BatchInference,18,RegionC,RegionC,5,80,18,19.8,1.8,18,1.8,0.0,0,0
34562,AITraining,18,RegionC,RegionC,5,150,20,23.71666666666667,3.716666666666667,40,6.4,2.0,0,0
35095,RealTimeInference,18,RegionB,RegionA,12,20,18,22.583333333333332,4.583333333333333,6,0.48,0.0,1,0
37041,AITraining,18,RegionA,RegionA,5,150,18,24.583333333333332,6.583333333333333,41,6.5600000000000005,0.0,0,0
38259,BatchInference,18,RegionD,RegionD,5,80,18,18.416666666666668,0.4166666666666667,18,1.8,0.0,0,0
39129,AITraining,18,RegionD,RegionD,5,150,18,19.333333333333332,1.3333333333333333,40,6.4,0.0,0,0
40202,AITraining,18,RegionF,RegionF,5,150,18,20.55,2.55,86,13.76,0.0,0,0
41246,RealTimeInference,18,RegionA,RegionA,5,20,18,21.366666666666667,3.3666666666666667,7,0.56,0.0,0,0
42385,RealTimeInference,18,RegionC,RegionC,5,20,18,22.4,4.4,1,0.08,0.0,0,0
43586,AITraining,18,RegionF,RegionF,5,150,18,24.333333333333332,6.333333333333333,24,3.84,0.0,0,0
48170,BatchInference,17,RegionD,RegionD,5,80,18,18.95,0.95,6,0.6000000000000001,1.0,0,0
9256,BatchInference,17,RegionB,RegionD,60,80,18,18.75,0.75,11,1.1,1.0,1,0
12495,BatchInference,19,RegionF,RegionF,5,80,19,19.483333333333334,0.4833333333333333,7,0.7000000000000001,0.0,0,0
12742,AITraining,19,RegionE,RegionF,18,150,19,21.95,2.95,29,4.64,0.0,1,0
15119,AITraining,19,RegionA,RegionA,5,150,19,23.933333333333334,4.933333333333334,58,9.28,0.0,0,0
1573,BatchInference,18,RegionF,RegionF,5,80,19,20.333333333333332,1.3333333333333333,20,2.0,1.0,0,0
21662,RealTimeInference,19,RegionB,RegionA,12,20,19,23.166666666666668,4.166666666666667,2,0.16,0.0,1,0
23535,RealTimeInference,19,RegionA,RegionA,5,20,19,19.516666666666666,0.5166666666666667,1,0.08,0.0,0,0
2521,RealTimeInference,19,RegionB,RegionB,5,20,19,20.633333333333333,1.6333333333333333,5,0.4,0.0,0,0
2703,AITraining,19,RegionD,RegionD,5,150,19,25.266666666666666,6.266666666666667,110,17.6,0.0,0,0
29760,AITraining,19,RegionA,RegionA,5,150,19,24.316666666666666,5.316666666666666,92,14.72,0.0,0,0
29796,BatchInference,18,RegionC,RegionC,5,80,18,19.466666666666665,1.4666666666666666,17,1.7000000000000002,0.0,0,0
32867,RealTimeInference,19,RegionC,RegionB,14,20,19,22.583333333333332,3.583333333333333,1,0.08,0.0,1,0
33853,RealTimeInference,19,RegionA,RegionA,5,20,19,22.016666666666666,3.0166666666666666,1,0.08,0.0,0,0
34504,RealTimeInference,19,RegionA,RegionA,5,20,19,20.816666666666666,1.8166666666666669,1,0.08,0.0,0,0
44243,BatchInference,19,RegionF,RegionF,5,80,19,23.516666666666666,4.516666666666667,11,1.1,0.0,0,0
48373,BatchInference,19,RegionD,RegionF,25,80,19,21.65,2.65,15,1.5,0.0,1,0
49812,AITraining,19,RegionF,RegionF,5,150,19,23.066666666666666,4.066666666666666,34,5.44,0.0,0,0
8048,RealTimeInference,19,RegionA,RegionA,5,20,19,24.21666666666667,5.216666666666667,4,0.32,0.0,0,0
25241,RealTimeInference,20,RegionA,RegionA,5,20,20,22.016666666666666,2.0166666666666666,2,0.16,0.0,0,0
26204,RealTimeInference,20,RegionD,RegionD,5,20,20,22.333333333333332,2.333333333333333,1,0.08,0.0,0,0
33214,RealTimeInference,20,RegionB,RegionB,5,20,20,20.183333333333334,0.1833333333333333,2,0.16,0.0,0,0
43181,AITraining,19,RegionB,RegionB,5,150,23,29.016666666666666,6.016666666666667,43,6.88,4.0,0,0
45272,RealTimeInference,20,RegionC,RegionC,5,20,20,25.4,5.4,5,0.4,0.0,0,0
5096,AITraining,19,RegionA,RegionA,5,150,19,25.183333333333334,6.183333333333334,105,16.8,0.0,0,0
13853,RealTimeInference,21,RegionA,RegionB,12,20,21,23.083333333333332,2.083333333333333,6,0.48,0.0,1,0
22079,AITraining,19,RegionB,RegionB,5,150,20,25.066666666666666,5.066666666666666,112,17.92,1.0,0,0
25700,AITraining,21,RegionB,RegionB,5,150,21,21.5,0.5,122,19.52,0.0,0,0
2671,AITraining,21,RegionD,RegionD,5,150,21,26.15,5.15,95,15.2,0.0,0,0
27584,RealTimeInference,21,RegionA,RegionA,5,20,21,21.666666666666668,0.6666666666666666,2,0.16,0.0,0,0
3765,AITraining,20,RegionB,RegionB,5,150,23,26.85,3.85,52,8.32,3.0,0,0
40372,AITraining,21,RegionF,RegionF,5,150,21,25.633333333333333,4.633333333333334,78,12.48,0.0,0,0
43009,RealTimeInference,21,RegionC,RegionB,14,20,21,23.21666666666667,2.216666666666667,1,0.08,0.0,1,0
46454,RealTimeInference,21,RegionA,RegionA,5,20,21,25.866666666666667,4.866666666666666,1,0.08,0.0,0,0
46964,AITraining,21,RegionF,RegionF,5,150,21,23.9,2.9,97,15.52,0.0,0,0
6224,AITraining,20,RegionF,RegionF,5,150,20,25.21666666666667,5.216666666666667,101,16.16,0.0,0,0
6540,RealTimeInference,21,RegionA,RegionC,15,20,21,27.5,6.5,6,0.48,0.0,1,0
12073,RealTimeInference,22,RegionC,RegionA,15,20,22,28.333333333333332,6.333333333333333,4,0.32,0.0,1,0
20103,RealTimeInference,22,RegionC,RegionC,5,20,22,24.0,2.0,3,0.24,0.0,0,0
25578,RealTimeInference,22,RegionB,RegionA,12,20,22,26.883333333333333,4.883333333333334,5,0.4,0.0,1,0
25602,RealTimeInference,22,RegionA,RegionB,12,20,22,24.45,2.45,7,0.56,0.0,1,0
2639,RealTimeInference,22,RegionB,RegionB,5,20,22,24.46666666666667,2.466666666666667,4,0.32,0.0,0,0
27644,AITraining,18,RegionD,RegionD,5,150,21,25.933333333333334,4.933333333333334,118,18.88,3.0,0,0
35934,RealTimeInference,22,RegionA,RegionA,5,20,22,22.533333333333335,0.5333333333333333,7,0.56,0.0,0,0
37313,RealTimeInference,22,RegionB,RegionB,5,20,22,25.933333333333334,3.933333333333333,3,0.24,0.0,0,0
37355,AITraining,20,RegionF,RegionF,5,150,22,23.5,1.5,51,8.16,2.0,0,0
37909,RealTimeInference,22,RegionB,RegionA,12,20,22,27.6,5.6,1,0.08,0.0,1,0
49303,RealTimeInference,22,RegionB,RegionC,14,20,22,22.166666666666668,0.1666666666666666,6,0.48,0.0,1,0
49353,RealTimeInference,22,RegionF,RegionE,18,20,22,28.05,6.05,5,0.4,0.0,1,0
7029,RealTimeInference,22,RegionC,RegionA,15,20,22,23.45,1.45,3,0.24,0.0,1,0
7092,RealTimeInference,22,RegionA,RegionA,5,20,22,23.533333333333335,1.5333333333333334,6,0.48,0.0,0,0
912,BatchInference,21,RegionA,RegionA,5,80,22,26.03333333333333,4.033333333333333,11,1.1,1.0,0,0
22173,RealTimeInference,23,RegionB,RegionC,14,20,23,26.733333333333334,3.733333333333333,2,0.16,0.0,1,0
25492,RealTimeInference,23,RegionB,RegionB,5,20,23,25.816666666666666,2.816666666666667,5,0.4,0.0,0,0
28402,RealTimeInference,23,RegionA,RegionA,5,20,23,23.916666666666668,0.9166666666666666,5,0.4,0.0,0,0
31947,RealTimeInference,23,RegionB,RegionB,5,20,23,25.75,2.75,4,0.32,0.0,0,0
3253,AITraining,23,RegionA,RegionA,5,150,23,25.866666666666667,2.8666666666666667,54,8.64,0.0,0,0
32974,RealTimeInference,23,RegionA,RegionA,5,20,23,29.2,6.2,4,0.32,0.0,0,0
33879,RealTimeInference,23,RegionF,RegionE,18,20,23,26.566666666666666,3.566666666666667,6,0.48,0.0,1,0
34086,RealTimeInference,23,RegionB,RegionB,5,20,23,23.233333333333334,0.2333333333333333,7,0.56,0.0,0,0
34759,RealTimeInference,23,RegionA,RegionB,12,20,23,23.25,0.25,3,0.24,0.0,1,0
36458,AITraining,22,RegionC,RegionC,5,150,23,23.483333333333334,0.4833333333333333,45,7.2,1.0,0,0
42168,AITraining,21,RegionE,RegionE,5,150,21,23.016666666666666,2.0166666666666666,104,16.64,0.0,0,0
4368,AITraining,23,RegionA,RegionD,65,150,23,26.95,3.95,34,5.44,0.0,1,0
4434,RealTimeInference,23,RegionA,RegionA,5,20,23,26.133333333333333,3.1333333333333333,5,0.4,0.0,0,0
8755,RealTimeInference,23,RegionC,RegionB,14,20,23,29.383333333333333,6.383333333333334,7,0.56,0.0,1,0
14085,RealTimeInference,24,RegionB,RegionB,5,20,24,30.0,6.0,3,0.24,0.0,0,24
15952,RealTimeInference,24,RegionA,RegionA,5,20,24,29.0,5.0,3,0.24,0.0,0,24
49177,RealTimeInference,24,RegionA,RegionA,5,20,24,29.46666666666667,5.466666666666667,3,0.24,0.0,0,24
10202,RealTimeInference,25,RegionB,RegionB,5,20,25,26.0,1.0,5,0.4,0.0,0,24
10786,RealTimeInference,25,RegionB,RegionA,12,20,25,28.933333333333334,3.933333333333333,7,0.56,0.0,1,24
11611,RealTimeInference,25,RegionA,RegionC,15,20,25,30.183333333333334,5.183333333333334,1,0.08,0.0,1,24
18806,RealTimeInference,25,RegionA,RegionC,15,20,25,29.333333333333332,4.333333333333333,1,0.08,0.0,1,24
26732,BatchInference,22,RegionC,RegionC,5,80,33,37.7,4.7,4,0.4,11.0,0,24
30801,RealTimeInference,25,RegionC,RegionB,14,20,25,27.566666666666666,2.566666666666667,2,0.16,0.0,1,24
40125,RealTimeInference,25,RegionA,RegionB,12,20,25,30.78333333333333,5.783333333333333,2,0.16,0.0,1,24
10227,RealTimeInference,26,RegionA,RegionA,5,20,26,31.53333333333333,5.533333333333333,7,0.56,0.0,0,24
18149,RealTimeInference,26,RegionE,RegionF,18,20,26,30.75,4.75,6,0.48,0.0,1,24
19703,BatchInference,24,RegionE,RegionE,5,80,24,28.766666666666666,4.766666666666667,10,1.0,0.0,0,24
42341,RealTimeInference,26,RegionA,RegionB,12,20,26,31.96666666666667,5.966666666666667,7,0.56,0.0,1,24
48267,RealTimeInference,26,RegionB,RegionA,12,20,26,28.866666666666667,2.8666666666666667,4,0.32,0.0,1,24
49874,RealTimeInference,26,RegionB,RegionB,5,20,26,26.633333333333333,0.6333333333333333,1,0.08,0.0,0,24
9917,RealTimeInference,26,RegionF,RegionE,18,20,26,26.533333333333335,0.5333333333333333,2,0.16,0.0,1,24
10175,BatchInference,27,RegionB,RegionD,60,80,27,31.933333333333334,4.933333333333334,23,2.3000000000000003,0.0,1,24
1230,RealTimeInference,27,RegionB,RegionB,5,20,27,29.616666666666667,2.6166666666666667,1,0.08,0.0,0,24
1397,RealTimeInference,27,RegionA,RegionB,12,20,27,29.4,2.4,5,0.4,0.0,1,24
21492,BatchInference,26,RegionD,RegionD,5,80,47,51.483333333333334,4.483333333333333,18,1.8,21.0,0,24
23414,RealTimeInference,27,RegionB,RegionC,14,20,27,33.46666666666667,6.466666666666667,5,0.4,0.0,1,24
24815,BatchInference,20,RegionA,RegionA,5,80,24,27.333333333333332,3.333333333333333,17,1.7000000000000002,4.0,0,24
2578,AITraining,27,RegionC,RegionC,5,150,27,27.45,0.45,115,18.4,0.0,0,24
25812,BatchInference,16,RegionA,RegionA,5,80,29,33.53333333333333,4.533333333333333,15,1.5,13.0,0,24
26807,BatchInference,24,RegionE,RegionE,5,80,24,29.066666666666666,5.066666666666666,14,1.4,0.0,0,24
27871,AITraining,18,RegionB,RegionB,5,150,30,33.333333333333336,3.333333333333333,109,17.44,12.0,0,24
30934,AITraining,21,RegionA,RegionD,65,150,24,27.766666666666666,3.7666666666666666,59,9.44,3.0,1,24
3313,BatchInference,25,RegionA,RegionA,5,80,28,33.15,5.15,7,0.7000000000000001,3.0,0,24
33364,RealTimeInference,27,RegionB,RegionB,5,20,27,29.083333333333332,2.083333333333333,1,0.08,0.0,0,24
35467,BatchInference,23,RegionA,RegionA,5,80,29,33.55,4.55,22,2.2,6.0,0,24
37669,RealTimeInference,27,RegionC,RegionC,5,20,27,27.883333333333333,0.8833333333333333,5,0.4,0.0,0,24
3919,RealTimeInference,27,RegionB,RegionB,5,20,27,31.733333333333334,4.733333333333333,1,0.08,0.0,0,24
39756,RealTimeInference,27,RegionD,RegionD,5,20,27,27.616666666666667,0.6166666666666667,2,0.16,0.0,0,24
44000,RealTimeInference,27,RegionD,RegionD,5,20,27,27.85,0.85,7,0.56,0.0,0,24
44397,BatchInference,21,RegionC,RegionC,5,80,33,37.6,4.6,12,1.2000000000000002,12.0,0,24
45166,RealTimeInference,27,RegionC,RegionB,14,20,27,29.833333333333332,2.833333333333333,4,0.32,0.0,1,24
4880,RealTimeInference,27,RegionA,RegionB,12,20,27,30.166666666666668,3.1666666666666665,7,0.56,0.0,1,24
49112,BatchInference,18,RegionB,RegionB,5,80,30,33.35,3.35,12,1.2000000000000002,12.0,0,24
49651,RealTimeInference,27,RegionB,RegionC,14,20,27,30.4,3.4,6,0.48,0.0,1,24
6834,RealTimeInference,27,RegionE,RegionF,18,20,27,33.06666666666666,6.066666666666666,7,0.56,0.0,1,24
13967,BatchInference,24,RegionB,RegionB,5,80,28,29.916666666666668,1.9166666666666667,5,0.5,4.0,0,24
14266,RealTimeInference,28,RegionF,RegionF,5,20,28,32.3,4.3,7,0.56,0.0,0,24
15164,BatchInference,20,RegionE,RegionE,5,80,24,26.7,2.7,19,1.9,4.0,0,24
17814,BatchInference,26,RegionE,RegionE,5,80,26,28.016666666666666,2.0166666666666666,7,0.7000000000000001,0.0,0,24
21588,BatchInference,20,RegionB,RegionB,5,80,28,30.53333333333333,2.533333333333333,8,0.8,8.0,0,24
21672,RealTimeInference,28,RegionA,RegionC,15,20,28,31.633333333333333,3.633333333333333,2,0.16,0.0,1,24
21707,BatchInference,25,RegionB,RegionB,5,80,28,30.35,2.35,8,0.8,3.0,0,24
22261,RealTimeInference,28,RegionC,RegionC,5,20,28,33.666666666666664,5.666666666666667,1,0.08,0.0,0,24
24581,BatchInference,18,RegionC,RegionC,5,80,34,37.93333333333333,3.933333333333333,13,1.3,16.0,0,24
27007,AITraining,28,RegionD,RegionF,25,150,28,30.766666666666666,2.7666666666666666,32,5.12,0.0,1,24
2743,AITraining,27,RegionD,RegionF,25,150,28,31.45,3.45,36,5.76,1.0,1,24
29883,BatchInference,16,RegionE,RegionE,5,80,24,27.8,3.8,23,2.3000000000000003,8.0,0,24
35364,BatchInference,23,RegionB,RegionB,5,80,30,34.2,4.2,19,1.9,7.0,0,24
37176,AITraining,28,RegionE,RegionF,18,150,28,32.95,4.95,65,10.4,0.0,1,24
38617,RealTimeInference,28,RegionA,RegionB,12,20,28,30.65,2.65,5,0.4,0.0,1,24
41584,RealTimeInference,28,RegionB,RegionB,5,20,28,29.416666666666668,1.4166666666666667,4,0.32,0.0,0,24
44138,BatchInference,28,RegionF,RegionF,5,80,31,33.05,2.05,7,0.7000000000000001,3.0,0,24
44145,RealTimeInference,28,RegionA,RegionA,5,20,28,33.06666666666666,5.066666666666666,7,0.56,0.0,0,24
47813,BatchInference,13,RegionB,RegionB,5,80,34,37.61666666666667,3.6166666666666663,16,1.6,21.0,0,24
47836,RealTimeInference,28,RegionC,RegionA,15,20,28,34.2,6.2,6,0.48,0.0,1,24
49231,AITraining,5,RegionD,RegionF,25,150,28,33.0,5.0,30,4.8,23.0,1,24
7282,RealTimeInference,28,RegionA,RegionA,5,20,28,28.85,0.85,5,0.4,0.0,0,24
8124,BatchInference,19,RegionD,RegionD,5,80,40,42.85,2.85,6,0.6000000000000001,21.0,0,24
10496,AITraining,22,RegionD,RegionF,25,150,29,35.233333333333334,6.233333333333333,94,15.04,7.0,1,24
12576,RealTimeInference,29,RegionA,RegionC,15,20,29,31.166666666666668,2.1666666666666665,6,0.48,0.0,1,24
13274,RealTimeInference,29,RegionC,RegionA,15,20,29,35.03333333333333,6.033333333333333,6,0.48,0.0,1,24
13879,BatchInference,11,RegionF,RegionF,5,80,29,29.433333333333334,0.4333333333333333,20,2.0,18.0,0,24
17844,BatchInference,5,RegionC,RegionD,58,80,24,27.78333333333333,3.783333333333333,16,1.6,19.0,1,24
17966,BatchInference,24,RegionA,RegionB,12,80,29,29.55,0.55,21,2.1,5.0,1,24
1952,AITraining,7,RegionE,RegionF,18,150,29,29.183333333333334,0.1833333333333333,74,11.84,22.0,1,24
19933,BatchInference,26,RegionF,RegionF,5,80,29,35.05,6.05,15,1.5,3.0,0,24
21077,BatchInference,25,RegionB,RegionB,5,80,29,30.283333333333335,1.2833333333333334,7,0.7000000000000001,4.0,0,24
21737,AITraining,27,RegionF,RegionF,5,150,29,33.18333333333334,4.183333333333334,116,18.56,2.0,0,24
24542,BatchInference,27,RegionD,RegionD,5,80,31,34.43333333333333,3.433333333333333,5,0.5,4.0,0,24
24732,RealTimeInference,29,RegionB,RegionC,14,20,29,33.916666666666664,4.916666666666667,5,0.4,0.0,1,24
24913,BatchInference,16,RegionA,RegionB,12,80,29,30.15,1.15,19,1.9,13.0,1,24
27799,BatchInference,28,RegionA,RegionB,12,80,29,30.316666666666666,1.3166666666666669,12,1.2000000000000002,1.0,1,24
28080,BatchInference,24,RegionF,RegionF,5,80,29,30.583333333333332,1.5833333333333333,9,0.9,5.0,0,24
3029,BatchInference,26,RegionF,RegionF,5,80,29,29.816666666666666,0.8166666666666667,22,2.2,3.0,0,24
30358,BatchInference,11,RegionB,RegionB,5,80,29,30.083333333333332,1.0833333333333333,23,2.3000000000000003,18.0,0,24
31183,RealTimeInference,29,RegionF,RegionF,5,20,29,32.03333333333333,3.033333333333333,4,0.32,0.0,0,24
31877,BatchInference,19,RegionE,RegionF,18,80,29,34.2,5.2,16,1.6,10.0,1,24
32236,AITraining,20,RegionE,RegionF,18,150,29,34.43333333333334,5.433333333333334,85,13.6,9.0,1,24
32517,AITraining,24,RegionD,RegionF,25,150,29,34.55,5.55,101,16.16,5.0,1,24
33517,RealTimeInference,29,RegionC,RegionA,15,20,29,34.583333333333336,5.583333333333333,2,0.16,0.0,1,24
35147,RealTimeInference,29,RegionA,RegionA,5,20,29,29.833333333333332,0.8333333333333334,1,0.08,0.0,0,24
35341,AITraining,25,RegionF,RegionF,5,150,29,32.7,3.7,46,7.36,4.0,0,24
3689,RealTimeInference,29,RegionB,RegionB,5,20,29,29.766666666666666,0.7666666666666667,4,0.32,0.0,0,24
37899,BatchInference,10,RegionE,RegionF,18,80,29,29.2,0.2,19,1.9,19.0,1,24
38225,BatchInference,9,RegionC,RegionB,14,80,29,30.016666666666666,1.0166666666666666,23,2.3000000000000003,20.0,1,24
41624,BatchInference,26,RegionD,RegionF,25,80,29,29.65,0.65,7,0.7000000000000001,3.0,1,24
41814,RealTimeInference,29,RegionC,RegionB,14,20,29,33.7,4.7,4,0.32,0.0,1,24
41857,BatchInference,21,RegionB,RegionB,5,80,24,24.266666666666666,0.2666666666666666,10,1.0,3.0,0,24
43753,AITraining,28,RegionD,RegionF,25,150,29,34.93333333333334,5.933333333333334,51,8.16,1.0,1,24
44031,RealTimeInference,29,RegionB,RegionB,5,20,29,33.483333333333334,4.483333333333333,1,0.08,0.0,0,24
44474,BatchInference,19,RegionA,RegionB,12,80,29,30.2,1.2,21,2.1,10.0,1,24
4588,AITraining,21,RegionE,RegionE,5,150,24,29.05,5.05,119,19.04,3.0,0,24
46200,BatchInference,3,RegionB,RegionB,5,80,29,30.016666666666666,1.0166666666666666,8,0.8,26.0,0,24
5542,AITraining,29,RegionA,RegionA,5,150,29,34.916666666666664,5.916666666666667,105,16.8,0.0,0,24
7217,BatchInference,3,RegionB,RegionB,5,80,29,29.96666666666667,0.9666666666666668,20,2.0,26.0,0,24
8374,AITraining,25,RegionE,RegionF,18,150,29,30.3,1.3,83,13.28,4.0,1,24
12272,BatchInference,25,RegionF,RegionD,25,80,30,30.883333333333333,0.8833333333333333,6,0.6000000000000001,5.0,1,24
13203,AITraining,21,RegionF,RegionD,25,150,30,31.4,1.4,116,18.56,9.0,1,24
14281,BatchInference,20,RegionB,RegionD,60,80,30,30.366666666666667,0.3666666666666666,15,1.5,10.0,1,24
14687,AITraining,9,RegionD,RegionD,5,150,30,30.45,0.45,107,17.12,21.0,0,24
16833,AITraining,20,RegionD,RegionD,5,150,30,31.75,1.75,87,13.92,10.0,0,24
19076,BatchInference,21,RegionB,RegionD,60,80,30,30.883333333333333,0.8833333333333333,7,0.7000000000000001,9.0,1,24
20240,BatchInference,20,RegionD,RegionD,5,80,30,30.96666666666667,0.9666666666666668,6,0.6000000000000001,10.0,0,24
20576,BatchInference,25,RegionF,RegionD,25,80,30,30.716666666666665,0.7166666666666667,9,0.9,5.0,1,24
21574,BatchInference,12,RegionA,RegionA,5,80,24,24.4,0.4,16,1.6,12.0,0,24
21971,RealTimeInference,30,RegionB,RegionA,12,20,30,30.716666666666665,0.7166666666666667,5,0.4,0.0,1,24
2413,BatchInference,23,RegionF,RegionF,5,80,25,31.6,6.6,11,1.1,2.0,0,24
2450,AITraining,30,RegionE,RegionD,22,150,30,31.466666666666665,1.4666666666666666,76,12.16,0.0,1,24
26685,AITraining,29,RegionD,RegionD,5,150,30,32.71666666666667,2.716666666666667,70,11.2,1.0,0,24
26748,AITraining,28,RegionF,RegionD,25,150,30,31.666666666666668,1.6666666666666667,86,13.76,2.0,1,24
30211,AITraining,21,RegionF,RegionD,25,150,30,31.116666666666667,1.1166666666666667,115,18.4,9.0,1,24
30223,BatchInference,27,RegionD,RegionD,5,80,30,32.53333333333333,2.533333333333333,4,0.4,3.0,0,24
30724,AITraining,23,RegionF,RegionD,25,150,30,31.066666666666666,1.0666666666666669,99,15.84,7.0,1,24
31796,RealTimeInference,30,RegionB,RegionA,12,20,30,34.016666666666666,4.016666666666667,1,0.08,0.0,1,24
32313,RealTimeInference,30,RegionA,RegionC,15,20,30,35.61666666666667,5.616666666666666,6,0.48,0.0,1,24
32723,BatchInference,30,RegionD,RegionD,5,80,30,33.53333333333333,3.533333333333333,8,0.8,0.0,0,24
33137,AITraining,27,RegionF,RegionD,25,150,30,31.166666666666668,1.1666666666666667,89,14.24,3.0,1,24
35084,RealTimeInference,30,RegionC,RegionC,5,20,30,33.5,3.5,2,0.16,0.0,0,24
36012,RealTimeInference,30,RegionA,RegionA,5,20,30,33.1,3.1,3,0.24,0.0,0,24
39221,RealTimeInference,30,RegionB,RegionA,12,20,30,34.13333333333333,4.133333333333334,3,0.24,0.0,1,24
39595,AITraining,24,RegionD,RegionD,5,150,30,31.333333333333332,1.3333333333333333,26,4.16,6.0,0,24
39793,AITraining,27,RegionE,RegionD,22,150,30,31.05,1.05,117,18.72,3.0,1,24
44791,RealTimeInference,30,RegionB,RegionA,12,20,30,32.78333333333333,2.783333333333333,6,0.48,0.0,1,24
46041,AITraining,25,RegionB,RegionD,60,150,30,31.216666666666665,1.2166666666666666,127,20.32,5.0,1,24
46443,BatchInference,24,RegionB,RegionB,5,80,27,33.28333333333333,6.283333333333333,8,0.8,3.0,0,24
46482,AITraining,23,RegionD,RegionD,5,150,30,30.65,0.65,98,15.68,7.0,0,24
47134,BatchInference,29,RegionD,RegionD,5,80,30,31.4,1.4,9,0.9,1.0,0,24
47855,BatchInference,29,RegionD,RegionD,5,80,30,33.833333333333336,3.8333333333333335,20,2.0,1.0,0,24
8678,AITraining,16,RegionB,RegionD,60,150,30,30.216666666666665,0.2166666666666666,69,11.04,14.0,1,24
10437,AITraining,31,RegionD,RegionE,22,150,31,37.016666666666666,6.016666666666667,17,2.72,0.0,1,24
12473,AITraining,29,RegionE,RegionE,5,150,31,34.71666666666667,3.716666666666667,85,13.6,2.0,0,24
13130,BatchInference,24,RegionE,RegionE,5,80,31,37.55,6.55,13,1.3,7.0,0,24
13597,BatchInference,24,RegionF,RegionE,18,80,31,37.483333333333334,6.483333333333333,19,1.9,7.0,1,24
15004,RealTimeInference,31,RegionB,RegionA,12,20,31,32.45,1.45,5,0.4,0.0,1,24
15326,AITraining,25,RegionE,RegionE,5,150,25,25.883333333333333,0.8833333333333333,38,6.08,0.0,0,24
15480,RealTimeInference,31,RegionA,RegionB,12,20,31,37.63333333333333,6.633333333333334,7,0.56,0.0,1,24
17016,AITraining,29,RegionD,RegionE,22,150,31,34.86666666666667,3.8666666666666663,103,16.48,2.0,1,24
18290,RealTimeInference,31,RegionB,RegionA,12,20,31,33.3,2.3,4,0.32,0.0,1,24
20614,RealTimeInference,31,RegionC,RegionA,15,20,31,36.516666666666666,5.516666666666667,4,0.32,0.0,1,24
22712,AITraining,24,RegionE,RegionE,5,150,31,35.233333333333334,4.233333333333333,63,10.08,7.0,0,24
25816,BatchInference,23,RegionE,RegionE,5,80,31,37.416666666666664,6.416666666666667,17,1.7000000000000002,8.0,0,24
28909,AITraining,26,RegionD,RegionE,22,150,31,34.583333333333336,3.583333333333333,45,7.2,5.0,1,24
3259,AITraining,26,RegionF,RegionE,18,150,31,37.38333333333333,6.383333333333334,125,20.0,5.0,1,24
35378,RealTimeInference,31,RegionB,RegionC,14,20,31,31.416666666666668,0.4166666666666667,2,0.16,0.0,1,24
38856,AITraining,25,RegionE,RegionE,5,150,31,36.666666666666664,5.666666666666667,49,7.84,6.0,0,24
42513,RealTimeInference,31,RegionA,RegionC,15,20,31,35.016666666666666,4.016666666666667,5,0.4,0.0,1,24
42723,AITraining,27,RegionD,RegionD,5,150,33,38.13333333333333,5.133333333333334,50,8.0,6.0,0,24
44925,AITraining,28,RegionF,RegionE,18,150,31,34.71666666666667,3.716666666666667,80,12.8,3.0,1,24
45443,AITraining,27,RegionF,RegionE,18,150,31,35.03333333333333,4.033333333333333,25,4.0,4.0,1,24
47095,AITraining,26,RegionF,RegionE,18,150,31,35.3,4.3,85,13.6,5.0,1,24
48306,AITraining,29,RegionD,RegionE,22,150,31,36.81666666666666,5.816666666666666,60,9.6,2.0,1,24
48703,AITraining,24,RegionF,RegionF,5,150,44,49.21666666666667,5.216666666666667,100,16.0,20.0,0,24
6447,AITraining,26,RegionF,RegionE,18,150,31,34.31666666666667,3.316666666666667,63,10.08,5.0,1,24
774,RealTimeInference,31,RegionA,RegionC,15,20,31,35.56666666666666,4.566666666666666,6,0.48,0.0,1,24
9531,AITraining,26,RegionC,RegionC,5,150,33,37.983333333333334,4.983333333333333,79,12.64,7.0,0,24
9559,BatchInference,31,RegionB,RegionB,5,80,31,37.25,6.25,9,0.9,0.0,0,24
9676,AITraining,20,RegionD,RegionE,22,150,31,34.28333333333333,3.283333333333333,64,10.24,11.0,1,24
16808,RealTimeInference,32,RegionB,RegionA,12,20,32,35.833333333333336,3.8333333333333335,7,0.56,0.0,1,24
20442,RealTimeInference,32,RegionB,RegionA,12,20,32,34.3,2.3,6,0.48,0.0,1,24
25455,RealTimeInference,32,RegionC,RegionB,14,20,32,32.766666666666666,0.7666666666666667,6,0.48,0.0,1,24
34270,AITraining,29,RegionE,RegionF,18,150,32,35.03333333333333,3.033333333333333,108,17.28,3.0,1,24
35582,RealTimeInference,32,RegionB,RegionB,5,20,32,32.25,0.25,7,0.56,0.0,0,24
36411,RealTimeInference,32,RegionF,RegionE,18,20,32,32.916666666666664,0.9166666666666666,5,0.4,0.0,1,24
43633,AITraining,32,RegionF,RegionF,5,150,32,35.083333333333336,3.083333333333333,88,14.08,0.0,0,24
44162,RealTimeInference,32,RegionB,RegionC,14,20,32,35.583333333333336,3.583333333333333,5,0.4,0.0,1,24
12513,RealTimeInference,33,RegionC,RegionC,5,20,33,39.583333333333336,6.583333333333333,7,0.56,0.0,0,24
13173,AITraining,32,RegionD,RegionD,5,150,47,53.46666666666667,6.466666666666667,36,5.76,15.0,0,24
14655,RealTimeInference,33,RegionA,RegionC,15,20,33,37.583333333333336,4.583333333333333,1,0.08,0.0,1,24
15792,RealTimeInference,33,RegionB,RegionC,14,20,33,37.016666666666666,4.016666666666667,6,0.48,0.0,1,24
15802,AITraining,19,RegionC,RegionC,5,150,33,35.166666666666664,2.1666666666666665,23,3.68,14.0,0,24
1698,RealTimeInference,33,RegionF,RegionE,18,20,33,36.81666666666667,3.816666666666667,4,0.32,0.0,1,24
1807,BatchInference,32,RegionD,RegionD,5,80,33,36.86666666666667,3.8666666666666663,20,2.0,1.0,0,24
28960,AITraining,30,RegionB,RegionB,5,150,32,37.6,5.6,102,16.32,2.0,0,24
34129,RealTimeInference,33,RegionA,RegionC,15,20,33,37.5,4.5,1,0.08,0.0,1,24
42847,AITraining,33,RegionC,RegionC,5,150,33,34.45,1.45,76,12.16,0.0,0,24
45689,BatchInference,32,RegionC,RegionC,5,80,32,38.516666666666666,6.516666666666667,7,0.7000000000000001,0.0,0,24
4742,AITraining,8,RegionA,RegionA,5,150,24,28.6,4.6,80,12.8,16.0,0,24
48708,AITraining,33,RegionE,RegionE,5,150,43,48.56666666666666,5.566666666666666,123,19.68,10.0,0,24
11253,AITraining,26,RegionE,RegionE,5,150,34,37.11666666666667,3.1166666666666667,37,5.92,8.0,0,24
12560,RealTimeInference,34,RegionC,RegionC,5,20,34,34.85,0.85,3,0.24,0.0,0,24
12817,RealTimeInference,34,RegionA,RegionA,5,20,34,35.733333333333334,1.7333333333333334,6,0.48,0.0,0,24
14743,BatchInference,20,RegionD,RegionF,25,80,34,38.45,4.45,5,0.5,14.0,1,24
15302,BatchInference,23,RegionF,RegionF,5,80,34,39.3,5.3,16,1.6,11.0,0,24
1710,AITraining,34,RegionF,RegionF,5,150,34,39.43333333333334,5.433333333333334,46,7.36,0.0,0,24
20830,BatchInference,33,RegionD,RegionF,25,80,34,39.583333333333336,5.583333333333333,16,1.6,1.0,1,24
21074,BatchInference,28,RegionE,RegionE,5,80,34,38.516666666666666,4.516666666666667,22,2.2,6.0,0,24
21762,RealTimeInference,34,RegionC,RegionC,5,20,34,35.4,1.4,6,0.48,0.0,0,24
25102,BatchInference,34,RegionF,RegionD,25,80,34,37.11666666666667,3.1166666666666667,14,1.4,0.0,1,24
29044,BatchInference,33,RegionF,RegionF,5,80,34,35.85,1.85,8,0.8,1.0,0,24
30738,RealTimeInference,34,RegionA,RegionA,5,20,34,36.15,2.15,3,0.24,0.0,0,24
30978,AITraining,34,RegionE,RegionE,5,150,34,38.75,4.75,102,16.32,0.0,0,24
31040,RealTimeInference,34,RegionA,RegionA,5,20,34,37.333333333333336,3.333333333333333,1,0.08,0.0,0,24
31616,AITraining,33,RegionF,RegionF,5,150,34,38.81666666666666,4.816666666666666,34,5.44,1.0,0,24
32371,RealTimeInference,34,RegionA,RegionB,12,20,34,35.766666666666666,1.7666666666666666,1,0.08,0.0,1,24
32474,BatchInference,31,RegionE,RegionE,5,80,34,38.56666666666666,4.566666666666666,12,1.2000000000000002,3.0,0,24
3573,RealTimeInference,34,RegionC,RegionB,14,20,34,38.833333333333336,4.833333333333333,2,0.16,0.0,1,24
36764,BatchInference,31,RegionE,RegionF,18,80,34,35.583333333333336,1.5833333333333333,10,1.0,3.0,1,24
37018,BatchInference,25,RegionC,RegionC,5,80,32,38.35,6.35,7,0.7000000000000001,7.0,0,24
42266,AITraining,32,RegionE,RegionE,5,150,34,38.3,4.3,36,5.76,2.0,0,24
44184,AITraining,33,RegionF,RegionF,5,150,34,39.15,5.15,75,12.0,1.0,0,24
44737,BatchInference,34,RegionB,RegionB,5,80,34,39.166666666666664,5.166666666666667,22,2.2,0.0,0,24
45885,RealTimeInference,34,RegionA,RegionA,5,20,34,40.333333333333336,6.333333333333333,4,0.32,0.0,0,24
5167,AITraining,24,RegionF,RegionF,5,150,34,39.1,5.1,89,14.24,10.0,0,24
7338,BatchInference,20,RegionE,RegionE,5,80,34,37.53333333333333,3.533333333333333,21,2.1,14.0,0,24
7670,RealTimeInference,34,RegionB,RegionC,14,20,34,37.88333333333333,3.883333333333333,2,0.16,0.0,1,24
12937,BatchInference,17,RegionB,RegionD,60,80,35,37.016666666666666,2.0166666666666666,9,0.9,18.0,1,24
15172,BatchInference,31,RegionA,RegionA,5,80,31,33.11666666666667,2.1166666666666667,5,0.5,0.0,0,24
20061,BatchInference,29,RegionC,RegionD,58,80,35,37.166666666666664,2.1666666666666665,13,1.3,6.0,1,24
22031,RealTimeInference,35,RegionC,RegionC,5,20,35,35.666666666666664,0.6666666666666666,7,0.56,0.0,0,24
22157,BatchInference,19,RegionF,RegionD,25,80,35,37.31666666666667,2.316666666666667,23,2.3000000000000003,16.0,1,24
26530,BatchInference,32,RegionD,RegionD,5,80,35,37.483333333333334,2.4833333333333334,8,0.8,3.0,0,24
27294,BatchInference,33,RegionA,RegionA,5,80,33,35.083333333333336,2.083333333333333,22,2.2,0.0,0,24
31205,AITraining,32,RegionD,RegionD,5,150,35,37.666666666666664,2.6666666666666665,63,10.08,3.0,0,24
36516,RealTimeInference,35,RegionF,RegionE,18,20,35,36.333333333333336,1.3333333333333333,4,0.32,0.0,1,24
37392,AITraining,28,RegionE,RegionE,5,150,43,47.766666666666666,4.766666666666667,104,16.64,15.0,0,24
42788,AITraining,27,RegionD,RegionD,5,150,35,37.333333333333336,2.333333333333333,83,13.28,8.0,0,24
44543,BatchInference,33,RegionD,RegionD,5,80,35,37.06666666666667,2.066666666666667,5,0.5,2.0,0,24
4756,AITraining,34,RegionD,RegionD,5,150,35,37.85,2.85,57,9.12,1.0,0,24
47574,RealTimeInference,35,RegionC,RegionC,5,20,35,36.0,1.0,5,0.4,0.0,0,24
48985,BatchInference,22,RegionF,RegionD,25,80,35,37.31666666666667,2.316666666666667,11,1.1,13.0,1,24
49429,BatchInference,32,RegionD,RegionD,5,80,35,37.0,2.0,19,1.9,3.0,0,24
7226,BatchInference,20,RegionD,RegionD,5,80,35,37.166666666666664,2.1666666666666665,14,1.4,15.0,0,24
8266,RealTimeInference,35,RegionA,RegionC,15,20,35,40.15,5.15,4,0.32,0.0,1,24
11392,BatchInference,34,RegionE,RegionD,22,80,36,37.016666666666666,1.0166666666666666,15,1.5,2.0,1,24
12155,AITraining,36,RegionD,RegionD,5,150,36,41.583333333333336,5.583333333333333,28,4.48,0.0,0,24
13385,BatchInference,35,RegionD,RegionD,5,80,36,41.75,5.75,21,2.1,1.0,0,24
13699,RealTimeInference,36,RegionB,RegionC,14,20,36,40.3,4.3,3,0.24,0.0,1,24
13868,AITraining,5,RegionD,RegionD,5,150,36,36.68333333333333,0.6833333333333333,52,8.32,31.0,0,24
14079,AITraining,28,RegionD,RegionD,5,150,36,36.61666666666667,0.6166666666666667,72,11.52,8.0,0,24
16318,BatchInference,33,RegionE,RegionE,5,80,36,39.88333333333333,3.883333333333333,22,2.2,3.0,0,24
17351,BatchInference,34,RegionB,RegionB,5,80,34,40.03333333333333,6.033333333333333,15,1.5,0.0,0,24
2116,AITraining,34,RegionE,RegionE,5,150,36,42.583333333333336,6.583333333333333,66,10.56,2.0,0,24
21746,BatchInference,28,RegionB,RegionB,5,80,34,36.28333333333333,2.283333333333333,19,1.9,6.0,0,24
22988,BatchInference,23,RegionD,RegionD,5,80,36,41.85,5.85,8,0.8,13.0,0,24
23077,AITraining,34,RegionD,RegionD,5,150,39,44.46666666666667,5.466666666666667,124,19.84,5.0,0,24
24313,BatchInference,29,RegionD,RegionD,5,80,36,42.43333333333334,6.433333333333334,6,0.6000000000000001,7.0,0,24
2434,AITraining,36,RegionD,RegionE,22,150,36,39.43333333333333,3.433333333333333,119,19.04,0.0,1,24
2471,AITraining,24,RegionF,RegionD,25,150,36,37.083333333333336,1.0833333333333333,125,20.0,12.0,1,24
26937,BatchInference,30,RegionD,RegionD,5,80,36,41.55,5.55,23,2.3000000000000003,6.0,0,24
2761,AITraining,34,RegionA,RegionA,5,150,34,40.61666666666667,6.616666666666666,51,8.16,0.0,0,24
283,AITraining,22,RegionD,RegionD,5,150,24,26.85,2.85,41,6.5600000000000005,2.0,0,24
2864,AITraining,34,RegionE,RegionD,22,150,36,41.983333333333334,5.983333333333333,76,12.16,2.0,1,24
30794,AITraining,35,RegionE,RegionE,5,150,36,39.61666666666667,3.6166666666666663,68,10.88,1.0,0,24
3120,AITraining,34,RegionF,RegionE,18,150,36,39.61666666666667,3.6166666666666663,78,12.48,2.0,1,24
318,BatchInference,24,RegionD,RegionD,5,80,36,41.983333333333334,5.983333333333333,18,1.8,12.0,0,24
31979,AITraining,28,RegionD,RegionD,5,150,36,36.833333333333336,0.8333333333333334,108,17.28,8.0,0,24
32183,AITraining,35,RegionD,RegionD,5,150,36,41.95,5.95,113,18.08,1.0,0,24
32621,BatchInference,29,RegionA,RegionA,5,80,30,32.78333333333333,2.783333333333333,19,1.9,1.0,0,24
33213,BatchInference,34,RegionC,RegionD,58,80,36,37.71666666666667,1.7166666666666666,18,1.8,2.0,1,24
34101,BatchInference,35,RegionE,RegionE,5,80,36,37.766666666666666,1.7666666666666666,11,1.1,1.0,0,24
34498,AITraining,35,RegionD,RegionD,5,150,36,36.68333333333333,0.6833333333333333,88,14.08,1.0,0,24
3614,AITraining,3,RegionB,RegionA,12,150,36,38.766666666666666,2.7666666666666666,59,9.44,33.0,1,24
39706,AITraining,36,RegionD,RegionD,5,150,37,40.016666666666666,3.0166666666666666,80,12.8,1.0,0,24
40655,AITraining,32,RegionF,RegionF,5,150,47,53.016666666666666,6.016666666666667,96,15.36,15.0,0,24
41222,AITraining,34,RegionD,RegionD,5,150,36,36.65,0.65,55,8.8,2.0,0,24
42774,AITraining,36,RegionA,RegionA,5,150,36,40.166666666666664,4.166666666666667,68,10.88,0.0,0,24
43117,RealTimeInference,36,RegionA,RegionC,15,20,36,39.4,3.4,7,0.56,0.0,1,24
43352,RealTimeInference,36,RegionA,RegionC,15,20,36,40.25,4.25,3,0.24,0.0,1,24
43819,AITraining,36,RegionD,RegionD,5,150,36,41.983333333333334,5.983333333333333,112,17.92,0.0,0,24
47038,AITraining,36,RegionB,RegionB,5,150,36,42.483333333333334,6.483333333333333,74,11.84,0.0,0,24
47045,AITraining,34,RegionC,RegionC,5,150,34,37.81666666666667,3.816666666666667,97,15.52,0.0,0,24
48545,BatchInference,26,RegionE,RegionE,5,80,36,42.516666666666666,6.516666666666667,15,1.5,10.0,0,24
49193,AITraining,29,RegionE,RegionD,22,150,36,36.55,0.55,77,12.32,7.0,1,24
4968,BatchInference,34,RegionC,RegionD,58,80,36,36.28333333333333,0.2833333333333333,18,1.8,2.0,1,24
5902,BatchInference,34,RegionF,RegionE,18,80,36,39.68333333333333,3.683333333333333,15,1.5,2.0,1,24
8390,AITraining,28,RegionD,RegionD,5,150,36,36.95,0.95,91,14.56,8.0,0,24
9330,BatchInference,30,RegionC,RegionC,5,80,34,38.36666666666667,4.366666666666666,6,0.6000000000000001,4.0,0,24
1208,RealTimeInference,37,RegionA,RegionC,15,20,37,41.583333333333336,4.583333333333333,3,0.24,0.0,1,24
12759,BatchInference,36,RegionB,RegionB,5,80,36,42.43333333333334,6.433333333333334,14,1.4,0.0,0,24
13423,BatchInference,23,RegionC,RegionC,5,80,34,38.06666666666666,4.066666666666666,9,0.9,11.0,0,24
13940,AITraining,28,RegionD,RegionF,25,150,37,40.86666666666667,3.8666666666666663,124,19.84,9.0,1,24
14121,RealTimeInference,37,RegionC,RegionC,5,20,37,41.4,4.4,6,0.48,0.0,0,24
15542,BatchInference,36,RegionC,RegionE,70,80,37,42.81666666666666,5.816666666666666,12,1.2000000000000002,1.0,1,24
15810,AITraining,19,RegionD,RegionF,25,150,37,41.65,4.65,85,13.6,18.0,1,24
17614,RealTimeInference,37,RegionB,RegionC,14,20,37,39.56666666666667,2.566666666666667,4,0.32,0.0,1,24
18431,BatchInference,27,RegionF,RegionF,5,80,37,41.18333333333334,4.183333333333334,13,1.3,10.0,0,24
21249,BatchInference,34,RegionC,RegionC,5,80,34,39.88333333333333,5.883333333333334,16,1.6,0.0,0,24
23659,BatchInference,34,RegionF,RegionF,5,80,37,41.2,4.2,8,0.8,3.0,0,24
34436,BatchInference,35,RegionF,RegionF,5,80,37,41.68333333333334,4.683333333333334,12,1.2000000000000002,2.0,0,24
35132,BatchInference,37,RegionF,RegionF,5,80,37,41.016666666666666,4.016666666666667,19,1.9,0.0,0,24
35712,BatchInference,28,RegionC,RegionC,5,80,32,38.43333333333334,6.433333333333334,16,1.6,4.0,0,24
38678,BatchInference,31,RegionD,RegionF,25,80,37,42.06666666666666,5.066666666666666,22,2.2,6.0,1,24
40851,AITraining,33,RegionF,RegionF,5,150,37,41.11666666666667,4.116666666666666,30,4.8,4.0,0,24
43760,AITraining,34,RegionD,RegionF,25,150,37,40.75,3.75,71,11.36,3.0,1,24
44584,BatchInference,29,RegionF,RegionF,5,80,37,39.65,2.65,8,0.8,8.0,0,24
45951,RealTimeInference,37,RegionB,RegionC,14,20,37,40.166666666666664,3.1666666666666665,6,0.48,0.0,1,24
47129,AITraining,32,RegionF,RegionF,5,150,37,41.583333333333336,4.583333333333333,104,16.64,5.0,0,24
48209,BatchInference,37,RegionD,RegionF,25,80,37,41.81666666666666,4.816666666666666,17,1.7000000000000002,0.0,1,24
5699,AITraining,36,RegionF,RegionF,5,150,37,41.2,4.2,33,5.28,1.0,0,24
9155,AITraining,34,RegionF,RegionF,5,150,37,40.8,3.8,64,10.24,3.0,0,24
12024,BatchInference,34,RegionA,RegionA,5,80,34,39.166666666666664,5.166666666666667,11,1.1,0.0,0,24
1420,RealTimeInference,38,RegionB,RegionA,12,20,38,43.28333333333333,5.283333333333333,5,0.4,0.0,1,24
15113,BatchInference,37,RegionA,RegionA,5,80,42,45.45,3.45,6,0.6000000000000001,5.0,0,24
17208,RealTimeInference,38,RegionB,RegionA,12,20,38,42.35,4.35,4,0.32,0.0,1,24
173,RealTimeInference,38,RegionB,RegionA,12,20,38,41.55,3.55,6,0.48,0.0,1,24
2228,RealTimeInference,38,RegionC,RegionA,15,20,38,42.3,4.3,6,0.48,0.0,1,24
25530,BatchInference,33,RegionA,RegionA,5,80,33,37.983333333333334,4.983333333333333,16,1.6,0.0,0,24
28641,BatchInference,35,RegionC,RegionC,5,80,35,39.81666666666666,4.816666666666666,19,1.9,0.0,0,24
31024,RealTimeInference,38,RegionC,RegionA,15,20,38,42.1,4.1,7,0.56,0.0,1,24
37204,RealTimeInference,38,RegionC,RegionA,15,20,38,44.083333333333336,6.083333333333333,6,0.48,0.0,1,24
38643,RealTimeInference,38,RegionA,RegionA,5,20,38,38.833333333333336,0.8333333333333334,1,0.08,0.0,0,24
42631,AITraining,37,RegionD,RegionE,22,150,38,43.15,5.15,65,10.4,1.0,1,24
43368,RealTimeInference,38,RegionB,RegionA,12,20,38,42.53333333333333,4.533333333333333,1,0.08,0.0,1,24
46476,RealTimeInference,38,RegionB,RegionA,12,20,38,38.233333333333334,0.2333333333333333,3,0.24,0.0,1,24
49321,BatchInference,33,RegionA,RegionA,5,80,33,37.483333333333334,4.483333333333333,18,1.8,0.0,0,24
5611,BatchInference,32,RegionC,RegionC,5,80,35,38.53333333333333,3.533333333333333,8,0.8,3.0,0,24
11178,RealTimeInference,39,RegionA,RegionA,5,20,39,39.68333333333333,0.6833333333333333,3,0.24,0.0,0,24
12339,RealTimeInference,39,RegionA,RegionC,15,20,39,42.833333333333336,3.8333333333333335,5,0.4,0.0,1,24
12698,RealTimeInference,39,RegionE,RegionE,5,20,39,42.45,3.45,6,0.48,0.0,0,24
12727,RealTimeInference,39,RegionB,RegionA,12,20,39,43.46666666666667,4.466666666666667,1,0.08,0.0,1,24
2113,AITraining,36,RegionD,RegionE,22,150,39,42.916666666666664,3.9166666666666665,25,4.0,3.0,1,24
32721,RealTimeInference,39,RegionB,RegionC,14,20,39,43.13333333333333,4.133333333333334,1,0.08,0.0,1,24
39991,RealTimeInference,39,RegionC,RegionC,5,20,39,40.733333333333334,1.7333333333333334,3,0.24,0.0,0,24
40498,RealTimeInference,39,RegionA,RegionA,5,20,39,39.21666666666667,0.2166666666666666,4,0.32,0.0,0,24
41942,RealTimeInference,39,RegionA,RegionC,15,20,39,44.43333333333334,5.433333333333334,1,0.08,0.0,1,24
46220,RealTimeInference,39,RegionB,RegionC,14,20,39,43.31666666666666,4.316666666666666,2,0.16,0.0,1,24
47314,AITraining,38,RegionC,RegionF,76,150,39,43.36666666666667,4.366666666666666,111,17.76,1.0,1,24
4744,RealTimeInference,39,RegionA,RegionC,15,20,39,42.63333333333333,3.633333333333333,7,0.56,0.0,1,24
6321,RealTimeInference,39,RegionC,RegionC,5,20,39,41.75,2.75,6,0.48,0.0,0,24
8349,RealTimeInference,39,RegionD,RegionD,5,20,39,41.333333333333336,2.333333333333333,3,0.24,0.0,0,24
11729,AITraining,32,RegionD,RegionD,5,150,40,42.766666666666666,2.7666666666666666,20,3.2,8.0,0,24
12966,BatchInference,38,RegionE,RegionD,22,80,40,42.1,2.1,23,2.3000000000000003,2.0,1,24
13348,AITraining,30,RegionA,RegionA,5,150,30,32.016666666666666,2.0166666666666666,94,15.04,0.0,0,24
14986,BatchInference,32,RegionD,RegionD,5,80,40,42.46666666666667,2.466666666666667,13,1.3,8.0,0,24
16748,BatchInference,32,RegionB,RegionD,60,80,40,42.61666666666667,2.6166666666666667,20,2.0,8.0,1,24
18947,BatchInference,39,RegionD,RegionD,5,80,40,41.733333333333334,1.7333333333333334,17,1.7000000000000002,1.0,0,24
19278,BatchInference,19,RegionA,RegionA,5,80,24,29.816666666666666,5.816666666666666,19,1.9,5.0,0,24
201,AITraining,39,RegionF,RegionD,25,150,40,41.75,1.75,97,15.52,1.0,1,24
20197,BatchInference,36,RegionA,RegionA,5,80,40,42.96666666666667,2.966666666666667,15,1.5,4.0,0,24
20222,AITraining,40,RegionF,RegionF,5,150,44,49.85,5.85,66,10.56,4.0,0,24
21113,AITraining,40,RegionF,RegionF,5,150,40,44.63333333333333,4.633333333333334,109,17.44,0.0,0,24
21272,AITraining,37,RegionA,RegionA,5,150,37,39.28333333333333,2.283333333333333,56,8.96,0.0,0,24
22812,AITraining,40,RegionF,RegionF,5,150,40,45.86666666666667,5.866666666666666,50,8.0,0.0,0,24
23396,AITraining,40,RegionF,RegionD,25,150,40,42.233333333333334,2.2333333333333334,68,10.88,0.0,1,24
24133,RealTimeInference,40,RegionA,RegionA,5,20,40,43.2,3.2,3,0.24,0.0,0,24
27862,AITraining,33,RegionE,RegionE,5,150,40,43.1,3.1,119,19.04,7.0,0,24
2894,AITraining,33,RegionD,RegionD,5,150,40,42.55,2.55,30,4.8,7.0,0,24
31942,BatchInference,29,RegionD,RegionD,5,80,40,42.35,2.35,18,1.8,11.0,0,24
33002,AITraining,40,RegionD,RegionE,22,150,40,43.25,3.25,86,13.76,0.0,1,24
33626,BatchInference,32,RegionC,RegionD,58,80,40,42.3,2.3,13,1.3,8.0,1,24
33676,BatchInference,30,RegionA,RegionA,5,80,30,32.166666666666664,2.1666666666666665,4,0.4,0.0,0,24
34632,AITraining,40,RegionF,RegionF,5,150,44,49.56666666666666,5.566666666666666,89,14.24,4.0,0,24
37390,RealTimeInference,40,RegionA,RegionB,12,20,40,44.483333333333334,4.483333333333333,5,0.4,0.0,1,24
37999,BatchInference,34,RegionA,RegionA,5,80,34,37.65,3.65,7,0.7000000000000001,0.0,0,24
38070,AITraining,40,RegionF,RegionF,5,150,40,44.21666666666667,4.216666666666667,24,3.84,0.0,0,24
38350,AITraining,7,RegionE,RegionD,22,150,40,41.983333333333334,1.9833333333333332,96,15.36,33.0,1,24
38736,AITraining,26,RegionD,RegionD,5,150,40,42.05,2.05,20,3.2,14.0,0,24
41835,AITraining,28,RegionF,RegionD,25,150,40,42.21666666666667,2.216666666666667,67,10.72,12.0,1,24
44014,RealTimeInference,40,RegionA,RegionA,5,20,40,42.85,2.85,1,0.08,0.0,0,24
44525,RealTimeInference,40,RegionE,RegionF,18,20,40,45.75,5.75,1,0.08,0.0,1,24
4546,RealTimeInference,40,RegionA,RegionC,15,20,40,44.88333333333333,4.883333333333334,7,0.56,0.0,1,24
47335,AITraining,40,RegionD,RegionF,25,150,40,44.5,4.5,36,5.76,0.0,1,24
47531,AITraining,38,RegionD,RegionD,5,150,40,41.75,1.75,53,8.48,2.0,0,24
47696,RealTimeInference,40,RegionB,RegionB,5,20,40,40.45,0.45,7,0.56,0.0,0,24
5395,AITraining,37,RegionE,RegionE,5,150,40,43.28333333333333,3.283333333333333,100,16.0,3.0,0,24
6429,AITraining,24,RegionD,RegionD,5,150,40,42.166666666666664,2.1666666666666665,46,7.36,16.0,0,24
6487,BatchInference,37,RegionA,RegionA,5,80,37,38.95,1.95,18,1.8,0.0,0,24
8906,RealTimeInference,40,RegionC,RegionA,15,20,40,42.36666666666667,2.3666666666666667,4,0.32,0.0,1,24
10238,AITraining,29,RegionF,RegionE,18,150,41,43.43333333333333,2.433333333333333,43,6.88,12.0,1,24
11134,AITraining,39,RegionE,RegionE,5,150,41,43.61666666666667,2.6166666666666667,97,15.52,2.0,0,24
13022,BatchInference,39,RegionB,RegionB,5,80,39,41.266666666666666,2.2666666666666666,12,1.2000000000000002,0.0,0,24
15483,AITraining,32,RegionE,RegionE,5,150,41,42.78333333333333,1.7833333333333334,58,9.28,9.0,0,24
20217,AITraining,29,RegionD,RegionD,5,150,41,41.516666666666666,0.5166666666666667,67,10.72,12.0,0,24
21009,RealTimeInference,41,RegionE,RegionE,5,20,41,43.166666666666664,2.1666666666666665,1,0.08,0.0,0,24
21415,BatchInference,35,RegionE,RegionD,22,80,41,41.36666666666667,0.3666666666666666,23,2.3000000000000003,6.0,1,24
22231,AITraining,28,RegionD,RegionD,5,150,41,41.93333333333333,0.9333333333333332,78,12.48,13.0,0,24
22720,BatchInference,38,RegionE,RegionE,5,80,41,42.666666666666664,1.6666666666666667,8,0.8,3.0,0,24
24444,BatchInference,41,RegionD,RegionD,5,80,41,42.45,1.45,19,1.9,0.0,0,24
24664,AITraining,41,RegionD,RegionE,22,150,41,44.0,3.0,123,19.68,0.0,1,24
26768,RealTimeInference,41,RegionD,RegionD,5,20,41,44.016666666666666,3.0166666666666666,2,0.16,0.0,0,24
30231,BatchInference,0,RegionE,RegionE,5,80,41,42.95,1.95,23,2.3000000000000003,41.0,0,24
32363,BatchInference,26,RegionE,RegionE,5,80,41,43.36666666666667,2.3666666666666667,9,0.9,15.0,0,24
32497,RealTimeInference,41,RegionA,RegionA,5,20,41,42.733333333333334,1.7333333333333334,5,0.4,0.0,0,24
33056,BatchInference,32,RegionC,RegionD,58,80,41,42.28333333333333,1.2833333333333334,12,1.2000000000000002,9.0,1,24
34411,RealTimeInference,41,RegionA,RegionA,5,20,41,44.5,3.5,6,0.48,0.0,0,24
35353,AITraining,34,RegionE,RegionD,22,150,41,41.333333333333336,0.3333333333333333,59,9.44,7.0,1,24
392,AITraining,41,RegionF,RegionF,5,150,44,49.3,5.3,112,17.92,3.0,0,24
42890,BatchInference,39,RegionD,RegionD,5,80,41,42.55,1.55,18,1.8,2.0,0,24
43781,AITraining,21,RegionE,RegionD,22,150,41,41.516666666666666,0.5166666666666667,111,17.76,20.0,1,24
45331,BatchInference,26,RegionE,RegionE,5,80,41,43.266666666666666,2.2666666666666666,18,1.8,15.0,0,24
45567,RealTimeInference,41,RegionC,RegionB,14,20,41,44.916666666666664,3.9166666666666665,2,0.16,0.0,1,24
4559,BatchInference,32,RegionA,RegionA,5,80,32,33.43333333333333,1.4333333333333331,4,0.4,0.0,0,24
8135,BatchInference,41,RegionB,RegionB,5,80,41,43.31666666666667,2.316666666666667,18,1.8,0.0,0,24
12445,RealTimeInference,42,RegionB,RegionC,14,20,42,43.71666666666667,1.7166666666666666,1,0.08,0.0,1,24
13110,RealTimeInference,42,RegionC,RegionC,5,20,42,43.35,1.35,3,0.24,0.0,0,24
15951,RealTimeInference,42,RegionC,RegionC,5,20,42,42.5,0.5,7,0.56,0.0,0,24
19502,RealTimeInference,42,RegionA,RegionC,15,20,42,43.06666666666667,1.0666666666666669,2,0.16,0.0,1,24
25035,AITraining,26,RegionE,RegionE,5,150,42,42.3,0.3,68,10.88,16.0,0,24
27354,RealTimeInference,42,RegionA,RegionB,12,20,42,43.1,1.1,3,0.24,0.0,1,24
33480,AITraining,41,RegionC,RegionC,5,150,47,52.95,5.95,121,19.36,6.0,0,24
40528,AITraining,38,RegionE,RegionE,5,150,42,42.38333333333333,0.3833333333333333,126,20.16,4.0,0,24
4299,RealTimeInference,42,RegionB,RegionA,12,20,42,45.083333333333336,3.083333333333333,2,0.16,0.0,1,24
44468,RealTimeInference,42,RegionA,RegionA,5,20,42,44.266666666666666,2.2666666666666666,7,0.56,0.0,0,24
44553,RealTimeInference,42,RegionA,RegionA,5,20,42,42.666666666666664,0.6666666666666666,6,0.48,0.0,0,24
45816,BatchInference,40,RegionE,RegionE,5,80,42,42.85,0.85,8,0.8,2.0,0,24
47267,RealTimeInference,42,RegionF,RegionE,18,20,42,43.86666666666667,1.8666666666666667,7,0.56,0.0,1,24
48420,BatchInference,32,RegionE,RegionE,5,80,42,42.86666666666667,0.8666666666666667,22,2.2,10.0,0,24
49650,RealTimeInference,42,RegionA,RegionA,5,20,42,45.7,3.7,3,0.24,0.0,0,24
603,BatchInference,33,RegionA,RegionC,15,80,42,42.266666666666666,0.2666666666666666,9,0.9,9.0,1,24
6218,RealTimeInference,42,RegionA,RegionC,15,20,42,48.25,6.25,7,0.56,0.0,1,24
7145,RealTimeInference,42,RegionB,RegionC,14,20,42,47.083333333333336,5.083333333333333,6,0.48,0.0,1,24
8736,RealTimeInference,42,RegionD,RegionD,5,20,42,45.03333333333333,3.033333333333333,1,0.08,0.0,0,24
10242,AITraining,33,RegionE,RegionF,18,150,43,43.36666666666667,0.3666666666666666,71,11.36,10.0,1,24
12258,AITraining,32,RegionF,RegionF,5,150,43,44.483333333333334,1.4833333333333334,64,10.24,11.0,0,24
1536,RealTimeInference,43,RegionA,RegionA,5,20,43,45.85,2.85,1,0.08,0.0,0,24
18865,RealTimeInference,43,RegionA,RegionC,15,20,43,48.5,5.5,5,0.4,0.0,1,24
22977,AITraining,10,RegionF,RegionF,5,150,43,43.63333333333333,0.6333333333333333,62,9.92,33.0,0,24
23142,AITraining,37,RegionC,RegionC,5,150,38,39.06666666666667,1.0666666666666669,33,5.28,1.0,0,24
23218,AITraining,37,RegionE,RegionF,18,150,43,44.0,1.0,50,8.0,6.0,1,24
2682,BatchInference,43,RegionF,RegionF,5,80,43,44.833333333333336,1.8333333333333333,12,1.2000000000000002,0.0,0,24
28480,AITraining,37,RegionF,RegionF,5,150,43,43.68333333333333,0.6833333333333333,53,8.48,6.0,0,24
35702,AITraining,28,RegionF,RegionF,5,150,43,43.61666666666667,0.6166666666666667,103,16.48,15.0,0,24
36974,AITraining,10,RegionF,RegionF,5,150,43,43.733333333333334,0.7333333333333333,74,11.84,33.0,0,24
39776,AITraining,33,RegionF,RegionF,5,150,43,43.31666666666667,0.3166666666666666,26,4.16,10.0,0,24
41972,AITraining,38,RegionF,RegionF,5,150,43,43.3,0.3,48,7.68,5.0,0,24
43613,RealTimeInference,43,RegionD,RegionD,5,20,43,43.233333333333334,0.2333333333333333,5,0.4,0.0,0,24
46740,AITraining,32,RegionE,RegionF,18,150,43,44.733333333333334,1.7333333333333334,120,19.2,11.0,1,24
4830,RealTimeInference,43,RegionB,RegionC,14,20,43,47.766666666666666,4.766666666666667,7,0.56,0.0,1,24
48437,RealTimeInference,43,RegionA,RegionC,15,20,43,46.68333333333333,3.683333333333333,2,0.16,0.0,1,24
49712,AITraining,43,RegionE,RegionF,18,150,43,44.05,1.05,52,8.32,0.0,1,24
5068,RealTimeInference,43,RegionC,RegionA,15,20,43,45.483333333333334,2.4833333333333334,3,0.24,0.0,1,24
587,AITraining,38,RegionE,RegionF,18,150,43,43.78333333333333,0.7833333333333333,103,16.48,5.0,1,24
7089,AITraining,43,RegionF,RegionF,5,150,43,45.35,2.35,21,3.36,0.0,0,24
7726,AITraining,37,RegionF,RegionF,5,150,43,44.3,1.3,46,7.36,6.0,0,24
9757,RealTimeInference,43,RegionB,RegionC,14,20,43,45.86666666666667,2.8666666666666667,6,0.48,0.0,1,24
13689,RealTimeInference,44,RegionA,RegionA,5,20,44,47.3,3.3,1,0.08,0.0,0,24
18852,BatchInference,41,RegionA,RegionA,5,80,44,46.96666666666667,2.966666666666667,6,0.6000000000000001,3.0,0,24
20581,RealTimeInference,44,RegionC,RegionB,14,20,44,45.45,1.45,4,0.32,0.0,1,24
22269,AITraining,31,RegionA,RegionB,12,150,44,46.38333333333333,2.3833333333333333,63,10.08,13.0,1,24
25582,AITraining,43,RegionB,RegionB,5,150,43,48.46666666666667,5.466666666666667,59,9.44,0.0,0,24
31318,RealTimeInference,44,RegionB,RegionC,14,20,44,49.166666666666664,5.166666666666667,2,0.16,0.0,1,24
32429,RealTimeInference,44,RegionD,RegionD,5,20,44,50.03333333333333,6.033333333333333,5,0.4,0.0,0,24
33338,RealTimeInference,44,RegionB,RegionC,14,20,44,47.28333333333333,3.283333333333333,6,0.48,0.0,1,24
35290,BatchInference,43,RegionA,RegionB,12,80,44,45.85,1.85,20,2.0,1.0,1,24
36707,AITraining,41,RegionC,RegionB,14,150,44,45.666666666666664,1.6666666666666667,59,9.44,3.0,1,24
38616,AITraining,44,RegionC,RegionC,5,150,47,53.13333333333333,6.133333333333334,44,7.04,3.0,0,24
39213,BatchInference,42,RegionA,RegionB,12,80,44,45.88333333333333,1.8833333333333333,9,0.9,2.0,1,24
41553,BatchInference,38,RegionE,RegionE,5,80,38,39.266666666666666,1.2666666666666666,4,0.4,0.0,0,24
45851,BatchInference,35,RegionA,RegionB,12,80,44,45.5,1.5,17,1.7000000000000002,9.0,1,24
4881,BatchInference,40,RegionB,RegionB,5,80,44,45.6,1.6,8,0.8,4.0,0,24
4988,AITraining,39,RegionE,RegionE,5,150,39,44.06666666666666,5.066666666666666,24,3.84,0.0,0,24
6608,AITraining,41,RegionE,RegionE,5,150,43,49.483333333333334,6.483333333333333,125,20.0,2.0,0,24
7861,BatchInference,44,RegionC,RegionB,14,80,44,45.68333333333333,1.6833333333333331,8,0.8,0.0,1,24
8494,AITraining,44,RegionA,RegionA,5,150,46,52.333333333333336,6.333333333333333,111,17.76,2.0,0,24
10926,RealTimeInference,45,RegionC,RegionA,15,20,45,46.083333333333336,1.0833333333333333,7,0.56,0.0,1,24
15966,BatchInference,34,RegionA,RegionA,5,80,45,45.266666666666666,0.2666666666666666,7,0.7000000000000001,11.0,0,24
17030,RealTimeInference,45,RegionA,RegionC,15,20,45,49.63333333333333,4.633333333333334,7,0.56,0.0,1,24
19953,RealTimeInference,45,RegionE,RegionE,5,20,45,48.31666666666667,3.316666666666667,6,0.48,0.0,0,24
21075,BatchInference,13,RegionA,RegionA,5,80,45,45.56666666666667,0.5666666666666667,12,1.2000000000000002,32.0,0,24
22192,BatchInference,44,RegionB,RegionA,12,80,45,45.2,0.2,15,1.5,1.0,1,24
26866,RealTimeInference,45,RegionC,RegionB,14,20,45,49.28333333333333,4.283333333333333,5,0.4,0.0,1,24
45697,RealTimeInference,45,RegionB,RegionA,12,20,45,49.8,4.8,3,0.24,0.0,1,24
5510,BatchInference,38,RegionA,RegionA,5,80,45,45.983333333333334,0.9833333333333332,4,0.4,7.0,0,24
9068,RealTimeInference,45,RegionB,RegionC,14,20,45,49.75,4.75,1,0.08,0.0,1,24
22964,RealTimeInference,46,RegionF,RegionE,18,20,46,51.03333333333333,5.033333333333333,7,0.56,0.0,1,24
3055,RealTimeInference,46,RegionC,RegionC,5,20,46,47.46666666666667,1.4666666666666666,3,0.24,0.0,0,24
34376,RealTimeInference,46,RegionC,RegionB,14,20,46,46.18333333333333,0.1833333333333333,4,0.32,0.0,1,24
34494,RealTimeInference,46,RegionC,RegionB,14,20,46,47.86666666666667,1.8666666666666667,7,0.56,0.0,1,24
49207,RealTimeInference,46,RegionC,RegionC,5,20,46,47.0,1.0,5,0.4,0.0,0,24
10588,BatchInference,47,RegionB,RegionC,14,80,47,47.86666666666667,0.8666666666666667,16,1.6,0.0,1,24
12187,BatchInference,40,RegionA,RegionA,5,80,40,44.85,4.85,22,2.2,0.0,0,24
13771,BatchInference,40,RegionC,RegionC,5,80,46,49.4,3.4,16,1.6,6.0,0,24
13980,BatchInference,32,RegionB,RegionC,14,80,47,48.266666666666666,1.2666666666666666,10,1.0,15.0,1,24
14886,BatchInference,42,RegionC,RegionC,5,80,47,47.2,0.2,7,0.7000000000000001,5.0,0,24
15370,BatchInference,35,RegionB,RegionC,14,80,47,48.0,1.0,8,0.8,12.0,1,24
18172,BatchInference,43,RegionC,RegionC,5,80,47,51.516666666666666,4.516666666666667,19,1.9,4.0,0,24
1818,AITraining,39,RegionD,RegionD,5,150,47,52.083333333333336,5.083333333333333,52,8.32,8.0,0,24
25151,BatchInference,39,RegionB,RegionB,5,80,39,44.65,5.65,10,1.0,0.0,0,24
26984,BatchInference,40,RegionE,RegionE,5,80,40,45.333333333333336,5.333333333333333,4,0.4,0.0,0,24
2784,BatchInference,39,RegionC,RegionC,5,80,47,47.78333333333333,0.7833333333333333,10,1.0,8.0,0,24
30425,BatchInference,35,RegionC,RegionC,5,80,47,47.766666666666666,0.7666666666666667,23,2.3000000000000003,12.0,0,24
30942,BatchInference,32,RegionB,RegionC,14,80,47,47.983333333333334,0.9833333333333332,14,1.4,15.0,1,24
32020,BatchInference,45,RegionD,RegionD,5,80,47,53.18333333333334,6.183333333333334,7,0.7000000000000001,2.0,0,24
33384,BatchInference,32,RegionC,RegionC,5,80,32,38.61666666666667,6.616666666666666,21,2.1,0.0,0,24
33504,BatchInference,44,RegionE,RegionE,5,80,44,49.31666666666666,5.316666666666666,4,0.4,0.0,0,24
3476,RealTimeInference,47,RegionA,RegionC,15,20,47,51.68333333333334,4.683333333333334,7,0.56,0.0,1,24
36244,BatchInference,46,RegionC,RegionC,5,80,47,49.93333333333333,2.933333333333333,19,1.9,1.0,0,24
40140,BatchInference,43,RegionC,RegionC,5,80,47,52.483333333333334,5.483333333333333,15,1.5,4.0,0,24
41397,BatchInference,39,RegionA,RegionA,5,80,39,44.45,5.45,4,0.4,0.0,0,24
43060,BatchInference,39,RegionD,RegionD,5,80,47,50.016666666666666,3.0166666666666666,20,2.0,8.0,0,24
43410,RealTimeInference,47,RegionF,RegionE,18,20,47,53.38333333333333,6.383333333333334,1,0.08,0.0,1,24
43450,BatchInference,42,RegionA,RegionA,5,80,42,46.88333333333333,4.883333333333334,17,1.7000000000000002,0.0,0,24
46506,BatchInference,46,RegionF,RegionF,5,80,46,51.65,5.65,10,1.0,0.0,0,24
46831,RealTimeInference,47,RegionB,RegionC,14,20,47,52.96666666666667,5.966666666666667,2,0.16,0.0,1,24
47395,BatchInference,31,RegionC,RegionC,5,80,33,36.083333333333336,3.083333333333333,7,0.7000000000000001,2.0,0,24
47917,BatchInference,45,RegionA,RegionA,5,80,47,53.31666666666666,6.316666666666666,23,2.3000000000000003,2.0,0,24
5276,BatchInference,29,RegionC,RegionC,5,80,33,37.78333333333333,4.783333333333333,22,2.2,4.0,0,24
9617,RealTimeInference,47,RegionA,RegionC,15,20,47,49.05,2.05,4,0.32,0.0,1,24
21515,RealTimeInference,48,RegionA,RegionB,12,20,48,52.53333333333333,4.533333333333333,1,0.08,0.0,1,48
3574,RealTimeInference,48,RegionF,RegionE,18,20,48,51.483333333333334,3.4833333333333334,7,0.56,0.0,1,48
47590,RealTimeInference,48,RegionA,RegionA,5,20,48,54.0,6.0,2,0.16,0.0,0,48
5753,RealTimeInference,48,RegionA,RegionA,5,20,48,52.766666666666666,4.766666666666667,1,0.08,0.0,0,48
13496,RealTimeInference,49,RegionB,RegionB,5,20,49,52.25,3.25,7,0.56,0.0,0,48
15410,RealTimeInference,49,RegionB,RegionB,5,20,49,55.63333333333333,6.633333333333334,7,0.56,0.0,0,48
19204,RealTimeInference,49,RegionC,RegionC,5,20,49,50.666666666666664,1.6666666666666667,2,0.16,0.0,0,48
21904,RealTimeInference,49,RegionB,RegionB,5,20,49,55.266666666666666,6.266666666666667,7,0.56,0.0,0,48
22824,RealTimeInference,49,RegionB,RegionB,5,20,49,51.96666666666667,2.966666666666667,1,0.08,0.0,0,48
43740,RealTimeInference,49,RegionA,RegionB,12,20,49,55.03333333333333,6.033333333333333,5,0.4,0.0,1,48
45343,RealTimeInference,49,RegionC,RegionA,15,20,49,51.86666666666667,2.8666666666666667,3,0.24,0.0,1,48
46792,RealTimeInference,49,RegionB,RegionA,12,20,49,49.7,0.7,2,0.16,0.0,1,48
20714,RealTimeInference,50,RegionF,RegionE,18,20,50,52.18333333333333,2.183333333333333,1,0.08,0.0,1,48
430,RealTimeInference,50,RegionC,RegionA,15,20,50,52.63333333333333,2.6333333333333333,3,0.24,0.0,1,48
7966,RealTimeInference,50,RegionB,RegionC,14,20,50,50.88333333333333,0.8833333333333333,7,0.56,0.0,1,48
1765,RealTimeInference,51,RegionA,RegionB,12,20,51,53.233333333333334,2.2333333333333334,5,0.4,0.0,1,48
26296,RealTimeInference,51,RegionE,RegionF,18,20,51,57.43333333333334,6.433333333333334,5,0.4,0.0,1,48
30550,RealTimeInference,51,RegionB,RegionC,14,20,51,56.81666666666666,5.816666666666666,4,0.32,0.0,1,48
39934,RealTimeInference,51,RegionA,RegionC,15,20,51,54.53333333333333,3.533333333333333,1,0.08,0.0,1,48
42114,RealTimeInference,51,RegionB,RegionB,5,20,51,51.75,0.75,3,0.24,0.0,0,48
45551,RealTimeInference,51,RegionB,RegionB,5,20,51,57.583333333333336,6.583333333333333,7,0.56,0.0,0,48
5851,RealTimeInference,51,RegionA,RegionB,12,20,51,56.233333333333334,5.233333333333333,6,0.48,0.0,1,48
12423,AITraining,46,RegionA,RegionA,5,150,48,51.53333333333333,3.533333333333333,53,8.48,2.0,0,48
13393,RealTimeInference,52,RegionC,RegionC,5,20,52,52.31666666666667,0.3166666666666666,5,0.4,0.0,0,48
21003,AITraining,50,RegionA,RegionA,5,150,55,60.5,5.5,88,14.08,5.0,0,48
2246,RealTimeInference,52,RegionB,RegionB,5,20,52,54.13333333333333,2.1333333333333333,4,0.32,0.0,0,48
23103,RealTimeInference,52,RegionA,RegionB,12,20,52,55.65,3.65,6,0.48,0.0,1,48
34727,RealTimeInference,52,RegionA,RegionA,5,20,52,52.71666666666667,0.7166666666666667,1,0.08,0.0,0,48
3967,RealTimeInference,52,RegionC,RegionC,5,20,52,52.43333333333333,0.4333333333333333,3,0.24,0.0,0,48
4046,RealTimeInference,52,RegionE,RegionF,18,20,52,57.61666666666667,5.616666666666666,2,0.16,0.0,1,48
40838,RealTimeInference,52,RegionC,RegionC,5,20,52,57.15,5.15,6,0.48,0.0,0,48
42763,RealTimeInference,52,RegionA,RegionB,12,20,52,55.333333333333336,3.333333333333333,5,0.4,0.0,1,48
42991,RealTimeInference,52,RegionA,RegionC,15,20,52,57.68333333333334,5.683333333333334,1,0.08,0.0,1,48
6316,RealTimeInference,52,RegionF,RegionF,5,20,52,55.166666666666664,3.1666666666666665,5,0.4,0.0,0,48
11453,AITraining,32,RegionC,RegionA,15,150,53,55.13333333333333,2.1333333333333333,112,17.92,21.0,1,48
19612,AITraining,47,RegionF,RegionF,5,150,48,50.06666666666667,2.066666666666667,27,4.32,1.0,0,48
20015,RealTimeInference,53,RegionB,RegionB,5,20,53,53.36666666666667,0.3666666666666666,6,0.48,0.0,0,48
2860,BatchInference,43,RegionA,RegionC,15,80,53,55.96666666666667,2.966666666666667,5,0.5,10.0,1,48
28778,RealTimeInference,53,RegionA,RegionA,5,20,53,53.63333333333333,0.6333333333333333,1,0.08,0.0,0,48
3489,AITraining,30,RegionA,RegionA,5,150,48,51.28333333333333,3.283333333333333,57,9.12,18.0,0,48
39592,AITraining,52,RegionF,RegionF,5,150,53,57.36666666666667,4.366666666666666,17,2.72,1.0,0,48
40814,RealTimeInference,53,RegionA,RegionB,12,20,53,57.416666666666664,4.416666666666667,5,0.4,0.0,1,48
42377,RealTimeInference,53,RegionB,RegionC,14,20,53,55.9,2.9,6,0.48,0.0,1,48
42716,RealTimeInference,53,RegionA,RegionC,15,20,53,59.516666666666666,6.516666666666667,3,0.24,0.0,1,48
43284,AITraining,40,RegionF,RegionF,5,150,53,56.68333333333333,3.683333333333333,59,9.44,13.0,0,48
44020,AITraining,48,RegionF,RegionF,5,150,53,56.86666666666667,3.8666666666666663,89,14.24,5.0,0,48
46305,RealTimeInference,53,RegionA,RegionC,15,20,53,53.95,0.95,1,0.08,0.0,1,48
69,AITraining,47,RegionE,RegionE,5,150,48,50.43333333333333,2.433333333333333,118,18.88,1.0,0,48
7096,AITraining,53,RegionF,RegionF,5,150,53,57.2,4.2,71,11.36,0.0,0,48
12610,BatchInference,49,RegionC,RegionC,5,80,54,56.35,2.35,14,1.4,5.0,0,48
21577,BatchInference,48,RegionC,RegionC,5,80,54,56.46666666666667,2.466666666666667,20,2.0,6.0,0,48
23035,RealTimeInference,54,RegionC,RegionC,5,20,54,60.05,6.05,6,0.48,0.0,0,48
23642,AITraining,49,RegionD,RegionC,58,150,54,55.516666666666666,1.5166666666666666,124,19.84,5.0,1,48
24548,RealTimeInference,54,RegionB,RegionB,5,20,54,56.93333333333333,2.933333333333333,3,0.24,0.0,0,48
2640,AITraining,29,RegionE,RegionF,18,150,54,57.78333333333333,3.783333333333333,81,12.96,25.0,1,48
27672,AITraining,53,RegionE,RegionF,18,150,54,60.233333333333334,6.233333333333333,51,8.16,1.0,1,48
31464,AITraining,43,RegionF,RegionF,5,150,54,60.18333333333334,6.183333333333334,42,6.72,11.0,0,48
34855,RealTimeInference,54,RegionC,RegionC,5,20,54,57.43333333333333,3.433333333333333,5,0.4,0.0,0,48
37149,RealTimeInference,54,RegionB,RegionA,12,20,54,60.3,6.3,7,0.56,0.0,1,48
4004,AITraining,42,RegionE,RegionF,18,150,54,59.8,5.8,119,19.04,12.0,1,48
43293,AITraining,53,RegionC,RegionC,5,150,54,55.016666666666666,1.0166666666666666,32,5.12,1.0,0,48
43403,AITraining,42,RegionF,RegionF,5,150,54,59.733333333333334,5.733333333333333,121,19.36,12.0,0,48
44775,RealTimeInference,54,RegionA,RegionB,12,20,54,58.71666666666667,4.716666666666667,6,0.48,0.0,1,48
44830,RealTimeInference,54,RegionB,RegionC,14,20,54,55.333333333333336,1.3333333333333333,6,0.48,0.0,1,48
44833,AITraining,51,RegionF,RegionF,5,150,54,60.083333333333336,6.083333333333333,19,3.04,3.0,0,48
4972,AITraining,48,RegionC,RegionC,5,150,54,56.05,2.05,74,11.84,6.0,0,48
5141,AITraining,54,RegionF,RegionF,5,150,54,60.35,6.35,72,11.52,0.0,0,48
8634,RealTimeInference,54,RegionB,RegionA,12,20,54,59.9,5.9,5,0.4,0.0,1,48
10466,AITraining,53,RegionE,RegionE,5,150,55,59.483333333333334,4.483333333333333,57,9.12,2.0,0,48
10796,BatchInference,55,RegionF,RegionE,18,80,55,58.0,3.0,5,0.5,0.0,1,48
10842,BatchInference,51,RegionF,RegionF,5,80,55,60.516666666666666,5.516666666666667,23,2.3000000000000003,4.0,0,48
12438,AITraining,48,RegionD,RegionE,22,150,55,59.93333333333334,4.933333333333334,65,10.4,7.0,1,48
16488,RealTimeInference,55,RegionC,RegionA,15,20,55,58.45,3.45,4,0.32,0.0,1,48
16619,BatchInference,42,RegionD,RegionD,5,80,55,59.56666666666666,4.566666666666666,19,1.9,13.0,0,48
17392,AITraining,42,RegionE,RegionE,5,150,55,61.11666666666667,6.116666666666666,27,4.32,13.0,0,48
20029,AITraining,52,RegionE,RegionE,5,150,55,60.61666666666667,5.616666666666666,115,18.4,3.0,0,48
20938,BatchInference,50,RegionA,RegionA,5,80,55,60.35,5.35,10,1.0,5.0,0,48
22244,BatchInference,48,RegionB,RegionD,60,80,55,60.666666666666664,5.666666666666667,18,1.8,7.0,1,48
24370,BatchInference,48,RegionB,RegionB,5,80,48,54.25,6.25,6,0.6000000000000001,0.0,0,48
24603,AITraining,46,RegionF,RegionE,18,150,55,60.18333333333334,5.183333333333334,52,8.32,9.0,1,48
24885,AITraining,48,RegionF,RegionF,5,150,55,60.166666666666664,5.166666666666667,36,5.76,7.0,0,48
26414,BatchInference,47,RegionF,RegionD,25,80,55,61.0,6.0,7,0.7000000000000001,8.0,1,48
27558,BatchInference,53,RegionB,RegionB,5,80,58,62.766666666666666,4.766666666666667,7,0.7000000000000001,5.0,0,48
29147,AITraining,55,RegionE,RegionE,5,150,55,60.71666666666667,5.716666666666667,100,16.0,0.0,0,48
29292,AITraining,55,RegionE,RegionE,5,150,55,60.45,5.45,102,16.32,0.0,0,48
37216,AITraining,45,RegionE,RegionE,5,150,55,60.85,5.85,94,15.04,10.0,0,48
41368,AITraining,50,RegionE,RegionE,5,150,55,60.18333333333334,5.183333333333334,117,18.72,5.0,0,48
42498,BatchInference,48,RegionF,RegionF,5,80,55,59.8,4.8,21,2.1,7.0,0,48
44498,AITraining,45,RegionF,RegionE,18,150,55,60.25,5.25,87,13.92,10.0,1,48
45781,AITraining,44,RegionD,RegionE,22,150,55,59.75,4.75,48,7.68,11.0,1,48
45843,BatchInference,52,RegionF,RegionE,18,80,55,60.3,5.3,13,1.3,3.0,1,48
47227,BatchInference,53,RegionE,RegionE,5,80,55,60.2,5.2,16,1.6,2.0,0,48
5656,RealTimeInference,55,RegionB,RegionC,14,20,55,57.35,2.35,4,0.32,0.0,1,48
5722,AITraining,42,RegionD,RegionE,22,150,55,58.11666666666667,3.1166666666666667,35,5.6000000000000005,13.0,1,48
5760,RealTimeInference,55,RegionA,RegionB,12,20,55,59.25,4.25,5,0.4,0.0,1,48
6339,BatchInference,55,RegionC,RegionC,5,80,60,65.05,5.05,8,0.8,5.0,0,48
6382,BatchInference,20,RegionA,RegionA,5,80,48,53.36666666666667,5.366666666666666,22,2.2,28.0,0,48
8324,AITraining,43,RegionC,RegionC,5,150,60,66.13333333333334,6.133333333333334,125,20.0,17.0,0,48
11181,BatchInference,49,RegionD,RegionD,5,80,56,57.516666666666666,1.5166666666666666,16,1.6,7.0,0,48
11962,BatchInference,48,RegionD,RegionD,5,80,56,62.416666666666664,6.416666666666667,23,2.3000000000000003,8.0,0,48
12190,BatchInference,40,RegionC,RegionD,58,80,56,58.266666666666666,2.2666666666666666,6,0.6000000000000001,16.0,1,48
14168,RealTimeInference,56,RegionA,RegionB,12,20,56,57.63333333333333,1.6333333333333333,3,0.24,0.0,1,48
17902,BatchInference,49,RegionB,RegionB,5,80,49,55.083333333333336,6.083333333333333,18,1.8,0.0,0,48
21571,RealTimeInference,56,RegionB,RegionA,12,20,56,61.333333333333336,5.333333333333333,6,0.48,0.0,1,48
23012,AITraining,53,RegionD,RegionD,5,150,56,60.55,4.55,104,16.64,3.0,0,48
24024,BatchInference,43,RegionD,RegionD,5,80,56,57.46666666666667,1.4666666666666666,18,1.8,13.0,0,48
24234,AITraining,50,RegionE,RegionD,22,150,56,59.4,3.4,40,6.4,6.0,1,48
24894,RealTimeInference,56,RegionA,RegionA,5,20,56,57.96666666666667,1.9666666666666663,2,0.16,0.0,0,48
25855,RealTimeInference,56,RegionC,RegionC,5,20,56,56.43333333333333,0.4333333333333333,5,0.4,0.0,0,48
27905,AITraining,55,RegionD,RegionD,5,150,56,56.516666666666666,0.5166666666666667,62,9.92,1.0,0,48
28938,AITraining,45,RegionE,RegionD,22,150,56,59.983333333333334,3.983333333333333,92,14.72,11.0,1,48
29875,BatchInference,44,RegionD,RegionD,5,80,56,57.81666666666667,1.8166666666666669,16,1.6,12.0,0,48
30660,AITraining,48,RegionD,RegionD,5,150,56,60.63333333333333,4.633333333333334,42,6.72,8.0,0,48
30871,AITraining,44,RegionD,RegionD,5,150,56,62.21666666666667,6.216666666666667,84,13.44,12.0,0,48
3102,BatchInference,56,RegionA,RegionD,65,80,56,61.53333333333333,5.533333333333333,9,0.9,0.0,1,48
31119,AITraining,40,RegionD,RegionD,5,150,56,61.31666666666666,5.316666666666666,28,4.48,16.0,0,48
31455,AITraining,46,RegionD,RegionD,5,150,56,56.63333333333333,0.6333333333333333,24,3.84,10.0,0,48
31647,BatchInference,45,RegionD,RegionD,5,80,56,57.36666666666667,1.3666666666666667,9,0.9,11.0,0,48
34212,BatchInference,44,RegionD,RegionD,5,80,56,58.81666666666667,2.816666666666667,16,1.6,12.0,0,48
34373,AITraining,56,RegionD,RegionD,5,150,56,62.46666666666667,6.466666666666667,55,8.8,0.0,0,48
35010,AITraining,53,RegionD,RegionD,5,150,56,61.96666666666667,5.966666666666667,102,16.32,3.0,0,48
36325,RealTimeInference,56,RegionC,RegionC,5,20,56,58.583333333333336,2.583333333333333,3,0.24,0.0,0,48
37253,RealTimeInference,56,RegionA,RegionA,5,20,56,58.46666666666667,2.466666666666667,6,0.48,0.0,0,48
3774,AITraining,50,RegionD,RegionD,5,150,56,57.31666666666667,1.3166666666666669,26,4.16,6.0,0,48
39008,BatchInference,48,RegionF,RegionF,5,80,56,60.11666666666667,4.116666666666666,21,2.1,8.0,0,48
41105,BatchInference,54,RegionD,RegionD,5,80,56,60.11666666666667,4.116666666666666,5,0.5,2.0,0,48
42534,AITraining,51,RegionD,RegionD,5,150,56,61.63333333333333,5.633333333333334,41,6.5600000000000005,5.0,0,48
43886,RealTimeInference,56,RegionB,RegionB,5,20,56,57.416666666666664,1.4166666666666667,6,0.48,0.0,0,48
44867,BatchInference,49,RegionA,RegionA,5,80,54,60.05,6.05,20,2.0,5.0,0,48
44884,BatchInference,47,RegionD,RegionD,5,80,56,61.983333333333334,5.983333333333333,11,1.1,9.0,0,48
45835,RealTimeInference,56,RegionC,RegionC,5,20,56,56.86666666666667,0.8666666666666667,6,0.48,0.0,0,48
46814,BatchInference,56,RegionF,RegionF,5,80,56,60.0,4.0,4,0.4,0.0,0,48
47184,AITraining,44,RegionD,RegionD,5,150,56,58.53333333333333,2.533333333333333,79,12.64,12.0,0,48
47360,AITraining,42,RegionD,RegionD,5,150,56,57.916666666666664,1.9166666666666667,19,3.04,14.0,0,48
47462,AITraining,53,RegionE,RegionD,22,150,56,62.35,6.35,115,18.4,3.0,1,48
47565,AITraining,50,RegionD,RegionD,5,150,56,60.88333333333333,4.883333333333334,40,6.4,6.0,0,48
4759,BatchInference,38,RegionD,RegionD,5,80,56,60.5,4.5,13,1.3,18.0,0,48
47649,AITraining,54,RegionD,RegionD,5,150,56,60.266666666666666,4.266666666666667,98,15.68,2.0,0,48
49225,BatchInference,54,RegionC,RegionD,58,80,56,62.483333333333334,6.483333333333333,22,2.2,2.0,1,48
49594,AITraining,56,RegionE,RegionF,18,150,56,60.483333333333334,4.483333333333333,74,11.84,0.0,1,48
5415,BatchInference,47,RegionD,RegionD,5,80,56,61.3,5.3,13,1.3,9.0,0,48
5892,AITraining,44,RegionD,RegionD,5,150,56,60.46666666666667,4.466666666666667,70,11.2,12.0,0,48
9427,AITraining,56,RegionD,RegionD,5,150,56,60.78333333333333,4.783333333333333,80,12.8,0.0,0,48
10001,RealTimeInference,57,RegionC,RegionC,5,20,57,58.93333333333333,1.9333333333333331,5,0.4,0.0,0,48
11248,RealTimeInference,57,RegionC,RegionB,14,20,57,62.266666666666666,5.266666666666667,4,0.32,0.0,1,48
11328,AITraining,41,RegionB,RegionB,5,150,57,60.416666666666664,3.4166666666666665,37,5.92,16.0,0,48
11571,RealTimeInference,57,RegionA,RegionA,5,20,57,57.55,0.55,7,0.56,0.0,0,48
29200,RealTimeInference,57,RegionC,RegionC,5,20,57,58.96666666666667,1.9666666666666663,3,0.24,0.0,0,48
31690,BatchInference,54,RegionB,RegionB,5,80,71,77.43333333333334,6.433333333333334,15,1.5,17.0,0,48
33981,RealTimeInference,57,RegionB,RegionB,5,20,57,59.666666666666664,2.6666666666666665,1,0.08,0.0,0,48
39343,BatchInference,53,RegionF,RegionF,5,80,57,60.3,3.3,5,0.5,4.0,0,48
46822,AITraining,49,RegionC,RegionC,5,150,60,66.45,6.45,108,17.28,11.0,0,48
49542,AITraining,57,RegionF,RegionF,5,150,60,63.36666666666667,3.3666666666666667,126,20.16,3.0,0,48
6006,BatchInference,40,RegionD,RegionE,22,80,57,60.25,3.25,7,0.7000000000000001,17.0,1,48
12558,BatchInference,57,RegionD,RegionD,5,80,58,64.48333333333333,6.483333333333333,20,2.0,1.0,0,48
14189,BatchInference,58,RegionB,RegionD,60,80,58,64.2,6.2,6,0.6000000000000001,0.0,1,48
21986,RealTimeInference,58,RegionC,RegionA,15,20,58,62.68333333333334,4.683333333333334,1,0.08,0.0,1,48
22772,BatchInference,57,RegionD,RegionD,5,80,58,64.41666666666667,6.416666666666667,11,1.1,1.0,0,48
23045,AITraining,58,RegionD,RegionD,5,150,67,71.66666666666667,4.666666666666667,60,9.6,9.0,0,48
23720,RealTimeInference,58,RegionA,RegionC,15,20,58,59.3,1.3,5,0.4,0.0,1,48
41503,AITraining,57,RegionD,RegionD,5,150,58,64.5,6.5,71,11.36,1.0,0,48
44180,BatchInference,48,RegionB,RegionB,5,80,48,53.78333333333333,5.783333333333333,22,2.2,0.0,0,48
48457,RealTimeInference,58,RegionB,RegionA,12,20,58,64.36666666666666,6.366666666666666,7,0.56,0.0,1,48
49893,BatchInference,51,RegionB,RegionD,60,80,58,60.4,2.4,7,0.7000000000000001,7.0,1,48
5018,AITraining,45,RegionC,RegionC,5,150,60,65.65,5.65,21,3.36,15.0,0,48
5859,BatchInference,54,RegionB,RegionB,5,80,58,63.733333333333334,5.733333333333333,15,1.5,4.0,0,48
7039,AITraining,57,RegionD,RegionD,5,150,58,64.16666666666667,6.166666666666667,71,11.36,1.0,0,48
10855,BatchInference,48,RegionF,RegionE,18,80,59,60.78333333333333,1.7833333333333334,5,0.5,11.0,1,48
12561,AITraining,51,RegionA,RegionD,65,150,51,55.233333333333334,4.233333333333333,86,13.76,0.0,1,48
12783,AITraining,49,RegionF,RegionF,5,150,59,60.13333333333333,1.1333333333333333,113,18.08,10.0,0,48
1399,BatchInference,48,RegionC,RegionC,5,80,61,64.9,3.9,14,1.4,13.0,0,48
14027,BatchInference,49,RegionC,RegionC,5,80,61,65.45,4.45,8,0.8,12.0,0,48
16251,BatchInference,33,RegionD,RegionE,22,80,59,59.166666666666664,0.1666666666666666,12,1.2000000000000002,26.0,1,48
17494,AITraining,52,RegionB,RegionB,5,150,52,57.7,5.7,24,3.84,0.0,0,48
1767,AITraining,46,RegionE,RegionF,18,150,59,59.63333333333333,0.6333333333333333,83,13.28,13.0,1,48
17776,AITraining,49,RegionB,RegionB,5,150,49,54.43333333333334,5.433333333333334,22,3.52,0.0,0,48
17835,BatchInference,39,RegionA,RegionA,5,80,48,52.5,4.5,20,2.0,9.0,0,48
18127,RealTimeInference,59,RegionB,RegionA,12,20,59,62.7,3.7,3,0.24,0.0,1,48
18412,BatchInference,58,RegionA,RegionA,5,80,59,60.68333333333333,1.6833333333333331,10,1.0,1.0,0,48
18518,BatchInference,57,RegionA,RegionA,5,80,57,57.6,0.6,15,1.5,0.0,0,48
19524,RealTimeInference,59,RegionB,RegionA,12,20,59,60.63333333333333,1.6333333333333333,7,0.56,0.0,1,48
20476,AITraining,45,RegionE,RegionE,5,150,59,59.68333333333333,0.6833333333333333,17,2.72,14.0,0,48
2050,BatchInference,50,RegionD,RegionE,22,80,59,60.2,1.2,14,1.4,9.0,1,48
21643,AITraining,59,RegionE,RegionF,18,150,59,60.333333333333336,1.3333333333333333,33,5.28,0.0,1,48
22489,BatchInference,56,RegionD,RegionE,22,80,59,59.31666666666667,0.3166666666666666,12,1.2000000000000002,3.0,1,48
23960,AITraining,57,RegionF,RegionF,5,150,59,59.2,0.2,63,10.08,2.0,0,48
24755,AITraining,47,RegionA,RegionA,5,150,59,62.766666666666666,3.7666666666666666,69,11.04,12.0,0,48
25108,RealTimeInference,59,RegionC,RegionB,14,20,59,64.88333333333334,5.883333333333334,7,0.56,0.0,1,48
26469,BatchInference,57,RegionB,RegionB,5,80,57,57.233333333333334,0.2333333333333333,10,1.0,0.0,0,48
26721,AITraining,47,RegionE,RegionF,18,150,59,59.18333333333333,0.1833333333333333,86,13.76,12.0,1,48
28673,BatchInference,58,RegionB,RegionA,12,80,59,61.233333333333334,2.2333333333333334,11,1.1,1.0,1,48
28718,BatchInference,39,RegionA,RegionA,5,80,59,60.96666666666667,1.9666666666666663,4,0.4,20.0,0,48
2908,BatchInference,51,RegionC,RegionA,15,80,59,60.483333333333334,1.4833333333333334,13,1.3,8.0,1,48
30141,BatchInference,57,RegionA,RegionC,15,80,59,60.86666666666667,1.8666666666666667,20,2.0,2.0,1,48
30760,AITraining,58,RegionD,RegionD,5,150,59,64.4,5.4,44,7.04,1.0,0,48
32163,RealTimeInference,59,RegionB,RegionC,14,20,59,60.333333333333336,1.3333333333333333,3,0.24,0.0,1,48
32532,BatchInference,57,RegionD,RegionD,5,80,59,64.35,5.35,17,1.7000000000000002,2.0,0,48
33820,BatchInference,45,RegionF,RegionE,18,80,59,59.2,0.2,19,1.9,14.0,1,48
34995,AITraining,32,RegionC,RegionC,5,150,61,65.13333333333334,4.133333333333334,60,9.6,29.0,0,48
39556,BatchInference,51,RegionC,RegionC,5,80,51,51.55,0.55,16,1.6,0.0,0,48
40390,BatchInference,45,RegionD,RegionE,22,80,59,59.86666666666667,0.8666666666666667,5,0.5,14.0,1,48
43579,AITraining,44,RegionE,RegionF,18,150,59,60.233333333333334,1.2333333333333334,52,8.32,15.0,1,48
44438,BatchInference,50,RegionD,RegionD,5,80,59,63.85,4.85,6,0.6000000000000001,9.0,0,48
44954,AITraining,57,RegionD,RegionF,25,150,59,60.266666666666666,1.2666666666666666,98,15.68,2.0,1,48
47459,BatchInference,45,RegionB,RegionB,5,80,48,52.31666666666666,4.316666666666666,19,1.9,3.0,0,48
48472,BatchInference,58,RegionD,RegionD,5,80,59,64.81666666666666,5.816666666666666,6,0.6000000000000001,1.0,0,48
48608,BatchInference,56,RegionC,RegionA,15,80,59,60.666666666666664,1.6666666666666667,20,2.0,3.0,1,48
5102,RealTimeInference,59,RegionD,RegionD,5,20,59,60.083333333333336,1.0833333333333333,1,0.08,0.0,0,48
7122,AITraining,58,RegionF,RegionF,5,150,59,59.266666666666666,0.2666666666666666,42,6.72,1.0,0,48
9453,BatchInference,56,RegionB,RegionD,60,80,59,63.516666666666666,4.516666666666667,9,0.9,3.0,1,48
11075,AITraining,60,RegionE,RegionD,22,150,60,64.68333333333334,4.683333333333334,97,15.52,0.0,1,48
11330,AITraining,53,RegionD,RegionD,5,150,68,72.21666666666667,4.216666666666667,117,18.72,15.0,0,48
12999,RealTimeInference,60,RegionC,RegionA,15,20,60,63.766666666666666,3.7666666666666666,7,0.56,0.0,1,48
13293,RealTimeInference,60,RegionB,RegionC,14,20,60,64.5,4.5,4,0.32,0.0,1,48
13437,RealTimeInference,60,RegionB,RegionC,14,20,60,63.233333333333334,3.2333333333333334,4,0.32,0.0,1,48
14656,BatchInference,57,RegionC,RegionC,5,80,63,66.51666666666667,3.5166666666666666,17,1.7000000000000002,6.0,0,48
17795,RealTimeInference,60,RegionF,RegionF,5,20,60,61.13333333333333,1.1333333333333333,4,0.32,0.0,0,48
21170,BatchInference,44,RegionC,RegionC,5,80,63,66.58333333333333,3.583333333333333,5,0.5,19.0,0,48
26578,AITraining,51,RegionF,RegionF,5,150,55,58.31666666666667,3.316666666666667,56,8.96,4.0,0,48
2896,RealTimeInference,60,RegionB,RegionA,12,20,60,66.0,6.0,4,0.32,0.0,1,48
29629,BatchInference,43,RegionA,RegionA,5,80,48,51.61666666666667,3.6166666666666663,20,2.0,5.0,0,48
33159,BatchInference,21,RegionB,RegionC,14,80,60,62.85,2.85,11,1.1,39.0,1,48
34865,AITraining,44,RegionD,RegionD,5,150,60,63.78333333333333,3.783333333333333,78,12.48,16.0,0,48
3557,BatchInference,48,RegionB,RegionC,14,80,60,61.43333333333333,1.4333333333333331,12,1.2000000000000002,12.0,1,48
36596,RealTimeInference,60,RegionA,RegionC,15,20,60,60.766666666666666,0.7666666666666667,5,0.4,0.0,1,48
36795,BatchInference,51,RegionC,RegionD,58,80,60,64.08333333333333,4.083333333333333,20,2.0,9.0,1,48
3904,BatchInference,49,RegionB,RegionD,60,80,60,63.483333333333334,3.4833333333333334,4,0.4,11.0,1,48
41715,BatchInference,48,RegionD,RegionD,5,80,60,64.76666666666667,4.766666666666667,10,1.0,12.0,0,48
48975,BatchInference,48,RegionB,RegionD,60,80,60,63.95,3.95,22,2.2,12.0,1,48
5084,AITraining,45,RegionD,RegionD,5,150,60,64.3,4.3,75,12.0,15.0,0,48
5540,BatchInference,56,RegionD,RegionD,5,80,60,64.05,4.05,23,2.3000000000000003,4.0,0,48
6122,BatchInference,41,RegionC,RegionC,5,80,60,62.7,2.7,11,1.1,19.0,0,48
678,RealTimeInference,60,RegionB,RegionC,14,20,60,64.55,4.55,2,0.16,0.0,1,48
6946,RealTimeInference,60,RegionA,RegionC,15,20,60,61.8,1.8,3,0.24,0.0,1,48
7559,BatchInference,26,RegionC,RegionC,5,80,60,62.53333333333333,2.533333333333333,18,1.8,34.0,0,48
10914,RealTimeInference,61,RegionE,RegionE,5,20,61,61.233333333333334,0.2333333333333333,6,0.48,0.0,0,48
16236,BatchInference,59,RegionB,RegionB,5,80,71,77.2,6.2,4,0.4,12.0,0,48
24620,BatchInference,50,RegionC,RegionD,58,80,61,63.516666666666666,2.5166666666666666,10,1.0,11.0,1,48
27046,AITraining,58,RegionD,RegionD,5,150,61,64.61666666666666,3.6166666666666663,86,13.76,3.0,0,48
28561,AITraining,61,RegionD,RegionD,5,150,61,66.98333333333333,5.983333333333333,68,10.88,0.0,0,48
30686,BatchInference,19,RegionB,RegionD,60,80,61,63.333333333333336,2.333333333333333,5,0.5,42.0,1,48
30968,RealTimeInference,61,RegionA,RegionC,15,20,61,63.05,2.05,5,0.4,0.0,1,48
33469,AITraining,61,RegionD,RegionD,5,150,61,66.68333333333334,5.683333333333334,49,7.84,0.0,0,48
38983,BatchInference,58,RegionA,RegionA,5,80,58,64.13333333333334,6.133333333333334,11,1.1,0.0,0,48
4016,AITraining,57,RegionD,RegionD,5,150,61,64.2,3.2,53,8.48,4.0,0,48
42093,RealTimeInference,61,RegionA,RegionB,12,20,61,67.43333333333334,6.433333333333334,6,0.48,0.0,1,48
44880,RealTimeInference,61,RegionA,RegionC,15,20,61,63.666666666666664,2.6666666666666665,3,0.24,0.0,1,48
47806,RealTimeInference,61,RegionA,RegionB,12,20,61,62.266666666666666,1.2666666666666666,4,0.32,0.0,1,48
5931,RealTimeInference,61,RegionA,RegionC,15,20,61,63.166666666666664,2.1666666666666665,5,0.4,0.0,1,48
7752,RealTimeInference,61,RegionD,RegionD,5,20,61,61.233333333333334,0.2333333333333333,6,0.48,0.0,0,48
9902,RealTimeInference,61,RegionC,RegionC,5,20,61,62.6,1.6,7,0.56,0.0,0,48
11650,AITraining,61,RegionD,RegionD,5,150,67,72.65,5.65,88,14.08,6.0,0,48
13191,AITraining,44,RegionB,RegionB,5,150,48,53.2,5.2,66,10.56,4.0,0,48
1476,BatchInference,50,RegionA,RegionD,65,80,62,66.85,4.85,6,0.6000000000000001,12.0,1,48
19403,AITraining,51,RegionC,RegionD,58,150,71,76.91666666666667,5.916666666666667,75,12.0,20.0,1,48
22528,BatchInference,61,RegionC,RegionC,5,80,61,67.48333333333333,6.483333333333333,13,1.3,0.0,0,48
23008,BatchInference,57,RegionD,RegionD,5,80,62,64.08333333333333,2.083333333333333,9,0.9,5.0,0,48
24835,BatchInference,50,RegionB,RegionB,5,80,50,55.733333333333334,5.733333333333333,10,1.0,0.0,0,48
27164,RealTimeInference,62,RegionA,RegionC,15,20,62,67.41666666666667,5.416666666666667,3,0.24,0.0,1,48
29346,RealTimeInference,62,RegionD,RegionD,5,20,62,66.2,4.2,5,0.4,0.0,0,48
29822,BatchInference,60,RegionC,RegionD,58,80,62,64.0,2.0,18,1.8,2.0,1,48
31896,BatchInference,61,RegionD,RegionD,5,80,62,67.23333333333333,5.233333333333333,17,1.7000000000000002,1.0,0,48
32288,AITraining,62,RegionD,RegionD,5,150,62,66.68333333333334,4.683333333333334,121,19.36,0.0,0,48
3377,RealTimeInference,62,RegionE,RegionE,5,20,62,62.583333333333336,0.5833333333333334,6,0.48,0.0,0,48
34309,BatchInference,56,RegionC,RegionC,5,80,62,62.71666666666667,0.7166666666666667,16,1.6,6.0,0,48
34854,AITraining,48,RegionE,RegionE,5,150,48,51.016666666666666,3.0166666666666666,124,19.84,0.0,0,48
38714,AITraining,57,RegionB,RegionB,5,150,62,65.0,3.0,85,13.6,5.0,0,48
46080,AITraining,48,RegionA,RegionA,5,150,62,62.6,0.6,53,8.48,14.0,0,48
46756,RealTimeInference,62,RegionA,RegionC,15,20,62,62.55,0.55,7,0.56,0.0,1,48
49743,BatchInference,58,RegionC,RegionC,5,80,62,63.5,1.5,7,0.7000000000000001,4.0,0,48
555,BatchInference,62,RegionD,RegionD,5,80,62,64.51666666666667,2.5166666666666666,20,2.0,0.0,0,48
6674,RealTimeInference,62,RegionB,RegionC,14,20,62,62.666666666666664,0.6666666666666666,5,0.4,0.0,1,48
7497,BatchInference,58,RegionA,RegionD,65,80,62,64.21666666666667,2.216666666666667,6,0.6000000000000001,4.0,1,48
10385,AITraining,54,RegionD,RegionD,5,150,63,63.18333333333333,0.1833333333333333,26,4.16,9.0,0,48
10873,RealTimeInference,63,RegionC,RegionA,15,20,63,66.7,3.7,7,0.56,0.0,1,48
11371,BatchInference,57,RegionD,RegionD,5,80,63,64.4,1.4,23,2.3000000000000003,6.0,0,48
15086,BatchInference,60,RegionF,RegionD,25,80,63,67.38333333333334,4.383333333333334,20,2.0,3.0,1,48
16725,AITraining,63,RegionF,RegionF,5,150,63,66.76666666666667,3.7666666666666666,25,4.0,0.0,0,48
19822,RealTimeInference,63,RegionF,RegionF,5,20,63,64.4,1.4,6,0.48,0.0,0,48
21280,AITraining,63,RegionD,RegionD,5,150,63,67.0,4.0,122,19.52,0.0,0,48
25278,BatchInference,63,RegionE,RegionD,22,80,63,63.56666666666667,0.5666666666666667,14,1.4,0.0,1,48
26855,BatchInference,63,RegionA,RegionA,5,80,65,70.1,5.1,8,0.8,2.0,0,48
26891,BatchInference,52,RegionD,RegionD,5,80,63,66.73333333333333,3.733333333333333,4,0.4,11.0,0,48
27518,AITraining,61,RegionD,RegionD,5,150,63,67.65,4.65,103,16.48,2.0,0,48
32570,AITraining,60,RegionD,RegionD,5,150,63,64.73333333333333,1.7333333333333334,65,10.4,3.0,0,48
33745,RealTimeInference,63,RegionB,RegionB,5,20,63,65.58333333333333,2.583333333333333,1,0.08,0.0,0,48
42224,RealTimeInference,63,RegionA,RegionB,12,20,63,65.1,2.1,2,0.16,0.0,1,48
42640,BatchInference,59,RegionD,RegionD,5,80,63,63.78333333333333,0.7833333333333333,7,0.7000000000000001,4.0,0,48
44199,BatchInference,61,RegionB,RegionD,60,80,63,63.65,0.65,4,0.4,2.0,1,48
6068,RealTimeInference,63,RegionA,RegionA,5,20,63,68.41666666666667,5.416666666666667,4,0.32,0.0,0,48
6377,BatchInference,63,RegionB,RegionB,5,80,68,73.01666666666667,5.016666666666667,20,2.0,5.0,0,48
12600,BatchInference,57,RegionF,RegionF,5,80,64,66.41666666666667,2.4166666666666665,4,0.4,7.0,0,48
13399,AITraining,46,RegionF,RegionF,5,150,64,66.91666666666667,2.9166666666666665,26,4.16,18.0,0,48
13585,AITraining,60,RegionD,RegionF,25,150,64,66.2,2.2,93,14.88,4.0,1,48
13793,BatchInference,46,RegionE,RegionF,18,80,64,65.88333333333334,1.8833333333333333,18,1.8,18.0,1,48
15133,BatchInference,61,RegionA,RegionA,5,80,63,67.13333333333334,4.133333333333334,4,0.4,2.0,0,48
18756,AITraining,58,RegionD,RegionF,25,150,64,65.81666666666666,1.8166666666666669,18,2.88,6.0,1,48
18811,AITraining,29,RegionF,RegionF,5,150,64,66.8,2.8,73,11.68,35.0,0,48
19223,BatchInference,52,RegionD,RegionF,25,80,64,66.11666666666666,2.1166666666666667,5,0.5,12.0,1,48
22946,BatchInference,62,RegionB,RegionB,5,80,62,64.53333333333333,2.533333333333333,23,2.3000000000000003,0.0,0,48
23796,AITraining,54,RegionF,RegionF,5,150,64,66.53333333333333,2.533333333333333,40,6.4,10.0,0,48
23894,RealTimeInference,64,RegionC,RegionC,5,20,64,65.98333333333333,1.9833333333333332,3,0.24,0.0,0,48
28261,BatchInference,63,RegionC,RegionC,5,80,63,65.51666666666667,2.5166666666666666,18,1.8,0.0,0,48
29693,AITraining,64,RegionF,RegionF,5,150,64,67.01666666666667,3.0166666666666666,48,7.68,0.0,0,48
33411,AITraining,61,RegionE,RegionF,18,150,64,65.78333333333333,1.7833333333333334,65,10.4,3.0,1,48
33698,BatchInference,21,RegionB,RegionB,5,80,48,50.1,2.1,22,2.2,27.0,0,48
3477,RealTimeInference,64,RegionA,RegionA,5,20,64,67.66666666666667,3.6666666666666665,1,0.08,0.0,0,48
35709,BatchInference,59,RegionF,RegionF,5,80,64,66.55,2.55,7,0.7000000000000001,5.0,0,48
36617,RealTimeInference,64,RegionB,RegionB,5,20,64,69.61666666666666,5.616666666666666,1,0.08,0.0,0,48
3687,RealTimeInference,64,RegionA,RegionA,5,20,64,64.31666666666666,0.3166666666666666,1,0.08,0.0,0,48
37811,AITraining,63,RegionD,RegionD,5,150,66,72.25,6.25,108,17.28,3.0,0,48
40136,AITraining,52,RegionF,RegionF,5,150,64,65.63333333333334,1.6333333333333333,36,5.76,12.0,0,48
44092,AITraining,57,RegionF,RegionF,5,150,64,65.75,1.75,57,9.12,7.0,0,48
45699,BatchInference,64,RegionF,RegionF,5,80,64,66.15,2.15,13,1.3,0.0,0,48
47506,AITraining,63,RegionD,RegionF,25,150,64,66.41666666666667,2.4166666666666665,99,15.84,1.0,1,48
48509,AITraining,60,RegionD,RegionF,25,150,64,65.68333333333334,1.6833333333333331,72,11.52,4.0,1,48
48820,BatchInference,49,RegionD,RegionF,25,80,64,66.01666666666667,2.0166666666666666,16,1.6,15.0,1,48
48998,AITraining,54,RegionF,RegionF,5,150,64,65.88333333333334,1.8833333333333333,25,4.0,10.0,0,48
49556,BatchInference,56,RegionF,RegionF,5,80,64,66.33333333333333,2.333333333333333,19,1.9,8.0,0,48
6683,AITraining,50,RegionF,RegionF,5,150,64,66.66666666666667,2.6666666666666665,85,13.6,14.0,0,48
8444,BatchInference,53,RegionC,RegionC,5,80,53,55.016666666666666,2.0166666666666666,9,0.9,0.0,0,48
10787,AITraining,61,RegionE,RegionE,5,150,65,67.86666666666666,2.8666666666666667,117,18.72,4.0,0,48
12887,BatchInference,61,RegionD,RegionE,22,80,65,68.16666666666667,3.1666666666666665,6,0.6000000000000001,4.0,1,48
13504,AITraining,65,RegionF,RegionE,18,150,65,68.68333333333334,3.683333333333333,50,8.0,0.0,1,48
14316,AITraining,53,RegionE,RegionE,5,150,65,68.23333333333333,3.2333333333333334,89,14.24,12.0,0,48
15519,BatchInference,65,RegionF,RegionE,18,80,65,67.46666666666667,2.466666666666667,16,1.6,0.0,1,48
15717,BatchInference,54,RegionA,RegionD,65,80,64,67.33333333333333,3.333333333333333,22,2.2,10.0,1,48
16686,BatchInference,65,RegionF,RegionE,18,80,65,68.43333333333334,3.433333333333333,8,0.8,0.0,1,48
1735,AITraining,49,RegionE,RegionE,5,150,65,67.75,2.75,16,2.56,16.0,0,48
1966,BatchInference,46,RegionE,RegionE,5,80,65,67.91666666666667,2.9166666666666665,20,2.0,19.0,0,48
19733,RealTimeInference,65,RegionB,RegionB,5,20,65,71.56666666666666,6.566666666666666,5,0.4,0.0,0,48
21297,BatchInference,56,RegionE,RegionE,5,80,65,68.5,3.5,21,2.1,9.0,0,48
21491,RealTimeInference,65,RegionB,RegionA,12,20,65,66.13333333333334,1.1333333333333333,5,0.4,0.0,1,48
22022,BatchInference,51,RegionB,RegionB,5,80,51,53.9,2.9,9,0.9,0.0,0,48
22629,AITraining,65,RegionF,RegionF,5,150,65,67.1,2.1,29,4.64,0.0,0,48
22671,BatchInference,58,RegionB,RegionB,5,80,58,61.36666666666667,3.3666666666666667,12,1.2000000000000002,0.0,0,48
23723,AITraining,48,RegionE,RegionE,5,150,65,68.26666666666667,3.2666666666666666,95,15.2,17.0,0,48
24143,AITraining,49,RegionE,RegionE,5,150,65,65.8,0.8,31,4.96,16.0,0,48
25643,AITraining,59,RegionD,RegionE,22,150,65,67.75,2.75,44,7.04,6.0,1,48
27043,BatchInference,54,RegionE,RegionE,5,80,65,68.1,3.1,7,0.7000000000000001,11.0,0,48
28513,BatchInference,63,RegionF,RegionE,18,80,65,68.46666666666667,3.466666666666667,15,1.5,2.0,1,48
31251,BatchInference,50,RegionB,RegionB,5,80,50,50.85,0.85,18,1.8,0.0,0,48
32615,AITraining,64,RegionD,RegionD,5,150,67,72.65,5.65,123,19.68,3.0,0,48
32722,AITraining,56,RegionE,RegionE,5,150,65,65.85,0.85,50,8.0,9.0,0,48
35409,BatchInference,38,RegionB,RegionB,5,80,48,50.9,2.9,10,1.0,10.0,0,48
36258,AITraining,49,RegionE,RegionE,5,150,65,66.36666666666666,1.3666666666666667,17,2.72,16.0,0,48
37654,RealTimeInference,65,RegionB,RegionB,5,20,65,67.43333333333334,2.433333333333333,7,0.56,0.0,0,48
37919,AITraining,61,RegionF,RegionE,18,150,65,65.68333333333334,0.6833333333333333,45,7.2,4.0,1,48
38322,BatchInference,60,RegionB,RegionB,5,80,68,71.91666666666667,3.9166666666666665,19,1.9,8.0,0,48
38726,BatchInference,65,RegionF,RegionF,5,80,65,66.58333333333333,1.5833333333333333,12,1.2000000000000002,0.0,0,48
39019,BatchInference,26,RegionD,RegionE,22,80,65,67.76666666666667,2.7666666666666666,10,1.0,39.0,1,48
40805,BatchInference,58,RegionE,RegionE,5,80,65,68.13333333333334,3.1333333333333333,12,1.2000000000000002,7.0,0,48
40835,BatchInference,12,RegionC,RegionC,5,80,64,67.1,3.1,17,1.7000000000000002,52.0,0,48
42112,BatchInference,46,RegionA,RegionA,5,80,48,50.65,2.65,21,2.1,2.0,0,48
42786,BatchInference,57,RegionE,RegionE,5,80,65,67.83333333333333,2.833333333333333,23,2.3000000000000003,8.0,0,48
43231,BatchInference,64,RegionD,RegionE,22,80,65,68.08333333333333,3.083333333333333,23,2.3000000000000003,1.0,1,48
43278,BatchInference,65,RegionE,RegionE,5,80,65,68.75,3.75,18,1.8,0.0,0,48
4445,RealTimeInference,65,RegionC,RegionC,5,20,65,65.71666666666667,0.7166666666666667,5,0.4,0.0,0,48
46144,AITraining,61,RegionF,RegionF,5,150,65,65.63333333333334,0.6333333333333333,125,20.0,4.0,0,48
47102,BatchInference,57,RegionE,RegionE,5,80,65,67.73333333333333,2.7333333333333334,9,0.9,8.0,0,48
47894,AITraining,46,RegionE,RegionE,5,150,65,68.23333333333333,3.2333333333333334,26,4.16,19.0,0,48
49181,AITraining,62,RegionF,RegionE,18,150,65,68.18333333333334,3.183333333333333,48,7.68,3.0,1,48
10966,AITraining,61,RegionF,RegionD,25,150,66,67.33333333333333,1.3333333333333333,72,11.52,5.0,1,48
12798,BatchInference,65,RegionA,RegionA,5,80,65,69.55,4.55,9,0.9,0.0,0,48
1303,AITraining,64,RegionF,RegionD,25,150,66,66.76666666666667,0.7666666666666667,51,8.16,2.0,1,48
13093,AITraining,65,RegionD,RegionD,5,150,66,67.11666666666666,1.1166666666666667,53,8.48,1.0,0,48
13556,RealTimeInference,66,RegionC,RegionB,14,20,66,71.28333333333333,5.283333333333333,1,0.08,0.0,1,48
13716,BatchInference,66,RegionA,RegionA,5,80,66,67.96666666666667,1.9666666666666663,10,1.0,0.0,0,48
14599,AITraining,66,RegionE,RegionE,5,150,68,73.41666666666667,5.416666666666667,60,9.6,2.0,0,48
15919,BatchInference,64,RegionF,RegionF,5,80,66,72.51666666666667,6.516666666666667,11,1.1,2.0,0,48
16003,AITraining,51,RegionF,RegionD,25,150,66,66.68333333333334,0.6833333333333333,97,15.52,15.0,1,48
1607,BatchInference,39,RegionA,RegionA,5,80,66,68.66666666666667,2.6666666666666665,20,2.0,27.0,0,48
16151,AITraining,53,RegionD,RegionD,5,150,66,67.51666666666667,1.5166666666666666,42,6.72,13.0,0,48
16284,RealTimeInference,66,RegionB,RegionB,5,20,66,70.48333333333333,4.483333333333333,4,0.32,0.0,0,48
16517,AITraining,64,RegionC,RegionA,15,150,66,68.65,2.65,57,9.12,2.0,1,48
17131,AITraining,63,RegionE,RegionE,5,150,68,72.9,4.9,82,13.12,5.0,0,48
19719,BatchInference,47,RegionB,RegionB,5,80,48,51.38333333333333,3.3833333333333333,20,2.0,1.0,0,48
19751,AITraining,58,RegionD,RegionD,5,150,68,71.03333333333333,3.033333333333333,17,2.72,10.0,0,48
20960,BatchInference,28,RegionC,RegionD,58,80,66,67.16666666666667,1.1666666666666667,22,2.2,38.0,1,48
22172,AITraining,56,RegionD,RegionD,5,150,66,67.38333333333334,1.3833333333333333,95,15.2,10.0,0,48
22350,AITraining,65,RegionD,RegionD,5,150,66,66.43333333333334,0.4333333333333333,115,18.4,1.0,0,48
22873,BatchInference,41,RegionA,RegionA,5,80,66,68.86666666666666,2.8666666666666667,17,1.7000000000000002,25.0,0,48
24600,AITraining,64,RegionD,RegionD,5,150,66,66.86666666666666,0.8666666666666667,78,12.48,2.0,0,48
25058,BatchInference,62,RegionB,RegionB,5,80,71,77.2,6.2,19,1.9,9.0,0,48
25084,BatchInference,66,RegionA,RegionB,12,80,66,66.91666666666667,0.9166666666666666,21,2.1,0.0,1,48
25815,BatchInference,66,RegionD,RegionD,5,80,68,70.85,2.85,22,2.2,2.0,0,48
26749,BatchInference,64,RegionA,RegionD,65,80,66,66.9,0.9,18,1.8,2.0,1,48
2695,AITraining,62,RegionF,RegionF,5,150,66,70.05,4.05,84,13.44,4.0,0,48
31659,BatchInference,40,RegionC,RegionC,5,80,60,65.55,5.55,5,0.5,20.0,0,48
32728,AITraining,65,RegionE,RegionE,5,150,68,72.98333333333333,4.983333333333333,65,10.4,3.0,0,48
32956,BatchInference,57,RegionB,RegionB,5,80,66,67.21666666666667,1.2166666666666666,10,1.0,9.0,0,48
33197,BatchInference,63,RegionA,RegionA,5,80,66,68.6,2.6,12,1.2000000000000002,3.0,0,48
33768,BatchInference,55,RegionA,RegionA,5,80,56,59.86666666666667,3.8666666666666663,7,0.7000000000000001,1.0,0,48
35841,BatchInference,58,RegionA,RegionA,5,80,58,61.5,3.5,19,1.9,0.0,0,48
36586,BatchInference,63,RegionD,RegionD,5,80,66,71.9,5.9,8,0.8,3.0,0,48
36741,AITraining,43,RegionD,RegionD,5,150,66,66.96666666666667,0.9666666666666668,126,20.16,23.0,0,48
37022,BatchInference,63,RegionA,RegionA,5,80,63,66.98333333333333,3.983333333333333,15,1.5,0.0,0,48
37816,AITraining,55,RegionD,RegionD,5,150,66,67.0,1.0,89,14.24,11.0,0,48
38132,RealTimeInference,66,RegionA,RegionA,5,20,66,69.08333333333333,3.083333333333333,1,0.08,0.0,0,48
38224,BatchInference,59,RegionB,RegionB,5,80,66,67.4,1.4,12,1.2000000000000002,7.0,0,48
38446,AITraining,66,RegionD,RegionD,5,150,66,66.31666666666666,0.3166666666666666,73,11.68,0.0,0,48
38480,BatchInference,61,RegionB,RegionB,5,80,68,73.4,5.4,18,1.8,7.0,0,48
40561,RealTimeInference,66,RegionB,RegionA,12,20,66,67.45,1.45,2,0.16,0.0,1,48
40833,AITraining,60,RegionC,RegionC,5,150,61,65.23333333333333,4.233333333333333,92,14.72,1.0,0,48
43279,AITraining,66,RegionA,RegionA,5,150,66,66.48333333333333,0.4833333333333333,92,14.72,0.0,0,48
44376,BatchInference,66,RegionB,RegionD,60,80,66,68.01666666666667,2.0166666666666666,9,0.9,0.0,1,48
44745,BatchInference,59,RegionC,RegionC,5,80,63,66.65,3.65,14,1.4,4.0,0,48
44816,AITraining,62,RegionD,RegionD,5,150,66,67.55,1.55,22,3.52,4.0,0,48
45249,BatchInference,46,RegionB,RegionB,5,80,48,50.93333333333333,2.933333333333333,13,1.3,2.0,0,48
45406,AITraining,66,RegionD,RegionD,5,150,67,70.78333333333333,3.783333333333333,124,19.84,1.0,0,48
45664,BatchInference,45,RegionD,RegionD,5,80,66,67.31666666666666,1.3166666666666669,7,0.7000000000000001,21.0,0,48
46047,BatchInference,50,RegionF,RegionD,25,80,66,66.78333333333333,0.7833333333333333,7,0.7000000000000001,16.0,1,48
46185,AITraining,63,RegionA,RegionA,5,150,63,63.7,0.7,97,15.52,0.0,0,48
46303,BatchInference,52,RegionA,RegionA,5,80,56,59.9,3.9,21,2.1,4.0,0,48
46793,BatchInference,66,RegionD,RegionD,5,80,66,68.63333333333334,2.6333333333333333,14,1.4,0.0,0,48
47781,BatchInference,37,RegionB,RegionB,5,80,48,52.13333333333333,4.133333333333334,22,2.2,11.0,0,48
48875,BatchInference,43,RegionA,RegionA,5,80,48,51.983333333333334,3.983333333333333,22,2.2,5.0,0,48
49400,AITraining,62,RegionD,RegionD,5,150,66,66.38333333333334,0.3833333333333333,33,5.28,4.0,0,48
6028,BatchInference,66,RegionA,RegionA,5,80,71,77.0,6.0,10,1.0,5.0,0,48
6710,BatchInference,66,RegionA,RegionA,5,80,66,70.7,4.7,12,1.2000000000000002,0.0,0,48
7506,AITraining,49,RegionD,RegionD,5,150,66,66.33333333333333,0.3333333333333333,103,16.48,17.0,0,48
9264,BatchInference,66,RegionC,RegionC,5,80,66,70.56666666666666,4.566666666666666,20,2.0,0.0,0,48
940,AITraining,66,RegionD,RegionA,65,150,66,68.96666666666667,2.966666666666667,93,14.88,0.0,1,48
10137,BatchInference,64,RegionC,RegionC,5,80,64,64.4,0.4,18,1.8,0.0,0,48
1351,BatchInference,62,RegionA,RegionA,5,80,62,62.53333333333333,0.5333333333333333,13,1.3,0.0,0,48
19411,AITraining,67,RegionD,RegionD,5,150,67,73.25,6.25,111,17.76,0.0,0,48
24048,RealTimeInference,67,RegionA,RegionC,15,20,67,70.36666666666666,3.3666666666666667,6,0.48,0.0,1,48
24393,BatchInference,56,RegionE,RegionE,5,80,67,67.88333333333334,0.8833333333333333,12,1.2000000000000002,11.0,0,48
25934,BatchInference,55,RegionE,RegionE,5,80,67,68.75,1.75,22,2.2,12.0,0,48
26043,BatchInference,60,RegionB,RegionB,5,80,60,60.55,0.55,14,1.4,0.0,0,48
2616,RealTimeInference,67,RegionE,RegionE,5,20,67,72.05,5.05,2,0.16,0.0,0,48
27876,BatchInference,57,RegionE,RegionE,5,80,67,68.85,1.85,9,0.9,10.0,0,48
28539,BatchInference,42,RegionF,RegionE,18,80,67,67.28333333333333,0.2833333333333333,23,2.3000000000000003,25.0,1,48
28662,BatchInference,52,RegionD,RegionE,22,80,67,68.1,1.1,22,2.2,15.0,1,48
2927,BatchInference,61,RegionB,RegionB,5,80,61,61.18333333333333,0.1833333333333333,21,2.1,0.0,0,48
36008,BatchInference,46,RegionC,RegionC,5,80,48,49.28333333333333,1.2833333333333334,5,0.5,2.0,0,48
36767,RealTimeInference,67,RegionA,RegionB,12,20,67,69.38333333333334,2.3833333333333333,5,0.4,0.0,1,48
39331,BatchInference,57,RegionA,RegionA,5,80,57,58.016666666666666,1.0166666666666666,6,0.6000000000000001,0.0,0,48
39652,RealTimeInference,67,RegionA,RegionB,12,20,67,71.26666666666667,4.266666666666667,6,0.48,0.0,1,48
41987,BatchInference,48,RegionA,RegionA,5,80,48,48.86666666666667,0.8666666666666667,17,1.7000000000000002,0.0,0,48
423,BatchInference,57,RegionD,RegionE,22,80,67,67.63333333333334,0.6333333333333333,12,1.2000000000000002,10.0,1,48
42918,BatchInference,46,RegionF,RegionE,18,80,67,68.11666666666666,1.1166666666666667,22,2.2,21.0,1,48
44034,RealTimeInference,67,RegionA,RegionC,15,20,67,72.58333333333333,5.583333333333333,5,0.4,0.0,1,48
45114,RealTimeInference,67,RegionC,RegionB,14,20,67,70.33333333333333,3.333333333333333,4,0.32,0.0,1,48
45853,BatchInference,67,RegionC,RegionC,5,80,69,70.06666666666666,1.0666666666666669,22,2.2,2.0,0,48
46045,BatchInference,66,RegionD,RegionE,22,80,67,67.56666666666666,0.5666666666666667,21,2.1,1.0,1,48
47513,RealTimeInference,67,RegionB,RegionB,5,20,67,67.5,0.5,4,0.32,0.0,0,48
6047,RealTimeInference,67,RegionF,RegionE,18,20,67,73.31666666666666,6.316666666666666,6,0.48,0.0,1,48
6270,RealTimeInference,67,RegionF,RegionE,18,20,67,70.38333333333334,3.3833333333333333,6,0.48,0.0,1,48
7722,BatchInference,64,RegionB,RegionB,5,80,64,64.65,0.65,23,2.3000000000000003,0.0,0,48
7941,BatchInference,65,RegionD,RegionE,22,80,67,67.3,0.3,12,1.2000000000000002,2.0,1,48
9047,RealTimeInference,67,RegionA,RegionC,15,20,67,73.38333333333334,6.383333333333334,1,0.08,0.0,1,48
12139,RealTimeInference,68,RegionC,RegionA,15,20,68,74.16666666666667,6.166666666666667,4,0.32,0.0,1,48
13675,RealTimeInference,68,RegionC,RegionC,5,20,68,70.41666666666667,2.4166666666666665,3,0.24,0.0,0,48
24591,BatchInference,60,RegionA,RegionA,5,80,68,69.58333333333333,1.5833333333333333,7,0.7000000000000001,8.0,0,48
30294,RealTimeInference,68,RegionB,RegionA,12,20,68,71.3,3.3,4,0.32,0.0,1,48
30859,RealTimeInference,68,RegionB,RegionC,14,20,68,68.61666666666666,0.6166666666666667,2,0.16,0.0,1,48
31623,AITraining,67,RegionA,RegionA,5,150,68,73.38333333333334,5.383333333333334,102,16.32,1.0,0,48
40930,RealTimeInference,68,RegionD,RegionD,5,20,68,68.43333333333334,0.4333333333333333,4,0.32,0.0,0,48
41076,BatchInference,66,RegionA,RegionA,5,80,68,69.25,1.25,10,1.0,2.0,0,48
7118,RealTimeInference,68,RegionA,RegionB,12,20,68,74.23333333333333,6.233333333333333,5,0.4,0.0,1,48
10944,RealTimeInference,69,RegionB,RegionB,5,20,69,75.1,6.1,3,0.24,0.0,0,48
11886,AITraining,67,RegionC,RegionC,5,150,71,75.4,4.4,43,6.88,4.0,0,48
13964,BatchInference,67,RegionF,RegionF,5,80,67,71.01666666666667,4.016666666666667,15,1.5,0.0,0,48
27725,AITraining,69,RegionF,RegionF,5,150,69,75.6,6.6,79,12.64,0.0,0,48
36854,RealTimeInference,69,RegionB,RegionA,12,20,69,74.91666666666667,5.916666666666667,6,0.48,0.0,1,48
38152,RealTimeInference,69,RegionB,RegionB,5,20,69,70.78333333333333,1.7833333333333334,6,0.48,0.0,0,48
44801,BatchInference,67,RegionA,RegionA,5,80,67,71.01666666666667,4.016666666666667,13,1.3,0.0,0,48
12051,RealTimeInference,70,RegionA,RegionB,12,20,70,76.41666666666667,6.416666666666667,5,0.4,0.0,1,48
12906,RealTimeInference,70,RegionB,RegionB,5,20,70,70.2,0.2,1,0.08,0.0,0,48
22085,AITraining,67,RegionF,RegionF,5,150,67,69.78333333333333,2.783333333333333,42,6.72,0.0,0,48
30068,BatchInference,69,RegionF,RegionF,5,80,69,75.4,6.4,19,1.9,0.0,0,48
32100,RealTimeInference,70,RegionC,RegionA,15,20,70,74.46666666666667,4.466666666666667,5,0.4,0.0,1,48
33597,RealTimeInference,70,RegionF,RegionE,18,20,70,72.2,2.2,3,0.24,0.0,1,48
41557,RealTimeInference,70,RegionB,RegionB,5,20,70,70.55,0.55,4,0.32,0.0,0,48
10486,RealTimeInference,71,RegionC,RegionC,5,20,71,71.63333333333334,0.6333333333333333,4,0.32,0.0,0,48
11981,RealTimeInference,71,RegionB,RegionB,5,20,71,71.76666666666667,0.7666666666666667,4,0.32,0.0,0,48
17606,RealTimeInference,71,RegionA,RegionA,5,20,71,72.65,1.65,4,0.32,0.0,0,48
33311,RealTimeInference,71,RegionB,RegionA,12,20,71,76.78333333333333,5.783333333333333,2,0.16,0.0,1,48
33888,BatchInference,70,RegionB,RegionB,5,80,70,74.31666666666666,4.316666666666666,15,1.5,0.0,0,48
37523,BatchInference,68,RegionC,RegionB,14,80,71,73.01666666666667,2.0166666666666666,7,0.7000000000000001,3.0,1,48
39555,AITraining,69,RegionD,RegionA,65,150,71,73.46666666666667,2.466666666666667,120,19.2,2.0,1,48
3980,RealTimeInference,71,RegionC,RegionB,14,20,71,72.73333333333333,1.7333333333333334,4,0.32,0.0,1,48
40219,RealTimeInference,71,RegionB,RegionB,5,20,71,72.6,1.6,6,0.48,0.0,0,48
46079,RealTimeInference,71,RegionC,RegionC,5,20,71,71.25,0.25,2,0.16,0.0,0,48
49034,BatchInference,71,RegionB,RegionB,5,80,71,75.31666666666666,4.316666666666666,11,1.1,0.0,0,48
24456,RealTimeInference,72,RegionB,RegionB,5,20,72,75.98333333333333,3.983333333333333,2,0.16,0.0,0,72
31349,RealTimeInference,72,RegionA,RegionB,12,20,72,74.5,2.5,5,0.4,0.0,1,72
32330,RealTimeInference,72,RegionC,RegionB,14,20,72,77.63333333333334,5.633333333333334,4,0.32,0.0,1,72
35125,RealTimeInference,72,RegionD,RegionD,5,20,72,76.25,4.25,7,0.56,0.0,0,72
37368,RealTimeInference,72,RegionC,RegionA,15,20,72,73.83333333333333,1.8333333333333333,6,0.48,0.0,1,72
37629,RealTimeInference,72,RegionC,RegionB,14,20,72,76.85,4.85,7,0.56,0.0,1,72
13372,RealTimeInference,73,RegionC,RegionC,5,20,73,77.05,4.05,4,0.32,0.0,0,72
26174,RealTimeInference,73,RegionA,RegionB,12,20,73,74.83333333333333,1.8333333333333333,7,0.56,0.0,1,72
33376,RealTimeInference,73,RegionA,RegionC,15,20,73,77.3,4.3,3,0.24,0.0,1,72
38746,RealTimeInference,73,RegionE,RegionE,5,20,73,73.75,0.75,1,0.08,0.0,0,72
38907,RealTimeInference,73,RegionB,RegionC,14,20,73,74.75,1.75,7,0.56,0.0,1,72
40632,RealTimeInference,73,RegionB,RegionC,14,20,73,75.83333333333333,2.833333333333333,7,0.56,0.0,1,72
49831,RealTimeInference,73,RegionC,RegionB,14,20,73,76.51666666666667,3.5166666666666666,1,0.08,0.0,1,72
5078,RealTimeInference,73,RegionA,RegionB,12,20,73,74.9,1.9,4,0.32,0.0,1,72
11647,RealTimeInference,74,RegionC,RegionA,15,20,74,77.28333333333333,3.283333333333333,2,0.16,0.0,1,72
12736,RealTimeInference,74,RegionC,RegionC,5,20,74,74.86666666666666,0.8666666666666667,2,0.16,0.0,0,72
13937,RealTimeInference,74,RegionC,RegionA,15,20,74,75.35,1.35,3,0.24,0.0,1,72
29140,RealTimeInference,74,RegionB,RegionB,5,20,74,77.51666666666667,3.5166666666666666,6,0.48,0.0,0,72
32211,RealTimeInference,74,RegionC,RegionC,5,20,74,74.53333333333333,0.5333333333333333,3,0.24,0.0,0,72
38790,RealTimeInference,74,RegionC,RegionB,14,20,74,77.68333333333334,3.683333333333333,1,0.08,0.0,1,72
42964,RealTimeInference,74,RegionF,RegionE,18,20,74,75.9,1.9,6,0.48,0.0,1,72
48076,RealTimeInference,74,RegionA,RegionC,15,20,74,77.01666666666667,3.0166666666666666,6,0.48,0.0,1,72
7345,RealTimeInference,74,RegionC,RegionB,14,20,74,76.58333333333333,2.583333333333333,4,0.32,0.0,1,72
18273,RealTimeInference,75,RegionC,RegionC,5,20,75,78.81666666666666,3.816666666666667,3,0.24,0.0,0,72
26329,RealTimeInference,75,RegionF,RegionE,18,20,75,80.0,5.0,6,0.48,0.0,1,72
26787,RealTimeInference,75,RegionC,RegionB,14,20,75,79.71666666666667,4.716666666666667,4,0.32,0.0,1,72
34269,RealTimeInference,75,RegionB,RegionB,5,20,75,75.48333333333333,0.4833333333333333,1,0.08,0.0,0,72
39052,RealTimeInference,75,RegionB,RegionB,5,20,75,78.21666666666667,3.216666666666667,6,0.48,0.0,0,72
47753,RealTimeInference,75,RegionA,RegionC,15,20,75,79.9,4.9,7,0.56,0.0,1,72
12925,BatchInference,74,RegionC,RegionC,5,80,95,101.23333333333333,6.233333333333333,8,0.8,21.0,0,72
15713,AITraining,68,RegionE,RegionE,5,150,81,87.01666666666667,6.016666666666667,97,15.52,13.0,0,72
28738,RealTimeInference,76,RegionA,RegionB,12,20,76,78.83333333333333,2.833333333333333,3,0.24,0.0,1,72
3112,AITraining,75,RegionE,RegionE,5,150,81,87.35,6.35,31,4.96,6.0,0,72
37151,RealTimeInference,76,RegionC,RegionA,15,20,76,77.28333333333333,1.2833333333333334,1,0.08,0.0,1,72
39992,RealTimeInference,76,RegionD,RegionD,5,20,76,81.88333333333334,5.883333333333334,4,0.32,0.0,0,72
4162,RealTimeInference,76,RegionB,RegionC,14,20,76,82.18333333333334,6.183333333333334,6,0.48,0.0,1,72
8510,BatchInference,69,RegionC,RegionC,5,80,72,78.5,6.5,12,1.2000000000000002,3.0,0,72
10408,BatchInference,69,RegionE,RegionE,5,80,77,79.06666666666666,2.066666666666667,15,1.5,8.0,0,72
1148,RealTimeInference,77,RegionA,RegionC,15,20,77,79.15,2.15,2,0.16,0.0,1,72
13885,BatchInference,75,RegionF,RegionF,5,80,75,80.46666666666667,5.466666666666667,21,2.1,0.0,0,72
14160,BatchInference,75,RegionE,RegionE,5,80,77,78.86666666666666,1.8666666666666667,15,1.5,2.0,0,72
16401,RealTimeInference,77,RegionB,RegionC,14,20,77,78.1,1.1,6,0.48,0.0,1,72
17375,BatchInference,73,RegionF,RegionE,18,80,77,81.18333333333334,4.183333333333334,14,1.4,4.0,1,72
18198,RealTimeInference,77,RegionB,RegionC,14,20,77,78.76666666666667,1.7666666666666666,2,0.16,0.0,1,72
20864,BatchInference,67,RegionE,RegionE,5,80,77,81.58333333333333,4.583333333333333,18,1.8,10.0,0,72
22205,BatchInference,51,RegionB,RegionB,5,80,72,76.6,4.6,8,0.8,21.0,0,72
22532,BatchInference,70,RegionA,RegionA,5,80,72,76.2,4.2,16,1.6,2.0,0,72
2312,BatchInference,72,RegionD,RegionE,22,80,77,79.4,2.4,22,2.2,5.0,1,72
24707,AITraining,69,RegionE,RegionE,5,150,77,79.45,2.45,52,8.32,8.0,0,72
26258,RealTimeInference,77,RegionA,RegionC,15,20,77,80.8,3.8,2,0.16,0.0,1,72
26667,AITraining,73,RegionE,RegionE,5,150,77,78.56666666666666,1.5666666666666669,57,9.12,4.0,0,72
26890,AITraining,71,RegionE,RegionE,5,150,77,81.73333333333333,4.733333333333333,119,19.04,6.0,0,72
28726,AITraining,75,RegionD,RegionE,22,150,77,78.76666666666667,1.7666666666666666,116,18.56,2.0,1,72
32800,BatchInference,68,RegionC,RegionE,70,80,77,81.71666666666667,4.716666666666667,22,2.2,9.0,1,72
33240,RealTimeInference,77,RegionB,RegionC,14,20,77,77.68333333333334,0.6833333333333333,1,0.08,0.0,1,72
33257,RealTimeInference,77,RegionA,RegionC,15,20,77,82.03333333333333,5.033333333333333,2,0.16,0.0,1,72
33962,AITraining,73,RegionE,RegionE,5,150,77,78.63333333333334,1.6333333333333333,94,15.04,4.0,0,72
34277,AITraining,74,RegionE,RegionE,5,150,77,79.21666666666667,2.216666666666667,25,4.0,3.0,0,72
34300,RealTimeInference,77,RegionA,RegionB,12,20,77,82.33333333333333,5.333333333333333,3,0.24,0.0,1,72
34490,BatchInference,73,RegionA,RegionA,5,80,73,75.2,2.2,17,1.7000000000000002,0.0,0,72
37052,AITraining,75,RegionE,RegionE,5,150,77,79.15,2.15,24,3.84,2.0,0,72
37818,RealTimeInference,77,RegionB,RegionC,14,20,77,80.45,3.45,6,0.48,0.0,1,72
399,BatchInference,70,RegionF,RegionE,18,80,77,78.76666666666667,1.7666666666666666,9,0.9,7.0,1,72
3995,RealTimeInference,77,RegionA,RegionC,15,20,77,83.13333333333334,6.133333333333334,3,0.24,0.0,1,72
41137,BatchInference,67,RegionC,RegionC,5,80,72,78.33333333333333,6.333333333333333,5,0.5,5.0,0,72
41153,RealTimeInference,77,RegionC,RegionC,5,20,77,78.0,1.0,1,0.08,0.0,0,72
41929,BatchInference,29,RegionA,RegionC,15,80,77,77.23333333333333,0.2333333333333333,4,0.4,48.0,1,72
42790,RealTimeInference,77,RegionB,RegionC,14,20,77,83.43333333333334,6.433333333333334,2,0.16,0.0,1,72
46584,BatchInference,73,RegionE,RegionE,5,80,77,81.46666666666667,4.466666666666667,20,2.0,4.0,0,72
46592,RealTimeInference,77,RegionA,RegionC,15,20,77,81.76666666666667,4.766666666666667,2,0.16,0.0,1,72
4666,AITraining,76,RegionD,RegionE,22,150,77,78.81666666666666,1.8166666666666669,35,5.6000000000000005,1.0,1,72
4668,RealTimeInference,77,RegionC,RegionC,5,20,77,80.03333333333333,3.033333333333333,7,0.56,0.0,0,72
47351,AITraining,75,RegionF,RegionE,18,150,77,78.73333333333333,1.7333333333333334,105,16.8,2.0,1,72
48023,BatchInference,74,RegionB,RegionD,60,80,74,78.18333333333334,4.183333333333334,23,2.3000000000000003,0.0,1,72
49770,RealTimeInference,77,RegionB,RegionC,14,20,77,81.03333333333333,4.033333333333333,3,0.24,0.0,1,72
6175,AITraining,44,RegionE,RegionE,5,150,77,78.63333333333334,1.6333333333333333,77,12.32,33.0,0,72
6651,BatchInference,77,RegionA,RegionA,5,80,85,89.7,4.7,14,1.4,8.0,0,72
6859,AITraining,32,RegionF,RegionF,5,150,75,77.58333333333333,2.583333333333333,121,19.36,43.0,0,72
6964,BatchInference,70,RegionE,RegionE,5,80,77,82.66666666666667,5.666666666666667,21,2.1,7.0,0,72
913,RealTimeInference,77,RegionA,RegionC,15,20,77,77.85,0.85,5,0.4,0.0,1,72
11203,RealTimeInference,78,RegionA,RegionC,15,20,78,82.28333333333333,4.283333333333333,3,0.24,0.0,1,72
13695,AITraining,76,RegionF,RegionF,5,150,76,81.95,5.95,44,7.04,0.0,0,72
14710,RealTimeInference,78,RegionC,RegionB,14,20,78,84.05,6.05,4,0.32,0.0,1,72
20034,BatchInference,75,RegionB,RegionB,5,80,75,75.21666666666667,0.2166666666666666,15,1.5,0.0,0,72
24726,BatchInference,75,RegionD,RegionE,22,80,78,78.41666666666667,0.4166666666666667,20,2.0,3.0,1,72
27484,BatchInference,69,RegionA,RegionA,5,80,72,78.55,6.55,15,1.5,3.0,0,72
28595,RealTimeInference,78,RegionB,RegionB,5,20,78,80.51666666666667,2.5166666666666666,4,0.32,0.0,0,72
29225,BatchInference,58,RegionC,RegionB,14,80,78,78.31666666666666,0.3166666666666666,5,0.5,20.0,1,72
30394,AITraining,69,RegionE,RegionE,5,150,78,78.33333333333333,0.3333333333333333,60,9.6,9.0,0,72
3124,RealTimeInference,78,RegionB,RegionC,14,20,78,83.33333333333333,5.333333333333333,5,0.4,0.0,1,72
35729,RealTimeInference,78,RegionA,RegionA,5,20,78,78.81666666666666,0.8166666666666667,5,0.4,0.0,0,72
36782,RealTimeInference,78,RegionB,RegionB,5,20,78,84.36666666666666,6.366666666666666,3,0.24,0.0,0,72
40769,BatchInference,70,RegionB,RegionB,5,80,72,72.61666666666666,0.6166666666666667,5,0.5,2.0,0,72
43706,RealTimeInference,78,RegionA,RegionC,15,20,78,83.08333333333333,5.083333333333333,7,0.56,0.0,1,72
49655,AITraining,70,RegionA,RegionA,5,150,78,81.21666666666667,3.216666666666667,23,3.68,8.0,0,72
7713,BatchInference,66,RegionF,RegionE,18,80,78,84.61666666666666,6.616666666666666,20,2.0,12.0,1,72
9941,BatchInference,68,RegionD,RegionE,22,80,78,78.21666666666667,0.2166666666666666,9,0.9,10.0,1,72
11638,BatchInference,69,RegionB,RegionC,14,80,79,81.38333333333334,2.3833333333333333,4,0.4,10.0,1,72
16369,BatchInference,76,RegionD,RegionD,5,80,79,82.33333333333333,3.333333333333333,15,1.5,3.0,0,72
16982,RealTimeInference,79,RegionA,RegionB,12,20,79,85.58333333333333,6.583333333333333,5,0.4,0.0,1,72
17356,RealTimeInference,79,RegionA,RegionA,5,20,79,82.55,3.55,3,0.24,0.0,0,72
17463,AITraining,76,RegionD,RegionD,5,150,79,80.4,1.4,95,15.2,3.0,0,72
17667,BatchInference,72,RegionC,RegionC,5,80,72,75.83333333333333,3.8333333333333335,16,1.6,0.0,0,72
18161,RealTimeInference,79,RegionC,RegionA,15,20,79,85.6,6.6,3,0.24,0.0,1,72
18252,AITraining,76,RegionE,RegionD,22,150,79,84.81666666666666,5.816666666666666,123,19.68,3.0,1,72
18891,AITraining,69,RegionB,RegionB,5,150,77,83.45,6.45,104,16.64,8.0,0,72
21551,AITraining,75,RegionE,RegionD,22,150,79,84.3,5.3,95,15.2,4.0,1,72
22167,AITraining,74,RegionD,RegionD,5,150,79,84.71666666666667,5.716666666666667,122,19.52,5.0,0,72
22818,BatchInference,69,RegionD,RegionD,5,80,79,80.58333333333333,1.5833333333333333,22,2.2,10.0,0,72
23721,AITraining,74,RegionD,RegionD,5,150,79,84.45,5.45,73,11.68,5.0,0,72
24915,BatchInference,75,RegionC,RegionC,5,80,86,92.03333333333333,6.033333333333333,22,2.2,11.0,0,72
24921,BatchInference,73,RegionB,RegionB,5,80,73,76.73333333333333,3.733333333333333,12,1.2000000000000002,0.0,0,72
3027,BatchInference,66,RegionD,RegionD,5,80,79,83.73333333333333,4.733333333333333,23,2.3000000000000003,13.0,0,72
30337,RealTimeInference,79,RegionF,RegionE,18,20,79,80.78333333333333,1.7833333333333334,6,0.48,0.0,1,72
30477,BatchInference,70,RegionB,RegionD,60,80,79,83.01666666666667,4.016666666666667,10,1.0,9.0,1,72
31974,BatchInference,71,RegionD,RegionD,5,80,90,93.2,3.2,4,0.4,19.0,0,72
33383,AITraining,75,RegionD,RegionD,5,150,79,81.71666666666667,2.716666666666667,76,12.16,4.0,0,72
35384,RealTimeInference,79,RegionB,RegionC,14,20,79,83.13333333333334,4.133333333333334,3,0.24,0.0,1,72
35589,AITraining,75,RegionE,RegionD,22,150,79,84.55,5.55,31,4.96,4.0,1,72
36122,BatchInference,72,RegionF,RegionF,5,80,75,78.08333333333333,3.083333333333333,7,0.7000000000000001,3.0,0,72
36550,AITraining,75,RegionD,RegionD,5,150,79,85.63333333333334,6.633333333333334,118,18.88,4.0,0,72
37457,BatchInference,70,RegionC,RegionC,5,80,79,81.36666666666666,2.3666666666666667,20,2.0,9.0,0,72
38027,AITraining,76,RegionD,RegionD,5,150,79,84.75,5.75,29,4.64,3.0,0,72
39311,BatchInference,77,RegionA,RegionC,15,80,79,81.76666666666667,2.7666666666666666,9,0.9,2.0,1,72
39685,BatchInference,77,RegionA,RegionD,65,80,79,83.21666666666667,4.216666666666667,12,1.2000000000000002,2.0,1,72
40401,AITraining,60,RegionD,RegionD,5,150,79,80.48333333333333,1.4833333333333334,16,2.56,19.0,0,72
41011,AITraining,72,RegionD,RegionD,5,150,79,84.36666666666666,5.366666666666666,77,12.32,7.0,0,72
41077,BatchInference,57,RegionB,RegionC,14,80,79,81.66666666666667,2.6666666666666665,4,0.4,22.0,1,72
41132,AITraining,74,RegionE,RegionD,22,150,79,85.43333333333334,6.433333333333334,104,16.64,5.0,1,72
44723,BatchInference,77,RegionA,RegionC,15,80,79,81.76666666666667,2.7666666666666666,10,1.0,2.0,1,72
47368,RealTimeInference,79,RegionB,RegionB,5,20,79,84.21666666666667,5.216666666666667,2,0.16,0.0,0,72
49561,AITraining,76,RegionE,RegionE,5,150,95,98.05,3.05,24,3.84,19.0,0,72
5631,BatchInference,72,RegionD,RegionD,5,80,79,83.73333333333333,4.733333333333333,9,0.9,7.0,0,72
8121,AITraining,63,RegionD,RegionD,5,150,79,84.93333333333334,5.933333333333334,82,13.12,16.0,0,72
8350,AITraining,55,RegionB,RegionD,60,150,79,84.53333333333333,5.533333333333333,115,18.4,24.0,1,72
86,BatchInference,79,RegionB,RegionB,5,80,90,93.45,3.45,23,2.3000000000000003,11.0,0,72
9505,AITraining,67,RegionD,RegionD,5,150,79,84.6,5.6,85,13.6,12.0,0,72
10300,RealTimeInference,80,RegionB,RegionC,14,20,80,85.45,5.45,4,0.32,0.0,1,72
10519,RealTimeInference,80,RegionC,RegionC,5,20,80,80.85,0.85,2,0.16,0.0,0,72
10950,BatchInference,80,RegionC,RegionE,70,80,80,85.08333333333333,5.083333333333333,11,1.1,0.0,1,72
12578,RealTimeInference,80,RegionB,RegionB,5,20,80,83.43333333333334,3.433333333333333,2,0.16,0.0,0,72
13051,BatchInference,69,RegionD,RegionE,22,80,80,85.06666666666666,5.066666666666666,9,0.9,11.0,1,72
13658,AITraining,78,RegionD,RegionD,5,150,80,85.38333333333334,5.383333333333334,22,3.52,2.0,0,72
14285,BatchInference,69,RegionE,RegionE,5,80,80,85.5,5.5,4,0.4,11.0,0,72
17229,BatchInference,80,RegionD,RegionE,22,80,80,84.96666666666667,4.966666666666667,12,1.2000000000000002,0.0,1,72
23063,BatchInference,68,RegionA,RegionA,5,80,72,77.03333333333333,5.033333333333333,9,0.9,4.0,0,72
24089,BatchInference,80,RegionC,RegionC,5,80,80,82.38333333333334,2.3833333333333333,8,0.8,0.0,0,72
24642,BatchInference,72,RegionE,RegionE,5,80,80,84.86666666666666,4.866666666666666,10,1.0,8.0,0,72
25295,BatchInference,74,RegionB,RegionB,5,80,74,79.98333333333333,5.983333333333333,19,1.9,0.0,0,72
25561,BatchInference,76,RegionF,RegionE,18,80,80,85.61666666666666,5.616666666666666,9,0.9,4.0,1,72
26720,AITraining,79,RegionE,RegionE,5,150,80,85.68333333333334,5.683333333333334,17,2.72,1.0,0,72
27230,BatchInference,80,RegionB,RegionB,5,80,87,92.2,5.2,6,0.6000000000000001,7.0,0,72
29482,RealTimeInference,80,RegionC,RegionB,14,20,80,83.53333333333333,3.533333333333333,2,0.16,0.0,1,72
32690,AITraining,72,RegionE,RegionE,5,150,80,84.88333333333334,4.883333333333334,26,4.16,8.0,0,72
35005,RealTimeInference,80,RegionB,RegionB,5,20,80,80.41666666666667,0.4166666666666667,3,0.24,0.0,0,72
35177,RealTimeInference,80,RegionC,RegionB,14,20,80,85.35,5.35,2,0.16,0.0,1,72
35186,BatchInference,80,RegionB,RegionB,5,80,87,92.51666666666667,5.516666666666667,8,0.8,7.0,0,72
37321,AITraining,69,RegionE,RegionE,5,150,80,85.1,5.1,71,11.36,11.0,0,72
40016,BatchInference,73,RegionD,RegionE,22,80,80,85.05,5.05,18,1.8,7.0,1,72
42173,RealTimeInference,80,RegionB,RegionC,14,20,80,83.78333333333333,3.783333333333333,6,0.48,0.0,1,72
42752,RealTimeInference,80,RegionC,RegionA,15,20,80,81.88333333333334,1.8833333333333333,7,0.56,0.0,1,72
43603,RealTimeInference,80,RegionB,RegionC,14,20,80,86.25,6.25,5,0.4,0.0,1,72
45469,BatchInference,74,RegionE,RegionE,5,80,80,84.83333333333333,4.833333333333333,20,2.0,6.0,0,72
47877,RealTimeInference,80,RegionF,RegionE,18,20,80,82.0,2.0,5,0.4,0.0,1,72
5431,AITraining,80,RegionB,RegionB,5,150,87,91.58333333333333,4.583333333333333,54,8.64,7.0,0,72
783,BatchInference,76,RegionC,RegionC,5,80,80,82.21666666666667,2.216666666666667,18,1.8,4.0,0,72
9389,AITraining,68,RegionD,RegionF,25,150,80,84.83333333333333,4.833333333333333,84,13.44,12.0,1,72
9484,RealTimeInference,80,RegionE,RegionE,5,20,80,84.05,4.05,6,0.48,0.0,0,72
9949,BatchInference,79,RegionE,RegionE,5,80,80,84.95,4.95,17,1.7000000000000002,1.0,0,72
11483,AITraining,74,RegionE,RegionF,18,150,81,85.5,4.5,41,6.5600000000000005,7.0,1,72
14326,AITraining,77,RegionC,RegionC,5,150,86,92.45,6.45,67,10.72,9.0,0,72
14699,AITraining,77,RegionF,RegionF,5,150,81,84.68333333333334,3.683333333333333,16,2.56,4.0,0,72
16963,BatchInference,74,RegionA,RegionC,15,80,81,82.41666666666667,1.4166666666666667,19,1.9,7.0,1,72
18253,RealTimeInference,81,RegionC,RegionA,15,20,81,85.35,4.35,6,0.48,0.0,1,72
18507,BatchInference,79,RegionC,RegionD,58,80,81,85.35,4.35,9,0.9,2.0,1,72
21800,RealTimeInference,81,RegionB,RegionA,12,20,81,87.6,6.6,4,0.32,0.0,1,72
27409,RealTimeInference,81,RegionB,RegionA,12,20,81,86.8,5.8,2,0.16,0.0,1,72
27482,AITraining,67,RegionF,RegionF,5,150,81,85.43333333333334,4.433333333333334,85,13.6,14.0,0,72
27745,AITraining,70,RegionF,RegionF,5,150,81,84.8,3.8,28,4.48,11.0,0,72
28008,AITraining,54,RegionF,RegionF,5,150,81,84.48333333333333,3.4833333333333334,87,13.92,27.0,0,72
28486,AITraining,80,RegionF,RegionF,5,150,91,97.16666666666667,6.166666666666667,80,12.8,11.0,0,72
30237,AITraining,51,RegionF,RegionF,5,150,81,84.65,3.65,71,11.36,30.0,0,72
31423,BatchInference,81,RegionD,RegionD,5,80,81,85.65,4.65,17,1.7000000000000002,0.0,0,72
35813,RealTimeInference,81,RegionC,RegionC,5,20,81,86.2,5.2,3,0.24,0.0,0,72
37244,AITraining,77,RegionF,RegionF,5,150,81,85.15,4.15,90,14.4,4.0,0,72
38456,BatchInference,81,RegionD,RegionD,5,80,81,84.71666666666667,3.716666666666667,20,2.0,0.0,0,72
38654,RealTimeInference,81,RegionD,RegionD,5,20,81,83.15,2.15,2,0.16,0.0,0,72
42740,BatchInference,81,RegionE,RegionD,22,80,81,85.85,4.85,15,1.5,0.0,1,72
42771,AITraining,67,RegionE,RegionF,18,150,81,84.55,3.55,63,10.08,14.0,1,72
43243,AITraining,70,RegionE,RegionF,18,150,81,84.66666666666667,3.6666666666666665,87,13.92,11.0,1,72
44133,RealTimeInference,81,RegionA,RegionB,12,20,81,86.65,5.65,3,0.24,0.0,1,72
4760,RealTimeInference,81,RegionC,RegionC,5,20,81,83.21666666666667,2.216666666666667,1,0.08,0.0,0,72
48807,AITraining,44,RegionF,RegionF,5,150,81,84.85,3.85,125,20.0,37.0,0,72
8139,BatchInference,42,RegionF,RegionD,25,80,81,85.73333333333333,4.733333333333333,22,2.2,39.0,1,72
8204,RealTimeInference,81,RegionC,RegionA,15,20,81,82.55,1.55,7,0.56,0.0,1,72
8292,RealTimeInference,81,RegionA,RegionC,15,20,81,85.81666666666666,4.816666666666666,5,0.4,0.0,1,72
9842,BatchInference,73,RegionC,RegionC,5,80,81,81.73333333333333,0.7333333333333333,22,2.2,8.0,0,72
15872,RealTimeInference,82,RegionC,RegionA,15,20,82,82.5,0.5,6,0.48,0.0,1,72
23574,RealTimeInference,82,RegionF,RegionE,18,20,82,87.31666666666666,5.316666666666666,3,0.24,0.0,1,72
27329,AITraining,76,RegionD,RegionD,5,150,82,85.11666666666666,3.1166666666666667,33,5.28,6.0,0,72
30750,RealTimeInference,82,RegionE,RegionE,5,20,82,84.41666666666667,2.4166666666666665,5,0.4,0.0,0,72
31932,RealTimeInference,82,RegionA,RegionB,12,20,82,86.46666666666667,4.466666666666667,5,0.4,0.0,1,72
343,BatchInference,79,RegionC,RegionC,5,80,80,84.85,4.85,9,0.9,1.0,0,72
36010,RealTimeInference,82,RegionC,RegionA,15,20,82,88.05,6.05,2,0.16,0.0,1,72
36670,BatchInference,82,RegionC,RegionC,5,80,83,88.0,5.0,19,1.9,1.0,0,72
42269,AITraining,82,RegionA,RegionA,5,150,87,93.1,6.1,92,14.72,5.0,0,72
47951,AITraining,81,RegionD,RegionD,5,150,88,92.91666666666667,4.916666666666667,35,5.6000000000000005,7.0,0,72
9581,AITraining,82,RegionE,RegionE,5,150,82,87.48333333333333,5.483333333333333,32,5.12,0.0,0,72
16359,BatchInference,81,RegionA,RegionA,5,80,87,92.5,5.5,7,0.7000000000000001,6.0,0,72
16904,BatchInference,76,RegionA,RegionA,5,80,76,78.38333333333334,2.3833333333333333,22,2.2,0.0,0,72
23238,RealTimeInference,83,RegionC,RegionB,14,20,83,88.01666666666667,5.016666666666667,3,0.24,0.0,1,72
23481,AITraining,82,RegionF,RegionF,5,150,82,86.06666666666666,4.066666666666666,20,3.2,0.0,0,72
23828,AITraining,72,RegionE,RegionE,5,150,83,84.35,1.35,36,5.76,11.0,0,72
23944,RealTimeInference,83,RegionB,RegionB,5,20,83,83.76666666666667,0.7666666666666667,6,0.48,0.0,0,72
25181,BatchInference,77,RegionF,RegionF,5,80,83,85.46666666666667,2.466666666666667,8,0.8,6.0,0,72
26197,RealTimeInference,83,RegionC,RegionA,15,20,83,86.48333333333333,3.4833333333333334,4,0.32,0.0,1,72
27529,AITraining,72,RegionF,RegionF,5,150,83,85.45,2.45,41,6.5600000000000005,11.0,0,72
28553,BatchInference,81,RegionA,RegionD,65,80,83,87.9,4.9,6,0.6000000000000001,2.0,1,72
33562,BatchInference,80,RegionD,RegionE,22,80,83,84.78333333333333,1.7833333333333334,20,2.0,3.0,1,72
349,RealTimeInference,83,RegionA,RegionB,12,20,83,88.45,5.45,3,0.24,0.0,1,72
36607,BatchInference,83,RegionE,RegionD,22,80,83,84.9,1.9,21,2.1,0.0,1,72
37366,RealTimeInference,83,RegionB,RegionA,12,20,83,84.68333333333334,1.6833333333333331,3,0.24,0.0,1,72
38530,AITraining,83,RegionA,RegionA,5,150,87,90.53333333333333,3.533333333333333,47,7.52,4.0,0,72
41307,RealTimeInference,83,RegionB,RegionA,12,20,83,86.2,3.2,5,0.4,0.0,1,72
41541,AITraining,77,RegionA,RegionA,5,150,87,90.51666666666667,3.5166666666666666,55,8.8,10.0,0,72
4473,AITraining,77,RegionA,RegionA,5,150,87,90.66666666666667,3.6666666666666665,62,9.92,10.0,0,72
45808,BatchInference,79,RegionD,RegionD,5,80,83,84.55,1.55,5,0.5,4.0,0,72
46479,AITraining,81,RegionF,RegionE,18,150,83,84.75,1.75,25,4.0,2.0,1,72
46512,AITraining,67,RegionF,RegionF,5,150,83,84.66666666666667,1.6666666666666667,86,13.76,16.0,0,72
9805,BatchInference,73,RegionF,RegionF,5,80,83,85.41666666666667,2.4166666666666665,13,1.3,10.0,0,72
11218,RealTimeInference,84,RegionA,RegionC,15,20,84,85.56666666666666,1.5666666666666669,4,0.32,0.0,1,72
12232,AITraining,79,RegionF,RegionF,5,150,84,85.18333333333334,1.1833333333333331,56,8.96,5.0,0,72
12436,AITraining,84,RegionF,RegionD,25,150,84,89.73333333333333,5.733333333333333,77,12.32,0.0,1,72
19060,AITraining,36,RegionF,RegionF,5,150,84,84.61666666666666,0.6166666666666667,98,15.68,48.0,0,72
19934,BatchInference,73,RegionA,RegionD,65,80,84,85.88333333333334,1.8833333333333333,4,0.4,11.0,1,72
26123,BatchInference,84,RegionD,RegionD,5,80,84,88.93333333333334,4.933333333333334,8,0.8,0.0,0,72
27773,RealTimeInference,84,RegionA,RegionB,12,20,84,84.8,0.8,2,0.16,0.0,1,72
28643,BatchInference,81,RegionD,RegionF,25,80,84,84.21666666666667,0.2166666666666666,6,0.6000000000000001,3.0,1,72
30800,RealTimeInference,84,RegionB,RegionC,14,20,84,85.41666666666667,1.4166666666666667,1,0.08,0.0,1,72
316,AITraining,80,RegionD,RegionD,5,150,84,85.36666666666666,1.3666666666666667,105,16.8,4.0,0,72
37567,RealTimeInference,84,RegionA,RegionC,15,20,84,90.06666666666666,6.066666666666666,2,0.16,0.0,1,72
39342,AITraining,73,RegionF,RegionF,5,150,84,85.15,1.15,60,9.6,11.0,0,72
4380,RealTimeInference,84,RegionC,RegionA,15,20,84,89.28333333333333,5.283333333333333,4,0.32,0.0,1,72
47585,AITraining,84,RegionD,RegionD,5,150,84,89.46666666666667,5.466666666666667,97,15.52,0.0,0,72
48605,AITraining,82,RegionF,RegionF,5,150,86,92.63333333333334,6.633333333333334,72,11.52,4.0,0,72
6345,AITraining,84,RegionD,RegionD,5,150,84,90.61666666666666,6.616666666666666,23,3.68,0.0,0,72
9693,RealTimeInference,84,RegionC,RegionC,5,20,84,84.83333333333333,0.8333333333333334,5,0.4,0.0,0,72
14289,BatchInference,81,RegionC,RegionB,14,80,85,87.58333333333333,2.583333333333333,11,1.1,4.0,1,72
15041,AITraining,70,RegionC,RegionC,5,150,85,86.46666666666667,1.4666666666666666,80,12.8,15.0,0,72
16310,BatchInference,85,RegionD,RegionD,5,80,91,97.26666666666667,6.266666666666667,16,1.6,6.0,0,72
17127,AITraining,83,RegionC,RegionC,5,150,85,86.36666666666666,1.3666666666666667,66,10.56,2.0,0,72
20567,BatchInference,85,RegionD,RegionD,5,80,88,93.85,5.85,19,1.9,3.0,0,72
21181,RealTimeInference,85,RegionA,RegionB,12,20,85,85.41666666666667,0.4166666666666667,4,0.32,0.0,1,72
24511,RealTimeInference,85,RegionC,RegionC,5,20,85,90.15,5.15,7,0.56,0.0,0,72
28042,AITraining,58,RegionC,RegionC,5,150,85,85.28333333333333,0.2833333333333333,125,20.0,27.0,0,72
28225,AITraining,69,RegionA,RegionA,5,150,85,86.68333333333334,1.6833333333333331,92,14.72,16.0,0,72
32376,AITraining,85,RegionF,RegionF,5,150,85,87.41666666666667,2.4166666666666665,68,10.88,0.0,0,72
34121,RealTimeInference,85,RegionC,RegionA,15,20,85,89.48333333333333,4.483333333333333,4,0.32,0.0,1,72
34470,AITraining,83,RegionB,RegionA,12,150,85,86.68333333333334,1.6833333333333331,124,19.84,2.0,1,72
34629,AITraining,74,RegionD,RegionC,58,150,85,85.83333333333333,0.8333333333333334,126,20.16,11.0,1,72
35076,AITraining,68,RegionD,RegionA,65,150,85,86.93333333333334,1.9333333333333331,36,5.76,17.0,1,72
36576,AITraining,71,RegionC,RegionC,5,150,85,86.18333333333334,1.1833333333333331,61,9.76,14.0,0,72
37008,RealTimeInference,85,RegionF,RegionE,18,20,85,88.86666666666666,3.8666666666666663,5,0.4,0.0,1,72
39362,RealTimeInference,85,RegionC,RegionC,5,20,85,86.33333333333333,1.3333333333333333,2,0.16,0.0,0,72
44540,AITraining,74,RegionD,RegionB,60,150,85,87.26666666666667,2.2666666666666666,59,9.44,11.0,1,72
47284,AITraining,74,RegionE,RegionC,70,150,85,86.0,1.0,127,20.32,11.0,1,72
4896,RealTimeInference,85,RegionB,RegionC,14,20,85,90.16666666666667,5.166666666666667,6,0.48,0.0,1,72
8219,AITraining,85,RegionC,RegionC,5,150,95,100.66666666666667,5.666666666666667,31,4.96,10.0,0,72
8919,AITraining,71,RegionF,RegionF,5,150,72,73.68333333333334,1.6833333333333331,124,19.84,1.0,0,72
9518,BatchInference,47,RegionA,RegionB,12,80,85,87.4,2.4,4,0.4,38.0,1,72
14826,AITraining,78,RegionD,RegionB,60,150,86,86.85,0.85,56,8.96,8.0,1,72
17362,RealTimeInference,86,RegionE,RegionE,5,20,86,89.35,3.35,3,0.24,0.0,0,72
19305,RealTimeInference,86,RegionA,RegionA,5,20,86,92.41666666666667,6.416666666666667,1,0.08,0.0,0,72
28520,BatchInference,86,RegionF,RegionF,5,80,86,87.08333333333333,1.0833333333333333,15,1.5,0.0,0,72
28984,BatchInference,82,RegionD,RegionE,22,80,86,92.45,6.45,7,0.7000000000000001,4.0,1,72
35260,RealTimeInference,86,RegionB,RegionC,14,20,86,92.1,6.1,6,0.48,0.0,1,72
36009,RealTimeInference,86,RegionC,RegionC,5,20,86,87.88333333333334,1.8833333333333333,2,0.16,0.0,0,72
44690,RealTimeInference,86,RegionA,RegionA,5,20,86,92.26666666666667,6.266666666666667,4,0.32,0.0,0,72
46586,RealTimeInference,86,RegionA,RegionB,12,20,86,87.8,1.8,4,0.32,0.0,1,72
48913,RealTimeInference,86,RegionD,RegionD,5,20,86,92.55,6.55,7,0.56,0.0,0,72
5142,RealTimeInference,86,RegionA,RegionB,12,20,86,87.08333333333333,1.0833333333333333,6,0.48,0.0,1,72
5606,RealTimeInference,86,RegionC,RegionB,14,20,86,86.3,0.3,5,0.4,0.0,1,72
5772,RealTimeInference,86,RegionA,RegionA,5,20,86,92.6,6.6,3,0.24,0.0,0,72
6917,RealTimeInference,86,RegionB,RegionB,5,20,86,87.61666666666666,1.6166666666666667,1,0.08,0.0,0,72
789,BatchInference,85,RegionC,RegionB,14,80,86,88.76666666666667,2.7666666666666666,17,1.7000000000000002,1.0,1,72
8192,AITraining,71,RegionF,RegionF,5,150,72,73.05,1.05,112,17.92,1.0,0,72
12119,BatchInference,81,RegionD,RegionE,22,80,87,93.11666666666666,6.116666666666666,12,1.2000000000000002,6.0,1,72
13425,BatchInference,87,RegionE,RegionE,5,80,87,91.73333333333333,4.733333333333333,16,1.6,0.0,0,72
13607,AITraining,78,RegionE,RegionD,22,150,87,90.45,3.45,99,15.84,9.0,1,72
13897,AITraining,86,RegionE,RegionD,22,150,87,91.78333333333333,4.783333333333333,117,18.72,1.0,1,72
14555,BatchInference,53,RegionA,RegionA,5,80,72,76.08333333333333,4.083333333333333,11,1.1,19.0,0,72
15104,AITraining,83,RegionE,RegionE,5,150,87,93.25,6.25,108,17.28,4.0,0,72
15531,AITraining,54,RegionF,RegionD,25,150,87,90.78333333333333,3.783333333333333,65,10.4,33.0,1,72
15532,BatchInference,87,RegionF,RegionD,25,80,87,91.08333333333333,4.083333333333333,14,1.4,0.0,1,72
17511,AITraining,81,RegionE,RegionE,5,150,87,88.31666666666666,1.3166666666666669,22,3.52,6.0,0,72
19292,BatchInference,79,RegionA,RegionA,5,80,85,90.5,5.5,18,1.8,6.0,0,72
20249,RealTimeInference,87,RegionA,RegionC,15,20,87,91.98333333333333,4.983333333333333,4,0.32,0.0,1,72
20569,BatchInference,77,RegionE,RegionE,5,80,87,92.95,5.95,14,1.4,10.0,0,72
21056,AITraining,87,RegionC,RegionD,58,150,87,91.43333333333334,4.433333333333334,121,19.36,0.0,1,72
26115,AITraining,82,RegionD,RegionD,5,150,87,88.76666666666667,1.7666666666666666,30,4.8,5.0,0,72
26143,AITraining,81,RegionE,RegionD,22,150,87,90.71666666666667,3.716666666666667,74,11.84,6.0,1,72
26285,BatchInference,86,RegionB,RegionB,5,80,87,91.28333333333333,4.283333333333333,10,1.0,1.0,0,72
26516,BatchInference,82,RegionC,RegionE,70,80,87,93.65,6.65,23,2.3000000000000003,5.0,1,72
26742,AITraining,87,RegionF,RegionE,18,150,87,92.83333333333333,5.833333333333333,29,4.64,0.0,1,72
27201,BatchInference,85,RegionF,RegionE,18,80,87,91.96666666666667,4.966666666666667,4,0.4,2.0,1,72
27550,AITraining,85,RegionC,RegionD,58,150,87,91.76666666666667,4.766666666666667,104,16.64,2.0,1,72
2801,BatchInference,81,RegionA,RegionA,5,80,87,92.6,5.6,20,2.0,6.0,0,72
33552,BatchInference,78,RegionA,RegionA,5,80,87,91.16666666666667,4.166666666666667,19,1.9,9.0,0,72
33896,BatchInference,84,RegionD,RegionD,5,80,87,88.75,1.75,19,1.9,3.0,0,72
33964,RealTimeInference,87,RegionE,RegionE,5,20,87,88.83333333333333,1.8333333333333333,7,0.56,0.0,0,72
34491,BatchInference,86,RegionB,RegionD,60,80,87,91.13333333333334,4.133333333333334,10,1.0,1.0,1,72
34510,BatchInference,85,RegionA,RegionA,5,80,85,91.45,6.45,17,1.7000000000000002,0.0,0,72
35002,RealTimeInference,87,RegionA,RegionB,12,20,87,89.83333333333333,2.833333333333333,6,0.48,0.0,1,72
35667,AITraining,87,RegionE,RegionE,5,150,87,93.48333333333333,6.483333333333333,70,11.2,0.0,0,72
36472,BatchInference,65,RegionB,RegionB,5,80,72,73.6,1.6,4,0.4,7.0,0,72
3660,BatchInference,78,RegionA,RegionA,5,80,87,92.91666666666667,5.916666666666667,17,1.7000000000000002,9.0,0,72
3839,BatchInference,87,RegionB,RegionB,5,80,87,92.78333333333333,5.783333333333333,11,1.1,0.0,0,72
40322,AITraining,86,RegionD,RegionD,5,150,87,91.96666666666667,4.966666666666667,93,14.88,1.0,0,72
40651,BatchInference,83,RegionB,RegionD,60,80,87,91.3,4.3,18,1.8,4.0,1,72
41258,AITraining,83,RegionF,RegionE,18,150,87,92.68333333333334,5.683333333333334,114,18.24,4.0,1,72
41269,AITraining,75,RegionE,RegionD,22,150,87,91.08333333333333,4.083333333333333,39,6.24,12.0,1,72
4223,BatchInference,86,RegionF,RegionE,18,80,87,93.36666666666666,6.366666666666666,19,1.9,1.0,1,72
42619,BatchInference,87,RegionB,RegionB,5,80,87,92.28333333333333,5.283333333333333,19,1.9,0.0,0,72
42907,AITraining,84,RegionD,RegionE,22,150,87,92.91666666666667,5.916666666666667,41,6.5600000000000005,3.0,1,72
43355,AITraining,82,RegionE,RegionE,5,150,87,93.1,6.1,89,14.24,5.0,0,72
45452,AITraining,83,RegionD,RegionD,5,150,87,91.3,4.3,70,11.2,4.0,0,72
48439,AITraining,70,RegionE,RegionD,22,150,87,91.31666666666666,4.316666666666666,121,19.36,17.0,1,72
48802,BatchInference,85,RegionF,RegionE,18,80,87,87.43333333333334,0.4333333333333333,5,0.5,2.0,1,72
49211,RealTimeInference,87,RegionA,RegionC,15,20,87,92.41666666666667,5.416666666666667,6,0.48,0.0,1,72
49272,BatchInference,84,RegionD,RegionD,5,80,87,90.51666666666667,3.5166666666666666,21,2.1,3.0,0,72
49793,RealTimeInference,87,RegionA,RegionC,15,20,87,90.3,3.3,1,0.08,0.0,1,72
6644,RealTimeInference,87,RegionA,RegionC,15,20,87,90.91666666666667,3.9166666666666665,2,0.16,0.0,1,72
666,AITraining,87,RegionE,RegionD,22,150,87,89.61666666666666,2.6166666666666667,101,16.16,0.0,1,72
8296,BatchInference,81,RegionE,RegionE,5,80,87,93.18333333333334,6.183333333333334,12,1.2000000000000002,6.0,0,72
9304,BatchInference,74,RegionC,RegionE,70,80,87,93.13333333333334,6.133333333333334,7,0.7000000000000001,13.0,1,72
12524,RealTimeInference,88,RegionB,RegionC,14,20,88,92.91666666666667,4.916666666666667,6,0.48,0.0,1,72
12664,AITraining,69,RegionF,RegionF,5,150,88,90.63333333333334,2.6333333333333333,95,15.2,19.0,0,72
14511,BatchInference,88,RegionB,RegionB,5,80,89,94.03333333333333,5.033333333333333,16,1.6,1.0,0,72
15077,BatchInference,85,RegionD,RegionF,25,80,88,92.71666666666667,4.716666666666667,18,1.8,3.0,1,72
15184,AITraining,88,RegionF,RegionF,5,150,88,91.21666666666667,3.216666666666667,48,7.68,0.0,0,72
15253,RealTimeInference,88,RegionB,RegionC,14,20,88,89.7,1.7,4,0.32,0.0,1,72
15299,RealTimeInference,88,RegionB,RegionC,14,20,88,91.48333333333333,3.4833333333333334,5,0.4,0.0,1,72
17563,BatchInference,88,RegionD,RegionF,25,80,88,91.6,3.6,17,1.7000000000000002,0.0,1,72
1981,BatchInference,82,RegionA,RegionA,5,80,85,91.61666666666666,6.616666666666666,21,2.1,3.0,0,72
20538,AITraining,88,RegionC,RegionC,5,150,95,99.53333333333333,4.533333333333333,63,10.08,7.0,0,72
2112,AITraining,82,RegionB,RegionB,5,150,90,93.5,3.5,91,14.56,8.0,0,72
28390,AITraining,88,RegionD,RegionD,5,150,91,94.88333333333333,3.883333333333333,123,19.68,3.0,0,72
29878,BatchInference,81,RegionA,RegionA,5,80,87,91.31666666666666,4.316666666666666,13,1.3,6.0,0,72
30334,BatchInference,85,RegionC,RegionE,70,80,88,93.05,5.05,18,1.8,3.0,1,72
33778,RealTimeInference,88,RegionB,RegionC,14,20,88,89.66666666666667,1.6666666666666667,2,0.16,0.0,1,72
34064,BatchInference,62,RegionA,RegionC,15,80,88,88.93333333333334,0.9333333333333332,4,0.4,26.0,1,72
34495,AITraining,66,RegionF,RegionF,5,150,88,91.08333333333333,3.083333333333333,35,5.6000000000000005,22.0,0,72
35541,BatchInference,85,RegionB,RegionB,5,80,90,93.63333333333333,3.633333333333333,13,1.3,5.0,0,72
3650,BatchInference,67,RegionD,RegionF,25,80,88,91.5,3.5,14,1.4,21.0,1,72
37963,RealTimeInference,88,RegionB,RegionC,14,20,88,93.78333333333333,5.783333333333333,1,0.08,0.0,1,72
38906,BatchInference,86,RegionB,RegionB,5,80,87,91.58333333333333,4.583333333333333,12,1.2000000000000002,1.0,0,72
38995,BatchInference,76,RegionF,RegionF,5,80,88,90.38333333333334,2.3833333333333333,11,1.1,12.0,0,72
39107,BatchInference,82,RegionF,RegionF,5,80,88,90.6,2.6,21,2.1,6.0,0,72
39388,AITraining,71,RegionF,RegionF,5,150,88,91.13333333333334,3.1333333333333333,82,13.12,17.0,0,72
40190,RealTimeInference,88,RegionA,RegionB,12,20,88,92.83333333333333,4.833333333333333,2,0.16,0.0,1,72
41637,BatchInference,88,RegionD,RegionF,25,80,88,91.5,3.5,18,1.8,0.0,1,72
42427,BatchInference,81,RegionA,RegionA,5,80,87,90.78333333333333,3.783333333333333,14,1.4,6.0,0,72
44394,AITraining,72,RegionF,RegionF,5,150,88,91.15,3.15,75,12.0,16.0,0,72
44659,AITraining,69,RegionD,RegionF,25,150,88,91.4,3.4,105,16.8,19.0,1,72
44802,BatchInference,83,RegionA,RegionA,5,80,87,90.41666666666667,3.4166666666666665,4,0.4,4.0,0,72
46168,BatchInference,69,RegionC,RegionC,5,80,72,75.85,3.85,7,0.7000000000000001,3.0,0,72
46302,BatchInference,88,RegionE,RegionF,18,80,88,92.08333333333333,4.083333333333333,16,1.6,0.0,1,72
47323,AITraining,84,RegionE,RegionF,18,150,88,90.61666666666666,2.6166666666666667,109,17.44,4.0,1,72
47972,BatchInference,76,RegionC,RegionC,5,80,82,85.28333333333333,3.283333333333333,9,0.9,6.0,0,72
483,AITraining,84,RegionF,RegionF,5,150,88,91.51666666666667,3.5166666666666666,39,6.24,4.0,0,72
4894,RealTimeInference,88,RegionA,RegionC,15,20,88,88.2,0.2,5,0.4,0.0,1,72
49216,AITraining,88,RegionC,RegionD,58,150,95,100.2,5.2,120,19.2,7.0,1,72
49587,RealTimeInference,88,RegionC,RegionC,5,20,88,93.33333333333333,5.333333333333333,2,0.16,0.0,0,72
6204,AITraining,66,RegionF,RegionF,5,150,88,90.63333333333334,2.6333333333333333,91,14.56,22.0,0,72
8428,RealTimeInference,88,RegionF,RegionF,5,20,88,90.16666666666667,2.1666666666666665,6,0.48,0.0,0,72
8963,BatchInference,83,RegionC,RegionF,76,80,83,86.81666666666666,3.816666666666667,18,1.8,0.0,1,72
12165,BatchInference,88,RegionD,RegionF,25,80,89,91.7,2.7,5,0.5,1.0,1,72
1873,RealTimeInference,89,RegionC,RegionA,15,20,89,95.56666666666666,6.566666666666666,1,0.08,0.0,1,72
2214,RealTimeInference,89,RegionB,RegionA,12,20,89,91.75,2.75,6,0.48,0.0,1,72
23617,BatchInference,87,RegionC,RegionE,70,80,89,94.03333333333333,5.033333333333333,4,0.4,2.0,1,72
31978,RealTimeInference,89,RegionA,RegionB,12,20,89,89.31666666666666,0.3166666666666666,4,0.32,0.0,1,72
32859,AITraining,89,RegionD,RegionD,5,150,89,91.33333333333333,2.333333333333333,106,16.96,0.0,0,72
33791,AITraining,87,RegionE,RegionE,5,150,87,92.51666666666667,5.516666666666667,50,8.0,0.0,0,72
35220,RealTimeInference,89,RegionB,RegionC,14,20,89,95.11666666666666,6.116666666666666,4,0.32,0.0,1,72
36792,RealTimeInference,89,RegionA,RegionC,15,20,89,93.71666666666667,4.716666666666667,4,0.32,0.0,1,72
37885,BatchInference,89,RegionD,RegionE,22,80,89,93.93333333333334,4.933333333333334,9,0.9,0.0,1,72
45983,BatchInference,88,RegionB,RegionB,5,80,88,93.41666666666667,5.416666666666667,6,0.6000000000000001,0.0,0,72
49869,RealTimeInference,89,RegionC,RegionA,15,20,89,91.25,2.25,3,0.24,0.0,1,72
7192,RealTimeInference,89,RegionB,RegionC,14,20,89,93.16666666666667,4.166666666666667,5,0.4,0.0,1,72
11146,AITraining,78,RegionD,RegionD,5,150,90,90.51666666666667,0.5166666666666667,60,9.6,12.0,0,72
11452,BatchInference,90,RegionF,RegionE,18,80,90,93.75,3.75,21,2.1,0.0,1,72
13537,BatchInference,83,RegionE,RegionF,18,80,90,91.3,1.3,4,0.4,7.0,1,72
17543,BatchInference,78,RegionD,RegionD,5,80,90,90.48333333333333,0.4833333333333333,22,2.2,12.0,0,72
20264,RealTimeInference,90,RegionB,RegionB,5,20,90,95.08333333333333,5.083333333333333,5,0.4,0.0,0,72
20364,BatchInference,85,RegionD,RegionF,25,80,90,90.48333333333333,0.4833333333333333,5,0.5,5.0,1,72
21430,RealTimeInference,90,RegionA,RegionC,15,20,90,92.61666666666666,2.6166666666666667,7,0.56,0.0,1,72
23743,BatchInference,90,RegionD,RegionE,22,80,90,93.71666666666667,3.716666666666667,21,2.1,0.0,1,72
25751,RealTimeInference,90,RegionC,RegionB,14,20,90,91.83333333333333,1.8333333333333333,3,0.24,0.0,1,72
26508,BatchInference,79,RegionB,RegionB,5,80,79,79.43333333333334,0.4333333333333333,9,0.9,0.0,0,72
26641,BatchInference,69,RegionC,RegionE,70,80,90,92.78333333333333,2.783333333333333,13,1.3,21.0,1,72
2724,AITraining,39,RegionD,RegionD,5,150,90,90.31666666666666,0.3166666666666666,84,13.44,51.0,0,72
30832,BatchInference,80,RegionC,RegionC,5,80,80,80.75,0.75,15,1.5,0.0,0,72
3133,AITraining,88,RegionE,RegionF,18,150,90,91.36666666666666,1.3666666666666667,48,7.68,2.0,1,72
36891,AITraining,87,RegionD,RegionD,5,150,90,90.61666666666666,0.6166666666666667,18,2.88,3.0,0,72
3841,RealTimeInference,90,RegionC,RegionA,15,20,90,94.96666666666667,4.966666666666667,3,0.24,0.0,1,72
42729,RealTimeInference,90,RegionA,RegionB,12,20,90,91.35,1.35,5,0.4,0.0,1,72
43273,BatchInference,86,RegionA,RegionA,5,80,86,88.93333333333334,2.933333333333333,18,1.8,0.0,0,72
45911,AITraining,82,RegionD,RegionD,5,150,90,91.21666666666667,1.2166666666666666,94,15.04,8.0,0,72
46727,BatchInference,82,RegionD,RegionF,25,80,90,91.38333333333334,1.3833333333333333,4,0.4,8.0,1,72
47397,BatchInference,78,RegionE,RegionE,5,80,90,92.53333333333333,2.533333333333333,13,1.3,12.0,0,72
47943,RealTimeInference,90,RegionA,RegionC,15,20,90,95.01666666666667,5.016666666666667,2,0.16,0.0,1,72
7144,AITraining,82,RegionD,RegionD,5,150,90,90.86666666666666,0.8666666666666667,107,17.12,8.0,0,72
7297,BatchInference,71,RegionD,RegionF,25,80,90,90.93333333333334,0.9333333333333332,22,2.2,19.0,1,72
7629,BatchInference,89,RegionA,RegionA,5,80,89,94.43333333333334,5.433333333333334,15,1.5,0.0,0,72
10992,RealTimeInference,91,RegionC,RegionC,5,20,91,91.73333333333333,0.7333333333333333,1,0.08,0.0,0,72
21320,BatchInference,91,RegionB,RegionB,5,80,91,91.33333333333333,0.3333333333333333,11,1.1,0.0,0,72
28298,RealTimeInference,91,RegionA,RegionC,15,20,91,91.53333333333333,0.5333333333333333,3,0.24,0.0,1,72
33316,RealTimeInference,91,RegionA,RegionC,15,20,91,91.41666666666667,0.4166666666666667,4,0.32,0.0,1,72
41657,RealTimeInference,91,RegionC,RegionC,5,20,91,92.51666666666667,1.5166666666666666,2,0.16,0.0,0,72
44671,RealTimeInference,91,RegionA,RegionC,15,20,91,96.75,5.75,5,0.4,0.0,1,72
49423,RealTimeInference,91,RegionC,RegionB,14,20,91,93.21666666666667,2.216666666666667,6,0.48,0.0,1,72
9119,RealTimeInference,91,RegionA,RegionC,15,20,91,91.98333333333333,0.9833333333333332,6,0.48,0.0,1,72
10671,AITraining,89,RegionF,RegionF,5,150,90,95.65,5.65,59,9.44,1.0,0,72
16344,BatchInference,91,RegionE,RegionE,5,80,92,93.65,1.65,9,0.9,1.0,0,72
16461,RealTimeInference,92,RegionB,RegionB,5,20,92,93.03333333333333,1.0333333333333334,3,0.24,0.0,0,72
16530,BatchInference,71,RegionA,RegionA,5,80,72,72.2,0.2,18,1.8,1.0,0,72
17029,AITraining,91,RegionD,RegionB,60,150,92,94.4,2.4,73,11.68,1.0,1,72
18561,AITraining,80,RegionE,RegionE,5,150,92,92.65,0.65,27,4.32,12.0,0,72
19098,AITraining,69,RegionE,RegionE,5,150,92,92.55,0.55,108,17.28,23.0,0,72
19977,BatchInference,77,RegionD,RegionE,22,80,92,92.43333333333334,0.4333333333333333,7,0.7000000000000001,15.0,1,72
23690,AITraining,81,RegionE,RegionE,5,150,92,93.25,1.25,45,7.2,11.0,0,72
23771,RealTimeInference,92,RegionA,RegionB,12,20,92,93.21666666666667,1.2166666666666666,2,0.16,0.0,1,72
26487,BatchInference,77,RegionA,RegionA,5,80,77,78.13333333333334,1.1333333333333333,16,1.6,0.0,0,72
29988,BatchInference,92,RegionE,RegionE,5,80,92,93.55,1.55,6,0.6000000000000001,0.0,0,72
35339,AITraining,87,RegionE,RegionE,5,150,92,93.08333333333333,1.0833333333333333,64,10.24,5.0,0,72
35652,AITraining,88,RegionD,RegionD,5,150,95,100.06666666666666,5.066666666666666,115,18.4,7.0,0,72
3612,BatchInference,76,RegionE,RegionE,5,80,92,92.91666666666667,0.9166666666666666,23,2.3000000000000003,16.0,0,72
3894,RealTimeInference,92,RegionC,RegionB,14,20,92,95.9,3.9,5,0.4,0.0,1,72
41494,AITraining,90,RegionF,RegionF,5,150,91,95.78333333333333,4.783333333333333,102,16.32,1.0,0,72
43220,RealTimeInference,92,RegionA,RegionB,12,20,92,98.31666666666666,6.316666666666666,7,0.56,0.0,1,72
44664,AITraining,92,RegionD,RegionE,22,150,92,93.23333333333333,1.2333333333333334,68,10.88,0.0,1,72
44722,BatchInference,73,RegionF,RegionE,18,80,92,92.66666666666667,0.6666666666666666,8,0.8,19.0,1,72
45710,AITraining,90,RegionE,RegionE,5,150,93,98.35,5.35,115,18.4,3.0,0,72
45825,BatchInference,90,RegionA,RegionA,5,80,91,96.18333333333334,5.183333333333334,7,0.7000000000000001,1.0,0,72
46272,RealTimeInference,92,RegionA,RegionA,5,20,92,94.0,2.0,2,0.16,0.0,0,72
48284,RealTimeInference,92,RegionA,RegionC,15,20,92,94.83333333333333,2.833333333333333,3,0.24,0.0,1,72
8614,BatchInference,91,RegionB,RegionB,5,80,92,94.61666666666666,2.6166666666666667,23,2.3000000000000003,1.0,0,72
10347,RealTimeInference,93,RegionB,RegionA,12,20,93,97.31666666666666,4.316666666666666,6,0.48,0.0,1,72
11354,RealTimeInference,93,RegionA,RegionC,15,20,93,99.61666666666666,6.616666666666666,5,0.4,0.0,1,72
1273,AITraining,89,RegionD,RegionC,58,150,93,95.48333333333333,2.4833333333333334,60,9.6,4.0,1,72
1293,RealTimeInference,93,RegionA,RegionC,15,20,93,96.0,3.0,6,0.48,0.0,1,72
15565,RealTimeInference,93,RegionA,RegionA,5,20,93,94.56666666666666,1.5666666666666669,1,0.08,0.0,0,72
16080,BatchInference,89,RegionC,RegionA,15,80,93,94.75,1.75,12,1.2000000000000002,4.0,1,72
16879,AITraining,91,RegionD,RegionD,5,150,91,96.26666666666667,5.266666666666667,94,15.04,0.0,0,72
19023,RealTimeInference,93,RegionA,RegionC,15,20,93,96.06666666666666,3.066666666666667,7,0.56,0.0,1,72
23312,AITraining,62,RegionA,RegionA,5,150,93,94.21666666666667,1.2166666666666666,100,16.0,31.0,0,72
23529,BatchInference,89,RegionA,RegionA,5,80,89,91.15,2.15,7,0.7000000000000001,0.0,0,72
25201,BatchInference,92,RegionA,RegionA,5,80,93,94.96666666666667,1.9666666666666663,6,0.6000000000000001,1.0,0,72
26973,AITraining,77,RegionD,RegionA,65,150,93,94.85,1.85,121,19.36,16.0,1,72
29273,RealTimeInference,93,RegionC,RegionB,14,20,93,98.63333333333334,5.633333333333334,3,0.24,0.0,1,72
29728,BatchInference,79,RegionA,RegionA,5,80,93,94.53333333333333,1.5333333333333334,7,0.7000000000000001,14.0,0,72
33099,BatchInference,84,RegionA,RegionA,5,80,93,94.65,1.65,17,1.7000000000000002,9.0,0,72
34134,AITraining,91,RegionF,RegionF,5,150,91,95.01666666666667,4.016666666666667,117,18.72,0.0,0,72
34293,BatchInference,93,RegionA,RegionA,5,80,93,95.36666666666666,2.3666666666666667,14,1.4,0.0,0,72
37175,AITraining,92,RegionD,RegionD,5,150,94,97.31666666666666,3.316666666666667,73,11.68,2.0,0,72
37829,BatchInference,90,RegionA,RegionA,5,80,93,94.03333333333333,1.0333333333333334,6,0.6000000000000001,3.0,0,72
3834,AITraining,92,RegionE,RegionE,5,150,93,95.25,2.25,123,19.68,1.0,0,72
40465,BatchInference,88,RegionA,RegionA,5,80,88,90.21666666666667,2.216666666666667,14,1.4,0.0,0,72
41184,AITraining,89,RegionE,RegionE,5,150,89,90.45,1.45,120,19.2,0.0,0,72
42927,BatchInference,91,RegionB,RegionA,12,80,93,94.1,1.1,13,1.3,2.0,1,72
44441,BatchInference,90,RegionA,RegionA,5,80,90,92.41666666666667,2.4166666666666665,4,0.4,0.0,0,72
5987,RealTimeInference,93,RegionC,RegionA,15,20,93,96.71666666666667,3.716666666666667,7,0.56,0.0,1,72
6559,BatchInference,92,RegionA,RegionA,5,80,93,94.35,1.35,14,1.4,1.0,0,72
8042,BatchInference,83,RegionA,RegionA,5,80,93,93.85,0.85,9,0.9,10.0,0,72
8960,BatchInference,89,RegionA,RegionA,5,80,89,91.28333333333333,2.283333333333333,22,2.2,0.0,0,72
10430,AITraining,91,RegionD,RegionD,5,150,91,97.06666666666666,6.066666666666666,49,7.84,0.0,0,72
11711,RealTimeInference,94,RegionB,RegionC,14,20,94,96.95,2.95,7,0.56,0.0,1,72
12748,RealTimeInference,94,RegionB,RegionB,5,20,94,94.58333333333333,0.5833333333333334,4,0.32,0.0,0,72
12766,RealTimeInference,94,RegionA,RegionC,15,20,94,97.88333333333333,3.883333333333333,6,0.48,0.0,1,72
14817,RealTimeInference,94,RegionF,RegionF,5,20,94,94.98333333333333,0.9833333333333332,5,0.4,0.0,0,72
16009,RealTimeInference,94,RegionC,RegionC,5,20,94,98.75,4.75,1,0.08,0.0,0,72
16717,RealTimeInference,94,RegionB,RegionB,5,20,94,96.5,2.5,1,0.08,0.0,0,72
22243,RealTimeInference,94,RegionA,RegionA,5,20,94,94.51666666666667,0.5166666666666667,7,0.56,0.0,0,72
23784,RealTimeInference,94,RegionF,RegionF,5,20,94,94.41666666666667,0.4166666666666667,5,0.4,0.0,0,72
27820,RealTimeInference,94,RegionA,RegionA,5,20,94,100.26666666666667,6.266666666666667,1,0.08,0.0,0,72
30166,RealTimeInference,94,RegionE,RegionF,18,20,94,99.6,5.6,5,0.4,0.0,1,72
36339,RealTimeInference,94,RegionA,RegionC,15,20,94,99.61666666666666,5.616666666666666,3,0.24,0.0,1,72
4270,RealTimeInference,94,RegionA,RegionA,5,20,94,94.16666666666667,0.1666666666666666,1,0.08,0.0,0,72
47634,RealTimeInference,94,RegionD,RegionD,5,20,94,96.66666666666667,2.6666666666666665,5,0.4,0.0,0,72
4783,RealTimeInference,94,RegionA,RegionB,12,20,94,96.33333333333333,2.333333333333333,6,0.48,0.0,1,72
5419,RealTimeInference,94,RegionA,RegionC,15,20,94,97.95,3.95,5,0.4,0.0,1,72
6105,RealTimeInference,94,RegionC,RegionB,14,20,94,98.71666666666667,4.716666666666667,5,0.4,0.0,1,72
8914,RealTimeInference,94,RegionA,RegionB,12,20,94,98.7,4.7,4,0.32,0.0,1,72
13990,RealTimeInference,95,RegionC,RegionA,15,20,95,98.0,3.0,6,0.48,0.0,1,72
14387,AITraining,95,RegionD,RegionD,5,150,95,100.13333333333334,5.133333333333334,80,12.8,0.0,0,72
25864,AITraining,95,RegionB,RegionB,5,150,95,101.03333333333333,6.033333333333333,81,12.96,0.0,0,72
31972,RealTimeInference,95,RegionA,RegionB,12,20,95,101.41666666666667,6.416666666666667,1,0.08,0.0,1,72
32486,RealTimeInference,95,RegionB,RegionC,14,20,95,99.93333333333334,4.933333333333334,5,0.4,0.0,1,72
37467,RealTimeInference,95,RegionE,RegionF,18,20,95,97.66666666666667,2.6666666666666665,7,0.56,0.0,1,72
41616,RealTimeInference,95,RegionB,RegionB,5,20,95,96.43333333333334,1.4333333333333331,2,0.16,0.0,0,72
42979,RealTimeInference,95,RegionA,RegionA,5,20,95,98.3,3.3,3,0.24,0.0,0,72
46020,RealTimeInference,95,RegionC,RegionC,5,20,95,97.63333333333334,2.6333333333333333,1,0.08,0.0,0,72
9711,AITraining,95,RegionE,RegionF,18,150,95,97.06666666666666,2.066666666666667,126,20.16,0.0,1,72
13034,RealTimeInference,96,RegionA,RegionA,5,20,96,97.63333333333334,1.6333333333333333,2,0.16,0.0,0,96
27380,RealTimeInference,96,RegionA,RegionB,12,20,96,101.23333333333333,5.233333333333333,2,0.16,0.0,1,96
27652,RealTimeInference,96,RegionC,RegionB,14,20,96,97.68333333333334,1.6833333333333331,3,0.24,0.0,1,96
29507,RealTimeInference,96,RegionB,RegionB,5,20,96,99.6,3.6,7,0.56,0.0,0,96
41275,BatchInference,94,RegionC,RegionC,5,80,109,113.6,4.6,19,1.9,15.0,0,96
8699,RealTimeInference,96,RegionA,RegionA,5,20,96,97.78333333333333,1.7833333333333334,7,0.56,0.0,0,96
11151,RealTimeInference,97,RegionA,RegionC,15,20,97,100.85,3.85,4,0.32,0.0,1,96
15042,RealTimeInference,97,RegionA,RegionA,5,20,97,101.51666666666667,4.516666666666667,7,0.56,0.0,0,96
3581,RealTimeInference,97,RegionA,RegionA,5,20,97,99.41666666666667,2.4166666666666665,7,0.56,0.0,0,96
45600,RealTimeInference,97,RegionC,RegionC,5,20,97,103.35,6.35,5,0.4,0.0,0,96
5911,RealTimeInference,97,RegionA,RegionA,5,20,97,99.35,2.35,7,0.56,0.0,0,96
10990,BatchInference,95,RegionC,RegionC,5,80,109,115.13333333333334,6.133333333333334,13,1.3,14.0,0,96
12158,AITraining,92,RegionE,RegionE,5,150,96,96.76666666666667,0.7666666666666667,118,18.88,4.0,0,96
15314,AITraining,89,RegionE,RegionE,5,150,96,98.16666666666667,2.1666666666666665,109,17.44,7.0,0,96
15585,RealTimeInference,98,RegionA,RegionA,5,20,98,101.96666666666667,3.966666666666667,3,0.24,0.0,0,96
25123,AITraining,98,RegionC,RegionC,5,150,98,99.08333333333333,1.0833333333333333,19,3.04,0.0,0,96
25157,RealTimeInference,98,RegionA,RegionA,5,20,98,103.1,5.1,3,0.24,0.0,0,96
31159,BatchInference,95,RegionB,RegionB,5,80,96,99.6,3.6,21,2.1,1.0,0,96
3301,RealTimeInference,98,RegionB,RegionB,5,20,98,98.76666666666667,0.7666666666666667,5,0.4,0.0,0,96
38382,BatchInference,92,RegionC,RegionA,15,80,98,98.78333333333333,0.7833333333333333,17,1.7000000000000002,6.0,1,96
40305,BatchInference,95,RegionD,RegionD,5,80,118,122.03333333333333,4.033333333333333,7,0.7000000000000001,23.0,0,96
4086,AITraining,72,RegionA,RegionA,5,150,96,100.66666666666667,4.666666666666667,120,19.2,24.0,0,96
44370,RealTimeInference,98,RegionA,RegionA,5,20,98,103.78333333333333,5.783333333333333,3,0.24,0.0,0,96
49078,AITraining,96,RegionB,RegionB,5,150,96,100.43333333333334,4.433333333333334,72,11.52,0.0,0,96
7911,RealTimeInference,98,RegionA,RegionC,15,20,98,103.75,5.75,6,0.48,0.0,1,96
9874,BatchInference,94,RegionC,RegionC,5,80,109,112.98333333333333,3.983333333333333,14,1.4,15.0,0,96
25127,RealTimeInference,99,RegionC,RegionC,5,20,99,101.26666666666667,2.2666666666666666,5,0.4,0.0,0,96
25898,RealTimeInference,99,RegionA,RegionA,5,20,99,105.35,6.35,7,0.56,0.0,0,96
26651,RealTimeInference,99,RegionA,RegionA,5,20,99,104.46666666666667,5.466666666666667,2,0.16,0.0,0,96
46502,RealTimeInference,99,RegionB,RegionC,14,20,99,103.28333333333333,4.283333333333333,3,0.24,0.0,1,96
9618,RealTimeInference,99,RegionB,RegionB,5,20,99,104.46666666666667,5.466666666666667,7,0.56,0.0,0,96
11691,BatchInference,96,RegionC,RegionC,5,80,109,112.83333333333333,3.8333333333333335,17,1.7000000000000002,13.0,0,96
22923,AITraining,97,RegionE,RegionE,5,150,102,107.35,5.35,71,11.36,5.0,0,96
275,RealTimeInference,100,RegionA,RegionA,5,20,100,100.53333333333333,0.5333333333333333,3,0.24,0.0,0,96
28951,RealTimeInference,100,RegionC,RegionC,5,20,100,103.66666666666667,3.6666666666666665,6,0.48,0.0,0,96
45137,RealTimeInference,100,RegionA,RegionA,5,20,100,100.43333333333334,0.4333333333333333,5,0.4,0.0,0,96
46113,RealTimeInference,100,RegionA,RegionA,5,20,100,103.23333333333333,3.2333333333333334,7,0.56,0.0,0,96
48931,RealTimeInference,100,RegionC,RegionA,15,20,100,104.63333333333334,4.633333333333334,7,0.56,0.0,1,96
21690,RealTimeInference,101,RegionC,RegionB,14,20,101,107.2,6.2,1,0.08,0.0,1,96
26797,RealTimeInference,101,RegionA,RegionA,5,20,101,107.16666666666667,6.166666666666667,4,0.32,0.0,0,96
27993,AITraining,92,RegionE,RegionE,5,150,96,102.01666666666667,6.016666666666667,102,16.32,4.0,0,96
31702,RealTimeInference,101,RegionA,RegionC,15,20,101,102.81666666666666,1.8166666666666669,7,0.56,0.0,1,96
42808,AITraining,69,RegionD,RegionD,5,150,101,103.68333333333334,2.683333333333333,63,10.08,32.0,0,96
42934,RealTimeInference,101,RegionB,RegionB,5,20,101,107.46666666666667,6.466666666666667,2,0.16,0.0,0,96
4657,RealTimeInference,101,RegionA,RegionC,15,20,101,105.35,4.35,2,0.16,0.0,1,96
48188,RealTimeInference,101,RegionB,RegionC,14,20,101,104.11666666666666,3.1166666666666667,2,0.16,0.0,1,96
48510,BatchInference,96,RegionC,RegionC,5,80,101,104.03333333333333,3.033333333333333,23,2.3000000000000003,5.0,0,96
48648,RealTimeInference,101,RegionB,RegionB,5,20,101,106.86666666666666,5.866666666666666,6,0.48,0.0,0,96
48900,RealTimeInference,101,RegionD,RegionD,5,20,101,101.7,0.7,5,0.4,0.0,0,96
10019,AITraining,93,RegionE,RegionF,18,150,102,105.78333333333333,3.783333333333333,78,12.48,9.0,1,96
10513,AITraining,102,RegionF,RegionF,5,150,102,104.4,2.4,37,5.92,0.0,0,96
15333,BatchInference,99,RegionD,RegionD,5,80,102,102.68333333333334,0.6833333333333333,21,2.1,3.0,0,96
15619,AITraining,101,RegionD,RegionF,25,150,102,106.41666666666667,4.416666666666667,21,3.36,1.0,1,96
16683,AITraining,94,RegionD,RegionD,5,150,102,102.31666666666666,0.3166666666666666,122,19.52,8.0,0,96
16771,AITraining,75,RegionF,RegionD,25,150,102,102.78333333333333,0.7833333333333333,119,19.04,27.0,1,96
19049,BatchInference,93,RegionA,RegionD,65,80,102,102.95,0.95,18,1.8,9.0,1,96
20100,BatchInference,96,RegionB,RegionD,60,80,102,102.38333333333334,0.3833333333333333,23,2.3000000000000003,6.0,1,96
20412,BatchInference,100,RegionF,RegionF,5,80,102,106.0,4.0,12,1.2000000000000002,2.0,0,96
20647,AITraining,100,RegionF,RegionF,5,150,102,105.95,3.95,23,3.68,2.0,0,96
21150,AITraining,76,RegionD,RegionD,5,150,102,102.83333333333333,0.8333333333333334,111,17.76,26.0,0,96
21431,BatchInference,99,RegionB,RegionB,5,80,99,105.35,6.35,9,0.9,0.0,0,96
21803,BatchInference,87,RegionF,RegionD,25,80,102,102.65,0.65,4,0.4,15.0,1,96
22070,BatchInference,98,RegionD,RegionD,5,80,102,104.95,2.95,15,1.5,4.0,0,96
22667,BatchInference,93,RegionD,RegionD,5,80,102,102.81666666666666,0.8166666666666667,14,1.4,9.0,0,96
23595,AITraining,96,RegionD,RegionD,5,150,102,108.23333333333333,6.233333333333333,70,11.2,6.0,0,96
23834,BatchInference,72,RegionD,RegionF,25,80,102,103.91666666666667,1.9166666666666667,7,0.7000000000000001,30.0,1,96
25132,AITraining,92,RegionD,RegionD,5,150,102,102.96666666666667,0.9666666666666668,124,19.84,10.0,0,96
25547,AITraining,86,RegionF,RegionD,25,150,102,102.61666666666666,0.6166666666666667,44,7.04,16.0,1,96
25709,AITraining,96,RegionD,RegionD,5,150,102,102.2,0.2,39,6.24,6.0,0,96
25955,AITraining,96,RegionF,RegionF,5,150,102,106.28333333333333,4.283333333333333,42,6.72,6.0,0,96
26292,AITraining,95,RegionD,RegionD,5,150,102,107.78333333333333,5.783333333333333,16,2.56,7.0,0,96
27217,BatchInference,87,RegionB,RegionD,60,80,102,102.85,0.85,23,2.3000000000000003,15.0,1,96
27280,AITraining,97,RegionF,RegionD,25,150,102,107.76666666666667,5.766666666666667,120,19.2,5.0,1,96
27468,AITraining,94,RegionE,RegionD,22,150,102,103.4,1.4,81,12.96,8.0,1,96
28719,AITraining,100,RegionD,RegionD,5,150,102,104.51666666666667,2.5166666666666666,31,4.96,2.0,0,96
28812,AITraining,92,RegionE,RegionD,22,150,102,108.23333333333333,6.233333333333333,91,14.56,10.0,1,96
30104,AITraining,96,RegionD,RegionD,5,150,102,103.51666666666667,1.5166666666666666,116,18.56,6.0,0,96
3092,AITraining,99,RegionD,RegionD,5,150,102,103.71666666666667,1.7166666666666666,46,7.36,3.0,0,96
31601,BatchInference,87,RegionD,RegionD,5,80,102,103.63333333333334,1.6333333333333333,11,1.1,15.0,0,96
33301,BatchInference,90,RegionE,RegionF,18,80,102,106.31666666666666,4.316666666666666,13,1.3,12.0,1,96
34754,BatchInference,97,RegionB,RegionB,5,80,97,98.7,1.7,16,1.6,0.0,0,96
35478,AITraining,71,RegionE,RegionD,22,150,102,102.31666666666666,0.3166666666666666,40,6.4,31.0,1,96
35836,AITraining,98,RegionD,RegionD,5,150,102,106.25,4.25,64,10.24,4.0,0,96
36072,AITraining,97,RegionD,RegionD,5,150,102,104.36666666666666,2.3666666666666667,21,3.36,5.0,0,96
37073,BatchInference,96,RegionF,RegionF,5,80,102,105.6,3.6,22,2.2,6.0,0,96
3872,RealTimeInference,102,RegionB,RegionB,5,20,102,106.16666666666667,4.166666666666667,2,0.16,0.0,0,96
41295,RealTimeInference,102,RegionB,RegionB,5,20,102,103.95,1.95,6,0.48,0.0,0,96
43174,AITraining,97,RegionF,RegionD,25,150,102,103.25,1.25,36,5.76,5.0,1,96
44761,AITraining,97,RegionF,RegionD,25,150,102,107.83333333333333,5.833333333333333,114,18.24,5.0,1,96
45806,AITraining,90,RegionD,RegionF,25,150,102,103.9,1.9,57,9.12,12.0,1,96
48431,BatchInference,101,RegionC,RegionC,5,80,103,104.4,1.4,10,1.0,2.0,0,96
48527,BatchInference,94,RegionA,RegionA,5,80,96,102.53333333333333,6.533333333333333,19,1.9,2.0,0,96
49705,AITraining,95,RegionE,RegionF,18,150,102,105.41666666666667,3.4166666666666665,53,8.48,7.0,1,96
6132,AITraining,94,RegionF,RegionF,5,150,102,103.68333333333334,1.6833333333333331,35,5.6000000000000005,8.0,0,96
6464,AITraining,88,RegionE,RegionD,22,150,102,102.85,0.85,34,5.44,14.0,1,96
6537,AITraining,99,RegionE,RegionF,18,150,102,106.26666666666667,4.266666666666667,103,16.48,3.0,1,96
6596,AITraining,74,RegionE,RegionD,22,150,102,102.63333333333334,0.6333333333333333,58,9.28,28.0,1,96
6783,BatchInference,98,RegionA,RegionA,5,80,112,118.13333333333334,6.133333333333334,21,2.1,14.0,0,96
6952,AITraining,95,RegionF,RegionF,5,150,102,105.43333333333334,3.433333333333333,57,9.12,7.0,0,96
7443,AITraining,97,RegionF,RegionF,5,150,102,106.15,4.15,119,19.04,5.0,0,96
9074,BatchInference,98,RegionC,RegionD,58,80,102,103.53333333333333,1.5333333333333334,5,0.5,4.0,1,96
9798,BatchInference,87,RegionE,RegionF,18,80,102,103.9,1.9,22,2.2,15.0,1,96
11523,RealTimeInference,103,RegionC,RegionA,15,20,103,103.55,0.55,6,0.48,0.0,1,96
22305,AITraining,103,RegionE,RegionE,5,150,103,105.23333333333333,2.2333333333333334,81,12.96,0.0,0,96
2379,RealTimeInference,103,RegionC,RegionB,14,20,103,106.33333333333333,3.333333333333333,2,0.16,0.0,1,96
26957,RealTimeInference,103,RegionC,RegionC,5,20,103,107.9,4.9,5,0.4,0.0,0,96
3644,RealTimeInference,103,RegionC,RegionC,5,20,103,109.08333333333333,6.083333333333333,1,0.08,0.0,0,96
41772,RealTimeInference,103,RegionA,RegionB,12,20,103,104.41666666666667,1.4166666666666667,4,0.32,0.0,1,96
41848,RealTimeInference,103,RegionC,RegionC,5,20,103,105.75,2.75,7,0.56,0.0,0,96
43777,RealTimeInference,103,RegionD,RegionD,5,20,103,103.58333333333333,0.5833333333333334,1,0.08,0.0,0,96
6095,BatchInference,103,RegionB,RegionC,14,80,103,105.01666666666667,2.0166666666666666,17,1.7000000000000002,0.0,1,96
7082,RealTimeInference,103,RegionC,RegionC,5,20,103,103.18333333333334,0.1833333333333333,6,0.48,0.0,0,96
14088,RealTimeInference,104,RegionC,RegionC,5,20,104,105.48333333333333,1.4833333333333334,2,0.16,0.0,0,96
23013,RealTimeInference,104,RegionB,RegionB,5,20,104,105.76666666666667,1.7666666666666666,2,0.16,0.0,0,96
27617,RealTimeInference,104,RegionA,RegionB,12,20,104,107.21666666666667,3.216666666666667,7,0.56,0.0,1,96
28005,AITraining,100,RegionD,RegionA,65,150,104,107.03333333333333,3.033333333333333,71,11.36,4.0,1,96
32016,RealTimeInference,104,RegionE,RegionE,5,20,104,109.6,5.6,4,0.32,0.0,0,96
32655,RealTimeInference,104,RegionB,RegionB,5,20,104,105.7,1.7,4,0.32,0.0,0,96
36757,RealTimeInference,104,RegionC,RegionC,5,20,104,105.58333333333333,1.5833333333333333,2,0.16,0.0,0,96
37251,AITraining,102,RegionA,RegionA,5,150,114,118.1,4.1,71,11.36,12.0,0,96
38277,BatchInference,94,RegionC,RegionC,5,80,110,115.28333333333333,5.283333333333333,21,2.1,16.0,0,96
39244,RealTimeInference,104,RegionC,RegionC,5,20,104,104.21666666666667,0.2166666666666666,2,0.16,0.0,0,96
47504,AITraining,103,RegionC,RegionA,15,150,104,104.25,0.25,24,3.84,1.0,1,96
6731,RealTimeInference,104,RegionA,RegionA,5,20,104,107.75,3.75,6,0.48,0.0,0,96
7639,BatchInference,94,RegionD,RegionA,65,80,104,106.01666666666667,2.0166666666666666,5,0.5,10.0,1,96
10590,RealTimeInference,105,RegionB,RegionA,12,20,105,110.93333333333334,5.933333333333334,5,0.4,0.0,1,96
11503,AITraining,103,RegionF,RegionF,5,150,104,109.98333333333333,5.983333333333333,88,14.08,1.0,0,96
22438,RealTimeInference,105,RegionC,RegionC,5,20,105,108.63333333333333,3.633333333333333,5,0.4,0.0,0,96
28566,RealTimeInference,105,RegionA,RegionA,5,20,105,107.26666666666667,2.2666666666666666,3,0.24,0.0,0,96
28709,RealTimeInference,105,RegionC,RegionC,5,20,105,105.3,0.3,5,0.4,0.0,0,96
3105,BatchInference,93,RegionC,RegionC,5,80,109,114.68333333333334,5.683333333333334,22,2.2,16.0,0,96
33949,AITraining,79,RegionE,RegionB,74,150,105,107.71666666666667,2.716666666666667,83,13.28,26.0,1,96
40251,BatchInference,95,RegionB,RegionF,79,80,105,109.46666666666667,4.466666666666667,16,1.6,10.0,1,96
40389,BatchInference,104,RegionC,RegionC,5,80,110,115.83333333333333,5.833333333333333,22,2.2,6.0,0,96
49195,RealTimeInference,105,RegionD,RegionD,5,20,105,106.61666666666666,1.6166666666666667,4,0.32,0.0,0,96
677,RealTimeInference,105,RegionA,RegionC,15,20,105,105.83333333333333,0.8333333333333334,1,0.08,0.0,1,96
7744,RealTimeInference,105,RegionC,RegionC,5,20,105,111.28333333333333,6.283333333333333,7,0.56,0.0,0,96
8497,BatchInference,103,RegionC,RegionF,76,80,105,109.6,4.6,8,0.8,2.0,1,96
9627,RealTimeInference,105,RegionC,RegionB,14,20,105,107.36666666666666,2.3666666666666667,6,0.48,0.0,1,96
12630,RealTimeInference,106,RegionB,RegionB,5,20,106,107.36666666666666,1.3666666666666667,7,0.56,0.0,0,96
15364,BatchInference,93,RegionB,RegionB,5,80,96,101.35,5.35,4,0.4,3.0,0,96
17173,RealTimeInference,106,RegionA,RegionA,5,20,106,108.86666666666666,2.8666666666666667,2,0.16,0.0,0,96
18983,RealTimeInference,106,RegionA,RegionA,5,20,106,107.53333333333333,1.5333333333333334,1,0.08,0.0,0,96
19137,BatchInference,90,RegionD,RegionD,5,80,106,111.8,5.8,21,2.1,16.0,0,96
22669,BatchInference,71,RegionA,RegionA,5,80,96,101.56666666666666,5.566666666666666,23,2.3000000000000003,25.0,0,96
25329,BatchInference,93,RegionC,RegionC,5,80,110,116.05,6.05,9,0.9,17.0,0,96
27650,RealTimeInference,106,RegionB,RegionB,5,20,106,109.86666666666666,3.8666666666666663,3,0.24,0.0,0,96
29017,RealTimeInference,106,RegionC,RegionA,15,20,106,112.33333333333333,6.333333333333333,3,0.24,0.0,1,96
29144,BatchInference,102,RegionA,RegionA,5,80,113,118.41666666666667,5.416666666666667,13,1.3,11.0,0,96
30150,RealTimeInference,106,RegionB,RegionB,5,20,106,109.1,3.1,3,0.24,0.0,0,96
3179,RealTimeInference,106,RegionC,RegionA,15,20,106,106.95,0.95,7,0.56,0.0,1,96
33641,BatchInference,90,RegionD,RegionD,5,80,106,110.56666666666666,4.566666666666666,8,0.8,16.0,0,96
34352,BatchInference,101,RegionA,RegionA,5,80,113,118.48333333333333,5.483333333333333,11,1.1,12.0,0,96
45097,BatchInference,97,RegionA,RegionA,5,80,112,118.05,6.05,23,2.3000000000000003,15.0,0,96
46759,RealTimeInference,106,RegionB,RegionA,12,20,106,110.8,4.8,5,0.4,0.0,1,96
637,BatchInference,102,RegionB,RegionB,5,80,119,125.1,6.1,18,1.8,17.0,0,96
6835,BatchInference,105,RegionA,RegionA,5,80,113,118.63333333333334,5.633333333333334,5,0.5,8.0,0,96
7416,BatchInference,93,RegionD,RegionD,5,80,114,120.11666666666666,6.116666666666666,21,2.1,21.0,0,96
7694,BatchInference,104,RegionA,RegionE,78,80,106,110.68333333333334,4.683333333333334,12,1.2000000000000002,2.0,1,96
10201,BatchInference,104,RegionB,RegionE,74,80,107,107.58333333333333,0.5833333333333334,5,0.5,3.0,1,96
11270,BatchInference,101,RegionB,RegionD,60,80,107,109.7,2.7,4,0.4,6.0,1,96
11757,BatchInference,70,RegionC,RegionC,5,80,96,96.2,0.2,6,0.6000000000000001,26.0,0,96
12834,BatchInference,96,RegionD,RegionD,5,80,107,110.43333333333334,3.433333333333333,8,0.8,11.0,0,96
12857,BatchInference,103,RegionA,RegionA,5,80,113,119.18333333333334,6.183333333333334,13,1.3,10.0,0,96
12923,AITraining,95,RegionD,RegionD,5,150,107,111.06666666666666,4.066666666666666,35,5.6000000000000005,12.0,0,96
13131,BatchInference,104,RegionF,RegionD,25,80,107,112.1,5.1,19,1.9,3.0,1,96
14508,BatchInference,101,RegionE,RegionE,5,80,107,112.91666666666667,5.916666666666667,9,0.9,6.0,0,96
14541,BatchInference,98,RegionF,RegionF,5,80,107,109.93333333333334,2.933333333333333,15,1.5,9.0,0,96
14987,BatchInference,92,RegionF,RegionF,5,80,107,113.25,6.25,18,1.8,15.0,0,96
15062,AITraining,102,RegionD,RegionF,25,150,107,109.0,2.0,64,10.24,5.0,1,96
15785,BatchInference,97,RegionC,RegionC,5,80,97,99.53333333333333,2.533333333333333,19,1.9,0.0,0,96
16980,BatchInference,104,RegionD,RegionE,22,80,107,110.78333333333333,3.783333333333333,22,2.2,3.0,1,96
17291,BatchInference,92,RegionA,RegionA,5,80,96,102.08333333333333,6.083333333333333,13,1.3,4.0,0,96
17721,BatchInference,97,RegionD,RegionF,25,80,107,108.8,1.8,19,1.9,10.0,1,96
17919,BatchInference,96,RegionE,RegionE,5,80,107,109.16666666666667,2.1666666666666665,8,0.8,11.0,0,96
17995,BatchInference,97,RegionC,RegionC,5,80,97,98.63333333333334,1.6333333333333333,23,2.3000000000000003,0.0,0,96
18076,BatchInference,99,RegionE,RegionE,5,80,107,108.96666666666667,1.9666666666666663,10,1.0,8.0,0,96
18096,BatchInference,92,RegionE,RegionE,5,80,107,109.31666666666666,2.316666666666667,8,0.8,15.0,0,96
18363,BatchInference,104,RegionD,RegionD,5,80,107,110.36666666666666,3.3666666666666667,11,1.1,3.0,0,96
18951,BatchInference,90,RegionB,RegionF,79,80,107,112.9,5.9,15,1.5,17.0,1,96
19505,BatchInference,93,RegionD,RegionD,5,80,107,112.26666666666667,5.266666666666667,15,1.5,14.0,0,96
19518,AITraining,95,RegionE,RegionE,5,150,107,109.45,2.45,92,14.72,12.0,0,96
20174,BatchInference,93,RegionD,RegionD,5,80,107,109.18333333333334,2.183333333333333,10,1.0,14.0,0,96
21273,BatchInference,88,RegionA,RegionA,5,80,96,96.41666666666667,0.4166666666666667,4,0.4,8.0,0,96
21528,RealTimeInference,107,RegionA,RegionB,12,20,107,107.96666666666667,0.9666666666666668,1,0.08,0.0,1,96
22523,AITraining,104,RegionF,RegionE,18,150,107,113.55,6.55,45,7.2,3.0,1,96
23315,BatchInference,98,RegionC,RegionE,70,80,107,108.83333333333333,1.8333333333333333,6,0.6000000000000001,9.0,1,96
23317,AITraining,104,RegionF,RegionF,5,150,107,109.16666666666667,2.1666666666666665,73,11.68,3.0,0,96
23369,RealTimeInference,107,RegionC,RegionB,14,20,107,110.05,3.05,4,0.32,0.0,1,96
24111,BatchInference,105,RegionE,RegionE,5,80,107,110.06666666666666,3.066666666666667,15,1.5,2.0,0,96
24140,BatchInference,104,RegionB,RegionB,5,80,119,125.35,6.35,11,1.1,15.0,0,96
25282,RealTimeInference,107,RegionB,RegionC,14,20,107,110.6,3.6,1,0.08,0.0,1,96
26378,RealTimeInference,107,RegionB,RegionB,5,20,107,109.96666666666667,2.966666666666667,3,0.24,0.0,0,96
26520,AITraining,100,RegionB,RegionB,5,150,100,103.3,3.3,66,10.56,0.0,0,96
2834,RealTimeInference,107,RegionA,RegionA,5,20,107,107.81666666666666,0.8166666666666667,2,0.16,0.0,0,96
28890,BatchInference,105,RegionC,RegionD,58,80,107,112.7,5.7,5,0.5,2.0,1,96
29033,BatchInference,106,RegionB,RegionB,5,80,106,107.75,1.75,20,2.0,0.0,0,96
29084,BatchInference,94,RegionF,RegionF,5,80,107,112.96666666666667,5.966666666666667,19,1.9,13.0,0,96
29380,AITraining,107,RegionC,RegionC,5,150,109,113.88333333333334,4.883333333333334,50,8.0,2.0,0,96
30275,BatchInference,104,RegionC,RegionF,76,80,107,112.71666666666667,5.716666666666667,20,2.0,3.0,1,96
3174,RealTimeInference,107,RegionF,RegionE,18,20,107,110.33333333333333,3.333333333333333,6,0.48,0.0,1,96
3225,BatchInference,102,RegionE,RegionE,5,80,107,108.95,1.95,23,2.3000000000000003,5.0,0,96
32626,RealTimeInference,107,RegionE,RegionF,18,20,107,112.63333333333334,5.633333333333334,6,0.48,0.0,1,96
33524,AITraining,91,RegionF,RegionF,5,150,107,112.48333333333333,5.483333333333333,37,5.92,16.0,0,96
33594,AITraining,105,RegionE,RegionD,22,150,107,111.8,4.8,59,9.44,2.0,1,96
36290,BatchInference,103,RegionC,RegionE,70,80,107,113.31666666666666,6.316666666666666,10,1.0,4.0,1,96
36387,AITraining,105,RegionD,RegionD,5,150,107,113.45,6.45,67,10.72,2.0,0,96
37983,BatchInference,102,RegionD,RegionD,5,80,107,109.75,2.75,22,2.2,5.0,0,96
39294,AITraining,104,RegionD,RegionD,5,150,107,113.56666666666666,6.566666666666666,127,20.32,3.0,0,96
39612,AITraining,95,RegionF,RegionD,25,150,107,109.83333333333333,2.833333333333333,120,19.2,12.0,1,96
39727,RealTimeInference,107,RegionB,RegionB,5,20,107,110.03333333333333,3.033333333333333,4,0.32,0.0,0,96
41341,AITraining,107,RegionE,RegionE,5,150,107,111.28333333333333,4.283333333333333,87,13.92,0.0,0,96
41517,RealTimeInference,107,RegionB,RegionB,5,20,107,112.91666666666667,5.916666666666667,6,0.48,0.0,0,96
41664,BatchInference,92,RegionE,RegionE,5,80,107,111.6,4.6,19,1.9,15.0,0,96
43877,BatchInference,103,RegionA,RegionA,5,80,113,118.13333333333334,5.133333333333334,15,1.5,10.0,0,96
45224,BatchInference,106,RegionC,RegionC,5,80,106,107.7,1.7,23,2.3000000000000003,0.0,0,96
46537,RealTimeInference,107,RegionC,RegionA,15,20,107,108.15,1.15,5,0.4,0.0,1,96
4674,BatchInference,95,RegionD,RegionD,5,80,107,109.35,2.35,22,2.2,12.0,0,96
47222,BatchInference,73,RegionA,RegionD,65,80,107,109.35,2.35,4,0.4,34.0,1,96
47477,BatchInference,101,RegionF,RegionF,5,80,107,109.71666666666667,2.716666666666667,23,2.3000000000000003,6.0,0,96
47641,AITraining,105,RegionF,RegionF,5,150,107,109.16666666666667,2.1666666666666665,91,14.56,2.0,0,96
4808,BatchInference,98,RegionA,RegionA,5,80,98,100.21666666666667,2.216666666666667,11,1.1,0.0,0,96
48508,AITraining,101,RegionD,RegionD,5,150,107,109.75,2.75,81,12.96,6.0,0,96
49599,AITraining,94,RegionD,RegionD,5,150,107,110.23333333333333,3.2333333333333334,112,17.92,13.0,0,96
5484,BatchInference,106,RegionA,RegionD,65,80,107,111.96666666666667,4.966666666666667,17,1.7000000000000002,1.0,1,96
5841,BatchInference,107,RegionD,RegionD,5,80,107,111.0,4.0,20,2.0,0.0,0,96
6115,BatchInference,89,RegionB,RegionF,79,80,107,113.03333333333333,6.033333333333333,7,0.7000000000000001,18.0,1,96
7682,RealTimeInference,107,RegionA,RegionA,5,20,107,107.63333333333334,0.6333333333333333,5,0.4,0.0,0,96
7809,BatchInference,104,RegionD,RegionD,5,80,107,109.96666666666667,2.966666666666667,18,1.8,3.0,0,96
8095,BatchInference,97,RegionB,RegionE,74,80,107,110.76666666666667,3.7666666666666666,11,1.1,10.0,1,96
8417,BatchInference,100,RegionB,RegionD,60,80,107,110.33333333333333,3.333333333333333,23,2.3000000000000003,7.0,1,96
8516,AITraining,104,RegionD,RegionD,5,150,107,112.83333333333333,5.833333333333333,77,12.32,3.0,0,96
9278,BatchInference,84,RegionD,RegionD,5,80,107,109.9,2.9,6,0.6000000000000001,23.0,0,96
9956,BatchInference,93,RegionF,RegionF,5,80,107,109.5,2.5,13,1.3,14.0,0,96
13314,AITraining,104,RegionF,RegionF,5,150,108,111.26666666666667,3.2666666666666666,19,3.04,4.0,0,96
13317,RealTimeInference,108,RegionA,RegionB,12,20,108,109.65,1.65,4,0.32,0.0,1,96
14856,BatchInference,104,RegionF,RegionF,5,80,108,108.6,0.6,7,0.7000000000000001,4.0,0,96
15155,RealTimeInference,108,RegionB,RegionB,5,20,108,113.15,5.15,5,0.4,0.0,0,96
17974,BatchInference,100,RegionB,RegionE,74,80,108,113.81666666666666,5.816666666666666,16,1.6,8.0,1,96
18496,AITraining,105,RegionF,RegionF,5,150,108,109.63333333333334,1.6333333333333333,63,10.08,3.0,0,96
20993,AITraining,104,RegionE,RegionE,5,150,108,113.58333333333333,5.583333333333333,116,18.56,4.0,0,96
2141,AITraining,104,RegionE,RegionE,5,150,108,109.53333333333333,1.5333333333333334,114,18.24,4.0,0,96
22451,RealTimeInference,108,RegionC,RegionA,15,20,108,110.55,2.55,2,0.16,0.0,1,96
23729,AITraining,103,RegionE,RegionE,5,150,108,108.28333333333333,0.2833333333333333,118,18.88,5.0,0,96
23863,BatchInference,73,RegionA,RegionD,65,80,108,110.43333333333334,2.433333333333333,19,1.9,35.0,1,96
24324,AITraining,98,RegionD,RegionD,5,150,108,113.73333333333333,5.733333333333333,27,4.32,10.0,0,96
24942,AITraining,106,RegionE,RegionF,18,150,108,108.65,0.65,43,6.88,2.0,1,96
2602,AITraining,76,RegionF,RegionF,5,150,108,108.35,0.35,34,5.44,32.0,0,96
28259,BatchInference,107,RegionB,RegionB,5,80,107,107.28333333333333,0.2833333333333333,23,2.3000000000000003,0.0,0,96
28644,AITraining,108,RegionF,RegionF,5,150,108,110.13333333333334,2.1333333333333333,111,17.76,0.0,0,96
29191,BatchInference,108,RegionB,RegionB,5,80,119,125.15,6.15,21,2.1,11.0,0,96
33615,RealTimeInference,108,RegionC,RegionC,5,20,108,111.98333333333333,3.983333333333333,2,0.16,0.0,0,96
34192,AITraining,108,RegionE,RegionF,18,150,108,108.35,0.35,91,14.56,0.0,1,96
35954,BatchInference,94,RegionB,RegionD,60,80,108,111.25,3.25,6,0.6000000000000001,14.0,1,96
37464,BatchInference,104,RegionC,RegionD,58,80,108,111.71666666666667,3.716666666666667,13,1.3,4.0,1,96
37563,BatchInference,107,RegionD,RegionF,25,80,108,108.66666666666667,0.6666666666666666,6,0.6000000000000001,1.0,1,96
40727,RealTimeInference,108,RegionE,RegionE,5,20,108,110.2,2.2,2,0.16,0.0,0,96
40870,AITraining,107,RegionF,RegionD,25,150,108,114.41666666666667,6.416666666666667,89,14.24,1.0,1,96
41627,AITraining,58,RegionD,RegionC,58,150,108,110.85,2.85,124,19.84,50.0,1,96
42667,RealTimeInference,108,RegionC,RegionA,15,20,108,112.21666666666667,4.216666666666667,4,0.32,0.0,1,96
44583,AITraining,87,RegionF,RegionF,5,150,108,108.18333333333334,0.1833333333333333,111,17.76,21.0,0,96
44885,AITraining,104,RegionF,RegionF,5,150,108,108.95,0.95,34,5.44,4.0,0,96
45890,BatchInference,94,RegionA,RegionA,5,80,96,102.23333333333333,6.233333333333333,13,1.3,2.0,0,96
45953,AITraining,101,RegionE,RegionE,5,150,108,113.98333333333333,5.983333333333333,48,7.68,7.0,0,96
46527,BatchInference,108,RegionA,RegionD,65,80,108,111.5,3.5,18,1.8,0.0,1,96
47058,AITraining,99,RegionC,RegionC,5,150,108,110.73333333333333,2.7333333333333334,39,6.24,9.0,0,96
47361,AITraining,105,RegionD,RegionD,5,150,108,114.61666666666666,6.616666666666666,26,4.16,3.0,0,96
48027,AITraining,108,RegionF,RegionE,18,150,108,111.11666666666666,3.1166666666666667,35,5.6000000000000005,0.0,1,96
49279,BatchInference,96,RegionD,RegionD,5,80,108,112.6,4.6,6,0.6000000000000001,12.0,0,96
4995,AITraining,95,RegionE,RegionE,5,150,108,114.1,6.1,49,7.84,13.0,0,96
6420,AITraining,108,RegionF,RegionE,18,150,108,113.86666666666666,5.866666666666666,37,5.92,0.0,1,96
6660,BatchInference,106,RegionC,RegionF,76,80,108,112.65,4.65,22,2.2,2.0,1,96
9645,BatchInference,107,RegionC,RegionC,5,80,109,115.45,6.45,16,1.6,2.0,0,96
11542,RealTimeInference,109,RegionC,RegionB,14,20,109,114.9,5.9,7,0.56,0.0,1,96
17188,BatchInference,109,RegionC,RegionA,15,80,109,111.0,2.0,13,1.3,0.0,1,96
17884,RealTimeInference,109,RegionB,RegionB,5,20,109,109.58333333333333,0.5833333333333334,1,0.08,0.0,0,96
17934,AITraining,108,RegionD,RegionD,5,150,109,114.75,5.75,37,5.92,1.0,0,96
18419,AITraining,108,RegionB,RegionB,5,150,108,112.51666666666667,4.516666666666667,109,17.44,0.0,0,96
18535,BatchInference,109,RegionE,RegionE,5,80,109,113.85,4.85,8,0.8,0.0,0,96
20321,BatchInference,109,RegionA,RegionA,5,80,115,118.43333333333334,3.433333333333333,20,2.0,6.0,0,96
21548,AITraining,109,RegionC,RegionC,5,150,109,114.55,5.55,98,15.68,0.0,0,96
23288,BatchInference,72,RegionB,RegionB,5,80,109,110.86666666666666,1.8666666666666667,22,2.2,37.0,0,96
23831,AITraining,109,RegionD,RegionD,5,150,109,114.1,5.1,28,4.48,0.0,0,96
26114,AITraining,109,RegionD,RegionC,58,150,109,110.51666666666667,1.5166666666666666,98,15.68,0.0,1,96
32843,BatchInference,95,RegionA,RegionA,5,80,96,99.55,3.55,4,0.4,1.0,0,96
33427,BatchInference,109,RegionA,RegionA,5,80,113,118.25,5.25,19,1.9,4.0,0,96
34707,BatchInference,108,RegionB,RegionB,5,80,119,124.91666666666667,5.916666666666667,12,1.2000000000000002,11.0,0,96
36702,RealTimeInference,109,RegionA,RegionA,5,20,109,111.16666666666667,2.1666666666666665,5,0.4,0.0,0,96
37461,AITraining,107,RegionB,RegionB,5,150,109,112.68333333333334,3.683333333333333,48,7.68,2.0,0,96
37875,BatchInference,99,RegionA,RegionB,12,80,109,111.36666666666666,2.3666666666666667,12,1.2000000000000002,10.0,1,96
3931,RealTimeInference,109,RegionB,RegionC,14,20,109,110.33333333333333,1.3333333333333333,3,0.24,0.0,1,96
4132,AITraining,91,RegionA,RegionD,65,150,96,100.08333333333333,4.083333333333333,120,19.2,5.0,1,96
43194,BatchInference,66,RegionA,RegionA,5,80,96,97.95,1.95,4,0.4,30.0,0,96
43629,BatchInference,102,RegionB,RegionB,5,80,103,106.23333333333333,3.2333333333333334,7,0.7000000000000001,1.0,0,96
44089,BatchInference,106,RegionC,RegionC,5,80,109,113.63333333333334,4.633333333333334,11,1.1,3.0,0,96
46712,BatchInference,67,RegionB,RegionB,5,80,109,111.36666666666666,2.3666666666666667,15,1.5,42.0,0,96
47052,AITraining,95,RegionD,RegionD,5,150,109,112.05,3.05,69,11.04,14.0,0,96
10417,RealTimeInference,110,RegionA,RegionA,5,20,110,112.21666666666667,2.216666666666667,3,0.24,0.0,0,96
12668,BatchInference,92,RegionB,RegionB,5,80,110,112.83333333333333,2.833333333333333,16,1.6,18.0,0,96
13275,AITraining,109,RegionF,RegionF,5,150,110,115.51666666666667,5.516666666666667,94,15.04,1.0,0,96
14606,BatchInference,110,RegionE,RegionE,5,80,110,115.98333333333333,5.983333333333333,10,1.0,0.0,0,96
15941,RealTimeInference,110,RegionA,RegionB,12,20,110,114.43333333333334,4.433333333333334,4,0.32,0.0,1,96
1725,AITraining,109,RegionB,RegionA,12,150,110,111.13333333333334,1.1333333333333333,23,3.68,1.0,1,96
18960,RealTimeInference,110,RegionB,RegionB,5,20,110,114.0,4.0,4,0.32,0.0,0,96
20721,BatchInference,106,RegionA,RegionA,5,80,110,111.45,1.45,14,1.4,4.0,0,96
21147,AITraining,107,RegionF,RegionF,5,150,107,108.0,1.0,111,17.76,0.0,0,96
21350,RealTimeInference,110,RegionE,RegionF,18,20,110,114.95,4.95,5,0.4,0.0,1,96
21733,AITraining,97,RegionD,RegionA,65,150,110,110.61666666666666,0.6166666666666667,104,16.64,13.0,1,96
22062,BatchInference,104,RegionC,RegionA,15,80,110,111.0,1.0,10,1.0,6.0,1,96
22224,BatchInference,108,RegionA,RegionA,5,80,113,118.06666666666666,5.066666666666666,6,0.6000000000000001,5.0,0,96
27493,AITraining,110,RegionD,RegionF,25,150,110,115.15,5.15,100,16.0,0.0,1,96
27630,BatchInference,87,RegionB,RegionA,12,80,110,110.9,0.9,19,1.9,23.0,1,96
28629,AITraining,110,RegionE,RegionE,5,150,110,116.65,6.65,33,5.28,0.0,0,96
30445,BatchInference,110,RegionC,RegionA,15,80,110,111.55,1.55,19,1.9,0.0,1,96
3351,AITraining,102,RegionF,RegionF,5,150,110,114.68333333333334,4.683333333333334,62,9.92,8.0,0,96
36341,BatchInference,107,RegionB,RegionB,5,80,108,112.85,4.85,5,0.5,1.0,0,96
36674,BatchInference,110,RegionA,RegionA,5,80,110,110.88333333333334,0.8833333333333333,19,1.9,0.0,0,96
37462,BatchInference,103,RegionB,RegionB,5,80,110,111.21666666666667,1.2166666666666666,9,0.9,7.0,0,96
38777,RealTimeInference,110,RegionC,RegionC,5,20,110,111.61666666666666,1.6166666666666667,2,0.16,0.0,0,96
40392,AITraining,109,RegionF,RegionF,5,150,110,115.26666666666667,5.266666666666667,36,5.76,1.0,0,96
40664,BatchInference,97,RegionB,RegionB,5,80,110,112.68333333333334,2.683333333333333,9,0.9,13.0,0,96
41048,RealTimeInference,110,RegionC,RegionB,14,20,110,115.41666666666667,5.416666666666667,4,0.32,0.0,1,96
42565,BatchInference,105,RegionA,RegionA,5,80,110,111.58333333333333,1.5833333333333333,20,2.0,5.0,0,96
42806,RealTimeInference,110,RegionC,RegionB,14,20,110,114.05,4.05,6,0.48,0.0,1,96
43250,AITraining,110,RegionE,RegionE,5,150,110,116.61666666666666,6.616666666666666,32,5.12,0.0,0,96
4454,BatchInference,89,RegionA,RegionA,5,80,110,110.4,0.4,17,1.7000000000000002,21.0,0,96
44616,BatchInference,93,RegionE,RegionE,5,80,110,115.96666666666667,5.966666666666667,6,0.6000000000000001,17.0,0,96
47878,AITraining,110,RegionC,RegionD,58,150,110,114.55,4.55,96,15.36,0.0,1,96
4834,BatchInference,106,RegionA,RegionB,12,80,110,112.63333333333334,2.6333333333333333,4,0.4,4.0,1,96
7909,AITraining,105,RegionF,RegionF,5,150,105,106.03333333333333,1.0333333333333334,70,11.2,0.0,0,96
10,AITraining,108,RegionE,RegionD,22,150,111,115.08333333333333,4.083333333333333,37,5.92,3.0,1,96
13611,BatchInference,109,RegionA,RegionD,65,80,111,114.11666666666666,3.1166666666666667,10,1.0,2.0,1,96
14704,RealTimeInference,111,RegionC,RegionB,14,20,111,113.16666666666667,2.1666666666666665,6,0.48,0.0,1,96
18723,AITraining,111,RegionD,RegionD,5,150,111,115.66666666666667,4.666666666666667,77,12.32,0.0,0,96
22276,AITraining,105,RegionB,RegionB,5,150,111,113.58333333333333,2.583333333333333,44,7.04,6.0,0,96
24286,RealTimeInference,111,RegionB,RegionB,5,20,111,111.16666666666667,0.1666666666666666,6,0.48,0.0,0,96
25689,RealTimeInference,111,RegionB,RegionB,5,20,111,113.71666666666667,2.716666666666667,5,0.4,0.0,0,96
27957,AITraining,109,RegionD,RegionD,5,150,111,114.45,3.45,118,18.88,2.0,0,96
28302,RealTimeInference,111,RegionC,RegionB,14,20,111,115.73333333333333,4.733333333333333,6,0.48,0.0,1,96
29083,RealTimeInference,111,RegionC,RegionA,15,20,111,117.63333333333334,6.633333333333334,2,0.16,0.0,1,96
333,AITraining,111,RegionF,RegionF,5,150,111,115.7,4.7,89,14.24,0.0,0,96
36952,BatchInference,111,RegionC,RegionC,5,80,111,115.51666666666667,4.516666666666667,14,1.4,0.0,0,96
40442,RealTimeInference,111,RegionB,RegionB,5,20,111,114.08333333333333,3.083333333333333,4,0.32,0.0,0,96
43966,BatchInference,104,RegionD,RegionD,5,80,111,112.35,1.35,21,2.1,7.0,0,96
45687,AITraining,111,RegionC,RegionD,58,150,111,116.53333333333333,5.533333333333333,82,13.12,0.0,1,96
4688,RealTimeInference,111,RegionC,RegionC,5,20,111,112.0,1.0,3,0.24,0.0,0,96
48258,RealTimeInference,111,RegionA,RegionB,12,20,111,112.31666666666666,1.3166666666666669,2,0.16,0.0,1,96
48535,RealTimeInference,111,RegionA,RegionB,12,20,111,112.03333333333333,1.0333333333333334,2,0.16,0.0,1,96
49080,AITraining,103,RegionD,RegionD,5,150,111,114.16666666666667,3.1666666666666665,117,18.72,8.0,0,96
7242,AITraining,110,RegionD,RegionD,5,150,111,111.28333333333333,0.2833333333333333,46,7.36,1.0,0,96
10566,RealTimeInference,112,RegionD,RegionD,5,20,112,113.6,1.6,4,0.32,0.0,0,96
11140,AITraining,112,RegionD,RegionE,22,150,112,118.03333333333333,6.033333333333333,20,3.2,0.0,1,96
13849,BatchInference,105,RegionC,RegionE,70,80,112,114.21666666666667,2.216666666666667,5,0.5,7.0,1,96
14722,AITraining,112,RegionD,RegionE,22,150,112,117.53333333333333,5.533333333333333,82,13.12,0.0,1,96
16455,BatchInference,112,RegionD,RegionD,5,80,112,114.51666666666667,2.5166666666666666,19,1.9,0.0,0,96
17252,BatchInference,101,RegionA,RegionA,5,80,113,117.4,4.4,4,0.4,12.0,0,96
18206,AITraining,112,RegionE,RegionD,22,150,112,114.88333333333334,2.8833333333333333,100,16.0,0.0,1,96
20018,BatchInference,112,RegionE,RegionE,5,80,112,115.96666666666667,3.966666666666667,16,1.6,0.0,0,96
20038,AITraining,109,RegionF,RegionF,5,150,112,114.46666666666667,2.466666666666667,111,17.76,3.0,0,96
20738,AITraining,98,RegionE,RegionF,18,150,112,115.36666666666666,3.3666666666666667,108,17.28,14.0,1,96
21554,RealTimeInference,112,RegionA,RegionC,15,20,112,116.3,4.3,4,0.32,0.0,1,96
25066,AITraining,112,RegionD,RegionF,25,150,112,115.28333333333333,3.283333333333333,102,16.32,0.0,1,96
28363,BatchInference,112,RegionA,RegionB,12,80,112,114.63333333333334,2.6333333333333333,4,0.4,0.0,1,96
29431,AITraining,94,RegionF,RegionF,5,150,112,114.91666666666667,2.9166666666666665,64,10.24,18.0,0,96
30075,AITraining,111,RegionB,RegionB,5,150,112,112.35,0.35,61,9.76,1.0,0,96
35274,AITraining,112,RegionE,RegionE,5,150,112,115.38333333333334,3.3833333333333333,73,11.68,0.0,0,96
36984,BatchInference,112,RegionB,RegionB,5,80,119,122.61666666666666,3.6166666666666663,6,0.6000000000000001,7.0,0,96
37006,AITraining,112,RegionE,RegionE,5,150,112,117.66666666666667,5.666666666666667,104,16.64,0.0,0,96
38717,BatchInference,101,RegionC,RegionE,70,80,112,114.18333333333334,2.183333333333333,12,1.2000000000000002,11.0,1,96
39937,BatchInference,112,RegionC,RegionE,70,80,112,116.08333333333333,4.083333333333333,22,2.2,0.0,1,96
4074,AITraining,109,RegionD,RegionE,22,150,112,113.55,1.55,63,10.08,3.0,1,96
41988,AITraining,112,RegionD,RegionE,22,150,112,117.11666666666666,5.116666666666666,59,9.44,0.0,1,96
42185,RealTimeInference,112,RegionA,RegionA,5,20,112,114.18333333333334,2.183333333333333,1,0.08,0.0,0,96
4250,BatchInference,112,RegionA,RegionA,5,80,113,117.71666666666667,4.716666666666667,7,0.7000000000000001,1.0,0,96
48782,BatchInference,112,RegionF,RegionE,18,80,112,117.36666666666666,5.366666666666666,16,1.6,0.0,1,96
5063,BatchInference,109,RegionF,RegionE,18,80,112,114.31666666666666,2.316666666666667,21,2.1,3.0,1,96
8004,AITraining,112,RegionD,RegionD,5,150,112,115.46666666666667,3.466666666666667,62,9.92,0.0,0,96
900,BatchInference,109,RegionB,RegionB,5,80,112,113.58333333333333,1.5833333333333333,10,1.0,3.0,0,96
10778,BatchInference,113,RegionB,RegionB,5,80,115,119.35,4.35,9,0.9,2.0,0,96
12982,BatchInference,112,RegionB,RegionD,60,80,113,114.9,1.9,13,1.3,1.0,1,96
13147,RealTimeInference,113,RegionB,RegionB,5,20,113,114.6,1.6,1,0.08,0.0,0,96
14394,AITraining,110,RegionD,RegionE,22,150,113,113.88333333333334,0.8833333333333333,30,4.8,3.0,1,96
20109,BatchInference,110,RegionD,RegionD,5,80,113,115.13333333333334,2.1333333333333333,13,1.3,3.0,0,96
21999,BatchInference,113,RegionE,RegionE,5,80,113,115.38333333333334,2.3833333333333333,22,2.2,0.0,0,96
22144,RealTimeInference,113,RegionF,RegionF,5,20,113,115.25,2.25,6,0.48,0.0,0,96
233,BatchInference,113,RegionD,RegionD,5,80,118,124.21666666666667,6.216666666666667,22,2.2,5.0,0,96
2717,AITraining,112,RegionD,RegionD,5,150,113,114.18333333333334,1.1833333333333331,33,5.28,1.0,0,96
28139,AITraining,113,RegionF,RegionE,18,150,113,117.65,4.65,97,15.52,0.0,1,96
28373,AITraining,107,RegionE,RegionE,5,150,113,113.2,0.2,42,6.72,6.0,0,96
29354,AITraining,113,RegionC,RegionC,5,150,114,118.2,4.2,76,12.16,1.0,0,96
31484,BatchInference,104,RegionE,RegionD,22,80,113,113.8,0.8,12,1.2000000000000002,9.0,1,96
31899,BatchInference,113,RegionA,RegionD,65,80,113,115.2,2.2,11,1.1,0.0,1,96
33894,AITraining,110,RegionD,RegionD,5,150,113,114.4,1.4,107,17.12,3.0,0,96
36703,AITraining,110,RegionD,RegionD,5,150,113,113.76666666666667,0.7666666666666667,123,19.68,3.0,0,96
38805,RealTimeInference,113,RegionE,RegionE,5,20,113,117.55,4.55,3,0.24,0.0,0,96
39846,RealTimeInference,113,RegionB,RegionA,12,20,113,114.18333333333334,1.1833333333333331,1,0.08,0.0,1,96
41600,RealTimeInference,113,RegionA,RegionA,5,20,113,113.81666666666666,0.8166666666666667,2,0.16,0.0,0,96
4182,RealTimeInference,113,RegionC,RegionC,5,20,113,116.35,3.35,7,0.56,0.0,0,96
47341,AITraining,113,RegionD,RegionD,5,150,113,116.75,3.75,41,6.5600000000000005,0.0,0,96
47873,RealTimeInference,113,RegionB,RegionA,12,20,113,115.26666666666667,2.2666666666666666,1,0.08,0.0,1,96
48089,RealTimeInference,113,RegionA,RegionC,15,20,113,116.7,3.7,7,0.56,0.0,1,96
49371,BatchInference,113,RegionD,RegionE,22,80,113,116.73333333333333,3.733333333333333,14,1.4,0.0,1,96
49546,AITraining,94,RegionD,RegionD,5,150,113,113.33333333333333,0.3333333333333333,34,5.44,19.0,0,96
49590,BatchInference,106,RegionA,RegionA,5,80,113,113.16666666666667,0.1666666666666666,4,0.4,7.0,0,96
11176,AITraining,114,RegionF,RegionF,5,150,114,118.11666666666666,4.116666666666666,97,15.52,0.0,0,96
11829,AITraining,114,RegionD,RegionD,5,150,118,122.18333333333334,4.183333333333334,54,8.64,4.0,0,96
12185,AITraining,114,RegionE,RegionE,5,150,119,122.46666666666667,3.466666666666667,98,15.68,5.0,0,96
14435,AITraining,114,RegionE,RegionE,5,150,114,116.41666666666667,2.4166666666666665,29,4.64,0.0,0,96
17082,RealTimeInference,114,RegionA,RegionB,12,20,114,116.91666666666667,2.9166666666666665,5,0.4,0.0,1,96
29145,AITraining,111,RegionD,RegionF,25,150,114,114.41666666666667,0.4166666666666667,90,14.4,3.0,1,96
30030,RealTimeInference,114,RegionA,RegionB,12,20,114,119.58333333333333,5.583333333333333,2,0.16,0.0,1,96
30285,RealTimeInference,114,RegionA,RegionC,15,20,114,118.41666666666667,4.416666666666667,1,0.08,0.0,1,96
30915,AITraining,114,RegionC,RegionC,5,150,114,116.28333333333333,2.283333333333333,96,15.36,0.0,0,96
37813,RealTimeInference,114,RegionC,RegionC,5,20,114,118.51666666666667,4.516666666666667,7,0.56,0.0,0,96
38474,BatchInference,114,RegionC,RegionC,5,80,114,117.3,3.3,8,0.8,0.0,0,96
41012,AITraining,114,RegionD,RegionF,25,150,114,114.48333333333333,0.4833333333333333,67,10.72,0.0,1,96
4577,RealTimeInference,114,RegionC,RegionC,5,20,114,115.61666666666666,1.6166666666666667,2,0.16,0.0,0,96
48949,AITraining,114,RegionD,RegionF,25,150,114,115.48333333333333,1.4833333333333334,67,10.72,0.0,1,96
8107,AITraining,114,RegionA,RegionC,15,150,114,116.95,2.95,37,5.92,0.0,1,96
10320,RealTimeInference,115,RegionB,RegionB,5,20,115,116.0,1.0,3,0.24,0.0,0,96
1137,BatchInference,109,RegionC,RegionE,70,80,115,116.2,1.2,10,1.0,6.0,1,96
11670,AITraining,115,RegionD,RegionD,5,150,118,122.88333333333334,4.883333333333334,48,7.68,3.0,0,96
15906,BatchInference,99,RegionF,RegionE,18,80,115,115.53333333333333,0.5333333333333333,13,1.3,16.0,1,96
17292,BatchInference,112,RegionB,RegionE,74,80,115,115.56666666666666,0.5666666666666667,9,0.9,3.0,1,96
19026,BatchInference,113,RegionD,RegionD,5,80,118,121.03333333333333,3.033333333333333,11,1.1,5.0,0,96
22731,AITraining,114,RegionD,RegionE,22,150,115,115.4,0.4,67,10.72,1.0,1,96
24766,RealTimeInference,115,RegionC,RegionC,5,20,115,117.78333333333333,2.783333333333333,3,0.24,0.0,0,96
26229,AITraining,107,RegionE,RegionE,5,150,115,115.75,0.75,41,6.5600000000000005,8.0,0,96
26820,AITraining,115,RegionF,RegionE,18,150,115,116.58333333333333,1.5833333333333333,29,4.64,0.0,1,96
28361,AITraining,114,RegionF,RegionE,18,150,115,116.85,1.85,123,19.68,1.0,1,96
30001,AITraining,115,RegionF,RegionF,5,150,115,120.76666666666667,5.766666666666667,58,9.28,0.0,0,96
33377,RealTimeInference,115,RegionB,RegionA,12,20,115,120.9,5.9,6,0.48,0.0,1,96
3524,AITraining,111,RegionD,RegionE,22,150,115,115.48333333333333,0.4833333333333333,45,7.2,4.0,1,96
35400,BatchInference,107,RegionE,RegionE,5,80,115,115.7,0.7,9,0.9,8.0,0,96
35795,RealTimeInference,115,RegionA,RegionC,15,20,115,121.65,6.65,6,0.48,0.0,1,96
35860,RealTimeInference,115,RegionF,RegionE,18,20,115,121.5,6.5,5,0.4,0.0,1,96
38087,RealTimeInference,115,RegionB,RegionB,5,20,115,117.56666666666666,2.566666666666667,5,0.4,0.0,0,96
38521,BatchInference,114,RegionD,RegionD,5,80,118,123.1,5.1,5,0.5,4.0,0,96
38936,BatchInference,115,RegionF,RegionE,18,80,115,118.61666666666666,3.6166666666666663,14,1.4,0.0,1,96
40065,BatchInference,110,RegionA,RegionA,5,80,110,110.23333333333333,0.2333333333333333,23,2.3000000000000003,0.0,0,96
40247,AITraining,115,RegionF,RegionF,5,150,115,121.4,6.4,127,20.32,0.0,0,96
4110,RealTimeInference,115,RegionC,RegionC,5,20,115,116.76666666666667,1.7666666666666666,4,0.32,0.0,0,96
41207,BatchInference,112,RegionA,RegionA,5,80,112,112.71666666666667,0.7166666666666667,18,1.8,0.0,0,96
43309,BatchInference,112,RegionD,RegionE,22,80,115,116.25,1.25,11,1.1,3.0,1,96
4360,BatchInference,106,RegionE,RegionE,5,80,115,116.35,1.35,6,0.6000000000000001,9.0,0,96
46264,BatchInference,109,RegionA,RegionA,5,80,109,109.41666666666667,0.4166666666666667,15,1.5,0.0,0,96
47030,BatchInference,98,RegionE,RegionE,5,80,115,118.16666666666667,3.1666666666666665,18,1.8,17.0,0,96
48149,AITraining,115,RegionD,RegionE,22,150,115,116.85,1.85,76,12.16,0.0,1,96
49275,AITraining,115,RegionB,RegionB,5,150,119,123.4,4.4,54,8.64,4.0,0,96
6419,BatchInference,113,RegionD,RegionE,22,80,115,115.18333333333334,0.1833333333333333,11,1.1,2.0,1,96
10680,BatchInference,115,RegionB,RegionB,5,80,119,124.41666666666667,5.416666666666667,5,0.5,4.0,0,96
17574,RealTimeInference,116,RegionA,RegionB,12,20,116,120.08333333333333,4.083333333333333,6,0.48,0.0,1,96
22666,AITraining,116,RegionE,RegionE,5,150,116,118.61666666666666,2.6166666666666667,122,19.52,0.0,0,96
24232,AITraining,116,RegionD,RegionD,5,150,118,124.3,6.3,103,16.48,2.0,0,96
30567,AITraining,116,RegionB,RegionB,5,150,119,122.75,3.75,77,12.32,3.0,0,96
31987,RealTimeInference,116,RegionB,RegionB,5,20,116,116.83333333333333,0.8333333333333334,5,0.4,0.0,0,96
33642,BatchInference,114,RegionE,RegionE,5,80,116,121.73333333333333,5.733333333333333,14,1.4,2.0,0,96
35249,RealTimeInference,116,RegionC,RegionA,15,20,116,120.63333333333334,4.633333333333334,6,0.48,0.0,1,96
39174,RealTimeInference,116,RegionA,RegionA,5,20,116,117.6,1.6,7,0.56,0.0,0,96
41453,BatchInference,114,RegionD,RegionD,5,80,118,123.78333333333333,5.783333333333333,14,1.4,4.0,0,96
49602,AITraining,116,RegionF,RegionF,5,150,116,118.16666666666667,2.1666666666666665,80,12.8,0.0,0,96
5224,AITraining,115,RegionE,RegionE,5,150,119,124.25,5.25,70,11.2,4.0,0,96
7206,AITraining,116,RegionE,RegionE,5,150,116,121.98333333333333,5.983333333333333,31,4.96,0.0,0,96
8050,BatchInference,113,RegionB,RegionB,5,80,119,124.7,5.7,6,0.6000000000000001,6.0,0,96
8738,AITraining,115,RegionD,RegionD,5,150,118,122.8,4.8,58,9.28,3.0,0,96
14574,RealTimeInference,117,RegionD,RegionD,5,20,117,123.18333333333334,6.183333333333334,4,0.32,0.0,0,96
17669,RealTimeInference,117,RegionC,RegionA,15,20,117,123.4,6.4,3,0.24,0.0,1,96
19154,BatchInference,117,RegionA,RegionA,5,80,119,125.21666666666667,6.216666666666667,7,0.7000000000000001,2.0,0,96
2105,BatchInference,112,RegionA,RegionA,5,80,117,117.85,0.85,12,1.2000000000000002,5.0,0,96
27194,RealTimeInference,117,RegionC,RegionC,5,20,117,119.81666666666666,2.816666666666667,4,0.32,0.0,0,96
2843,RealTimeInference,117,RegionB,RegionA,12,20,117,117.48333333333333,0.4833333333333333,1,0.08,0.0,1,96
33333,RealTimeInference,117,RegionC,RegionC,5,20,117,121.36666666666666,4.366666666666666,1,0.08,0.0,0,96
38425,BatchInference,117,RegionA,RegionA,5,80,119,125.51666666666667,6.516666666666667,15,1.5,2.0,0,96
38683,AITraining,116,RegionD,RegionA,65,150,117,118.05,1.05,79,12.64,1.0,1,96
39759,AITraining,117,RegionD,RegionD,5,150,118,124.45,6.45,98,15.68,1.0,0,96
39826,BatchInference,115,RegionD,RegionD,5,80,118,122.85,4.85,12,1.2000000000000002,3.0,0,96
44566,BatchInference,115,RegionB,RegionB,5,80,119,125.06666666666666,6.066666666666666,19,1.9,4.0,0,96
4632,BatchInference,114,RegionB,RegionB,5,80,115,119.65,4.65,11,1.1,1.0,0,96
46816,RealTimeInference,117,RegionA,RegionA,5,20,117,121.46666666666667,4.466666666666667,7,0.56,0.0,0,96
11880,RealTimeInference,118,RegionA,RegionA,5,20,118,124.61666666666666,6.616666666666666,4,0.32,0.0,0,96
15130,AITraining,117,RegionE,RegionE,5,150,119,125.58333333333333,6.583333333333333,107,17.12,2.0,0,96
15254,RealTimeInference,118,RegionB,RegionB,5,20,118,121.15,3.15,7,0.56,0.0,0,96
36039,AITraining,118,RegionD,RegionD,5,150,118,122.61666666666666,4.616666666666666,30,4.8,0.0,0,96
37558,RealTimeInference,118,RegionC,RegionA,15,20,118,122.58333333333333,4.583333333333333,4,0.32,0.0,1,96
39766,RealTimeInference,118,RegionB,RegionB,5,20,118,121.55,3.55,7,0.56,0.0,0,96
44124,RealTimeInference,118,RegionC,RegionC,5,20,118,123.01666666666667,5.016666666666667,7,0.56,0.0,0,96
44315,RealTimeInference,118,RegionE,RegionE,5,20,118,123.46666666666667,5.466666666666667,3,0.24,0.0,0,96
513,RealTimeInference,118,RegionA,RegionB,12,20,118,124.23333333333333,6.233333333333333,4,0.32,0.0,1,96
7406,RealTimeInference,118,RegionA,RegionC,15,20,118,121.0,3.0,2,0.16,0.0,1,96
10276,RealTimeInference,119,RegionC,RegionA,15,20,119,123.78333333333333,4.783333333333333,6,0.48,0.0,1,96
14816,RealTimeInference,119,RegionC,RegionC,5,20,119,119.55,0.55,6,0.48,0.0,0,96
1570,BatchInference,119,RegionC,RegionC,5,80,119,124.45,5.45,8,0.8,0.0,0,96
18441,RealTimeInference,119,RegionB,RegionB,5,20,119,119.91666666666667,0.9166666666666666,7,0.56,0.0,0,96
19057,RealTimeInference,119,RegionB,RegionA,12,20,119,122.63333333333333,3.633333333333333,1,0.08,0.0,1,96
19973,RealTimeInference,119,RegionA,RegionC,15,20,119,123.11666666666666,4.116666666666666,2,0.16,0.0,1,96
21303,RealTimeInference,119,RegionC,RegionC,5,20,119,121.51666666666667,2.5166666666666666,1,0.08,0.0,0,96
25596,RealTimeInference,119,RegionA,RegionC,15,20,119,123.06666666666666,4.066666666666666,7,0.56,0.0,1,96
27575,RealTimeInference,119,RegionE,RegionE,5,20,119,123.1,4.1,7,0.56,0.0,0,96
28505,RealTimeInference,119,RegionC,RegionC,5,20,119,124.35,5.35,7,0.56,0.0,0,96
29544,AITraining,111,RegionC,RegionC,5,150,119,120.0,1.0,17,2.72,8.0,0,96
36067,RealTimeInference,119,RegionB,RegionB,5,20,119,120.98333333333333,1.9833333333333332,7,0.56,0.0,0,96
3723,RealTimeInference,119,RegionC,RegionC,5,20,119,120.41666666666667,1.4166666666666667,5,0.4,0.0,0,96
42694,RealTimeInference,119,RegionC,RegionC,5,20,119,121.8,2.8,2,0.16,0.0,0,96
43340,RealTimeInference,119,RegionA,RegionA,5,20,119,119.68333333333334,0.6833333333333333,7,0.56,0.0,0,96
44168,BatchInference,118,RegionC,RegionC,5,80,119,120.76666666666667,1.7666666666666666,23,2.3000000000000003,1.0,0,96
47089,RealTimeInference,119,RegionC,RegionB,14,20,119,124.28333333333333,5.283333333333333,7,0.56,0.0,1,96
49974,RealTimeInference,119,RegionC,RegionA,15,20,119,121.81666666666666,2.816666666666667,5,0.4,0.0,1,96
6272,BatchInference,117,RegionB,RegionD,60,80,117,120.58333333333333,3.583333333333333,10,1.0,0.0,1,96
7745,BatchInference,116,RegionE,RegionE,5,80,119,125.28333333333333,6.283333333333333,23,2.3000000000000003,3.0,0,96
12933,RealTimeInference,120,RegionC,RegionA,15,20,120,121.0,1.0,3,0.24,0.0,1,120
20254,RealTimeInference,120,RegionC,RegionC,5,20,120,120.18333333333334,0.1833333333333333,6,0.48,0.0,0,120
27511,RealTimeInference,120,RegionA,RegionC,15,20,120,122.56666666666666,2.566666666666667,1,0.08,0.0,1,120
31397,RealTimeInference,120,RegionB,RegionB,5,20,120,123.78333333333333,3.783333333333333,6,0.48,0.0,0,120
3168,RealTimeInference,120,RegionA,RegionA,5,20,120,124.66666666666667,4.666666666666667,2,0.16,0.0,0,120
46121,RealTimeInference,120,RegionA,RegionC,15,20,120,125.83333333333333,5.833333333333333,2,0.16,0.0,1,120
6136,RealTimeInference,120,RegionB,RegionC,14,20,120,126.08333333333333,6.083333333333333,1,0.08,0.0,1,120
8023,RealTimeInference,120,RegionA,RegionC,15,20,120,120.3,0.3,1,0.08,0.0,1,120
9759,RealTimeInference,120,RegionC,RegionB,14,20,120,126.16666666666667,6.166666666666667,4,0.32,0.0,1,120
12839,RealTimeInference,121,RegionB,RegionA,12,20,121,122.83333333333333,1.8333333333333333,3,0.24,0.0,1,120
31138,RealTimeInference,121,RegionA,RegionA,5,20,121,125.06666666666666,4.066666666666666,5,0.4,0.0,0,120
36333,RealTimeInference,121,RegionA,RegionA,5,20,121,125.86666666666666,4.866666666666666,7,0.56,0.0,0,120
47808,RealTimeInference,121,RegionB,RegionB,5,20,121,121.93333333333334,0.9333333333333332,6,0.48,0.0,0,120
17740,RealTimeInference,122,RegionB,RegionA,12,20,122,124.95,2.95,4,0.32,0.0,1,120
19443,RealTimeInference,122,RegionA,RegionC,15,20,122,128.33333333333334,6.333333333333333,1,0.08,0.0,1,120
20203,RealTimeInference,122,RegionA,RegionB,12,20,122,128.43333333333334,6.433333333333334,6,0.48,0.0,1,120
20393,RealTimeInference,122,RegionA,RegionA,5,20,122,122.38333333333334,0.3833333333333333,5,0.4,0.0,0,120
7,RealTimeInference,122,RegionA,RegionA,5,20,122,127.05,5.05,2,0.16,0.0,0,120
7739,RealTimeInference,122,RegionE,RegionE,5,20,122,127.81666666666666,5.816666666666666,4,0.32,0.0,0,120
13602,RealTimeInference,123,RegionC,RegionC,5,20,123,123.6,0.6,3,0.24,0.0,0,120
23947,RealTimeInference,123,RegionC,RegionA,15,20,123,128.81666666666666,5.816666666666666,2,0.16,0.0,1,120
27277,RealTimeInference,123,RegionB,RegionB,5,20,123,127.01666666666667,4.016666666666667,1,0.08,0.0,0,120
30914,RealTimeInference,123,RegionE,RegionE,5,20,123,126.36666666666666,3.3666666666666667,6,0.48,0.0,0,120
38499,RealTimeInference,123,RegionA,RegionB,12,20,123,129.56666666666666,6.566666666666666,2,0.16,0.0,1,120
42914,RealTimeInference,123,RegionB,RegionC,14,20,123,127.86666666666666,4.866666666666666,7,0.56,0.0,1,120
10470,RealTimeInference,124,RegionA,RegionB,12,20,124,127.36666666666666,3.3666666666666667,3,0.24,0.0,1,120
10756,AITraining,118,RegionF,RegionF,5,150,124,124.76666666666667,0.7666666666666667,88,14.08,6.0,0,120
14300,RealTimeInference,124,RegionA,RegionB,12,20,124,125.03333333333333,1.0333333333333334,2,0.16,0.0,1,120
16220,BatchInference,117,RegionE,RegionE,5,80,120,124.5,4.5,7,0.7000000000000001,3.0,0,120
18452,AITraining,95,RegionC,RegionC,5,150,120,120.88333333333334,0.8833333333333333,22,3.52,25.0,0,120
19536,AITraining,122,RegionD,RegionD,5,150,127,131.95,4.95,85,13.6,5.0,0,120
21534,RealTimeInference,124,RegionF,RegionE,18,20,124,129.43333333333334,5.433333333333334,3,0.24,0.0,1,120
2222,AITraining,80,RegionF,RegionF,5,150,124,124.45,0.45,109,17.44,44.0,0,120
22320,AITraining,118,RegionF,RegionF,5,150,124,129.81666666666666,5.816666666666666,37,5.92,6.0,0,120
23999,AITraining,122,RegionF,RegionF,5,150,124,127.85,3.85,56,8.96,2.0,0,120
25636,AITraining,119,RegionD,RegionD,5,150,120,125.7,5.7,111,17.76,1.0,0,120
29078,RealTimeInference,124,RegionA,RegionA,5,20,124,125.51666666666667,1.5166666666666666,5,0.4,0.0,0,120
29163,AITraining,118,RegionA,RegionA,5,150,120,124.05,4.05,63,10.08,2.0,0,120
31760,AITraining,85,RegionF,RegionF,5,150,124,124.61666666666666,0.6166666666666667,40,6.4,39.0,0,120
32865,AITraining,118,RegionD,RegionD,5,150,120,124.98333333333333,4.983333333333333,21,3.36,2.0,0,120
3317,AITraining,119,RegionF,RegionF,5,150,124,127.88333333333333,3.883333333333333,118,18.88,5.0,0,120
35057,AITraining,122,RegionE,RegionF,18,150,124,129.38333333333333,5.383333333333334,114,18.24,2.0,1,120
35821,AITraining,119,RegionA,RegionA,5,150,120,125.3,5.3,51,8.16,1.0,0,120
36856,AITraining,116,RegionF,RegionF,5,150,124,124.61666666666666,0.6166666666666667,34,5.44,8.0,0,120
39293,AITraining,121,RegionD,RegionF,25,150,124,124.23333333333333,0.2333333333333333,35,5.6000000000000005,3.0,1,120
40197,AITraining,118,RegionD,RegionD,5,150,139,145.33333333333334,6.333333333333333,92,14.72,21.0,0,120
42061,AITraining,123,RegionD,RegionD,5,150,127,130.25,3.25,109,17.44,4.0,0,120
48422,RealTimeInference,124,RegionA,RegionC,15,20,124,129.55,5.55,7,0.56,0.0,1,120
6131,AITraining,121,RegionF,RegionF,5,150,124,128.16666666666666,4.166666666666667,28,4.48,3.0,0,120
7103,AITraining,124,RegionF,RegionF,5,150,124,129.45,5.45,22,3.52,0.0,0,120
8619,RealTimeInference,124,RegionA,RegionB,12,20,124,127.45,3.45,7,0.56,0.0,1,120
12368,AITraining,118,RegionE,RegionE,5,150,125,130.15,5.15,37,5.92,7.0,0,120
14971,RealTimeInference,125,RegionB,RegionB,5,20,125,130.8,5.8,4,0.32,0.0,0,120
17155,AITraining,102,RegionD,RegionD,5,150,125,126.83333333333333,1.8333333333333333,58,9.28,23.0,0,120
20690,RealTimeInference,125,RegionA,RegionA,5,20,125,131.13333333333333,6.133333333333334,3,0.24,0.0,0,120
20970,RealTimeInference,125,RegionF,RegionE,18,20,125,130.56666666666666,5.566666666666666,5,0.4,0.0,1,120
21227,AITraining,125,RegionD,RegionD,5,150,125,127.36666666666666,2.3666666666666667,59,9.44,0.0,0,120
30313,AITraining,121,RegionD,RegionD,5,150,125,127.0,2.0,70,11.2,4.0,0,120
30333,AITraining,117,RegionD,RegionD,5,150,125,127.65,2.65,66,10.56,8.0,0,120
41327,AITraining,116,RegionD,RegionD,5,150,125,126.9,1.9,22,3.52,9.0,0,120
42677,AITraining,120,RegionD,RegionD,5,150,125,129.73333333333332,4.733333333333333,19,3.04,5.0,0,120
43413,AITraining,124,RegionD,RegionD,5,150,125,127.03333333333333,2.033333333333333,92,14.72,1.0,0,120
46789,AITraining,120,RegionC,RegionC,5,150,120,122.08333333333333,2.083333333333333,16,2.56,0.0,0,120
47690,AITraining,115,RegionD,RegionD,5,150,125,127.56666666666666,2.566666666666667,83,13.28,10.0,0,120
47721,AITraining,120,RegionD,RegionD,5,150,125,128.36666666666667,3.3666666666666667,61,9.76,5.0,0,120
48281,RealTimeInference,125,RegionB,RegionA,12,20,125,125.4,0.4,1,0.08,0.0,1,120
48897,RealTimeInference,125,RegionB,RegionB,5,20,125,128.86666666666667,3.8666666666666663,5,0.4,0.0,0,120
9619,AITraining,124,RegionE,RegionD,22,150,125,127.3,2.3,72,11.52,1.0,1,120
10350,AITraining,98,RegionF,RegionF,5,150,126,128.46666666666667,2.466666666666667,96,15.36,28.0,0,120
10494,BatchInference,121,RegionF,RegionF,5,80,130,136.35,6.35,21,2.1,9.0,0,120
11684,RealTimeInference,126,RegionA,RegionB,12,20,126,129.01666666666668,3.0166666666666666,2,0.16,0.0,1,120
13657,BatchInference,123,RegionA,RegionA,5,80,123,126.33333333333333,3.333333333333333,22,2.2,0.0,0,120
16242,RealTimeInference,126,RegionA,RegionB,12,20,126,129.91666666666666,3.9166666666666665,6,0.48,0.0,1,120
19365,AITraining,101,RegionD,RegionE,22,150,126,131.01666666666668,5.016666666666667,51,8.16,25.0,1,120
19718,BatchInference,122,RegionA,RegionA,5,80,122,128.23333333333332,6.233333333333333,7,0.7000000000000001,0.0,0,120
1989,AITraining,126,RegionD,RegionD,5,150,139,145.2,6.2,32,5.12,13.0,0,120
20361,BatchInference,122,RegionA,RegionA,5,80,122,125.03333333333333,3.033333333333333,6,0.6000000000000001,0.0,0,120
21341,BatchInference,116,RegionD,RegionD,5,80,126,127.15,1.15,11,1.1,10.0,0,120
2279,BatchInference,118,RegionD,RegionD,5,80,126,126.25,0.25,5,0.5,8.0,0,120
24753,BatchInference,118,RegionD,RegionD,5,80,138,144.45,6.45,12,1.2000000000000002,20.0,0,120
25511,AITraining,126,RegionD,RegionD,5,150,131,137.51666666666668,6.516666666666667,108,17.28,5.0,0,120
27723,AITraining,123,RegionD,RegionD,5,150,126,127.35,1.35,104,16.64,3.0,0,120
29475,AITraining,122,RegionE,RegionE,5,150,126,131.38333333333333,5.383333333333334,85,13.6,4.0,0,120
30018,AITraining,116,RegionD,RegionD,5,150,126,126.76666666666667,0.7666666666666667,94,15.04,10.0,0,120
31625,BatchInference,117,RegionB,RegionB,5,80,128,131.61666666666667,3.6166666666666663,8,0.8,11.0,0,120
32331,AITraining,120,RegionF,RegionF,5,150,120,120.73333333333333,0.7333333333333333,106,16.96,0.0,0,120
325,BatchInference,118,RegionD,RegionD,5,80,131,137.58333333333334,6.583333333333333,17,1.7000000000000002,13.0,0,120
33018,AITraining,119,RegionE,RegionE,5,150,120,123.05,3.05,29,4.64,1.0,0,120
34639,BatchInference,118,RegionE,RegionE,5,80,126,128.66666666666666,2.6666666666666665,17,1.7000000000000002,8.0,0,120
37680,RealTimeInference,126,RegionB,RegionB,5,20,126,131.6,5.6,7,0.56,0.0,0,120
38245,AITraining,120,RegionE,RegionE,5,150,126,131.33333333333334,5.333333333333333,67,10.72,6.0,0,120
40904,RealTimeInference,126,RegionE,RegionE,5,20,126,131.63333333333333,5.633333333333334,7,0.56,0.0,0,120
42402,AITraining,120,RegionD,RegionD,5,150,126,127.48333333333333,1.4833333333333334,124,19.84,6.0,0,120
43972,BatchInference,119,RegionD,RegionD,5,80,139,144.88333333333333,5.883333333333334,22,2.2,20.0,0,120
45883,AITraining,123,RegionF,RegionF,5,150,126,128.56666666666666,2.566666666666667,42,6.72,3.0,0,120
46423,AITraining,121,RegionD,RegionD,5,150,139,145.2,6.2,47,7.52,18.0,0,120
46895,AITraining,121,RegionD,RegionD,5,150,126,127.58333333333333,1.5833333333333333,126,20.16,5.0,0,120
4750,AITraining,126,RegionD,RegionD,5,150,139,145.15,6.15,42,6.72,13.0,0,120
47798,AITraining,125,RegionF,RegionE,18,150,126,131.96666666666667,5.966666666666667,123,19.68,1.0,1,120
48057,AITraining,120,RegionD,RegionD,5,150,126,127.0,1.0,26,4.16,6.0,0,120
49682,BatchInference,122,RegionA,RegionA,5,80,122,125.58333333333333,3.583333333333333,8,0.8,0.0,0,120
5324,AITraining,119,RegionF,RegionE,18,150,126,130.78333333333333,4.783333333333333,71,11.36,7.0,1,120
6524,AITraining,120,RegionE,RegionE,5,150,120,123.01666666666667,3.0166666666666666,20,3.2,0.0,0,120
8312,AITraining,96,RegionD,RegionD,5,150,120,123.03333333333333,3.033333333333333,40,6.4,24.0,0,120
8577,BatchInference,118,RegionD,RegionD,5,80,126,127.58333333333333,1.5833333333333333,10,1.0,8.0,0,120
9893,BatchInference,122,RegionB,RegionB,5,80,126,127.55,1.55,23,2.3000000000000003,4.0,0,120
10985,BatchInference,125,RegionE,RegionE,5,80,127,127.81666666666666,0.8166666666666667,19,1.9,2.0,0,120
12414,AITraining,121,RegionE,RegionE,5,150,127,132.86666666666667,5.866666666666666,30,4.8,6.0,0,120
19613,RealTimeInference,127,RegionA,RegionC,15,20,127,130.71666666666667,3.716666666666667,1,0.08,0.0,1,120
22148,RealTimeInference,127,RegionB,RegionC,14,20,127,133.63333333333333,6.633333333333334,4,0.32,0.0,1,120
27156,AITraining,126,RegionB,RegionB,5,150,127,127.96666666666667,0.9666666666666668,115,18.4,1.0,0,120
29209,BatchInference,97,RegionA,RegionA,5,80,120,120.51666666666667,0.5166666666666667,4,0.4,23.0,0,120
35938,RealTimeInference,127,RegionC,RegionC,5,20,127,133.13333333333333,6.133333333333334,3,0.24,0.0,0,120
40029,RealTimeInference,127,RegionB,RegionC,14,20,127,132.98333333333332,5.983333333333333,3,0.24,0.0,1,120
40421,AITraining,127,RegionD,RegionD,5,150,131,137.28333333333333,6.283333333333333,83,13.28,4.0,0,120
45523,RealTimeInference,127,RegionA,RegionB,12,20,127,129.13333333333333,2.1333333333333333,5,0.4,0.0,1,120
48993,AITraining,122,RegionC,RegionA,15,150,127,127.95,0.95,103,16.48,5.0,1,120
8603,RealTimeInference,127,RegionC,RegionC,5,20,127,128.81666666666666,1.8166666666666669,3,0.24,0.0,0,120
8700,RealTimeInference,127,RegionB,RegionA,12,20,127,132.55,5.55,2,0.16,0.0,1,120
11185,RealTimeInference,128,RegionA,RegionA,5,20,128,131.5,3.5,2,0.16,0.0,0,120
12192,RealTimeInference,128,RegionC,RegionC,5,20,128,132.25,4.25,5,0.4,0.0,0,120
19483,RealTimeInference,128,RegionA,RegionC,15,20,128,133.45,5.45,2,0.16,0.0,1,120
21269,RealTimeInference,128,RegionB,RegionA,12,20,128,132.36666666666667,4.366666666666666,2,0.16,0.0,1,120
23473,RealTimeInference,128,RegionB,RegionC,14,20,128,131.08333333333334,3.083333333333333,7,0.56,0.0,1,120
2978,RealTimeInference,128,RegionA,RegionA,5,20,128,129.38333333333333,1.3833333333333333,2,0.16,0.0,0,120
29817,RealTimeInference,128,RegionC,RegionC,5,20,128,130.86666666666667,2.8666666666666667,7,0.56,0.0,0,120
30876,RealTimeInference,128,RegionA,RegionC,15,20,128,131.83333333333334,3.8333333333333335,3,0.24,0.0,1,120
49328,RealTimeInference,128,RegionA,RegionC,15,20,128,133.38333333333333,5.383333333333334,7,0.56,0.0,1,120
9211,RealTimeInference,128,RegionA,RegionC,15,20,128,132.96666666666667,4.966666666666667,6,0.48,0.0,1,120
12829,RealTimeInference,129,RegionD,RegionD,5,20,129,130.51666666666668,1.5166666666666666,3,0.24,0.0,0,120
2097,AITraining,125,RegionF,RegionE,18,150,129,134.66666666666666,5.666666666666667,65,10.4,4.0,1,120
23486,RealTimeInference,129,RegionB,RegionB,5,20,129,130.58333333333334,1.5833333333333333,5,0.4,0.0,0,120
2536,AITraining,127,RegionE,RegionE,5,150,135,140.78333333333333,5.783333333333333,110,17.6,8.0,0,120
32663,AITraining,117,RegionE,RegionE,5,150,129,135.45,6.45,68,10.88,12.0,0,120
32931,AITraining,124,RegionD,RegionD,5,150,138,144.55,6.55,89,14.24,14.0,0,120
38493,AITraining,123,RegionD,RegionD,5,150,138,144.63333333333333,6.633333333333334,46,7.36,15.0,0,120
38706,RealTimeInference,129,RegionC,RegionC,5,20,129,132.86666666666667,3.8666666666666663,7,0.56,0.0,0,120
40238,RealTimeInference,129,RegionB,RegionC,14,20,129,131.55,2.55,7,0.56,0.0,1,120
43861,AITraining,120,RegionE,RegionE,5,150,129,135.51666666666668,6.516666666666667,67,10.72,9.0,0,120
46093,RealTimeInference,129,RegionA,RegionC,15,20,129,133.63333333333333,4.633333333333334,4,0.32,0.0,1,120
48276,AITraining,124,RegionF,RegionF,5,150,126,132.2,6.2,115,18.4,2.0,0,120
693,AITraining,127,RegionF,RegionF,5,150,127,133.01666666666668,6.016666666666667,37,5.92,0.0,0,120
10375,RealTimeInference,130,RegionC,RegionA,15,20,130,135.13333333333333,5.133333333333334,1,0.08,0.0,1,120
10905,BatchInference,123,RegionD,RegionD,5,80,131,137.06666666666666,6.066666666666666,8,0.8,8.0,0,120
11240,RealTimeInference,130,RegionC,RegionA,15,20,130,136.0,6.0,5,0.4,0.0,1,120
12615,RealTimeInference,130,RegionA,RegionC,15,20,130,133.9,3.9,5,0.4,0.0,1,120
20315,AITraining,124,RegionC,RegionC,5,150,130,130.33333333333334,0.3333333333333333,124,19.84,6.0,0,120
2981,RealTimeInference,130,RegionB,RegionC,14,20,130,131.81666666666666,1.8166666666666669,1,0.08,0.0,1,120
30555,RealTimeInference,130,RegionA,RegionC,15,20,130,136.41666666666666,6.416666666666667,3,0.24,0.0,1,120
32983,RealTimeInference,130,RegionB,RegionC,14,20,130,131.53333333333333,1.5333333333333334,7,0.56,0.0,1,120
3409,BatchInference,123,RegionE,RegionE,5,80,123,128.53333333333333,5.533333333333333,17,1.7000000000000002,0.0,0,120
34553,RealTimeInference,130,RegionC,RegionB,14,20,130,135.36666666666667,5.366666666666666,2,0.16,0.0,1,120
34728,RealTimeInference,130,RegionB,RegionB,5,20,130,132.86666666666667,2.8666666666666667,2,0.16,0.0,0,120
39817,RealTimeInference,130,RegionA,RegionA,5,20,130,132.91666666666666,2.9166666666666665,2,0.16,0.0,0,120
44708,BatchInference,129,RegionE,RegionE,5,80,130,134.36666666666667,4.366666666666666,9,0.9,1.0,0,120
46706,BatchInference,126,RegionC,RegionC,5,80,143,146.75,3.75,9,0.9,17.0,0,120
6124,AITraining,128,RegionE,RegionE,5,150,130,135.76666666666668,5.766666666666667,42,6.72,2.0,0,120
10508,RealTimeInference,131,RegionA,RegionA,5,20,131,131.66666666666666,0.6666666666666666,7,0.56,0.0,0,120
12622,AITraining,127,RegionD,RegionD,5,150,131,132.7,1.7,43,6.88,4.0,0,120
13123,BatchInference,123,RegionD,RegionD,5,80,131,133.0,2.0,15,1.5,8.0,0,120
13988,AITraining,118,RegionE,RegionE,5,150,131,136.1,5.1,82,13.12,13.0,0,120
1449,BatchInference,121,RegionA,RegionA,5,80,121,121.75,0.75,8,0.8,0.0,0,120
14590,RealTimeInference,131,RegionB,RegionC,14,20,131,133.71666666666667,2.716666666666667,6,0.48,0.0,1,120
15784,AITraining,129,RegionD,RegionD,5,150,131,132.2,1.2,68,10.88,2.0,0,120
18130,RealTimeInference,131,RegionA,RegionC,15,20,131,132.7,1.7,1,0.08,0.0,1,120
20640,RealTimeInference,131,RegionC,RegionC,5,20,131,133.56666666666666,2.566666666666667,7,0.56,0.0,0,120
21440,BatchInference,127,RegionD,RegionD,5,80,131,136.65,5.65,14,1.4,4.0,0,120
22285,AITraining,127,RegionD,RegionD,5,150,139,144.5,5.5,99,15.84,12.0,0,120
23318,BatchInference,124,RegionF,RegionD,25,80,131,131.2,0.2,10,1.0,7.0,1,120
23498,RealTimeInference,131,RegionB,RegionB,5,20,131,136.53333333333333,5.533333333333333,7,0.56,0.0,0,120
25929,RealTimeInference,131,RegionF,RegionE,18,20,131,133.23333333333332,2.2333333333333334,2,0.16,0.0,1,120
26083,RealTimeInference,131,RegionB,RegionC,14,20,131,137.56666666666666,6.566666666666666,4,0.32,0.0,1,120
28550,AITraining,130,RegionE,RegionD,22,150,131,133.33333333333334,2.333333333333333,98,15.68,1.0,1,120
34600,BatchInference,93,RegionF,RegionD,25,80,131,131.31666666666666,0.3166666666666666,4,0.4,38.0,1,120
3463,BatchInference,127,RegionA,RegionA,5,80,128,129.08333333333334,1.0833333333333333,22,2.2,1.0,0,120
38065,BatchInference,101,RegionA,RegionA,5,80,120,120.56666666666666,0.5666666666666667,16,1.6,19.0,0,120
38665,AITraining,131,RegionE,RegionE,5,150,131,135.9,4.9,38,6.08,0.0,0,120
38677,BatchInference,123,RegionC,RegionC,5,80,143,145.85,2.85,6,0.6000000000000001,20.0,0,120
39050,RealTimeInference,131,RegionA,RegionC,15,20,131,134.08333333333334,3.083333333333333,6,0.48,0.0,1,120
40400,RealTimeInference,131,RegionA,RegionA,5,20,131,136.58333333333334,5.583333333333333,2,0.16,0.0,0,120
40779,RealTimeInference,131,RegionC,RegionC,5,20,131,132.86666666666667,1.8666666666666667,1,0.08,0.0,0,120
45746,BatchInference,126,RegionA,RegionA,5,80,128,129.35,1.35,15,1.5,2.0,0,120
46983,BatchInference,131,RegionD,RegionD,5,80,131,134.33333333333334,3.333333333333333,13,1.3,0.0,0,120
47550,RealTimeInference,131,RegionA,RegionC,15,20,131,132.91666666666666,1.9166666666666667,7,0.56,0.0,1,120
47648,BatchInference,128,RegionA,RegionA,5,80,128,128.76666666666668,0.7666666666666667,10,1.0,0.0,0,120
48019,BatchInference,131,RegionD,RegionD,5,80,131,134.71666666666667,3.716666666666667,23,2.3000000000000003,0.0,0,120
49778,BatchInference,127,RegionE,RegionD,22,80,131,131.98333333333332,0.9833333333333332,14,1.4,4.0,1,120
5009,RealTimeInference,131,RegionC,RegionC,5,20,131,135.51666666666668,4.516666666666667,2,0.16,0.0,0,120
6394,RealTimeInference,131,RegionC,RegionA,15,20,131,132.73333333333332,1.7333333333333334,1,0.08,0.0,1,120
7914,BatchInference,116,RegionD,RegionD,5,80,131,132.53333333333333,1.5333333333333334,22,2.2,15.0,0,120
13170,RealTimeInference,132,RegionC,RegionC,5,20,132,134.11666666666667,2.1166666666666667,6,0.48,0.0,0,120
15849,AITraining,128,RegionD,RegionD,5,150,139,145.25,6.25,94,15.04,11.0,0,120
16490,BatchInference,118,RegionA,RegionA,5,80,120,124.81666666666666,4.816666666666666,21,2.1,2.0,0,120
17322,BatchInference,122,RegionE,RegionE,5,80,127,131.3,4.3,16,1.6,5.0,0,120
17700,RealTimeInference,132,RegionB,RegionB,5,20,132,132.3,0.3,3,0.24,0.0,0,120
17724,AITraining,128,RegionC,RegionC,5,150,131,135.65,4.65,39,6.24,3.0,0,120
18163,RealTimeInference,132,RegionA,RegionA,5,20,132,132.98333333333332,0.9833333333333332,1,0.08,0.0,0,120
19569,BatchInference,131,RegionC,RegionC,5,80,131,135.63333333333333,4.633333333333334,6,0.6000000000000001,0.0,0,120
21114,BatchInference,124,RegionF,RegionF,5,80,132,135.85,3.85,16,1.6,8.0,0,120
22484,RealTimeInference,132,RegionC,RegionB,14,20,132,137.45,5.45,4,0.32,0.0,1,120
22862,AITraining,122,RegionD,RegionE,22,150,132,135.5,3.5,42,6.72,10.0,1,120
24240,BatchInference,132,RegionC,RegionC,5,80,132,133.71666666666667,1.7166666666666666,15,1.5,0.0,0,120
2481,AITraining,126,RegionD,RegionD,5,150,127,130.16666666666666,3.1666666666666665,74,11.84,1.0,0,120
26531,AITraining,127,RegionF,RegionE,18,150,132,135.88333333333333,3.883333333333333,17,2.72,5.0,1,120
29597,AITraining,122,RegionD,RegionE,22,150,132,136.06666666666666,4.066666666666666,107,17.12,10.0,1,120
42780,BatchInference,132,RegionF,RegionF,5,80,141,147.25,6.25,17,1.7000000000000002,9.0,0,120
42837,AITraining,123,RegionE,RegionE,5,150,132,135.61666666666667,3.6166666666666663,72,11.52,9.0,0,120
47230,BatchInference,126,RegionB,RegionB,5,80,133,138.21666666666667,5.216666666666667,15,1.5,7.0,0,120
49084,RealTimeInference,132,RegionF,RegionE,18,20,132,134.06666666666666,2.066666666666667,3,0.24,0.0,1,120
7176,BatchInference,128,RegionA,RegionA,5,80,143,148.3,5.3,4,0.4,15.0,0,120
7436,RealTimeInference,132,RegionC,RegionC,5,20,132,137.6,5.6,3,0.24,0.0,0,120
15277,AITraining,124,RegionC,RegionC,5,150,133,134.2,1.2,105,16.8,9.0,0,120
17189,RealTimeInference,133,RegionB,RegionC,14,20,133,137.28333333333333,4.283333333333333,1,0.08,0.0,1,120
17468,AITraining,125,RegionC,RegionC,5,150,143,146.26666666666668,3.2666666666666666,23,3.68,18.0,0,120
22389,BatchInference,131,RegionB,RegionB,5,80,134,137.23333333333332,3.2333333333333334,10,1.0,3.0,0,120
22735,AITraining,132,RegionB,RegionB,5,150,136,138.48333333333332,2.4833333333333334,100,16.0,4.0,0,120
26322,BatchInference,132,RegionF,RegionF,5,80,133,136.26666666666668,3.2666666666666666,22,2.2,1.0,0,120
26594,BatchInference,127,RegionB,RegionB,5,80,128,131.4,3.4,8,0.8,1.0,0,120
27248,AITraining,125,RegionB,RegionB,5,150,128,130.66666666666666,2.6666666666666665,108,17.28,3.0,0,120
28035,AITraining,121,RegionB,RegionB,5,150,133,134.7,1.7,47,7.52,12.0,0,120
32636,AITraining,126,RegionD,RegionE,22,150,133,135.96666666666667,2.966666666666667,99,15.84,7.0,1,120
36649,BatchInference,118,RegionB,RegionB,5,80,128,131.85,3.85,9,0.9,10.0,0,120
37323,AITraining,119,RegionA,RegionA,5,150,120,122.4,2.4,63,10.08,1.0,0,120
37511,AITraining,133,RegionE,RegionE,5,150,134,136.93333333333334,2.933333333333333,38,6.08,1.0,0,120
3791,AITraining,133,RegionB,RegionB,5,150,133,139.65,6.65,103,16.48,0.0,0,120
40913,BatchInference,133,RegionB,RegionB,5,80,136,138.36666666666667,2.3666666666666667,10,1.0,3.0,0,120
41803,RealTimeInference,133,RegionF,RegionE,18,20,133,133.95,0.95,1,0.08,0.0,1,120
44009,BatchInference,130,RegionB,RegionB,5,80,133,136.78333333333333,3.783333333333333,7,0.7000000000000001,3.0,0,120
44986,BatchInference,133,RegionB,RegionB,5,80,136,138.93333333333334,2.933333333333333,9,0.9,3.0,0,120
9006,AITraining,84,RegionB,RegionB,5,150,133,134.88333333333333,1.8833333333333333,106,16.96,49.0,0,120
9339,RealTimeInference,133,RegionC,RegionA,15,20,133,138.2,5.2,7,0.56,0.0,1,120
11072,RealTimeInference,134,RegionA,RegionC,15,20,134,139.1,5.1,4,0.32,0.0,1,120
18738,AITraining,123,RegionE,RegionF,18,150,134,135.81666666666666,1.8166666666666669,56,8.96,11.0,1,120
19133,BatchInference,127,RegionF,RegionF,5,80,134,136.25,2.25,23,2.3000000000000003,7.0,0,120
25484,BatchInference,113,RegionA,RegionA,5,80,134,134.7,0.7,22,2.2,21.0,0,120
27651,BatchInference,132,RegionC,RegionC,5,80,132,133.58333333333334,1.5833333333333333,23,2.3000000000000003,0.0,0,120
28458,AITraining,123,RegionE,RegionF,18,150,134,136.03333333333333,2.033333333333333,120,19.2,11.0,1,120
28473,AITraining,122,RegionF,RegionF,5,150,134,136.13333333333333,2.1333333333333333,77,12.32,12.0,0,120
29335,RealTimeInference,134,RegionA,RegionB,12,20,134,134.43333333333334,0.4333333333333333,2,0.16,0.0,1,120
29565,RealTimeInference,134,RegionA,RegionB,12,20,134,135.93333333333334,1.9333333333333331,6,0.48,0.0,1,120
29628,BatchInference,134,RegionF,RegionF,5,80,134,135.31666666666666,1.3166666666666669,12,1.2000000000000002,0.0,0,120
29639,AITraining,128,RegionE,RegionF,18,150,134,136.23333333333332,2.2333333333333334,89,14.24,6.0,1,120
31032,AITraining,128,RegionF,RegionF,5,150,134,135.71666666666667,1.7166666666666666,53,8.48,6.0,0,120
35554,BatchInference,116,RegionB,RegionB,5,80,134,135.28333333333333,1.2833333333333334,19,1.9,18.0,0,120
38582,BatchInference,129,RegionF,RegionF,5,80,134,136.66666666666666,2.6666666666666665,18,1.8,5.0,0,120
39139,BatchInference,131,RegionE,RegionE,5,80,134,138.63333333333333,4.633333333333334,10,1.0,3.0,0,120
3998,RealTimeInference,134,RegionB,RegionA,12,20,134,138.46666666666667,4.466666666666667,4,0.32,0.0,1,120
41033,RealTimeInference,134,RegionB,RegionB,5,20,134,135.0,1.0,7,0.56,0.0,0,120
41152,BatchInference,134,RegionD,RegionD,5,80,134,135.01666666666668,1.0166666666666666,20,2.0,0.0,0,120
41407,BatchInference,119,RegionD,RegionF,25,80,134,135.06666666666666,1.0666666666666669,9,0.9,15.0,1,120
42380,AITraining,109,RegionF,RegionF,5,150,120,122.93333333333334,2.933333333333333,122,19.52,11.0,0,120
44613,AITraining,132,RegionD,RegionF,25,150,134,135.76666666666668,1.7666666666666666,125,20.0,2.0,1,120
45253,AITraining,110,RegionF,RegionF,5,150,134,135.68333333333334,1.6833333333333331,55,8.8,24.0,0,120
46928,BatchInference,127,RegionB,RegionB,5,80,127,128.28333333333333,1.2833333333333334,16,1.6,0.0,0,120
48251,AITraining,77,RegionF,RegionF,5,150,134,135.73333333333332,1.7333333333333334,91,14.56,57.0,0,120
49331,BatchInference,119,RegionD,RegionF,25,80,134,136.1,2.1,9,0.9,15.0,1,120
5862,AITraining,131,RegionF,RegionF,5,150,134,134.65,0.65,116,18.56,3.0,0,120
7109,BatchInference,118,RegionF,RegionF,5,80,134,137.78333333333333,3.783333333333333,13,1.3,16.0,0,120
9353,BatchInference,93,RegionF,RegionF,5,80,134,135.5,1.5,12,1.2000000000000002,41.0,0,120
19351,RealTimeInference,135,RegionA,RegionC,15,20,135,138.6,3.6,5,0.4,0.0,1,120
19665,AITraining,134,RegionB,RegionB,5,150,134,140.53333333333333,6.533333333333333,51,8.16,0.0,0,120
22195,RealTimeInference,135,RegionC,RegionB,14,20,135,137.96666666666667,2.966666666666667,6,0.48,0.0,1,120
29587,RealTimeInference,135,RegionC,RegionA,15,20,135,140.65,5.65,1,0.08,0.0,1,120
37060,RealTimeInference,135,RegionD,RegionD,5,20,135,141.2,6.2,3,0.24,0.0,0,120
40534,BatchInference,133,RegionC,RegionC,5,80,143,149.61666666666667,6.616666666666666,5,0.5,10.0,0,120
40877,RealTimeInference,135,RegionC,RegionC,5,20,135,140.5,5.5,4,0.32,0.0,0,120
43693,RealTimeInference,135,RegionA,RegionB,12,20,135,137.73333333333332,2.7333333333333334,6,0.48,0.0,1,120
44246,BatchInference,122,RegionC,RegionC,5,80,143,145.2,2.2,11,1.1,21.0,0,120
6737,AITraining,133,RegionD,RegionD,5,150,138,144.63333333333333,6.633333333333334,71,11.36,5.0,0,120
1980,RealTimeInference,136,RegionF,RegionF,5,20,136,137.13333333333333,1.1333333333333333,6,0.48,0.0,0,120
20413,RealTimeInference,136,RegionA,RegionC,15,20,136,137.98333333333332,1.9833333333333332,6,0.48,0.0,1,120
25017,RealTimeInference,136,RegionE,RegionF,18,20,136,136.85,0.85,1,0.08,0.0,1,120
29981,AITraining,135,RegionE,RegionE,5,150,142,148.45,6.45,119,19.04,7.0,0,120
34916,RealTimeInference,136,RegionA,RegionA,5,20,136,137.38333333333333,1.3833333333333333,2,0.16,0.0,0,120
48684,RealTimeInference,136,RegionF,RegionE,18,20,136,139.86666666666667,3.8666666666666663,5,0.4,0.0,1,120
6539,RealTimeInference,136,RegionF,RegionF,5,20,136,136.58333333333334,0.5833333333333334,5,0.4,0.0,0,120
20238,RealTimeInference,137,RegionB,RegionB,5,20,137,138.76666666666668,1.7666666666666666,6,0.48,0.0,0,120
21957,RealTimeInference,137,RegionB,RegionC,14,20,137,138.15,1.15,6,0.48,0.0,1,120
25145,RealTimeInference,137,RegionB,RegionA,12,20,137,137.48333333333332,0.4833333333333333,7,0.56,0.0,1,120
26419,RealTimeInference,137,RegionC,RegionC,5,20,137,138.58333333333334,1.5833333333333333,2,0.16,0.0,0,120
2911,RealTimeInference,137,RegionD,RegionD,5,20,137,141.01666666666668,4.016666666666667,7,0.56,0.0,0,120
30605,RealTimeInference,137,RegionC,RegionB,14,20,137,140.15,3.15,3,0.24,0.0,1,120
32839,RealTimeInference,137,RegionB,RegionB,5,20,137,142.13333333333333,5.133333333333334,4,0.32,0.0,0,120
34780,RealTimeInference,137,RegionA,RegionC,15,20,137,138.21666666666667,1.2166666666666666,5,0.4,0.0,1,120
36414,RealTimeInference,137,RegionB,RegionB,5,20,137,138.0,1.0,4,0.32,0.0,0,120
37592,RealTimeInference,137,RegionA,RegionC,15,20,137,141.91666666666666,4.916666666666667,4,0.32,0.0,1,120
48747,RealTimeInference,137,RegionB,RegionA,12,20,137,138.18333333333334,1.1833333333333331,2,0.16,0.0,1,120
10016,BatchInference,119,RegionA,RegionA,5,80,120,120.73333333333333,0.7333333333333333,8,0.8,1.0,0,120
14339,BatchInference,71,RegionA,RegionA,5,80,120,120.51666666666667,0.5166666666666667,7,0.7000000000000001,49.0,0,120
15825,AITraining,119,RegionE,RegionE,5,150,138,138.31666666666666,0.3166666666666666,89,14.24,19.0,0,120
18462,AITraining,135,RegionE,RegionE,5,150,135,139.9,4.9,116,18.56,0.0,0,120
23645,AITraining,131,RegionF,RegionF,5,150,141,146.21666666666667,5.216666666666667,97,15.52,10.0,0,120
25083,AITraining,136,RegionA,RegionA,5,150,137,141.56666666666666,4.566666666666666,52,8.32,1.0,0,120
25892,AITraining,121,RegionD,RegionD,5,150,121,125.0,4.0,56,8.96,0.0,0,120
26625,AITraining,134,RegionC,RegionC,5,150,134,138.36666666666667,4.366666666666666,45,7.2,0.0,0,120
35106,RealTimeInference,138,RegionA,RegionB,12,20,138,139.21666666666667,1.2166666666666666,2,0.16,0.0,1,120
35900,AITraining,136,RegionB,RegionB,5,150,136,141.48333333333332,5.483333333333333,79,12.64,0.0,0,120
40312,RealTimeInference,138,RegionC,RegionA,15,20,138,142.35,4.35,7,0.56,0.0,1,120
42892,RealTimeInference,138,RegionA,RegionC,15,20,138,141.41666666666666,3.4166666666666665,4,0.32,0.0,1,120
44929,AITraining,117,RegionE,RegionE,5,150,138,138.61666666666667,0.6166666666666667,29,4.64,21.0,0,120
45786,RealTimeInference,138,RegionA,RegionB,12,20,138,142.01666666666668,4.016666666666667,4,0.32,0.0,1,120
46342,BatchInference,102,RegionF,RegionE,18,80,138,138.36666666666667,0.3666666666666666,14,1.4,36.0,1,120
4703,BatchInference,118,RegionA,RegionA,5,80,120,120.71666666666667,0.7166666666666667,7,0.7000000000000001,2.0,0,120
48261,RealTimeInference,138,RegionB,RegionA,12,20,138,143.86666666666667,5.866666666666666,1,0.08,0.0,1,120
49085,AITraining,134,RegionC,RegionC,5,150,134,138.31666666666666,4.316666666666666,37,5.92,0.0,0,120
5895,AITraining,132,RegionF,RegionF,5,150,142,147.43333333333334,5.433333333333334,127,20.32,10.0,0,120
7509,BatchInference,134,RegionE,RegionE,5,80,138,138.68333333333334,0.6833333333333333,22,2.2,4.0,0,120
21482,AITraining,124,RegionB,RegionB,5,150,133,138.55,5.55,100,16.0,9.0,0,120
22936,RealTimeInference,139,RegionC,RegionC,5,20,139,139.46666666666667,0.4666666666666667,5,0.4,0.0,0,120
31645,RealTimeInference,139,RegionB,RegionA,12,20,139,142.75,3.75,4,0.32,0.0,1,120
3341,AITraining,129,RegionD,RegionD,5,150,129,134.45,5.45,123,19.68,0.0,0,120
40872,AITraining,137,RegionB,RegionB,5,150,138,142.78333333333333,4.783333333333333,54,8.64,1.0,0,120
43135,AITraining,118,RegionB,RegionB,5,150,133,137.73333333333332,4.733333333333333,18,2.88,15.0,0,120
46314,RealTimeInference,139,RegionC,RegionA,15,20,139,143.61666666666667,4.616666666666666,1,0.08,0.0,1,120
46472,AITraining,120,RegionF,RegionF,5,150,128,133.1,5.1,126,20.16,8.0,0,120
47154,AITraining,127,RegionF,RegionF,5,150,127,131.98333333333332,4.983333333333333,123,19.68,0.0,0,120
49021,RealTimeInference,139,RegionB,RegionA,12,20,139,140.46666666666667,1.4666666666666666,1,0.08,0.0,1,120
5407,RealTimeInference,139,RegionB,RegionB,5,20,139,142.06666666666666,3.066666666666667,7,0.56,0.0,0,120
6782,RealTimeInference,139,RegionA,RegionB,12,20,139,144.65,5.65,6,0.48,0.0,1,120
13248,AITraining,133,RegionF,RegionF,5,150,141,147.01666666666668,6.016666666666667,109,17.44,8.0,0,120
13540,BatchInference,136,RegionB,RegionB,5,80,140,140.45,0.45,19,1.9,4.0,0,120
14895,AITraining,135,RegionF,RegionF,5,150,135,138.05,3.05,31,4.96,0.0,0,120
15578,RealTimeInference,140,RegionF,RegionE,18,20,140,143.98333333333332,3.983333333333333,3,0.24,0.0,1,120
36637,BatchInference,136,RegionC,RegionC,5,80,143,149.18333333333334,6.183333333333334,9,0.9,7.0,0,120
41482,AITraining,140,RegionB,RegionB,5,150,141,143.18333333333334,2.183333333333333,22,3.52,1.0,0,120
45963,RealTimeInference,140,RegionA,RegionC,15,20,140,146.08333333333334,6.083333333333333,7,0.56,0.0,1,120
5362,RealTimeInference,140,RegionB,RegionC,14,20,140,146.13333333333333,6.133333333333334,1,0.08,0.0,1,120
13264,BatchInference,136,RegionB,RegionB,5,80,136,141.01666666666668,5.016666666666667,11,1.1,0.0,0,120
15863,BatchInference,117,RegionC,RegionC,5,80,120,124.55,4.55,10,1.0,3.0,0,120
19874,RealTimeInference,141,RegionD,RegionD,5,20,141,141.65,0.65,3,0.24,0.0,0,120
20648,RealTimeInference,141,RegionD,RegionD,5,20,141,142.5,1.5,5,0.4,0.0,0,120
3026,RealTimeInference,141,RegionB,RegionA,12,20,141,143.06666666666666,2.066666666666667,7,0.56,0.0,1,120
33588,RealTimeInference,141,RegionB,RegionC,14,20,141,145.26666666666668,4.266666666666667,3,0.24,0.0,1,120
5088,RealTimeInference,141,RegionC,RegionB,14,20,141,144.51666666666668,3.5166666666666666,4,0.32,0.0,1,120
11425,RealTimeInference,142,RegionC,RegionC,5,20,142,142.8,0.8,5,0.4,0.0,0,120
24436,RealTimeInference,142,RegionB,RegionA,12,20,142,142.16666666666666,0.1666666666666666,7,0.56,0.0,1,120
24976,RealTimeInference,142,RegionC,RegionA,15,20,142,148.5,6.5,4,0.32,0.0,1,120
3609,RealTimeInference,142,RegionA,RegionB,12,20,142,145.58333333333334,3.583333333333333,7,0.56,0.0,1,120
36475,RealTimeInference,142,RegionC,RegionC,5,20,142,145.26666666666668,3.2666666666666666,5,0.4,0.0,0,120
36919,RealTimeInference,142,RegionB,RegionB,5,20,142,143.3,1.3,6,0.48,0.0,0,120
38031,RealTimeInference,142,RegionE,RegionE,5,20,142,148.63333333333333,6.633333333333334,5,0.4,0.0,0,120
47443,RealTimeInference,142,RegionC,RegionA,15,20,142,148.05,6.05,1,0.08,0.0,1,120
12502,RealTimeInference,143,RegionA,RegionA,5,20,143,143.75,0.75,3,0.24,0.0,0,120
18584,RealTimeInference,143,RegionA,RegionC,15,20,143,148.61666666666667,5.616666666666666,2,0.16,0.0,1,120
2033,AITraining,142,RegionB,RegionB,5,150,143,143.33333333333334,0.3333333333333333,25,4.0,1.0,0,120
23675,RealTimeInference,143,RegionB,RegionB,5,20,143,147.56666666666666,4.566666666666666,7,0.56,0.0,0,120
31416,RealTimeInference,143,RegionB,RegionB,5,20,143,147.88333333333333,4.883333333333334,5,0.4,0.0,0,120
32146,RealTimeInference,143,RegionC,RegionB,14,20,143,148.61666666666667,5.616666666666666,3,0.24,0.0,1,120
38806,RealTimeInference,143,RegionA,RegionB,12,20,143,145.2,2.2,3,0.24,0.0,1,120
44150,RealTimeInference,143,RegionC,RegionC,5,20,143,146.08333333333334,3.083333333333333,6,0.48,0.0,0,120
