Hour,Region,ElectricityPrice_CNY_per_MWh,SellPrice_CNY_per_MWh,CarbonIntensity_tCO2_per_MWh,AvailableRenewable_MW,NonAI_IT_Load_MW,PricePeriod,DataPeriod
0,RegionA,468.0,0.0,0.6679,540.19,367.981667,Valley,Main_0_2399
0,RegionB,448.5,0.0,0.6248,540.19,325.436667,Valley,Main_0_2399
0,RegionC,435.5,0.0,0.5925,540.19,337.659333,Valley,Main_0_2399
0,RegionD,279.5,218.01,0.4525,540.19,296.44,Valley,Main_0_2399
0,RegionE,247.0,192.66,0.237,540.19,346.67,Valley,Main_0_2399
0,RegionF,260.0,202.8,0.2801,540.19,358.41,Valley,Main_0_2399
1,RegionA,468.31,0.0,0.6703,587.87,393.03,Valley,Main_0_2399
1,RegionB,448.79,0.0,0.6271,587.87,381.385333,Valley,Main_0_2399
1,RegionC,435.78,0.0,0.5946,587.87,357.876,Valley,Main_0_2399
1,RegionD,279.68,218.15,0.4541,587.87,304.584,Valley,Main_0_2399
1,RegionE,247.16,192.78,0.2378,587.87,382.138333,Valley,Main_0_2399
1,RegionF,260.17,202.93,0.2811,587.87,314.83,Valley,Main_0_2399
2,RegionA,468.61,0.0,0.6693,650.0,395.664,Valley,Main_0_2399
2,RegionB,449.08,0.0,0.6261,650.0,361.789333,Valley,Main_0_2399
2,RegionC,436.07,0.0,0.5937,650.0,357.1,Valley,Main_0_2399
2,RegionD,279.86,218.29,0.4534,650.0,309.091667,Valley,Main_0_2399
2,RegionE,247.32,192.91,0.2375,650.0,382.82,Valley,Main_0_2399
2,RegionF,260.34,203.07,0.2807,650.0,319.95,Valley,Main_0_2399
3,RegionA,468.91,0.0,0.665,722.35,392.285,Valley,Main_0_2399
3,RegionB,449.38,0.0,0.6221,722.35,363.532,Valley,Main_0_2399
3,RegionC,436.35,0.0,0.59,722.35,357.1,Valley,Main_0_2399
3,RegionD,280.05,218.44,0.4505,722.35,310.994333,Valley,Main_0_2399
3,RegionE,247.48,193.03,0.236,722.35,390.24,Valley,Main_0_2399
3,RegionF,260.51,203.2,0.2789,722.35,331.53,Valley,Main_0_2399
4,RegionA,469.22,0.0,0.6578,800.0,390.553333,Valley,Main_0_2399
4,RegionB,449.67,0.0,0.6154,800.0,364.354667,Valley,Main_0_2399
4,RegionC,436.63,0.0,0.5836,800.0,355.5,Valley,Main_0_2399
4,RegionD,280.23,218.58,0.4456,800.0,357.345667,Valley,Main_0_2399
4,RegionE,247.64,193.16,0.2334,800.0,376.258333,Valley,Main_0_2399
4,RegionF,260.68,203.33,0.2759,800.0,339.75,Valley,Main_0_2399
5,RegionA,469.52,0.0,0.6483,877.65,390.19,Valley,Main_0_2399
5,RegionB,449.96,0.0,0.6064,877.65,376.153333,Valley,Main_0_2399
5,RegionC,436.91,0.0,0.5751,877.65,362.527333,Valley,Main_0_2399
5,RegionD,280.41,218.72,0.4391,877.65,359.761333,Valley,Main_0_2399
5,RegionE,247.8,193.28,0.23,877.65,402.854,Valley,Main_0_2399
5,RegionF,260.84,203.46,0.2719,877.65,374.923333,Valley,Main_0_2399
6,RegionA,469.82,0.0,0.637,950.0,392.482667,Valley,Main_0_2399
6,RegionB,450.24,0.0,0.5959,950.0,379.895,Valley,Main_0_2399
6,RegionC,437.19,0.0,0.5651,950.0,356.012,Valley,Main_0_2399
6,RegionD,280.59,218.86,0.4315,950.0,376.36,Valley,Main_0_2399
6,RegionE,247.96,193.41,0.226,950.0,438.076667,Valley,Main_0_2399
6,RegionF,261.01,203.59,0.2671,950.0,408.834667,Valley,Main_0_2399
7,RegionA,723.26,0.0,0.6248,1012.13,391.310667,Flat,Main_0_2399
7,RegionB,693.12,0.0,0.5845,1012.13,378.021333,Flat,Main_0_2399
7,RegionC,673.03,0.0,0.5543,1012.13,352.289333,Flat,Main_0_2399
7,RegionD,431.95,336.92,0.4233,1012.13,367.372333,Flat,Main_0_2399
7,RegionE,381.72,297.74,0.2217,1012.13,428.322667,Flat,Main_0_2399
7,RegionF,401.81,313.41,0.262,1012.13,371.44,Flat,Main_0_2399
8,RegionA,723.71,0.0,0.6126,1059.81,379.82,Flat,Main_0_2399
8,RegionB,693.56,0.0,0.5731,1059.81,377.305333,Flat,Main_0_2399
8,RegionC,673.45,0.0,0.5435,1059.81,351.746667,Flat,Main_0_2399
8,RegionD,432.22,337.13,0.415,1059.81,363.737333,Flat,Main_0_2399
8,RegionE,381.96,297.93,0.2174,1059.81,394.935667,Flat,Main_0_2399
8,RegionF,402.06,313.61,0.2569,1059.81,349.92,Flat,Main_0_2399
9,RegionA,724.16,0.0,0.6013,1089.78,381.911333,Flat,Main_0_2399
9,RegionB,693.99,0.0,0.5625,1089.78,376.248,Flat,Main_0_2399
9,RegionC,673.87,0.0,0.5334,1089.78,359.160667,Flat,Main_0_2399
9,RegionD,432.48,337.33,0.4074,1089.78,344.891333,Flat,Main_0_2399
9,RegionE,382.2,298.12,0.2134,1089.78,413.19,Flat,Main_0_2399
9,RegionF,402.31,313.8,0.2522,1089.78,402.599333,Flat,Main_0_2399
10,RegionA,724.61,0.0,0.5917,1100.0,374.416667,Flat,Main_0_2399
10,RegionB,694.41,0.0,0.5535,1100.0,378.72,Flat,Main_0_2399
10,RegionC,674.29,0.0,0.5249,1100.0,365.219667,Flat,Main_0_2399
10,RegionD,432.75,337.55,0.4008,1100.0,347.351333,Flat,Main_0_2399
10,RegionE,382.43,298.3,0.21,1100.0,340.493333,Flat,Main_0_2399
10,RegionF,402.56,314.0,0.2481,1100.0,352.333333,Flat,Main_0_2399
11,RegionA,725.04,0.0,0.5845,1089.78,355.858,Flat,Main_0_2399
11,RegionB,694.83,0.0,0.5468,1089.78,380.863333,Flat,Main_0_2399
11,RegionC,674.69,0.0,0.5185,1089.78,359.438,Flat,Main_0_2399
11,RegionD,433.01,337.75,0.3959,1089.78,304.246,Flat,Main_0_2399
11,RegionE,382.66,298.47,0.2074,1089.78,296.71,Flat,Main_0_2399
11,RegionF,402.8,314.18,0.2451,1089.78,311.191333,Flat,Main_0_2399
12,RegionA,725.48,0.0,0.5802,1059.81,331.547333,Flat,Main_0_2399
12,RegionB,695.25,0.0,0.5427,1059.81,331.360333,Flat,Main_0_2399
12,RegionC,675.1,0.0,0.5147,1059.81,331.413333,Flat,Main_0_2399
12,RegionD,433.27,337.95,0.393,1059.81,271.27,Flat,Main_0_2399
12,RegionE,382.89,298.65,0.2059,1059.81,285.225333,Flat,Main_0_2399
12,RegionF,403.04,314.37,0.2433,1059.81,335.506667,Flat,Main_0_2399
13,RegionA,725.9,0.0,0.5791,1012.13,315.802,Flat,Main_0_2399
13,RegionB,695.66,0.0,0.5417,1012.13,303.576333,Flat,Main_0_2399
13,RegionC,675.49,0.0,0.5137,1012.13,318.768667,Flat,Main_0_2399
13,RegionD,433.53,338.15,0.3923,1012.13,289.992,Flat,Main_0_2399
13,RegionE,383.12,298.83,0.2055,1012.13,239.157333,Flat,Main_0_2399
13,RegionF,403.28,314.56,0.2428,1012.13,282.996,Flat,Main_0_2399
14,RegionA,726.32,0.0,0.5814,950.0,306.239333,Flat,Main_0_2399
14,RegionB,696.06,0.0,0.5439,950.0,287.683333,Flat,Main_0_2399
14,RegionC,675.88,0.0,0.5157,950.0,295.744,Flat,Main_0_2399
14,RegionD,433.78,338.35,0.3938,950.0,209.709333,Flat,Main_0_2399
14,RegionE,383.34,299.01,0.2063,950.0,212.674,Flat,Main_0_2399
14,RegionF,403.51,314.74,0.2438,950.0,246.254,Flat,Main_0_2399
15,RegionA,726.74,0.0,0.5869,877.65,274.162,Flat,Main_0_2399
15,RegionB,696.45,0.0,0.5491,877.65,236.227333,Flat,Main_0_2399
15,RegionC,676.27,0.0,0.5207,877.65,266.480667,Flat,Main_0_2399
15,RegionD,434.02,338.54,0.3976,877.65,204.339333,Flat,Main_0_2399
15,RegionE,383.55,299.17,0.2083,877.65,220.633333,Flat,Main_0_2399
15,RegionF,403.74,314.92,0.2461,877.65,177.93,Flat,Main_0_2399
16,RegionA,727.14,0.0,0.5954,800.0,229.189333,Flat,Main_0_2399
16,RegionB,696.84,0.0,0.557,800.0,197.768,Flat,Main_0_2399
16,RegionC,676.64,0.0,0.5282,800.0,238.387667,Flat,Main_0_2399
16,RegionD,434.26,338.72,0.4033,800.0,186.41,Flat,Main_0_2399
16,RegionE,383.77,299.34,0.2113,800.0,227.071333,Flat,Main_0_2399
16,RegionF,403.97,315.1,0.2497,800.0,162.106667,Flat,Main_0_2399
17,RegionA,1054.92,0.0,0.6062,722.35,217.430333,Peak,Main_0_2399
17,RegionB,1010.97,0.0,0.5671,722.35,212.509667,Peak,Main_0_2399
17,RegionC,981.67,0.0,0.5378,722.35,256.505,Peak,Main_0_2399
17,RegionD,630.02,491.42,0.4107,722.35,167.765333,Peak,Main_0_2399
17,RegionE,556.77,434.28,0.2151,722.35,219.966,Peak,Main_0_2399
17,RegionF,586.07,457.13,0.2542,722.35,160.028667,Peak,Main_0_2399
18,RegionA,1055.49,0.0,0.6188,650.0,204.150333,Peak,Main_0_2399
18,RegionB,1011.51,0.0,0.5788,650.0,158.044667,Peak,Main_0_2399
18,RegionC,982.19,0.0,0.5489,650.0,193.717,Peak,Main_0_2399
18,RegionD,630.36,491.68,0.4192,650.0,128.204,Peak,Main_0_2399
18,RegionE,557.06,434.51,0.2196,650.0,192.447333,Peak,Main_0_2399
18,RegionF,586.38,457.38,0.2595,650.0,159.312667,Peak,Main_0_2399
19,RegionA,1056.03,0.0,0.6321,587.87,227.419333,Peak,Main_0_2399
19,RegionB,1012.03,0.0,0.5913,587.87,178.952333,Peak,Main_0_2399
19,RegionC,982.7,0.0,0.5608,587.87,207.644,Peak,Main_0_2399
19,RegionD,630.69,491.94,0.4282,587.87,142.655667,Peak,Main_0_2399
19,RegionE,557.35,434.73,0.2243,587.87,244.270667,Peak,Main_0_2399
19,RegionF,586.68,457.61,0.2651,587.87,137.827,Peak,Main_0_2399
20,RegionA,1056.56,0.0,0.6455,540.19,187.096333,Peak,Main_0_2399
20,RegionB,1012.54,0.0,0.6038,540.19,204.582,Peak,Main_0_2399
20,RegionC,983.19,0.0,0.5726,540.19,236.909333,Peak,Main_0_2399
20,RegionD,631.0,492.18,0.4373,540.19,132.850667,Peak,Main_0_2399
20,RegionE,557.63,434.95,0.229,540.19,204.61,Peak,Main_0_2399
20,RegionF,586.98,457.84,0.2707,540.19,165.202,Peak,Main_0_2399
21,RegionA,1057.08,0.0,0.658,510.22,212.461,Peak,Main_0_2399
21,RegionB,1013.04,0.0,0.6155,510.22,219.931,Peak,Main_0_2399
21,RegionC,983.67,0.0,0.5837,510.22,252.873333,Peak,Main_0_2399
21,RegionD,631.31,492.42,0.4457,510.22,150.805,Peak,Main_0_2399
21,RegionE,557.9,435.16,0.2335,510.22,175.528,Peak,Main_0_2399
21,RegionF,587.27,458.07,0.2759,510.22,136.434333,Peak,Main_0_2399
22,RegionA,656.43,0.0,0.6687,500.0,220.847333,Flat,Main_0_2399
22,RegionB,629.08,0.0,0.6256,500.0,275.023333,Flat,Main_0_2399
22,RegionC,610.85,0.0,0.5932,500.0,283.544667,Flat,Main_0_2399
22,RegionD,392.04,305.79,0.453,500.0,176.678667,Flat,Main_0_2399
22,RegionE,346.45,270.23,0.2373,500.0,235.15,Flat,Main_0_2399
22,RegionF,364.68,284.45,0.2804,500.0,211.309333,Flat,Main_0_2399
23,RegionA,656.73,0.0,0.6771,510.22,221.735333,Flat,Main_0_2399
23,RegionB,629.37,0.0,0.6334,510.22,292.435667,Flat,Main_0_2399
23,RegionC,611.13,0.0,0.6006,510.22,326.044667,Flat,Main_0_2399
23,RegionD,392.22,305.93,0.4586,510.22,244.746667,Flat,Main_0_2399
23,RegionE,346.61,270.36,0.2402,510.22,287.022667,Flat,Main_0_2399
23,RegionF,364.85,284.58,0.2839,510.22,240.361,Flat,Main_0_2399
24,RegionA,474.52,0.0,0.6825,540.19,297.296667,Valley,Main_0_2399
24,RegionB,454.75,0.0,0.6384,540.19,327.626,Valley,Main_0_2399
24,RegionC,441.56,0.0,0.6054,540.19,337.84,Valley,Main_0_2399
24,RegionD,283.39,221.04,0.4623,540.19,274.789,Valley,Main_0_2399
24,RegionE,250.44,195.34,0.2422,540.19,275.55,Valley,Main_0_2399
24,RegionF,263.62,205.62,0.2862,540.19,267.935667,Valley,Main_0_2399
25,RegionA,474.72,0.0,0.6846,587.87,345.349333,Valley,Main_0_2399
25,RegionB,454.94,0.0,0.6404,587.87,365.876333,Valley,Main_0_2399
25,RegionC,441.75,0.0,0.6073,587.87,384.88,Valley,Main_0_2399
25,RegionD,283.51,221.14,0.4637,587.87,312.02,Valley,Main_0_2399
25,RegionE,250.55,195.43,0.2429,587.87,322.796,Valley,Main_0_2399
25,RegionF,263.73,205.71,0.2871,587.87,328.328,Valley,Main_0_2399
26,RegionA,474.91,0.0,0.6833,650.0,392.358667,Valley,Main_0_2399
26,RegionB,455.13,0.0,0.6392,650.0,383.777667,Valley,Main_0_2399
26,RegionC,441.93,0.0,0.6061,650.0,371.44,Valley,Main_0_2399
26,RegionD,283.63,221.23,0.4629,650.0,366.438333,Valley,Main_0_2399
26,RegionE,250.65,195.51,0.2425,650.0,386.19,Valley,Main_0_2399
26,RegionF,263.84,205.8,0.2865,650.0,340.716,Valley,Main_0_2399
27,RegionA,475.1,0.0,0.6787,722.35,397.85,Valley,Main_0_2399
27,RegionB,455.31,0.0,0.6349,722.35,387.552,Valley,Main_0_2399
27,RegionC,442.11,0.0,0.6021,722.35,363.676,Valley,Main_0_2399
27,RegionD,283.74,221.32,0.4598,722.35,342.975333,Valley,Main_0_2399
27,RegionE,250.75,195.59,0.2408,722.35,391.1,Valley,Main_0_2399
27,RegionF,263.94,205.87,0.2846,722.35,334.62,Valley,Main_0_2399
28,RegionA,475.28,0.0,0.6712,800.0,396.64,Valley,Main_0_2399
28,RegionB,455.48,0.0,0.6279,800.0,386.12,Valley,Main_0_2399
28,RegionC,442.27,0.0,0.5954,800.0,369.153333,Valley,Main_0_2399
28,RegionD,283.85,221.4,0.4547,800.0,320.44,Valley,Main_0_2399
28,RegionE,250.84,195.66,0.2382,800.0,399.183667,Valley,Main_0_2399
28,RegionF,264.04,205.95,0.2815,800.0,258.082,Valley,Main_0_2399
29,RegionA,475.45,0.0,0.6612,877.65,379.377333,Valley,Main_0_2399
29,RegionB,455.64,0.0,0.6186,877.65,386.485333,Valley,Main_0_2399
29,RegionC,442.43,0.0,0.5866,877.65,367.992,Valley,Main_0_2399
29,RegionD,283.95,221.48,0.4479,877.65,339.493333,Valley,Main_0_2399
29,RegionE,250.93,195.73,0.2346,877.65,396.141667,Valley,Main_0_2399
29,RegionF,264.14,206.03,0.2773,877.65,357.664,Valley,Main_0_2399
30,RegionA,475.61,0.0,0.6496,950.0,356.301667,Valley,Main_0_2399
30,RegionB,455.79,0.0,0.6077,950.0,371.976333,Valley,Main_0_2399
30,RegionC,442.58,0.0,0.5763,950.0,368.290667,Valley,Main_0_2399
30,RegionD,284.04,221.55,0.44,950.0,375.696,Valley,Main_0_2399
30,RegionE,251.02,195.8,0.2305,950.0,389.288333,Valley,Main_0_2399
30,RegionF,264.23,206.1,0.2724,950.0,409.034,Valley,Main_0_2399
31,RegionA,731.94,0.0,0.637,1012.13,346.030333,Flat,Main_0_2399
31,RegionB,701.44,0.0,0.5959,1012.13,371.708,Flat,Main_0_2399
31,RegionC,681.11,0.0,0.5651,1012.13,381.238333,Flat,Main_0_2399
31,RegionD,437.13,340.96,0.4315,1012.13,375.308667,Flat,Main_0_2399
31,RegionE,386.3,301.31,0.226,1012.13,390.455333,Flat,Main_0_2399
31,RegionF,406.63,317.17,0.2671,1012.13,420.017,Flat,Main_0_2399
32,RegionA,732.16,0.0,0.6245,1059.81,363.262667,Flat,Main_0_2399
32,RegionB,701.66,0.0,0.5842,1059.81,368.347333,Flat,Main_0_2399
32,RegionC,681.32,0.0,0.554,1059.81,347.712,Flat,Main_0_2399
32,RegionD,437.26,341.06,0.423,1059.81,362.314,Flat,Main_0_2399
32,RegionE,386.42,301.41,0.2216,1059.81,361.386333,Flat,Main_0_2399
32,RegionF,406.76,317.27,0.2619,1059.81,369.103,Flat,Main_0_2399
33,RegionA,732.37,0.0,0.6128,1089.78,371.739,Flat,Main_0_2399
33,RegionB,701.85,0.0,0.5732,1089.78,371.185333,Flat,Main_0_2399
33,RegionC,681.51,0.0,0.5436,1089.78,336.899333,Flat,Main_0_2399
33,RegionD,437.39,341.16,0.4151,1089.78,394.727333,Flat,Main_0_2399
33,RegionE,386.53,301.49,0.2174,1089.78,371.328,Flat,Main_0_2399
33,RegionF,406.87,317.36,0.257,1089.78,361.943333,Flat,Main_0_2399
34,RegionA,732.56,0.0,0.6027,1100.0,362.323333,Flat,Main_0_2399
34,RegionB,702.04,0.0,0.5638,1100.0,369.669333,Flat,Main_0_2399
34,RegionC,681.69,0.0,0.5347,1100.0,344.553667,Flat,Main_0_2399
34,RegionD,437.5,341.25,0.4083,1100.0,319.663333,Flat,Main_0_2399
34,RegionE,386.63,301.57,0.2139,1100.0,283.343333,Flat,Main_0_2399
34,RegionF,406.98,317.44,0.2527,1100.0,283.486667,Flat,Main_0_2399
35,RegionA,732.74,0.0,0.595,1089.78,364.628667,Flat,Main_0_2399
35,RegionB,702.21,0.0,0.5566,1089.78,367.168,Flat,Main_0_2399
35,RegionC,681.85,0.0,0.5278,1089.78,343.248667,Flat,Main_0_2399
35,RegionD,437.61,341.34,0.4031,1089.78,308.657,Flat,Main_0_2399
35,RegionE,386.72,301.64,0.2111,1089.78,298.431667,Flat,Main_0_2399
35,RegionF,407.08,317.52,0.2495,1089.78,292.686667,Flat,Main_0_2399
36,RegionA,732.9,0.0,0.5902,1059.81,314.984,Flat,Main_0_2399
36,RegionB,702.36,0.0,0.5521,1059.81,334.88,Flat,Main_0_2399
36,RegionC,682.0,0.0,0.5236,1059.81,309.524667,Flat,Main_0_2399
36,RegionD,437.7,341.41,0.3998,1059.81,213.238333,Flat,Main_0_2399
36,RegionE,386.81,301.71,0.2094,1059.81,272.351333,Flat,Main_0_2399
36,RegionF,407.17,317.59,0.2475,1059.81,272.396,Flat,Main_0_2399
37,RegionA,733.05,0.0,0.5887,1012.13,287.213667,Flat,Main_0_2399
37,RegionB,702.51,0.0,0.5507,1012.13,313.805667,Flat,Main_0_2399
37,RegionC,682.14,0.0,0.5222,1012.13,319.545333,Flat,Main_0_2399
37,RegionD,437.79,341.48,0.3988,1012.13,218.228667,Flat,Main_0_2399
37,RegionE,386.89,301.77,0.2089,1012.13,229.532,Flat,Main_0_2399
37,RegionF,407.25,317.66,0.2469,1012.13,245.626333,Flat,Main_0_2399
38,RegionA,733.18,0.0,0.5905,950.0,277.904,Flat,Main_0_2399
38,RegionB,702.63,0.0,0.5524,950.0,293.57,Flat,Main_0_2399
38,RegionC,682.27,0.0,0.5238,950.0,299.369,Flat,Main_0_2399
38,RegionD,437.87,341.54,0.4,950.0,179.738667,Flat,Main_0_2399
38,RegionE,386.96,301.83,0.2095,950.0,227.268333,Flat,Main_0_2399
38,RegionF,407.32,317.71,0.2476,950.0,289.364,Flat,Main_0_2399
39,RegionA,733.3,0.0,0.5955,877.65,267.354667,Flat,Main_0_2399
39,RegionB,702.75,0.0,0.5571,877.65,266.34,Flat,Main_0_2399
39,RegionC,682.38,0.0,0.5283,877.65,265.478,Flat,Main_0_2399
39,RegionD,437.94,341.59,0.4034,877.65,171.684667,Flat,Main_0_2399
39,RegionE,387.02,301.88,0.2113,877.65,213.527667,Flat,Main_0_2399
39,RegionF,407.39,317.76,0.2497,877.65,248.650667,Flat,Main_0_2399
40,RegionA,733.4,0.0,0.6035,800.0,261.053333,Flat,Main_0_2399
40,RegionB,702.85,0.0,0.5645,800.0,218.339,Flat,Main_0_2399
40,RegionC,682.47,0.0,0.5353,800.0,236.16,Flat,Main_0_2399
40,RegionD,438.01,341.65,0.4088,800.0,158.062333,Flat,Main_0_2399
40,RegionE,387.07,301.91,0.2141,800.0,212.746667,Flat,Main_0_2399
40,RegionF,407.45,317.81,0.2531,800.0,158.324,Flat,Main_0_2399
41,RegionA,1063.56,0.0,0.6138,722.35,232.056667,Peak,Main_0_2399
41,RegionB,1019.25,0.0,0.5742,722.35,188.030667,Peak,Main_0_2399
41,RegionC,989.71,0.0,0.5445,722.35,193.568,Peak,Main_0_2399
41,RegionD,635.18,495.44,0.4158,722.35,162.287,Peak,Main_0_2399
41,RegionE,561.33,437.84,0.2178,722.35,173.899333,Peak,Main_0_2399
41,RegionF,590.87,460.88,0.2574,722.35,152.268333,Peak,Main_0_2399
42,RegionA,1063.67,0.0,0.6258,650.0,200.420667,Peak,Main_0_2399
42,RegionB,1019.35,0.0,0.5854,650.0,221.176,Peak,Main_0_2399
42,RegionC,989.8,0.0,0.5551,650.0,222.197333,Peak,Main_0_2399
42,RegionD,635.25,495.5,0.4239,650.0,156.541667,Peak,Main_0_2399
42,RegionE,561.38,437.88,0.222,650.0,187.964,Peak,Main_0_2399
42,RegionF,590.93,460.93,0.2624,650.0,120.509667,Peak,Main_0_2399
43,RegionA,1063.75,0.0,0.6386,587.87,201.789,Peak,Main_0_2399
43,RegionB,1019.43,0.0,0.5974,587.87,203.090667,Peak,Main_0_2399
43,RegionC,989.88,0.0,0.5665,587.87,193.576,Peak,Main_0_2399
43,RegionD,635.3,495.53,0.4326,587.87,147.677,Peak,Main_0_2399
43,RegionE,561.43,437.92,0.2266,587.87,166.596667,Peak,Main_0_2399
43,RegionF,590.97,460.96,0.2678,587.87,109.314,Peak,Main_0_2399
44,RegionA,1063.82,0.0,0.6514,540.19,226.008,Peak,Main_0_2399
44,RegionB,1019.49,0.0,0.6094,540.19,215.833333,Peak,Main_0_2399
44,RegionC,989.94,0.0,0.5778,540.19,189.823333,Peak,Main_0_2399
44,RegionD,635.33,495.56,0.4413,540.19,156.484,Peak,Main_0_2399
44,RegionE,561.46,437.94,0.2311,540.19,184.928,Peak,Main_0_2399
44,RegionF,591.01,460.99,0.2732,540.19,100.272667,Peak,Main_0_2399
45,RegionA,1063.86,0.0,0.6633,510.22,214.410667,Peak,Main_0_2399
45,RegionB,1019.53,0.0,0.6205,510.22,237.610667,Peak,Main_0_2399
45,RegionC,989.98,0.0,0.5884,510.22,232.738333,Peak,Main_0_2399
45,RegionD,635.36,495.58,0.4493,510.22,185.405333,Peak,Main_0_2399
45,RegionE,561.48,437.95,0.2354,510.22,191.304,Peak,Main_0_2399
45,RegionF,591.03,461.0,0.2782,510.22,167.805333,Peak,Main_0_2399
46,RegionA,660.34,0.0,0.6735,500.0,271.582333,Flat,Main_0_2399
46,RegionB,632.82,0.0,0.63,500.0,263.05,Flat,Main_0_2399
46,RegionC,614.48,0.0,0.5974,500.0,227.322667,Flat,Main_0_2399
46,RegionD,394.37,307.61,0.4562,500.0,217.961667,Flat,Main_0_2399
46,RegionE,348.51,271.84,0.239,500.0,222.699333,Flat,Main_0_2399
46,RegionF,366.85,286.14,0.2824,500.0,211.020667,Flat,Main_0_2399
47,RegionA,660.33,0.0,0.6812,510.22,283.456,Flat,Main_0_2399
47,RegionB,632.82,0.0,0.6373,510.22,293.868,Flat,Main_0_2399
47,RegionC,614.48,0.0,0.6043,510.22,273.767667,Flat,Main_0_2399
47,RegionD,394.37,307.61,0.4615,510.22,260.154,Flat,Main_0_2399
47,RegionE,348.51,271.84,0.2417,510.22,224.238667,Flat,Main_0_2399
47,RegionF,366.85,286.14,0.2857,510.22,218.796,Flat,Main_0_2399
48,RegionA,476.9,0.0,0.686,540.19,299.653667,Valley,Main_0_2399
48,RegionB,457.03,0.0,0.6418,540.19,319.901333,Valley,Main_0_2399
48,RegionC,443.78,0.0,0.6086,540.19,294.181667,Valley,Main_0_2399
48,RegionD,284.81,222.15,0.4647,540.19,286.583333,Valley,Main_0_2399
48,RegionE,251.7,196.33,0.2434,540.19,280.196,Valley,Main_0_2399
48,RegionF,264.94,206.65,0.2877,540.19,316.846667,Valley,Main_0_2399
49,RegionA,476.88,0.0,0.6876,587.87,353.456667,Valley,Main_0_2399
49,RegionB,457.01,0.0,0.6432,587.87,355.685667,Valley,Main_0_2399
49,RegionC,443.76,0.0,0.6099,587.87,340.5,Valley,Main_0_2399
49,RegionD,284.8,222.14,0.4658,587.87,308.566667,Valley,Main_0_2399
49,RegionE,251.68,196.31,0.244,587.87,305.973333,Valley,Main_0_2399
49,RegionF,264.93,206.65,0.2883,587.87,316.678333,Valley,Main_0_2399
50,RegionA,476.85,0.0,0.6857,650.0,367.556,Valley,Main_0_2399
50,RegionB,456.98,0.0,0.6414,650.0,375.368667,Valley,Main_0_2399
50,RegionC,443.73,0.0,0.6083,650.0,361.685333,Valley,Main_0_2399
50,RegionD,284.78,222.13,0.4645,650.0,373.227333,Valley,Main_0_2399
50,RegionE,251.67,196.3,0.2433,650.0,317.958667,Valley,Main_0_2399
50,RegionF,264.91,206.63,0.2875,650.0,357.371,Valley,Main_0_2399
51,RegionA,476.81,0.0,0.6805,722.35,368.969,Valley,Main_0_2399
51,RegionB,456.94,0.0,0.6366,722.35,374.812667,Valley,Main_0_2399
51,RegionC,443.7,0.0,0.6037,722.35,351.342,Valley,Main_0_2399
51,RegionD,284.76,222.11,0.461,722.35,394.837667,Valley,Main_0_2399
51,RegionE,251.65,196.29,0.2415,722.35,399.896,Valley,Main_0_2399
51,RegionF,264.89,206.61,0.2854,722.35,360.258667,Valley,Main_0_2399
52,RegionA,476.76,0.0,0.6724,800.0,367.018667,Valley,Main_0_2399
52,RegionB,456.89,0.0,0.629,800.0,373.632,Valley,Main_0_2399
52,RegionC,443.65,0.0,0.5965,800.0,354.712333,Valley,Main_0_2399
52,RegionD,284.73,222.09,0.4555,800.0,405.689,Valley,Main_0_2399
52,RegionE,251.62,196.26,0.2386,800.0,420.4,Valley,Main_0_2399
52,RegionF,264.87,206.6,0.282,800.0,404.673667,Valley,Main_0_2399
53,RegionA,476.7,0.0,0.6618,877.65,365.62,Valley,Main_0_2399
53,RegionB,456.84,0.0,0.6191,877.65,374.350667,Valley,Main_0_2399
53,RegionC,443.6,0.0,0.5871,877.65,350.66,Valley,Main_0_2399
53,RegionD,284.7,222.07,0.4483,877.65,394.26,Valley,Main_0_2399
53,RegionE,251.59,196.24,0.2348,877.65,374.23,Valley,Main_0_2399
53,RegionF,264.83,206.57,0.2775,877.65,412.111333,Valley,Main_0_2399
54,RegionA,476.63,0.0,0.6496,950.0,363.447333,Valley,Main_0_2399
54,RegionB,456.77,0.0,0.6077,950.0,376.582,Valley,Main_0_2399
54,RegionC,443.53,0.0,0.5763,950.0,352.974667,Valley,Main_0_2399
54,RegionD,284.66,222.03,0.44,950.0,383.845333,Valley,Main_0_2399
54,RegionE,251.56,196.22,0.2305,950.0,394.69,Valley,Main_0_2399
54,RegionF,264.8,206.54,0.2724,950.0,410.888667,Valley,Main_0_2399
55,RegionA,733.16,0.0,0.6364,1012.13,384.070667,Flat,Main_0_2399
55,RegionB,702.62,0.0,0.5954,1012.13,362.800667,Flat,Main_0_2399
55,RegionC,682.25,0.0,0.5646,1012.13,364.162333,Flat,Main_0_2399
55,RegionD,437.86,341.53,0.4311,1012.13,381.221333,Flat,Main_0_2399
55,RegionE,386.95,301.82,0.2258,1012.13,360.728,Flat,Main_0_2399
55,RegionF,407.31,317.7,0.2669,1012.13,397.77,Flat,Main_0_2399
56,RegionA,733.03,0.0,0.6233,1059.81,395.708,Flat,Main_0_2399
56,RegionB,702.49,0.0,0.5831,1059.81,363.474667,Flat,Main_0_2399
56,RegionC,682.13,0.0,0.5529,1059.81,369.144,Flat,Main_0_2399
56,RegionD,437.78,341.47,0.4222,1059.81,354.405333,Flat,Main_0_2399
56,RegionE,386.88,301.77,0.2212,1059.81,328.697333,Flat,Main_0_2399
56,RegionF,407.24,317.65,0.2614,1059.81,390.491,Flat,Main_0_2399
57,RegionA,732.89,0.0,0.6109,1089.78,394.839,Flat,Main_0_2399
57,RegionB,702.35,0.0,0.5715,1089.78,350.683333,Flat,Main_0_2399
57,RegionC,682.0,0.0,0.542,1089.78,380.521333,Flat,Main_0_2399
57,RegionD,437.7,341.41,0.4139,1089.78,283.035333,Flat,Main_0_2399
57,RegionE,386.8,301.7,0.2168,1089.78,326.703333,Flat,Main_0_2399
57,RegionF,407.16,317.58,0.2562,1089.78,367.804,Flat,Main_0_2399
58,RegionA,732.74,0.0,0.6003,1100.0,393.742,Flat,Main_0_2399
58,RegionB,702.2,0.0,0.5616,1100.0,352.103333,Flat,Main_0_2399
58,RegionC,681.85,0.0,0.5325,1100.0,375.805667,Flat,Main_0_2399
58,RegionD,437.61,341.34,0.4067,1100.0,250.433,Flat,Main_0_2399
58,RegionE,386.72,301.64,0.213,1100.0,345.775,Flat,Main_0_2399
58,RegionF,407.08,317.52,0.2517,1100.0,348.414667,Flat,Main_0_2399
59,RegionA,732.57,0.0,0.592,1089.78,355.772667,Flat,Main_0_2399
59,RegionB,702.04,0.0,0.5538,1089.78,336.06,Flat,Main_0_2399
59,RegionC,681.69,0.0,0.5252,1089.78,366.89,Flat,Main_0_2399
59,RegionD,437.51,341.26,0.401,1089.78,265.384667,Flat,Main_0_2399
59,RegionE,386.63,301.57,0.2101,1089.78,328.249333,Flat,Main_0_2399
59,RegionF,406.98,317.44,0.2483,1089.78,340.433333,Flat,Main_0_2399
60,RegionA,732.39,0.0,0.5866,1059.81,342.323333,Flat,Main_0_2399
60,RegionB,701.87,0.0,0.5488,1059.81,334.288333,Flat,Main_0_2399
60,RegionC,681.53,0.0,0.5204,1059.81,317.704333,Flat,Main_0_2399
60,RegionD,437.4,341.17,0.3974,1059.81,198.047667,Flat,Main_0_2399
60,RegionE,386.54,301.5,0.2082,1059.81,295.396667,Flat,Main_0_2399
60,RegionF,406.88,317.37,0.246,1059.81,330.826,Flat,Main_0_2399
61,RegionA,732.19,0.0,0.5845,1012.13,339.249667,Flat,Main_0_2399
61,RegionB,701.69,0.0,0.5468,1012.13,328.121,Flat,Main_0_2399
61,RegionC,681.35,0.0,0.5185,1012.13,316.767,Flat,Main_0_2399
61,RegionD,437.28,341.08,0.396,1012.13,175.836,Flat,Main_0_2399
61,RegionE,386.44,301.42,0.2074,1012.13,285.347,Flat,Main_0_2399
61,RegionF,406.77,317.28,0.2451,1012.13,312.475667,Flat,Main_0_2399
62,RegionA,731.99,0.0,0.5857,950.0,308.241,Flat,Main_0_2399
62,RegionB,701.49,0.0,0.5479,950.0,311.455333,Flat,Main_0_2399
62,RegionC,681.16,0.0,0.5196,950.0,298.518,Flat,Main_0_2399
62,RegionD,437.16,340.98,0.3968,950.0,204.373333,Flat,Main_0_2399
62,RegionE,386.33,301.34,0.2078,950.0,271.802333,Flat,Main_0_2399
62,RegionF,406.66,317.19,0.2456,950.0,286.006,Flat,Main_0_2399
63,RegionA,731.77,0.0,0.5902,877.65,286.419667,Flat,Main_0_2399
63,RegionB,701.28,0.0,0.5521,877.65,279.583667,Flat,Main_0_2399
63,RegionC,680.96,0.0,0.5236,877.65,259.678667,Flat,Main_0_2399
63,RegionD,437.03,340.88,0.3998,877.65,144.096667,Flat,Main_0_2399
63,RegionE,386.21,301.24,0.2094,877.65,237.860667,Flat,Main_0_2399
63,RegionF,406.54,317.1,0.2475,877.65,241.45,Flat,Main_0_2399
64,RegionA,731.55,0.0,0.5976,800.0,236.52,Flat,Main_0_2399
64,RegionB,701.07,0.0,0.559,800.0,245.72,Flat,Main_0_2399
64,RegionC,680.75,0.0,0.5301,800.0,227.540667,Flat,Main_0_2399
64,RegionD,436.9,340.78,0.4048,800.0,76.120667,Flat,Main_0_2399
64,RegionE,386.1,301.16,0.212,800.0,227.440667,Flat,Main_0_2399
64,RegionF,406.42,317.01,0.2506,800.0,226.945333,Flat,Main_0_2399
65,RegionA,1060.4,0.0,0.6073,722.35,239.890667,Peak,Main_0_2399
65,RegionB,1016.22,0.0,0.5681,722.35,227.763333,Peak,Main_0_2399
65,RegionC,986.76,0.0,0.5388,722.35,245.517333,Peak,Main_0_2399
65,RegionD,633.3,493.97,0.4114,722.35,94.344667,Peak,Main_0_2399
65,RegionE,559.66,436.53,0.2155,722.35,208.96,Peak,Main_0_2399
65,RegionF,589.11,459.51,0.2547,722.35,170.062,Peak,Main_0_2399
66,RegionA,1060.05,0.0,0.6188,650.0,209.495333,Peak,Main_0_2399
66,RegionB,1015.88,0.0,0.5788,650.0,236.126667,Peak,Main_0_2399
66,RegionC,986.43,0.0,0.5489,650.0,220.44,Peak,Main_0_2399
66,RegionD,633.08,493.8,0.4192,650.0,82.288,Peak,Main_0_2399
66,RegionE,559.47,436.39,0.2196,650.0,185.9,Peak,Main_0_2399
66,RegionF,588.91,459.35,0.2595,650.0,177.836333,Peak,Main_0_2399
67,RegionA,1059.68,0.0,0.631,587.87,168.972,Peak,Main_0_2399
67,RegionB,1015.52,0.0,0.5903,587.87,198.035333,Peak,Main_0_2399
67,RegionC,986.09,0.0,0.5598,587.87,231.301667,Peak,Main_0_2399
67,RegionD,632.86,493.63,0.4275,587.87,107.298333,Peak,Main_0_2399
67,RegionE,559.27,436.23,0.2239,587.87,195.692,Peak,Main_0_2399
67,RegionF,588.71,459.19,0.2646,587.87,158.181333,Peak,Main_0_2399
68,RegionA,1059.29,0.0,0.6433,540.19,228.786667,Peak,Main_0_2399
68,RegionB,1015.16,0.0,0.6018,540.19,263.133,Peak,Main_0_2399
68,RegionC,985.73,0.0,0.5707,540.19,253.163333,Peak,Main_0_2399
68,RegionD,632.63,493.45,0.4358,540.19,125.310333,Peak,Main_0_2399
68,RegionE,559.07,436.07,0.2283,540.19,197.27,Peak,Main_0_2399
68,RegionF,588.5,459.03,0.2698,540.19,177.382,Peak,Main_0_2399
69,RegionA,1058.9,0.0,0.6547,510.22,211.915,Peak,Main_0_2399
69,RegionB,1014.78,0.0,0.6125,510.22,244.470667,Peak,Main_0_2399
69,RegionC,985.36,0.0,0.5808,510.22,244.86,Peak,Main_0_2399
69,RegionD,632.4,493.27,0.4435,510.22,143.030667,Peak,Main_0_2399
69,RegionE,558.86,435.91,0.2323,510.22,188.409333,Peak,Main_0_2399
69,RegionF,588.28,458.86,0.2745,510.22,212.939333,Peak,Main_0_2399
70,RegionA,656.99,0.0,0.6644,500.0,227.495333,Flat,Main_0_2399
70,RegionB,629.62,0.0,0.6215,500.0,265.599,Flat,Main_0_2399
70,RegionC,611.37,0.0,0.5894,500.0,267.538333,Flat,Main_0_2399
70,RegionD,392.37,306.05,0.4501,500.0,188.0,Flat,Main_0_2399
70,RegionE,346.75,270.47,0.2357,500.0,184.696,Flat,Main_0_2399
70,RegionF,365.0,284.7,0.2786,500.0,218.657667,Flat,Main_0_2399
71,RegionA,656.73,0.0,0.6716,510.22,318.438667,Flat,Main_0_2399
71,RegionB,629.37,0.0,0.6283,510.22,322.898667,Flat,Main_0_2399
71,RegionC,611.13,0.0,0.5958,510.22,289.031,Flat,Main_0_2399
71,RegionD,392.22,305.93,0.455,510.22,245.928667,Flat,Main_0_2399
71,RegionE,346.61,270.36,0.2383,510.22,238.149333,Flat,Main_0_2399
71,RegionF,364.85,284.58,0.2817,510.22,215.715,Flat,Main_0_2399
72,RegionA,474.12,0.0,0.676,540.19,302.842667,Valley,Main_0_2399
72,RegionB,454.36,0.0,0.6324,540.19,317.892,Valley,Main_0_2399
72,RegionC,441.19,0.0,0.5997,540.19,341.601,Valley,Main_0_2399
72,RegionD,283.15,220.86,0.4579,540.19,291.69,Valley,Main_0_2399
72,RegionE,250.23,195.18,0.2399,540.19,253.302,Valley,Main_0_2399
72,RegionF,263.4,205.45,0.2835,540.19,301.035333,Valley,Main_0_2399
73,RegionA,473.92,0.0,0.677,587.87,361.522,Valley,Main_0_2399
73,RegionB,454.17,0.0,0.6334,587.87,368.093333,Valley,Main_0_2399
73,RegionC,441.01,0.0,0.6006,587.87,365.13,Valley,Main_0_2399
73,RegionD,283.03,220.76,0.4586,587.87,365.628333,Valley,Main_0_2399
73,RegionE,250.12,195.09,0.2402,587.87,291.614,Valley,Main_0_2399
73,RegionF,263.29,205.37,0.2839,587.87,323.290667,Valley,Main_0_2399
74,RegionA,473.72,0.0,0.6747,650.0,371.458667,Valley,Main_0_2399
74,RegionB,453.98,0.0,0.6312,650.0,367.508333,Valley,Main_0_2399
74,RegionC,440.82,0.0,0.5985,650.0,377.063333,Valley,Main_0_2399
74,RegionD,282.92,220.68,0.4571,650.0,331.47,Valley,Main_0_2399
74,RegionE,250.02,195.02,0.2394,650.0,299.294,Valley,Main_0_2399
74,RegionF,263.18,205.28,0.2829,650.0,392.428667,Valley,Main_0_2399
75,RegionA,473.51,0.0,0.6691,722.35,377.1,Valley,Main_0_2399
75,RegionB,453.78,0.0,0.6259,722.35,378.232,Valley,Main_0_2399
75,RegionC,440.63,0.0,0.5936,722.35,380.682667,Valley,Main_0_2399
75,RegionD,282.79,220.58,0.4533,722.35,310.046667,Valley,Main_0_2399
75,RegionE,249.91,194.93,0.2374,722.35,347.807333,Valley,Main_0_2399
75,RegionF,263.06,205.19,0.2806,722.35,385.849333,Valley,Main_0_2399
76,RegionA,473.31,0.0,0.6606,800.0,385.21,Valley,Main_0_2399
76,RegionB,453.59,0.0,0.6179,800.0,386.954667,Valley,Main_0_2399
76,RegionC,440.44,0.0,0.586,800.0,380.176,Valley,Main_0_2399
76,RegionD,282.67,220.48,0.4475,800.0,312.463333,Valley,Main_0_2399
76,RegionE,249.8,194.84,0.2344,800.0,353.893667,Valley,Main_0_2399
76,RegionF,262.95,205.1,0.277,800.0,421.586,Valley,Main_0_2399
77,RegionA,473.1,0.0,0.6496,877.65,373.84,Valley,Main_0_2399
77,RegionB,453.38,0.0,0.6077,877.65,386.617333,Valley,Main_0_2399
77,RegionC,440.24,0.0,0.5763,877.65,370.138667,Valley,Main_0_2399
77,RegionD,282.54,220.38,0.4401,877.65,345.211333,Valley,Main_0_2399
77,RegionE,249.69,194.76,0.2305,877.65,355.540667,Valley,Main_0_2399
77,RegionF,262.83,205.01,0.2724,877.65,410.823333,Valley,Main_0_2399
78,RegionA,472.88,0.0,0.637,950.0,372.316667,Valley,Main_0_2399
78,RegionB,453.18,0.0,0.5959,950.0,388.683667,Valley,Main_0_2399
78,RegionC,440.04,0.0,0.5651,950.0,371.694,Valley,Main_0_2399
78,RegionD,282.42,220.29,0.4315,950.0,361.534667,Valley,Main_0_2399
78,RegionE,249.58,194.67,0.226,950.0,400.903333,Valley,Main_0_2399
78,RegionF,262.71,204.91,0.2671,950.0,418.821,Valley,Main_0_2399
79,RegionA,727.18,0.0,0.6235,1012.13,371.395333,Flat,Main_0_2399
79,RegionB,696.88,0.0,0.5832,1012.13,386.321667,Flat,Main_0_2399
79,RegionC,676.68,0.0,0.5531,1012.13,350.975667,Flat,Main_0_2399
79,RegionD,434.29,338.75,0.4223,1012.13,415.188667,Flat,Main_0_2399
79,RegionE,383.79,299.36,0.2212,1012.13,355.978,Flat,Main_0_2399
79,RegionF,403.99,315.11,0.2615,1012.13,409.726667,Flat,Main_0_2399
80,RegionA,726.85,0.0,0.6099,1059.81,381.298667,Flat,Main_0_2399
80,RegionB,696.56,0.0,0.5706,1059.81,377.498667,Flat,Main_0_2399
80,RegionC,676.37,0.0,0.5411,1059.81,349.180333,Flat,Main_0_2399
80,RegionD,434.09,338.59,0.4132,1059.81,425.475,Flat,Main_0_2399
80,RegionE,383.61,299.22,0.2164,1059.81,357.25,Flat,Main_0_2399
80,RegionF,403.81,314.97,0.2558,1059.81,393.484,Flat,Main_0_2399
81,RegionA,726.51,0.0,0.5973,1089.78,387.717333,Flat,Main_0_2399
81,RegionB,696.24,0.0,0.5587,1089.78,377.732,Flat,Main_0_2399
81,RegionC,676.06,0.0,0.5298,1089.78,350.472,Flat,Main_0_2399
81,RegionD,433.89,338.43,0.4046,1089.78,383.713333,Flat,Main_0_2399
81,RegionE,383.44,299.08,0.2119,1089.78,384.276667,Flat,Main_0_2399
81,RegionF,403.62,314.82,0.2505,1089.78,404.797,Flat,Main_0_2399
82,RegionA,726.18,0.0,0.5863,1100.0,374.038,Flat,Main_0_2399
82,RegionB,695.92,0.0,0.5485,1100.0,364.837,Flat,Main_0_2399
82,RegionC,675.75,0.0,0.5201,1100.0,347.185333,Flat,Main_0_2399
82,RegionD,433.69,338.28,0.3972,1100.0,371.632667,Flat,Main_0_2399
82,RegionE,383.26,298.94,0.208,1100.0,369.815333,Flat,Main_0_2399
82,RegionF,403.43,314.68,0.2459,1100.0,406.97,Flat,Main_0_2399
83,RegionA,725.84,0.0,0.5777,1089.78,354.018,Flat,Main_0_2399
83,RegionB,695.59,0.0,0.5405,1089.78,329.102,Flat,Main_0_2399
83,RegionC,675.43,0.0,0.5125,1089.78,342.998333,Flat,Main_0_2399
83,RegionD,433.49,338.12,0.3914,1089.78,376.634667,Flat,Main_0_2399
83,RegionE,383.08,298.8,0.205,1089.78,307.605,Flat,Main_0_2399
83,RegionF,403.24,314.53,0.2423,1089.78,326.5,Flat,Main_0_2399
84,RegionA,725.5,0.0,0.5721,1059.81,334.495333,Flat,Main_0_2399
84,RegionB,695.27,0.0,0.5352,1059.81,290.966,Flat,Main_0_2399
84,RegionC,675.12,0.0,0.5075,1059.81,338.398667,Flat,Main_0_2399
84,RegionD,433.28,337.96,0.3875,1059.81,297.496667,Flat,Main_0_2399
84,RegionE,382.9,298.66,0.203,1059.81,293.975333,Flat,Main_0_2399
84,RegionF,403.05,314.38,0.2399,1059.81,292.08,Flat,Main_0_2399
85,RegionA,725.16,0.0,0.5697,1012.13,307.488667,Flat,Main_0_2399
85,RegionB,694.94,0.0,0.5329,1012.13,312.315,Flat,Main_0_2399
85,RegionC,674.8,0.0,0.5054,1012.13,311.376333,Flat,Main_0_2399
85,RegionD,433.08,337.8,0.3859,1012.13,290.474,Flat,Main_0_2399
85,RegionE,382.72,298.52,0.2022,1012.13,283.427,Flat,Main_0_2399
85,RegionF,402.87,314.24,0.2389,1012.13,254.799667,Flat,Main_0_2399
86,RegionA,724.82,0.0,0.5707,950.0,275.65,Flat,Main_0_2399
86,RegionB,694.62,0.0,0.5339,950.0,318.624,Flat,Main_0_2399
86,RegionC,674.48,0.0,0.5063,950.0,284.484,Flat,Main_0_2399
86,RegionD,432.88,337.65,0.3866,950.0,241.32,Flat,Main_0_2399
86,RegionE,382.54,298.38,0.2025,950.0,246.533333,Flat,Main_0_2399
86,RegionF,402.68,314.09,0.2393,950.0,232.902,Flat,Main_0_2399
87,RegionA,724.48,0.0,0.575,877.65,256.704,Flat,Main_0_2399
87,RegionB,694.29,0.0,0.5379,877.65,282.425667,Flat,Main_0_2399
87,RegionC,674.17,0.0,0.51,877.65,233.911333,Flat,Main_0_2399
87,RegionD,432.68,337.49,0.3895,877.65,231.859,Flat,Main_0_2399
87,RegionE,382.36,298.24,0.204,877.65,189.231333,Flat,Main_0_2399
87,RegionF,402.49,313.94,0.2411,877.65,230.647667,Flat,Main_0_2399
88,RegionA,724.14,0.0,0.5822,800.0,236.548333,Flat,Main_0_2399
88,RegionB,693.97,0.0,0.5446,800.0,232.306667,Flat,Main_0_2399
88,RegionC,673.86,0.0,0.5164,800.0,206.233,Flat,Main_0_2399
88,RegionD,432.48,337.33,0.3944,800.0,166.361667,Flat,Main_0_2399
88,RegionE,382.19,298.11,0.2066,800.0,158.38,Flat,Main_0_2399
88,RegionF,402.3,313.79,0.2441,800.0,207.583333,Flat,Main_0_2399
89,RegionA,1049.53,0.0,0.5917,722.35,213.708667,Peak,Main_0_2399
89,RegionB,1005.8,0.0,0.5536,722.35,217.679333,Peak,Main_0_2399
89,RegionC,976.64,0.0,0.5249,722.35,168.837333,Peak,Main_0_2399
89,RegionD,626.8,488.9,0.4009,722.35,116.454,Peak,Main_0_2399
89,RegionE,553.92,432.06,0.21,722.35,161.694667,Peak,Main_0_2399
89,RegionF,583.07,454.79,0.2481,722.35,176.568667,Peak,Main_0_2399
90,RegionA,1049.05,0.0,0.603,650.0,216.545333,Peak,Main_0_2399
90,RegionB,1005.34,0.0,0.5641,650.0,244.863333,Peak,Main_0_2399
90,RegionC,976.2,0.0,0.5349,650.0,193.879333,Peak,Main_0_2399
90,RegionD,626.51,488.68,0.4085,650.0,104.771667,Peak,Main_0_2399
90,RegionE,553.66,431.85,0.214,650.0,158.636,Peak,Main_0_2399
90,RegionF,582.8,454.58,0.2529,650.0,182.73,Peak,Main_0_2399
91,RegionA,1048.57,0.0,0.6152,587.87,196.398667,Peak,Main_0_2399
91,RegionB,1004.88,0.0,0.5755,587.87,222.54,Peak,Main_0_2399
91,RegionC,975.75,0.0,0.5457,587.87,156.992,Peak,Main_0_2399
91,RegionD,626.23,488.46,0.4167,587.87,128.078,Peak,Main_0_2399
91,RegionE,553.41,431.66,0.2183,587.87,179.24,Peak,Main_0_2399
91,RegionF,582.54,454.38,0.258,587.87,159.349333,Peak,Main_0_2399
92,RegionA,1048.1,0.0,0.6274,540.19,223.522,Peak,Main_0_2399
92,RegionB,1004.43,0.0,0.5869,540.19,249.842,Peak,Main_0_2399
92,RegionC,975.32,0.0,0.5565,540.19,223.526333,Peak,Main_0_2399
92,RegionD,625.95,488.24,0.425,540.19,157.033333,Peak,Main_0_2399
92,RegionE,553.16,431.46,0.2226,540.19,135.823667,Peak,Main_0_2399
92,RegionF,582.28,454.18,0.2631,540.19,167.106667,Peak,Main_0_2399
93,RegionA,1047.64,0.0,0.6387,510.22,242.756,Peak,Main_0_2399
93,RegionB,1003.99,0.0,0.5975,510.22,273.361,Peak,Main_0_2399
93,RegionC,974.88,0.0,0.5666,510.22,228.882667,Peak,Main_0_2399
93,RegionD,625.67,488.02,0.4326,510.22,196.834333,Peak,Main_0_2399
93,RegionE,552.92,431.28,0.2266,510.22,180.286667,Peak,Main_0_2399
93,RegionF,582.02,453.98,0.2678,510.22,219.338333,Peak,Main_0_2399
94,RegionA,649.97,0.0,0.6483,500.0,259.392,Flat,Main_0_2399
94,RegionB,622.89,0.0,0.6065,500.0,257.45,Flat,Main_0_2399
94,RegionC,604.84,0.0,0.5751,500.0,284.158,Flat,Main_0_2399
94,RegionD,388.18,302.78,0.4392,500.0,220.082,Flat,Main_0_2399
94,RegionE,343.04,267.57,0.23,500.0,196.395,Flat,Main_0_2399
94,RegionF,361.1,281.66,0.2719,500.0,208.39,Flat,Main_0_2399
95,RegionA,649.7,0.0,0.6555,510.22,323.515667,Flat,Main_0_2399
95,RegionB,622.63,0.0,0.6132,510.22,296.256,Flat,Main_0_2399
95,RegionC,604.58,0.0,0.5815,510.22,273.435333,Flat,Main_0_2399
95,RegionD,388.01,302.65,0.4441,510.22,229.478,Flat,Main_0_2399
95,RegionE,342.9,267.46,0.2326,510.22,193.616,Flat,Main_0_2399
95,RegionF,360.94,281.53,0.2749,510.22,287.521333,Flat,Main_0_2399
96,RegionA,469.03,0.0,0.6598,540.19,335.832667,Valley,Main_0_2399
96,RegionB,449.48,0.0,0.6173,540.19,303.977,Valley,Main_0_2399
96,RegionC,436.46,0.0,0.5853,540.19,319.768667,Valley,Main_0_2399
96,RegionD,280.11,218.49,0.447,540.19,225.576333,Valley,Main_0_2399
96,RegionE,247.54,193.08,0.2341,540.19,243.204,Valley,Main_0_2399
96,RegionF,260.57,203.24,0.2767,540.19,304.272,Valley,Main_0_2399
97,RegionA,468.83,0.0,0.6609,587.87,389.929333,Valley,Main_0_2399
97,RegionB,449.3,0.0,0.6183,587.87,359.708,Valley,Main_0_2399
97,RegionC,436.28,0.0,0.5863,587.87,354.778667,Valley,Main_0_2399
97,RegionD,280.0,218.4,0.4477,587.87,291.195333,Valley,Main_0_2399
97,RegionE,247.44,193.0,0.2345,587.87,317.668667,Valley,Main_0_2399
97,RegionF,260.46,203.16,0.2772,587.87,289.32,Valley,Main_0_2399
98,RegionA,468.65,0.0,0.6586,650.0,368.268333,Valley,Main_0_2399
98,RegionB,449.12,0.0,0.6161,650.0,361.733333,Valley,Main_0_2399
98,RegionC,436.1,0.0,0.5843,650.0,367.761333,Valley,Main_0_2399
98,RegionD,279.89,218.31,0.4462,650.0,359.078,Valley,Main_0_2399
98,RegionE,247.34,192.93,0.2337,650.0,391.284,Valley,Main_0_2399
98,RegionF,260.36,203.08,0.2762,650.0,330.338,Valley,Main_0_2399
99,RegionA,468.46,0.0,0.6531,722.35,389.356,Valley,Main_0_2399
99,RegionB,448.94,0.0,0.6109,722.35,364.249,Valley,Main_0_2399
99,RegionC,435.93,0.0,0.5793,722.35,374.593333,Valley,Main_0_2399
99,RegionD,279.78,218.23,0.4424,722.35,380.031333,Valley,Main_0_2399
99,RegionE,247.24,192.85,0.2317,722.35,382.03,Valley,Main_0_2399
99,RegionF,260.26,203.0,0.2739,722.35,364.39,Valley,Main_0_2399
100,RegionA,468.28,0.0,0.6446,800.0,392.170333,Valley,Main_0_2399
100,RegionB,448.77,0.0,0.603,800.0,358.644667,Valley,Main_0_2399
100,RegionC,435.77,0.0,0.5718,800.0,378.371667,Valley,Main_0_2399
100,RegionD,279.67,218.14,0.4367,800.0,400.438333,Valley,Main_0_2399
100,RegionE,247.15,192.78,0.2287,800.0,383.613333,Valley,Main_0_2399
100,RegionF,260.16,202.92,0.2703,800.0,375.018,Valley,Main_0_2399
101,RegionA,468.11,0.0,0.6338,877.65,392.081333,Valley,Main_0_2399
101,RegionB,448.61,0.0,0.5929,877.65,375.808,Valley,Main_0_2399
101,RegionC,435.6,0.0,0.5622,877.65,380.224,Valley,Main_0_2399
101,RegionD,279.57,218.06,0.4293,877.65,389.18,Valley,Main_0_2399
101,RegionE,247.06,192.71,0.2249,877.65,394.06,Valley,Main_0_2399
101,RegionF,260.06,202.85,0.2658,877.65,397.084,Valley,Main_0_2399
102,RegionA,467.95,0.0,0.6212,950.0,363.382667,Valley,Main_0_2399
102,RegionB,448.45,0.0,0.5812,950.0,373.1,Valley,Main_0_2399
102,RegionC,435.45,0.0,0.5511,950.0,385.68,Valley,Main_0_2399
102,RegionD,279.47,217.99,0.4208,950.0,365.984,Valley,Main_0_2399
102,RegionE,246.97,192.64,0.2204,950.0,399.044,Valley,Main_0_2399
102,RegionF,259.97,202.78,0.2605,950.0,428.016667,Valley,Main_0_2399
103,RegionA,719.67,0.0,0.6079,1012.13,363.722333,Flat,Main_0_2399
103,RegionB,689.68,0.0,0.5687,1012.13,379.741333,Flat,Main_0_2399
103,RegionC,669.69,0.0,0.5392,1012.13,383.168,Flat,Main_0_2399
103,RegionD,429.8,335.24,0.4118,1012.13,400.633333,Flat,Main_0_2399
103,RegionE,379.83,296.27,0.2157,1012.13,412.501,Flat,Main_0_2399
103,RegionF,399.82,311.86,0.2549,1012.13,426.425667,Flat,Main_0_2399
104,RegionA,719.43,0.0,0.5945,1059.81,364.392,Flat,Main_0_2399
104,RegionB,689.45,0.0,0.5562,1059.81,383.753333,Flat,Main_0_2399
104,RegionC,669.47,0.0,0.5274,1059.81,378.510667,Flat,Main_0_2399
104,RegionD,429.66,335.13,0.4027,1059.81,372.17,Flat,Main_0_2399
104,RegionE,379.7,296.17,0.211,1059.81,363.476667,Flat,Main_0_2399
104,RegionF,399.68,311.75,0.2493,1059.81,369.234,Flat,Main_0_2399
105,RegionA,719.2,0.0,0.582,1089.78,362.781333,Flat,Main_0_2399
105,RegionB,689.24,0.0,0.5445,1089.78,380.3,Flat,Main_0_2399
105,RegionC,669.26,0.0,0.5163,1089.78,377.629333,Flat,Main_0_2399
105,RegionD,429.52,335.03,0.3943,1089.78,376.005,Flat,Main_0_2399
105,RegionE,379.58,296.07,0.2065,1089.78,407.118,Flat,Main_0_2399
105,RegionF,399.56,311.66,0.2441,1089.78,341.79,Flat,Main_0_2399
106,RegionA,718.99,0.0,0.5713,1100.0,372.284333,Flat,Main_0_2399
106,RegionB,689.03,0.0,0.5344,1100.0,379.217333,Flat,Main_0_2399
106,RegionC,669.06,0.0,0.5068,1100.0,372.074667,Flat,Main_0_2399
106,RegionD,429.39,334.92,0.387,1100.0,336.756667,Flat,Main_0_2399
106,RegionE,379.47,295.99,0.2027,1100.0,362.426,Flat,Main_0_2399
106,RegionF,399.44,311.56,0.2396,1100.0,343.937333,Flat,Main_0_2399
107,RegionA,718.78,0.0,0.5629,1089.78,384.015667,Flat,Main_0_2399
107,RegionB,688.83,0.0,0.5266,1089.78,373.581667,Flat,Main_0_2399
107,RegionC,668.87,0.0,0.4994,1089.78,358.188,Flat,Main_0_2399
107,RegionD,429.27,334.83,0.3814,1089.78,322.183333,Flat,Main_0_2399
107,RegionE,379.36,295.9,0.1998,1089.78,328.676,Flat,Main_0_2399
107,RegionF,399.32,311.47,0.2361,1089.78,326.412667,Flat,Main_0_2399
108,RegionA,718.59,0.0,0.5575,1059.81,342.648,Flat,Main_0_2399
108,RegionB,688.65,0.0,0.5216,1059.81,321.71,Flat,Main_0_2399
108,RegionC,668.68,0.0,0.4946,1059.81,344.026667,Flat,Main_0_2399
108,RegionD,429.16,334.74,0.3777,1059.81,293.34,Flat,Main_0_2399
108,RegionE,379.25,295.81,0.1978,1059.81,283.864,Flat,Main_0_2399
108,RegionF,399.21,311.38,0.2338,1059.81,288.164667,Flat,Main_0_2399
109,RegionA,718.4,0.0,0.5554,1012.13,325.478667,Flat,Main_0_2399
109,RegionB,688.47,0.0,0.5196,1012.13,276.999333,Flat,Main_0_2399
109,RegionC,668.52,0.0,0.4927,1012.13,311.952,Flat,Main_0_2399
109,RegionD,429.05,334.66,0.3763,1012.13,229.390333,Flat,Main_0_2399
109,RegionE,379.16,295.74,0.1971,1012.13,291.689333,Flat,Main_0_2399
109,RegionF,399.11,311.31,0.2329,1012.13,218.782,Flat,Main_0_2399
110,RegionA,718.23,0.0,0.5567,950.0,281.095,Flat,Main_0_2399
110,RegionB,688.31,0.0,0.5208,950.0,272.532,Flat,Main_0_2399
110,RegionC,668.36,0.0,0.4939,950.0,255.109333,Flat,Main_0_2399
110,RegionD,428.95,334.58,0.3771,950.0,178.025667,Flat,Main_0_2399
110,RegionE,379.07,295.67,0.1975,950.0,287.048,Flat,Main_0_2399
110,RegionF,399.02,311.24,0.2335,950.0,210.151,Flat,Main_0_2399
111,RegionA,718.08,0.0,0.5613,877.65,272.895333,Flat,Main_0_2399
111,RegionB,688.16,0.0,0.5251,877.65,261.314,Flat,Main_0_2399
111,RegionC,668.21,0.0,0.4979,877.65,231.575667,Flat,Main_0_2399
111,RegionD,428.85,334.5,0.3802,877.65,192.432667,Flat,Main_0_2399
111,RegionE,378.98,295.6,0.1992,877.65,280.036,Flat,Main_0_2399
111,RegionF,398.93,311.17,0.2354,877.65,193.271667,Flat,Main_0_2399
112,RegionA,717.93,0.0,0.5688,800.0,228.568667,Flat,Main_0_2399
112,RegionB,688.02,0.0,0.5321,800.0,226.379333,Flat,Main_0_2399
112,RegionC,668.07,0.0,0.5046,800.0,179.136667,Flat,Main_0_2399
112,RegionD,428.76,334.43,0.3853,800.0,146.620667,Flat,Main_0_2399
112,RegionE,378.91,295.55,0.2018,800.0,204.982667,Flat,Main_0_2399
112,RegionF,398.85,311.1,0.2385,800.0,191.08,Flat,Main_0_2399
113,RegionA,1040.81,0.0,0.5788,722.35,222.519333,Peak,Main_0_2399
113,RegionB,997.44,0.0,0.5414,722.35,226.473333,Peak,Main_0_2399
113,RegionC,968.53,0.0,0.5134,722.35,180.61,Peak,Main_0_2399
113,RegionD,621.59,484.84,0.3921,722.35,137.533333,Peak,Main_0_2399
113,RegionE,549.32,428.47,0.2054,722.35,151.161,Peak,Main_0_2399
113,RegionF,578.23,451.02,0.2427,722.35,179.636,Peak,Main_0_2399
114,RegionA,1040.64,0.0,0.5904,650.0,224.428333,Peak,Main_0_2399
114,RegionB,997.28,0.0,0.5523,650.0,235.535667,Peak,Main_0_2399
114,RegionC,968.37,0.0,0.5237,650.0,200.88,Peak,Main_0_2399
114,RegionD,621.49,484.76,0.4,650.0,117.871,Peak,Main_0_2399
114,RegionE,549.22,428.39,0.2095,650.0,139.656667,Peak,Main_0_2399
114,RegionF,578.13,450.94,0.2476,650.0,175.203333,Peak,Main_0_2399
115,RegionA,1040.48,0.0,0.603,587.87,245.3,Peak,Main_0_2399
115,RegionB,997.13,0.0,0.5641,587.87,202.203667,Peak,Main_0_2399
115,RegionC,968.23,0.0,0.5349,587.87,191.842667,Peak,Main_0_2399
115,RegionD,621.4,484.69,0.4085,587.87,106.672,Peak,Main_0_2399
115,RegionE,549.14,428.33,0.214,587.87,173.969333,Peak,Main_0_2399
115,RegionF,578.05,450.88,0.2529,587.87,153.214,Peak,Main_0_2399
116,RegionA,1040.35,0.0,0.6155,540.19,208.359667,Peak,Main_0_2399
116,RegionB,997.0,0.0,0.5758,540.19,199.210667,Peak,Main_0_2399
116,RegionC,968.1,0.0,0.546,540.19,225.776,Peak,Main_0_2399
116,RegionD,621.32,484.63,0.417,540.19,109.83,Peak,Main_0_2399
116,RegionE,549.07,428.27,0.2184,540.19,159.417333,Peak,Main_0_2399
116,RegionF,577.97,450.82,0.2581,540.19,144.578667,Peak,Main_0_2399
117,RegionA,1040.24,0.0,0.6272,510.22,243.404,Peak,Main_0_2399
117,RegionB,996.89,0.0,0.5868,510.22,237.571333,Peak,Main_0_2399
117,RegionC,968.0,0.0,0.5564,510.22,239.618667,Peak,Main_0_2399
117,RegionD,621.25,484.57,0.4249,510.22,156.784333,Peak,Main_0_2399
117,RegionE,549.01,428.23,0.2226,510.22,167.026,Peak,Main_0_2399
117,RegionF,577.91,450.77,0.263,510.22,187.155333,Peak,Main_0_2399
118,RegionA,645.61,0.0,0.6373,500.0,291.925,Flat,Main_0_2399
118,RegionB,618.71,0.0,0.5962,500.0,262.605,Flat,Main_0_2399
118,RegionC,600.77,0.0,0.5653,500.0,273.180667,Flat,Main_0_2399
118,RegionD,385.57,300.74,0.4317,500.0,191.944333,Flat,Main_0_2399
118,RegionE,340.74,265.78,0.2261,500.0,227.966667,Flat,Main_0_2399
118,RegionF,358.67,279.76,0.2673,500.0,218.496333,Flat,Main_0_2399
119,RegionA,645.56,0.0,0.645,510.22,311.327333,Flat,Main_0_2399
119,RegionB,618.66,0.0,0.6034,510.22,295.927333,Flat,Main_0_2399
119,RegionC,600.73,0.0,0.5722,510.22,301.731333,Flat,Main_0_2399
119,RegionD,385.54,300.72,0.4369,510.22,174.268,Flat,Main_0_2399
119,RegionE,340.71,265.75,0.2289,510.22,225.234,Flat,Main_0_2399
119,RegionF,358.65,279.75,0.2705,510.22,254.54,Flat,Main_0_2399
120,RegionA,466.22,0.0,0.6498,540.19,306.666,Valley,Main_0_2399
120,RegionB,446.79,0.0,0.6079,540.19,337.062333,Valley,Main_0_2399
120,RegionC,433.84,0.0,0.5764,540.19,338.101333,Valley,Main_0_2399
120,RegionD,278.44,217.18,0.4402,540.19,222.334,Valley,Main_0_2399
120,RegionE,246.06,191.93,0.2306,540.19,254.036667,Valley,Main_0_2399
120,RegionF,259.01,202.03,0.2725,540.19,233.448,Valley,Main_0_2399
121,RegionA,466.2,0.0,0.6513,587.87,358.344667,Valley,Main_0_2399
121,RegionB,446.78,0.0,0.6093,587.87,376.388333,Valley,Main_0_2399
121,RegionC,433.83,0.0,0.5778,587.87,346.094667,Valley,Main_0_2399
121,RegionD,278.43,217.18,0.4412,587.87,230.687333,Valley,Main_0_2399
121,RegionE,246.05,191.92,0.2311,587.87,270.402667,Valley,Main_0_2399
121,RegionF,259.0,202.02,0.2731,587.87,301.723667,Valley,Main_0_2399
122,RegionA,466.2,0.0,0.6495,650.0,376.662333,Valley,Main_0_2399
122,RegionB,446.78,0.0,0.6076,650.0,379.675,Valley,Main_0_2399
122,RegionC,433.83,0.0,0.5762,650.0,343.804,Valley,Main_0_2399
122,RegionD,278.43,217.18,0.44,650.0,218.152,Valley,Main_0_2399
122,RegionE,246.05,191.92,0.2305,650.0,244.546333,Valley,Main_0_2399
122,RegionF,259.0,202.02,0.2724,650.0,312.862667,Valley,Main_0_2399
123,RegionA,466.21,0.0,0.6445,722.35,378.057333,Valley,Main_0_2399
123,RegionB,446.78,0.0,0.6029,722.35,388.519,Valley,Main_0_2399
123,RegionC,433.83,0.0,0.5717,722.35,360.162,Valley,Main_0_2399
123,RegionD,278.43,217.18,0.4366,722.35,264.578667,Valley,Main_0_2399
123,RegionE,246.05,191.92,0.2287,722.35,274.026,Valley,Main_0_2399
123,RegionF,259.0,202.02,0.2703,722.35,373.126667,Valley,Main_0_2399
124,RegionA,466.22,0.0,0.6365,800.0,381.421667,Valley,Main_0_2399
124,RegionB,446.8,0.0,0.5955,800.0,374.459333,Valley,Main_0_2399
124,RegionC,433.85,0.0,0.5647,800.0,359.832,Valley,Main_0_2399
124,RegionD,278.44,217.18,0.4312,800.0,311.531667,Valley,Main_0_2399
124,RegionE,246.06,191.93,0.2259,800.0,346.673333,Valley,Main_0_2399
124,RegionF,259.01,202.03,0.2669,800.0,389.320667,Valley,Main_0_2399
125,RegionA,466.25,0.0,0.6262,877.65,387.876,Valley,Main_0_2399
125,RegionB,446.82,0.0,0.5858,877.65,357.128,Valley,Main_0_2399
125,RegionC,433.87,0.0,0.5555,877.65,379.153333,Valley,Main_0_2399
125,RegionD,278.45,217.19,0.4242,877.65,345.446667,Valley,Main_0_2399
125,RegionE,246.08,191.94,0.2222,877.65,396.345,Valley,Main_0_2399
125,RegionF,259.03,202.04,0.2626,877.65,399.126667,Valley,Main_0_2399
126,RegionA,466.29,0.0,0.6142,950.0,386.666667,Valley,Main_0_2399
126,RegionB,446.86,0.0,0.5746,950.0,337.606667,Valley,Main_0_2399
126,RegionC,433.9,0.0,0.5449,950.0,383.006667,Valley,Main_0_2399
126,RegionD,278.48,217.21,0.4161,950.0,324.308,Valley,Main_0_2399
126,RegionE,246.1,191.96,0.218,950.0,400.923333,Valley,Main_0_2399
126,RegionF,259.05,202.06,0.2576,950.0,395.516667,Valley,Main_0_2399
127,RegionA,717.43,0.0,0.6014,1012.13,389.185333,Flat,Main_0_2399
127,RegionB,687.54,0.0,0.5626,1012.13,357.413333,Flat,Main_0_2399
127,RegionC,667.61,0.0,0.5335,1012.13,379.978667,Flat,Main_0_2399
127,RegionD,428.47,334.21,0.4074,1012.13,297.751333,Flat,Main_0_2399
127,RegionE,378.65,295.35,0.2134,1012.13,427.918333,Flat,Main_0_2399
127,RegionF,398.57,310.88,0.2522,1012.13,373.895,Flat,Main_0_2399
128,RegionA,717.52,0.0,0.5886,1059.81,392.532,Flat,Main_0_2399
128,RegionB,687.62,0.0,0.5506,1059.81,371.58,Flat,Main_0_2399
128,RegionC,667.69,0.0,0.5222,1059.81,377.752,Flat,Main_0_2399
128,RegionD,428.52,334.25,0.3987,1059.81,278.65,Flat,Main_0_2399
128,RegionE,378.69,295.38,0.2089,1059.81,432.373333,Flat,Main_0_2399
128,RegionF,398.62,310.92,0.2468,1059.81,339.52,Flat,Main_0_2399
129,RegionA,717.62,0.0,0.5767,1089.78,394.724,Flat,Main_0_2399
129,RegionB,687.72,0.0,0.5395,1089.78,379.22,Flat,Main_0_2399
129,RegionC,667.78,0.0,0.5116,1089.78,376.888333,Flat,Main_0_2399
129,RegionD,428.58,334.29,0.3907,1089.78,255.874,Flat,Main_0_2399
129,RegionE,378.74,295.42,0.2046,1089.78,386.67,Flat,Main_0_2399
129,RegionF,398.68,310.97,0.2418,1089.78,321.192333,Flat,Main_0_2399
130,RegionA,717.73,0.0,0.5665,1100.0,395.056,Flat,Main_0_2399
130,RegionB,687.83,0.0,0.53,1100.0,385.630667,Flat,Main_0_2399
130,RegionC,667.89,0.0,0.5026,1100.0,377.534667,Flat,Main_0_2399
130,RegionD,428.65,334.35,0.3838,1100.0,275.474,Flat,Main_0_2399
130,RegionE,378.8,295.46,0.201,1100.0,359.217333,Flat,Main_0_2399
130,RegionF,398.74,311.02,0.2376,1100.0,319.613333,Flat,Main_0_2399
131,RegionA,717.86,0.0,0.5588,1089.78,394.084667,Flat,Main_0_2399
131,RegionB,687.95,0.0,0.5227,1089.78,362.173667,Flat,Main_0_2399
131,RegionC,668.01,0.0,0.4957,1089.78,376.648333,Flat,Main_0_2399
131,RegionD,428.72,334.4,0.3785,1089.78,254.588333,Flat,Main_0_2399
131,RegionE,378.87,295.52,0.1983,1089.78,307.940333,Flat,Main_0_2399
131,RegionF,398.81,311.07,0.2343,1089.78,296.254,Flat,Main_0_2399
132,RegionA,718.01,0.0,0.554,1059.81,354.341333,Flat,Main_0_2399
132,RegionB,688.09,0.0,0.5182,1059.81,338.976667,Flat,Main_0_2399
132,RegionC,668.15,0.0,0.4914,1059.81,358.654,Flat,Main_0_2399
132,RegionD,428.81,334.47,0.3753,1059.81,230.684,Flat,Main_0_2399
132,RegionE,378.95,295.58,0.1966,1059.81,314.968,Flat,Main_0_2399
132,RegionF,398.89,311.13,0.2323,1059.81,264.08,Flat,Main_0_2399
133,RegionA,718.17,0.0,0.5524,1012.13,341.941667,Flat,Main_0_2399
133,RegionB,688.24,0.0,0.5168,1012.13,301.575,Flat,Main_0_2399
133,RegionC,668.29,0.0,0.4901,1012.13,328.36,Flat,Main_0_2399
133,RegionD,428.9,334.54,0.3742,1012.13,200.539,Flat,Main_0_2399
133,RegionE,379.03,295.64,0.196,1012.13,286.758,Flat,Main_0_2399
133,RegionF,398.98,311.2,0.2317,1012.13,224.404,Flat,Main_0_2399
134,RegionA,718.34,0.0,0.5543,950.0,306.775333,Flat,Main_0_2399
134,RegionB,688.41,0.0,0.5186,950.0,273.643333,Flat,Main_0_2399
134,RegionC,668.46,0.0,0.4917,950.0,315.886,Flat,Main_0_2399
134,RegionD,429.01,334.63,0.3755,950.0,206.765667,Flat,Main_0_2399
134,RegionE,379.12,295.71,0.1967,950.0,281.648667,Flat,Main_0_2399
134,RegionF,399.08,311.28,0.2325,950.0,182.827333,Flat,Main_0_2399
135,RegionA,718.53,0.0,0.5595,877.65,280.622,Flat,Main_0_2399
135,RegionB,688.59,0.0,0.5234,877.65,259.902333,Flat,Main_0_2399
135,RegionC,668.63,0.0,0.4963,877.65,263.776667,Flat,Main_0_2399
135,RegionD,429.12,334.71,0.379,877.65,189.307,Flat,Main_0_2399
135,RegionE,379.22,295.79,0.1985,877.65,218.153333,Flat,Main_0_2399
135,RegionF,399.18,311.36,0.2346,877.65,158.241333,Flat,Main_0_2399
136,RegionA,718.73,0.0,0.5676,800.0,214.743333,Flat,Main_0_2399
136,RegionB,688.78,0.0,0.531,800.0,221.916333,Flat,Main_0_2399
136,RegionC,668.82,0.0,0.5035,800.0,232.52,Flat,Main_0_2399
136,RegionD,429.24,334.81,0.3845,800.0,138.187667,Flat,Main_0_2399
136,RegionE,379.33,295.88,0.2014,800.0,203.412,Flat,Main_0_2399
136,RegionF,399.29,311.45,0.238,800.0,160.766,Flat,Main_0_2399
137,RegionA,1042.47,0.0,0.5782,722.35,212.364667,Peak,Main_0_2399
137,RegionB,999.04,0.0,0.5409,722.35,190.385333,Peak,Main_0_2399
137,RegionC,970.08,0.0,0.5129,722.35,198.348,Peak,Main_0_2399
137,RegionD,622.59,485.62,0.3917,722.35,71.459667,Peak,Main_0_2399
137,RegionE,550.19,429.15,0.2052,722.35,185.24,Peak,Main_0_2399
137,RegionF,579.15,451.74,0.2425,722.35,206.795667,Peak,Main_0_2399
138,RegionA,1042.81,0.0,0.5904,650.0,206.013333,Peak,Main_0_2399
138,RegionB,999.36,0.0,0.5523,650.0,149.184667,Peak,Main_0_2399
138,RegionC,970.39,0.0,0.5237,650.0,202.76,Peak,Main_0_2399
138,RegionD,622.79,485.78,0.4,650.0,48.889,Peak,Main_0_2399
138,RegionE,550.37,429.29,0.2095,650.0,183.238,Peak,Main_0_2399
138,RegionF,579.34,451.89,0.2476,650.0,198.917,Peak,Main_0_2399
139,RegionA,1043.16,0.0,0.6036,587.87,199.123333,Peak,Main_0_2399
139,RegionB,999.7,0.0,0.5646,587.87,176.488,Peak,Main_0_2399
139,RegionC,970.72,0.0,0.5354,587.87,227.595,Peak,Main_0_2399
139,RegionD,623.0,485.94,0.4089,587.87,105.289,Peak,Main_0_2399
139,RegionE,550.56,429.44,0.2142,587.87,145.25,Peak,Main_0_2399
139,RegionF,579.53,452.03,0.2531,587.87,210.727667,Peak,Main_0_2399
140,RegionA,1043.53,0.0,0.6167,540.19,189.285333,Peak,Main_0_2399
140,RegionB,1000.05,0.0,0.5769,540.19,180.270667,Peak,Main_0_2399
140,RegionC,971.07,0.0,0.5471,540.19,259.582,Peak,Main_0_2399
140,RegionD,623.22,486.11,0.4178,540.19,165.593333,Peak,Main_0_2399
140,RegionE,550.75,429.59,0.2188,540.19,185.326,Peak,Main_0_2399
140,RegionF,579.74,452.2,0.2586,540.19,171.898333,Peak,Main_0_2399
141,RegionA,1043.92,0.0,0.6291,510.22,253.160667,Peak,Main_0_2399
141,RegionB,1000.43,0.0,0.5885,510.22,216.861,Peak,Main_0_2399
141,RegionC,971.43,0.0,0.558,510.22,276.92,Peak,Main_0_2399
141,RegionD,623.45,486.29,0.4261,510.22,186.776667,Peak,Main_0_2399
141,RegionE,550.96,429.75,0.2232,510.22,184.761333,Peak,Main_0_2399
141,RegionF,579.96,452.37,0.2638,510.22,220.046667,Peak,Main_0_2399
142,RegionA,648.21,0.0,0.6397,500.0,286.014667,Flat,Main_0_2399
142,RegionB,621.2,0.0,0.5984,500.0,239.148,Flat,Main_0_2399
142,RegionC,603.19,0.0,0.5675,500.0,313.215667,Flat,Main_0_2399
142,RegionD,387.12,301.95,0.4333,500.0,177.253333,Flat,Main_0_2399
142,RegionE,342.11,266.85,0.227,500.0,219.291333,Flat,Main_0_2399
142,RegionF,360.12,280.89,0.2683,500.0,237.903333,Flat,Main_0_2399
143,RegionA,648.47,0.0,0.648,510.22,318.133333,Flat,Main_0_2399
143,RegionB,621.45,0.0,0.6062,510.22,280.229333,Flat,Main_0_2399
143,RegionC,603.44,0.0,0.5748,510.22,290.780667,Flat,Main_0_2399
143,RegionD,387.28,302.08,0.439,510.22,265.28,Flat,Main_0_2399
143,RegionE,342.25,266.95,0.2299,510.22,255.460667,Flat,Main_0_2399
143,RegionF,360.26,281.0,0.2717,510.22,275.327333,Flat,Main_0_2399
144,RegionA,468.54,0.0,0.6534,540.19,336.998,Valley,Main_0_2399
144,RegionB,449.02,0.0,0.6112,540.19,304.97,Valley,Main_0_2399
144,RegionC,436.0,0.0,0.5796,540.19,362.724667,Valley,Main_0_2399
144,RegionD,279.82,218.26,0.4426,540.19,231.856667,Valley,Main_0_2399
144,RegionE,247.29,192.89,0.2318,540.19,265.43,Valley,Main_0_2399
144,RegionF,260.3,203.03,0.274,540.19,267.916,Valley,Main_0_2399
145,RegionA,468.75,0.0,0.6555,587.87,350.883667,Valley,Main_0_2399
145,RegionB,449.22,0.0,0.6132,587.87,334.237667,Valley,Main_0_2399
145,RegionC,436.2,0.0,0.5815,587.87,360.476,Valley,Main_0_2399
145,RegionD,279.95,218.36,0.444,587.87,333.425333,Valley,Main_0_2399
145,RegionE,247.4,192.97,0.2326,587.87,257.047333,Valley,Main_0_2399
145,RegionF,260.42,203.13,0.2749,587.87,291.240667,Valley,Main_0_2399
146,RegionA,468.96,0.0,0.6543,650.0,391.932,Valley,Main_0_2399
146,RegionB,449.42,0.0,0.6121,650.0,377.583333,Valley,Main_0_2399
146,RegionC,436.4,0.0,0.5804,650.0,377.88,Valley,Main_0_2399
146,RegionD,280.08,218.46,0.4432,650.0,340.043333,Valley,Main_0_2399
146,RegionE,247.51,193.06,0.2322,650.0,276.222,Valley,Main_0_2399
146,RegionF,260.54,203.22,0.2744,650.0,349.808,Valley,Main_0_2399
147,RegionA,469.19,0.0,0.6498,722.35,394.537667,Valley,Main_0_2399
147,RegionB,449.64,0.0,0.6079,722.35,368.366667,Valley,Main_0_2399
147,RegionC,436.6,0.0,0.5764,722.35,376.841,Valley,Main_0_2399
147,RegionD,280.21,218.56,0.4402,722.35,326.196,Valley,Main_0_2399
147,RegionE,247.63,193.15,0.2306,722.35,320.953333,Valley,Main_0_2399
147,RegionF,260.66,203.31,0.2725,722.35,340.432,Valley,Main_0_2399
148,RegionA,469.41,0.0,0.6424,800.0,369.178,Valley,Main_0_2399
148,RegionB,449.86,0.0,0.601,800.0,351.450667,Valley,Main_0_2399
148,RegionC,436.82,0.0,0.5699,800.0,371.88,Valley,Main_0_2399
148,RegionD,280.34,218.67,0.4352,800.0,353.12,Valley,Main_0_2399
148,RegionE,247.75,193.25,0.228,800.0,413.850667,Valley,Main_0_2399
148,RegionF,260.79,203.42,0.2694,800.0,353.8,Valley,Main_0_2399
149,RegionA,469.65,0.0,0.6327,877.65,371.296,Valley,Main_0_2399
149,RegionB,450.08,0.0,0.5919,877.65,348.705667,Valley,Main_0_2399
149,RegionC,437.04,0.0,0.5612,877.65,368.563,Valley,Main_0_2399
149,RegionD,280.49,218.78,0.4286,877.65,354.664667,Valley,Main_0_2399
149,RegionE,247.87,193.34,0.2245,877.65,440.740667,Valley,Main_0_2399
149,RegionF,260.92,203.52,0.2653,877.65,354.912,Valley,Main_0_2399
150,RegionA,469.89,0.0,0.6212,950.0,348.436333,Valley,Main_0_2399
150,RegionB,450.31,0.0,0.5812,950.0,346.142,Valley,Main_0_2399
150,RegionC,437.26,0.0,0.5511,950.0,363.59,Valley,Main_0_2399
150,RegionD,280.63,218.89,0.4208,950.0,370.759667,Valley,Main_0_2399
150,RegionE,248.0,193.44,0.2204,950.0,450.106333,Valley,Main_0_2399
150,RegionF,261.05,203.62,0.2605,950.0,366.813,Valley,Main_0_2399
151,RegionA,723.29,0.0,0.609,1012.13,366.450667,Flat,Main_0_2399
151,RegionB,693.15,0.0,0.5697,1012.13,326.869333,Flat,Main_0_2399
151,RegionC,673.06,0.0,0.5402,1012.13,364.693,Flat,Main_0_2399
151,RegionD,431.97,336.94,0.4125,1012.13,403.898667,Flat,Main_0_2399
151,RegionE,381.74,297.76,0.2161,1012.13,414.088,Flat,Main_0_2399
151,RegionF,401.83,313.43,0.2554,1012.13,354.293333,Flat,Main_0_2399
152,RegionA,723.68,0.0,0.5967,1059.81,364.145,Flat,Main_0_2399
152,RegionB,693.53,0.0,0.5582,1059.81,328.503333,Flat,Main_0_2399
152,RegionC,673.43,0.0,0.5293,1059.81,370.846667,Flat,Main_0_2399
152,RegionD,432.2,337.12,0.4042,1059.81,336.277667,Flat,Main_0_2399
152,RegionE,381.94,297.91,0.2117,1059.81,364.443333,Flat,Main_0_2399
152,RegionF,402.05,313.6,0.2502,1059.81,399.073333,Flat,Main_0_2399
153,RegionA,724.08,0.0,0.5853,1089.78,362.887333,Flat,Main_0_2399
153,RegionB,693.91,0.0,0.5475,1089.78,331.892,Flat,Main_0_2399
153,RegionC,673.8,0.0,0.5192,1089.78,351.995667,Flat,Main_0_2399
153,RegionD,432.44,337.3,0.3965,1089.78,306.476,Flat,Main_0_2399
153,RegionE,382.15,298.08,0.2077,1089.78,357.672,Flat,Main_0_2399
153,RegionF,402.27,313.77,0.2455,1089.78,386.276333,Flat,Main_0_2399
154,RegionA,724.49,0.0,0.5756,1100.0,362.026667,Flat,Main_0_2399
154,RegionB,694.3,0.0,0.5385,1100.0,318.720667,Flat,Main_0_2399
154,RegionC,674.18,0.0,0.5106,1100.0,356.249333,Flat,Main_0_2399
154,RegionD,432.68,337.49,0.3899,1100.0,280.851,Flat,Main_0_2399
154,RegionE,382.37,298.25,0.2043,1100.0,328.757333,Flat,Main_0_2399
154,RegionF,402.49,313.94,0.2414,1100.0,390.495,Flat,Main_0_2399
155,RegionA,724.9,0.0,0.5684,1089.78,335.084,Flat,Main_0_2399
155,RegionB,694.7,0.0,0.5317,1089.78,335.733333,Flat,Main_0_2399
155,RegionC,674.56,0.0,0.5042,1089.78,374.999333,Flat,Main_0_2399
155,RegionD,432.93,337.69,0.385,1089.78,298.387333,Flat,Main_0_2399
155,RegionE,382.59,298.42,0.2017,1089.78,270.168667,Flat,Main_0_2399
155,RegionF,402.72,314.12,0.2383,1089.78,334.113333,Flat,Main_0_2399
156,RegionA,725.32,0.0,0.564,1059.81,294.420667,Flat,Main_0_2399
156,RegionB,695.1,0.0,0.5276,1059.81,330.251333,Flat,Main_0_2399
156,RegionC,674.95,0.0,0.5003,1059.81,360.645333,Flat,Main_0_2399
156,RegionD,433.18,337.88,0.3821,1059.81,313.963,Flat,Main_0_2399
156,RegionE,382.81,298.59,0.2001,1059.81,273.463333,Flat,Main_0_2399
156,RegionF,402.96,314.31,0.2365,1059.81,258.796667,Flat,Main_0_2399
157,RegionA,725.75,0.0,0.563,1012.13,300.667333,Flat,Main_0_2399
157,RegionB,695.51,0.0,0.5266,1012.13,320.346667,Flat,Main_0_2399
157,RegionC,675.35,0.0,0.4994,1012.13,318.777667,Flat,Main_0_2399
157,RegionD,433.43,338.08,0.3814,1012.13,268.195,Flat,Main_0_2399
157,RegionE,383.03,298.76,0.1998,1012.13,272.333,Flat,Main_0_2399
157,RegionF,403.19,314.49,0.2361,1012.13,247.51,Flat,Main_0_2399
158,RegionA,726.18,0.0,0.5653,950.0,298.799667,Flat,Main_0_2399
158,RegionB,695.93,0.0,0.5288,950.0,310.117,Flat,Main_0_2399
158,RegionC,675.75,0.0,0.5015,950.0,287.297,Flat,Main_0_2399
158,RegionD,433.69,338.28,0.3829,950.0,238.123667,Flat,Main_0_2399
158,RegionE,383.26,298.94,0.2006,950.0,259.408667,Flat,Main_0_2399
158,RegionF,403.44,314.68,0.2371,950.0,192.407667,Flat,Main_0_2399
159,RegionA,726.62,0.0,0.5709,877.65,267.128,Flat,Main_0_2399
159,RegionB,696.35,0.0,0.5341,877.65,290.853,Flat,Main_0_2399
159,RegionC,676.16,0.0,0.5064,877.65,264.551667,Flat,Main_0_2399
159,RegionD,433.96,338.49,0.3867,877.65,227.770667,Flat,Main_0_2399
159,RegionE,383.5,299.13,0.2026,877.65,222.274667,Flat,Main_0_2399
159,RegionF,403.68,314.87,0.2394,877.65,163.168667,Flat,Main_0_2399
160,RegionA,727.07,0.0,0.5794,800.0,263.229333,Flat,Main_0_2399
160,RegionB,696.77,0.0,0.5421,800.0,246.62,Flat,Main_0_2399
160,RegionC,676.58,0.0,0.514,800.0,214.883333,Flat,Main_0_2399
160,RegionD,434.22,338.69,0.3925,800.0,192.836,Flat,Main_0_2399
160,RegionE,383.73,299.31,0.2056,800.0,199.069667,Flat,Main_0_2399
160,RegionF,403.93,315.07,0.243,800.0,150.786333,Flat,Main_0_2399
161,RegionA,1054.9,0.0,0.5904,722.35,207.14,Peak,Main_0_2399
161,RegionB,1010.94,0.0,0.5523,722.35,231.162,Peak,Main_0_2399
161,RegionC,981.64,0.0,0.5237,722.35,216.496667,Peak,Main_0_2399
161,RegionD,630.01,491.41,0.3999,722.35,104.311333,Peak,Main_0_2399
161,RegionE,556.75,434.27,0.2095,722.35,196.233333,Peak,Main_0_2399
161,RegionF,586.05,457.12,0.2476,722.35,176.203333,Peak,Main_0_2399
162,RegionA,1055.55,0.0,0.603,650.0,229.25,Peak,Main_0_2399
162,RegionB,1011.57,0.0,0.5641,650.0,223.074667,Peak,Main_0_2399
162,RegionC,982.25,0.0,0.5349,650.0,237.537667,Peak,Main_0_2399
162,RegionD,630.4,491.71,0.4085,650.0,76.653333,Peak,Main_0_2399
162,RegionE,557.1,434.54,0.214,650.0,167.84,Peak,Main_0_2399
162,RegionF,586.42,457.41,0.2529,650.0,173.276667,Peak,Main_0_2399
163,RegionA,1056.21,0.0,0.6165,587.87,179.008333,Peak,Main_0_2399
163,RegionB,1012.2,0.0,0.5768,587.87,220.21,Peak,Main_0_2399
163,RegionC,982.86,0.0,0.5469,587.87,240.840667,Peak,Main_0_2399
163,RegionD,630.79,492.02,0.4177,587.87,86.906667,Peak,Main_0_2399
163,RegionE,557.45,434.81,0.2188,587.87,166.556,Peak,Main_0_2399
163,RegionF,586.78,457.69,0.2585,587.87,157.276667,Peak,Main_0_2399
164,RegionA,1056.88,0.0,0.6301,540.19,199.314667,Peak,Main_0_2399
164,RegionB,1012.84,0.0,0.5894,540.19,206.436667,Peak,Main_0_2399
164,RegionC,983.48,0.0,0.5589,540.19,262.001333,Peak,Main_0_2399
164,RegionD,631.19,492.33,0.4268,540.19,99.742667,Peak,Main_0_2399
164,RegionE,557.8,435.08,0.2236,540.19,204.968,Peak,Main_0_2399
164,RegionF,587.15,457.98,0.2642,540.19,208.950333,Peak,Main_0_2399
165,RegionA,1057.54,0.0,0.6427,510.22,187.963,Peak,Main_0_2399
165,RegionB,1013.48,0.0,0.6013,510.22,231.560667,Peak,Main_0_2399
165,RegionC,984.1,0.0,0.5702,510.22,254.22,Peak,Main_0_2399
165,RegionD,631.59,492.64,0.4354,510.22,163.610667,Peak,Main_0_2399
165,RegionE,558.15,435.36,0.2281,510.22,190.554,Peak,Main_0_2399
165,RegionF,587.52,458.27,0.2695,510.22,209.238333,Peak,Main_0_2399
166,RegionA,656.82,0.0,0.6537,500.0,266.513333,Flat,Main_0_2399
166,RegionB,629.46,0.0,0.6115,500.0,250.551,Flat,Main_0_2399
166,RegionC,611.21,0.0,0.5799,500.0,275.838667,Flat,Main_0_2399
166,RegionD,392.27,305.97,0.4428,500.0,232.066,Flat,Main_0_2399
166,RegionE,346.66,270.39,0.232,500.0,174.54,Flat,Main_0_2399
166,RegionF,364.9,284.62,0.2741,500.0,199.152,Flat,Main_0_2399
167,RegionA,657.24,0.0,0.6623,510.22,309.352,Flat,Main_0_2399
167,RegionB,629.85,0.0,0.6195,510.22,269.613333,Flat,Main_0_2399
167,RegionC,611.6,0.0,0.5875,510.22,323.326333,Flat,Main_0_2399
167,RegionD,392.52,306.17,0.4486,510.22,262.468,Flat,Main_0_2399
167,RegionE,346.88,270.57,0.235,510.22,178.542,Flat,Main_0_2399
167,RegionF,365.13,284.8,0.2777,510.22,247.006,Flat,Main_0_2399
168,RegionA,474.97,0.0,0.6679,540.19,301.320667,Valley,Main_0_2399
168,RegionB,455.18,0.0,0.6248,540.19,309.148667,Valley,Main_0_2399
168,RegionC,441.99,0.0,0.5925,540.19,379.03,Valley,Main_0_2399
168,RegionD,283.67,221.26,0.4525,540.19,257.692,Valley,Main_0_2399
168,RegionE,250.68,195.53,0.237,540.19,202.740667,Valley,Main_0_2399
168,RegionF,263.87,205.82,0.2801,540.19,258.337,Valley,Main_0_2399
169,RegionA,475.28,0.0,0.6703,587.87,360.523333,Valley,Main_0_2399
169,RegionB,455.47,0.0,0.6271,587.87,378.424,Valley,Main_0_2399
169,RegionC,442.27,0.0,0.5946,587.87,379.08,Valley,Main_0_2399
169,RegionD,283.85,221.4,0.4541,587.87,294.548,Valley,Main_0_2399
169,RegionE,250.84,195.66,0.2378,587.87,259.278667,Valley,Main_0_2399
169,RegionF,264.04,205.95,0.2811,587.87,280.288333,Valley,Main_0_2399
170,RegionA,475.58,0.0,0.6693,650.0,368.431667,Valley,Main_0_2399
170,RegionB,455.76,0.0,0.6261,650.0,361.444667,Valley,Main_0_2399
170,RegionC,442.55,0.0,0.5937,650.0,371.741333,Valley,Main_0_2399
170,RegionD,284.02,221.54,0.4534,650.0,313.989667,Valley,Main_0_2399
170,RegionE,251.0,195.78,0.2375,650.0,301.46,Valley,Main_0_2399
170,RegionF,264.21,206.08,0.2807,650.0,344.084,Valley,Main_0_2399
171,RegionA,475.88,0.0,0.665,722.35,374.043,Valley,Main_0_2399
171,RegionB,456.05,0.0,0.6221,722.35,374.809333,Valley,Main_0_2399
171,RegionC,442.83,0.0,0.59,722.35,369.866667,Valley,Main_0_2399
171,RegionD,284.2,221.68,0.4505,722.35,287.144667,Valley,Main_0_2399
171,RegionE,251.16,195.9,0.236,722.35,344.240667,Valley,Main_0_2399
171,RegionF,264.38,206.22,0.2789,722.35,330.159333,Valley,Main_0_2399
172,RegionA,476.18,0.0,0.6578,800.0,374.178333,Valley,Main_0_2399
172,RegionB,456.33,0.0,0.6154,800.0,357.403,Valley,Main_0_2399
172,RegionC,443.11,0.0,0.5836,800.0,365.64,Valley,Main_0_2399
172,RegionD,284.38,221.82,0.4456,800.0,324.052667,Valley,Main_0_2399
172,RegionE,251.31,196.02,0.2334,800.0,416.07,Valley,Main_0_2399
172,RegionF,264.54,206.34,0.2759,800.0,323.958,Valley,Main_0_2399
173,RegionA,476.47,0.0,0.6483,877.65,376.617667,Valley,Main_0_2399
173,RegionB,456.62,0.0,0.6064,877.65,341.093333,Valley,Main_0_2399
173,RegionC,443.38,0.0,0.5751,877.65,352.260667,Valley,Main_0_2399
173,RegionD,284.56,221.96,0.4391,877.65,395.751333,Valley,Main_0_2399
173,RegionE,251.47,196.15,0.23,877.65,419.270667,Valley,Main_0_2399
173,RegionF,264.71,206.47,0.2719,877.65,336.592,Valley,Main_0_2399
174,RegionA,476.77,0.0,0.637,950.0,383.521,Valley,Main_0_2399
174,RegionB,456.9,0.0,0.5959,950.0,344.966667,Valley,Main_0_2399
174,RegionC,443.66,0.0,0.5651,950.0,347.76,Valley,Main_0_2399
174,RegionD,284.74,222.1,0.4315,950.0,423.282667,Valley,Main_0_2399
174,RegionE,251.63,196.27,0.226,950.0,415.505667,Valley,Main_0_2399
174,RegionF,264.87,206.6,0.2671,950.0,385.515333,Valley,Main_0_2399
175,RegionA,733.94,0.0,0.6248,1012.13,358.006667,Flat,Main_0_2399
175,RegionB,703.36,0.0,0.5845,1012.13,371.342667,Flat,Main_0_2399
175,RegionC,682.97,0.0,0.5543,1012.13,357.976667,Flat,Main_0_2399
175,RegionD,438.33,341.9,0.4233,1012.13,365.996,Flat,Main_0_2399
175,RegionE,387.36,302.14,0.2217,1012.13,419.013333,Flat,Main_0_2399
175,RegionF,407.74,318.04,0.262,1012.13,379.066667,Flat,Main_0_2399
176,RegionA,734.39,0.0,0.6126,1059.81,364.669333,Flat,Main_0_2399
176,RegionB,703.79,0.0,0.5731,1059.81,369.634667,Flat,Main_0_2399
176,RegionC,683.39,0.0,0.5435,1059.81,357.012,Flat,Main_0_2399
176,RegionD,438.59,342.1,0.415,1059.81,425.69,Flat,Main_0_2399
176,RegionE,387.59,302.32,0.2174,1059.81,359.69,Flat,Main_0_2399
176,RegionF,407.99,318.23,0.2569,1059.81,371.678,Flat,Main_0_2399
177,RegionA,734.83,0.0,0.6013,1089.78,364.26,Flat,Main_0_2399
177,RegionB,704.21,0.0,0.5625,1089.78,370.504667,Flat,Main_0_2399
177,RegionC,683.8,0.0,0.5334,1089.78,357.71,Flat,Main_0_2399
177,RegionD,438.86,342.31,0.4074,1089.78,413.445,Flat,Main_0_2399
177,RegionE,387.83,302.51,0.2134,1089.78,332.598333,Flat,Main_0_2399
177,RegionF,408.24,318.43,0.2522,1089.78,375.437333,Flat,Main_0_2399
178,RegionA,735.27,0.0,0.5917,1100.0,364.965333,Flat,Main_0_2399
178,RegionB,704.63,0.0,0.5535,1100.0,378.068667,Flat,Main_0_2399
178,RegionC,684.21,0.0,0.5249,1100.0,359.312667,Flat,Main_0_2399
178,RegionD,439.12,342.51,0.4008,1100.0,405.41,Flat,Main_0_2399
178,RegionE,388.06,302.69,0.21,1100.0,336.890333,Flat,Main_0_2399
178,RegionF,408.48,318.61,0.2481,1100.0,350.863333,Flat,Main_0_2399
179,RegionA,735.7,0.0,0.5845,1089.78,366.046,Flat,Main_0_2399
179,RegionB,705.05,0.0,0.5468,1089.78,364.677333,Flat,Main_0_2399
179,RegionC,684.61,0.0,0.5185,1089.78,359.978667,Flat,Main_0_2399
179,RegionD,439.38,342.72,0.3959,1089.78,335.803333,Flat,Main_0_2399
179,RegionE,388.29,302.87,0.2074,1089.78,304.554,Flat,Main_0_2399
179,RegionF,408.72,318.8,0.2451,1089.78,329.413,Flat,Main_0_2399
180,RegionA,736.13,0.0,0.5802,1059.81,315.633,Flat,Main_0_2399
180,RegionB,705.45,0.0,0.5427,1059.81,346.758,Flat,Main_0_2399
180,RegionC,685.01,0.0,0.5147,1059.81,336.752667,Flat,Main_0_2399
180,RegionD,439.63,342.91,0.393,1059.81,268.416,Flat,Main_0_2399
180,RegionE,388.51,303.04,0.2059,1059.81,276.638,Flat,Main_0_2399
180,RegionF,408.96,318.99,0.2433,1059.81,281.840667,Flat,Main_0_2399
181,RegionA,736.55,0.0,0.5791,1012.13,317.99,Flat,Main_0_2399
181,RegionB,705.86,0.0,0.5417,1012.13,341.468667,Flat,Main_0_2399
181,RegionC,685.4,0.0,0.5137,1012.13,326.594,Flat,Main_0_2399
181,RegionD,439.88,343.11,0.3923,1012.13,221.118,Flat,Main_0_2399
181,RegionE,388.73,303.21,0.2055,1012.13,264.538667,Flat,Main_0_2399
181,RegionF,409.19,319.17,0.2428,1012.13,287.548667,Flat,Main_0_2399
182,RegionA,736.96,0.0,0.5814,950.0,303.750333,Flat,Main_0_2399
182,RegionB,706.25,0.0,0.5439,950.0,309.637333,Flat,Main_0_2399
182,RegionC,685.78,0.0,0.5157,950.0,315.200333,Flat,Main_0_2399
182,RegionD,440.13,343.3,0.3938,950.0,152.356667,Flat,Main_0_2399
182,RegionE,388.95,303.38,0.2063,950.0,256.735333,Flat,Main_0_2399
182,RegionF,409.42,319.35,0.2438,950.0,249.93,Flat,Main_0_2399
183,RegionA,737.36,0.0,0.5869,877.65,278.432333,Flat,Main_0_2399
183,RegionB,706.64,0.0,0.5491,877.65,267.131,Flat,Main_0_2399
183,RegionC,686.16,0.0,0.5207,877.65,277.303,Flat,Main_0_2399
183,RegionD,440.37,343.49,0.3976,877.65,91.218,Flat,Main_0_2399
183,RegionE,389.16,303.54,0.2083,877.65,225.446667,Flat,Main_0_2399
183,RegionF,409.65,319.53,0.2461,877.65,217.09,Flat,Main_0_2399
184,RegionA,737.76,0.0,0.5954,800.0,201.404,Flat,Main_0_2399
184,RegionB,707.02,0.0,0.557,800.0,253.036667,Flat,Main_0_2399
184,RegionC,686.53,0.0,0.5282,800.0,225.099333,Flat,Main_0_2399
184,RegionD,440.61,343.68,0.4033,800.0,64.283333,Flat,Main_0_2399
184,RegionE,389.37,303.71,0.2113,800.0,150.066667,Flat,Main_0_2399
184,RegionF,409.87,319.7,0.2497,800.0,176.169,Flat,Main_0_2399
185,RegionA,1070.31,0.0,0.6062,722.35,200.586667,Peak,Main_0_2399
185,RegionB,1025.72,0.0,0.5671,722.35,236.008333,Peak,Main_0_2399
185,RegionC,995.99,0.0,0.5378,722.35,192.269333,Peak,Main_0_2399
185,RegionD,639.21,498.58,0.4107,722.35,50.924667,Peak,Main_0_2399
185,RegionE,564.89,440.61,0.2151,722.35,157.416333,Peak,Main_0_2399
185,RegionF,594.62,463.8,0.2542,722.35,184.785,Peak,Main_0_2399
186,RegionA,1070.86,0.0,0.6188,650.0,208.206333,Peak,Main_0_2399
186,RegionB,1026.24,0.0,0.5788,650.0,217.238,Peak,Main_0_2399
186,RegionC,996.5,0.0,0.5489,650.0,158.865333,Peak,Main_0_2399
186,RegionD,639.54,498.84,0.4192,650.0,94.104667,Peak,Main_0_2399
186,RegionE,565.18,440.84,0.2196,650.0,156.614,Peak,Main_0_2399
186,RegionF,594.92,464.04,0.2595,650.0,215.650667,Peak,Main_0_2399
187,RegionA,1071.4,0.0,0.6321,587.87,230.37,Peak,Main_0_2399
187,RegionB,1026.76,0.0,0.5913,587.87,212.242667,Peak,Main_0_2399
187,RegionC,996.99,0.0,0.5608,587.87,199.581333,Peak,Main_0_2399
187,RegionD,639.86,499.09,0.4282,587.87,76.571,Peak,Main_0_2399
187,RegionE,565.46,441.06,0.2243,587.87,170.515,Peak,Main_0_2399
187,RegionF,595.22,464.27,0.2651,587.87,203.219333,Peak,Main_0_2399
188,RegionA,1071.92,0.0,0.6455,540.19,237.691333,Peak,Main_0_2399
188,RegionB,1027.26,0.0,0.6038,540.19,247.149333,Peak,Main_0_2399
188,RegionC,997.48,0.0,0.5726,540.19,199.765333,Peak,Main_0_2399
188,RegionD,640.17,499.33,0.4373,540.19,120.948,Peak,Main_0_2399
188,RegionE,565.73,441.27,0.229,540.19,211.147333,Peak,Main_0_2399
188,RegionF,595.51,464.5,0.2707,540.19,202.458333,Peak,Main_0_2399
189,RegionA,1072.42,0.0,0.658,510.22,256.834333,Peak,Main_0_2399
189,RegionB,1027.74,0.0,0.6155,510.22,268.665667,Peak,Main_0_2399
189,RegionC,997.95,0.0,0.5837,510.22,243.256667,Peak,Main_0_2399
189,RegionD,640.48,499.57,0.4457,510.22,91.066,Peak,Main_0_2399
189,RegionE,566.0,441.48,0.2335,510.22,249.369333,Peak,Main_0_2399
189,RegionF,595.79,464.72,0.2759,510.22,182.725,Peak,Main_0_2399
190,RegionA,665.95,0.0,0.6687,500.0,257.145,Flat,Main_0_2399
190,RegionB,638.2,0.0,0.6256,500.0,277.585333,Flat,Main_0_2399
190,RegionC,619.7,0.0,0.5932,500.0,256.926667,Flat,Main_0_2399
190,RegionD,397.72,310.22,0.453,500.0,153.385333,Flat,Main_0_2399
190,RegionE,351.47,274.15,0.2373,500.0,259.285,Flat,Main_0_2399
190,RegionF,369.97,288.58,0.2804,500.0,217.473333,Flat,Main_0_2399
191,RegionA,666.24,0.0,0.6771,510.22,286.893333,Flat,Main_0_2399
191,RegionB,638.48,0.0,0.6334,510.22,297.675333,Flat,Main_0_2399
191,RegionC,619.97,0.0,0.6006,510.22,242.076667,Flat,Main_0_2399
191,RegionD,397.89,310.35,0.4586,510.22,254.205667,Flat,Main_0_2399
191,RegionE,351.63,274.27,0.2402,510.22,216.313333,Flat,Main_0_2399
191,RegionF,370.13,288.7,0.2839,510.22,272.181667,Flat,Main_0_2399
192,RegionA,481.38,0.0,0.6825,540.19,314.342,Valley,Main_0_2399
192,RegionB,461.32,0.0,0.6384,540.19,300.469667,Valley,Main_0_2399
192,RegionC,447.95,0.0,0.6054,540.19,284.986,Valley,Main_0_2399
192,RegionD,287.49,224.24,0.4623,540.19,256.608,Valley,Main_0_2399
192,RegionE,254.06,198.17,0.2422,540.19,220.69,Valley,Main_0_2399
192,RegionF,267.43,208.6,0.2862,540.19,343.750667,Valley,Main_0_2399
193,RegionA,481.58,0.0,0.6846,587.87,344.3,Valley,Main_0_2399
193,RegionB,461.51,0.0,0.6404,587.87,343.735333,Valley,Main_0_2399
193,RegionC,448.13,0.0,0.6073,587.87,330.576,Valley,Main_0_2399
193,RegionD,287.61,224.34,0.4637,587.87,265.601333,Valley,Main_0_2399
193,RegionE,254.17,198.25,0.2429,587.87,244.232,Valley,Main_0_2399
193,RegionF,267.54,208.68,0.2871,587.87,363.475333,Valley,Main_0_2399
194,RegionA,481.77,0.0,0.6833,650.0,379.875,Valley,Main_0_2399
194,RegionB,461.69,0.0,0.6392,650.0,365.182667,Valley,Main_0_2399
194,RegionC,448.31,0.0,0.6061,650.0,347.203333,Valley,Main_0_2399
194,RegionD,287.72,224.42,0.4629,650.0,302.148333,Valley,Main_0_2399
194,RegionE,254.27,198.33,0.2425,650.0,272.061333,Valley,Main_0_2399
194,RegionF,267.65,208.77,0.2865,650.0,346.586,Valley,Main_0_2399
195,RegionA,481.95,0.0,0.6787,722.35,382.506667,Valley,Main_0_2399
195,RegionB,461.87,0.0,0.6349,722.35,370.410667,Valley,Main_0_2399
195,RegionC,448.48,0.0,0.6021,722.35,362.762667,Valley,Main_0_2399
195,RegionD,287.83,224.51,0.4598,722.35,284.099,Valley,Main_0_2399
195,RegionE,254.36,198.4,0.2408,722.35,293.676,Valley,Main_0_2399
195,RegionF,267.75,208.84,0.2846,722.35,399.37,Valley,Main_0_2399
196,RegionA,482.12,0.0,0.6712,800.0,391.991667,Valley,Main_0_2399
196,RegionB,462.03,0.0,0.6279,800.0,372.584,Valley,Main_0_2399
196,RegionC,448.64,0.0,0.5954,800.0,353.537333,Valley,Main_0_2399
196,RegionD,287.93,224.59,0.4547,800.0,295.346,Valley,Main_0_2399
196,RegionE,254.45,198.47,0.2382,800.0,343.980667,Valley,Main_0_2399
196,RegionF,267.84,208.92,0.2815,800.0,403.435,Valley,Main_0_2399
197,RegionA,482.28,0.0,0.6612,877.65,395.465333,Valley,Main_0_2399
197,RegionB,462.19,0.0,0.6186,877.65,356.638,Valley,Main_0_2399
197,RegionC,448.79,0.0,0.5866,877.65,357.206333,Valley,Main_0_2399
197,RegionD,288.03,224.66,0.4479,877.65,321.507,Valley,Main_0_2399
197,RegionE,254.54,198.54,0.2346,877.65,355.813333,Valley,Main_0_2399
197,RegionF,267.94,208.99,0.2773,877.65,429.42,Valley,Main_0_2399
198,RegionA,482.44,0.0,0.6496,950.0,399.517333,Valley,Main_0_2399
198,RegionB,462.34,0.0,0.6077,950.0,360.166667,Valley,Main_0_2399
198,RegionC,448.94,0.0,0.5763,950.0,361.49,Valley,Main_0_2399
198,RegionD,288.12,224.73,0.44,950.0,349.753333,Valley,Main_0_2399
198,RegionE,254.62,198.6,0.2305,950.0,372.894,Valley,Main_0_2399
198,RegionF,268.02,209.06,0.2724,950.0,378.046667,Valley,Main_0_2399
199,RegionA,742.44,0.0,0.637,1012.13,400.242667,Flat,Main_0_2399
199,RegionB,711.51,0.0,0.5959,1012.13,368.513333,Flat,Main_0_2399
199,RegionC,690.88,0.0,0.5651,1012.13,344.7,Flat,Main_0_2399
199,RegionD,443.4,345.85,0.4315,1012.13,356.252667,Flat,Main_0_2399
199,RegionE,391.84,305.64,0.226,1012.13,368.908667,Flat,Main_0_2399
199,RegionF,412.47,321.73,0.2671,1012.13,428.673,Flat,Main_0_2399
200,RegionA,742.65,0.0,0.6245,1059.81,401.02,Flat,Main_0_2399
200,RegionB,711.71,0.0,0.5842,1059.81,381.938333,Flat,Main_0_2399
200,RegionC,691.08,0.0,0.554,1059.81,360.508,Flat,Main_0_2399
200,RegionD,443.53,345.95,0.423,1059.81,380.618,Flat,Main_0_2399
200,RegionE,391.96,305.73,0.2216,1059.81,401.564,Flat,Main_0_2399
200,RegionF,412.59,321.82,0.2619,1059.81,430.127333,Flat,Main_0_2399
201,RegionA,742.85,0.0,0.6128,1089.78,399.832,Flat,Main_0_2399
201,RegionB,711.9,0.0,0.5732,1089.78,380.165,Flat,Main_0_2399
201,RegionC,691.26,0.0,0.5436,1089.78,375.678333,Flat,Main_0_2399
201,RegionD,443.65,346.05,0.4151,1089.78,322.865,Flat,Main_0_2399
201,RegionE,392.06,305.81,0.2174,1089.78,379.895333,Flat,Main_0_2399
201,RegionF,412.7,321.91,0.257,1089.78,371.739333,Flat,Main_0_2399
202,RegionA,743.03,0.0,0.6027,1100.0,370.87,Flat,Main_0_2399
202,RegionB,712.07,0.0,0.5638,1100.0,371.116,Flat,Main_0_2399
202,RegionC,691.43,0.0,0.5347,1100.0,381.449667,Flat,Main_0_2399
202,RegionD,443.76,346.13,0.4083,1100.0,241.084333,Flat,Main_0_2399
202,RegionE,392.16,305.88,0.2139,1100.0,354.284,Flat,Main_0_2399
202,RegionF,412.8,321.98,0.2527,1100.0,367.444,Flat,Main_0_2399
203,RegionA,743.2,0.0,0.595,1089.78,326.685333,Flat,Main_0_2399
203,RegionB,712.24,0.0,0.5566,1089.78,354.118333,Flat,Main_0_2399
203,RegionC,691.59,0.0,0.5278,1089.78,361.946667,Flat,Main_0_2399
203,RegionD,443.86,346.21,0.4031,1089.78,270.988667,Flat,Main_0_2399
203,RegionE,392.25,305.95,0.2111,1089.78,303.364667,Flat,Main_0_2399
203,RegionF,412.89,322.05,0.2495,1089.78,358.395,Flat,Main_0_2399
204,RegionA,743.36,0.0,0.5902,1059.81,331.433333,Flat,Main_0_2399
204,RegionB,712.38,0.0,0.5521,1059.81,324.641333,Flat,Main_0_2399
204,RegionC,691.74,0.0,0.5236,1059.81,328.426667,Flat,Main_0_2399
204,RegionD,443.95,346.28,0.3998,1059.81,235.86,Flat,Main_0_2399
204,RegionE,392.33,306.02,0.2094,1059.81,299.223667,Flat,Main_0_2399
204,RegionF,412.98,322.12,0.2475,1059.81,337.407333,Flat,Main_0_2399
205,RegionA,743.5,0.0,0.5887,1012.13,286.334,Flat,Main_0_2399
205,RegionB,712.52,0.0,0.5507,1012.13,324.257333,Flat,Main_0_2399
205,RegionC,691.86,0.0,0.5222,1012.13,312.648667,Flat,Main_0_2399
205,RegionD,444.03,346.34,0.3988,1012.13,202.300667,Flat,Main_0_2399
205,RegionE,392.4,306.07,0.2089,1012.13,281.903333,Flat,Main_0_2399
205,RegionF,413.05,322.18,0.2469,1012.13,294.985667,Flat,Main_0_2399
206,RegionA,743.62,0.0,0.5905,950.0,292.272,Flat,Main_0_2399
206,RegionB,712.64,0.0,0.5524,950.0,294.414,Flat,Main_0_2399
206,RegionC,691.98,0.0,0.5238,950.0,305.378667,Flat,Main_0_2399
206,RegionD,444.11,346.41,0.4,950.0,238.718,Flat,Main_0_2399
206,RegionE,392.47,306.13,0.2095,950.0,258.137333,Flat,Main_0_2399
206,RegionF,413.12,322.23,0.2476,950.0,275.253,Flat,Main_0_2399
207,RegionA,743.73,0.0,0.5955,877.65,303.764,Flat,Main_0_2399
207,RegionB,712.74,0.0,0.5571,877.65,261.532667,Flat,Main_0_2399
207,RegionC,692.08,0.0,0.5283,877.65,282.140333,Flat,Main_0_2399
207,RegionD,444.17,346.45,0.4034,877.65,223.876,Flat,Main_0_2399
207,RegionE,392.52,306.17,0.2113,877.65,230.406,Flat,Main_0_2399
207,RegionF,413.18,322.28,0.2497,877.65,240.24,Flat,Main_0_2399
208,RegionA,743.82,0.0,0.6035,800.0,234.051667,Flat,Main_0_2399
208,RegionB,712.83,0.0,0.5645,800.0,224.008667,Flat,Main_0_2399
208,RegionC,692.17,0.0,0.5353,800.0,235.645667,Flat,Main_0_2399
208,RegionD,444.23,346.5,0.4088,800.0,171.939667,Flat,Main_0_2399
208,RegionE,392.57,306.2,0.2141,800.0,177.975333,Flat,Main_0_2399
208,RegionF,413.24,322.33,0.2531,800.0,187.593,Flat,Main_0_2399
209,RegionA,1078.66,0.0,0.6138,722.35,204.950667,Peak,Main_0_2399
209,RegionB,1033.72,0.0,0.5742,722.35,207.121,Peak,Main_0_2399
209,RegionC,1003.75,0.0,0.5445,722.35,193.045,Peak,Main_0_2399
209,RegionD,644.2,502.48,0.4158,722.35,164.076,Peak,Main_0_2399
209,RegionE,569.29,444.05,0.2178,722.35,143.31,Peak,Main_0_2399
209,RegionF,599.26,467.42,0.2574,722.35,197.223333,Peak,Main_0_2399
210,RegionA,1078.75,0.0,0.6258,650.0,210.022,Peak,Main_0_2399
210,RegionB,1033.8,0.0,0.5854,650.0,181.696667,Peak,Main_0_2399
210,RegionC,1003.84,0.0,0.5551,650.0,203.914,Peak,Main_0_2399
210,RegionD,644.25,502.52,0.4239,650.0,151.494,Peak,Main_0_2399
210,RegionE,569.34,444.09,0.222,650.0,124.098667,Peak,Main_0_2399
210,RegionF,599.31,467.46,0.2624,650.0,198.634667,Peak,Main_0_2399
211,RegionA,1078.82,0.0,0.6386,587.87,222.614,Peak,Main_0_2399
211,RegionB,1033.87,0.0,0.5974,587.87,176.993667,Peak,Main_0_2399
211,RegionC,1003.9,0.0,0.5665,587.87,197.256667,Peak,Main_0_2399
211,RegionD,644.3,502.55,0.4326,587.87,135.933333,Peak,Main_0_2399
211,RegionE,569.38,444.12,0.2266,587.87,163.069333,Peak,Main_0_2399
211,RegionF,599.35,467.49,0.2678,587.87,232.47,Peak,Main_0_2399
212,RegionA,1078.87,0.0,0.6514,540.19,245.026,Peak,Main_0_2399
212,RegionB,1033.92,0.0,0.6094,540.19,200.365333,Peak,Main_0_2399
212,RegionC,1003.95,0.0,0.5778,540.19,207.915667,Peak,Main_0_2399
212,RegionD,644.33,502.58,0.4413,540.19,99.421667,Peak,Main_0_2399
212,RegionE,569.4,444.13,0.2311,540.19,152.318,Peak,Main_0_2399
212,RegionF,599.37,467.51,0.2732,540.19,247.954,Peak,Main_0_2399
213,RegionA,1078.9,0.0,0.6633,510.22,216.904667,Peak,Main_0_2399
213,RegionB,1033.94,0.0,0.6205,510.22,258.568667,Peak,Main_0_2399
213,RegionC,1003.97,0.0,0.5884,510.22,251.255333,Peak,Main_0_2399
213,RegionD,644.34,502.59,0.4493,510.22,195.171667,Peak,Main_0_2399
213,RegionE,569.42,444.15,0.2354,510.22,152.924,Peak,Main_0_2399
213,RegionF,599.39,467.52,0.2782,510.22,203.69,Peak,Main_0_2399
214,RegionA,669.66,0.0,0.6735,500.0,256.198667,Flat,Main_0_2399
214,RegionB,641.76,0.0,0.63,500.0,270.252,Flat,Main_0_2399
214,RegionC,623.16,0.0,0.5974,500.0,277.752667,Flat,Main_0_2399
214,RegionD,399.94,311.95,0.4562,500.0,206.706667,Flat,Main_0_2399
214,RegionE,353.43,275.68,0.239,500.0,213.434667,Flat,Main_0_2399
214,RegionF,372.04,290.19,0.2824,500.0,211.002,Flat,Main_0_2399
215,RegionA,669.65,0.0,0.6812,510.22,315.28,Flat,Main_0_2399
215,RegionB,641.75,0.0,0.6373,510.22,311.651333,Flat,Main_0_2399
215,RegionC,623.15,0.0,0.6043,510.22,280.476,Flat,Main_0_2399
215,RegionD,399.93,311.95,0.4615,510.22,233.65,Flat,Main_0_2399
215,RegionE,353.43,275.68,0.2417,510.22,269.768,Flat,Main_0_2399
215,RegionF,372.03,290.18,0.2857,510.22,216.484,Flat,Main_0_2399
216,RegionA,483.62,0.0,0.686,540.19,323.489333,Valley,Main_0_2399
216,RegionB,463.47,0.0,0.6418,540.19,359.362,Valley,Main_0_2399
216,RegionC,450.04,0.0,0.6086,540.19,340.246667,Valley,Main_0_2399
216,RegionD,288.83,225.29,0.4647,540.19,274.688667,Valley,Main_0_2399
216,RegionE,255.24,199.09,0.2434,540.19,285.114,Valley,Main_0_2399
216,RegionF,268.68,209.57,0.2877,540.19,219.327333,Valley,Main_0_2399
217,RegionA,483.59,0.0,0.6876,587.87,340.709333,Valley,Main_0_2399
217,RegionB,463.44,0.0,0.6432,587.87,382.665333,Valley,Main_0_2399
217,RegionC,450.01,0.0,0.6099,587.87,347.513333,Valley,Main_0_2399
217,RegionD,288.81,225.27,0.4658,587.87,316.978,Valley,Main_0_2399
217,RegionE,255.23,199.08,0.244,587.87,304.336333,Valley,Main_0_2399
217,RegionF,268.66,209.55,0.2883,587.87,237.343333,Valley,Main_0_2399
218,RegionA,483.56,0.0,0.6857,650.0,381.258,Valley,Main_0_2399
218,RegionB,463.41,0.0,0.6414,650.0,378.895333,Valley,Main_0_2399
218,RegionC,449.98,0.0,0.6083,650.0,384.293333,Valley,Main_0_2399
218,RegionD,288.79,225.26,0.4645,650.0,295.212667,Valley,Main_0_2399
218,RegionE,255.21,199.06,0.2433,650.0,306.93,Valley,Main_0_2399
218,RegionF,268.64,209.54,0.2875,650.0,307.545333,Valley,Main_0_2399
219,RegionA,483.51,0.0,0.6805,722.35,381.146333,Valley,Main_0_2399
219,RegionB,463.36,0.0,0.6366,722.35,380.823333,Valley,Main_0_2399
219,RegionC,449.93,0.0,0.6037,722.35,384.3,Valley,Main_0_2399
219,RegionD,288.76,225.23,0.461,722.35,322.476667,Valley,Main_0_2399
219,RegionE,255.19,199.05,0.2415,722.35,262.153333,Valley,Main_0_2399
219,RegionF,268.62,209.52,0.2854,722.35,355.204,Valley,Main_0_2399
220,RegionA,483.46,0.0,0.6724,800.0,388.731,Valley,Main_0_2399
220,RegionB,463.31,0.0,0.629,800.0,381.168667,Valley,Main_0_2399
220,RegionC,449.88,0.0,0.5965,800.0,364.32,Valley,Main_0_2399
220,RegionD,288.73,225.21,0.4555,800.0,325.042,Valley,Main_0_2399
220,RegionE,255.16,199.02,0.2386,800.0,312.375333,Valley,Main_0_2399
220,RegionF,268.59,209.5,0.282,800.0,386.659333,Valley,Main_0_2399
221,RegionA,483.39,0.0,0.6618,877.65,383.076,Valley,Main_0_2399
221,RegionB,463.25,0.0,0.6191,877.65,382.578333,Valley,Main_0_2399
221,RegionC,449.82,0.0,0.5871,877.65,364.010667,Valley,Main_0_2399
221,RegionD,288.69,225.18,0.4483,877.65,355.160667,Valley,Main_0_2399
221,RegionE,255.12,198.99,0.2348,877.65,313.708,Valley,Main_0_2399
221,RegionF,268.55,209.47,0.2775,877.65,396.317667,Valley,Main_0_2399
222,RegionA,483.32,0.0,0.6496,950.0,392.929333,Valley,Main_0_2399
222,RegionB,463.18,0.0,0.6077,950.0,386.431667,Valley,Main_0_2399
222,RegionC,449.75,0.0,0.5763,950.0,363.121,Valley,Main_0_2399
222,RegionD,288.65,225.15,0.44,950.0,356.070667,Valley,Main_0_2399
222,RegionE,255.08,198.96,0.2305,950.0,367.454667,Valley,Main_0_2399
222,RegionF,268.51,209.44,0.2724,950.0,361.290667,Valley,Main_0_2399
223,RegionA,743.44,0.0,0.6364,1012.13,392.190667,Flat,Main_0_2399
223,RegionB,712.46,0.0,0.5954,1012.13,374.225,Flat,Main_0_2399
223,RegionC,691.81,0.0,0.5646,1012.13,360.041333,Flat,Main_0_2399
223,RegionD,444.0,346.32,0.4311,1012.13,295.285333,Flat,Main_0_2399
223,RegionE,392.37,306.05,0.2258,1012.13,361.210333,Flat,Main_0_2399
223,RegionF,413.02,322.16,0.2669,1012.13,405.88,Flat,Main_0_2399
224,RegionA,743.3,0.0,0.6233,1059.81,386.408667,Flat,Main_0_2399
224,RegionB,712.33,0.0,0.5831,1059.81,373.122,Flat,Main_0_2399
224,RegionC,691.68,0.0,0.5529,1059.81,367.3,Flat,Main_0_2399
224,RegionD,443.91,346.25,0.4222,1059.81,278.343,Flat,Main_0_2399
224,RegionE,392.3,305.99,0.2212,1059.81,384.402667,Flat,Main_0_2399
224,RegionF,412.94,322.09,0.2614,1059.81,392.740667,Flat,Main_0_2399
225,RegionA,743.14,0.0,0.6109,1089.78,375.364,Flat,Main_0_2399
225,RegionB,712.18,0.0,0.5715,1089.78,370.26,Flat,Main_0_2399
225,RegionC,691.54,0.0,0.542,1089.78,368.577333,Flat,Main_0_2399
225,RegionD,443.82,346.18,0.4139,1089.78,251.604,Flat,Main_0_2399
225,RegionE,392.22,305.93,0.2168,1089.78,381.49,Flat,Main_0_2399
225,RegionF,412.86,322.03,0.2562,1089.78,388.346,Flat,Main_0_2399
226,RegionA,742.98,0.0,0.6003,1100.0,376.062667,Flat,Main_0_2399
226,RegionB,712.02,0.0,0.5616,1100.0,367.959333,Flat,Main_0_2399
226,RegionC,691.38,0.0,0.5325,1100.0,369.461333,Flat,Main_0_2399
226,RegionD,443.72,346.1,0.4067,1100.0,206.836333,Flat,Main_0_2399
226,RegionE,392.13,305.86,0.213,1100.0,368.714,Flat,Main_0_2399
226,RegionF,412.77,321.96,0.2517,1100.0,330.731667,Flat,Main_0_2399
227,RegionA,742.8,0.0,0.592,1089.78,335.068667,Flat,Main_0_2399
227,RegionB,711.85,0.0,0.5538,1089.78,347.008667,Flat,Main_0_2399
227,RegionC,691.22,0.0,0.5252,1089.78,360.267,Flat,Main_0_2399
227,RegionD,443.62,346.02,0.401,1089.78,265.858,Flat,Main_0_2399
227,RegionE,392.03,305.78,0.2101,1089.78,365.771333,Flat,Main_0_2399
227,RegionF,412.67,321.88,0.2483,1089.78,259.080333,Flat,Main_0_2399
228,RegionA,742.61,0.0,0.5866,1059.81,302.601333,Flat,Main_0_2399
228,RegionB,711.67,0.0,0.5488,1059.81,339.026,Flat,Main_0_2399
228,RegionC,691.04,0.0,0.5204,1059.81,366.708333,Flat,Main_0_2399
228,RegionD,443.5,345.93,0.3974,1059.81,235.73,Flat,Main_0_2399
228,RegionE,391.93,305.71,0.2082,1059.81,282.161333,Flat,Main_0_2399
228,RegionF,412.56,321.8,0.246,1059.81,152.596667,Flat,Main_0_2399
229,RegionA,742.41,0.0,0.5845,1012.13,279.775333,Flat,Main_0_2399
229,RegionB,711.47,0.0,0.5468,1012.13,301.377333,Flat,Main_0_2399
229,RegionC,690.85,0.0,0.5185,1012.13,328.231333,Flat,Main_0_2399
229,RegionD,443.38,345.84,0.396,1012.13,229.910667,Flat,Main_0_2399
229,RegionE,391.82,305.62,0.2074,1012.13,290.098333,Flat,Main_0_2399
229,RegionF,412.45,321.71,0.2451,1012.13,138.628667,Flat,Main_0_2399
230,RegionA,742.19,0.0,0.5857,950.0,280.554667,Flat,Main_0_2399
230,RegionB,711.27,0.0,0.5479,950.0,278.323667,Flat,Main_0_2399
230,RegionC,690.65,0.0,0.5196,950.0,319.830333,Flat,Main_0_2399
230,RegionD,443.25,345.74,0.3968,950.0,253.007,Flat,Main_0_2399
230,RegionE,391.71,305.53,0.2078,950.0,280.021,Flat,Main_0_2399
230,RegionF,412.33,321.62,0.2456,950.0,125.913,Flat,Main_0_2399
231,RegionA,741.96,0.0,0.5902,877.65,260.222333,Flat,Main_0_2399
231,RegionB,711.05,0.0,0.5521,877.65,254.368,Flat,Main_0_2399
231,RegionC,690.44,0.0,0.5236,877.65,281.908667,Flat,Main_0_2399
231,RegionD,443.12,345.63,0.3998,877.65,234.714,Flat,Main_0_2399
231,RegionE,391.59,305.44,0.2094,877.65,241.509333,Flat,Main_0_2399
231,RegionF,412.2,321.52,0.2475,877.65,141.432333,Flat,Main_0_2399
232,RegionA,741.73,0.0,0.5976,800.0,205.635333,Flat,Main_0_2399
232,RegionB,710.82,0.0,0.559,800.0,213.306667,Flat,Main_0_2399
232,RegionC,690.22,0.0,0.5301,800.0,231.314667,Flat,Main_0_2399
232,RegionD,442.98,345.52,0.4048,800.0,204.001333,Flat,Main_0_2399
232,RegionE,391.47,305.35,0.212,800.0,166.305333,Flat,Main_0_2399
232,RegionF,412.07,321.41,0.2506,800.0,110.66,Flat,Main_0_2399
233,RegionA,1075.15,0.0,0.6073,722.35,196.993333,Peak,Main_0_2399
233,RegionB,1030.35,0.0,0.5681,722.35,198.188333,Peak,Main_0_2399
233,RegionC,1000.48,0.0,0.5388,722.35,202.014667,Peak,Main_0_2399
233,RegionD,642.1,500.84,0.4114,722.35,194.505333,Peak,Main_0_2399
233,RegionE,567.44,442.6,0.2155,722.35,117.294,Peak,Main_0_2399
233,RegionF,597.3,465.89,0.2547,722.35,128.992667,Peak,Main_0_2399
234,RegionA,1074.77,0.0,0.6188,650.0,223.391,Peak,Main_0_2399
234,RegionB,1029.99,0.0,0.5788,650.0,201.696,Peak,Main_0_2399
234,RegionC,1000.14,0.0,0.5489,650.0,188.61,Peak,Main_0_2399
234,RegionD,641.88,500.67,0.4192,650.0,213.256667,Peak,Main_0_2399
234,RegionE,567.24,442.45,0.2196,650.0,163.835333,Peak,Main_0_2399
234,RegionF,597.1,465.74,0.2595,650.0,149.430667,Peak,Main_0_2399
235,RegionA,1074.39,0.0,0.631,587.87,215.355,Peak,Main_0_2399
235,RegionB,1029.62,0.0,0.5903,587.87,200.218667,Peak,Main_0_2399
235,RegionC,999.78,0.0,0.5598,587.87,210.049,Peak,Main_0_2399
235,RegionD,641.65,500.49,0.4275,587.87,153.953333,Peak,Main_0_2399
235,RegionE,567.04,442.29,0.2239,587.87,185.94,Peak,Main_0_2399
235,RegionF,596.88,465.57,0.2646,587.87,137.209333,Peak,Main_0_2399
236,RegionA,1073.99,0.0,0.6433,540.19,232.513333,Peak,Main_0_2399
236,RegionB,1029.24,0.0,0.6018,540.19,215.902667,Peak,Main_0_2399
236,RegionC,999.41,0.0,0.5707,540.19,217.745333,Peak,Main_0_2399
236,RegionD,641.41,500.3,0.4358,540.19,111.006667,Peak,Main_0_2399
236,RegionE,566.83,442.13,0.2283,540.19,142.672,Peak,Main_0_2399
236,RegionF,596.66,465.39,0.2698,540.19,153.877,Peak,Main_0_2399
237,RegionA,1073.58,0.0,0.6547,510.22,250.440667,Peak,Main_0_2399
237,RegionB,1028.84,0.0,0.6125,510.22,236.239667,Peak,Main_0_2399
237,RegionC,999.02,0.0,0.5808,510.22,224.653333,Peak,Main_0_2399
237,RegionD,641.16,500.1,0.4435,510.22,182.442,Peak,Main_0_2399
237,RegionE,566.61,441.96,0.2323,510.22,218.645333,Peak,Main_0_2399
237,RegionF,596.43,465.22,0.2745,510.22,194.47,Peak,Main_0_2399
238,RegionA,666.09,0.0,0.6644,500.0,222.046667,Flat,Main_0_2399
238,RegionB,638.34,0.0,0.6215,500.0,248.364667,Flat,Main_0_2399
238,RegionC,619.84,0.0,0.5894,500.0,250.36,Flat,Main_0_2399
238,RegionD,397.81,310.29,0.4501,500.0,184.56,Flat,Main_0_2399
238,RegionE,351.55,274.21,0.2357,500.0,223.388,Flat,Main_0_2399
238,RegionF,370.05,288.64,0.2786,500.0,203.036,Flat,Main_0_2399
239,RegionA,665.82,0.0,0.6716,510.22,308.269667,Flat,Main_0_2399
239,RegionB,638.08,0.0,0.6283,510.22,274.708333,Flat,Main_0_2399
239,RegionC,619.59,0.0,0.5958,510.22,307.201667,Flat,Main_0_2399
239,RegionD,397.65,310.17,0.455,510.22,226.673667,Flat,Main_0_2399
239,RegionE,351.41,274.1,0.2383,510.22,305.671333,Flat,Main_0_2399
239,RegionF,369.9,288.52,0.2817,510.22,225.033333,Flat,Main_0_2399
240,RegionA,480.67,0.0,0.676,540.19,309.179333,Valley,Main_0_2399
240,RegionB,460.65,0.0,0.6324,540.19,337.478667,Valley,Main_0_2399
240,RegionC,447.29,0.0,0.5997,540.19,324.524,Valley,Main_0_2399
240,RegionD,287.07,223.91,0.4579,540.19,260.676,Valley,Main_0_2399
240,RegionE,253.69,197.88,0.2399,540.19,317.227333,Valley,Main_0_2399
240,RegionF,267.04,208.29,0.2835,540.19,272.415333,Valley,Main_0_2399
241,RegionA,480.47,0.0,0.677,587.87,354.349333,Valley,Main_0_2399
241,RegionB,460.45,0.0,0.6334,587.87,339.645333,Valley,Main_0_2399
241,RegionC,447.1,0.0,0.6006,587.87,344.684,Valley,Main_0_2399
241,RegionD,286.95,223.82,0.4586,587.87,324.598,Valley,Main_0_2399
241,RegionE,253.58,197.79,0.2402,587.87,338.65,Valley,Main_0_2399
241,RegionF,266.93,208.21,0.2839,587.87,291.548667,Valley,Main_0_2399
242,RegionA,480.26,0.0,0.6747,650.0,382.230667,Valley,Main_0_2399
242,RegionB,460.25,0.0,0.6312,650.0,373.52,Valley,Main_0_2399
242,RegionC,446.91,0.0,0.5985,650.0,374.18,Valley,Main_0_2399
242,RegionD,286.82,223.72,0.4571,650.0,330.907667,Valley,Main_0_2399
242,RegionE,253.47,197.71,0.2394,650.0,385.402667,Valley,Main_0_2399
242,RegionF,266.81,208.11,0.2829,650.0,288.36,Valley,Main_0_2399
243,RegionA,480.05,0.0,0.6691,722.35,398.628,Valley,Main_0_2399
243,RegionB,460.05,0.0,0.6259,722.35,380.433333,Valley,Main_0_2399
243,RegionC,446.71,0.0,0.5936,722.35,381.260667,Valley,Main_0_2399
243,RegionD,286.7,223.63,0.4533,722.35,328.226667,Valley,Main_0_2399
243,RegionE,253.36,197.62,0.2374,722.35,363.45,Valley,Main_0_2399
243,RegionF,266.69,208.02,0.2806,722.35,293.597333,Valley,Main_0_2399
244,RegionA,479.84,0.0,0.6606,800.0,395.651667,Valley,Main_0_2399
244,RegionB,459.84,0.0,0.6179,800.0,385.654667,Valley,Main_0_2399
244,RegionC,446.51,0.0,0.586,800.0,373.761333,Valley,Main_0_2399
244,RegionD,286.57,223.52,0.4475,800.0,361.471333,Valley,Main_0_2399
244,RegionE,253.25,197.53,0.2344,800.0,328.032,Valley,Main_0_2399
244,RegionF,266.58,207.93,0.277,800.0,361.779667,Valley,Main_0_2399
245,RegionA,479.62,0.0,0.6496,877.65,366.198667,Valley,Main_0_2399
245,RegionB,459.63,0.0,0.6077,877.65,373.304667,Valley,Main_0_2399
245,RegionC,446.31,0.0,0.5763,877.65,370.523,Valley,Main_0_2399
245,RegionD,286.44,223.42,0.4401,877.65,344.203333,Valley,Main_0_2399
245,RegionE,253.13,197.44,0.2305,877.65,360.296667,Valley,Main_0_2399
245,RegionF,266.45,207.83,0.2724,877.65,417.367333,Valley,Main_0_2399
246,RegionA,479.4,0.0,0.637,950.0,366.036667,Valley,Main_0_2399
246,RegionB,459.42,0.0,0.5959,950.0,375.550667,Valley,Main_0_2399
246,RegionC,446.11,0.0,0.5651,950.0,351.621333,Valley,Main_0_2399
246,RegionD,286.31,223.32,0.4315,950.0,320.796667,Valley,Main_0_2399
246,RegionE,253.02,197.36,0.226,950.0,336.566,Valley,Main_0_2399
246,RegionF,266.33,207.74,0.2671,950.0,449.547333,Valley,Main_0_2399
247,RegionA,737.19,0.0,0.6235,1012.13,366.805,Flat,Main_0_2399
247,RegionB,706.47,0.0,0.5832,1012.13,375.125,Flat,Main_0_2399
247,RegionC,686.0,0.0,0.5531,1012.13,351.304,Flat,Main_0_2399
247,RegionD,440.27,343.41,0.4223,1012.13,286.431333,Flat,Main_0_2399
247,RegionE,389.07,303.47,0.2212,1012.13,354.299333,Flat,Main_0_2399
247,RegionF,409.55,319.45,0.2615,1012.13,446.266667,Flat,Main_0_2399
248,RegionA,736.85,0.0,0.6099,1059.81,367.677333,Flat,Main_0_2399
248,RegionB,706.14,0.0,0.5706,1059.81,375.015,Flat,Main_0_2399
248,RegionC,685.68,0.0,0.5411,1059.81,352.112,Flat,Main_0_2399
248,RegionD,440.06,343.25,0.4132,1059.81,306.329333,Flat,Main_0_2399
248,RegionE,388.89,303.33,0.2164,1059.81,409.42,Flat,Main_0_2399
248,RegionF,409.36,319.3,0.2558,1059.81,412.471667,Flat,Main_0_2399
249,RegionA,736.5,0.0,0.5973,1089.78,374.225333,Flat,Main_0_2399
249,RegionB,705.81,0.0,0.5587,1089.78,376.829333,Flat,Main_0_2399
249,RegionC,685.35,0.0,0.5298,1089.78,339.975333,Flat,Main_0_2399
249,RegionD,439.85,343.08,0.4046,1089.78,291.438667,Flat,Main_0_2399
249,RegionE,388.71,303.19,0.2119,1089.78,411.864,Flat,Main_0_2399
249,RegionF,409.17,319.15,0.2505,1089.78,393.687,Flat,Main_0_2399
250,RegionA,736.15,0.0,0.5863,1100.0,390.571333,Flat,Main_0_2399
250,RegionB,705.48,0.0,0.5485,1100.0,386.384,Flat,Main_0_2399
250,RegionC,685.03,0.0,0.5201,1100.0,347.766667,Flat,Main_0_2399
250,RegionD,439.64,342.92,0.3972,1100.0,235.670667,Flat,Main_0_2399
250,RegionE,388.52,303.05,0.208,1100.0,364.702,Flat,Main_0_2399
250,RegionF,408.97,319.0,0.2459,1100.0,337.573333,Flat,Main_0_2399
251,RegionA,735.8,0.0,0.5777,1089.78,381.952667,Flat,Main_0_2399
251,RegionB,705.14,0.0,0.5405,1089.78,366.994667,Flat,Main_0_2399
251,RegionC,684.7,0.0,0.5125,1089.78,378.046667,Flat,Main_0_2399
251,RegionD,439.43,342.76,0.3914,1089.78,238.117333,Flat,Main_0_2399
251,RegionE,388.34,302.91,0.205,1089.78,333.67,Flat,Main_0_2399
251,RegionF,408.78,318.85,0.2423,1089.78,309.204667,Flat,Main_0_2399
252,RegionA,735.45,0.0,0.5721,1059.81,315.969,Flat,Main_0_2399
252,RegionB,704.8,0.0,0.5352,1059.81,344.024,Flat,Main_0_2399
252,RegionC,684.37,0.0,0.5075,1059.81,364.608667,Flat,Main_0_2399
252,RegionD,439.22,342.59,0.3875,1059.81,182.203,Flat,Main_0_2399
252,RegionE,388.15,302.76,0.203,1059.81,330.4,Flat,Main_0_2399
252,RegionF,408.58,318.69,0.2399,1059.81,271.126,Flat,Main_0_2399
253,RegionA,735.09,0.0,0.5697,1012.13,320.505333,Flat,Main_0_2399
253,RegionB,704.46,0.0,0.5329,1012.13,320.516,Flat,Main_0_2399
253,RegionC,684.05,0.0,0.5054,1012.13,304.243667,Flat,Main_0_2399
253,RegionD,439.01,342.43,0.3859,1012.13,194.305,Flat,Main_0_2399
253,RegionE,387.97,302.62,0.2022,1012.13,296.939333,Flat,Main_0_2399
253,RegionF,408.39,318.54,0.2389,1012.13,228.538,Flat,Main_0_2399
254,RegionA,734.74,0.0,0.5707,950.0,299.913333,Flat,Main_0_2399
254,RegionB,704.13,0.0,0.5339,950.0,280.236333,Flat,Main_0_2399
254,RegionC,683.72,0.0,0.5063,950.0,284.227333,Flat,Main_0_2399
254,RegionD,438.8,342.26,0.3866,950.0,206.043333,Flat,Main_0_2399
254,RegionE,387.78,302.47,0.2025,950.0,286.510333,Flat,Main_0_2399
254,RegionF,408.19,318.39,0.2393,950.0,243.795,Flat,Main_0_2399
255,RegionA,734.39,0.0,0.575,877.65,232.569,Flat,Main_0_2399
255,RegionB,703.79,0.0,0.5379,877.65,238.89,Flat,Main_0_2399
255,RegionC,683.39,0.0,0.51,877.65,270.912,Flat,Main_0_2399
255,RegionD,438.6,342.11,0.3895,877.65,190.316,Flat,Main_0_2399
255,RegionE,387.6,302.33,0.204,877.65,281.251667,Flat,Main_0_2399
255,RegionF,408.0,318.24,0.2411,877.65,226.940333,Flat,Main_0_2399
256,RegionA,734.04,0.0,0.5822,800.0,193.216333,Flat,Main_0_2399
256,RegionB,703.46,0.0,0.5446,800.0,205.125667,Flat,Main_0_2399
256,RegionC,683.07,0.0,0.5164,800.0,235.360667,Flat,Main_0_2399
256,RegionD,438.39,341.94,0.3944,800.0,151.91,Flat,Main_0_2399
256,RegionE,387.41,302.18,0.2066,800.0,231.4,Flat,Main_0_2399
256,RegionF,407.8,318.08,0.2441,800.0,222.850333,Flat,Main_0_2399
257,RegionA,1063.86,0.0,0.5917,722.35,175.703,Peak,Main_0_2399
257,RegionB,1019.53,0.0,0.5536,722.35,187.366,Peak,Main_0_2399
257,RegionC,989.98,0.0,0.5249,722.35,211.839333,Peak,Main_0_2399
257,RegionD,635.36,495.58,0.4009,722.35,120.52,Peak,Main_0_2399
257,RegionE,561.48,437.95,0.21,722.35,219.108,Peak,Main_0_2399
257,RegionF,591.03,461.0,0.2481,722.35,212.718333,Peak,Main_0_2399
258,RegionA,1063.36,0.0,0.603,650.0,206.829333,Peak,Main_0_2399
258,RegionB,1019.05,0.0,0.5641,650.0,203.013333,Peak,Main_0_2399
258,RegionC,989.52,0.0,0.5349,650.0,215.23,Peak,Main_0_2399
258,RegionD,635.06,495.35,0.4085,650.0,108.316,Peak,Main_0_2399
258,RegionE,561.22,437.75,0.214,650.0,177.453,Peak,Main_0_2399
258,RegionF,590.76,460.79,0.2529,650.0,197.04,Peak,Main_0_2399
259,RegionA,1062.87,0.0,0.6152,587.87,205.872667,Peak,Main_0_2399
259,RegionB,1018.58,0.0,0.5755,587.87,214.383333,Peak,Main_0_2399
259,RegionC,989.06,0.0,0.5457,587.87,183.288667,Peak,Main_0_2399
259,RegionD,634.77,495.12,0.4167,587.87,92.596667,Peak,Main_0_2399
259,RegionE,560.96,437.55,0.2183,587.87,145.118,Peak,Main_0_2399
259,RegionF,590.48,460.57,0.258,587.87,197.496,Peak,Main_0_2399
260,RegionA,1062.38,0.0,0.6274,540.19,197.48,Peak,Main_0_2399
260,RegionB,1018.11,0.0,0.5869,540.19,241.627333,Peak,Main_0_2399
260,RegionC,988.6,0.0,0.5565,540.19,211.386667,Peak,Main_0_2399
260,RegionD,634.48,494.89,0.425,540.19,94.447333,Peak,Main_0_2399
260,RegionE,560.7,437.35,0.2226,540.19,213.716333,Peak,Main_0_2399
260,RegionF,590.21,460.36,0.2631,540.19,215.878667,Peak,Main_0_2399
261,RegionA,1061.9,0.0,0.6387,510.22,217.264667,Peak,Main_0_2399
261,RegionB,1017.65,0.0,0.5975,510.22,259.136,Peak,Main_0_2399
261,RegionC,988.15,0.0,0.5666,510.22,253.44,Peak,Main_0_2399
261,RegionD,634.19,494.67,0.4326,510.22,137.578,Peak,Main_0_2399
261,RegionE,560.45,437.15,0.2266,510.22,203.660667,Peak,Main_0_2399
261,RegionF,589.94,460.15,0.2678,510.22,241.901,Peak,Main_0_2399
262,RegionA,658.81,0.0,0.6483,500.0,223.122667,Flat,Main_0_2399
262,RegionB,631.36,0.0,0.6065,500.0,262.672667,Flat,Main_0_2399
262,RegionC,613.06,0.0,0.5751,500.0,260.965333,Flat,Main_0_2399
262,RegionD,393.46,306.9,0.4392,500.0,186.467667,Flat,Main_0_2399
262,RegionE,347.71,271.21,0.23,500.0,240.892667,Flat,Main_0_2399
262,RegionF,366.01,285.49,0.2719,500.0,267.123333,Flat,Main_0_2399
263,RegionA,658.52,0.0,0.6555,510.22,285.574667,Flat,Main_0_2399
263,RegionB,631.09,0.0,0.6132,510.22,309.791,Flat,Main_0_2399
263,RegionC,612.79,0.0,0.5815,510.22,311.682,Flat,Main_0_2399
263,RegionD,393.29,306.77,0.4441,510.22,247.034,Flat,Main_0_2399
263,RegionE,347.55,271.09,0.2326,510.22,287.982,Flat,Main_0_2399
263,RegionF,365.85,285.36,0.2749,510.22,248.369667,Flat,Main_0_2399
264,RegionA,475.4,0.0,0.6598,540.19,317.621333,Valley,Main_0_2399
264,RegionB,455.59,0.0,0.6173,540.19,333.157333,Valley,Main_0_2399
264,RegionC,442.38,0.0,0.5853,540.19,341.629,Valley,Main_0_2399
264,RegionD,283.92,221.46,0.447,540.19,311.381667,Valley,Main_0_2399
264,RegionE,250.9,195.7,0.2341,540.19,318.263667,Valley,Main_0_2399
264,RegionF,264.11,206.01,0.2767,540.19,306.99,Valley,Main_0_2399
265,RegionA,475.19,0.0,0.6609,587.87,381.581667,Valley,Main_0_2399
265,RegionB,455.39,0.0,0.6183,587.87,354.085333,Valley,Main_0_2399
265,RegionC,442.19,0.0,0.5863,587.87,349.969333,Valley,Main_0_2399
265,RegionD,283.8,221.36,0.4477,587.87,262.008,Valley,Main_0_2399
265,RegionE,250.8,195.62,0.2345,587.87,336.713333,Valley,Main_0_2399
265,RegionF,264.0,205.92,0.2772,587.87,362.207333,Valley,Main_0_2399
266,RegionA,475.0,0.0,0.6586,650.0,384.461333,Valley,Main_0_2399
266,RegionB,455.21,0.0,0.6161,650.0,362.684,Valley,Main_0_2399
266,RegionC,442.01,0.0,0.5843,650.0,363.212,Valley,Main_0_2399
266,RegionD,283.68,221.27,0.4462,650.0,262.728667,Valley,Main_0_2399
266,RegionE,250.69,195.54,0.2337,650.0,305.01,Valley,Main_0_2399
266,RegionF,263.89,205.83,0.2762,650.0,376.18,Valley,Main_0_2399
267,RegionA,474.8,0.0,0.6531,722.35,384.833333,Valley,Main_0_2399
267,RegionB,455.02,0.0,0.6109,722.35,352.42,Valley,Main_0_2399
267,RegionC,441.83,0.0,0.5793,722.35,367.368,Valley,Main_0_2399
267,RegionD,283.56,221.18,0.4424,722.35,360.046,Valley,Main_0_2399
267,RegionE,250.59,195.46,0.2317,722.35,325.8,Valley,Main_0_2399
267,RegionF,263.78,205.75,0.2739,722.35,395.608,Valley,Main_0_2399
268,RegionA,474.62,0.0,0.6446,800.0,386.665333,Valley,Main_0_2399
268,RegionB,454.84,0.0,0.603,800.0,344.955667,Valley,Main_0_2399
268,RegionC,441.66,0.0,0.5718,800.0,367.897333,Valley,Main_0_2399
268,RegionD,283.45,221.09,0.4367,800.0,378.303333,Valley,Main_0_2399
268,RegionE,250.49,195.38,0.2287,800.0,309.869333,Valley,Main_0_2399
268,RegionF,263.68,205.67,0.2703,800.0,405.091,Valley,Main_0_2399
269,RegionA,474.44,0.0,0.6338,877.65,387.582667,Valley,Main_0_2399
269,RegionB,454.67,0.0,0.5929,877.65,352.869333,Valley,Main_0_2399
269,RegionC,441.49,0.0,0.5622,877.65,379.438667,Valley,Main_0_2399
269,RegionD,283.34,221.01,0.4293,877.65,372.48,Valley,Main_0_2399
269,RegionE,250.4,195.31,0.2249,877.65,362.816,Valley,Main_0_2399
269,RegionF,263.58,205.59,0.2658,877.65,392.559333,Valley,Main_0_2399
270,RegionA,474.26,0.0,0.6212,950.0,386.625333,Valley,Main_0_2399
270,RegionB,454.5,0.0,0.5812,950.0,351.562667,Valley,Main_0_2399
270,RegionC,441.33,0.0,0.5511,950.0,381.785333,Valley,Main_0_2399
270,RegionD,283.24,220.93,0.4208,950.0,310.827667,Valley,Main_0_2399
270,RegionE,250.3,195.23,0.2204,950.0,384.938667,Valley,Main_0_2399
270,RegionF,263.48,205.51,0.2605,950.0,377.27,Valley,Main_0_2399
271,RegionA,729.37,0.0,0.6079,1012.13,393.817333,Flat,Main_0_2399
271,RegionB,698.98,0.0,0.5687,1012.13,352.424667,Flat,Main_0_2399
271,RegionC,678.72,0.0,0.5392,1012.13,379.530667,Flat,Main_0_2399
271,RegionD,435.6,339.77,0.4118,1012.13,320.242,Flat,Main_0_2399
271,RegionE,384.95,300.26,0.2157,1012.13,402.257333,Flat,Main_0_2399
271,RegionF,405.21,316.06,0.2549,1012.13,364.662667,Flat,Main_0_2399
272,RegionA,729.12,0.0,0.5945,1059.81,394.658667,Flat,Main_0_2399
272,RegionB,698.74,0.0,0.5562,1059.81,360.351667,Flat,Main_0_2399
272,RegionC,678.49,0.0,0.5274,1059.81,380.148667,Flat,Main_0_2399
272,RegionD,435.45,339.65,0.4027,1059.81,359.684667,Flat,Main_0_2399
272,RegionE,384.81,300.15,0.211,1059.81,375.233333,Flat,Main_0_2399
272,RegionF,405.07,315.95,0.2493,1059.81,336.515333,Flat,Main_0_2399
273,RegionA,728.88,0.0,0.582,1089.78,390.28,Flat,Main_0_2399
273,RegionB,698.51,0.0,0.5445,1089.78,352.96,Flat,Main_0_2399
273,RegionC,678.26,0.0,0.5163,1089.78,381.955,Flat,Main_0_2399
273,RegionD,435.3,339.53,0.3943,1089.78,354.102333,Flat,Main_0_2399
273,RegionE,384.69,300.06,0.2065,1089.78,394.713333,Flat,Main_0_2399
273,RegionF,404.93,315.85,0.2441,1089.78,334.466,Flat,Main_0_2399
274,RegionA,728.65,0.0,0.5713,1100.0,388.297333,Flat,Main_0_2399
274,RegionB,698.29,0.0,0.5344,1100.0,356.548,Flat,Main_0_2399
274,RegionC,678.05,0.0,0.5068,1100.0,374.458667,Flat,Main_0_2399
274,RegionD,435.17,339.43,0.387,1100.0,373.632667,Flat,Main_0_2399
274,RegionE,384.56,299.96,0.2027,1100.0,361.605333,Flat,Main_0_2399
274,RegionF,404.8,315.74,0.2396,1100.0,327.718667,Flat,Main_0_2399
275,RegionA,728.43,0.0,0.5629,1089.78,362.038667,Flat,Main_0_2399
275,RegionB,698.08,0.0,0.5266,1089.78,347.298333,Flat,Main_0_2399
275,RegionC,677.84,0.0,0.4994,1089.78,357.633333,Flat,Main_0_2399
275,RegionD,435.03,339.32,0.3814,1089.78,288.434,Flat,Main_0_2399
275,RegionE,384.45,299.87,0.1998,1089.78,307.068667,Flat,Main_0_2399
275,RegionF,404.68,315.65,0.2361,1089.78,297.183333,Flat,Main_0_2399
276,RegionA,728.22,0.0,0.5575,1059.81,329.714333,Flat,Main_0_2399
276,RegionB,697.88,0.0,0.5216,1059.81,298.254667,Flat,Main_0_2399
276,RegionC,677.65,0.0,0.4946,1059.81,339.103333,Flat,Main_0_2399
276,RegionD,434.91,339.23,0.3777,1059.81,294.999333,Flat,Main_0_2399
276,RegionE,384.34,299.79,0.1978,1059.81,297.858333,Flat,Main_0_2399
276,RegionF,404.57,315.56,0.2338,1059.81,282.790667,Flat,Main_0_2399
277,RegionA,728.02,0.0,0.5554,1012.13,323.359,Flat,Main_0_2399
277,RegionB,697.69,0.0,0.5196,1012.13,285.059,Flat,Main_0_2399
277,RegionC,677.47,0.0,0.4927,1012.13,302.502,Flat,Main_0_2399
277,RegionD,434.79,339.14,0.3763,1012.13,284.276,Flat,Main_0_2399
277,RegionE,384.24,299.71,0.1971,1012.13,278.555333,Flat,Main_0_2399
277,RegionF,404.46,315.48,0.2329,1012.13,287.337333,Flat,Main_0_2399
278,RegionA,727.84,0.0,0.5567,950.0,306.099,Flat,Main_0_2399
278,RegionB,697.51,0.0,0.5208,950.0,294.244333,Flat,Main_0_2399
278,RegionC,677.3,0.0,0.4939,950.0,291.030333,Flat,Main_0_2399
278,RegionD,434.68,339.05,0.3771,950.0,204.343667,Flat,Main_0_2399
278,RegionE,384.14,299.63,0.1975,950.0,246.330667,Flat,Main_0_2399
278,RegionF,404.36,315.4,0.2335,950.0,289.435667,Flat,Main_0_2399
279,RegionA,727.67,0.0,0.5613,877.65,251.381667,Flat,Main_0_2399
279,RegionB,697.35,0.0,0.5251,877.65,271.43,Flat,Main_0_2399
279,RegionC,677.14,0.0,0.4979,877.65,224.066,Flat,Main_0_2399
279,RegionD,434.58,338.97,0.3802,877.65,170.395,Flat,Main_0_2399
279,RegionE,384.05,299.56,0.1992,877.65,236.36,Flat,Main_0_2399
279,RegionF,404.26,315.32,0.2354,877.65,257.015,Flat,Main_0_2399
280,RegionA,727.51,0.0,0.5688,800.0,220.302,Flat,Main_0_2399
280,RegionB,697.2,0.0,0.5321,800.0,238.924333,Flat,Main_0_2399
280,RegionC,676.99,0.0,0.5046,800.0,232.977333,Flat,Main_0_2399
280,RegionD,434.48,338.89,0.3853,800.0,162.922333,Flat,Main_0_2399
280,RegionE,383.96,299.49,0.2018,800.0,174.642667,Flat,Main_0_2399
280,RegionF,404.17,315.25,0.2385,800.0,205.166667,Flat,Main_0_2399
281,RegionA,1054.68,0.0,0.5788,722.35,192.166,Peak,Main_0_2399
281,RegionB,1010.73,0.0,0.5414,722.35,234.593667,Peak,Main_0_2399
281,RegionC,981.43,0.0,0.5134,722.35,193.0,Peak,Main_0_2399
281,RegionD,629.88,491.31,0.3921,722.35,136.605333,Peak,Main_0_2399
281,RegionE,556.63,434.17,0.2054,722.35,146.915,Peak,Main_0_2399
281,RegionF,585.93,457.03,0.2427,722.35,195.493333,Peak,Main_0_2399
282,RegionA,1054.48,0.0,0.5904,650.0,168.978,Peak,Main_0_2399
282,RegionB,1010.55,0.0,0.5523,650.0,167.864333,Peak,Main_0_2399
282,RegionC,981.25,0.0,0.5237,650.0,201.114,Peak,Main_0_2399
282,RegionD,629.76,491.21,0.4,650.0,138.416333,Peak,Main_0_2399
282,RegionE,556.53,434.09,0.2095,650.0,196.046667,Peak,Main_0_2399
282,RegionF,585.82,456.94,0.2476,650.0,142.505,Peak,Main_0_2399
283,RegionA,1054.31,0.0,0.603,587.87,192.523,Peak,Main_0_2399
283,RegionB,1010.38,0.0,0.5641,587.87,192.447333,Peak,Main_0_2399
283,RegionC,981.09,0.0,0.5349,587.87,204.178,Peak,Main_0_2399
283,RegionD,629.66,491.13,0.4085,587.87,129.321333,Peak,Main_0_2399
283,RegionE,556.44,434.02,0.214,587.87,200.188333,Peak,Main_0_2399
283,RegionF,585.73,456.87,0.2529,587.87,198.612,Peak,Main_0_2399
284,RegionA,1054.16,0.0,0.6155,540.19,205.011333,Peak,Main_0_2399
284,RegionB,1010.23,0.0,0.5758,540.19,176.806,Peak,Main_0_2399
284,RegionC,980.95,0.0,0.546,540.19,196.389667,Peak,Main_0_2399
284,RegionD,629.57,491.06,0.417,540.19,118.91,Peak,Main_0_2399
284,RegionE,556.36,433.96,0.2184,540.19,211.539667,Peak,Main_0_2399
284,RegionF,585.64,456.8,0.2581,540.19,248.76,Peak,Main_0_2399
285,RegionA,1054.02,0.0,0.6272,510.22,251.050333,Peak,Main_0_2399
285,RegionB,1010.1,0.0,0.5868,510.22,211.871333,Peak,Main_0_2399
285,RegionC,980.83,0.0,0.5564,510.22,246.819,Peak,Main_0_2399
285,RegionD,629.49,491.0,0.4249,510.22,127.078667,Peak,Main_0_2399
285,RegionE,556.29,433.91,0.2226,510.22,224.598333,Peak,Main_0_2399
285,RegionF,585.57,456.74,0.263,510.22,263.95,Peak,Main_0_2399
286,RegionA,654.15,0.0,0.6373,500.0,281.472667,Flat,Main_0_2399
286,RegionB,626.89,0.0,0.5962,500.0,214.883333,Flat,Main_0_2399
286,RegionC,608.72,0.0,0.5653,500.0,302.296333,Flat,Main_0_2399
286,RegionD,390.67,304.72,0.4317,500.0,195.156667,Flat,Main_0_2399
286,RegionE,345.25,269.3,0.2261,500.0,260.794667,Flat,Main_0_2399
286,RegionF,363.42,283.47,0.2673,500.0,271.836667,Flat,Main_0_2399
287,RegionA,654.09,0.0,0.645,510.22,278.236667,Flat,Main_0_2399
287,RegionB,626.84,0.0,0.6034,510.22,260.157333,Flat,Main_0_2399
287,RegionC,608.67,0.0,0.5722,510.22,307.251,Flat,Main_0_2399
287,RegionD,390.64,304.7,0.4369,510.22,254.074,Flat,Main_0_2399
287,RegionE,345.22,269.27,0.2289,510.22,298.276,Flat,Main_0_2399
287,RegionF,363.39,283.44,0.2705,510.22,285.382,Flat,Main_0_2399
288,RegionA,472.37,0.0,0.6498,540.19,346.611333,Valley,Main_0_2399
288,RegionB,452.69,0.0,0.6079,540.19,285.465,Valley,Main_0_2399
288,RegionC,439.57,0.0,0.5764,540.19,350.492667,Valley,Main_0_2399
288,RegionD,282.11,220.05,0.4402,540.19,279.492333,Valley,Main_0_2399
288,RegionE,249.31,194.46,0.2306,540.19,310.51,Valley,Main_0_2399
288,RegionF,262.43,204.7,0.2725,540.19,302.104667,Valley,Main_0_2399
289,RegionA,472.35,0.0,0.6513,587.87,340.166667,Valley,Main_0_2399
289,RegionB,452.67,0.0,0.6093,587.87,366.85,Valley,Main_0_2399
289,RegionC,439.54,0.0,0.5778,587.87,380.307333,Valley,Main_0_2399
289,RegionD,282.1,220.04,0.4412,587.87,310.926667,Valley,Main_0_2399
289,RegionE,249.29,194.45,0.2311,587.87,290.668333,Valley,Main_0_2399
289,RegionF,262.41,204.68,0.2731,587.87,326.043333,Valley,Main_0_2399
290,RegionA,472.33,0.0,0.6495,650.0,393.109,Valley,Main_0_2399
290,RegionB,452.65,0.0,0.6076,650.0,361.500667,Valley,Main_0_2399
290,RegionC,439.53,0.0,0.5762,650.0,364.037667,Valley,Main_0_2399
290,RegionD,282.09,220.03,0.44,650.0,301.683667,Valley,Main_0_2399
290,RegionE,249.29,194.45,0.2305,650.0,319.85,Valley,Main_0_2399
290,RegionF,262.41,204.68,0.2724,650.0,340.986667,Valley,Main_0_2399
291,RegionA,472.33,0.0,0.6445,722.35,392.524,Valley,Main_0_2399
291,RegionB,452.65,0.0,0.6029,722.35,359.217333,Valley,Main_0_2399
291,RegionC,439.53,0.0,0.5717,722.35,382.474667,Valley,Main_0_2399
291,RegionD,282.09,220.03,0.4366,722.35,375.596,Valley,Main_0_2399
291,RegionE,249.29,194.45,0.2287,722.35,354.366667,Valley,Main_0_2399
291,RegionF,262.41,204.68,0.2703,722.35,404.784,Valley,Main_0_2399
292,RegionA,472.34,0.0,0.6365,800.0,392.229333,Valley,Main_0_2399
292,RegionB,452.66,0.0,0.5955,800.0,356.095333,Valley,Main_0_2399
292,RegionC,439.54,0.0,0.5647,800.0,380.188667,Valley,Main_0_2399
292,RegionD,282.09,220.03,0.4312,800.0,381.388,Valley,Main_0_2399
292,RegionE,249.29,194.45,0.2259,800.0,398.875333,Valley,Main_0_2399
292,RegionF,262.41,204.68,0.2669,800.0,311.615667,Valley,Main_0_2399
293,RegionA,472.35,0.0,0.6262,877.65,392.061333,Valley,Main_0_2399
293,RegionB,452.67,0.0,0.5858,877.65,339.57,Valley,Main_0_2399
293,RegionC,439.55,0.0,0.5555,877.65,381.276,Valley,Main_0_2399
293,RegionD,282.1,220.04,0.4242,877.65,363.606667,Valley,Main_0_2399
293,RegionE,249.3,194.45,0.2222,877.65,376.207667,Valley,Main_0_2399
293,RegionF,262.42,204.69,0.2626,877.65,326.29,Valley,Main_0_2399
294,RegionA,472.38,0.0,0.6142,950.0,395.213333,Valley,Main_0_2399
294,RegionB,452.7,0.0,0.5746,950.0,344.702667,Valley,Main_0_2399
294,RegionC,439.57,0.0,0.5449,950.0,379.560667,Valley,Main_0_2399
294,RegionD,282.12,220.05,0.4161,950.0,309.370667,Valley,Main_0_2399
294,RegionE,249.31,194.46,0.218,950.0,417.21,Valley,Main_0_2399
294,RegionF,262.43,204.7,0.2576,950.0,325.688,Valley,Main_0_2399
295,RegionA,726.79,0.0,0.6014,1012.13,389.913333,Flat,Main_0_2399
295,RegionB,696.51,0.0,0.5626,1012.13,357.174667,Flat,Main_0_2399
295,RegionC,676.32,0.0,0.5335,1012.13,382.093333,Flat,Main_0_2399
295,RegionD,434.06,338.57,0.4074,1012.13,353.301333,Flat,Main_0_2399
295,RegionE,383.58,299.19,0.2134,1012.13,405.34,Flat,Main_0_2399
295,RegionF,403.77,314.94,0.2522,1012.13,334.597333,Flat,Main_0_2399
296,RegionA,726.86,0.0,0.5886,1059.81,380.308,Flat,Main_0_2399
296,RegionB,696.58,0.0,0.5506,1059.81,366.74,Flat,Main_0_2399
296,RegionC,676.39,0.0,0.5222,1059.81,384.208,Flat,Main_0_2399
296,RegionD,434.1,338.6,0.3987,1059.81,384.944,Flat,Main_0_2399
296,RegionE,383.62,299.22,0.2089,1059.81,432.045333,Flat,Main_0_2399
296,RegionF,403.81,314.97,0.2468,1059.81,357.353333,Flat,Main_0_2399
297,RegionA,726.95,0.0,0.5767,1089.78,376.555,Flat,Main_0_2399
297,RegionB,696.66,0.0,0.5395,1089.78,360.714667,Flat,Main_0_2399
297,RegionC,676.46,0.0,0.5116,1089.78,384.389333,Flat,Main_0_2399
297,RegionD,434.15,338.64,0.3907,1089.78,342.601667,Flat,Main_0_2399
297,RegionE,383.67,299.26,0.2046,1089.78,418.339667,Flat,Main_0_2399
297,RegionF,403.86,315.01,0.2418,1089.78,377.372,Flat,Main_0_2399
298,RegionA,727.05,0.0,0.5665,1100.0,387.247,Flat,Main_0_2399
298,RegionB,696.75,0.0,0.53,1100.0,374.608333,Flat,Main_0_2399
298,RegionC,676.56,0.0,0.5026,1100.0,381.288,Flat,Main_0_2399
298,RegionD,434.21,338.68,0.3838,1100.0,313.55,Flat,Main_0_2399
298,RegionE,383.72,299.3,0.201,1100.0,407.44,Flat,Main_0_2399
298,RegionF,403.91,315.05,0.2376,1100.0,372.782,Flat,Main_0_2399
299,RegionA,727.16,0.0,0.5588,1089.78,366.946333,Flat,Main_0_2399
299,RegionB,696.86,0.0,0.5227,1089.78,383.150667,Flat,Main_0_2399
299,RegionC,676.66,0.0,0.4957,1089.78,363.72,Flat,Main_0_2399
299,RegionD,434.28,338.74,0.3785,1089.78,216.55,Flat,Main_0_2399
299,RegionE,383.78,299.35,0.1983,1089.78,404.774,Flat,Main_0_2399
299,RegionF,403.98,315.1,0.2343,1089.78,315.77,Flat,Main_0_2399
300,RegionA,727.29,0.0,0.554,1059.81,365.871333,Flat,Main_0_2399
300,RegionB,696.99,0.0,0.5182,1059.81,357.669667,Flat,Main_0_2399
300,RegionC,676.78,0.0,0.4914,1059.81,324.362,Flat,Main_0_2399
300,RegionD,434.35,338.79,0.3753,1059.81,247.793333,Flat,Main_0_2399
300,RegionE,383.85,299.4,0.1966,1059.81,290.81,Flat,Main_0_2399
300,RegionF,404.05,315.16,0.2323,1059.81,295.55,Flat,Main_0_2399
301,RegionA,727.43,0.0,0.5524,1012.13,331.969333,Flat,Main_0_2399
301,RegionB,697.12,0.0,0.5168,1012.13,329.945,Flat,Main_0_2399
301,RegionC,676.92,0.0,0.4901,1012.13,301.606667,Flat,Main_0_2399
301,RegionD,434.44,338.86,0.3742,1012.13,219.749667,Flat,Main_0_2399
301,RegionE,383.92,299.46,0.196,1012.13,268.755333,Flat,Main_0_2399
301,RegionF,404.13,315.22,0.2317,1012.13,224.567333,Flat,Main_0_2399
302,RegionA,727.59,0.0,0.5543,950.0,305.293,Flat,Main_0_2399
302,RegionB,697.28,0.0,0.5186,950.0,305.789667,Flat,Main_0_2399
302,RegionC,677.06,0.0,0.4917,950.0,294.909333,Flat,Main_0_2399
302,RegionD,434.53,338.93,0.3755,950.0,198.264,Flat,Main_0_2399
302,RegionE,384.01,299.53,0.1967,950.0,260.950333,Flat,Main_0_2399
302,RegionF,404.22,315.29,0.2325,950.0,239.043,Flat,Main_0_2399
303,RegionA,727.76,0.0,0.5595,877.65,289.097,Flat,Main_0_2399
303,RegionB,697.44,0.0,0.5234,877.65,275.893667,Flat,Main_0_2399
303,RegionC,677.23,0.0,0.4963,877.65,283.882,Flat,Main_0_2399
303,RegionD,434.64,339.02,0.379,877.65,156.935,Flat,Main_0_2399
303,RegionE,384.1,299.6,0.1985,877.65,238.389333,Flat,Main_0_2399
303,RegionF,404.31,315.36,0.2346,877.65,246.45,Flat,Main_0_2399
304,RegionA,727.95,0.0,0.5676,800.0,239.390667,Flat,Main_0_2399
304,RegionB,697.62,0.0,0.531,800.0,214.356,Flat,Main_0_2399
304,RegionC,677.4,0.0,0.5035,800.0,219.475333,Flat,Main_0_2399
304,RegionD,434.75,339.11,0.3845,800.0,176.291333,Flat,Main_0_2399
304,RegionE,384.2,299.68,0.2014,800.0,225.522667,Flat,Main_0_2399
304,RegionF,404.42,315.45,0.238,800.0,209.05,Flat,Main_0_2399
305,RegionA,1055.82,0.0,0.5782,722.35,209.308667,Peak,Main_0_2399
305,RegionB,1011.83,0.0,0.5409,722.35,203.657333,Peak,Main_0_2399
305,RegionC,982.5,0.0,0.5129,722.35,171.586,Peak,Main_0_2399
305,RegionD,630.56,491.84,0.3917,722.35,187.295333,Peak,Main_0_2399
305,RegionE,557.24,434.65,0.2052,722.35,182.546667,Peak,Main_0_2399
305,RegionF,586.57,457.52,0.2425,722.35,160.048,Peak,Main_0_2399
306,RegionA,1056.13,0.0,0.5904,650.0,230.977333,Peak,Main_0_2399
306,RegionB,1012.13,0.0,0.5523,650.0,195.572667,Peak,Main_0_2399
306,RegionC,982.79,0.0,0.5237,650.0,199.341333,Peak,Main_0_2399
306,RegionD,630.74,491.98,0.4,650.0,166.28,Peak,Main_0_2399
306,RegionE,557.4,434.77,0.2095,650.0,172.771333,Peak,Main_0_2399
306,RegionF,586.74,457.66,0.2476,650.0,103.164,Peak,Main_0_2399
307,RegionA,1056.46,0.0,0.6036,587.87,217.67,Peak,Main_0_2399
307,RegionB,1012.44,0.0,0.5646,587.87,219.179667,Peak,Main_0_2399
307,RegionC,983.1,0.0,0.5354,587.87,201.438333,Peak,Main_0_2399
307,RegionD,630.94,492.13,0.4089,587.87,149.486667,Peak,Main_0_2399
307,RegionE,557.58,434.91,0.2142,587.87,184.651333,Peak,Main_0_2399
307,RegionF,586.92,457.8,0.2531,587.87,142.314667,Peak,Main_0_2399
308,RegionA,1056.81,0.0,0.6167,540.19,199.258667,Peak,Main_0_2399
308,RegionB,1012.78,0.0,0.5769,540.19,232.725667,Peak,Main_0_2399
308,RegionC,983.42,0.0,0.5471,540.19,219.304,Peak,Main_0_2399
308,RegionD,631.15,492.3,0.4178,540.19,158.233333,Peak,Main_0_2399
308,RegionE,557.76,435.05,0.2188,540.19,166.478667,Peak,Main_0_2399
308,RegionF,587.12,457.95,0.2586,540.19,135.200667,Peak,Main_0_2399
309,RegionA,1057.18,0.0,0.6291,510.22,256.838,Peak,Main_0_2399
309,RegionB,1013.13,0.0,0.5885,510.22,232.608,Peak,Main_0_2399
309,RegionC,983.76,0.0,0.558,510.22,276.709333,Peak,Main_0_2399
309,RegionD,631.37,492.47,0.4261,510.22,202.129,Peak,Main_0_2399
309,RegionE,557.96,435.21,0.2232,510.22,235.675333,Peak,Main_0_2399
309,RegionF,587.32,458.11,0.2638,510.22,233.622,Peak,Main_0_2399
310,RegionA,656.42,0.0,0.6397,500.0,247.64,Flat,Main_0_2399
310,RegionB,629.07,0.0,0.5984,500.0,253.48,Flat,Main_0_2399
310,RegionC,610.84,0.0,0.5675,500.0,296.255,Flat,Main_0_2399
310,RegionD,392.03,305.78,0.4333,500.0,194.205,Flat,Main_0_2399
310,RegionE,346.44,270.22,0.227,500.0,268.217333,Flat,Main_0_2399
310,RegionF,364.68,284.45,0.2683,500.0,280.142667,Flat,Main_0_2399
311,RegionA,656.67,0.0,0.648,510.22,324.195333,Flat,Main_0_2399
311,RegionB,629.31,0.0,0.6062,510.22,333.93,Flat,Main_0_2399
311,RegionC,611.07,0.0,0.5748,510.22,318.936,Flat,Main_0_2399
311,RegionD,392.18,305.9,0.439,510.22,218.402,Flat,Main_0_2399
311,RegionE,346.58,270.33,0.2299,510.22,308.552333,Flat,Main_0_2399
311,RegionF,364.82,284.56,0.2717,510.22,318.728,Flat,Main_0_2399
312,RegionA,474.45,0.0,0.6534,540.19,350.650667,Valley,Main_0_2399
312,RegionB,454.68,0.0,0.6112,540.19,323.648,Valley,Main_0_2399
312,RegionC,441.5,0.0,0.5796,540.19,335.87,Valley,Main_0_2399
312,RegionD,283.35,221.01,0.4426,540.19,278.918667,Valley,Main_0_2399
312,RegionE,250.41,195.32,0.2318,540.19,354.515333,Valley,Main_0_2399
312,RegionF,263.58,205.59,0.274,540.19,309.418,Valley,Main_0_2399
313,RegionA,474.65,0.0,0.6555,587.87,365.13,Valley,Main_0_2399
313,RegionB,454.87,0.0,0.6132,587.87,343.398,Valley,Main_0_2399
313,RegionC,441.69,0.0,0.5815,587.87,361.86,Valley,Main_0_2399
313,RegionD,283.47,221.11,0.444,587.87,256.900667,Valley,Main_0_2399
313,RegionE,250.51,195.4,0.2326,587.87,338.49,Valley,Main_0_2399
313,RegionF,263.69,205.68,0.2749,587.87,304.91,Valley,Main_0_2399
314,RegionA,474.85,0.0,0.6543,650.0,367.098,Valley,Main_0_2399
314,RegionB,455.07,0.0,0.6121,650.0,360.138,Valley,Main_0_2399
314,RegionC,441.88,0.0,0.5804,650.0,372.568,Valley,Main_0_2399
314,RegionD,283.59,221.2,0.4432,650.0,280.968,Valley,Main_0_2399
314,RegionE,250.62,195.48,0.2322,650.0,304.525,Valley,Main_0_2399
314,RegionF,263.81,205.77,0.2744,650.0,299.383333,Valley,Main_0_2399
315,RegionA,475.06,0.0,0.6498,722.35,378.584,Valley,Main_0_2399
315,RegionB,455.27,0.0,0.6079,722.35,368.803333,Valley,Main_0_2399
315,RegionC,442.07,0.0,0.5764,722.35,371.068,Valley,Main_0_2399
315,RegionD,283.72,221.3,0.4402,722.35,317.322,Valley,Main_0_2399
315,RegionE,250.73,195.57,0.2306,722.35,295.793333,Valley,Main_0_2399
315,RegionF,263.92,205.86,0.2725,722.35,326.0,Valley,Main_0_2399
316,RegionA,475.28,0.0,0.6424,800.0,371.370667,Valley,Main_0_2399
316,RegionB,455.48,0.0,0.601,800.0,357.549333,Valley,Main_0_2399
316,RegionC,442.28,0.0,0.5699,800.0,380.553333,Valley,Main_0_2399
316,RegionD,283.85,221.4,0.4352,800.0,330.724,Valley,Main_0_2399
316,RegionE,250.84,195.66,0.228,800.0,309.03,Valley,Main_0_2399
316,RegionF,264.05,205.96,0.2694,800.0,364.737333,Valley,Main_0_2399
317,RegionA,475.51,0.0,0.6327,877.65,382.544,Valley,Main_0_2399
317,RegionB,455.69,0.0,0.5919,877.65,356.142,Valley,Main_0_2399
317,RegionC,442.49,0.0,0.5612,877.65,354.022667,Valley,Main_0_2399
317,RegionD,283.98,221.5,0.4286,877.65,344.269,Valley,Main_0_2399
317,RegionE,250.96,195.75,0.2245,877.65,311.708333,Valley,Main_0_2399
317,RegionF,264.17,206.05,0.2653,877.65,433.514667,Valley,Main_0_2399
318,RegionA,475.74,0.0,0.6212,950.0,364.708,Valley,Main_0_2399
318,RegionB,455.92,0.0,0.5812,950.0,354.031,Valley,Main_0_2399
318,RegionC,442.7,0.0,0.5511,950.0,333.772,Valley,Main_0_2399
318,RegionD,284.12,221.61,0.4208,950.0,316.816333,Valley,Main_0_2399
318,RegionE,251.08,195.84,0.2204,950.0,368.587333,Valley,Main_0_2399
318,RegionF,264.3,206.15,0.2605,950.0,405.89,Valley,Main_0_2399
319,RegionA,732.27,0.0,0.609,1012.13,377.793333,Flat,Main_0_2399
319,RegionB,701.76,0.0,0.5697,1012.13,368.653333,Flat,Main_0_2399
319,RegionC,681.42,0.0,0.5402,1012.13,333.609333,Flat,Main_0_2399
319,RegionD,437.33,341.12,0.4125,1012.13,264.258667,Flat,Main_0_2399
319,RegionE,386.48,301.45,0.2161,1012.13,401.002667,Flat,Main_0_2399
319,RegionF,406.82,317.32,0.2554,1012.13,399.98,Flat,Main_0_2399
320,RegionA,732.64,0.0,0.5967,1059.81,366.473333,Flat,Main_0_2399
320,RegionB,702.12,0.0,0.5582,1059.81,364.638333,Flat,Main_0_2399
320,RegionC,681.77,0.0,0.5293,1059.81,343.111,Flat,Main_0_2399
320,RegionD,437.55,341.29,0.4042,1059.81,326.683,Flat,Main_0_2399
320,RegionE,386.67,301.6,0.2117,1059.81,371.953333,Flat,Main_0_2399
320,RegionF,407.02,317.48,0.2502,1059.81,359.028,Flat,Main_0_2399
321,RegionA,733.03,0.0,0.5853,1089.78,371.802667,Flat,Main_0_2399
321,RegionB,702.48,0.0,0.5475,1089.78,364.966667,Flat,Main_0_2399
321,RegionC,682.12,0.0,0.5192,1089.78,321.948,Flat,Main_0_2399
321,RegionD,437.78,341.47,0.3965,1089.78,336.743333,Flat,Main_0_2399
321,RegionE,386.87,301.76,0.2077,1089.78,402.431,Flat,Main_0_2399
321,RegionF,407.24,317.65,0.2455,1089.78,376.406,Flat,Main_0_2399
322,RegionA,733.42,0.0,0.5756,1100.0,374.596,Flat,Main_0_2399
322,RegionB,702.86,0.0,0.5385,1100.0,375.313667,Flat,Main_0_2399
322,RegionC,682.48,0.0,0.5106,1100.0,336.932333,Flat,Main_0_2399
322,RegionD,438.01,341.65,0.3899,1100.0,307.359333,Flat,Main_0_2399
322,RegionE,387.08,301.92,0.2043,1100.0,356.935333,Flat,Main_0_2399
322,RegionF,407.45,317.81,0.2414,1100.0,284.15,Flat,Main_0_2399
323,RegionA,733.81,0.0,0.5684,1089.78,383.321,Flat,Main_0_2399
323,RegionB,703.24,0.0,0.5317,1089.78,364.294,Flat,Main_0_2399
323,RegionC,682.85,0.0,0.5042,1089.78,329.050667,Flat,Main_0_2399
323,RegionD,438.25,341.84,0.385,1089.78,291.524,Flat,Main_0_2399
323,RegionE,387.29,302.09,0.2017,1089.78,337.35,Flat,Main_0_2399
323,RegionF,407.67,317.98,0.2383,1089.78,272.675667,Flat,Main_0_2399
324,RegionA,734.22,0.0,0.564,1059.81,354.989,Flat,Main_0_2399
324,RegionB,703.62,0.0,0.5276,1059.81,355.966,Flat,Main_0_2399
324,RegionC,683.23,0.0,0.5003,1059.81,322.804,Flat,Main_0_2399
324,RegionD,438.49,342.02,0.3821,1059.81,298.798,Flat,Main_0_2399
324,RegionE,387.5,302.25,0.2001,1059.81,288.764,Flat,Main_0_2399
324,RegionF,407.9,318.16,0.2365,1059.81,274.041667,Flat,Main_0_2399
325,RegionA,734.63,0.0,0.563,1012.13,303.786667,Flat,Main_0_2399
325,RegionB,704.02,0.0,0.5266,1012.13,307.806333,Flat,Main_0_2399
325,RegionC,683.61,0.0,0.4994,1012.13,324.559333,Flat,Main_0_2399
325,RegionD,438.74,342.22,0.3814,1012.13,256.371,Flat,Main_0_2399
325,RegionE,387.72,302.42,0.1998,1012.13,264.002,Flat,Main_0_2399
325,RegionF,408.13,318.34,0.2361,1012.13,241.616667,Flat,Main_0_2399
326,RegionA,735.04,0.0,0.5653,950.0,301.517667,Flat,Main_0_2399
326,RegionB,704.42,0.0,0.5288,950.0,300.218667,Flat,Main_0_2399
326,RegionC,684.0,0.0,0.5015,950.0,326.672667,Flat,Main_0_2399
326,RegionD,438.98,342.4,0.3829,950.0,231.041333,Flat,Main_0_2399
326,RegionE,387.94,302.59,0.2006,950.0,221.120667,Flat,Main_0_2399
326,RegionF,408.36,318.52,0.2371,950.0,228.899,Flat,Main_0_2399
327,RegionA,735.47,0.0,0.5709,877.65,234.217333,Flat,Main_0_2399
327,RegionB,704.82,0.0,0.5341,877.65,289.567333,Flat,Main_0_2399
327,RegionC,684.39,0.0,0.5064,877.65,286.490333,Flat,Main_0_2399
327,RegionD,439.24,342.61,0.3867,877.65,151.011333,Flat,Main_0_2399
327,RegionE,388.16,302.76,0.2026,877.65,190.768667,Flat,Main_0_2399
327,RegionF,408.59,318.7,0.2394,877.65,188.055,Flat,Main_0_2399
328,RegionA,735.89,0.0,0.5794,800.0,197.703,Flat,Main_0_2399
328,RegionB,705.23,0.0,0.5421,800.0,213.928,Flat,Main_0_2399
328,RegionC,684.79,0.0,0.514,800.0,247.776667,Flat,Main_0_2399
328,RegionD,439.49,342.8,0.3925,800.0,146.558,Flat,Main_0_2399
328,RegionE,388.39,302.94,0.2056,800.0,163.110333,Flat,Main_0_2399
328,RegionF,408.83,318.89,0.243,800.0,155.366667,Flat,Main_0_2399
329,RegionA,1067.67,0.0,0.5904,722.35,208.077,Peak,Main_0_2399
329,RegionB,1023.18,0.0,0.5523,722.35,227.295,Peak,Main_0_2399
329,RegionC,993.53,0.0,0.5237,722.35,214.288,Peak,Main_0_2399
329,RegionD,637.64,497.36,0.3999,722.35,158.078,Peak,Main_0_2399
329,RegionE,563.49,439.52,0.2095,722.35,123.383667,Peak,Main_0_2399
329,RegionF,593.15,462.66,0.2476,722.35,126.991333,Peak,Main_0_2399
330,RegionA,1068.3,0.0,0.603,650.0,203.475333,Peak,Main_0_2399
330,RegionB,1023.79,0.0,0.5641,650.0,216.369333,Peak,Main_0_2399
330,RegionC,994.11,0.0,0.5349,650.0,233.74,Peak,Main_0_2399
330,RegionD,638.01,497.65,0.4085,650.0,193.468667,Peak,Main_0_2399
330,RegionE,563.83,439.79,0.214,650.0,127.054,Peak,Main_0_2399
330,RegionF,593.5,462.93,0.2529,650.0,171.536333,Peak,Main_0_2399
331,RegionA,1068.94,0.0,0.6165,587.87,208.63,Peak,Main_0_2399
331,RegionB,1024.4,0.0,0.5768,587.87,194.391333,Peak,Main_0_2399
331,RegionC,994.7,0.0,0.5469,587.87,248.508,Peak,Main_0_2399
331,RegionD,638.39,497.94,0.4177,587.87,166.482667,Peak,Main_0_2399
331,RegionE,564.16,440.04,0.2188,587.87,121.507667,Peak,Main_0_2399
331,RegionF,593.85,463.2,0.2585,587.87,182.764667,Peak,Main_0_2399
332,RegionA,1069.58,0.0,0.6301,540.19,249.657,Peak,Main_0_2399
332,RegionB,1025.01,0.0,0.5894,540.19,204.545333,Peak,Main_0_2399
332,RegionC,995.3,0.0,0.5589,540.19,244.853333,Peak,Main_0_2399
332,RegionD,638.77,498.24,0.4268,540.19,194.108,Peak,Main_0_2399
332,RegionE,564.5,440.31,0.2236,540.19,170.550333,Peak,Main_0_2399
332,RegionF,594.21,463.48,0.2642,540.19,173.973333,Peak,Main_0_2399
333,RegionA,1070.22,0.0,0.6427,510.22,227.523333,Peak,Main_0_2399
333,RegionB,1025.63,0.0,0.6013,510.22,248.831,Peak,Main_0_2399
333,RegionC,995.9,0.0,0.5702,510.22,271.647667,Peak,Main_0_2399
333,RegionD,639.16,498.54,0.4354,510.22,184.646667,Peak,Main_0_2399
333,RegionE,564.84,440.58,0.2281,510.22,210.444,Peak,Main_0_2399
333,RegionF,594.57,463.76,0.2695,510.22,166.235667,Peak,Main_0_2399
334,RegionA,664.67,0.0,0.6537,500.0,267.234,Flat,Main_0_2399
334,RegionB,636.98,0.0,0.6115,500.0,276.862,Flat,Main_0_2399
334,RegionC,618.52,0.0,0.5799,500.0,253.667333,Flat,Main_0_2399
334,RegionD,396.96,309.63,0.4428,500.0,204.998333,Flat,Main_0_2399
334,RegionE,350.8,273.62,0.232,500.0,235.317333,Flat,Main_0_2399
334,RegionF,369.26,288.02,0.2741,500.0,209.013,Flat,Main_0_2399
335,RegionA,665.07,0.0,0.6623,510.22,281.659333,Flat,Main_0_2399
335,RegionB,637.36,0.0,0.6195,510.22,316.946667,Flat,Main_0_2399
335,RegionC,618.89,0.0,0.5875,510.22,321.408333,Flat,Main_0_2399
335,RegionD,397.2,309.82,0.4486,510.22,251.703333,Flat,Main_0_2399
335,RegionE,351.01,273.79,0.235,510.22,253.943,Flat,Main_0_2399
335,RegionF,369.49,288.2,0.2777,510.22,273.473333,Flat,Main_0_2399
336,RegionA,480.62,0.0,0.6679,540.19,346.449667,Valley,Main_0_2399
336,RegionB,460.6,0.0,0.6248,540.19,306.496,Valley,Main_0_2399
336,RegionC,447.24,0.0,0.5925,540.19,355.867333,Valley,Main_0_2399
336,RegionD,287.04,223.89,0.4525,540.19,273.125333,Valley,Main_0_2399
336,RegionE,253.66,197.85,0.237,540.19,340.969333,Valley,Main_0_2399
336,RegionF,267.01,208.27,0.2801,540.19,317.15,Valley,Main_0_2399
337,RegionA,480.91,0.0,0.6703,587.87,338.328667,Valley,Main_0_2399
337,RegionB,460.87,0.0,0.6271,587.87,351.111,Valley,Main_0_2399
337,RegionC,447.51,0.0,0.5946,587.87,361.106667,Valley,Main_0_2399
337,RegionD,287.21,224.02,0.4541,587.87,310.811,Valley,Main_0_2399
337,RegionE,253.81,197.97,0.2378,587.87,395.88,Valley,Main_0_2399
337,RegionF,267.17,208.39,0.2811,587.87,327.349333,Valley,Main_0_2399
338,RegionA,481.2,0.0,0.6693,650.0,364.808,Valley,Main_0_2399
338,RegionB,461.15,0.0,0.6261,650.0,375.302667,Valley,Main_0_2399
338,RegionC,447.78,0.0,0.5937,650.0,382.519,Valley,Main_0_2399
338,RegionD,287.38,224.16,0.4534,650.0,268.642,Valley,Main_0_2399
338,RegionE,253.97,198.1,0.2375,650.0,385.68,Valley,Main_0_2399
338,RegionF,267.33,208.52,0.2807,650.0,359.603333,Valley,Main_0_2399
339,RegionA,481.49,0.0,0.665,722.35,368.409,Valley,Main_0_2399
339,RegionB,461.43,0.0,0.6221,722.35,377.723,Valley,Main_0_2399
339,RegionC,448.05,0.0,0.59,722.35,382.102667,Valley,Main_0_2399
339,RegionD,287.56,224.3,0.4505,722.35,349.506,Valley,Main_0_2399
339,RegionE,254.12,198.21,0.236,722.35,404.904667,Valley,Main_0_2399
339,RegionF,267.49,208.64,0.2789,722.35,406.03,Valley,Main_0_2399
340,RegionA,481.78,0.0,0.6578,800.0,384.814333,Valley,Main_0_2399
340,RegionB,461.7,0.0,0.6154,800.0,382.858667,Valley,Main_0_2399
340,RegionC,448.32,0.0,0.5836,800.0,378.050667,Valley,Main_0_2399
340,RegionD,287.73,224.43,0.4456,800.0,401.303333,Valley,Main_0_2399
340,RegionE,254.27,198.33,0.2334,800.0,436.34,Valley,Main_0_2399
340,RegionF,267.65,208.77,0.2759,800.0,416.884667,Valley,Main_0_2399
341,RegionA,482.06,0.0,0.6483,877.65,395.694667,Valley,Main_0_2399
341,RegionB,461.98,0.0,0.6064,877.65,383.326667,Valley,Main_0_2399
341,RegionC,448.59,0.0,0.5751,877.65,364.551667,Valley,Main_0_2399
341,RegionD,287.9,224.56,0.4391,877.65,410.132,Valley,Main_0_2399
341,RegionE,254.42,198.45,0.23,877.65,418.574333,Valley,Main_0_2399
341,RegionF,267.81,208.89,0.2719,877.65,405.173333,Valley,Main_0_2399
342,RegionA,482.35,0.0,0.637,950.0,396.757333,Valley,Main_0_2399
342,RegionB,462.25,0.0,0.5959,950.0,364.861,Valley,Main_0_2399
342,RegionC,448.85,0.0,0.5651,950.0,362.901333,Valley,Main_0_2399
342,RegionD,288.07,224.69,0.4315,950.0,409.585333,Valley,Main_0_2399
342,RegionE,254.57,198.56,0.226,950.0,401.026667,Valley,Main_0_2399
342,RegionF,267.97,209.02,0.2671,950.0,377.578,Valley,Main_0_2399
343,RegionA,742.5,0.0,0.6248,1012.13,399.224,Flat,Main_0_2399
343,RegionB,711.57,0.0,0.5845,1012.13,373.444,Flat,Main_0_2399
343,RegionC,690.94,0.0,0.5543,1012.13,368.812667,Flat,Main_0_2399
343,RegionD,443.44,345.88,0.4233,1012.13,413.853667,Flat,Main_0_2399
343,RegionE,391.88,305.67,0.2217,1012.13,391.542,Flat,Main_0_2399
343,RegionF,412.5,321.75,0.262,1012.13,376.696667,Flat,Main_0_2399
344,RegionA,742.93,0.0,0.6126,1059.81,399.534667,Flat,Main_0_2399
344,RegionB,711.98,0.0,0.5731,1059.81,373.748667,Flat,Main_0_2399
344,RegionC,691.34,0.0,0.5435,1059.81,378.544667,Flat,Main_0_2399
344,RegionD,443.7,346.09,0.415,1059.81,350.15,Flat,Main_0_2399
344,RegionE,392.1,305.84,0.2174,1059.81,411.791333,Flat,Main_0_2399
344,RegionF,412.74,321.94,0.2569,1059.81,365.391667,Flat,Main_0_2399
345,RegionA,743.36,0.0,0.6013,1089.78,398.825333,Flat,Main_0_2399
345,RegionB,712.38,0.0,0.5625,1089.78,375.704,Flat,Main_0_2399
345,RegionC,691.73,0.0,0.5334,1089.78,377.766667,Flat,Main_0_2399
345,RegionD,443.95,346.28,0.4074,1089.78,317.225,Flat,Main_0_2399
345,RegionE,392.33,306.02,0.2134,1089.78,351.048667,Flat,Main_0_2399
345,RegionF,412.98,322.12,0.2522,1089.78,351.568667,Flat,Main_0_2399
346,RegionA,743.78,0.0,0.5917,1100.0,378.576,Flat,Main_0_2399
346,RegionB,712.79,0.0,0.5535,1100.0,375.84,Flat,Main_0_2399
346,RegionC,692.13,0.0,0.5249,1100.0,378.334,Flat,Main_0_2399
346,RegionD,444.2,346.48,0.4008,1100.0,274.023333,Flat,Main_0_2399
346,RegionE,392.55,306.19,0.21,1100.0,322.288,Flat,Main_0_2399
346,RegionF,413.21,322.3,0.2481,1100.0,301.51,Flat,Main_0_2399
347,RegionA,744.19,0.0,0.5845,1089.78,349.283667,Flat,Main_0_2399
347,RegionB,713.18,0.0,0.5468,1089.78,365.635,Flat,Main_0_2399
347,RegionC,692.51,0.0,0.5185,1089.78,359.157667,Flat,Main_0_2399
347,RegionD,444.45,346.67,0.3959,1089.78,229.111333,Flat,Main_0_2399
347,RegionE,392.77,306.36,0.2074,1089.78,272.891333,Flat,Main_0_2399
347,RegionF,413.44,322.48,0.2451,1089.78,278.015333,Flat,Main_0_2399
348,RegionA,744.6,0.0,0.5802,1059.81,334.205667,Flat,Main_0_2399
348,RegionB,713.57,0.0,0.5427,1059.81,325.140667,Flat,Main_0_2399
348,RegionC,692.89,0.0,0.5147,1059.81,329.298,Flat,Main_0_2399
348,RegionD,444.69,346.86,0.393,1059.81,211.885333,Flat,Main_0_2399
348,RegionE,392.98,306.52,0.2059,1059.81,227.392667,Flat,Main_0_2399
348,RegionF,413.67,322.66,0.2433,1059.81,301.428,Flat,Main_0_2399
349,RegionA,745.0,0.0,0.5791,1012.13,319.000333,Flat,Main_0_2399
349,RegionB,713.96,0.0,0.5417,1012.13,305.279667,Flat,Main_0_2399
349,RegionC,693.26,0.0,0.5137,1012.13,303.821,Flat,Main_0_2399
349,RegionD,444.93,347.05,0.3923,1012.13,203.617667,Flat,Main_0_2399
349,RegionE,393.19,306.69,0.2055,1012.13,214.464333,Flat,Main_0_2399
349,RegionF,413.89,322.83,0.2428,1012.13,270.033,Flat,Main_0_2399
350,RegionA,745.39,0.0,0.5814,950.0,291.553667,Flat,Main_0_2399
350,RegionB,714.33,0.0,0.5439,950.0,248.33,Flat,Main_0_2399
350,RegionC,693.63,0.0,0.5157,950.0,292.59,Flat,Main_0_2399
350,RegionD,445.16,347.22,0.3938,950.0,166.494333,Flat,Main_0_2399
350,RegionE,393.4,306.85,0.2063,950.0,205.549333,Flat,Main_0_2399
350,RegionF,414.11,323.01,0.2438,950.0,243.614333,Flat,Main_0_2399
351,RegionA,745.78,0.0,0.5869,877.65,279.579333,Flat,Main_0_2399
351,RegionB,714.7,0.0,0.5491,877.65,222.916,Flat,Main_0_2399
351,RegionC,693.99,0.0,0.5207,877.65,273.086,Flat,Main_0_2399
351,RegionD,445.4,347.41,0.3976,877.65,166.377,Flat,Main_0_2399
351,RegionE,393.61,307.02,0.2083,877.65,156.694,Flat,Main_0_2399
351,RegionF,414.32,323.17,0.2461,877.65,233.980333,Flat,Main_0_2399
352,RegionA,746.16,0.0,0.5954,800.0,254.182,Flat,Main_0_2399
352,RegionB,715.07,0.0,0.557,800.0,195.283333,Flat,Main_0_2399
352,RegionC,694.34,0.0,0.5282,800.0,235.589333,Flat,Main_0_2399
352,RegionD,445.62,347.58,0.4033,800.0,150.113667,Flat,Main_0_2399
352,RegionE,393.8,307.16,0.2113,800.0,184.834333,Flat,Main_0_2399
352,RegionF,414.53,323.33,0.2497,800.0,188.020667,Flat,Main_0_2399
353,RegionA,1082.46,0.0,0.6062,722.35,207.522,Peak,Main_0_2399
353,RegionB,1037.36,0.0,0.5671,722.35,201.824667,Peak,Main_0_2399
353,RegionC,1007.29,0.0,0.5378,722.35,243.07,Peak,Main_0_2399
353,RegionD,646.47,504.25,0.4107,722.35,164.021,Peak,Main_0_2399
353,RegionE,571.3,445.61,0.2151,722.35,182.76,Peak,Main_0_2399
353,RegionF,601.37,469.07,0.2542,722.35,141.471333,Peak,Main_0_2399
354,RegionA,1082.98,0.0,0.6188,650.0,210.108667,Peak,Main_0_2399
354,RegionB,1037.86,0.0,0.5788,650.0,202.551333,Peak,Main_0_2399
354,RegionC,1007.78,0.0,0.5489,650.0,225.276,Peak,Main_0_2399
354,RegionD,646.78,504.49,0.4192,650.0,159.55,Peak,Main_0_2399
354,RegionE,571.58,445.83,0.2196,650.0,189.814,Peak,Main_0_2399
354,RegionF,601.66,469.29,0.2595,650.0,122.291333,Peak,Main_0_2399
355,RegionA,1083.49,0.0,0.6321,587.87,262.698,Peak,Main_0_2399
355,RegionB,1038.35,0.0,0.5913,587.87,219.573333,Peak,Main_0_2399
355,RegionC,1008.25,0.0,0.5608,587.87,212.661,Peak,Main_0_2399
355,RegionD,647.09,504.73,0.4282,587.87,169.013333,Peak,Main_0_2399
355,RegionE,571.84,446.04,0.2243,587.87,152.337333,Peak,Main_0_2399
355,RegionF,601.94,469.51,0.2651,587.87,132.645,Peak,Main_0_2399
356,RegionA,1083.99,0.0,0.6455,540.19,207.882667,Peak,Main_0_2399
356,RegionB,1038.82,0.0,0.6038,540.19,214.709333,Peak,Main_0_2399
356,RegionC,1008.71,0.0,0.5726,540.19,219.169333,Peak,Main_0_2399
356,RegionD,647.38,504.96,0.4373,540.19,153.461,Peak,Main_0_2399
356,RegionE,572.1,446.24,0.229,540.19,207.482,Peak,Main_0_2399
356,RegionF,602.21,469.72,0.2707,540.19,76.784667,Peak,Main_0_2399
357,RegionA,1084.47,0.0,0.658,510.22,260.096667,Peak,Main_0_2399
357,RegionB,1039.28,0.0,0.6155,510.22,255.189333,Peak,Main_0_2399
357,RegionC,1009.16,0.0,0.5837,510.22,247.343333,Peak,Main_0_2399
357,RegionD,647.67,505.18,0.4457,510.22,173.183667,Peak,Main_0_2399
357,RegionE,572.36,446.44,0.2335,510.22,218.223,Peak,Main_0_2399
357,RegionF,602.48,469.93,0.2759,510.22,107.939333,Peak,Main_0_2399
358,RegionA,673.4,0.0,0.6687,500.0,278.93,Flat,Main_0_2399
358,RegionB,645.35,0.0,0.6256,500.0,264.457,Flat,Main_0_2399
358,RegionC,626.64,0.0,0.5932,500.0,277.97,Flat,Main_0_2399
358,RegionD,402.17,313.69,0.453,500.0,180.566,Flat,Main_0_2399
358,RegionE,355.41,277.22,0.2373,500.0,241.126667,Flat,Main_0_2399
358,RegionF,374.11,291.81,0.2804,500.0,157.394,Flat,Main_0_2399
359,RegionA,673.68,0.0,0.6771,510.22,319.194333,Flat,Main_0_2399
359,RegionB,645.61,0.0,0.6334,510.22,294.144667,Flat,Main_0_2399
359,RegionC,626.9,0.0,0.6006,510.22,292.976,Flat,Main_0_2399
359,RegionD,402.34,313.83,0.4586,510.22,245.983,Flat,Main_0_2399
359,RegionE,355.55,277.33,0.2402,510.22,278.602667,Flat,Main_0_2399
359,RegionF,374.27,291.93,0.2839,510.22,198.503333,Flat,Main_0_2399
360,RegionA,486.74,0.0,0.6825,540.19,375.569333,Valley,Main_0_2399
360,RegionB,466.46,0.0,0.6384,540.19,298.071333,Valley,Main_0_2399
360,RegionC,452.94,0.0,0.6054,540.19,374.483,Valley,Main_0_2399
360,RegionD,290.69,226.74,0.4623,540.19,288.116667,Valley,Main_0_2399
360,RegionE,256.89,200.37,0.2422,540.19,301.333333,Valley,Main_0_2399
360,RegionF,270.41,210.92,0.2862,540.19,188.929333,Valley,Main_0_2399
361,RegionA,486.93,0.0,0.6846,587.87,367.203333,Valley,Main_0_2399
361,RegionB,466.64,0.0,0.6404,587.87,357.893333,Valley,Main_0_2399
361,RegionC,453.11,0.0,0.6073,587.87,346.235,Valley,Main_0_2399
361,RegionD,290.8,226.82,0.4637,587.87,299.34,Valley,Main_0_2399
361,RegionE,256.99,200.45,0.2429,587.87,377.541,Valley,Main_0_2399
361,RegionF,270.51,211.0,0.2871,587.87,212.17,Valley,Main_0_2399
362,RegionA,487.1,0.0,0.6833,650.0,376.594667,Valley,Main_0_2399
362,RegionB,466.81,0.0,0.6392,650.0,365.724,Valley,Main_0_2399
362,RegionC,453.28,0.0,0.6061,650.0,370.508,Valley,Main_0_2399
362,RegionD,290.91,226.91,0.4629,650.0,304.343333,Valley,Main_0_2399
362,RegionE,257.08,200.52,0.2425,650.0,335.757333,Valley,Main_0_2399
362,RegionF,270.61,211.08,0.2865,650.0,272.184,Valley,Main_0_2399
363,RegionA,487.27,0.0,0.6787,722.35,391.35,Valley,Main_0_2399
363,RegionB,466.97,0.0,0.6349,722.35,363.808,Valley,Main_0_2399
363,RegionC,453.43,0.0,0.6021,722.35,370.44,Valley,Main_0_2399
363,RegionD,291.01,226.99,0.4598,722.35,332.727,Valley,Main_0_2399
363,RegionE,257.17,200.59,0.2408,722.35,386.326,Valley,Main_0_2399
363,RegionF,270.71,211.15,0.2846,722.35,303.616667,Valley,Main_0_2399
364,RegionA,487.43,0.0,0.6712,800.0,368.353667,Valley,Main_0_2399
364,RegionB,467.12,0.0,0.6279,800.0,375.179333,Valley,Main_0_2399
364,RegionC,453.58,0.0,0.5954,800.0,360.382667,Valley,Main_0_2399
364,RegionD,291.1,227.06,0.4547,800.0,342.350667,Valley,Main_0_2399
364,RegionE,257.26,200.66,0.2382,800.0,435.223333,Valley,Main_0_2399
364,RegionF,270.8,211.22,0.2815,800.0,417.63,Valley,Main_0_2399
365,RegionA,487.58,0.0,0.6612,877.65,358.645333,Valley,Main_0_2399
365,RegionB,467.27,0.0,0.6186,877.65,376.074667,Valley,Main_0_2399
365,RegionC,453.72,0.0,0.5866,877.65,358.12,Valley,Main_0_2399
365,RegionD,291.2,227.14,0.4479,877.65,328.856,Valley,Main_0_2399
365,RegionE,257.34,200.73,0.2346,877.65,451.021333,Valley,Main_0_2399
365,RegionF,270.88,211.29,0.2773,877.65,414.634667,Valley,Main_0_2399
366,RegionA,487.73,0.0,0.6496,950.0,348.724,Valley,Main_0_2399
366,RegionB,467.4,0.0,0.6077,950.0,362.001333,Valley,Main_0_2399
366,RegionC,453.86,0.0,0.5763,950.0,354.238667,Valley,Main_0_2399
366,RegionD,291.28,227.2,0.44,950.0,341.253333,Valley,Main_0_2399
366,RegionE,257.41,200.78,0.2305,950.0,428.540667,Valley,Main_0_2399
366,RegionF,270.96,211.35,0.2724,950.0,431.372667,Valley,Main_0_2399
367,RegionA,750.55,0.0,0.637,1012.13,361.284333,Flat,Main_0_2399
367,RegionB,719.28,0.0,0.5959,1012.13,361.630667,Flat,Main_0_2399
367,RegionC,698.43,0.0,0.5651,1012.13,356.445333,Flat,Main_0_2399
367,RegionD,448.25,349.63,0.4315,1012.13,335.699667,Flat,Main_0_2399
367,RegionE,396.13,308.98,0.226,1012.13,426.682,Flat,Main_0_2399
367,RegionF,416.97,325.24,0.2671,1012.13,416.114,Flat,Main_0_2399
368,RegionA,750.75,0.0,0.6245,1059.81,362.226667,Flat,Main_0_2399
368,RegionB,719.47,0.0,0.5842,1059.81,338.129333,Flat,Main_0_2399
368,RegionC,698.61,0.0,0.554,1059.81,363.648,Flat,Main_0_2399
368,RegionD,448.36,349.72,0.423,1059.81,372.196667,Flat,Main_0_2399
368,RegionE,396.23,309.06,0.2216,1059.81,364.66,Flat,Main_0_2399
368,RegionF,417.08,325.32,0.2619,1059.81,407.699667,Flat,Main_0_2399
369,RegionA,750.92,0.0,0.6128,1089.78,360.665333,Flat,Main_0_2399
369,RegionB,719.64,0.0,0.5732,1089.78,342.573333,Flat,Main_0_2399
369,RegionC,698.78,0.0,0.5436,1089.78,367.42,Flat,Main_0_2399
369,RegionD,448.47,349.81,0.4151,1089.78,325.305333,Flat,Main_0_2399
369,RegionE,396.32,309.13,0.2174,1089.78,346.72,Flat,Main_0_2399
369,RegionF,417.18,325.4,0.257,1089.78,381.952667,Flat,Main_0_2399
370,RegionA,751.09,0.0,0.6027,1100.0,340.380667,Flat,Main_0_2399
370,RegionB,719.79,0.0,0.5638,1100.0,345.759333,Flat,Main_0_2399
370,RegionC,698.93,0.0,0.5347,1100.0,371.051333,Flat,Main_0_2399
370,RegionD,448.57,349.88,0.4083,1100.0,275.757667,Flat,Main_0_2399
370,RegionE,396.41,309.2,0.2139,1100.0,306.248333,Flat,Main_0_2399
370,RegionF,417.27,325.47,0.2527,1100.0,353.010667,Flat,Main_0_2399
371,RegionA,751.24,0.0,0.595,1089.78,318.361667,Flat,Main_0_2399
371,RegionB,719.94,0.0,0.5566,1089.78,350.001,Flat,Main_0_2399
371,RegionC,699.07,0.0,0.5278,1089.78,377.586667,Flat,Main_0_2399
371,RegionD,448.66,349.95,0.4031,1089.78,183.026667,Flat,Main_0_2399
371,RegionE,396.49,309.26,0.2111,1089.78,297.721333,Flat,Main_0_2399
371,RegionF,417.35,325.53,0.2495,1089.78,320.778667,Flat,Main_0_2399
372,RegionA,751.37,0.0,0.5902,1059.81,318.775667,Flat,Main_0_2399
372,RegionB,720.06,0.0,0.5521,1059.81,333.984667,Flat,Main_0_2399
372,RegionC,699.19,0.0,0.5236,1059.81,355.032667,Flat,Main_0_2399
372,RegionD,448.74,350.02,0.3998,1059.81,180.024667,Flat,Main_0_2399
372,RegionE,396.56,309.32,0.2094,1059.81,286.008333,Flat,Main_0_2399
372,RegionF,417.43,325.6,0.2475,1059.81,286.071667,Flat,Main_0_2399
373,RegionA,751.49,0.0,0.5887,1012.13,293.248,Flat,Main_0_2399
373,RegionB,720.18,0.0,0.5507,1012.13,341.295333,Flat,Main_0_2399
373,RegionC,699.3,0.0,0.5222,1012.13,324.19,Flat,Main_0_2399
373,RegionD,448.81,350.07,0.3988,1012.13,153.375,Flat,Main_0_2399
373,RegionE,396.62,309.36,0.2089,1012.13,291.936,Flat,Main_0_2399
373,RegionF,417.5,325.65,0.2469,1012.13,272.490333,Flat,Main_0_2399
374,RegionA,751.6,0.0,0.5905,950.0,277.871667,Flat,Main_0_2399
374,RegionB,720.28,0.0,0.5524,950.0,301.877667,Flat,Main_0_2399
374,RegionC,699.4,0.0,0.5238,950.0,318.530667,Flat,Main_0_2399
374,RegionD,448.87,350.12,0.4,950.0,240.648333,Flat,Main_0_2399
374,RegionE,396.68,309.41,0.2095,950.0,259.900667,Flat,Main_0_2399
374,RegionF,417.55,325.69,0.2476,950.0,249.735333,Flat,Main_0_2399
375,RegionA,751.69,0.0,0.5955,877.65,263.403667,Flat,Main_0_2399
375,RegionB,720.36,0.0,0.5571,877.65,269.533667,Flat,Main_0_2399
375,RegionC,699.48,0.0,0.5283,877.65,273.528,Flat,Main_0_2399
375,RegionD,448.92,350.16,0.4034,877.65,242.538333,Flat,Main_0_2399
375,RegionE,396.72,309.44,0.2113,877.65,222.626,Flat,Main_0_2399
375,RegionF,417.6,325.73,0.2497,877.65,190.252,Flat,Main_0_2399
376,RegionA,751.76,0.0,0.6035,800.0,219.939333,Flat,Main_0_2399
376,RegionB,720.44,0.0,0.5645,800.0,241.017333,Flat,Main_0_2399
376,RegionC,699.55,0.0,0.5353,800.0,235.521333,Flat,Main_0_2399
376,RegionD,448.97,350.2,0.4088,800.0,220.160667,Flat,Main_0_2399
376,RegionE,396.76,309.47,0.2141,800.0,205.231667,Flat,Main_0_2399
376,RegionF,417.64,325.76,0.2531,800.0,187.266,Flat,Main_0_2399
377,RegionA,1090.14,0.0,0.6138,722.35,206.796333,Peak,Main_0_2399
377,RegionB,1044.71,0.0,0.5742,722.35,233.02,Peak,Main_0_2399
377,RegionC,1014.43,0.0,0.5445,722.35,226.738667,Peak,Main_0_2399
377,RegionD,651.05,507.82,0.4158,722.35,200.04,Peak,Main_0_2399
377,RegionE,575.35,448.77,0.2178,722.35,181.671333,Peak,Main_0_2399
377,RegionF,605.63,472.39,0.2574,722.35,183.786,Peak,Main_0_2399
378,RegionA,1090.2,0.0,0.6258,650.0,215.313333,Peak,Main_0_2399
378,RegionB,1044.78,0.0,0.5854,650.0,235.114,Peak,Main_0_2399
378,RegionC,1014.49,0.0,0.5551,650.0,210.378667,Peak,Main_0_2399
378,RegionD,651.09,507.85,0.4239,650.0,200.67,Peak,Main_0_2399
378,RegionE,575.38,448.8,0.222,650.0,158.807667,Peak,Main_0_2399
378,RegionF,605.67,472.42,0.2624,650.0,188.365333,Peak,Main_0_2399
379,RegionA,1090.24,0.0,0.6386,587.87,243.97,Peak,Main_0_2399
379,RegionB,1044.82,0.0,0.5974,587.87,211.914667,Peak,Main_0_2399
379,RegionC,1014.53,0.0,0.5665,587.87,229.759333,Peak,Main_0_2399
379,RegionD,651.12,507.87,0.4326,587.87,143.759333,Peak,Main_0_2399
379,RegionE,575.41,448.82,0.2266,587.87,173.476,Peak,Main_0_2399
379,RegionF,605.69,472.44,0.2678,587.87,196.114667,Peak,Main_0_2399
380,RegionA,1090.26,0.0,0.6514,540.19,236.666667,Peak,Main_0_2399
380,RegionB,1044.83,0.0,0.6094,540.19,223.798667,Peak,Main_0_2399
380,RegionC,1014.55,0.0,0.5778,540.19,210.708333,Peak,Main_0_2399
380,RegionD,651.13,507.88,0.4413,540.19,101.161667,Peak,Main_0_2399
380,RegionE,575.42,448.83,0.2311,540.19,198.393333,Peak,Main_0_2399
380,RegionF,605.7,472.45,0.2732,540.19,213.143333,Peak,Main_0_2399
381,RegionA,1090.26,0.0,0.6633,510.22,239.637333,Peak,Main_0_2399
381,RegionB,1044.83,0.0,0.6205,510.22,285.306667,Peak,Main_0_2399
381,RegionC,1014.55,0.0,0.5884,510.22,239.614667,Peak,Main_0_2399
381,RegionD,651.13,507.88,0.4493,510.22,116.801333,Peak,Main_0_2399
381,RegionE,575.41,448.82,0.2354,510.22,218.533333,Peak,Main_0_2399
381,RegionF,605.7,472.45,0.2782,510.22,185.586333,Peak,Main_0_2399
382,RegionA,676.7,0.0,0.6735,500.0,276.411667,Flat,Main_0_2399
382,RegionB,648.5,0.0,0.63,500.0,259.794,Flat,Main_0_2399
382,RegionC,629.7,0.0,0.5974,500.0,237.445333,Flat,Main_0_2399
382,RegionD,404.14,315.23,0.4562,500.0,60.080333,Flat,Main_0_2399
382,RegionE,357.15,278.58,0.239,500.0,229.970667,Flat,Main_0_2399
382,RegionF,375.94,293.23,0.2824,500.0,195.343333,Flat,Main_0_2399
383,RegionA,676.67,0.0,0.6812,510.22,299.477667,Flat,Main_0_2399
383,RegionB,648.47,0.0,0.6373,510.22,310.266667,Flat,Main_0_2399
383,RegionC,629.68,0.0,0.6043,510.22,287.358,Flat,Main_0_2399
383,RegionD,404.12,315.21,0.4615,510.22,81.891667,Flat,Main_0_2399
383,RegionE,357.13,278.56,0.2417,510.22,246.574667,Flat,Main_0_2399
383,RegionF,375.93,293.23,0.2857,510.22,184.79,Flat,Main_0_2399
384,RegionA,488.67,0.0,0.686,540.19,343.566,Valley,Main_0_2399
384,RegionB,468.31,0.0,0.6418,540.19,346.135,Valley,Main_0_2399
384,RegionC,454.74,0.0,0.6086,540.19,295.206667,Valley,Main_0_2399
384,RegionD,291.85,227.64,0.4647,540.19,161.492,Valley,Main_0_2399
384,RegionE,257.91,201.17,0.2434,540.19,327.946,Valley,Main_0_2399
384,RegionF,271.49,211.76,0.2877,540.19,247.143333,Valley,Main_0_2399
385,RegionA,488.63,0.0,0.6876,587.87,352.476667,Valley,Main_0_2399
385,RegionB,468.27,0.0,0.6432,587.87,377.474667,Valley,Main_0_2399
385,RegionC,454.7,0.0,0.6099,587.87,294.380667,Valley,Main_0_2399
385,RegionD,291.82,227.62,0.4658,587.87,228.613333,Valley,Main_0_2399
385,RegionE,257.89,201.15,0.244,587.87,363.333333,Valley,Main_0_2399
385,RegionF,271.46,211.74,0.2883,587.87,299.394,Valley,Main_0_2399
386,RegionA,488.58,0.0,0.6857,650.0,395.797,Valley,Main_0_2399
386,RegionB,468.23,0.0,0.6414,650.0,385.445,Valley,Main_0_2399
386,RegionC,454.65,0.0,0.6083,650.0,338.773333,Valley,Main_0_2399
386,RegionD,291.79,227.6,0.4645,650.0,267.912333,Valley,Main_0_2399
386,RegionE,257.86,201.13,0.2433,650.0,389.9,Valley,Main_0_2399
386,RegionF,271.44,211.72,0.2875,650.0,331.386667,Valley,Main_0_2399
387,RegionA,488.52,0.0,0.6805,722.35,386.681333,Valley,Main_0_2399
387,RegionB,468.17,0.0,0.6366,722.35,390.707667,Valley,Main_0_2399
387,RegionC,454.6,0.0,0.6037,722.35,354.450667,Valley,Main_0_2399
387,RegionD,291.76,227.57,0.461,722.35,278.021,Valley,Main_0_2399
387,RegionE,257.83,201.11,0.2415,722.35,361.337333,Valley,Main_0_2399
387,RegionF,271.4,211.69,0.2854,722.35,381.024,Valley,Main_0_2399
388,RegionA,488.46,0.0,0.6724,800.0,382.453333,Valley,Main_0_2399
388,RegionB,468.1,0.0,0.629,800.0,390.646667,Valley,Main_0_2399
388,RegionC,454.54,0.0,0.5965,800.0,368.58,Valley,Main_0_2399
388,RegionD,291.72,227.54,0.4555,800.0,284.816667,Valley,Main_0_2399
388,RegionE,257.8,201.08,0.2386,800.0,366.826667,Valley,Main_0_2399
388,RegionF,271.36,211.66,0.282,800.0,433.432667,Valley,Main_0_2399
389,RegionA,488.38,0.0,0.6618,877.65,394.200667,Valley,Main_0_2399
389,RegionB,468.03,0.0,0.6191,877.65,384.929333,Valley,Main_0_2399
389,RegionC,454.46,0.0,0.5871,877.65,380.232,Valley,Main_0_2399
389,RegionD,291.67,227.5,0.4483,877.65,316.999667,Valley,Main_0_2399
389,RegionE,257.76,201.05,0.2348,877.65,369.904333,Valley,Main_0_2399
389,RegionF,271.32,211.63,0.2775,877.65,403.551333,Valley,Main_0_2399
390,RegionA,488.29,0.0,0.6496,950.0,384.741333,Valley,Main_0_2399
390,RegionB,467.95,0.0,0.6077,950.0,387.233333,Valley,Main_0_2399
390,RegionC,454.38,0.0,0.5763,950.0,381.328333,Valley,Main_0_2399
390,RegionD,291.62,227.46,0.44,950.0,329.62,Valley,Main_0_2399
390,RegionE,257.71,201.01,0.2305,950.0,386.853333,Valley,Main_0_2399
390,RegionF,271.27,211.59,0.2724,950.0,388.517333,Valley,Main_0_2399
391,RegionA,751.07,0.0,0.6364,1012.13,384.323333,Flat,Main_0_2399
391,RegionB,719.77,0.0,0.5954,1012.13,386.410667,Flat,Main_0_2399
391,RegionC,698.91,0.0,0.5646,1012.13,381.792667,Flat,Main_0_2399
391,RegionD,448.56,349.88,0.4311,1012.13,313.399333,Flat,Main_0_2399
391,RegionE,396.4,309.19,0.2258,1012.13,396.178,Flat,Main_0_2399
391,RegionF,417.26,325.46,0.2669,1012.13,380.95,Flat,Main_0_2399
392,RegionA,750.91,0.0,0.6233,1059.81,394.836667,Flat,Main_0_2399
392,RegionB,719.62,0.0,0.5831,1059.81,387.748,Flat,Main_0_2399
392,RegionC,698.76,0.0,0.5529,1059.81,382.612,Flat,Main_0_2399
392,RegionD,448.46,349.8,0.4222,1059.81,311.233667,Flat,Main_0_2399
392,RegionE,396.31,309.12,0.2212,1059.81,395.464,Flat,Main_0_2399
392,RegionF,417.17,325.39,0.2614,1059.81,369.92,Flat,Main_0_2399
393,RegionA,750.73,0.0,0.6109,1089.78,393.007333,Flat,Main_0_2399
393,RegionB,719.45,0.0,0.5715,1089.78,388.379,Flat,Main_0_2399
393,RegionC,698.6,0.0,0.542,1089.78,383.233333,Flat,Main_0_2399
393,RegionD,448.35,349.71,0.4139,1089.78,273.122333,Flat,Main_0_2399
393,RegionE,396.22,309.05,0.2168,1089.78,373.787333,Flat,Main_0_2399
393,RegionF,417.07,325.31,0.2562,1089.78,348.259333,Flat,Main_0_2399
394,RegionA,750.55,0.0,0.6003,1100.0,392.94,Flat,Main_0_2399
394,RegionB,719.27,0.0,0.5616,1100.0,388.350667,Flat,Main_0_2399
394,RegionC,698.43,0.0,0.5325,1100.0,384.777333,Flat,Main_0_2399
394,RegionD,448.24,349.63,0.4067,1100.0,274.407667,Flat,Main_0_2399
394,RegionE,396.12,308.97,0.213,1100.0,339.46,Flat,Main_0_2399
394,RegionF,416.97,325.24,0.2517,1100.0,275.409333,Flat,Main_0_2399
395,RegionA,750.35,0.0,0.592,1089.78,376.520333,Flat,Main_0_2399
395,RegionB,719.08,0.0,0.5538,1089.78,373.93,Flat,Main_0_2399
395,RegionC,698.24,0.0,0.5252,1089.78,373.311333,Flat,Main_0_2399
395,RegionD,448.12,349.53,0.401,1089.78,264.796,Flat,Main_0_2399
395,RegionE,396.02,308.9,0.2101,1089.78,306.224,Flat,Main_0_2399
395,RegionF,416.86,325.15,0.2483,1089.78,249.042,Flat,Main_0_2399
396,RegionA,750.13,0.0,0.5866,1059.81,332.456667,Flat,Main_0_2399
396,RegionB,718.88,0.0,0.5488,1059.81,352.979667,Flat,Main_0_2399
396,RegionC,698.04,0.0,0.5204,1059.81,345.265333,Flat,Main_0_2399
396,RegionD,448.0,349.44,0.3974,1059.81,324.731,Flat,Main_0_2399
396,RegionE,395.9,308.8,0.2082,1059.81,294.260667,Flat,Main_0_2399
396,RegionF,416.74,325.06,0.246,1059.81,219.639667,Flat,Main_0_2399
397,RegionA,749.91,0.0,0.5845,1012.13,334.435333,Flat,Main_0_2399
397,RegionB,718.66,0.0,0.5468,1012.13,314.989667,Flat,Main_0_2399
397,RegionC,697.83,0.0,0.5185,1012.13,343.318333,Flat,Main_0_2399
397,RegionD,447.86,349.33,0.396,1012.13,325.436333,Flat,Main_0_2399
397,RegionE,395.79,308.72,0.2074,1012.13,273.681,Flat,Main_0_2399
397,RegionF,416.62,324.96,0.2451,1012.13,215.05,Flat,Main_0_2399
398,RegionA,749.67,0.0,0.5857,950.0,314.691,Flat,Main_0_2399
398,RegionB,718.44,0.0,0.5479,950.0,304.387667,Flat,Main_0_2399
398,RegionC,697.61,0.0,0.5196,950.0,314.797333,Flat,Main_0_2399
398,RegionD,447.72,349.22,0.3968,950.0,280.189,Flat,Main_0_2399
398,RegionE,395.66,308.61,0.2078,950.0,230.244,Flat,Main_0_2399
398,RegionF,416.49,324.86,0.2456,950.0,193.818,Flat,Main_0_2399
399,RegionA,749.43,0.0,0.5902,877.65,292.033,Flat,Main_0_2399
399,RegionB,718.2,0.0,0.5521,877.65,295.046333,Flat,Main_0_2399
399,RegionC,697.38,0.0,0.5236,877.65,279.529,Flat,Main_0_2399
399,RegionD,447.57,349.1,0.3998,877.65,231.084667,Flat,Main_0_2399
399,RegionE,395.53,308.51,0.2094,877.65,201.639,Flat,Main_0_2399
399,RegionF,416.35,324.75,0.2475,877.65,173.108,Flat,Main_0_2399
400,RegionA,749.17,0.0,0.5976,800.0,221.808667,Flat,Main_0_2399
400,RegionB,717.95,0.0,0.559,800.0,252.396667,Flat,Main_0_2399
400,RegionC,697.14,0.0,0.5301,800.0,260.480667,Flat,Main_0_2399
400,RegionD,447.42,348.99,0.4048,800.0,161.924667,Flat,Main_0_2399
400,RegionE,395.4,308.41,0.212,800.0,158.483,Flat,Main_0_2399
400,RegionF,416.21,324.64,0.2506,800.0,177.529667,Flat,Main_0_2399
401,RegionA,1085.91,0.0,0.6073,722.35,221.551333,Peak,Main_0_2399
401,RegionB,1040.66,0.0,0.5681,722.35,223.678,Peak,Main_0_2399
401,RegionC,1010.5,0.0,0.5388,722.35,219.812667,Peak,Main_0_2399
401,RegionD,648.53,505.85,0.4114,722.35,163.211,Peak,Main_0_2399
401,RegionE,573.12,447.03,0.2155,722.35,148.060667,Peak,Main_0_2399
401,RegionF,603.28,470.56,0.2547,722.35,172.338667,Peak,Main_0_2399
402,RegionA,1085.5,0.0,0.6188,650.0,213.535667,Peak,Main_0_2399
402,RegionB,1040.27,0.0,0.5788,650.0,237.516667,Peak,Main_0_2399
402,RegionC,1010.12,0.0,0.5489,650.0,235.233333,Peak,Main_0_2399
402,RegionD,648.29,505.67,0.4192,650.0,168.88,Peak,Main_0_2399
402,RegionE,572.9,446.86,0.2196,650.0,169.16,Peak,Main_0_2399
402,RegionF,603.06,470.39,0.2595,650.0,96.058,Peak,Main_0_2399
403,RegionA,1085.09,0.0,0.631,587.87,238.322,Peak,Main_0_2399
403,RegionB,1039.87,0.0,0.5903,587.87,245.006333,Peak,Main_0_2399
403,RegionC,1009.73,0.0,0.5598,587.87,201.466,Peak,Main_0_2399
403,RegionD,648.04,505.47,0.4275,587.87,103.234,Peak,Main_0_2399
403,RegionE,572.68,446.69,0.2239,587.87,203.030667,Peak,Main_0_2399
403,RegionF,602.83,470.21,0.2646,587.87,97.628333,Peak,Main_0_2399
404,RegionA,1084.66,0.0,0.6433,540.19,241.19,Peak,Main_0_2399
404,RegionB,1039.46,0.0,0.6018,540.19,254.046667,Peak,Main_0_2399
404,RegionC,1009.33,0.0,0.5707,540.19,185.836667,Peak,Main_0_2399
404,RegionD,647.78,505.27,0.4358,540.19,124.514,Peak,Main_0_2399
404,RegionE,572.46,446.52,0.2283,540.19,187.699667,Peak,Main_0_2399
404,RegionF,602.59,470.02,0.2698,540.19,131.847,Peak,Main_0_2399
405,RegionA,1084.21,0.0,0.6547,510.22,249.548,Peak,Main_0_2399
405,RegionB,1039.04,0.0,0.6125,510.22,258.068333,Peak,Main_0_2399
405,RegionC,1008.92,0.0,0.5808,510.22,180.842,Peak,Main_0_2399
405,RegionD,647.52,505.07,0.4435,510.22,164.4,Peak,Main_0_2399
405,RegionE,572.22,446.33,0.2323,510.22,214.682667,Peak,Main_0_2399
405,RegionF,602.34,469.83,0.2745,510.22,200.647333,Peak,Main_0_2399
406,RegionA,672.68,0.0,0.6644,500.0,261.408333,Flat,Main_0_2399
406,RegionB,644.65,0.0,0.6215,500.0,271.630667,Flat,Main_0_2399
406,RegionC,625.96,0.0,0.5894,500.0,263.138667,Flat,Main_0_2399
406,RegionD,401.74,313.36,0.4501,500.0,145.49,Flat,Main_0_2399
406,RegionE,355.02,276.92,0.2357,500.0,217.175667,Flat,Main_0_2399
406,RegionF,373.71,291.49,0.2786,500.0,220.314667,Flat,Main_0_2399
407,RegionA,672.39,0.0,0.6716,510.22,313.120333,Flat,Main_0_2399
407,RegionB,644.37,0.0,0.6283,510.22,312.804,Flat,Main_0_2399
407,RegionC,625.69,0.0,0.5958,510.22,295.302,Flat,Main_0_2399
407,RegionD,401.56,313.22,0.455,510.22,223.418,Flat,Main_0_2399
407,RegionE,354.87,276.8,0.2383,510.22,259.02,Flat,Main_0_2399
407,RegionF,373.55,291.37,0.2817,510.22,242.074667,Flat,Main_0_2399
408,RegionA,485.4,0.0,0.676,540.19,327.041,Valley,Main_0_2399
408,RegionB,465.17,0.0,0.6324,540.19,308.322333,Valley,Main_0_2399
408,RegionC,451.69,0.0,0.5997,540.19,304.206333,Valley,Main_0_2399
408,RegionD,289.89,226.11,0.4579,540.19,224.018667,Valley,Main_0_2399
408,RegionE,256.18,199.82,0.2399,540.19,278.96,Valley,Main_0_2399
408,RegionF,269.67,210.34,0.2835,540.19,291.751333,Valley,Main_0_2399
409,RegionA,485.18,0.0,0.677,587.87,355.794,Valley,Main_0_2399
409,RegionB,464.97,0.0,0.6334,587.87,325.088333,Valley,Main_0_2399
409,RegionC,451.49,0.0,0.6006,587.87,330.868,Valley,Main_0_2399
409,RegionD,289.76,226.01,0.4586,587.87,249.833667,Valley,Main_0_2399
409,RegionE,256.07,199.73,0.2402,587.87,294.784,Valley,Main_0_2399
409,RegionF,269.55,210.25,0.2839,587.87,299.07,Valley,Main_0_2399
410,RegionA,484.96,0.0,0.6747,650.0,378.012,Valley,Main_0_2399
410,RegionB,464.75,0.0,0.6312,650.0,361.990333,Valley,Main_0_2399
410,RegionC,451.28,0.0,0.5985,650.0,341.236667,Valley,Main_0_2399
410,RegionD,289.63,225.91,0.4571,650.0,327.156,Valley,Main_0_2399
410,RegionE,255.95,199.64,0.2394,650.0,362.043333,Valley,Main_0_2399
410,RegionF,269.42,210.15,0.2829,650.0,353.186,Valley,Main_0_2399
411,RegionA,484.73,0.0,0.6691,722.35,369.277,Valley,Main_0_2399
411,RegionB,464.54,0.0,0.6259,722.35,362.024667,Valley,Main_0_2399
411,RegionC,451.07,0.0,0.5936,722.35,356.652667,Valley,Main_0_2399
411,RegionD,289.49,225.8,0.4533,722.35,326.057333,Valley,Main_0_2399
411,RegionE,255.83,199.55,0.2374,722.35,370.094,Valley,Main_0_2399
411,RegionF,269.3,210.05,0.2806,722.35,372.339333,Valley,Main_0_2399
412,RegionA,484.5,0.0,0.6606,800.0,368.462667,Valley,Main_0_2399
412,RegionB,464.32,0.0,0.6179,800.0,371.111667,Valley,Main_0_2399
412,RegionC,450.86,0.0,0.586,800.0,359.033333,Valley,Main_0_2399
412,RegionD,289.36,225.7,0.4475,800.0,384.041333,Valley,Main_0_2399
412,RegionE,255.71,199.45,0.2344,800.0,402.206667,Valley,Main_0_2399
412,RegionF,269.17,209.95,0.277,800.0,369.338667,Valley,Main_0_2399
413,RegionA,484.27,0.0,0.6496,877.65,379.570667,Valley,Main_0_2399
413,RegionB,464.09,0.0,0.6077,877.65,374.627667,Valley,Main_0_2399
413,RegionC,450.64,0.0,0.5763,877.65,359.878333,Valley,Main_0_2399
413,RegionD,289.22,225.59,0.4401,877.65,378.056,Valley,Main_0_2399
413,RegionE,255.59,199.36,0.2305,877.65,371.89,Valley,Main_0_2399
413,RegionF,269.04,209.85,0.2724,877.65,392.976,Valley,Main_0_2399
414,RegionA,484.04,0.0,0.637,950.0,384.366,Valley,Main_0_2399
414,RegionB,463.87,0.0,0.5959,950.0,378.158667,Valley,Main_0_2399
414,RegionC,450.42,0.0,0.5651,950.0,350.76,Valley,Main_0_2399
414,RegionD,289.08,225.48,0.4315,950.0,279.829333,Valley,Main_0_2399
414,RegionE,255.46,199.26,0.226,950.0,358.506667,Valley,Main_0_2399
414,RegionF,268.91,209.75,0.2671,950.0,388.032,Valley,Main_0_2399
415,RegionA,744.31,0.0,0.6235,1012.13,387.704667,Flat,Main_0_2399
415,RegionB,713.3,0.0,0.5832,1012.13,378.092,Flat,Main_0_2399
415,RegionC,692.62,0.0,0.5531,1012.13,362.757333,Flat,Main_0_2399
415,RegionD,444.52,346.73,0.4223,1012.13,305.16,Flat,Main_0_2399
415,RegionE,392.83,306.41,0.2212,1012.13,381.892333,Flat,Main_0_2399
415,RegionF,413.51,322.54,0.2615,1012.13,418.73,Flat,Main_0_2399
416,RegionA,743.94,0.0,0.6099,1059.81,392.313333,Flat,Main_0_2399
416,RegionB,712.94,0.0,0.5706,1059.81,377.995667,Flat,Main_0_2399
416,RegionC,692.28,0.0,0.5411,1059.81,370.817667,Flat,Main_0_2399
416,RegionD,444.3,346.55,0.4132,1059.81,306.470667,Flat,Main_0_2399
416,RegionE,392.64,306.26,0.2164,1059.81,389.826667,Flat,Main_0_2399
416,RegionF,413.3,322.37,0.2558,1059.81,372.94,Flat,Main_0_2399
417,RegionA,743.57,0.0,0.5973,1089.78,388.27,Flat,Main_0_2399
417,RegionB,712.59,0.0,0.5587,1089.78,381.713,Flat,Main_0_2399
417,RegionC,691.94,0.0,0.5298,1089.78,368.410333,Flat,Main_0_2399
417,RegionD,444.08,346.38,0.4046,1089.78,289.671667,Flat,Main_0_2399
417,RegionE,392.44,306.1,0.2119,1089.78,346.334,Flat,Main_0_2399
417,RegionF,413.1,322.22,0.2505,1089.78,364.496,Flat,Main_0_2399
418,RegionA,743.2,0.0,0.5863,1100.0,386.234333,Flat,Main_0_2399
418,RegionB,712.23,0.0,0.5485,1100.0,382.128667,Flat,Main_0_2399
418,RegionC,691.59,0.0,0.5201,1100.0,370.32,Flat,Main_0_2399
418,RegionD,443.86,346.21,0.3972,1100.0,302.122,Flat,Main_0_2399
418,RegionE,392.24,305.95,0.208,1100.0,370.046667,Flat,Main_0_2399
418,RegionF,412.89,322.05,0.2459,1100.0,340.268333,Flat,Main_0_2399
419,RegionA,742.83,0.0,0.5777,1089.78,351.455333,Flat,Main_0_2399
419,RegionB,711.88,0.0,0.5405,1089.78,372.786333,Flat,Main_0_2399
419,RegionC,691.24,0.0,0.5125,1089.78,373.171,Flat,Main_0_2399
419,RegionD,443.63,346.03,0.3914,1089.78,265.802,Flat,Main_0_2399
419,RegionE,392.05,305.8,0.205,1089.78,304.191333,Flat,Main_0_2399
419,RegionF,412.68,321.89,0.2423,1089.78,300.849,Flat,Main_0_2399
420,RegionA,742.45,0.0,0.5721,1059.81,324.434,Flat,Main_0_2399
420,RegionB,711.52,0.0,0.5352,1059.81,333.129,Flat,Main_0_2399
420,RegionC,690.89,0.0,0.5075,1059.81,355.020667,Flat,Main_0_2399
420,RegionD,443.41,345.86,0.3875,1059.81,267.135333,Flat,Main_0_2399
420,RegionE,391.85,305.64,0.203,1059.81,350.440667,Flat,Main_0_2399
420,RegionF,412.47,321.73,0.2399,1059.81,300.672333,Flat,Main_0_2399
421,RegionA,742.08,0.0,0.5697,1012.13,323.861333,Flat,Main_0_2399
421,RegionB,711.16,0.0,0.5329,1012.13,318.528,Flat,Main_0_2399
421,RegionC,690.55,0.0,0.5054,1012.13,312.843,Flat,Main_0_2399
421,RegionD,443.19,345.69,0.3859,1012.13,215.065,Flat,Main_0_2399
421,RegionE,391.65,305.49,0.2022,1012.13,277.33,Flat,Main_0_2399
421,RegionF,412.27,321.57,0.2389,1012.13,298.269667,Flat,Main_0_2399
422,RegionA,741.71,0.0,0.5707,950.0,295.296333,Flat,Main_0_2399
422,RegionB,710.8,0.0,0.5339,950.0,314.491,Flat,Main_0_2399
422,RegionC,690.2,0.0,0.5063,950.0,289.932,Flat,Main_0_2399
422,RegionD,442.96,345.51,0.3866,950.0,168.260333,Flat,Main_0_2399
422,RegionE,391.46,305.34,0.2025,950.0,258.845333,Flat,Main_0_2399
422,RegionF,412.06,321.41,0.2393,950.0,256.606667,Flat,Main_0_2399
423,RegionA,741.33,0.0,0.575,877.65,253.718667,Flat,Main_0_2399
423,RegionB,710.44,0.0,0.5379,877.65,272.007333,Flat,Main_0_2399
423,RegionC,689.85,0.0,0.51,877.65,280.735,Flat,Main_0_2399
423,RegionD,442.74,345.34,0.3895,877.65,107.725,Flat,Main_0_2399
423,RegionE,391.26,305.18,0.204,877.65,230.02,Flat,Main_0_2399
423,RegionF,411.85,321.24,0.2411,877.65,204.309667,Flat,Main_0_2399
424,RegionA,740.96,0.0,0.5822,800.0,224.337,Flat,Main_0_2399
424,RegionB,710.09,0.0,0.5446,800.0,253.136667,Flat,Main_0_2399
424,RegionC,689.51,0.0,0.5164,800.0,209.923333,Flat,Main_0_2399
424,RegionD,442.52,345.17,0.3944,800.0,110.172333,Flat,Main_0_2399
424,RegionE,391.06,305.03,0.2066,800.0,201.460667,Flat,Main_0_2399
424,RegionF,411.65,321.09,0.2441,800.0,148.714,Flat,Main_0_2399
425,RegionA,1073.86,0.0,0.5917,722.35,214.421333,Peak,Main_0_2399
425,RegionB,1029.12,0.0,0.5536,722.35,209.829333,Peak,Main_0_2399
425,RegionC,999.29,0.0,0.5249,722.35,211.151,Peak,Main_0_2399
425,RegionD,641.33,500.24,0.4009,722.35,115.792333,Peak,Main_0_2399
425,RegionE,566.76,442.07,0.21,722.35,183.088,Peak,Main_0_2399
425,RegionF,596.59,465.34,0.2481,722.35,117.111333,Peak,Main_0_2399
426,RegionA,1073.33,0.0,0.603,650.0,221.636667,Peak,Main_0_2399
426,RegionB,1028.61,0.0,0.5641,650.0,208.496,Peak,Main_0_2399
426,RegionC,998.79,0.0,0.5349,650.0,236.57,Peak,Main_0_2399
426,RegionD,641.02,500.0,0.4085,650.0,132.723333,Peak,Main_0_2399
426,RegionE,566.48,441.85,0.214,650.0,172.337667,Peak,Main_0_2399
426,RegionF,596.29,465.11,0.2529,650.0,145.08,Peak,Main_0_2399
427,RegionA,1072.8,0.0,0.6152,587.87,209.187333,Peak,Main_0_2399
427,RegionB,1028.1,0.0,0.5755,587.87,208.031667,Peak,Main_0_2399
427,RegionC,998.3,0.0,0.5457,587.87,239.079333,Peak,Main_0_2399
427,RegionD,640.7,499.75,0.4167,587.87,109.877333,Peak,Main_0_2399
427,RegionE,566.2,441.64,0.2183,587.87,226.633333,Peak,Main_0_2399
427,RegionF,596.0,464.88,0.258,587.87,161.674667,Peak,Main_0_2399
428,RegionA,1072.28,0.0,0.6274,540.19,227.030667,Peak,Main_0_2399
428,RegionB,1027.6,0.0,0.5869,540.19,191.918,Peak,Main_0_2399
428,RegionC,997.82,0.0,0.5565,540.19,232.102,Peak,Main_0_2399
428,RegionD,640.39,499.5,0.425,540.19,94.444667,Peak,Main_0_2399
428,RegionE,565.93,441.43,0.2226,540.19,258.73,Peak,Main_0_2399
428,RegionF,595.71,464.65,0.2631,540.19,159.995,Peak,Main_0_2399
429,RegionA,1071.77,0.0,0.6387,510.22,234.335333,Peak,Main_0_2399
429,RegionB,1027.11,0.0,0.5975,510.22,267.898667,Peak,Main_0_2399
429,RegionC,997.34,0.0,0.5666,510.22,248.32,Peak,Main_0_2399
429,RegionD,640.08,499.26,0.4326,510.22,98.850333,Peak,Main_0_2399
429,RegionE,565.65,441.21,0.2266,510.22,255.310333,Peak,Main_0_2399
429,RegionF,595.43,464.44,0.2678,510.22,128.918667,Peak,Main_0_2399
430,RegionA,664.92,0.0,0.6483,500.0,276.937333,Flat,Main_0_2399
430,RegionB,637.21,0.0,0.6065,500.0,264.72,Flat,Main_0_2399
430,RegionC,618.74,0.0,0.5751,500.0,276.921667,Flat,Main_0_2399
430,RegionD,397.1,309.74,0.4392,500.0,89.569667,Flat,Main_0_2399
430,RegionE,350.93,273.73,0.23,500.0,236.671333,Flat,Main_0_2399
430,RegionF,369.4,288.13,0.2719,500.0,230.998,Flat,Main_0_2399
431,RegionA,664.61,0.0,0.6555,510.22,306.526,Flat,Main_0_2399
431,RegionB,636.92,0.0,0.6132,510.22,294.144,Flat,Main_0_2399
431,RegionC,618.46,0.0,0.5815,510.22,296.731333,Flat,Main_0_2399
431,RegionD,396.92,309.6,0.4441,510.22,89.822667,Flat,Main_0_2399
431,RegionE,350.77,273.6,0.2326,510.22,246.932,Flat,Main_0_2399
431,RegionF,369.23,288.0,0.2749,510.22,276.32,Flat,Main_0_2399
432,RegionA,479.78,0.0,0.6598,540.19,340.491333,Valley,Main_0_2399
432,RegionB,459.78,0.0,0.6173,540.19,338.951,Valley,Main_0_2399
432,RegionC,446.46,0.0,0.5853,540.19,342.675333,Valley,Main_0_2399
432,RegionD,286.53,223.49,0.447,540.19,172.366,Valley,Main_0_2399
432,RegionE,253.21,197.5,0.2341,540.19,260.856,Valley,Main_0_2399
432,RegionF,266.54,207.9,0.2767,540.19,297.093,Valley,Main_0_2399
433,RegionA,479.56,0.0,0.6609,587.87,391.781333,Valley,Main_0_2399
433,RegionB,459.58,0.0,0.6183,587.87,383.314667,Valley,Main_0_2399
433,RegionC,446.26,0.0,0.5863,587.87,335.365333,Valley,Main_0_2399
433,RegionD,286.4,223.39,0.4477,587.87,261.444667,Valley,Main_0_2399
433,RegionE,253.1,197.42,0.2345,587.87,293.748667,Valley,Main_0_2399
433,RegionF,266.42,207.81,0.2772,587.87,269.241333,Valley,Main_0_2399
434,RegionA,479.35,0.0,0.6586,650.0,372.866,Valley,Main_0_2399
434,RegionB,459.37,0.0,0.6161,650.0,389.142667,Valley,Main_0_2399
434,RegionC,446.06,0.0,0.5843,650.0,340.440333,Valley,Main_0_2399
434,RegionD,286.28,223.3,0.4462,650.0,296.758667,Valley,Main_0_2399
434,RegionE,252.99,197.33,0.2337,650.0,318.896,Valley,Main_0_2399
434,RegionF,266.3,207.71,0.2762,650.0,291.512,Valley,Main_0_2399
435,RegionA,479.14,0.0,0.6531,722.35,327.721333,Valley,Main_0_2399
435,RegionB,459.18,0.0,0.6109,722.35,388.890667,Valley,Main_0_2399
435,RegionC,445.87,0.0,0.5793,722.35,342.270333,Valley,Main_0_2399
435,RegionD,286.15,223.2,0.4424,722.35,352.31,Valley,Main_0_2399
435,RegionE,252.88,197.25,0.2317,722.35,358.056,Valley,Main_0_2399
435,RegionF,266.19,207.63,0.2739,722.35,336.842333,Valley,Main_0_2399
436,RegionA,478.94,0.0,0.6446,800.0,330.833333,Valley,Main_0_2399
436,RegionB,458.98,0.0,0.603,800.0,377.384,Valley,Main_0_2399
436,RegionC,445.68,0.0,0.5718,800.0,354.364,Valley,Main_0_2399
436,RegionD,286.03,223.1,0.4367,800.0,394.068,Valley,Main_0_2399
436,RegionE,252.77,197.16,0.2287,800.0,394.008,Valley,Main_0_2399
436,RegionF,266.08,207.54,0.2703,800.0,348.028667,Valley,Main_0_2399
437,RegionA,478.74,0.0,0.6338,877.65,320.074667,Valley,Main_0_2399
437,RegionB,458.79,0.0,0.5929,877.65,375.686,Valley,Main_0_2399
437,RegionC,445.5,0.0,0.5622,877.65,346.924333,Valley,Main_0_2399
437,RegionD,285.92,223.02,0.4293,877.65,389.742333,Valley,Main_0_2399
437,RegionE,252.67,197.08,0.2249,877.65,455.326,Valley,Main_0_2399
437,RegionF,265.97,207.46,0.2658,877.65,388.689333,Valley,Main_0_2399
438,RegionA,478.55,0.0,0.6212,950.0,312.764333,Valley,Main_0_2399
438,RegionB,458.61,0.0,0.5812,950.0,373.621333,Valley,Main_0_2399
438,RegionC,445.32,0.0,0.5511,950.0,370.023333,Valley,Main_0_2399
438,RegionD,285.8,222.92,0.4208,950.0,426.727667,Valley,Main_0_2399
438,RegionE,252.57,197.0,0.2204,950.0,427.766667,Valley,Main_0_2399
438,RegionF,265.86,207.37,0.2605,950.0,384.208,Valley,Main_0_2399
439,RegionA,735.95,0.0,0.6079,1012.13,334.818667,Flat,Main_0_2399
439,RegionB,705.29,0.0,0.5687,1012.13,381.088333,Flat,Main_0_2399
439,RegionC,684.84,0.0,0.5392,1012.13,370.440667,Flat,Main_0_2399
439,RegionD,439.53,342.83,0.4118,1012.13,380.862333,Flat,Main_0_2399
439,RegionE,388.42,302.97,0.2157,1012.13,441.55,Flat,Main_0_2399
439,RegionF,408.86,318.91,0.2549,1012.13,391.018667,Flat,Main_0_2399
440,RegionA,735.68,0.0,0.5945,1059.81,346.623667,Flat,Main_0_2399
440,RegionB,705.02,0.0,0.5562,1059.81,382.9,Flat,Main_0_2399
440,RegionC,684.59,0.0,0.5274,1059.81,372.823667,Flat,Main_0_2399
440,RegionD,439.36,342.7,0.4027,1059.81,363.625,Flat,Main_0_2399
440,RegionE,388.27,302.85,0.211,1059.81,402.250667,Flat,Main_0_2399
440,RegionF,408.71,318.79,0.2493,1059.81,362.804,Flat,Main_0_2399
441,RegionA,735.41,0.0,0.582,1089.78,367.290667,Flat,Main_0_2399
441,RegionB,704.77,0.0,0.5445,1089.78,379.241333,Flat,Main_0_2399
441,RegionC,684.34,0.0,0.5163,1089.78,379.479333,Flat,Main_0_2399
441,RegionD,439.2,342.58,0.3943,1089.78,328.91,Flat,Main_0_2399
441,RegionE,388.13,302.74,0.2065,1089.78,347.12,Flat,Main_0_2399
441,RegionF,408.56,318.68,0.2441,1089.78,365.918,Flat,Main_0_2399
442,RegionA,735.16,0.0,0.5713,1100.0,364.644667,Flat,Main_0_2399
442,RegionB,704.53,0.0,0.5344,1100.0,386.150333,Flat,Main_0_2399
442,RegionC,684.11,0.0,0.5068,1100.0,385.857333,Flat,Main_0_2399
442,RegionD,439.05,342.46,0.387,1100.0,288.603333,Flat,Main_0_2399
442,RegionE,388.0,302.64,0.2027,1100.0,329.902667,Flat,Main_0_2399
442,RegionF,408.42,318.57,0.2396,1100.0,329.987333,Flat,Main_0_2399
443,RegionA,734.92,0.0,0.5629,1089.78,338.566333,Flat,Main_0_2399
443,RegionB,704.29,0.0,0.5266,1089.78,387.926667,Flat,Main_0_2399
443,RegionC,683.88,0.0,0.4994,1089.78,350.428667,Flat,Main_0_2399
443,RegionD,438.91,342.35,0.3814,1089.78,273.889667,Flat,Main_0_2399
443,RegionE,387.87,302.54,0.1998,1089.78,283.296,Flat,Main_0_2399
443,RegionF,408.29,318.47,0.2361,1089.78,311.354,Flat,Main_0_2399
444,RegionA,734.68,0.0,0.5575,1059.81,332.228667,Flat,Main_0_2399
444,RegionB,704.07,0.0,0.5216,1059.81,355.111667,Flat,Main_0_2399
444,RegionC,683.66,0.0,0.4946,1059.81,342.225,Flat,Main_0_2399
444,RegionD,438.77,342.24,0.3777,1059.81,237.003333,Flat,Main_0_2399
444,RegionE,387.75,302.44,0.1978,1059.81,295.428667,Flat,Main_0_2399
444,RegionF,408.16,318.36,0.2338,1059.81,268.413333,Flat,Main_0_2399
445,RegionA,734.46,0.0,0.5554,1012.13,294.091667,Flat,Main_0_2399
445,RegionB,703.86,0.0,0.5196,1012.13,330.665667,Flat,Main_0_2399
445,RegionC,683.46,0.0,0.4927,1012.13,331.684667,Flat,Main_0_2399
445,RegionD,438.64,342.14,0.3763,1012.13,178.776667,Flat,Main_0_2399
445,RegionE,387.63,302.35,0.1971,1012.13,263.261333,Flat,Main_0_2399
445,RegionF,408.04,318.27,0.2329,1012.13,243.805667,Flat,Main_0_2399
446,RegionA,734.26,0.0,0.5567,950.0,286.770333,Flat,Main_0_2399
446,RegionB,703.66,0.0,0.5208,950.0,321.239,Flat,Main_0_2399
446,RegionC,683.27,0.0,0.4939,950.0,306.642667,Flat,Main_0_2399
446,RegionD,438.51,342.04,0.3771,950.0,165.898667,Flat,Main_0_2399
446,RegionE,387.52,302.27,0.1975,950.0,265.367667,Flat,Main_0_2399
446,RegionF,407.92,318.18,0.2335,950.0,216.637333,Flat,Main_0_2399
447,RegionA,734.06,0.0,0.5613,877.65,248.602333,Flat,Main_0_2399
447,RegionB,703.47,0.0,0.5251,877.65,279.016667,Flat,Main_0_2399
447,RegionC,683.08,0.0,0.4979,877.65,277.828333,Flat,Main_0_2399
447,RegionD,438.4,341.95,0.3802,877.65,128.082,Flat,Main_0_2399
447,RegionE,387.42,302.19,0.1992,877.65,229.892667,Flat,Main_0_2399
447,RegionF,407.81,318.09,0.2354,877.65,181.668667,Flat,Main_0_2399
448,RegionA,733.88,0.0,0.5688,800.0,227.884667,Flat,Main_0_2399
448,RegionB,703.3,0.0,0.5321,800.0,257.699333,Flat,Main_0_2399
448,RegionC,682.91,0.0,0.5046,800.0,233.07,Flat,Main_0_2399
448,RegionD,438.29,341.87,0.3853,800.0,155.258333,Flat,Main_0_2399
448,RegionE,387.32,302.11,0.2018,800.0,172.06,Flat,Main_0_2399
448,RegionF,407.71,318.01,0.2385,800.0,163.298333,Flat,Main_0_2399
449,RegionA,1063.88,0.0,0.5788,722.35,194.521333,Peak,Main_0_2399
449,RegionB,1019.55,0.0,0.5414,722.35,191.13,Peak,Main_0_2399
449,RegionC,990.0,0.0,0.5134,722.35,212.858,Peak,Main_0_2399
449,RegionD,635.37,495.59,0.3921,722.35,132.409,Peak,Main_0_2399
449,RegionE,561.49,437.96,0.2054,722.35,179.092,Peak,Main_0_2399
449,RegionF,591.04,461.01,0.2427,722.35,154.722,Peak,Main_0_2399
450,RegionA,1063.65,0.0,0.5904,650.0,183.503333,Peak,Main_0_2399
450,RegionB,1019.33,0.0,0.5523,650.0,197.689,Peak,Main_0_2399
450,RegionC,989.78,0.0,0.5237,650.0,220.194,Peak,Main_0_2399
450,RegionD,635.24,495.49,0.4,650.0,169.986,Peak,Main_0_2399
450,RegionE,561.37,437.87,0.2095,650.0,192.113333,Peak,Main_0_2399
450,RegionF,590.92,460.92,0.2476,650.0,142.06,Peak,Main_0_2399
451,RegionA,1063.44,0.0,0.603,587.87,191.94,Peak,Main_0_2399
451,RegionB,1019.13,0.0,0.5641,587.87,188.22,Peak,Main_0_2399
451,RegionC,989.59,0.0,0.5349,587.87,229.872,Peak,Main_0_2399
451,RegionD,635.11,495.39,0.4085,587.87,177.341667,Peak,Main_0_2399
451,RegionE,561.26,437.78,0.214,587.87,169.89,Peak,Main_0_2399
451,RegionF,590.8,460.82,0.2529,587.87,138.894667,Peak,Main_0_2399
452,RegionA,1063.25,0.0,0.6155,540.19,250.352,Peak,Main_0_2399
452,RegionB,1018.95,0.0,0.5758,540.19,200.944667,Peak,Main_0_2399
452,RegionC,989.42,0.0,0.546,540.19,282.068,Peak,Main_0_2399
452,RegionD,635.0,495.3,0.417,540.19,191.004667,Peak,Main_0_2399
452,RegionE,561.16,437.7,0.2184,540.19,183.774,Peak,Main_0_2399
452,RegionF,590.7,460.75,0.2581,540.19,197.722,Peak,Main_0_2399
453,RegionA,1063.09,0.0,0.6272,510.22,216.848,Peak,Main_0_2399
453,RegionB,1018.79,0.0,0.5868,510.22,214.688,Peak,Main_0_2399
453,RegionC,989.26,0.0,0.5564,510.22,232.634,Peak,Main_0_2399
453,RegionD,634.9,495.22,0.4249,510.22,209.165333,Peak,Main_0_2399
453,RegionE,561.07,437.63,0.2226,510.22,166.784333,Peak,Main_0_2399
453,RegionF,590.6,460.67,0.263,510.22,195.932667,Peak,Main_0_2399
454,RegionA,659.76,0.0,0.6373,500.0,261.819333,Flat,Main_0_2399
454,RegionB,632.27,0.0,0.5962,500.0,259.012333,Flat,Main_0_2399
454,RegionC,613.94,0.0,0.5653,500.0,262.01,Flat,Main_0_2399
454,RegionD,394.02,307.34,0.4317,500.0,228.88,Flat,Main_0_2399
454,RegionE,348.2,271.6,0.2261,500.0,222.677333,Flat,Main_0_2399
454,RegionF,366.53,285.89,0.2673,500.0,226.244,Flat,Main_0_2399
455,RegionA,659.68,0.0,0.645,510.22,282.593333,Flat,Main_0_2399
455,RegionB,632.19,0.0,0.6034,510.22,293.231,Flat,Main_0_2399
455,RegionC,613.87,0.0,0.5722,510.22,291.241667,Flat,Main_0_2399
455,RegionD,393.97,307.3,0.4369,510.22,203.212667,Flat,Main_0_2399
455,RegionE,348.16,271.56,0.2289,510.22,257.078,Flat,Main_0_2399
455,RegionF,366.49,285.86,0.2705,510.22,282.515,Flat,Main_0_2399
456,RegionA,476.39,0.0,0.6498,540.19,331.999,Valley,Main_0_2399
456,RegionB,456.54,0.0,0.6079,540.19,331.634333,Valley,Main_0_2399
456,RegionC,443.3,0.0,0.5764,540.19,326.954,Valley,Main_0_2399
456,RegionD,284.51,221.92,0.4402,540.19,236.183667,Valley,Main_0_2399
456,RegionE,251.43,196.12,0.2306,540.19,283.284667,Valley,Main_0_2399
456,RegionF,264.66,206.43,0.2725,540.19,302.172667,Valley,Main_0_2399
457,RegionA,476.35,0.0,0.6513,587.87,349.46,Valley,Main_0_2399
457,RegionB,456.5,0.0,0.6093,587.87,365.790667,Valley,Main_0_2399
457,RegionC,443.27,0.0,0.5778,587.87,366.733333,Valley,Main_0_2399
457,RegionD,284.49,221.9,0.4412,587.87,295.448,Valley,Main_0_2399
457,RegionE,251.41,196.1,0.2311,587.87,379.029333,Valley,Main_0_2399
457,RegionF,264.64,206.42,0.2731,587.87,328.153333,Valley,Main_0_2399
458,RegionA,476.32,0.0,0.6495,650.0,381.902667,Valley,Main_0_2399
458,RegionB,456.47,0.0,0.6076,650.0,369.493333,Valley,Main_0_2399
458,RegionC,443.24,0.0,0.5762,650.0,372.98,Valley,Main_0_2399
458,RegionD,284.47,221.89,0.44,650.0,351.136667,Valley,Main_0_2399
458,RegionE,251.39,196.08,0.2305,650.0,376.58,Valley,Main_0_2399
458,RegionF,264.62,206.4,0.2724,650.0,354.301333,Valley,Main_0_2399
459,RegionA,476.3,0.0,0.6445,722.35,381.582,Valley,Main_0_2399
459,RegionB,456.45,0.0,0.6029,722.35,375.363,Valley,Main_0_2399
459,RegionC,443.22,0.0,0.5717,722.35,377.234667,Valley,Main_0_2399
459,RegionD,284.46,221.88,0.4366,722.35,342.787333,Valley,Main_0_2399
459,RegionE,251.38,196.08,0.2287,722.35,357.386667,Valley,Main_0_2399
459,RegionF,264.61,206.4,0.2703,722.35,411.123,Valley,Main_0_2399
460,RegionA,476.29,0.0,0.6365,800.0,381.469333,Valley,Main_0_2399
460,RegionB,456.45,0.0,0.5955,800.0,384.843333,Valley,Main_0_2399
460,RegionC,443.22,0.0,0.5647,800.0,383.865,Valley,Main_0_2399
460,RegionD,284.45,221.87,0.4312,800.0,341.348333,Valley,Main_0_2399
460,RegionE,251.38,196.08,0.2259,800.0,422.410667,Valley,Main_0_2399
460,RegionF,264.61,206.4,0.2669,800.0,399.01,Valley,Main_0_2399
461,RegionA,476.29,0.0,0.6262,877.65,391.164,Valley,Main_0_2399
461,RegionB,456.45,0.0,0.5858,877.65,386.738667,Valley,Main_0_2399
461,RegionC,443.22,0.0,0.5555,877.65,383.925,Valley,Main_0_2399
461,RegionD,284.45,221.87,0.4242,877.65,377.273333,Valley,Main_0_2399
461,RegionE,251.38,196.08,0.2222,877.65,422.468667,Valley,Main_0_2399
461,RegionF,264.61,206.4,0.2626,877.65,433.815,Valley,Main_0_2399
462,RegionA,476.3,0.0,0.6142,950.0,391.938667,Valley,Main_0_2399
462,RegionB,456.46,0.0,0.5746,950.0,389.140667,Valley,Main_0_2399
462,RegionC,443.23,0.0,0.5449,950.0,376.978667,Valley,Main_0_2399
462,RegionD,284.46,221.88,0.4161,950.0,342.379333,Valley,Main_0_2399
462,RegionE,251.38,196.08,0.218,950.0,410.181333,Valley,Main_0_2399
462,RegionF,264.61,206.4,0.2576,950.0,445.87,Valley,Main_0_2399
463,RegionA,732.8,0.0,0.6014,1012.13,387.982667,Flat,Main_0_2399
463,RegionB,702.27,0.0,0.5626,1012.13,390.426667,Flat,Main_0_2399
463,RegionC,681.91,0.0,0.5335,1012.13,385.159333,Flat,Main_0_2399
463,RegionD,437.65,341.37,0.4074,1012.13,366.632667,Flat,Main_0_2399
463,RegionE,386.76,301.67,0.2134,1012.13,450.073333,Flat,Main_0_2399
463,RegionF,407.11,317.55,0.2522,1012.13,399.293333,Flat,Main_0_2399
464,RegionA,732.85,0.0,0.5886,1059.81,389.134667,Flat,Main_0_2399
464,RegionB,702.31,0.0,0.5506,1059.81,389.705,Flat,Main_0_2399
464,RegionC,681.96,0.0,0.5222,1059.81,387.054667,Flat,Main_0_2399
464,RegionD,437.67,341.38,0.3987,1059.81,379.354,Flat,Main_0_2399
464,RegionE,386.78,301.69,0.2089,1059.81,409.925333,Flat,Main_0_2399
464,RegionF,407.14,317.57,0.2468,1059.81,401.631,Flat,Main_0_2399
465,RegionA,732.91,0.0,0.5767,1089.78,390.56,Flat,Main_0_2399
465,RegionB,702.37,0.0,0.5395,1089.78,390.37,Flat,Main_0_2399
465,RegionC,682.01,0.0,0.5116,1089.78,387.373333,Flat,Main_0_2399
465,RegionD,437.71,341.41,0.3907,1089.78,294.809667,Flat,Main_0_2399
465,RegionE,386.81,301.71,0.2046,1089.78,400.596,Flat,Main_0_2399
465,RegionF,407.17,317.59,0.2418,1089.78,362.591333,Flat,Main_0_2399
466,RegionA,732.99,0.0,0.5665,1100.0,391.244667,Flat,Main_0_2399
466,RegionB,702.44,0.0,0.53,1100.0,377.671667,Flat,Main_0_2399
466,RegionC,682.08,0.0,0.5026,1100.0,387.628,Flat,Main_0_2399
466,RegionD,437.76,341.45,0.3838,1100.0,251.477667,Flat,Main_0_2399
466,RegionE,386.85,301.74,0.201,1100.0,369.283,Flat,Main_0_2399
466,RegionF,407.21,317.62,0.2376,1100.0,324.166333,Flat,Main_0_2399
467,RegionA,733.08,0.0,0.5588,1089.78,349.568,Flat,Main_0_2399
467,RegionB,702.53,0.0,0.5227,1089.78,375.170667,Flat,Main_0_2399
467,RegionC,682.17,0.0,0.4957,1089.78,374.48,Flat,Main_0_2399
467,RegionD,437.81,341.49,0.3785,1089.78,239.156,Flat,Main_0_2399
467,RegionE,386.9,301.78,0.1983,1089.78,347.887333,Flat,Main_0_2399
467,RegionF,407.26,317.66,0.2343,1089.78,276.518667,Flat,Main_0_2399
468,RegionA,733.18,0.0,0.554,1059.81,328.254667,Flat,Main_0_2399
468,RegionB,702.63,0.0,0.5182,1059.81,290.884,Flat,Main_0_2399
468,RegionC,682.27,0.0,0.4914,1059.81,339.71,Flat,Main_0_2399
468,RegionD,437.87,341.54,0.3753,1059.81,229.16,Flat,Main_0_2399
468,RegionE,386.96,301.83,0.1966,1059.81,344.9,Flat,Main_0_2399
468,RegionF,407.32,317.71,0.2323,1059.81,258.063333,Flat,Main_0_2399
469,RegionA,733.3,0.0,0.5524,1012.13,319.802667,Flat,Main_0_2399
469,RegionB,702.75,0.0,0.5168,1012.13,307.754333,Flat,Main_0_2399
469,RegionC,682.38,0.0,0.4901,1012.13,328.464,Flat,Main_0_2399
469,RegionD,437.94,341.59,0.3742,1012.13,170.355333,Flat,Main_0_2399
469,RegionE,387.02,301.88,0.196,1012.13,311.136333,Flat,Main_0_2399
469,RegionF,407.39,317.76,0.2317,1012.13,261.657333,Flat,Main_0_2399
470,RegionA,733.43,0.0,0.5543,950.0,290.776333,Flat,Main_0_2399
470,RegionB,702.87,0.0,0.5186,950.0,275.456667,Flat,Main_0_2399
470,RegionC,682.5,0.0,0.4917,950.0,311.205,Flat,Main_0_2399
470,RegionD,438.02,341.66,0.3755,950.0,136.112333,Flat,Main_0_2399
470,RegionE,387.09,301.93,0.1967,950.0,297.455667,Flat,Main_0_2399
470,RegionF,407.46,317.82,0.2325,950.0,253.946333,Flat,Main_0_2399
471,RegionA,733.58,0.0,0.5595,877.65,270.906333,Flat,Main_0_2399
471,RegionB,703.02,0.0,0.5234,877.65,246.455,Flat,Main_0_2399
471,RegionC,682.64,0.0,0.4963,877.65,258.795333,Flat,Main_0_2399
471,RegionD,438.11,341.73,0.379,877.65,124.300333,Flat,Main_0_2399
471,RegionE,387.17,301.99,0.1985,877.65,235.096333,Flat,Main_0_2399
471,RegionF,407.55,317.89,0.2346,877.65,235.875667,Flat,Main_0_2399
472,RegionA,733.74,0.0,0.5676,800.0,241.010333,Flat,Main_0_2399
472,RegionB,703.17,0.0,0.531,800.0,218.314667,Flat,Main_0_2399
472,RegionC,682.79,0.0,0.5035,800.0,233.187667,Flat,Main_0_2399
472,RegionD,438.21,341.8,0.3845,800.0,108.084,Flat,Main_0_2399
472,RegionE,387.25,302.06,0.2014,800.0,181.264667,Flat,Main_0_2399
472,RegionF,407.64,317.96,0.238,800.0,160.373667,Flat,Main_0_2399
473,RegionA,1064.19,0.0,0.5782,722.35,235.301333,Peak,Main_0_2399
473,RegionB,1019.84,0.0,0.5409,722.35,206.700667,Peak,Main_0_2399
473,RegionC,990.28,0.0,0.5129,722.35,233.996,Peak,Main_0_2399
473,RegionD,635.56,495.74,0.3917,722.35,126.638,Peak,Main_0_2399
473,RegionE,561.65,438.09,0.2052,722.35,167.231667,Peak,Main_0_2399
473,RegionF,591.21,461.14,0.2425,722.35,146.918,Peak,Main_0_2399
474,RegionA,1064.46,0.0,0.5904,650.0,199.228667,Peak,Main_0_2399
474,RegionB,1020.11,0.0,0.5523,650.0,187.257,Peak,Main_0_2399
474,RegionC,990.54,0.0,0.5237,650.0,226.832,Peak,Main_0_2399
474,RegionD,635.72,495.86,0.4,650.0,136.116333,Peak,Main_0_2399
474,RegionE,561.8,438.2,0.2095,650.0,114.218667,Peak,Main_0_2399
474,RegionF,591.37,461.27,0.2476,650.0,142.799333,Peak,Main_0_2399
475,RegionA,1064.76,0.0,0.6036,587.87,197.923333,Peak,Main_0_2399
475,RegionB,1020.39,0.0,0.5646,587.87,206.555333,Peak,Main_0_2399
475,RegionC,990.81,0.0,0.5354,587.87,226.322,Peak,Main_0_2399
475,RegionD,635.9,496.0,0.4089,587.87,189.751,Peak,Main_0_2399
475,RegionE,561.95,438.32,0.2142,587.87,122.384667,Peak,Main_0_2399
475,RegionF,591.53,461.39,0.2531,587.87,116.404,Peak,Main_0_2399
476,RegionA,1065.07,0.0,0.6167,540.19,251.795333,Peak,Main_0_2399
476,RegionB,1020.69,0.0,0.5769,540.19,239.970667,Peak,Main_0_2399
476,RegionC,991.11,0.0,0.5471,540.19,222.488,Peak,Main_0_2399
476,RegionD,636.08,496.14,0.4178,540.19,169.412667,Peak,Main_0_2399
476,RegionE,562.12,438.45,0.2188,540.19,198.232667,Peak,Main_0_2399
476,RegionF,591.71,461.53,0.2586,540.19,129.745,Peak,Main_0_2399
477,RegionA,1065.4,0.0,0.6291,510.22,240.81,Peak,Main_0_2399
477,RegionB,1021.01,0.0,0.5885,510.22,196.763,Peak,Main_0_2399
477,RegionC,991.42,0.0,0.558,510.22,219.573333,Peak,Main_0_2399
477,RegionD,636.28,496.3,0.4261,510.22,172.202333,Peak,Main_0_2399
477,RegionE,562.3,438.59,0.2232,510.22,155.073333,Peak,Main_0_2399
477,RegionF,591.89,461.67,0.2638,510.22,142.813333,Peak,Main_0_2399
478,RegionA,661.5,0.0,0.6397,500.0,300.529333,Flat,Main_0_2399
478,RegionB,633.94,0.0,0.5984,500.0,254.175333,Flat,Main_0_2399
478,RegionC,615.56,0.0,0.5675,500.0,258.586,Flat,Main_0_2399
478,RegionD,395.06,308.15,0.4333,500.0,266.988333,Flat,Main_0_2399
478,RegionE,349.13,272.32,0.227,500.0,201.498,Flat,Main_0_2399
478,RegionF,367.5,286.65,0.2683,500.0,222.630667,Flat,Main_0_2399
479,RegionA,661.73,0.0,0.648,510.22,304.281333,Flat,Main_0_2399
479,RegionB,634.16,0.0,0.6062,510.22,291.663333,Flat,Main_0_2399
479,RegionC,615.78,0.0,0.5748,510.22,265.604667,Flat,Main_0_2399
479,RegionD,395.2,308.26,0.439,510.22,266.427333,Flat,Main_0_2399
479,RegionE,349.25,272.42,0.2299,510.22,250.4,Flat,Main_0_2399
479,RegionF,367.63,286.75,0.2717,510.22,292.962,Flat,Main_0_2399
480,RegionA,478.09,0.0,0.6534,540.19,337.567333,Valley,Main_0_2399
480,RegionB,458.17,0.0,0.6112,540.19,313.771333,Valley,Main_0_2399
480,RegionC,444.89,0.0,0.5796,540.19,319.116333,Valley,Main_0_2399
480,RegionD,285.53,222.71,0.4426,540.19,248.337333,Valley,Main_0_2399
480,RegionE,252.33,196.82,0.2318,540.19,268.366,Valley,Main_0_2399
480,RegionF,265.61,207.18,0.274,540.19,270.65,Valley,Main_0_2399
481,RegionA,478.27,0.0,0.6555,587.87,394.233333,Valley,Main_0_2399
481,RegionB,458.34,0.0,0.6132,587.87,335.062,Valley,Main_0_2399
481,RegionC,445.06,0.0,0.5815,587.87,348.540333,Valley,Main_0_2399
481,RegionD,285.63,222.79,0.444,587.87,271.986667,Valley,Main_0_2399
481,RegionE,252.42,196.89,0.2326,587.87,292.681333,Valley,Main_0_2399
481,RegionF,265.71,207.25,0.2749,587.87,295.098333,Valley,Main_0_2399
482,RegionA,478.46,0.0,0.6543,650.0,396.713667,Valley,Main_0_2399
482,RegionB,458.52,0.0,0.6121,650.0,357.778,Valley,Main_0_2399
482,RegionC,445.23,0.0,0.5804,650.0,377.483,Valley,Main_0_2399
482,RegionD,285.75,222.89,0.4432,650.0,280.478,Valley,Main_0_2399
482,RegionE,252.52,196.97,0.2322,650.0,308.406667,Valley,Main_0_2399
482,RegionF,265.81,207.33,0.2744,650.0,343.766667,Valley,Main_0_2399
483,RegionA,478.65,0.0,0.6498,722.35,398.933333,Valley,Main_0_2399
483,RegionB,458.71,0.0,0.6079,722.35,361.98,Valley,Main_0_2399
483,RegionC,445.41,0.0,0.5764,722.35,380.568,Valley,Main_0_2399
483,RegionD,285.86,222.97,0.4402,722.35,288.685,Valley,Main_0_2399
483,RegionE,252.62,197.04,0.2306,722.35,385.313333,Valley,Main_0_2399
483,RegionF,265.92,207.42,0.2725,722.35,390.444667,Valley,Main_0_2399
484,RegionA,478.86,0.0,0.6424,800.0,372.304,Valley,Main_0_2399
484,RegionB,458.9,0.0,0.601,800.0,367.721,Valley,Main_0_2399
484,RegionC,445.6,0.0,0.5699,800.0,337.213333,Valley,Main_0_2399
484,RegionD,285.98,223.06,0.4352,800.0,330.117333,Valley,Main_0_2399
484,RegionE,252.73,197.13,0.228,800.0,387.773333,Valley,Main_0_2399
484,RegionF,266.03,207.5,0.2694,800.0,317.629,Valley,Main_0_2399
485,RegionA,479.06,0.0,0.6327,877.65,375.808667,Valley,Main_0_2399
485,RegionB,459.1,0.0,0.5919,877.65,377.493333,Valley,Main_0_2399
485,RegionC,445.8,0.0,0.5612,877.65,360.749333,Valley,Main_0_2399
485,RegionD,286.11,223.17,0.4286,877.65,381.327333,Valley,Main_0_2399
485,RegionE,252.84,197.22,0.2245,877.65,391.478333,Valley,Main_0_2399
485,RegionF,266.15,207.6,0.2653,877.65,356.28,Valley,Main_0_2399
486,RegionA,479.28,0.0,0.6212,950.0,388.515,Valley,Main_0_2399
486,RegionB,459.31,0.0,0.5812,950.0,378.329667,Valley,Main_0_2399
486,RegionC,446.0,0.0,0.5511,950.0,349.549333,Valley,Main_0_2399
486,RegionD,286.24,223.27,0.4208,950.0,388.562,Valley,Main_0_2399
486,RegionE,252.95,197.3,0.2204,950.0,392.523333,Valley,Main_0_2399
486,RegionF,266.27,207.69,0.2605,950.0,337.966,Valley,Main_0_2399
487,RegionA,737.69,0.0,0.609,1012.13,388.54,Flat,Main_0_2399
487,RegionB,706.95,0.0,0.5697,1012.13,376.759,Flat,Main_0_2399
487,RegionC,686.46,0.0,0.5402,1012.13,332.262667,Flat,Main_0_2399
487,RegionD,440.57,343.64,0.4125,1012.13,393.02,Flat,Main_0_2399
487,RegionE,389.34,303.69,0.2161,1012.13,398.817333,Flat,Main_0_2399
487,RegionF,409.83,319.67,0.2554,1012.13,308.645,Flat,Main_0_2399
488,RegionA,738.04,0.0,0.5967,1059.81,392.787333,Flat,Main_0_2399
488,RegionB,707.29,0.0,0.5582,1059.81,364.86,Flat,Main_0_2399
488,RegionC,686.79,0.0,0.5293,1059.81,334.495333,Flat,Main_0_2399
488,RegionD,440.77,343.8,0.4042,1059.81,406.355333,Flat,Main_0_2399
488,RegionE,389.52,303.83,0.2117,1059.81,428.749333,Flat,Main_0_2399
488,RegionF,410.02,319.82,0.2502,1059.81,295.186,Flat,Main_0_2399
489,RegionA,738.4,0.0,0.5853,1089.78,395.138,Flat,Main_0_2399
489,RegionB,707.63,0.0,0.5475,1089.78,361.783333,Flat,Main_0_2399
489,RegionC,687.12,0.0,0.5192,1089.78,345.086667,Flat,Main_0_2399
489,RegionD,440.99,343.97,0.3965,1089.78,386.876667,Flat,Main_0_2399
489,RegionE,389.71,303.97,0.2077,1089.78,386.128,Flat,Main_0_2399
489,RegionF,410.22,319.97,0.2455,1089.78,328.18,Flat,Main_0_2399
490,RegionA,738.76,0.0,0.5756,1100.0,398.586667,Flat,Main_0_2399
490,RegionB,707.98,0.0,0.5385,1100.0,365.162667,Flat,Main_0_2399
490,RegionC,687.46,0.0,0.5106,1100.0,349.758333,Flat,Main_0_2399
490,RegionD,441.21,344.14,0.3899,1100.0,303.69,Flat,Main_0_2399
490,RegionE,389.9,304.12,0.2043,1100.0,310.708667,Flat,Main_0_2399
490,RegionF,410.42,320.13,0.2414,1100.0,322.363333,Flat,Main_0_2399
491,RegionA,739.13,0.0,0.5684,1089.78,362.033333,Flat,Main_0_2399
491,RegionB,708.34,0.0,0.5317,1089.78,357.099333,Flat,Main_0_2399
491,RegionC,687.81,0.0,0.5042,1089.78,327.73,Flat,Main_0_2399
491,RegionD,441.43,344.32,0.385,1089.78,264.713333,Flat,Main_0_2399
491,RegionE,390.1,304.28,0.2017,1089.78,262.802,Flat,Main_0_2399
491,RegionF,410.63,320.29,0.2383,1089.78,301.286,Flat,Main_0_2399
492,RegionA,739.51,0.0,0.564,1059.81,353.04,Flat,Main_0_2399
492,RegionB,708.7,0.0,0.5276,1059.81,299.523,Flat,Main_0_2399
492,RegionC,688.16,0.0,0.5003,1059.81,329.954667,Flat,Main_0_2399
492,RegionD,441.65,344.49,0.3821,1059.81,224.742333,Flat,Main_0_2399
492,RegionE,390.3,304.43,0.2001,1059.81,261.891333,Flat,Main_0_2399
492,RegionF,410.84,320.46,0.2365,1059.81,297.022667,Flat,Main_0_2399
493,RegionA,739.9,0.0,0.563,1012.13,334.72,Flat,Main_0_2399
493,RegionB,709.07,0.0,0.5266,1012.13,286.904667,Flat,Main_0_2399
493,RegionC,688.52,0.0,0.4994,1012.13,310.883,Flat,Main_0_2399
493,RegionD,441.88,344.67,0.3814,1012.13,255.124667,Flat,Main_0_2399
493,RegionE,390.5,304.59,0.1998,1012.13,213.583333,Flat,Main_0_2399
493,RegionF,411.05,320.62,0.2361,1012.13,301.391667,Flat,Main_0_2399
494,RegionA,740.29,0.0,0.5653,950.0,297.824,Flat,Main_0_2399
494,RegionB,709.44,0.0,0.5288,950.0,290.166,Flat,Main_0_2399
494,RegionC,688.88,0.0,0.5015,950.0,303.768667,Flat,Main_0_2399
494,RegionD,442.12,344.85,0.3829,950.0,243.116,Flat,Main_0_2399
494,RegionE,390.71,304.75,0.2006,950.0,173.843667,Flat,Main_0_2399
494,RegionF,411.27,320.79,0.2371,950.0,244.763667,Flat,Main_0_2399
495,RegionA,740.69,0.0,0.5709,877.65,248.539667,Flat,Main_0_2399
495,RegionB,709.82,0.0,0.5341,877.65,251.895,Flat,Main_0_2399
495,RegionC,689.25,0.0,0.5064,877.65,270.92,Flat,Main_0_2399
495,RegionD,442.35,345.03,0.3867,877.65,226.920333,Flat,Main_0_2399
495,RegionE,390.92,304.92,0.2026,877.65,194.234,Flat,Main_0_2399
495,RegionF,411.49,320.96,0.2394,877.65,246.251333,Flat,Main_0_2399
496,RegionA,741.09,0.0,0.5794,800.0,234.359333,Flat,Main_0_2399
496,RegionB,710.21,0.0,0.5421,800.0,192.906667,Flat,Main_0_2399
496,RegionC,689.62,0.0,0.514,800.0,224.150667,Flat,Main_0_2399
496,RegionD,442.59,345.22,0.3925,800.0,193.317,Flat,Main_0_2399
496,RegionE,391.13,305.08,0.2056,800.0,173.728667,Flat,Main_0_2399
496,RegionF,411.72,321.14,0.243,800.0,218.61,Flat,Main_0_2399
497,RegionA,1075.17,0.0,0.5904,722.35,200.879667,Peak,Main_0_2399
497,RegionB,1030.37,0.0,0.5523,722.35,198.28,Peak,Main_0_2399
497,RegionC,1000.5,0.0,0.5237,722.35,224.63,Peak,Main_0_2399
497,RegionD,642.11,500.85,0.3999,722.35,151.35,Peak,Main_0_2399
497,RegionE,567.45,442.61,0.2095,722.35,185.706667,Peak,Main_0_2399
497,RegionF,597.31,465.9,0.2476,722.35,166.124667,Peak,Main_0_2399
498,RegionA,1075.76,0.0,0.603,650.0,219.563,Peak,Main_0_2399
498,RegionB,1030.94,0.0,0.5641,650.0,207.980333,Peak,Main_0_2399
498,RegionC,1001.05,0.0,0.5349,650.0,201.484333,Peak,Main_0_2399
498,RegionD,642.47,501.13,0.4085,650.0,170.209333,Peak,Main_0_2399
498,RegionE,567.76,442.85,0.214,650.0,158.21,Peak,Main_0_2399
498,RegionF,597.64,466.16,0.2529,650.0,188.86,Peak,Main_0_2399
499,RegionA,1076.36,0.0,0.6165,587.87,171.081667,Peak,Main_0_2399
499,RegionB,1031.51,0.0,0.5768,587.87,229.523333,Peak,Main_0_2399
499,RegionC,1001.61,0.0,0.5469,587.87,209.285,Peak,Main_0_2399
499,RegionD,642.83,501.41,0.4177,587.87,178.782,Peak,Main_0_2399
499,RegionE,568.08,443.1,0.2188,587.87,151.492667,Peak,Main_0_2399
499,RegionF,597.98,466.42,0.2585,587.87,148.127333,Peak,Main_0_2399
500,RegionA,1076.96,0.0,0.6301,540.19,208.008333,Peak,Main_0_2399
500,RegionB,1032.09,0.0,0.5894,540.19,226.886667,Peak,Main_0_2399
500,RegionC,1002.17,0.0,0.5589,540.19,221.520667,Peak,Main_0_2399
500,RegionD,643.18,501.68,0.4268,540.19,173.05,Peak,Main_0_2399
500,RegionE,568.4,443.35,0.2236,540.19,157.54,Peak,Main_0_2399
500,RegionF,598.31,466.68,0.2642,540.19,186.688,Peak,Main_0_2399
501,RegionA,1077.57,0.0,0.6427,510.22,214.72,Peak,Main_0_2399
501,RegionB,1032.67,0.0,0.6013,510.22,251.566333,Peak,Main_0_2399
501,RegionC,1002.74,0.0,0.5702,510.22,248.48,Peak,Main_0_2399
501,RegionD,643.55,501.97,0.4354,510.22,233.713333,Peak,Main_0_2399
501,RegionE,568.72,443.6,0.2281,510.22,208.131667,Peak,Main_0_2399
501,RegionF,598.65,466.95,0.2695,510.22,182.102,Peak,Main_0_2399
502,RegionA,669.21,0.0,0.6537,500.0,258.723333,Flat,Main_0_2399
502,RegionB,641.33,0.0,0.6115,500.0,273.045,Flat,Main_0_2399
502,RegionC,622.74,0.0,0.5799,500.0,257.551667,Flat,Main_0_2399
502,RegionD,399.67,311.74,0.4428,500.0,261.213333,Flat,Main_0_2399
502,RegionE,353.19,275.49,0.232,500.0,261.339,Flat,Main_0_2399
502,RegionF,371.78,289.99,0.2741,500.0,217.262,Flat,Main_0_2399
503,RegionA,669.59,0.0,0.6623,510.22,294.686667,Flat,Main_0_2399
503,RegionB,641.69,0.0,0.6195,510.22,309.954333,Flat,Main_0_2399
503,RegionC,623.09,0.0,0.5875,510.22,291.128,Flat,Main_0_2399
503,RegionD,399.89,311.91,0.4486,510.22,201.915,Flat,Main_0_2399
503,RegionE,353.39,275.64,0.235,510.22,298.480667,Flat,Main_0_2399
503,RegionF,371.99,290.15,0.2777,510.22,202.668667,Flat,Main_0_2399
504,RegionA,483.87,0.0,0.6679,540.19,311.745333,Valley,Main_0_2399
504,RegionB,463.7,0.0,0.6248,540.19,377.920667,Valley,Main_0_2399
504,RegionC,450.26,0.0,0.5925,540.19,316.375,Valley,Main_0_2399
504,RegionD,288.98,225.4,0.4525,540.19,271.328,Valley,Main_0_2399
504,RegionE,255.37,199.19,0.237,540.19,321.604,Valley,Main_0_2399
504,RegionF,268.81,209.67,0.2801,540.19,243.466,Valley,Main_0_2399
505,RegionA,484.14,0.0,0.6703,587.87,360.885333,Valley,Main_0_2399
505,RegionB,463.97,0.0,0.6271,587.87,327.761333,Valley,Main_0_2399
505,RegionC,450.52,0.0,0.5946,587.87,375.515667,Valley,Main_0_2399
505,RegionD,289.14,225.53,0.4541,587.87,278.597,Valley,Main_0_2399
505,RegionE,255.52,199.31,0.2378,587.87,306.35,Valley,Main_0_2399
505,RegionF,268.97,209.8,0.2811,587.87,268.95,Valley,Main_0_2399
506,RegionA,484.41,0.0,0.6693,650.0,379.406333,Valley,Main_0_2399
506,RegionB,464.23,0.0,0.6261,650.0,364.026667,Valley,Main_0_2399
506,RegionC,450.77,0.0,0.5937,650.0,381.377,Valley,Main_0_2399
506,RegionD,289.3,225.65,0.4534,650.0,283.22,Valley,Main_0_2399
506,RegionE,255.66,199.41,0.2375,650.0,312.304667,Valley,Main_0_2399
506,RegionF,269.12,209.91,0.2807,650.0,317.057333,Valley,Main_0_2399
507,RegionA,484.68,0.0,0.665,722.35,391.110667,Valley,Main_0_2399
507,RegionB,464.49,0.0,0.6221,722.35,358.310667,Valley,Main_0_2399
507,RegionC,451.02,0.0,0.59,722.35,381.392,Valley,Main_0_2399
507,RegionD,289.46,225.78,0.4505,722.35,279.036,Valley,Main_0_2399
507,RegionE,255.8,199.52,0.236,722.35,317.293333,Valley,Main_0_2399
507,RegionF,269.27,210.03,0.2789,722.35,334.127333,Valley,Main_0_2399
508,RegionA,484.95,0.0,0.6578,800.0,374.78,Valley,Main_0_2399
508,RegionB,464.75,0.0,0.6154,800.0,349.864,Valley,Main_0_2399
508,RegionC,451.28,0.0,0.5836,800.0,382.969333,Valley,Main_0_2399
508,RegionD,289.62,225.9,0.4456,800.0,321.951333,Valley,Main_0_2399
508,RegionE,255.95,199.64,0.2334,800.0,346.851667,Valley,Main_0_2399
508,RegionF,269.42,210.15,0.2759,800.0,383.548667,Valley,Main_0_2399
509,RegionA,485.22,0.0,0.6483,877.65,370.323,Valley,Main_0_2399
509,RegionB,465.0,0.0,0.6064,877.65,357.039667,Valley,Main_0_2399
509,RegionC,451.53,0.0,0.5751,877.65,384.117333,Valley,Main_0_2399
509,RegionD,289.79,226.04,0.4391,877.65,360.967333,Valley,Main_0_2399
509,RegionE,256.09,199.75,0.23,877.65,357.342333,Valley,Main_0_2399
509,RegionF,269.57,210.26,0.2719,877.65,335.091333,Valley,Main_0_2399
510,RegionA,485.49,0.0,0.637,950.0,364.65,Valley,Main_0_2399
510,RegionB,465.26,0.0,0.5959,950.0,365.226333,Valley,Main_0_2399
510,RegionC,451.77,0.0,0.5651,950.0,380.443,Valley,Main_0_2399
510,RegionD,289.95,226.16,0.4315,950.0,323.387333,Valley,Main_0_2399
510,RegionE,256.23,199.86,0.226,950.0,369.485333,Valley,Main_0_2399
510,RegionF,269.72,210.38,0.2671,950.0,415.295,Valley,Main_0_2399
511,RegionA,747.31,0.0,0.6248,1012.13,374.166667,Flat,Main_0_2399
511,RegionB,716.18,0.0,0.5845,1012.13,381.444667,Flat,Main_0_2399
511,RegionC,695.42,0.0,0.5543,1012.13,377.429,Flat,Main_0_2399
511,RegionD,446.31,348.12,0.4233,1012.13,360.064667,Flat,Main_0_2399
511,RegionE,394.42,307.65,0.2217,1012.13,398.277333,Flat,Main_0_2399
511,RegionF,415.17,323.83,0.262,1012.13,400.939333,Flat,Main_0_2399
512,RegionA,747.72,0.0,0.6126,1059.81,379.266667,Flat,Main_0_2399
512,RegionB,716.56,0.0,0.5731,1059.81,373.459333,Flat,Main_0_2399
512,RegionC,695.79,0.0,0.5435,1059.81,379.558333,Flat,Main_0_2399
512,RegionD,446.55,348.31,0.415,1059.81,340.237,Flat,Main_0_2399
512,RegionE,394.63,307.81,0.2174,1059.81,403.09,Flat,Main_0_2399
512,RegionF,415.4,324.01,0.2569,1059.81,365.02,Flat,Main_0_2399
513,RegionA,748.12,0.0,0.6013,1089.78,388.874667,Flat,Main_0_2399
513,RegionB,716.94,0.0,0.5625,1089.78,374.902,Flat,Main_0_2399
513,RegionC,696.16,0.0,0.5334,1089.78,382.617333,Flat,Main_0_2399
513,RegionD,446.79,348.5,0.4074,1089.78,338.209333,Flat,Main_0_2399
513,RegionE,394.84,307.98,0.2134,1089.78,385.048,Flat,Main_0_2399
513,RegionF,415.62,324.18,0.2522,1089.78,329.818,Flat,Main_0_2399
514,RegionA,748.51,0.0,0.5917,1100.0,367.318333,Flat,Main_0_2399
514,RegionB,717.32,0.0,0.5535,1100.0,373.595,Flat,Main_0_2399
514,RegionC,696.53,0.0,0.5249,1100.0,380.516667,Flat,Main_0_2399
514,RegionD,447.03,348.68,0.4008,1100.0,342.208667,Flat,Main_0_2399
514,RegionE,395.05,308.14,0.21,1100.0,378.084,Flat,Main_0_2399
514,RegionF,415.84,324.36,0.2481,1100.0,375.482667,Flat,Main_0_2399
515,RegionA,748.9,0.0,0.5845,1089.78,361.264667,Flat,Main_0_2399
515,RegionB,717.69,0.0,0.5468,1089.78,355.761667,Flat,Main_0_2399
515,RegionC,696.89,0.0,0.5185,1089.78,383.52,Flat,Main_0_2399
515,RegionD,447.26,348.86,0.3959,1089.78,254.978,Flat,Main_0_2399
515,RegionE,395.25,308.3,0.2074,1089.78,293.551333,Flat,Main_0_2399
515,RegionF,416.05,324.52,0.2451,1089.78,335.392,Flat,Main_0_2399
516,RegionA,749.28,0.0,0.5802,1059.81,319.463333,Flat,Main_0_2399
516,RegionB,718.06,0.0,0.5427,1059.81,334.551333,Flat,Main_0_2399
516,RegionC,697.25,0.0,0.5147,1059.81,338.25,Flat,Main_0_2399
516,RegionD,447.49,349.04,0.393,1059.81,267.606667,Flat,Main_0_2399
516,RegionE,395.45,308.45,0.2059,1059.81,284.502,Flat,Main_0_2399
516,RegionF,416.27,324.69,0.2433,1059.81,311.652,Flat,Main_0_2399
517,RegionA,749.65,0.0,0.5791,1012.13,319.092667,Flat,Main_0_2399
517,RegionB,718.42,0.0,0.5417,1012.13,315.806,Flat,Main_0_2399
517,RegionC,697.59,0.0,0.5137,1012.13,327.856333,Flat,Main_0_2399
517,RegionD,447.71,349.21,0.3923,1012.13,295.875667,Flat,Main_0_2399
517,RegionE,395.65,308.61,0.2055,1012.13,293.994,Flat,Main_0_2399
517,RegionF,416.47,324.85,0.2428,1012.13,269.390333,Flat,Main_0_2399
518,RegionA,750.02,0.0,0.5814,950.0,273.413333,Flat,Main_0_2399
518,RegionB,718.77,0.0,0.5439,950.0,299.494333,Flat,Main_0_2399
518,RegionC,697.94,0.0,0.5157,950.0,310.124333,Flat,Main_0_2399
518,RegionD,447.93,349.39,0.3938,950.0,250.880333,Flat,Main_0_2399
518,RegionE,395.84,308.76,0.2063,950.0,309.738667,Flat,Main_0_2399
518,RegionF,416.68,325.01,0.2438,950.0,251.064667,Flat,Main_0_2399
519,RegionA,750.38,0.0,0.5869,877.65,255.782333,Flat,Main_0_2399
519,RegionB,719.12,0.0,0.5491,877.65,276.370667,Flat,Main_0_2399
519,RegionC,698.27,0.0,0.5207,877.65,266.624333,Flat,Main_0_2399
519,RegionD,448.14,349.55,0.3976,877.65,253.54,Flat,Main_0_2399
519,RegionE,396.03,308.9,0.2083,877.65,235.162,Flat,Main_0_2399
519,RegionF,416.88,325.17,0.2461,877.65,246.997,Flat,Main_0_2399
520,RegionA,750.73,0.0,0.5954,800.0,217.833667,Flat,Main_0_2399
520,RegionB,719.45,0.0,0.557,800.0,235.458333,Flat,Main_0_2399
520,RegionC,698.6,0.0,0.5282,800.0,219.115,Flat,Main_0_2399
520,RegionD,448.35,349.71,0.4033,800.0,194.815,Flat,Main_0_2399
520,RegionE,396.22,309.05,0.2113,800.0,193.326667,Flat,Main_0_2399
520,RegionF,417.07,325.31,0.2497,800.0,169.816333,Flat,Main_0_2399
521,RegionA,1089.06,0.0,0.6062,722.35,212.293333,Peak,Main_0_2399
521,RegionB,1043.68,0.0,0.5671,722.35,194.153333,Peak,Main_0_2399
521,RegionC,1013.43,0.0,0.5378,722.35,225.646,Peak,Main_0_2399
521,RegionD,650.41,507.32,0.4107,722.35,187.633333,Peak,Main_0_2399
521,RegionE,574.78,448.33,0.2151,722.35,129.193333,Peak,Main_0_2399
521,RegionF,605.03,471.92,0.2542,722.35,158.343333,Peak,Main_0_2399
522,RegionA,1089.54,0.0,0.6188,650.0,163.530333,Peak,Main_0_2399
522,RegionB,1044.15,0.0,0.5788,650.0,202.48,Peak,Main_0_2399
522,RegionC,1013.88,0.0,0.5489,650.0,195.773,Peak,Main_0_2399
522,RegionD,650.7,507.55,0.4192,650.0,156.34,Peak,Main_0_2399
522,RegionE,575.04,448.53,0.2196,650.0,118.152,Peak,Main_0_2399
522,RegionF,605.3,472.13,0.2595,650.0,172.838667,Peak,Main_0_2399
523,RegionA,1090.01,0.0,0.6321,587.87,195.031667,Peak,Main_0_2399
523,RegionB,1044.6,0.0,0.5913,587.87,214.340667,Peak,Main_0_2399
523,RegionC,1014.32,0.0,0.5608,587.87,215.522,Peak,Main_0_2399
523,RegionD,650.98,507.76,0.4282,587.87,186.748,Peak,Main_0_2399
523,RegionE,575.29,448.73,0.2243,587.87,185.248,Peak,Main_0_2399
523,RegionF,605.56,472.34,0.2651,587.87,162.29,Peak,Main_0_2399
524,RegionA,1090.47,0.0,0.6455,540.19,219.498333,Peak,Main_0_2399
524,RegionB,1045.03,0.0,0.6038,540.19,239.500667,Peak,Main_0_2399
524,RegionC,1014.74,0.0,0.5726,540.19,241.123,Peak,Main_0_2399
524,RegionD,651.25,507.98,0.4373,540.19,161.100667,Peak,Main_0_2399
524,RegionE,575.53,448.91,0.229,540.19,191.09,Peak,Main_0_2399
524,RegionF,605.82,472.54,0.2707,540.19,174.778,Peak,Main_0_2399
525,RegionA,1090.91,0.0,0.658,510.22,258.183333,Peak,Main_0_2399
525,RegionB,1045.46,0.0,0.6155,510.22,228.031667,Peak,Main_0_2399
525,RegionC,1015.15,0.0,0.5837,510.22,224.602667,Peak,Main_0_2399
525,RegionD,651.52,508.19,0.4457,510.22,213.147333,Peak,Main_0_2399
525,RegionE,575.76,449.09,0.2335,510.22,222.070667,Peak,Main_0_2399
525,RegionF,606.06,472.73,0.2759,510.22,176.960667,Peak,Main_0_2399
526,RegionA,677.38,0.0,0.6687,500.0,272.36,Flat,Main_0_2399
526,RegionB,649.16,0.0,0.6256,500.0,220.205667,Flat,Main_0_2399
526,RegionC,630.34,0.0,0.5932,500.0,245.654667,Flat,Main_0_2399
526,RegionD,404.55,315.55,0.453,500.0,221.18,Flat,Main_0_2399
526,RegionE,357.51,278.86,0.2373,500.0,223.604,Flat,Main_0_2399
526,RegionF,376.32,293.53,0.2804,500.0,233.636667,Flat,Main_0_2399
527,RegionA,677.63,0.0,0.6771,510.22,307.515,Flat,Main_0_2399
527,RegionB,649.4,0.0,0.6334,510.22,253.167333,Flat,Main_0_2399
527,RegionC,630.58,0.0,0.6006,510.22,270.798,Flat,Main_0_2399
527,RegionD,404.7,315.67,0.4586,510.22,264.792333,Flat,Main_0_2399
527,RegionE,357.64,278.96,0.2402,510.22,267.562667,Flat,Main_0_2399
527,RegionF,376.46,293.64,0.2839,510.22,270.531333,Flat,Main_0_2399
528,RegionA,489.58,0.0,0.6825,540.19,308.888667,Valley,Main_0_2399
528,RegionB,469.18,0.0,0.6384,540.19,301.840667,Valley,Main_0_2399
528,RegionC,455.58,0.0,0.6054,540.19,306.843333,Valley,Main_0_2399
528,RegionD,292.39,228.06,0.4623,540.19,285.962667,Valley,Main_0_2399
528,RegionE,258.39,201.54,0.2422,540.19,311.874333,Valley,Main_0_2399
528,RegionF,271.99,212.15,0.2862,540.19,285.251667,Valley,Main_0_2399
529,RegionA,489.75,0.0,0.6846,587.87,344.999333,Valley,Main_0_2399
529,RegionB,469.34,0.0,0.6404,587.87,371.61,Valley,Main_0_2399
529,RegionC,455.74,0.0,0.6073,587.87,341.028667,Valley,Main_0_2399
529,RegionD,292.49,228.14,0.4637,587.87,280.600333,Valley,Main_0_2399
529,RegionE,258.48,201.61,0.2429,587.87,344.946667,Valley,Main_0_2399
529,RegionF,272.08,212.22,0.2871,587.87,350.83,Valley,Main_0_2399
530,RegionA,489.91,0.0,0.6833,650.0,382.234667,Valley,Main_0_2399
530,RegionB,469.49,0.0,0.6392,650.0,379.18,Valley,Main_0_2399
530,RegionC,455.88,0.0,0.6061,650.0,316.496667,Valley,Main_0_2399
530,RegionD,292.58,228.21,0.4629,650.0,293.958,Valley,Main_0_2399
530,RegionE,258.56,201.68,0.2425,650.0,362.618333,Valley,Main_0_2399
530,RegionF,272.17,212.29,0.2865,650.0,366.100667,Valley,Main_0_2399
531,RegionA,490.06,0.0,0.6787,722.35,382.309,Valley,Main_0_2399
531,RegionB,469.64,0.0,0.6349,722.35,379.647,Valley,Main_0_2399
531,RegionC,456.03,0.0,0.6021,722.35,355.600333,Valley,Main_0_2399
531,RegionD,292.67,228.28,0.4598,722.35,299.038333,Valley,Main_0_2399
531,RegionE,258.64,201.74,0.2408,722.35,342.608667,Valley,Main_0_2399
531,RegionF,272.25,212.36,0.2846,722.35,414.748333,Valley,Main_0_2399
532,RegionA,490.2,0.0,0.6712,800.0,396.072333,Valley,Main_0_2399
532,RegionB,469.78,0.0,0.6279,800.0,380.407667,Valley,Main_0_2399
532,RegionC,456.16,0.0,0.5954,800.0,364.617333,Valley,Main_0_2399
532,RegionD,292.76,228.35,0.4547,800.0,326.444667,Valley,Main_0_2399
532,RegionE,258.72,201.8,0.2382,800.0,360.115,Valley,Main_0_2399
532,RegionF,272.33,212.42,0.2815,800.0,414.888,Valley,Main_0_2399
533,RegionA,490.34,0.0,0.6612,877.65,385.848333,Valley,Main_0_2399
533,RegionB,469.9,0.0,0.6186,877.65,381.549333,Valley,Main_0_2399
533,RegionC,456.28,0.0,0.5866,877.65,346.228,Valley,Main_0_2399
533,RegionD,292.84,228.42,0.4479,877.65,348.16,Valley,Main_0_2399
533,RegionE,258.79,201.86,0.2346,877.65,440.878667,Valley,Main_0_2399
533,RegionF,272.41,212.48,0.2773,877.65,427.586,Valley,Main_0_2399
534,RegionA,490.46,0.0,0.6496,950.0,373.201333,Valley,Main_0_2399
534,RegionB,470.03,0.0,0.6077,950.0,377.245333,Valley,Main_0_2399
534,RegionC,456.4,0.0,0.5763,950.0,351.198667,Valley,Main_0_2399
534,RegionD,292.91,228.47,0.44,950.0,325.528,Valley,Main_0_2399
534,RegionE,258.85,201.9,0.2305,950.0,446.193333,Valley,Main_0_2399
534,RegionF,272.48,212.53,0.2724,950.0,392.975,Valley,Main_0_2399
535,RegionA,754.73,0.0,0.637,1012.13,349.793333,Flat,Main_0_2399
535,RegionB,723.29,0.0,0.5959,1012.13,378.803667,Flat,Main_0_2399
535,RegionC,702.32,0.0,0.5651,1012.13,341.512667,Flat,Main_0_2399
535,RegionD,450.74,351.58,0.4315,1012.13,393.847333,Flat,Main_0_2399
535,RegionE,398.33,310.7,0.226,1012.13,394.12,Flat,Main_0_2399
535,RegionF,419.3,327.05,0.2671,1012.13,409.238333,Flat,Main_0_2399
536,RegionA,754.9,0.0,0.6245,1059.81,348.701,Flat,Main_0_2399
536,RegionB,723.45,0.0,0.5842,1059.81,370.879333,Flat,Main_0_2399
536,RegionC,702.48,0.0,0.554,1059.81,361.24,Flat,Main_0_2399
536,RegionD,450.84,351.66,0.423,1059.81,418.689333,Flat,Main_0_2399
536,RegionE,398.42,310.77,0.2216,1059.81,408.915,Flat,Main_0_2399
536,RegionF,419.39,327.12,0.2619,1059.81,400.386667,Flat,Main_0_2399
537,RegionA,755.05,0.0,0.6128,1089.78,369.242333,Flat,Main_0_2399
537,RegionB,723.59,0.0,0.5732,1089.78,372.052,Flat,Main_0_2399
537,RegionC,702.62,0.0,0.5436,1089.78,352.605333,Flat,Main_0_2399
537,RegionD,450.93,351.73,0.4151,1089.78,392.741333,Flat,Main_0_2399
537,RegionE,398.5,310.83,0.2174,1089.78,405.316667,Flat,Main_0_2399
537,RegionF,419.47,327.19,0.257,1089.78,364.372667,Flat,Main_0_2399
538,RegionA,755.19,0.0,0.6027,1100.0,375.330667,Flat,Main_0_2399
538,RegionB,723.72,0.0,0.5638,1100.0,375.787667,Flat,Main_0_2399
538,RegionC,702.75,0.0,0.5347,1100.0,363.849,Flat,Main_0_2399
538,RegionD,451.02,351.8,0.4083,1100.0,337.437333,Flat,Main_0_2399
538,RegionE,398.57,310.88,0.2139,1100.0,381.848,Flat,Main_0_2399
538,RegionF,419.55,327.25,0.2527,1100.0,285.426667,Flat,Main_0_2399
539,RegionA,755.31,0.0,0.595,1089.78,370.893,Flat,Main_0_2399
539,RegionB,723.84,0.0,0.5566,1089.78,321.892667,Flat,Main_0_2399
539,RegionC,702.86,0.0,0.5278,1089.78,333.295333,Flat,Main_0_2399
539,RegionD,451.09,351.85,0.4031,1089.78,251.170667,Flat,Main_0_2399
539,RegionE,398.64,310.94,0.2111,1089.78,280.582667,Flat,Main_0_2399
539,RegionF,419.62,327.3,0.2495,1089.78,331.37,Flat,Main_0_2399
540,RegionA,755.42,0.0,0.5902,1059.81,330.359333,Flat,Main_0_2399
540,RegionB,723.94,0.0,0.5521,1059.81,296.746,Flat,Main_0_2399
540,RegionC,702.96,0.0,0.5236,1059.81,324.433333,Flat,Main_0_2399
540,RegionD,451.15,351.9,0.3998,1059.81,318.265333,Flat,Main_0_2399
540,RegionE,398.69,310.98,0.2094,1059.81,296.82,Flat,Main_0_2399
540,RegionF,419.68,327.35,0.2475,1059.81,297.386667,Flat,Main_0_2399
541,RegionA,755.51,0.0,0.5887,1012.13,327.224667,Flat,Main_0_2399
541,RegionB,724.03,0.0,0.5507,1012.13,288.216333,Flat,Main_0_2399
541,RegionC,703.05,0.0,0.5222,1012.13,290.881667,Flat,Main_0_2399
541,RegionD,451.21,351.94,0.3988,1012.13,291.177333,Flat,Main_0_2399
541,RegionE,398.74,311.02,0.2089,1012.13,276.868,Flat,Main_0_2399
541,RegionF,419.73,327.39,0.2469,1012.13,264.369,Flat,Main_0_2399
542,RegionA,755.59,0.0,0.5905,950.0,317.314333,Flat,Main_0_2399
542,RegionB,724.11,0.0,0.5524,950.0,280.012,Flat,Main_0_2399
542,RegionC,703.12,0.0,0.5238,950.0,270.242,Flat,Main_0_2399
542,RegionD,451.25,351.98,0.4,950.0,295.214667,Flat,Main_0_2399
542,RegionE,398.78,311.05,0.2095,950.0,235.362667,Flat,Main_0_2399
542,RegionF,419.77,327.42,0.2476,950.0,250.512,Flat,Main_0_2399
543,RegionA,755.65,0.0,0.5955,877.65,271.119333,Flat,Main_0_2399
543,RegionB,724.17,0.0,0.5571,877.65,273.034333,Flat,Main_0_2399
543,RegionC,703.18,0.0,0.5283,877.65,212.273,Flat,Main_0_2399
543,RegionD,451.29,352.01,0.4034,877.65,214.963333,Flat,Main_0_2399
543,RegionE,398.82,311.08,0.2113,877.65,207.509667,Flat,Main_0_2399
543,RegionF,419.81,327.45,0.2497,877.65,199.349,Flat,Main_0_2399
544,RegionA,755.7,0.0,0.6035,800.0,249.696667,Flat,Main_0_2399
544,RegionB,724.21,0.0,0.5645,800.0,247.462667,Flat,Main_0_2399
544,RegionC,703.22,0.0,0.5353,800.0,214.642333,Flat,Main_0_2399
544,RegionD,451.32,352.03,0.4088,800.0,162.091333,Flat,Main_0_2399
544,RegionE,398.84,311.1,0.2141,800.0,132.696667,Flat,Main_0_2399
544,RegionF,419.83,327.47,0.2531,800.0,124.917667,Flat,Main_0_2399
545,RegionA,1095.81,0.0,0.6138,722.35,226.774,Peak,Main_0_2399
545,RegionB,1050.15,0.0,0.5742,722.35,227.978,Peak,Main_0_2399
545,RegionC,1019.71,0.0,0.5445,722.35,198.317333,Peak,Main_0_2399
545,RegionD,654.44,510.46,0.4158,722.35,140.446667,Peak,Main_0_2399
545,RegionE,578.34,451.11,0.2178,722.35,74.651333,Peak,Main_0_2399
545,RegionF,608.78,474.85,0.2574,722.35,132.342,Peak,Main_0_2399
546,RegionA,1095.84,0.0,0.6258,650.0,230.750333,Peak,Main_0_2399
546,RegionB,1050.18,0.0,0.5854,650.0,218.61,Peak,Main_0_2399
546,RegionC,1019.74,0.0,0.5551,650.0,221.206,Peak,Main_0_2399
546,RegionD,654.46,510.48,0.4239,650.0,161.824333,Peak,Main_0_2399
546,RegionE,578.36,451.12,0.222,650.0,53.826,Peak,Main_0_2399
546,RegionF,608.8,474.86,0.2624,650.0,141.49,Peak,Main_0_2399
547,RegionA,1095.84,0.0,0.6386,587.87,191.380667,Peak,Main_0_2399
547,RegionB,1050.18,0.0,0.5974,587.87,227.479333,Peak,Main_0_2399
547,RegionC,1019.74,0.0,0.5665,587.87,232.496667,Peak,Main_0_2399
547,RegionD,654.46,510.48,0.4326,587.87,77.826667,Peak,Main_0_2399
547,RegionE,578.36,451.12,0.2266,587.87,45.676667,Peak,Main_0_2399
547,RegionF,608.8,474.86,0.2678,587.87,170.386667,Peak,Main_0_2399
548,RegionA,1095.82,0.0,0.6514,540.19,236.476,Peak,Main_0_2399
548,RegionB,1050.16,0.0,0.6094,540.19,233.398,Peak,Main_0_2399
548,RegionC,1019.72,0.0,0.5778,540.19,228.543333,Peak,Main_0_2399
548,RegionD,654.45,510.47,0.4413,540.19,100.469,Peak,Main_0_2399
548,RegionE,578.35,451.11,0.2311,540.19,104.25,Peak,Main_0_2399
548,RegionF,608.79,474.86,0.2732,540.19,180.344667,Peak,Main_0_2399
549,RegionA,1095.78,0.0,0.6633,510.22,241.448,Peak,Main_0_2399
549,RegionB,1050.12,0.0,0.6205,510.22,264.114,Peak,Main_0_2399
549,RegionC,1019.68,0.0,0.5884,510.22,243.623333,Peak,Main_0_2399
549,RegionD,654.42,510.45,0.4493,510.22,177.097,Peak,Main_0_2399
549,RegionE,578.33,451.1,0.2354,510.22,122.746,Peak,Main_0_2399
549,RegionF,608.76,474.83,0.2782,510.22,204.045333,Peak,Main_0_2399
550,RegionA,680.1,0.0,0.6735,500.0,293.987667,Flat,Main_0_2399
550,RegionB,651.76,0.0,0.63,500.0,257.42,Flat,Main_0_2399
550,RegionC,632.87,0.0,0.5974,500.0,267.31,Flat,Main_0_2399
550,RegionD,406.17,316.81,0.4562,500.0,195.57,Flat,Main_0_2399
550,RegionE,358.94,279.97,0.239,500.0,146.573333,Flat,Main_0_2399
550,RegionF,377.83,294.71,0.2824,500.0,266.864,Flat,Main_0_2399
551,RegionA,680.04,0.0,0.6812,510.22,287.56,Flat,Main_0_2399
551,RegionB,651.71,0.0,0.6373,510.22,300.858,Flat,Main_0_2399
551,RegionC,632.82,0.0,0.6043,510.22,292.522333,Flat,Main_0_2399
551,RegionD,406.14,316.79,0.4615,510.22,237.175333,Flat,Main_0_2399
551,RegionE,358.91,279.95,0.2417,510.22,217.480333,Flat,Main_0_2399
551,RegionF,377.8,294.68,0.2857,510.22,293.12,Flat,Main_0_2399
552,RegionA,491.09,0.0,0.686,540.19,315.507,Valley,Main_0_2399
552,RegionB,470.63,0.0,0.6418,540.19,358.99,Valley,Main_0_2399
552,RegionC,456.99,0.0,0.6086,540.19,326.126,Valley,Main_0_2399
552,RegionD,293.29,228.77,0.4647,540.19,255.445,Valley,Main_0_2399
552,RegionE,259.19,202.17,0.2434,540.19,304.992667,Valley,Main_0_2399
552,RegionF,272.83,212.81,0.2877,540.19,285.391333,Valley,Main_0_2399
553,RegionA,491.04,0.0,0.6876,587.87,331.818,Valley,Main_0_2399
553,RegionB,470.58,0.0,0.6432,587.87,346.168333,Valley,Main_0_2399
553,RegionC,456.94,0.0,0.6099,587.87,382.612333,Valley,Main_0_2399
553,RegionD,293.26,228.74,0.4658,587.87,294.02,Valley,Main_0_2399
553,RegionE,259.16,202.14,0.244,587.87,359.509333,Valley,Main_0_2399
553,RegionF,272.8,212.78,0.2883,587.87,303.94,Valley,Main_0_2399
554,RegionA,490.97,0.0,0.6857,650.0,372.414,Valley,Main_0_2399
554,RegionB,470.51,0.0,0.6414,650.0,381.390667,Valley,Main_0_2399
554,RegionC,456.87,0.0,0.6083,650.0,386.521333,Valley,Main_0_2399
554,RegionD,293.22,228.71,0.4645,650.0,315.828667,Valley,Main_0_2399
554,RegionE,259.12,202.11,0.2433,650.0,362.236667,Valley,Main_0_2399
554,RegionF,272.76,212.75,0.2875,650.0,367.354667,Valley,Main_0_2399
555,RegionA,490.89,0.0,0.6805,722.35,378.221333,Valley,Main_0_2399
555,RegionB,470.44,0.0,0.6366,722.35,373.657333,Valley,Main_0_2399
555,RegionC,456.8,0.0,0.6037,722.35,369.99,Valley,Main_0_2399
555,RegionD,293.17,228.67,0.461,722.35,322.899333,Valley,Main_0_2399
555,RegionE,259.08,202.08,0.2415,722.35,415.353333,Valley,Main_0_2399
555,RegionF,272.72,212.72,0.2854,722.35,327.326,Valley,Main_0_2399
556,RegionA,490.81,0.0,0.6724,800.0,381.878667,Valley,Main_0_2399
556,RegionB,470.36,0.0,0.629,800.0,361.629333,Valley,Main_0_2399
556,RegionC,456.72,0.0,0.5965,800.0,385.58,Valley,Main_0_2399
556,RegionD,293.12,228.63,0.4555,800.0,341.788,Valley,Main_0_2399
556,RegionE,259.04,202.05,0.2386,800.0,377.88,Valley,Main_0_2399
556,RegionF,272.67,212.68,0.282,800.0,295.105333,Valley,Main_0_2399
557,RegionA,490.71,0.0,0.6618,877.65,381.432,Valley,Main_0_2399
557,RegionB,470.26,0.0,0.6191,877.65,365.752,Valley,Main_0_2399
557,RegionC,456.63,0.0,0.5871,877.65,373.168333,Valley,Main_0_2399
557,RegionD,293.06,228.59,0.4483,877.65,373.346667,Valley,Main_0_2399
557,RegionE,258.99,202.01,0.2348,877.65,399.36,Valley,Main_0_2399
557,RegionF,272.62,212.64,0.2775,877.65,323.626333,Valley,Main_0_2399
558,RegionA,490.61,0.0,0.6496,950.0,377.510667,Valley,Main_0_2399
558,RegionB,470.16,0.0,0.6077,950.0,380.289667,Valley,Main_0_2399
558,RegionC,456.54,0.0,0.5763,950.0,372.24,Valley,Main_0_2399
558,RegionD,293.0,228.54,0.44,950.0,396.685333,Valley,Main_0_2399
558,RegionE,258.93,201.97,0.2305,950.0,378.924,Valley,Main_0_2399
558,RegionF,272.56,212.6,0.2724,950.0,370.925333,Valley,Main_0_2399
559,RegionA,754.6,0.0,0.6364,1012.13,373.238667,Flat,Main_0_2399
559,RegionB,723.16,0.0,0.5954,1012.13,378.0,Flat,Main_0_2399
559,RegionC,702.2,0.0,0.5646,1012.13,369.629333,Flat,Main_0_2399
559,RegionD,450.67,351.52,0.4311,1012.13,429.347333,Flat,Main_0_2399
559,RegionE,398.26,310.64,0.2258,1012.13,400.377667,Flat,Main_0_2399
559,RegionF,419.22,326.99,0.2669,1012.13,354.471333,Flat,Main_0_2399
560,RegionA,754.42,0.0,0.6233,1059.81,388.942,Flat,Main_0_2399
560,RegionB,722.98,0.0,0.5831,1059.81,378.869333,Flat,Main_0_2399
560,RegionC,702.03,0.0,0.5529,1059.81,358.642,Flat,Main_0_2399
560,RegionD,450.55,351.43,0.4222,1059.81,405.913333,Flat,Main_0_2399
560,RegionE,398.16,310.56,0.2212,1059.81,395.304667,Flat,Main_0_2399
560,RegionF,419.12,326.91,0.2614,1059.81,359.393,Flat,Main_0_2399
561,RegionA,754.21,0.0,0.6109,1089.78,391.602,Flat,Main_0_2399
561,RegionB,722.79,0.0,0.5715,1089.78,385.783333,Flat,Main_0_2399
561,RegionC,701.84,0.0,0.542,1089.78,355.749333,Flat,Main_0_2399
561,RegionD,450.43,351.34,0.4139,1089.78,414.490667,Flat,Main_0_2399
561,RegionE,398.06,310.49,0.2168,1089.78,365.45,Flat,Main_0_2399
561,RegionF,419.01,326.83,0.2562,1089.78,339.379333,Flat,Main_0_2399
562,RegionA,754.0,0.0,0.6003,1100.0,374.548,Flat,Main_0_2399
562,RegionB,722.58,0.0,0.5616,1100.0,384.312333,Flat,Main_0_2399
562,RegionC,701.64,0.0,0.5325,1100.0,363.917333,Flat,Main_0_2399
562,RegionD,450.3,351.23,0.4067,1100.0,334.904,Flat,Main_0_2399
562,RegionE,397.94,310.39,0.213,1100.0,335.006,Flat,Main_0_2399
562,RegionF,418.89,326.73,0.2517,1100.0,371.354,Flat,Main_0_2399
563,RegionA,753.77,0.0,0.592,1089.78,345.886667,Flat,Main_0_2399
563,RegionB,722.36,0.0,0.5538,1089.78,359.824667,Flat,Main_0_2399
563,RegionC,701.43,0.0,0.5252,1089.78,356.451667,Flat,Main_0_2399
563,RegionD,450.17,351.13,0.401,1089.78,264.943333,Flat,Main_0_2399
563,RegionE,397.82,310.3,0.2101,1089.78,332.594667,Flat,Main_0_2399
563,RegionF,418.76,326.63,0.2483,1089.78,370.842667,Flat,Main_0_2399
564,RegionA,753.53,0.0,0.5866,1059.81,332.142667,Flat,Main_0_2399
564,RegionB,722.13,0.0,0.5488,1059.81,340.542,Flat,Main_0_2399
564,RegionC,701.2,0.0,0.5204,1059.81,314.372,Flat,Main_0_2399
564,RegionD,450.03,351.02,0.3974,1059.81,238.774667,Flat,Main_0_2399
564,RegionE,397.7,310.21,0.2082,1059.81,305.97,Flat,Main_0_2399
564,RegionF,418.63,326.53,0.246,1059.81,299.754,Flat,Main_0_2399
565,RegionA,753.28,0.0,0.5845,1012.13,318.234333,Flat,Main_0_2399
565,RegionB,721.89,0.0,0.5468,1012.13,338.809333,Flat,Main_0_2399
565,RegionC,700.97,0.0,0.5185,1012.13,309.989333,Flat,Main_0_2399
565,RegionD,449.88,350.91,0.396,1012.13,194.414,Flat,Main_0_2399
565,RegionE,397.56,310.1,0.2074,1012.13,259.383333,Flat,Main_0_2399
565,RegionF,418.49,326.42,0.2451,1012.13,257.804667,Flat,Main_0_2399
566,RegionA,753.02,0.0,0.5857,950.0,270.850667,Flat,Main_0_2399
566,RegionB,721.64,0.0,0.5479,950.0,308.247,Flat,Main_0_2399
566,RegionC,700.72,0.0,0.5196,950.0,294.293,Flat,Main_0_2399
566,RegionD,449.72,350.78,0.3968,950.0,156.249,Flat,Main_0_2399
566,RegionE,397.43,310.0,0.2078,950.0,265.131,Flat,Main_0_2399
566,RegionF,418.34,326.31,0.2456,950.0,258.833,Flat,Main_0_2399
567,RegionA,752.74,0.0,0.5902,877.65,244.692333,Flat,Main_0_2399
567,RegionB,721.38,0.0,0.5521,877.65,293.576667,Flat,Main_0_2399
567,RegionC,700.47,0.0,0.5236,877.65,279.268333,Flat,Main_0_2399
567,RegionD,449.55,350.65,0.3998,877.65,100.394,Flat,Main_0_2399
567,RegionE,397.28,309.88,0.2094,877.65,245.675333,Flat,Main_0_2399
567,RegionF,418.19,326.19,0.2475,877.65,236.918,Flat,Main_0_2399
568,RegionA,752.46,0.0,0.5976,800.0,198.507,Flat,Main_0_2399
568,RegionB,721.11,0.0,0.559,800.0,249.5,Flat,Main_0_2399
568,RegionC,700.2,0.0,0.5301,800.0,229.511,Flat,Main_0_2399
568,RegionD,449.38,350.52,0.4048,800.0,139.860667,Flat,Main_0_2399
568,RegionE,397.13,309.76,0.212,800.0,191.234333,Flat,Main_0_2399
568,RegionF,418.03,326.06,0.2506,800.0,206.839667,Flat,Main_0_2399
569,RegionA,1090.63,0.0,0.6073,722.35,196.224,Peak,Main_0_2399
569,RegionB,1045.19,0.0,0.5681,722.35,200.294667,Peak,Main_0_2399
569,RegionC,1014.9,0.0,0.5388,722.35,234.507333,Peak,Main_0_2399
569,RegionD,651.35,508.05,0.4114,722.35,109.486667,Peak,Main_0_2399
569,RegionE,575.61,448.98,0.2155,722.35,212.983,Peak,Main_0_2399
569,RegionF,605.91,472.61,0.2547,722.35,233.800667,Peak,Main_0_2399
570,RegionA,1090.19,0.0,0.6188,650.0,201.489333,Peak,Main_0_2399
570,RegionB,1044.77,0.0,0.5788,650.0,206.762667,Peak,Main_0_2399
570,RegionC,1014.48,0.0,0.5489,650.0,181.859333,Peak,Main_0_2399
570,RegionD,651.09,507.85,0.4192,650.0,114.313333,Peak,Main_0_2399
570,RegionE,575.38,448.8,0.2196,650.0,196.1,Peak,Main_0_2399
570,RegionF,605.66,472.41,0.2595,650.0,214.53,Peak,Main_0_2399
571,RegionA,1089.73,0.0,0.631,587.87,191.047333,Peak,Main_0_2399
571,RegionB,1044.33,0.0,0.5903,587.87,211.159667,Peak,Main_0_2399
571,RegionC,1014.06,0.0,0.5598,587.87,183.99,Peak,Main_0_2399
571,RegionD,650.81,507.63,0.4275,587.87,116.753333,Peak,Main_0_2399
571,RegionE,575.14,448.61,0.2239,587.87,171.156667,Peak,Main_0_2399
571,RegionF,605.41,472.22,0.2646,587.87,204.891333,Peak,Main_0_2399
572,RegionA,1089.26,0.0,0.6433,540.19,198.974667,Peak,Main_0_2399
572,RegionB,1043.88,0.0,0.6018,540.19,240.728333,Peak,Main_0_2399
572,RegionC,1013.62,0.0,0.5707,540.19,219.213333,Peak,Main_0_2399
572,RegionD,650.53,507.41,0.4358,540.19,194.289667,Peak,Main_0_2399
572,RegionE,574.89,448.41,0.2283,540.19,177.854,Peak,Main_0_2399
572,RegionF,605.15,472.02,0.2698,540.19,203.763333,Peak,Main_0_2399
573,RegionA,1088.78,0.0,0.6547,510.22,224.322667,Peak,Main_0_2399
573,RegionB,1043.41,0.0,0.6125,510.22,242.33,Peak,Main_0_2399
573,RegionC,1013.17,0.0,0.5808,510.22,247.12,Peak,Main_0_2399
573,RegionD,650.24,507.19,0.4435,510.22,198.313333,Peak,Main_0_2399
573,RegionE,574.63,448.21,0.2323,510.22,169.21,Peak,Main_0_2399
573,RegionF,604.88,471.81,0.2745,510.22,226.006667,Peak,Main_0_2399
574,RegionA,675.49,0.0,0.6644,500.0,231.068,Flat,Main_0_2399
574,RegionB,647.34,0.0,0.6215,500.0,292.652667,Flat,Main_0_2399
574,RegionC,628.58,0.0,0.5894,500.0,289.932667,Flat,Main_0_2399
574,RegionD,403.42,314.67,0.4501,500.0,209.122,Flat,Main_0_2399
574,RegionE,356.51,278.08,0.2357,500.0,171.94,Flat,Main_0_2399
574,RegionF,375.27,292.71,0.2786,500.0,226.142667,Flat,Main_0_2399
575,RegionA,675.17,0.0,0.6716,510.22,280.804,Flat,Main_0_2399
575,RegionB,647.04,0.0,0.6283,510.22,285.058,Flat,Main_0_2399
575,RegionC,628.29,0.0,0.5958,510.22,296.805333,Flat,Main_0_2399
575,RegionD,403.23,314.52,0.455,510.22,212.448667,Flat,Main_0_2399
575,RegionE,356.34,277.95,0.2383,510.22,228.537,Flat,Main_0_2399
575,RegionF,375.1,292.58,0.2817,510.22,256.928,Flat,Main_0_2399
576,RegionA,487.39,0.0,0.676,540.19,298.194667,Valley,Main_0_2399
576,RegionB,467.09,0.0,0.6324,540.19,305.448667,Valley,Main_0_2399
576,RegionC,453.55,0.0,0.5997,540.19,343.46,Valley,Main_0_2399
576,RegionD,291.08,227.04,0.4579,540.19,253.58,Valley,Main_0_2399
576,RegionE,257.24,200.65,0.2399,540.19,250.256667,Valley,Main_0_2399
576,RegionF,270.77,211.2,0.2835,540.19,304.308667,Valley,Main_0_2399
577,RegionA,487.16,0.0,0.677,587.87,333.674,Valley,Main_0_2399
577,RegionB,466.86,0.0,0.6334,587.87,350.797333,Valley,Main_0_2399
577,RegionC,453.33,0.0,0.6006,587.87,377.383,Valley,Main_0_2399
577,RegionD,290.94,226.93,0.4586,587.87,275.108667,Valley,Main_0_2399
577,RegionE,257.11,200.55,0.2402,587.87,310.102,Valley,Main_0_2399
577,RegionF,270.64,211.1,0.2839,587.87,292.5,Valley,Main_0_2399
578,RegionA,486.92,0.0,0.6747,650.0,367.865333,Valley,Main_0_2399
578,RegionB,466.63,0.0,0.6312,650.0,359.2,Valley,Main_0_2399
578,RegionC,453.1,0.0,0.5985,650.0,379.916333,Valley,Main_0_2399
578,RegionD,290.8,226.82,0.4571,650.0,357.07,Valley,Main_0_2399
578,RegionE,256.98,200.44,0.2394,650.0,348.932,Valley,Main_0_2399
578,RegionF,270.51,211.0,0.2829,650.0,381.821333,Valley,Main_0_2399
579,RegionA,486.67,0.0,0.6691,722.35,376.328667,Valley,Main_0_2399
579,RegionB,466.4,0.0,0.6259,722.35,360.113333,Valley,Main_0_2399
579,RegionC,452.88,0.0,0.5936,722.35,382.944,Valley,Main_0_2399
579,RegionD,290.65,226.71,0.4533,722.35,383.599333,Valley,Main_0_2399
579,RegionE,256.86,200.35,0.2374,722.35,388.137667,Valley,Main_0_2399
579,RegionF,270.37,210.89,0.2806,722.35,368.396,Valley,Main_0_2399
580,RegionA,486.43,0.0,0.6606,800.0,387.814667,Valley,Main_0_2399
580,RegionB,466.16,0.0,0.6179,800.0,360.522667,Valley,Main_0_2399
580,RegionC,452.65,0.0,0.586,800.0,366.630667,Valley,Main_0_2399
580,RegionD,290.5,226.59,0.4475,800.0,429.25,Valley,Main_0_2399
580,RegionE,256.73,200.25,0.2344,800.0,381.72,Valley,Main_0_2399
580,RegionF,270.24,210.79,0.277,800.0,417.697667,Valley,Main_0_2399
581,RegionA,486.18,0.0,0.6496,877.65,386.840333,Valley,Main_0_2399
581,RegionB,465.92,0.0,0.6077,877.65,380.358333,Valley,Main_0_2399
581,RegionC,452.41,0.0,0.5763,877.65,365.777333,Valley,Main_0_2399
581,RegionD,290.36,226.48,0.4401,877.65,427.011333,Valley,Main_0_2399
581,RegionE,256.59,200.14,0.2305,877.65,441.384,Valley,Main_0_2399
581,RegionF,270.1,210.68,0.2724,877.65,375.685,Valley,Main_0_2399
582,RegionA,485.92,0.0,0.637,950.0,375.075333,Valley,Main_0_2399
582,RegionB,465.68,0.0,0.5959,950.0,366.712,Valley,Main_0_2399
582,RegionC,452.18,0.0,0.5651,950.0,365.904,Valley,Main_0_2399
582,RegionD,290.2,226.36,0.4315,950.0,424.900333,Valley,Main_0_2399
582,RegionE,256.46,200.04,0.226,950.0,438.704667,Valley,Main_0_2399
582,RegionF,269.96,210.57,0.2671,950.0,389.837667,Valley,Main_0_2399
583,RegionA,747.18,0.0,0.6235,1012.13,381.030333,Flat,Main_0_2399
583,RegionB,716.05,0.0,0.5832,1012.13,365.967667,Flat,Main_0_2399
583,RegionC,695.3,0.0,0.5531,1012.13,364.872667,Flat,Main_0_2399
583,RegionD,446.23,348.06,0.4223,1012.13,408.04,Flat,Main_0_2399
583,RegionE,394.35,307.59,0.2212,1012.13,442.651333,Flat,Main_0_2399
583,RegionF,415.1,323.78,0.2615,1012.13,397.027333,Flat,Main_0_2399
584,RegionA,746.79,0.0,0.6099,1059.81,383.030667,Flat,Main_0_2399
584,RegionB,715.67,0.0,0.5706,1059.81,367.898,Flat,Main_0_2399
584,RegionC,694.93,0.0,0.5411,1059.81,363.458667,Flat,Main_0_2399
584,RegionD,446.0,347.88,0.4132,1059.81,411.957333,Flat,Main_0_2399
584,RegionE,394.14,307.43,0.2164,1059.81,432.560667,Flat,Main_0_2399
584,RegionF,414.88,323.61,0.2558,1059.81,417.916667,Flat,Main_0_2399
585,RegionA,746.39,0.0,0.5973,1089.78,386.516,Flat,Main_0_2399
585,RegionB,715.29,0.0,0.5587,1089.78,371.005333,Flat,Main_0_2399
585,RegionC,694.56,0.0,0.5298,1089.78,361.062667,Flat,Main_0_2399
585,RegionD,445.76,347.69,0.4046,1089.78,382.636667,Flat,Main_0_2399
585,RegionE,393.93,307.27,0.2119,1089.78,382.556667,Flat,Main_0_2399
585,RegionF,414.66,323.43,0.2505,1089.78,432.06,Flat,Main_0_2399
586,RegionA,745.99,0.0,0.5863,1100.0,387.545333,Flat,Main_0_2399
586,RegionB,714.91,0.0,0.5485,1100.0,387.104667,Flat,Main_0_2399
586,RegionC,694.19,0.0,0.5201,1100.0,374.732,Flat,Main_0_2399
586,RegionD,445.52,347.51,0.3972,1100.0,331.186667,Flat,Main_0_2399
586,RegionE,393.72,307.1,0.208,1100.0,350.28,Flat,Main_0_2399
586,RegionF,414.44,323.26,0.2459,1100.0,331.458333,Flat,Main_0_2399
587,RegionA,745.59,0.0,0.5777,1089.78,339.426,Flat,Main_0_2399
587,RegionB,714.52,0.0,0.5405,1089.78,369.956,Flat,Main_0_2399
587,RegionC,693.81,0.0,0.5125,1089.78,330.742667,Flat,Main_0_2399
587,RegionD,445.28,347.32,0.3914,1089.78,344.42,Flat,Main_0_2399
587,RegionE,393.51,306.94,0.205,1089.78,322.096,Flat,Main_0_2399
587,RegionF,414.22,323.09,0.2423,1089.78,304.794,Flat,Main_0_2399
588,RegionA,745.19,0.0,0.5721,1059.81,327.025,Flat,Main_0_2399
588,RegionB,714.14,0.0,0.5352,1059.81,362.588667,Flat,Main_0_2399
588,RegionC,693.44,0.0,0.5075,1059.81,322.05,Flat,Main_0_2399
588,RegionD,445.04,347.13,0.3875,1059.81,207.832,Flat,Main_0_2399
588,RegionE,393.29,306.77,0.203,1059.81,307.889,Flat,Main_0_2399
588,RegionF,413.99,322.91,0.2399,1059.81,255.547333,Flat,Main_0_2399
589,RegionA,744.79,0.0,0.5697,1012.13,325.208333,Flat,Main_0_2399
589,RegionB,713.75,0.0,0.5329,1012.13,327.632333,Flat,Main_0_2399
589,RegionC,693.06,0.0,0.5054,1012.13,291.29,Flat,Main_0_2399
589,RegionD,444.8,346.94,0.3859,1012.13,183.840667,Flat,Main_0_2399
589,RegionE,393.08,306.6,0.2022,1012.13,290.378,Flat,Main_0_2399
589,RegionF,413.77,322.74,0.2389,1012.13,252.441333,Flat,Main_0_2399
590,RegionA,744.38,0.0,0.5707,950.0,314.332667,Flat,Main_0_2399
590,RegionB,713.37,0.0,0.5339,950.0,298.147667,Flat,Main_0_2399
590,RegionC,692.69,0.0,0.5063,950.0,281.217,Flat,Main_0_2399
590,RegionD,444.56,346.76,0.3866,950.0,161.893667,Flat,Main_0_2399
590,RegionE,392.87,306.44,0.2025,950.0,291.373,Flat,Main_0_2399
590,RegionF,413.55,322.57,0.2393,950.0,248.287667,Flat,Main_0_2399
591,RegionA,743.98,0.0,0.575,877.65,277.565,Flat,Main_0_2399
591,RegionB,712.98,0.0,0.5379,877.65,258.522,Flat,Main_0_2399
591,RegionC,692.32,0.0,0.51,877.65,228.656667,Flat,Main_0_2399
591,RegionD,444.32,346.57,0.3895,877.65,138.819,Flat,Main_0_2399
591,RegionE,392.66,306.27,0.204,877.65,250.15,Flat,Main_0_2399
591,RegionF,413.32,322.39,0.2411,877.65,238.352,Flat,Main_0_2399
592,RegionA,743.58,0.0,0.5822,800.0,247.566667,Flat,Main_0_2399
592,RegionB,712.6,0.0,0.5446,800.0,233.370667,Flat,Main_0_2399
592,RegionC,691.95,0.0,0.5164,800.0,210.804,Flat,Main_0_2399
592,RegionD,444.09,346.39,0.3944,800.0,134.070333,Flat,Main_0_2399
592,RegionE,392.45,306.11,0.2066,800.0,194.049333,Flat,Main_0_2399
592,RegionF,413.1,322.22,0.2441,800.0,212.936,Flat,Main_0_2399
593,RegionA,1077.62,0.0,0.5917,722.35,230.771333,Peak,Main_0_2399
593,RegionB,1032.72,0.0,0.5536,722.35,206.731333,Peak,Main_0_2399
593,RegionC,1002.79,0.0,0.5249,722.35,211.638,Peak,Main_0_2399
593,RegionD,643.58,501.99,0.4009,722.35,136.738,Peak,Main_0_2399
593,RegionE,568.75,443.62,0.21,722.35,153.385333,Peak,Main_0_2399
593,RegionF,598.68,466.97,0.2481,722.35,163.006667,Peak,Main_0_2399
594,RegionA,1077.05,0.0,0.603,650.0,229.896333,Peak,Main_0_2399
594,RegionB,1032.17,0.0,0.5641,650.0,191.658,Peak,Main_0_2399
594,RegionC,1002.26,0.0,0.5349,650.0,192.062,Peak,Main_0_2399
594,RegionD,643.24,501.73,0.4085,650.0,140.655333,Peak,Main_0_2399
594,RegionE,568.44,443.38,0.214,650.0,127.982667,Peak,Main_0_2399
594,RegionF,598.36,466.72,0.2529,650.0,184.141,Peak,Main_0_2399
595,RegionA,1076.48,0.0,0.6152,587.87,212.974,Peak,Main_0_2399
595,RegionB,1031.63,0.0,0.5755,587.87,199.343667,Peak,Main_0_2399
595,RegionC,1001.73,0.0,0.5457,587.87,191.09,Peak,Main_0_2399
595,RegionD,642.9,501.46,0.4167,587.87,163.6,Peak,Main_0_2399
595,RegionE,568.14,443.15,0.2183,587.87,132.456667,Peak,Main_0_2399
595,RegionF,598.05,466.48,0.258,587.87,161.308,Peak,Main_0_2399
596,RegionA,1075.92,0.0,0.6274,540.19,229.144667,Peak,Main_0_2399
596,RegionB,1031.09,0.0,0.5869,540.19,229.206667,Peak,Main_0_2399
596,RegionC,1001.21,0.0,0.5565,540.19,169.616,Peak,Main_0_2399
596,RegionD,642.56,501.2,0.425,540.19,144.844667,Peak,Main_0_2399
596,RegionE,567.85,442.92,0.2226,540.19,162.751333,Peak,Main_0_2399
596,RegionF,597.73,466.23,0.2631,540.19,187.421,Peak,Main_0_2399
597,RegionA,1075.37,0.0,0.6387,510.22,248.215333,Peak,Main_0_2399
597,RegionB,1030.56,0.0,0.5975,510.22,257.919,Peak,Main_0_2399
597,RegionC,1000.69,0.0,0.5666,510.22,205.159,Peak,Main_0_2399
597,RegionD,642.23,500.94,0.4326,510.22,188.688,Peak,Main_0_2399
597,RegionE,567.55,442.69,0.2266,510.22,191.625,Peak,Main_0_2399
597,RegionF,597.43,466.0,0.2678,510.22,169.786667,Peak,Main_0_2399
598,RegionA,667.13,0.0,0.6483,500.0,263.687333,Flat,Main_0_2399
598,RegionB,639.33,0.0,0.6065,500.0,235.236667,Flat,Main_0_2399
598,RegionC,620.8,0.0,0.5751,500.0,225.560667,Flat,Main_0_2399
598,RegionD,398.42,310.77,0.4392,500.0,168.426,Flat,Main_0_2399
598,RegionE,352.1,274.64,0.23,500.0,258.011333,Flat,Main_0_2399
598,RegionF,370.63,289.09,0.2719,500.0,247.004,Flat,Main_0_2399
599,RegionA,666.79,0.0,0.6555,510.22,304.735333,Flat,Main_0_2399
599,RegionB,639.01,0.0,0.6132,510.22,279.246667,Flat,Main_0_2399
599,RegionC,620.49,0.0,0.5815,510.22,276.360667,Flat,Main_0_2399
599,RegionD,398.22,310.61,0.4441,510.22,180.026,Flat,Main_0_2399
599,RegionE,351.92,274.5,0.2326,510.22,258.09,Flat,Main_0_2399
599,RegionF,370.44,288.94,0.2749,510.22,287.045333,Flat,Main_0_2399
600,RegionA,481.33,0.0,0.6598,540.19,330.256,Valley,Main_0_2399
600,RegionB,461.28,0.0,0.6173,540.19,309.759333,Valley,Main_0_2399
600,RegionC,447.91,0.0,0.5853,540.19,301.561667,Valley,Main_0_2399
600,RegionD,287.46,224.22,0.447,540.19,225.660667,Valley,Main_0_2399
600,RegionE,254.04,198.15,0.2341,540.19,312.276667,Valley,Main_0_2399
600,RegionF,267.41,208.58,0.2767,540.19,258.262667,Valley,Main_0_2399
601,RegionA,481.1,0.0,0.6609,587.87,362.074,Valley,Main_0_2399
601,RegionB,461.05,0.0,0.6183,587.87,362.547,Valley,Main_0_2399
601,RegionC,447.69,0.0,0.5863,587.87,357.474333,Valley,Main_0_2399
601,RegionD,287.32,224.11,0.4477,587.87,253.75,Valley,Main_0_2399
601,RegionE,253.91,198.05,0.2345,587.87,319.686333,Valley,Main_0_2399
601,RegionF,267.28,208.48,0.2772,587.87,271.585333,Valley,Main_0_2399
602,RegionA,480.87,0.0,0.6586,650.0,386.580667,Valley,Main_0_2399
602,RegionB,460.83,0.0,0.6161,650.0,366.543,Valley,Main_0_2399
602,RegionC,447.48,0.0,0.5843,650.0,366.026333,Valley,Main_0_2399
602,RegionD,287.19,224.01,0.4462,650.0,300.300667,Valley,Main_0_2399
602,RegionE,253.79,197.96,0.2337,650.0,348.412667,Valley,Main_0_2399
602,RegionF,267.15,208.38,0.2762,650.0,321.398,Valley,Main_0_2399
603,RegionA,480.64,0.0,0.6531,722.35,381.118,Valley,Main_0_2399
603,RegionB,460.62,0.0,0.6109,722.35,371.769,Valley,Main_0_2399
603,RegionC,447.27,0.0,0.5793,722.35,364.055667,Valley,Main_0_2399
603,RegionD,287.05,223.9,0.4424,722.35,276.464667,Valley,Main_0_2399
603,RegionE,253.67,197.86,0.2317,722.35,349.075,Valley,Main_0_2399
603,RegionF,267.02,208.28,0.2739,722.35,366.928,Valley,Main_0_2399
604,RegionA,480.42,0.0,0.6446,800.0,381.952,Valley,Main_0_2399
604,RegionB,460.41,0.0,0.603,800.0,370.846667,Valley,Main_0_2399
604,RegionC,447.06,0.0,0.5718,800.0,378.760667,Valley,Main_0_2399
604,RegionD,286.92,223.8,0.4367,800.0,321.170333,Valley,Main_0_2399
604,RegionE,253.56,197.78,0.2287,800.0,362.034,Valley,Main_0_2399
604,RegionF,266.9,208.18,0.2703,800.0,404.306667,Valley,Main_0_2399
605,RegionA,480.21,0.0,0.6338,877.65,380.265667,Valley,Main_0_2399
605,RegionB,460.2,0.0,0.5929,877.65,361.719,Valley,Main_0_2399
605,RegionC,446.86,0.0,0.5622,877.65,382.953333,Valley,Main_0_2399
605,RegionD,286.79,223.7,0.4293,877.65,377.253667,Valley,Main_0_2399
605,RegionE,253.44,197.68,0.2249,877.65,368.519,Valley,Main_0_2399
605,RegionF,266.78,208.09,0.2658,877.65,383.148667,Valley,Main_0_2399
606,RegionA,480.0,0.0,0.6212,950.0,383.505333,Valley,Main_0_2399
606,RegionB,460.0,0.0,0.5812,950.0,364.241333,Valley,Main_0_2399
606,RegionC,446.67,0.0,0.5511,950.0,383.671667,Valley,Main_0_2399
606,RegionD,286.67,223.6,0.4208,950.0,336.61,Valley,Main_0_2399
606,RegionE,253.33,197.6,0.2204,950.0,399.979333,Valley,Main_0_2399
606,RegionF,266.67,208.0,0.2605,950.0,376.306667,Valley,Main_0_2399
607,RegionA,738.15,0.0,0.6079,1012.13,383.541667,Flat,Main_0_2399
607,RegionB,707.39,0.0,0.5687,1012.13,367.838667,Flat,Main_0_2399
607,RegionC,686.89,0.0,0.5392,1012.13,380.837,Flat,Main_0_2399
607,RegionD,440.84,343.86,0.4118,1012.13,353.700333,Flat,Main_0_2399
607,RegionE,389.58,303.87,0.2157,1012.13,406.432667,Flat,Main_0_2399
607,RegionF,410.08,319.86,0.2549,1012.13,424.261,Flat,Main_0_2399
608,RegionA,737.85,0.0,0.5945,1059.81,382.96,Flat,Main_0_2399
608,RegionB,707.1,0.0,0.5562,1059.81,367.616667,Flat,Main_0_2399
608,RegionC,686.61,0.0,0.5274,1059.81,383.628,Flat,Main_0_2399
608,RegionD,440.66,343.71,0.4027,1059.81,288.119333,Flat,Main_0_2399
608,RegionE,389.42,303.75,0.211,1059.81,372.28,Flat,Main_0_2399
608,RegionF,409.92,319.74,0.2493,1059.81,410.893,Flat,Main_0_2399
609,RegionA,737.56,0.0,0.582,1089.78,370.457667,Flat,Main_0_2399
609,RegionB,706.82,0.0,0.5445,1089.78,371.374333,Flat,Main_0_2399
609,RegionC,686.34,0.0,0.5163,1089.78,381.566333,Flat,Main_0_2399
609,RegionD,440.48,343.57,0.3943,1089.78,290.165667,Flat,Main_0_2399
609,RegionE,389.27,303.63,0.2065,1089.78,343.588,Flat,Main_0_2399
609,RegionF,409.75,319.61,0.2441,1089.78,393.274667,Flat,Main_0_2399
610,RegionA,737.27,0.0,0.5713,1100.0,360.116667,Flat,Main_0_2399
610,RegionB,706.55,0.0,0.5344,1100.0,353.217667,Flat,Main_0_2399
610,RegionC,686.07,0.0,0.5068,1100.0,382.233,Flat,Main_0_2399
610,RegionD,440.32,343.45,0.387,1100.0,257.081333,Flat,Main_0_2399
610,RegionE,389.12,303.51,0.2027,1100.0,348.130333,Flat,Main_0_2399
610,RegionF,409.6,319.49,0.2396,1100.0,336.672,Flat,Main_0_2399
611,RegionA,737.0,0.0,0.5629,1089.78,335.06,Flat,Main_0_2399
611,RegionB,706.29,0.0,0.5266,1089.78,341.141333,Flat,Main_0_2399
611,RegionC,685.82,0.0,0.4994,1089.78,368.34,Flat,Main_0_2399
611,RegionD,440.15,343.32,0.3814,1089.78,290.185,Flat,Main_0_2399
611,RegionE,388.97,303.4,0.1998,1089.78,320.99,Flat,Main_0_2399
611,RegionF,409.45,319.37,0.2361,1089.78,268.946667,Flat,Main_0_2399
612,RegionA,736.74,0.0,0.5575,1059.81,357.299333,Flat,Main_0_2399
612,RegionB,706.05,0.0,0.5216,1059.81,322.756,Flat,Main_0_2399
612,RegionC,685.58,0.0,0.4946,1059.81,333.815333,Flat,Main_0_2399
612,RegionD,440.0,343.2,0.3777,1059.81,254.438,Flat,Main_0_2399
612,RegionE,388.84,303.3,0.1978,1059.81,253.348333,Flat,Main_0_2399
612,RegionF,409.3,319.25,0.2338,1059.81,205.96,Flat,Main_0_2399
613,RegionA,736.5,0.0,0.5554,1012.13,320.456,Flat,Main_0_2399
613,RegionB,705.81,0.0,0.5196,1012.13,294.097667,Flat,Main_0_2399
613,RegionC,685.35,0.0,0.4927,1012.13,298.468,Flat,Main_0_2399
613,RegionD,439.85,343.08,0.3763,1012.13,265.759,Flat,Main_0_2399
613,RegionE,388.71,303.19,0.1971,1012.13,208.243333,Flat,Main_0_2399
613,RegionF,409.16,319.14,0.2329,1012.13,205.993,Flat,Main_0_2399
614,RegionA,736.26,0.0,0.5567,950.0,305.611667,Flat,Main_0_2399
614,RegionB,705.58,0.0,0.5208,950.0,295.087333,Flat,Main_0_2399
614,RegionC,685.13,0.0,0.4939,950.0,290.016,Flat,Main_0_2399
614,RegionD,439.71,342.97,0.3771,950.0,214.317,Flat,Main_0_2399
614,RegionE,388.58,303.09,0.1975,950.0,188.811,Flat,Main_0_2399
614,RegionF,409.03,319.04,0.2335,950.0,200.659667,Flat,Main_0_2399
615,RegionA,736.04,0.0,0.5613,877.65,269.726667,Flat,Main_0_2399
615,RegionB,705.37,0.0,0.5251,877.65,281.964667,Flat,Main_0_2399
615,RegionC,684.92,0.0,0.4979,877.65,259.247333,Flat,Main_0_2399
615,RegionD,439.58,342.87,0.3802,877.65,201.628333,Flat,Main_0_2399
615,RegionE,388.46,303.0,0.1992,877.65,170.521333,Flat,Main_0_2399
615,RegionF,408.91,318.95,0.2354,877.65,175.860667,Flat,Main_0_2399
616,RegionA,735.82,0.0,0.5688,800.0,245.516667,Flat,Main_0_2399
616,RegionB,705.17,0.0,0.5321,800.0,222.131,Flat,Main_0_2399
616,RegionC,684.73,0.0,0.5046,800.0,241.202,Flat,Main_0_2399
616,RegionD,439.45,342.77,0.3853,800.0,155.032,Flat,Main_0_2399
616,RegionE,388.35,302.91,0.2018,800.0,152.94,Flat,Main_0_2399
616,RegionF,408.79,318.86,0.2385,800.0,152.29,Flat,Main_0_2399
617,RegionA,1066.66,0.0,0.5788,722.35,232.728,Peak,Main_0_2399
617,RegionB,1022.21,0.0,0.5414,722.35,220.592667,Peak,Main_0_2399
617,RegionC,992.59,0.0,0.5134,722.35,196.366,Peak,Main_0_2399
617,RegionD,637.03,496.88,0.3921,722.35,177.928333,Peak,Main_0_2399
617,RegionE,562.96,439.11,0.2054,722.35,165.906,Peak,Main_0_2399
617,RegionF,592.59,462.22,0.2427,722.35,160.898,Peak,Main_0_2399
618,RegionA,1066.39,0.0,0.5904,650.0,205.889333,Peak,Main_0_2399
618,RegionB,1021.96,0.0,0.5523,650.0,211.551333,Peak,Main_0_2399
618,RegionC,992.34,0.0,0.5237,650.0,205.169333,Peak,Main_0_2399
618,RegionD,636.87,496.76,0.4,650.0,118.683333,Peak,Main_0_2399
618,RegionE,562.82,439.0,0.2095,650.0,166.694,Peak,Main_0_2399
618,RegionF,592.44,462.1,0.2476,650.0,171.834,Peak,Main_0_2399
619,RegionA,1066.14,0.0,0.603,587.87,228.856667,Peak,Main_0_2399
619,RegionB,1021.72,0.0,0.5641,587.87,185.998,Peak,Main_0_2399
619,RegionC,992.1,0.0,0.5349,587.87,233.489,Peak,Main_0_2399
619,RegionD,636.72,496.64,0.4085,587.87,152.805,Peak,Main_0_2399
619,RegionE,562.69,438.9,0.214,587.87,198.935667,Peak,Main_0_2399
619,RegionF,592.3,461.99,0.2529,587.87,185.215333,Peak,Main_0_2399
620,RegionA,1065.91,0.0,0.6155,540.19,219.034,Peak,Main_0_2399
620,RegionB,1021.5,0.0,0.5758,540.19,235.921667,Peak,Main_0_2399
620,RegionC,991.89,0.0,0.546,540.19,216.962,Peak,Main_0_2399
620,RegionD,636.59,496.54,0.417,540.19,164.25,Peak,Main_0_2399
620,RegionE,562.56,438.8,0.2184,540.19,191.102,Peak,Main_0_2399
620,RegionF,592.17,461.89,0.2581,540.19,209.208333,Peak,Main_0_2399
621,RegionA,1065.7,0.0,0.6272,510.22,221.182667,Peak,Main_0_2399
621,RegionB,1021.3,0.0,0.5868,510.22,242.482667,Peak,Main_0_2399
621,RegionC,991.7,0.0,0.5564,510.22,248.076667,Peak,Main_0_2399
621,RegionD,636.46,496.44,0.4249,510.22,154.254,Peak,Main_0_2399
621,RegionE,562.45,438.71,0.2226,510.22,235.291333,Peak,Main_0_2399
621,RegionF,592.06,461.81,0.263,510.22,252.783333,Peak,Main_0_2399
622,RegionA,661.35,0.0,0.6373,500.0,273.067667,Flat,Main_0_2399
622,RegionB,633.8,0.0,0.5962,500.0,290.650667,Flat,Main_0_2399
622,RegionC,615.43,0.0,0.5653,500.0,251.679,Flat,Main_0_2399
622,RegionD,394.98,308.08,0.4317,500.0,215.224667,Flat,Main_0_2399
622,RegionE,349.05,272.26,0.2261,500.0,238.894,Flat,Main_0_2399
622,RegionF,367.42,286.59,0.2673,500.0,224.696667,Flat,Main_0_2399
623,RegionA,661.25,0.0,0.645,510.22,300.652667,Flat,Main_0_2399
623,RegionB,633.7,0.0,0.6034,510.22,254.122,Flat,Main_0_2399
623,RegionC,615.33,0.0,0.5722,510.22,286.26,Flat,Main_0_2399
623,RegionD,394.91,308.03,0.4369,510.22,255.765333,Flat,Main_0_2399
623,RegionE,348.99,272.21,0.2289,510.22,248.226667,Flat,Main_0_2399
623,RegionF,367.36,286.54,0.2705,510.22,282.652333,Flat,Main_0_2399
624,RegionA,477.5,0.0,0.6498,540.19,331.647,Valley,Main_0_2399
624,RegionB,457.61,0.0,0.6079,540.19,332.41,Valley,Main_0_2399
624,RegionC,444.34,0.0,0.5764,540.19,327.518667,Valley,Main_0_2399
624,RegionD,285.18,222.44,0.4402,540.19,255.6,Valley,Main_0_2399
624,RegionE,252.02,196.58,0.2306,540.19,237.865333,Valley,Main_0_2399
624,RegionF,265.28,206.92,0.2725,540.19,277.292,Valley,Main_0_2399
625,RegionA,477.45,0.0,0.6513,587.87,372.129333,Valley,Main_0_2399
625,RegionB,457.55,0.0,0.6093,587.87,325.422333,Valley,Main_0_2399
625,RegionC,444.29,0.0,0.5778,587.87,348.293333,Valley,Main_0_2399
625,RegionD,285.14,222.41,0.4412,587.87,276.290667,Valley,Main_0_2399
625,RegionE,251.99,196.55,0.2311,587.87,275.729333,Valley,Main_0_2399
625,RegionF,265.25,206.9,0.2731,587.87,305.656,Valley,Main_0_2399
626,RegionA,477.4,0.0,0.6495,650.0,389.7,Valley,Main_0_2399
626,RegionB,457.51,0.0,0.6076,650.0,370.467,Valley,Main_0_2399
626,RegionC,444.25,0.0,0.5762,650.0,353.247,Valley,Main_0_2399
626,RegionD,285.11,222.39,0.44,650.0,319.078667,Valley,Main_0_2399
626,RegionE,251.96,196.53,0.2305,650.0,308.79,Valley,Main_0_2399
626,RegionF,265.22,206.87,0.2724,650.0,344.303333,Valley,Main_0_2399
627,RegionA,477.36,0.0,0.6445,722.35,372.461333,Valley,Main_0_2399
627,RegionB,457.47,0.0,0.6029,722.35,380.561667,Valley,Main_0_2399
627,RegionC,444.21,0.0,0.5717,722.35,369.562667,Valley,Main_0_2399
627,RegionD,285.09,222.37,0.4366,722.35,378.032667,Valley,Main_0_2399
627,RegionE,251.94,196.51,0.2287,722.35,299.33,Valley,Main_0_2399
627,RegionF,265.2,206.86,0.2703,722.35,327.331333,Valley,Main_0_2399
628,RegionA,477.34,0.0,0.6365,800.0,364.45,Valley,Main_0_2399
628,RegionB,457.45,0.0,0.5955,800.0,384.000667,Valley,Main_0_2399
628,RegionC,444.19,0.0,0.5647,800.0,367.68,Valley,Main_0_2399
628,RegionD,285.08,222.36,0.4312,800.0,402.173333,Valley,Main_0_2399
628,RegionE,251.93,196.51,0.2259,800.0,347.658667,Valley,Main_0_2399
628,RegionF,265.19,206.85,0.2669,800.0,355.878,Valley,Main_0_2399
629,RegionA,477.32,0.0,0.6262,877.65,376.606,Valley,Main_0_2399
629,RegionB,457.43,0.0,0.5858,877.65,389.11,Valley,Main_0_2399
629,RegionC,444.17,0.0,0.5555,877.65,364.586667,Valley,Main_0_2399
629,RegionD,285.06,222.35,0.4242,877.65,413.903,Valley,Main_0_2399
629,RegionE,251.92,196.5,0.2222,877.65,353.056,Valley,Main_0_2399
629,RegionF,265.18,206.84,0.2626,877.65,373.364,Valley,Main_0_2399
630,RegionA,477.31,0.0,0.6142,950.0,387.631667,Valley,Main_0_2399
630,RegionB,457.42,0.0,0.5746,950.0,388.070667,Valley,Main_0_2399
630,RegionC,444.16,0.0,0.5449,950.0,368.773333,Valley,Main_0_2399
630,RegionD,285.06,222.35,0.4161,950.0,369.362667,Valley,Main_0_2399
630,RegionE,251.91,196.49,0.218,950.0,421.476667,Valley,Main_0_2399
630,RegionF,265.17,206.83,0.2576,950.0,385.832,Valley,Main_0_2399
631,RegionA,734.32,0.0,0.6014,1012.13,390.628,Flat,Main_0_2399
631,RegionB,703.73,0.0,0.5626,1012.13,364.029333,Flat,Main_0_2399
631,RegionC,683.33,0.0,0.5335,1012.13,361.532333,Flat,Main_0_2399
631,RegionD,438.55,342.07,0.4074,1012.13,389.764,Flat,Main_0_2399
631,RegionE,387.56,302.3,0.2134,1012.13,429.496,Flat,Main_0_2399
631,RegionF,407.96,318.21,0.2522,1012.13,396.751333,Flat,Main_0_2399
632,RegionA,734.34,0.0,0.5886,1059.81,391.667667,Flat,Main_0_2399
632,RegionB,703.74,0.0,0.5506,1059.81,347.269,Flat,Main_0_2399
632,RegionC,683.35,0.0,0.5222,1059.81,359.320333,Flat,Main_0_2399
632,RegionD,438.57,342.08,0.3987,1059.81,370.608,Flat,Main_0_2399
632,RegionE,387.57,302.3,0.2089,1059.81,396.744,Flat,Main_0_2399
632,RegionF,407.97,318.22,0.2468,1059.81,393.906667,Flat,Main_0_2399
633,RegionA,734.37,0.0,0.5767,1089.78,379.0,Flat,Main_0_2399
633,RegionB,703.78,0.0,0.5395,1089.78,360.392,Flat,Main_0_2399
633,RegionC,683.38,0.0,0.5116,1089.78,359.046,Flat,Main_0_2399
633,RegionD,438.58,342.09,0.3907,1089.78,380.496667,Flat,Main_0_2399
633,RegionE,387.59,302.32,0.2046,1089.78,348.278333,Flat,Main_0_2399
633,RegionF,407.99,318.23,0.2418,1089.78,361.346667,Flat,Main_0_2399
634,RegionA,734.42,0.0,0.5665,1100.0,371.769333,Flat,Main_0_2399
634,RegionB,703.82,0.0,0.53,1100.0,363.823,Flat,Main_0_2399
634,RegionC,683.42,0.0,0.5026,1100.0,365.851,Flat,Main_0_2399
634,RegionD,438.61,342.12,0.3838,1100.0,275.632,Flat,Main_0_2399
634,RegionE,387.61,302.34,0.201,1100.0,328.968333,Flat,Main_0_2399
634,RegionF,408.01,318.25,0.2376,1100.0,336.674,Flat,Main_0_2399
635,RegionA,734.48,0.0,0.5588,1089.78,324.753333,Flat,Main_0_2399
635,RegionB,703.88,0.0,0.5227,1089.78,365.874667,Flat,Main_0_2399
635,RegionC,683.48,0.0,0.4957,1089.78,371.253667,Flat,Main_0_2399
635,RegionD,438.65,342.15,0.3785,1089.78,309.488,Flat,Main_0_2399
635,RegionE,387.64,302.36,0.1983,1089.78,303.894,Flat,Main_0_2399
635,RegionF,408.05,318.28,0.2343,1089.78,253.82,Flat,Main_0_2399
636,RegionA,734.56,0.0,0.554,1059.81,292.138,Flat,Main_0_2399
636,RegionB,703.95,0.0,0.5182,1059.81,317.182667,Flat,Main_0_2399
636,RegionC,683.55,0.0,0.4914,1059.81,340.499333,Flat,Main_0_2399
636,RegionD,438.69,342.18,0.3753,1059.81,252.905667,Flat,Main_0_2399
636,RegionE,387.68,302.39,0.1966,1059.81,285.342667,Flat,Main_0_2399
636,RegionF,408.09,318.31,0.2323,1059.81,232.964667,Flat,Main_0_2399
637,RegionA,734.65,0.0,0.5524,1012.13,297.135333,Flat,Main_0_2399
637,RegionB,704.04,0.0,0.5168,1012.13,318.074667,Flat,Main_0_2399
637,RegionC,683.63,0.0,0.4901,1012.13,316.267667,Flat,Main_0_2399
637,RegionD,438.75,342.23,0.3742,1012.13,173.951333,Flat,Main_0_2399
637,RegionE,387.73,302.43,0.196,1012.13,280.626667,Flat,Main_0_2399
637,RegionF,408.14,318.35,0.2317,1012.13,296.790667,Flat,Main_0_2399
638,RegionA,734.76,0.0,0.5543,950.0,290.115333,Flat,Main_0_2399
638,RegionB,704.14,0.0,0.5186,950.0,287.891333,Flat,Main_0_2399
638,RegionC,683.73,0.0,0.4917,950.0,309.854667,Flat,Main_0_2399
638,RegionD,438.81,342.27,0.3755,950.0,210.672667,Flat,Main_0_2399
638,RegionE,387.79,302.48,0.1967,950.0,272.683667,Flat,Main_0_2399
638,RegionF,408.2,318.4,0.2325,950.0,278.833,Flat,Main_0_2399
639,RegionA,734.87,0.0,0.5595,877.65,280.707333,Flat,Main_0_2399
639,RegionB,704.26,0.0,0.5234,877.65,261.166,Flat,Main_0_2399
639,RegionC,683.84,0.0,0.4963,877.65,236.45,Flat,Main_0_2399
639,RegionD,438.88,342.33,0.379,877.65,161.301,Flat,Main_0_2399
639,RegionE,387.85,302.52,0.1985,877.65,240.639667,Flat,Main_0_2399
639,RegionF,408.26,318.44,0.2346,877.65,248.787333,Flat,Main_0_2399
640,RegionA,735.01,0.0,0.5676,800.0,239.674333,Flat,Main_0_2399
640,RegionB,704.38,0.0,0.531,800.0,234.708,Flat,Main_0_2399
640,RegionC,683.97,0.0,0.5035,800.0,212.739333,Flat,Main_0_2399
640,RegionD,438.96,342.39,0.3845,800.0,131.903667,Flat,Main_0_2399
640,RegionE,387.92,302.58,0.2014,800.0,226.249667,Flat,Main_0_2399
640,RegionF,408.34,318.51,0.238,800.0,173.062,Flat,Main_0_2399
641,RegionA,1065.98,0.0,0.5782,722.35,239.991333,Peak,Main_0_2399
641,RegionB,1021.56,0.0,0.5409,722.35,239.94,Peak,Main_0_2399
641,RegionC,991.95,0.0,0.5129,722.35,182.657333,Peak,Main_0_2399
641,RegionD,636.62,496.56,0.3917,722.35,166.340667,Peak,Main_0_2399
641,RegionE,562.6,438.83,0.2052,722.35,167.726667,Peak,Main_0_2399
641,RegionF,592.21,461.92,0.2425,722.35,190.0,Peak,Main_0_2399
642,RegionA,1066.21,0.0,0.5904,650.0,221.481333,Peak,Main_0_2399
642,RegionB,1021.78,0.0,0.5523,650.0,210.018333,Peak,Main_0_2399
642,RegionC,992.17,0.0,0.5237,650.0,181.481333,Peak,Main_0_2399
642,RegionD,636.76,496.67,0.4,650.0,177.627,Peak,Main_0_2399
642,RegionE,562.72,438.92,0.2095,650.0,187.097333,Peak,Main_0_2399
642,RegionF,592.34,462.03,0.2476,650.0,177.608667,Peak,Main_0_2399
643,RegionA,1066.46,0.0,0.6036,587.87,220.674333,Peak,Main_0_2399
643,RegionB,1022.03,0.0,0.5646,587.87,228.973667,Peak,Main_0_2399
643,RegionC,992.4,0.0,0.5354,587.87,221.744,Peak,Main_0_2399
643,RegionD,636.92,496.8,0.4089,587.87,212.244,Peak,Main_0_2399
643,RegionE,562.86,439.03,0.2142,587.87,194.056667,Peak,Main_0_2399
643,RegionF,592.48,462.13,0.2531,587.87,202.943333,Peak,Main_0_2399
644,RegionA,1066.74,0.0,0.6167,540.19,234.288,Peak,Main_0_2399
644,RegionB,1022.29,0.0,0.5769,540.19,239.45,Peak,Main_0_2399
644,RegionC,992.66,0.0,0.5471,540.19,241.482333,Peak,Main_0_2399
644,RegionD,637.08,496.92,0.4178,540.19,225.609,Peak,Main_0_2399
644,RegionE,563.0,439.14,0.2188,540.19,217.569,Peak,Main_0_2399
644,RegionF,592.63,462.25,0.2586,540.19,203.446667,Peak,Main_0_2399
645,RegionA,1067.03,0.0,0.6291,510.22,247.554,Peak,Main_0_2399
645,RegionB,1022.57,0.0,0.5885,510.22,251.816,Peak,Main_0_2399
645,RegionC,992.93,0.0,0.558,510.22,236.456667,Peak,Main_0_2399
645,RegionD,637.25,497.06,0.4261,510.22,168.066667,Peak,Main_0_2399
645,RegionE,563.15,439.26,0.2232,510.22,228.102333,Peak,Main_0_2399
645,RegionF,592.79,462.38,0.2638,510.22,216.074333,Peak,Main_0_2399
646,RegionA,662.48,0.0,0.6397,500.0,276.598333,Flat,Main_0_2399
646,RegionB,634.88,0.0,0.5984,500.0,254.851667,Flat,Main_0_2399
646,RegionC,616.48,0.0,0.5675,500.0,248.702667,Flat,Main_0_2399
646,RegionD,395.65,308.61,0.4333,500.0,216.884,Flat,Main_0_2399
646,RegionE,349.64,272.72,0.227,500.0,260.87,Flat,Main_0_2399
646,RegionF,368.05,287.08,0.2683,500.0,226.804667,Flat,Main_0_2399
647,RegionA,662.69,0.0,0.648,510.22,316.509,Flat,Main_0_2399
647,RegionB,635.08,0.0,0.6062,510.22,270.220667,Flat,Main_0_2399
647,RegionC,616.67,0.0,0.5748,510.22,266.648667,Flat,Main_0_2399
647,RegionD,395.77,308.7,0.439,510.22,263.607,Flat,Main_0_2399
647,RegionE,349.75,272.81,0.2299,510.22,264.779,Flat,Main_0_2399
647,RegionF,368.16,287.16,0.2717,510.22,274.365,Flat,Main_0_2399
648,RegionA,478.76,0.0,0.6534,540.19,319.081,Valley,Main_0_2399
648,RegionB,458.81,0.0,0.6112,540.19,337.45,Valley,Main_0_2399
648,RegionC,445.51,0.0,0.5796,540.19,335.78,Valley,Main_0_2399
648,RegionD,285.93,223.03,0.4426,540.19,289.689667,Valley,Main_0_2399
648,RegionE,252.68,197.09,0.2318,540.19,305.785667,Valley,Main_0_2399
648,RegionF,265.98,207.46,0.274,540.19,338.449,Valley,Main_0_2399
649,RegionA,478.92,0.0,0.6555,587.87,393.261667,Valley,Main_0_2399
649,RegionB,458.97,0.0,0.6132,587.87,370.32,Valley,Main_0_2399
649,RegionC,445.67,0.0,0.5815,587.87,346.67,Valley,Main_0_2399
649,RegionD,286.02,223.1,0.444,587.87,318.631333,Valley,Main_0_2399
649,RegionE,252.77,197.16,0.2326,587.87,303.706667,Valley,Main_0_2399
649,RegionF,266.07,207.53,0.2749,587.87,320.935333,Valley,Main_0_2399
650,RegionA,479.09,0.0,0.6543,650.0,396.242667,Valley,Main_0_2399
650,RegionB,459.13,0.0,0.6121,650.0,381.596,Valley,Main_0_2399
650,RegionC,445.82,0.0,0.5804,650.0,369.36,Valley,Main_0_2399
650,RegionD,286.13,223.18,0.4432,650.0,333.221333,Valley,Main_0_2399
650,RegionE,252.86,197.23,0.2322,650.0,358.375,Valley,Main_0_2399
650,RegionF,266.16,207.6,0.2744,650.0,374.28,Valley,Main_0_2399
651,RegionA,479.27,0.0,0.6498,722.35,395.324,Valley,Main_0_2399
651,RegionB,459.3,0.0,0.6079,722.35,382.044,Valley,Main_0_2399
651,RegionC,445.99,0.0,0.5764,722.35,358.484667,Valley,Main_0_2399
651,RegionD,286.23,223.26,0.4402,722.35,314.438,Valley,Main_0_2399
651,RegionE,252.95,197.3,0.2306,722.35,363.95,Valley,Main_0_2399
651,RegionF,266.26,207.68,0.2725,722.35,354.22,Valley,Main_0_2399
652,RegionA,479.45,0.0,0.6424,800.0,361.698,Valley,Main_0_2399
652,RegionB,459.48,0.0,0.601,800.0,389.265667,Valley,Main_0_2399
652,RegionC,446.16,0.0,0.5699,800.0,370.312,Valley,Main_0_2399
652,RegionD,286.34,223.35,0.4352,800.0,329.712667,Valley,Main_0_2399
652,RegionE,253.04,197.37,0.228,800.0,383.247333,Valley,Main_0_2399
652,RegionF,266.36,207.76,0.2694,800.0,373.973333,Valley,Main_0_2399
653,RegionA,479.64,0.0,0.6327,877.65,364.353333,Valley,Main_0_2399
653,RegionB,459.66,0.0,0.5919,877.65,376.637333,Valley,Main_0_2399
653,RegionC,446.33,0.0,0.5612,877.65,370.818667,Valley,Main_0_2399
653,RegionD,286.45,223.43,0.4286,877.65,345.137333,Valley,Main_0_2399
653,RegionE,253.15,197.46,0.2245,877.65,412.946,Valley,Main_0_2399
653,RegionF,266.47,207.85,0.2653,877.65,352.945333,Valley,Main_0_2399
654,RegionA,479.84,0.0,0.6212,950.0,377.475,Valley,Main_0_2399
654,RegionB,459.85,0.0,0.5812,950.0,359.517333,Valley,Main_0_2399
654,RegionC,446.52,0.0,0.5511,950.0,373.96,Valley,Main_0_2399
654,RegionD,286.57,223.52,0.4208,950.0,366.698,Valley,Main_0_2399
654,RegionE,253.25,197.53,0.2204,950.0,418.680667,Valley,Main_0_2399
654,RegionF,266.58,207.93,0.2605,950.0,386.782,Valley,Main_0_2399
655,RegionA,738.53,0.0,0.609,1012.13,363.920667,Flat,Main_0_2399
655,RegionB,707.75,0.0,0.5697,1012.13,360.722667,Flat,Main_0_2399
655,RegionC,687.24,0.0,0.5402,1012.13,383.764,Flat,Main_0_2399
655,RegionD,441.06,344.03,0.4125,1012.13,322.630667,Flat,Main_0_2399
655,RegionE,389.78,304.03,0.2161,1012.13,350.334667,Flat,Main_0_2399
655,RegionF,410.29,320.03,0.2554,1012.13,399.49,Flat,Main_0_2399
656,RegionA,738.85,0.0,0.5967,1059.81,366.053333,Flat,Main_0_2399
656,RegionB,708.06,0.0,0.5582,1059.81,363.8,Flat,Main_0_2399
656,RegionC,687.54,0.0,0.5293,1059.81,357.477,Flat,Main_0_2399
656,RegionD,441.26,344.18,0.4042,1059.81,305.715,Flat,Main_0_2399
656,RegionE,389.95,304.16,0.2117,1059.81,370.468667,Flat,Main_0_2399
656,RegionF,410.47,320.17,0.2502,1059.81,375.046,Flat,Main_0_2399
657,RegionA,739.17,0.0,0.5853,1089.78,375.856,Flat,Main_0_2399
657,RegionB,708.38,0.0,0.5475,1089.78,370.468,Flat,Main_0_2399
657,RegionC,687.84,0.0,0.5192,1089.78,364.204667,Flat,Main_0_2399
657,RegionD,441.45,344.33,0.3965,1089.78,314.490667,Flat,Main_0_2399
657,RegionE,390.12,304.29,0.2077,1089.78,356.191,Flat,Main_0_2399
657,RegionF,410.65,320.31,0.2455,1089.78,372.268,Flat,Main_0_2399
658,RegionA,739.51,0.0,0.5756,1100.0,368.794,Flat,Main_0_2399
658,RegionB,708.7,0.0,0.5385,1100.0,378.827333,Flat,Main_0_2399
658,RegionC,688.16,0.0,0.5106,1100.0,364.800667,Flat,Main_0_2399
658,RegionD,441.65,344.49,0.3899,1100.0,307.165667,Flat,Main_0_2399
658,RegionE,390.3,304.43,0.2043,1100.0,337.53,Flat,Main_0_2399
658,RegionF,410.84,320.46,0.2414,1100.0,382.650667,Flat,Main_0_2399
659,RegionA,739.85,0.0,0.5684,1089.78,323.952667,Flat,Main_0_2399
659,RegionB,709.03,0.0,0.5317,1089.78,355.53,Flat,Main_0_2399
659,RegionC,688.47,0.0,0.5042,1089.78,367.741333,Flat,Main_0_2399
659,RegionD,441.86,344.65,0.385,1089.78,231.353333,Flat,Main_0_2399
659,RegionE,390.48,304.57,0.2017,1089.78,300.878333,Flat,Main_0_2399
659,RegionF,411.03,320.6,0.2383,1089.78,374.146,Flat,Main_0_2399
660,RegionA,740.2,0.0,0.564,1059.81,332.904333,Flat,Main_0_2399
660,RegionB,709.36,0.0,0.5276,1059.81,319.476333,Flat,Main_0_2399
660,RegionC,688.8,0.0,0.5003,1059.81,282.343333,Flat,Main_0_2399
660,RegionD,442.07,344.81,0.3821,1059.81,203.771333,Flat,Main_0_2399
660,RegionE,390.66,304.71,0.2001,1059.81,283.211333,Flat,Main_0_2399
660,RegionF,411.22,320.75,0.2365,1059.81,301.8,Flat,Main_0_2399
661,RegionA,740.56,0.0,0.563,1012.13,320.515667,Flat,Main_0_2399
661,RegionB,709.7,0.0,0.5266,1012.13,324.289667,Flat,Main_0_2399
661,RegionC,689.13,0.0,0.4994,1012.13,288.936,Flat,Main_0_2399
661,RegionD,442.28,344.98,0.3814,1012.13,220.009,Flat,Main_0_2399
661,RegionE,390.85,304.86,0.1998,1012.13,296.174667,Flat,Main_0_2399
661,RegionF,411.42,320.91,0.2361,1012.13,298.318,Flat,Main_0_2399
662,RegionA,740.92,0.0,0.5653,950.0,308.277333,Flat,Main_0_2399
662,RegionB,710.05,0.0,0.5288,950.0,303.328,Flat,Main_0_2399
662,RegionC,689.47,0.0,0.5015,950.0,252.866,Flat,Main_0_2399
662,RegionD,442.5,345.15,0.3829,950.0,215.258667,Flat,Main_0_2399
662,RegionE,391.04,305.01,0.2006,950.0,256.451667,Flat,Main_0_2399
662,RegionF,411.62,321.06,0.2371,950.0,279.553333,Flat,Main_0_2399
663,RegionA,741.29,0.0,0.5709,877.65,264.647,Flat,Main_0_2399
663,RegionB,710.4,0.0,0.5341,877.65,268.133667,Flat,Main_0_2399
663,RegionC,689.81,0.0,0.5064,877.65,234.462,Flat,Main_0_2399
663,RegionD,442.72,345.32,0.3867,877.65,167.219,Flat,Main_0_2399
663,RegionE,391.24,305.17,0.2026,877.65,242.516667,Flat,Main_0_2399
663,RegionF,411.83,321.23,0.2394,877.65,216.755333,Flat,Main_0_2399
664,RegionA,741.66,0.0,0.5794,800.0,226.631,Flat,Main_0_2399
664,RegionB,710.76,0.0,0.5421,800.0,235.632333,Flat,Main_0_2399
664,RegionC,690.16,0.0,0.514,800.0,202.038,Flat,Main_0_2399
664,RegionD,442.94,345.49,0.3925,800.0,128.819667,Flat,Main_0_2399
664,RegionE,391.43,305.32,0.2056,800.0,213.206333,Flat,Main_0_2399
664,RegionF,412.04,321.39,0.243,800.0,181.611,Flat,Main_0_2399
665,RegionA,1075.96,0.0,0.5904,722.35,232.884,Peak,Main_0_2399
665,RegionB,1031.13,0.0,0.5523,722.35,227.88,Peak,Main_0_2399
665,RegionC,1001.24,0.0,0.5237,722.35,198.798,Peak,Main_0_2399
665,RegionD,642.59,501.22,0.3999,722.35,94.787333,Peak,Main_0_2399
665,RegionE,567.87,442.94,0.2095,722.35,235.166667,Peak,Main_0_2399
665,RegionF,597.76,466.25,0.2476,722.35,114.922667,Peak,Main_0_2399
666,RegionA,1076.51,0.0,0.603,650.0,209.066,Peak,Main_0_2399
666,RegionB,1031.66,0.0,0.5641,650.0,194.358667,Peak,Main_0_2399
666,RegionC,1001.75,0.0,0.5349,650.0,202.724,Peak,Main_0_2399
666,RegionD,642.92,501.48,0.4085,650.0,123.851667,Peak,Main_0_2399
666,RegionE,568.16,443.16,0.214,650.0,188.56,Peak,Main_0_2399
666,RegionF,598.06,466.49,0.2529,650.0,109.846,Peak,Main_0_2399
667,RegionA,1077.07,0.0,0.6165,587.87,212.958,Peak,Main_0_2399
667,RegionB,1032.19,0.0,0.5768,587.87,190.814,Peak,Main_0_2399
667,RegionC,1002.27,0.0,0.5469,587.87,210.436667,Peak,Main_0_2399
667,RegionD,643.25,501.74,0.4177,587.87,100.187333,Peak,Main_0_2399
667,RegionE,568.45,443.39,0.2188,587.87,194.670667,Peak,Main_0_2399
667,RegionF,598.37,466.73,0.2585,587.87,140.111333,Peak,Main_0_2399
668,RegionA,1077.63,0.0,0.6301,540.19,229.93,Peak,Main_0_2399
668,RegionB,1032.73,0.0,0.5894,540.19,235.590667,Peak,Main_0_2399
668,RegionC,1002.79,0.0,0.5589,540.19,279.08,Peak,Main_0_2399
668,RegionD,643.58,501.99,0.4268,540.19,125.143667,Peak,Main_0_2399
668,RegionE,568.75,443.62,0.2236,540.19,232.043333,Peak,Main_0_2399
668,RegionF,598.68,466.97,0.2642,540.19,173.378,Peak,Main_0_2399
669,RegionA,1078.19,0.0,0.6427,510.22,258.194667,Peak,Main_0_2399
669,RegionB,1033.27,0.0,0.6013,510.22,255.616667,Peak,Main_0_2399
669,RegionC,1003.32,0.0,0.5702,510.22,249.023667,Peak,Main_0_2399
669,RegionD,643.92,502.26,0.4354,510.22,165.668333,Peak,Main_0_2399
669,RegionE,569.05,443.86,0.2281,510.22,207.383333,Peak,Main_0_2399
669,RegionF,599.0,467.22,0.2695,510.22,168.123333,Peak,Main_0_2399
670,RegionA,669.57,0.0,0.6537,500.0,291.6,Flat,Main_0_2399
670,RegionB,641.67,0.0,0.6115,500.0,277.972,Flat,Main_0_2399
670,RegionC,623.08,0.0,0.5799,500.0,293.542,Flat,Main_0_2399
670,RegionD,399.88,311.91,0.4428,500.0,232.573,Flat,Main_0_2399
670,RegionE,353.39,275.64,0.232,500.0,222.872,Flat,Main_0_2399
670,RegionF,371.99,290.15,0.2741,500.0,248.033667,Flat,Main_0_2399
671,RegionA,669.93,0.0,0.6623,510.22,300.625333,Flat,Main_0_2399
671,RegionB,642.01,0.0,0.6195,510.22,288.028667,Flat,Main_0_2399
671,RegionC,623.4,0.0,0.5875,510.22,325.15,Flat,Main_0_2399
671,RegionD,400.09,312.07,0.4486,510.22,280.952,Flat,Main_0_2399
671,RegionE,353.57,275.78,0.235,510.22,241.332,Flat,Main_0_2399
671,RegionF,372.18,290.3,0.2777,510.22,269.038667,Flat,Main_0_2399
672,RegionA,484.09,0.0,0.6679,540.19,331.586667,Valley,Main_0_2399
672,RegionB,463.92,0.0,0.6248,540.19,331.6,Valley,Main_0_2399
672,RegionC,450.47,0.0,0.5925,540.19,336.670667,Valley,Main_0_2399
672,RegionD,289.11,225.51,0.4525,540.19,283.247,Valley,Main_0_2399
672,RegionE,255.49,199.28,0.237,540.19,260.813,Valley,Main_0_2399
672,RegionF,268.94,209.77,0.2801,540.19,263.831667,Valley,Main_0_2399
673,RegionA,484.34,0.0,0.6703,587.87,379.083,Valley,Main_0_2399
673,RegionB,464.16,0.0,0.6271,587.87,329.449,Valley,Main_0_2399
673,RegionC,450.71,0.0,0.5946,587.87,371.429,Valley,Main_0_2399
673,RegionD,289.26,225.62,0.4541,587.87,350.028667,Valley,Main_0_2399
673,RegionE,255.63,199.39,0.2378,587.87,307.134,Valley,Main_0_2399
673,RegionF,269.08,209.88,0.2811,587.87,336.986667,Valley,Main_0_2399
674,RegionA,484.6,0.0,0.6693,650.0,383.804,Valley,Main_0_2399
674,RegionB,464.41,0.0,0.6261,650.0,344.913,Valley,Main_0_2399
674,RegionC,450.95,0.0,0.5937,650.0,383.167667,Valley,Main_0_2399
674,RegionD,289.41,225.74,0.4534,650.0,328.556333,Valley,Main_0_2399
674,RegionE,255.76,199.49,0.2375,650.0,330.927333,Valley,Main_0_2399
674,RegionF,269.22,209.99,0.2807,650.0,338.780667,Valley,Main_0_2399
675,RegionA,484.85,0.0,0.665,722.35,376.182,Valley,Main_0_2399
675,RegionB,464.65,0.0,0.6221,722.35,359.844,Valley,Main_0_2399
675,RegionC,451.18,0.0,0.59,722.35,380.06,Valley,Main_0_2399
675,RegionD,289.56,225.86,0.4505,722.35,332.754333,Valley,Main_0_2399
675,RegionE,255.89,199.59,0.236,722.35,337.84,Valley,Main_0_2399
675,RegionF,269.36,210.1,0.2789,722.35,354.555333,Valley,Main_0_2399
676,RegionA,485.1,0.0,0.6578,800.0,379.887333,Valley,Main_0_2399
676,RegionB,464.89,0.0,0.6154,800.0,360.168,Valley,Main_0_2399
676,RegionC,451.42,0.0,0.5836,800.0,374.44,Valley,Main_0_2399
676,RegionD,289.71,225.97,0.4456,800.0,355.778667,Valley,Main_0_2399
676,RegionE,256.03,199.7,0.2334,800.0,369.079333,Valley,Main_0_2399
676,RegionF,269.5,210.21,0.2759,800.0,385.606333,Valley,Main_0_2399
677,RegionA,485.35,0.0,0.6483,877.65,383.49,Valley,Main_0_2399
677,RegionB,465.13,0.0,0.6064,877.65,358.918667,Valley,Main_0_2399
677,RegionC,451.65,0.0,0.5751,877.65,372.969333,Valley,Main_0_2399
677,RegionD,289.86,226.09,0.4391,877.65,411.560333,Valley,Main_0_2399
677,RegionE,256.16,199.8,0.23,877.65,415.5,Valley,Main_0_2399
677,RegionF,269.64,210.32,0.2719,877.65,433.3,Valley,Main_0_2399
678,RegionA,485.6,0.0,0.637,950.0,383.193333,Valley,Main_0_2399
678,RegionB,465.37,0.0,0.5959,950.0,367.317333,Valley,Main_0_2399
678,RegionC,451.88,0.0,0.5651,950.0,359.136333,Valley,Main_0_2399
678,RegionD,290.01,226.21,0.4315,950.0,355.809,Valley,Main_0_2399
678,RegionE,256.29,199.91,0.226,950.0,425.545,Valley,Main_0_2399
678,RegionF,269.78,210.43,0.2671,950.0,439.9,Valley,Main_0_2399
679,RegionA,747.46,0.0,0.6248,1012.13,383.645333,Flat,Main_0_2399
679,RegionB,716.31,0.0,0.5845,1012.13,361.754,Flat,Main_0_2399
679,RegionC,695.55,0.0,0.5543,1012.13,362.824333,Flat,Main_0_2399
679,RegionD,446.4,348.19,0.4233,1012.13,380.082,Flat,Main_0_2399
679,RegionE,394.49,307.7,0.2217,1012.13,390.812,Flat,Main_0_2399
679,RegionF,415.25,323.9,0.262,1012.13,408.456667,Flat,Main_0_2399
680,RegionA,747.83,0.0,0.6126,1059.81,370.365333,Flat,Main_0_2399
680,RegionB,716.67,0.0,0.5731,1059.81,360.091667,Flat,Main_0_2399
680,RegionC,695.9,0.0,0.5435,1059.81,362.735,Flat,Main_0_2399
680,RegionD,446.62,348.36,0.415,1059.81,355.86,Flat,Main_0_2399
680,RegionE,394.69,307.86,0.2174,1059.81,418.61,Flat,Main_0_2399
680,RegionF,415.46,324.06,0.2569,1059.81,386.857667,Flat,Main_0_2399
681,RegionA,748.2,0.0,0.6013,1089.78,373.028667,Flat,Main_0_2399
681,RegionB,717.03,0.0,0.5625,1089.78,329.672333,Flat,Main_0_2399
681,RegionC,696.24,0.0,0.5334,1089.78,371.966667,Flat,Main_0_2399
681,RegionD,446.84,348.54,0.4074,1089.78,322.499333,Flat,Main_0_2399
681,RegionE,394.88,308.01,0.2134,1089.78,353.146,Flat,Main_0_2399
681,RegionF,415.67,324.22,0.2522,1089.78,378.46,Flat,Main_0_2399
682,RegionA,748.57,0.0,0.5917,1100.0,363.886667,Flat,Main_0_2399
682,RegionB,717.38,0.0,0.5535,1100.0,344.402667,Flat,Main_0_2399
682,RegionC,696.58,0.0,0.5249,1100.0,385.778667,Flat,Main_0_2399
682,RegionD,447.06,348.71,0.4008,1100.0,294.585333,Flat,Main_0_2399
682,RegionE,395.08,308.16,0.21,1100.0,351.028333,Flat,Main_0_2399
682,RegionF,415.87,324.38,0.2481,1100.0,332.808,Flat,Main_0_2399
683,RegionA,748.93,0.0,0.5845,1089.78,369.962,Flat,Main_0_2399
683,RegionB,717.72,0.0,0.5468,1089.78,371.617,Flat,Main_0_2399
683,RegionC,696.92,0.0,0.5185,1089.78,386.760333,Flat,Main_0_2399
683,RegionD,447.28,348.88,0.3959,1089.78,215.664667,Flat,Main_0_2399
683,RegionE,395.27,308.31,0.2074,1089.78,302.613333,Flat,Main_0_2399
683,RegionF,416.07,324.53,0.2451,1089.78,275.342,Flat,Main_0_2399
684,RegionA,749.28,0.0,0.5802,1059.81,310.09,Flat,Main_0_2399
684,RegionB,718.06,0.0,0.5427,1059.81,345.140333,Flat,Main_0_2399
684,RegionC,697.25,0.0,0.5147,1059.81,351.53,Flat,Main_0_2399
684,RegionD,447.49,349.04,0.393,1059.81,202.841667,Flat,Main_0_2399
684,RegionE,395.45,308.45,0.2059,1059.81,255.6,Flat,Main_0_2399
684,RegionF,416.27,324.69,0.2433,1059.81,270.821333,Flat,Main_0_2399
685,RegionA,749.63,0.0,0.5791,1012.13,289.473667,Flat,Main_0_2399
685,RegionB,718.39,0.0,0.5417,1012.13,331.656333,Flat,Main_0_2399
685,RegionC,697.57,0.0,0.5137,1012.13,328.092,Flat,Main_0_2399
685,RegionD,447.69,349.2,0.3923,1012.13,188.568667,Flat,Main_0_2399
685,RegionE,395.64,308.6,0.2055,1012.13,274.355667,Flat,Main_0_2399
685,RegionF,416.46,324.84,0.2428,1012.13,277.094333,Flat,Main_0_2399
686,RegionA,749.96,0.0,0.5814,950.0,280.503,Flat,Main_0_2399
686,RegionB,718.72,0.0,0.5439,950.0,300.138,Flat,Main_0_2399
686,RegionC,697.88,0.0,0.5157,950.0,282.25,Flat,Main_0_2399
686,RegionD,447.9,349.36,0.3938,950.0,126.969667,Flat,Main_0_2399
686,RegionE,395.81,308.73,0.2063,950.0,237.172,Flat,Main_0_2399
686,RegionF,416.65,324.99,0.2438,950.0,261.104667,Flat,Main_0_2399
687,RegionA,750.3,0.0,0.5869,877.65,260.488,Flat,Main_0_2399
687,RegionB,719.03,0.0,0.5491,877.65,273.863333,Flat,Main_0_2399
687,RegionC,698.19,0.0,0.5207,877.65,270.277667,Flat,Main_0_2399
687,RegionD,448.09,349.51,0.3976,877.65,164.625,Flat,Main_0_2399
687,RegionE,395.99,308.87,0.2083,877.65,170.33,Flat,Main_0_2399
687,RegionF,416.83,325.13,0.2461,877.65,226.535,Flat,Main_0_2399
688,RegionA,750.62,0.0,0.5954,800.0,239.866333,Flat,Main_0_2399
688,RegionB,719.34,0.0,0.557,800.0,258.758,Flat,Main_0_2399
688,RegionC,698.49,0.0,0.5282,800.0,245.462667,Flat,Main_0_2399
688,RegionD,448.29,349.67,0.4033,800.0,130.536667,Flat,Main_0_2399
688,RegionE,396.16,309.0,0.2113,800.0,208.812,Flat,Main_0_2399
688,RegionF,417.01,325.27,0.2497,800.0,211.236,Flat,Main_0_2399
689,RegionA,1088.85,0.0,0.6062,722.35,206.305667,Peak,Main_0_2399
689,RegionB,1043.48,0.0,0.5671,722.35,209.016667,Peak,Main_0_2399
689,RegionC,1013.24,0.0,0.5378,722.35,222.191,Peak,Main_0_2399
689,RegionD,650.29,507.23,0.4107,722.35,141.772667,Peak,Main_0_2399
689,RegionE,574.67,448.24,0.2151,722.35,214.35,Peak,Main_0_2399
689,RegionF,604.92,471.84,0.2542,722.35,160.481,Peak,Main_0_2399
690,RegionA,1089.29,0.0,0.6188,650.0,222.202,Peak,Main_0_2399
690,RegionB,1043.91,0.0,0.5788,650.0,207.049333,Peak,Main_0_2399
690,RegionC,1013.65,0.0,0.5489,650.0,238.76,Peak,Main_0_2399
690,RegionD,650.55,507.43,0.4192,650.0,141.229,Peak,Main_0_2399
690,RegionE,574.91,448.43,0.2196,650.0,196.592667,Peak,Main_0_2399
690,RegionF,605.16,472.02,0.2595,650.0,157.01,Peak,Main_0_2399
691,RegionA,1089.72,0.0,0.6321,587.87,216.516667,Peak,Main_0_2399
691,RegionB,1044.32,0.0,0.5913,587.87,200.187333,Peak,Main_0_2399
691,RegionC,1014.05,0.0,0.5608,587.87,264.79,Peak,Main_0_2399
691,RegionD,650.81,507.63,0.4282,587.87,151.965333,Peak,Main_0_2399
691,RegionE,575.13,448.6,0.2243,587.87,204.662,Peak,Main_0_2399
691,RegionF,605.4,472.21,0.2651,587.87,182.343667,Peak,Main_0_2399
692,RegionA,1090.14,0.0,0.6455,540.19,222.232,Peak,Main_0_2399
692,RegionB,1044.71,0.0,0.6038,540.19,237.256667,Peak,Main_0_2399
692,RegionC,1014.43,0.0,0.5726,540.19,230.304333,Peak,Main_0_2399
692,RegionD,651.05,507.82,0.4373,540.19,187.692,Peak,Main_0_2399
692,RegionE,575.35,448.77,0.229,540.19,202.706667,Peak,Main_0_2399
692,RegionF,605.63,472.39,0.2707,540.19,173.049333,Peak,Main_0_2399
693,RegionA,1090.54,0.0,0.658,510.22,216.893333,Peak,Main_0_2399
693,RegionB,1045.1,0.0,0.6155,510.22,210.104,Peak,Main_0_2399
693,RegionC,1014.8,0.0,0.5837,510.22,263.671667,Peak,Main_0_2399
693,RegionD,651.29,508.01,0.4457,510.22,185.77,Peak,Main_0_2399
693,RegionE,575.56,448.94,0.2335,510.22,161.47,Peak,Main_0_2399
693,RegionF,605.85,472.56,0.2759,510.22,193.812667,Peak,Main_0_2399
694,RegionA,677.12,0.0,0.6687,500.0,282.813667,Flat,Main_0_2399
694,RegionB,648.91,0.0,0.6256,500.0,267.013333,Flat,Main_0_2399
694,RegionC,630.1,0.0,0.5932,500.0,312.728333,Flat,Main_0_2399
694,RegionD,404.39,315.42,0.453,500.0,198.992,Flat,Main_0_2399
694,RegionE,357.37,278.75,0.2373,500.0,206.720667,Flat,Main_0_2399
694,RegionF,376.18,293.42,0.2804,500.0,189.046667,Flat,Main_0_2399
695,RegionA,677.35,0.0,0.6771,510.22,296.366667,Flat,Main_0_2399
695,RegionB,649.13,0.0,0.6334,510.22,321.463333,Flat,Main_0_2399
695,RegionC,630.31,0.0,0.6006,510.22,298.754,Flat,Main_0_2399
695,RegionD,404.53,315.53,0.4586,510.22,250.496,Flat,Main_0_2399
695,RegionE,357.49,278.84,0.2402,510.22,209.645,Flat,Main_0_2399
695,RegionF,376.31,293.52,0.2839,510.22,179.463,Flat,Main_0_2399
696,RegionA,489.35,0.0,0.6825,540.19,338.17,Valley,Main_0_2399
696,RegionB,468.96,0.0,0.6384,540.19,360.644667,Valley,Main_0_2399
696,RegionC,455.37,0.0,0.6054,540.19,338.302667,Valley,Main_0_2399
696,RegionD,292.25,227.96,0.4623,540.19,294.805333,Valley,Main_0_2399
696,RegionE,258.27,201.45,0.2422,540.19,270.178667,Valley,Main_0_2399
696,RegionF,271.86,212.05,0.2862,540.19,224.568667,Valley,Main_0_2399
697,RegionA,489.5,0.0,0.6846,587.87,390.033,Valley,Main_0_2399
697,RegionB,469.11,0.0,0.6404,587.87,364.683333,Valley,Main_0_2399
697,RegionC,455.51,0.0,0.6073,587.87,363.898667,Valley,Main_0_2399
697,RegionD,292.34,228.03,0.4637,587.87,295.258667,Valley,Main_0_2399
697,RegionE,258.35,201.51,0.2429,587.87,318.415333,Valley,Main_0_2399
697,RegionF,271.95,212.12,0.2871,587.87,267.072,Valley,Main_0_2399
698,RegionA,489.64,0.0,0.6833,650.0,370.25,Valley,Main_0_2399
698,RegionB,469.24,0.0,0.6392,650.0,387.267667,Valley,Main_0_2399
698,RegionC,455.64,0.0,0.6061,650.0,335.746667,Valley,Main_0_2399
698,RegionD,292.43,228.1,0.4629,650.0,294.971,Valley,Main_0_2399
698,RegionE,258.42,201.57,0.2425,650.0,339.073667,Valley,Main_0_2399
698,RegionF,272.02,212.18,0.2865,650.0,276.747333,Valley,Main_0_2399
699,RegionA,489.78,0.0,0.6787,722.35,375.946,Valley,Main_0_2399
699,RegionB,469.37,0.0,0.6349,722.35,371.038667,Valley,Main_0_2399
699,RegionC,455.76,0.0,0.6021,722.35,349.605333,Valley,Main_0_2399
699,RegionD,292.51,228.16,0.4598,722.35,280.191333,Valley,Main_0_2399
699,RegionE,258.49,201.62,0.2408,722.35,417.555,Valley,Main_0_2399
699,RegionF,272.1,212.24,0.2846,722.35,300.202667,Valley,Main_0_2399
700,RegionA,489.9,0.0,0.6712,800.0,374.906667,Valley,Main_0_2399
700,RegionB,469.49,0.0,0.6279,800.0,364.797,Valley,Main_0_2399
700,RegionC,455.88,0.0,0.5954,800.0,363.321333,Valley,Main_0_2399
700,RegionD,292.58,228.21,0.4547,800.0,351.648,Valley,Main_0_2399
700,RegionE,258.56,201.68,0.2382,800.0,449.65,Valley,Main_0_2399
700,RegionF,272.17,212.29,0.2815,800.0,376.316667,Valley,Main_0_2399
701,RegionA,490.02,0.0,0.6612,877.65,374.594,Valley,Main_0_2399
701,RegionB,469.6,0.0,0.6186,877.65,366.390333,Valley,Main_0_2399
701,RegionC,455.99,0.0,0.5866,877.65,360.533333,Valley,Main_0_2399
701,RegionD,292.65,228.27,0.4479,877.65,335.654667,Valley,Main_0_2399
701,RegionE,258.62,201.72,0.2346,877.65,448.286,Valley,Main_0_2399
701,RegionF,272.23,212.34,0.2773,877.65,359.820667,Valley,Main_0_2399
702,RegionA,490.12,0.0,0.6496,950.0,368.344333,Valley,Main_0_2399
702,RegionB,469.7,0.0,0.6077,950.0,369.113333,Valley,Main_0_2399
702,RegionC,456.09,0.0,0.5763,950.0,378.817333,Valley,Main_0_2399
702,RegionD,292.71,228.31,0.44,950.0,374.974333,Valley,Main_0_2399
702,RegionE,258.68,201.77,0.2305,950.0,430.016,Valley,Main_0_2399
702,RegionF,272.29,212.39,0.2724,950.0,424.521,Valley,Main_0_2399
703,RegionA,754.19,0.0,0.637,1012.13,367.521333,Flat,Main_0_2399
703,RegionB,722.76,0.0,0.5959,1012.13,380.950667,Flat,Main_0_2399
703,RegionC,701.81,0.0,0.5651,1012.13,376.785333,Flat,Main_0_2399
703,RegionD,450.42,351.33,0.4315,1012.13,416.954333,Flat,Main_0_2399
703,RegionE,398.04,310.47,0.226,1012.13,412.123333,Flat,Main_0_2399
703,RegionF,418.99,326.81,0.2671,1012.13,425.736,Flat,Main_0_2399
704,RegionA,754.33,0.0,0.6245,1059.81,375.905,Flat,Main_0_2399
704,RegionB,722.89,0.0,0.5842,1059.81,386.747333,Flat,Main_0_2399
704,RegionC,701.94,0.0,0.554,1059.81,374.76,Flat,Main_0_2399
704,RegionD,450.5,351.39,0.423,1059.81,375.863333,Flat,Main_0_2399
704,RegionE,398.12,310.53,0.2216,1059.81,441.402667,Flat,Main_0_2399
704,RegionF,419.07,326.87,0.2619,1059.81,420.456,Flat,Main_0_2399
705,RegionA,754.45,0.0,0.6128,1089.78,378.448,Flat,Main_0_2399
705,RegionB,723.01,0.0,0.5732,1089.78,386.316,Flat,Main_0_2399
705,RegionC,702.06,0.0,0.5436,1089.78,381.792,Flat,Main_0_2399
705,RegionD,450.57,351.44,0.4151,1089.78,268.566,Flat,Main_0_2399
705,RegionE,398.18,310.58,0.2174,1089.78,439.39,Flat,Main_0_2399
705,RegionF,419.14,326.93,0.257,1089.78,412.475333,Flat,Main_0_2399
706,RegionA,754.56,0.0,0.6027,1100.0,359.412667,Flat,Main_0_2399
706,RegionB,723.12,0.0,0.5638,1100.0,385.074,Flat,Main_0_2399
706,RegionC,702.16,0.0,0.5347,1100.0,375.026667,Flat,Main_0_2399
706,RegionD,450.64,351.5,0.4083,1100.0,244.816,Flat,Main_0_2399
706,RegionE,398.24,310.63,0.2139,1100.0,407.79,Flat,Main_0_2399
706,RegionF,419.2,326.98,0.2527,1100.0,370.504667,Flat,Main_0_2399
707,RegionA,754.65,0.0,0.595,1089.78,364.690667,Flat,Main_0_2399
707,RegionB,723.21,0.0,0.5566,1089.78,331.768333,Flat,Main_0_2399
707,RegionC,702.24,0.0,0.5278,1089.78,373.472,Flat,Main_0_2399
707,RegionD,450.69,351.54,0.4031,1089.78,244.77,Flat,Main_0_2399
707,RegionE,398.29,310.67,0.2111,1089.78,377.529333,Flat,Main_0_2399
707,RegionF,419.25,327.01,0.2495,1089.78,321.476667,Flat,Main_0_2399
708,RegionA,754.73,0.0,0.5902,1059.81,283.333667,Flat,Main_0_2399
708,RegionB,723.28,0.0,0.5521,1059.81,342.203333,Flat,Main_0_2399
708,RegionC,702.32,0.0,0.5236,1059.81,333.592,Flat,Main_0_2399
708,RegionD,450.74,351.58,0.3998,1059.81,212.717,Flat,Main_0_2399
708,RegionE,398.33,310.7,0.2094,1059.81,264.613,Flat,Main_0_2399
708,RegionF,419.29,327.05,0.2475,1059.81,292.252,Flat,Main_0_2399
709,RegionA,754.79,0.0,0.5887,1012.13,298.878,Flat,Main_0_2399
709,RegionB,723.34,0.0,0.5507,1012.13,289.16,Flat,Main_0_2399
709,RegionC,702.38,0.0,0.5222,1012.13,320.562,Flat,Main_0_2399
709,RegionD,450.78,351.61,0.3988,1012.13,211.484667,Flat,Main_0_2399
709,RegionE,398.36,310.72,0.2089,1012.13,238.602333,Flat,Main_0_2399
709,RegionF,419.33,327.08,0.2469,1012.13,273.872333,Flat,Main_0_2399
710,RegionA,754.84,0.0,0.5905,950.0,272.385667,Flat,Main_0_2399
710,RegionB,723.39,0.0,0.5524,950.0,292.050333,Flat,Main_0_2399
710,RegionC,702.42,0.0,0.5238,950.0,319.596333,Flat,Main_0_2399
710,RegionD,450.81,351.63,0.4,950.0,207.016,Flat,Main_0_2399
710,RegionE,398.39,310.74,0.2095,950.0,195.438333,Flat,Main_0_2399
710,RegionF,419.36,327.1,0.2476,950.0,265.138,Flat,Main_0_2399
711,RegionA,754.88,0.0,0.5955,877.65,235.018333,Flat,Main_0_2399
711,RegionB,723.42,0.0,0.5571,877.65,251.994333,Flat,Main_0_2399
711,RegionC,702.45,0.0,0.5283,877.65,273.355,Flat,Main_0_2399
711,RegionD,450.83,351.65,0.4034,877.65,208.865667,Flat,Main_0_2399
711,RegionE,398.41,310.76,0.2113,877.65,183.795333,Flat,Main_0_2399
711,RegionF,419.38,327.12,0.2497,877.65,255.717333,Flat,Main_0_2399
712,RegionA,754.89,0.0,0.6035,800.0,187.346667,Flat,Main_0_2399
712,RegionB,723.44,0.0,0.5645,800.0,238.106,Flat,Main_0_2399
712,RegionC,702.47,0.0,0.5353,800.0,228.384667,Flat,Main_0_2399
712,RegionD,450.84,351.66,0.4088,800.0,195.890667,Flat,Main_0_2399
712,RegionE,398.42,310.77,0.2141,800.0,158.659667,Flat,Main_0_2399
712,RegionF,419.39,327.12,0.2531,800.0,212.073333,Flat,Main_0_2399
713,RegionA,1094.6,0.0,0.6138,722.35,197.575333,Peak,Main_0_2399
713,RegionB,1048.99,0.0,0.5742,722.35,206.079333,Peak,Main_0_2399
713,RegionC,1018.59,0.0,0.5445,722.35,203.404,Peak,Main_0_2399
713,RegionD,653.72,509.9,0.4158,722.35,120.938,Peak,Main_0_2399
713,RegionE,577.71,450.61,0.2178,722.35,140.765,Peak,Main_0_2399
713,RegionF,608.11,474.33,0.2574,722.35,159.082667,Peak,Main_0_2399
714,RegionA,1094.58,0.0,0.6258,650.0,225.668,Peak,Main_0_2399
714,RegionB,1048.98,0.0,0.5854,650.0,191.128,Peak,Main_0_2399
714,RegionC,1018.57,0.0,0.5551,650.0,189.170667,Peak,Main_0_2399
714,RegionD,653.71,509.89,0.4239,650.0,127.982,Peak,Main_0_2399
714,RegionE,577.7,450.61,0.222,650.0,149.788,Peak,Main_0_2399
714,RegionF,608.1,474.32,0.2624,650.0,187.461333,Peak,Main_0_2399
715,RegionA,1094.55,0.0,0.6386,587.87,240.426667,Peak,Main_0_2399
715,RegionB,1048.94,0.0,0.5974,587.87,196.650667,Peak,Main_0_2399
715,RegionC,1018.54,0.0,0.5665,587.87,210.502667,Peak,Main_0_2399
715,RegionD,653.69,509.88,0.4326,587.87,172.675,Peak,Main_0_2399
715,RegionE,577.68,450.59,0.2266,587.87,171.824,Peak,Main_0_2399
715,RegionF,608.08,474.3,0.2678,587.87,189.140333,Peak,Main_0_2399
716,RegionA,1094.48,0.0,0.6514,540.19,230.482,Peak,Main_0_2399
716,RegionB,1048.88,0.0,0.6094,540.19,224.402667,Peak,Main_0_2399
716,RegionC,1018.48,0.0,0.5778,540.19,210.392667,Peak,Main_0_2399
716,RegionD,653.65,509.85,0.4413,540.19,153.016333,Peak,Main_0_2399
716,RegionE,577.64,450.56,0.2311,540.19,151.972,Peak,Main_0_2399
716,RegionF,608.05,474.28,0.2732,540.19,209.306667,Peak,Main_0_2399
717,RegionA,1094.4,0.0,0.6633,510.22,251.122,Peak,Main_0_2399
717,RegionB,1048.8,0.0,0.6205,510.22,237.264,Peak,Main_0_2399
717,RegionC,1018.4,0.0,0.5884,510.22,183.979333,Peak,Main_0_2399
717,RegionD,653.6,509.81,0.4493,510.22,201.079333,Peak,Main_0_2399
717,RegionE,577.6,450.53,0.2354,510.22,141.312667,Peak,Main_0_2399
717,RegionF,608.0,474.24,0.2782,510.22,192.393333,Peak,Main_0_2399
718,RegionA,679.22,0.0,0.6735,500.0,246.897,Flat,Main_0_2399
718,RegionB,650.92,0.0,0.63,500.0,281.755333,Flat,Main_0_2399
718,RegionC,632.05,0.0,0.5974,500.0,257.693333,Flat,Main_0_2399
718,RegionD,405.64,316.4,0.4562,500.0,184.882667,Flat,Main_0_2399
718,RegionE,358.48,279.61,0.239,500.0,180.476333,Flat,Main_0_2399
718,RegionF,377.34,294.33,0.2824,500.0,225.586667,Flat,Main_0_2399
719,RegionA,679.14,0.0,0.6812,510.22,279.616,Flat,Main_0_2399
719,RegionB,650.84,0.0,0.6373,510.22,312.255,Flat,Main_0_2399
719,RegionC,631.98,0.0,0.6043,510.22,286.546667,Flat,Main_0_2399
719,RegionD,405.6,316.37,0.4615,510.22,222.276,Flat,Main_0_2399
719,RegionE,358.43,279.58,0.2417,510.22,232.932667,Flat,Main_0_2399
719,RegionF,377.3,294.29,0.2857,510.22,282.045333,Flat,Main_0_2399
720,RegionA,490.42,0.0,0.686,540.19,299.699667,Valley,Main_0_2399
720,RegionB,469.99,0.0,0.6418,540.19,337.800667,Valley,Main_0_2399
720,RegionC,456.37,0.0,0.6086,540.19,359.714333,Valley,Main_0_2399
720,RegionD,292.89,228.45,0.4647,540.19,232.766667,Valley,Main_0_2399
720,RegionE,258.83,201.89,0.2434,540.19,244.941333,Valley,Main_0_2399
720,RegionF,272.46,212.52,0.2877,540.19,278.784333,Valley,Main_0_2399
721,RegionA,490.35,0.0,0.6876,587.87,346.254667,Valley,Main_0_2399
721,RegionB,469.91,0.0,0.6432,587.87,354.218,Valley,Main_0_2399
721,RegionC,456.29,0.0,0.6099,587.87,359.215333,Valley,Main_0_2399
721,RegionD,292.85,228.42,0.4658,587.87,281.158667,Valley,Main_0_2399
721,RegionE,258.79,201.86,0.244,587.87,260.916333,Valley,Main_0_2399
721,RegionF,272.41,212.48,0.2883,587.87,281.818667,Valley,Main_0_2399
722,RegionA,490.26,0.0,0.6857,650.0,364.549,Valley,Main_0_2399
722,RegionB,469.83,0.0,0.6414,650.0,372.636,Valley,Main_0_2399
722,RegionC,456.21,0.0,0.6083,650.0,385.353667,Valley,Main_0_2399
722,RegionD,292.79,228.38,0.4645,650.0,336.102,Valley,Main_0_2399
722,RegionE,258.75,201.83,0.2433,650.0,278.978,Valley,Main_0_2399
722,RegionF,272.37,212.45,0.2875,650.0,317.559,Valley,Main_0_2399
723,RegionA,490.16,0.0,0.6805,722.35,375.796,Valley,Main_0_2399
723,RegionB,469.74,0.0,0.6366,722.35,370.828667,Valley,Main_0_2399
723,RegionC,456.12,0.0,0.6037,722.35,385.812,Valley,Main_0_2399
723,RegionD,292.74,228.34,0.461,722.35,369.653333,Valley,Main_0_2399
723,RegionE,258.7,201.79,0.2415,722.35,316.992,Valley,Main_0_2399
723,RegionF,272.31,212.4,0.2854,722.35,342.694,Valley,Main_0_2399
724,RegionA,490.06,0.0,0.6724,800.0,370.187667,Valley,Main_0_2399
724,RegionB,469.64,0.0,0.629,800.0,385.624667,Valley,Main_0_2399
724,RegionC,456.03,0.0,0.5965,800.0,383.112,Valley,Main_0_2399
724,RegionD,292.67,228.28,0.4555,800.0,401.969333,Valley,Main_0_2399
724,RegionE,258.64,201.74,0.2386,800.0,344.054,Valley,Main_0_2399
724,RegionF,272.26,212.36,0.282,800.0,389.981333,Valley,Main_0_2399
725,RegionA,489.94,0.0,0.6618,877.65,370.440333,Valley,Main_0_2399
725,RegionB,469.53,0.0,0.6191,877.65,384.255667,Valley,Main_0_2399
725,RegionC,455.92,0.0,0.5871,877.65,382.304,Valley,Main_0_2399
725,RegionD,292.61,228.24,0.4483,877.65,394.116333,Valley,Main_0_2399
725,RegionE,258.58,201.69,0.2348,877.65,418.097,Valley,Main_0_2399
725,RegionF,272.19,212.31,0.2775,877.65,366.383333,Valley,Main_0_2399
726,RegionA,489.82,0.0,0.6496,950.0,374.735667,Valley,Main_0_2399
726,RegionB,469.41,0.0,0.6077,950.0,365.651,Valley,Main_0_2399
726,RegionC,455.81,0.0,0.5763,950.0,380.475,Valley,Main_0_2399
726,RegionD,292.53,228.17,0.44,950.0,449.865667,Valley,Main_0_2399
726,RegionE,258.52,201.65,0.2305,950.0,430.905333,Valley,Main_0_2399
726,RegionF,272.12,212.25,0.2724,950.0,368.348,Valley,Main_0_2399
727,RegionA,753.37,0.0,0.6364,1012.13,373.922667,Flat,Main_0_2399
727,RegionB,721.98,0.0,0.5954,1012.13,367.56,Flat,Main_0_2399
727,RegionC,701.05,0.0,0.5646,1012.13,378.882333,Flat,Main_0_2399
727,RegionD,449.93,350.95,0.4311,1012.13,388.474333,Flat,Main_0_2399
727,RegionE,397.61,310.14,0.2258,1012.13,366.638667,Flat,Main_0_2399
727,RegionF,418.54,326.46,0.2669,1012.13,394.126,Flat,Main_0_2399
728,RegionA,753.15,0.0,0.6233,1059.81,374.632333,Flat,Main_0_2399
728,RegionB,721.77,0.0,0.5831,1059.81,365.242667,Flat,Main_0_2399
728,RegionC,700.85,0.0,0.5529,1059.81,380.664,Flat,Main_0_2399
728,RegionD,449.8,350.84,0.4222,1059.81,347.669333,Flat,Main_0_2399
728,RegionE,397.5,310.05,0.2212,1059.81,324.16,Flat,Main_0_2399
728,RegionF,418.42,326.37,0.2614,1059.81,379.504,Flat,Main_0_2399
729,RegionA,752.92,0.0,0.6109,1089.78,384.002333,Flat,Main_0_2399
729,RegionB,721.55,0.0,0.5715,1089.78,364.055333,Flat,Main_0_2399
729,RegionC,700.63,0.0,0.542,1089.78,360.900667,Flat,Main_0_2399
729,RegionD,449.66,350.73,0.4139,1089.78,355.942333,Flat,Main_0_2399
729,RegionE,397.38,309.96,0.2168,1089.78,302.665667,Flat,Main_0_2399
729,RegionF,418.29,326.27,0.2562,1089.78,351.67,Flat,Main_0_2399
730,RegionA,752.68,0.0,0.6003,1100.0,373.064667,Flat,Main_0_2399
730,RegionB,721.32,0.0,0.5616,1100.0,368.001333,Flat,Main_0_2399
730,RegionC,700.41,0.0,0.5325,1100.0,345.51,Flat,Main_0_2399
730,RegionD,449.52,350.63,0.4067,1100.0,323.768,Flat,Main_0_2399
730,RegionE,397.25,309.86,0.213,1100.0,313.879333,Flat,Main_0_2399
730,RegionF,418.15,326.16,0.2517,1100.0,314.519,Flat,Main_0_2399
731,RegionA,752.42,0.0,0.592,1089.78,376.097,Flat,Main_0_2399
731,RegionB,721.07,0.0,0.5538,1089.78,359.79,Flat,Main_0_2399
731,RegionC,700.17,0.0,0.5252,1089.78,314.51,Flat,Main_0_2399
731,RegionD,449.36,350.5,0.401,1089.78,298.926,Flat,Main_0_2399
731,RegionE,397.11,309.75,0.2101,1089.78,295.116667,Flat,Main_0_2399
731,RegionF,418.01,326.05,0.2483,1089.78,301.768,Flat,Main_0_2399
732,RegionA,752.15,0.0,0.5866,1059.81,321.343333,Flat,Main_0_2399
732,RegionB,720.81,0.0,0.5488,1059.81,325.918,Flat,Main_0_2399
732,RegionC,699.92,0.0,0.5204,1059.81,310.127,Flat,Main_0_2399
732,RegionD,449.2,350.38,0.3974,1059.81,260.917667,Flat,Main_0_2399
732,RegionE,396.97,309.64,0.2082,1059.81,303.04,Flat,Main_0_2399
732,RegionF,417.86,325.93,0.246,1059.81,284.99,Flat,Main_0_2399
733,RegionA,751.87,0.0,0.5845,1012.13,318.447,Flat,Main_0_2399
733,RegionB,720.55,0.0,0.5468,1012.13,318.837333,Flat,Main_0_2399
733,RegionC,699.66,0.0,0.5185,1012.13,322.757667,Flat,Main_0_2399
733,RegionD,449.04,350.25,0.396,1012.13,249.858,Flat,Main_0_2399
733,RegionE,396.82,309.52,0.2074,1012.13,245.657333,Flat,Main_0_2399
733,RegionF,417.71,325.81,0.2451,1012.13,283.145333,Flat,Main_0_2399
734,RegionA,751.58,0.0,0.5857,950.0,306.690333,Flat,Main_0_2399
734,RegionB,720.27,0.0,0.5479,950.0,300.664,Flat,Main_0_2399
734,RegionC,699.39,0.0,0.5196,950.0,303.421333,Flat,Main_0_2399
734,RegionD,448.86,350.11,0.3968,950.0,241.275,Flat,Main_0_2399
734,RegionE,396.67,309.4,0.2078,950.0,243.245667,Flat,Main_0_2399
734,RegionF,417.55,325.69,0.2456,950.0,274.187667,Flat,Main_0_2399
735,RegionA,751.28,0.0,0.5902,877.65,269.886667,Flat,Main_0_2399
735,RegionB,719.98,0.0,0.5521,877.65,273.689333,Flat,Main_0_2399
735,RegionC,699.11,0.0,0.5236,877.65,280.794333,Flat,Main_0_2399
735,RegionD,448.68,349.97,0.3998,877.65,214.415333,Flat,Main_0_2399
735,RegionE,396.51,309.28,0.2094,877.65,211.820333,Flat,Main_0_2399
735,RegionF,417.38,325.56,0.2475,877.65,260.456,Flat,Main_0_2399
736,RegionA,750.97,0.0,0.5976,800.0,237.059,Flat,Main_0_2399
736,RegionB,719.68,0.0,0.559,800.0,237.446667,Flat,Main_0_2399
736,RegionC,698.81,0.0,0.5301,800.0,233.3,Flat,Main_0_2399
736,RegionD,448.49,349.82,0.4048,800.0,156.905333,Flat,Main_0_2399
736,RegionE,396.34,309.15,0.212,800.0,171.093667,Flat,Main_0_2399
736,RegionF,417.2,325.42,0.2506,800.0,234.359,Flat,Main_0_2399
737,RegionA,1088.43,0.0,0.6073,722.35,222.655667,Peak,Main_0_2399
737,RegionB,1043.08,0.0,0.5681,722.35,205.326,Peak,Main_0_2399
737,RegionC,1012.84,0.0,0.5388,722.35,200.25,Peak,Main_0_2399
737,RegionD,650.03,507.02,0.4114,722.35,120.212,Peak,Main_0_2399
737,RegionE,574.45,448.07,0.2155,722.35,152.251667,Peak,Main_0_2399
737,RegionF,604.68,471.65,0.2547,722.35,157.210667,Peak,Main_0_2399
738,RegionA,1087.94,0.0,0.6188,650.0,186.527333,Peak,Main_0_2399
738,RegionB,1042.61,0.0,0.5788,650.0,207.346333,Peak,Main_0_2399
738,RegionC,1012.39,0.0,0.5489,650.0,188.811333,Peak,Main_0_2399
738,RegionD,649.74,506.8,0.4192,650.0,95.328667,Peak,Main_0_2399
738,RegionE,574.19,447.87,0.2196,650.0,179.400667,Peak,Main_0_2399
738,RegionF,604.41,471.44,0.2595,650.0,166.351333,Peak,Main_0_2399
739,RegionA,1087.45,0.0,0.631,587.87,181.019,Peak,Main_0_2399
739,RegionB,1042.14,0.0,0.5903,587.87,212.718,Peak,Main_0_2399
739,RegionC,1011.93,0.0,0.5598,587.87,193.096667,Peak,Main_0_2399
739,RegionD,649.45,506.57,0.4275,587.87,88.301333,Peak,Main_0_2399
739,RegionE,573.93,447.67,0.2239,587.87,166.563333,Peak,Main_0_2399
739,RegionF,604.14,471.23,0.2646,587.87,137.158667,Peak,Main_0_2399
740,RegionA,1086.93,0.0,0.6433,540.19,169.835333,Peak,Main_0_2399
740,RegionB,1041.65,0.0,0.6018,540.19,230.974667,Peak,Main_0_2399
740,RegionC,1011.45,0.0,0.5707,540.19,216.55,Peak,Main_0_2399
740,RegionD,649.14,506.33,0.4358,540.19,165.905,Peak,Main_0_2399
740,RegionE,573.66,447.45,0.2283,540.19,163.291667,Peak,Main_0_2399
740,RegionF,603.85,471.0,0.2698,540.19,130.278,Peak,Main_0_2399
741,RegionA,1086.41,0.0,0.6547,510.22,193.828,Peak,Main_0_2399
741,RegionB,1041.14,0.0,0.6125,510.22,237.028667,Peak,Main_0_2399
741,RegionC,1010.97,0.0,0.5808,510.22,227.874333,Peak,Main_0_2399
741,RegionD,648.83,506.09,0.4435,510.22,169.209333,Peak,Main_0_2399
741,RegionE,573.38,447.24,0.2323,510.22,219.140667,Peak,Main_0_2399
741,RegionF,603.56,470.78,0.2745,510.22,124.516,Peak,Main_0_2399
742,RegionA,673.99,0.0,0.6644,500.0,226.889333,Flat,Main_0_2399
742,RegionB,645.91,0.0,0.6215,500.0,270.796667,Flat,Main_0_2399
742,RegionC,627.19,0.0,0.5894,500.0,254.812333,Flat,Main_0_2399
742,RegionD,402.52,313.97,0.4501,500.0,173.122,Flat,Main_0_2399
742,RegionE,355.72,277.46,0.2357,500.0,235.136,Flat,Main_0_2399
742,RegionF,374.44,292.06,0.2786,500.0,194.052,Flat,Main_0_2399
743,RegionA,673.65,0.0,0.6716,510.22,287.372333,Flat,Main_0_2399
743,RegionB,645.58,0.0,0.6283,510.22,289.909333,Flat,Main_0_2399
743,RegionC,626.87,0.0,0.5958,510.22,276.694667,Flat,Main_0_2399
743,RegionD,402.32,313.81,0.455,510.22,222.205333,Flat,Main_0_2399
743,RegionE,355.54,277.32,0.2383,510.22,226.286667,Flat,Main_0_2399
743,RegionF,374.25,291.92,0.2817,510.22,223.006,Flat,Main_0_2399
744,RegionA,486.28,0.0,0.676,540.19,320.296667,Valley,Main_0_2399
744,RegionB,466.01,0.0,0.6324,540.19,327.624333,Valley,Main_0_2399
744,RegionC,452.51,0.0,0.5997,540.19,327.386667,Valley,Main_0_2399
744,RegionD,290.41,226.52,0.4579,540.19,261.944,Valley,Main_0_2399
744,RegionE,256.65,200.19,0.2399,540.19,230.248,Valley,Main_0_2399
744,RegionF,270.15,210.72,0.2835,540.19,248.688,Valley,Main_0_2399
745,RegionA,486.02,0.0,0.677,587.87,370.796,Valley,Main_0_2399
745,RegionB,465.77,0.0,0.6334,587.87,380.964667,Valley,Main_0_2399
745,RegionC,452.27,0.0,0.6006,587.87,364.074667,Valley,Main_0_2399
745,RegionD,290.26,226.4,0.4586,587.87,269.929333,Valley,Main_0_2399
745,RegionE,256.51,200.08,0.2402,587.87,305.197667,Valley,Main_0_2399
745,RegionF,270.01,210.61,0.2839,587.87,298.634667,Valley,Main_0_2399
746,RegionA,485.76,0.0,0.6747,650.0,394.450667,Valley,Main_0_2399
746,RegionB,465.52,0.0,0.6312,650.0,382.8,Valley,Main_0_2399
746,RegionC,452.03,0.0,0.5985,650.0,367.544,Valley,Main_0_2399
746,RegionD,290.11,226.29,0.4571,650.0,299.424,Valley,Main_0_2399
746,RegionE,256.37,199.97,0.2394,650.0,319.38,Valley,Main_0_2399
746,RegionF,269.87,210.5,0.2829,650.0,343.875333,Valley,Main_0_2399
747,RegionA,485.5,0.0,0.6691,722.35,397.536667,Valley,Main_0_2399
747,RegionB,465.27,0.0,0.6259,722.35,381.503333,Valley,Main_0_2399
747,RegionC,451.79,0.0,0.5936,722.35,368.157333,Valley,Main_0_2399
747,RegionD,289.95,226.16,0.4533,722.35,327.220667,Valley,Main_0_2399
747,RegionE,256.24,199.87,0.2374,722.35,357.538,Valley,Main_0_2399
747,RegionF,269.72,210.38,0.2806,722.35,337.679667,Valley,Main_0_2399
748,RegionA,485.23,0.0,0.6606,800.0,398.121667,Valley,Main_0_2399
748,RegionB,465.02,0.0,0.6179,800.0,381.975333,Valley,Main_0_2399
748,RegionC,451.54,0.0,0.586,800.0,378.538,Valley,Main_0_2399
748,RegionD,289.79,226.04,0.4475,800.0,321.754,Valley,Main_0_2399
748,RegionE,256.1,199.76,0.2344,800.0,412.948667,Valley,Main_0_2399
748,RegionF,269.57,210.26,0.277,800.0,374.702667,Valley,Main_0_2399
749,RegionA,484.97,0.0,0.6496,877.65,397.978667,Valley,Main_0_2399
749,RegionB,464.76,0.0,0.6077,877.65,374.866333,Valley,Main_0_2399
749,RegionC,451.29,0.0,0.5763,877.65,385.925333,Valley,Main_0_2399
749,RegionD,289.63,225.91,0.4401,877.65,310.781667,Valley,Main_0_2399
749,RegionE,255.95,199.64,0.2305,877.65,421.876,Valley,Main_0_2399
749,RegionF,269.43,210.16,0.2724,877.65,364.56,Valley,Main_0_2399
750,RegionA,484.7,0.0,0.637,950.0,395.353333,Valley,Main_0_2399
750,RegionB,464.5,0.0,0.5959,950.0,377.330667,Valley,Main_0_2399
750,RegionC,451.04,0.0,0.5651,950.0,385.1,Valley,Main_0_2399
750,RegionD,289.47,225.79,0.4315,950.0,351.039,Valley,Main_0_2399
750,RegionE,255.81,199.53,0.226,950.0,386.088667,Valley,Main_0_2399
750,RegionF,269.28,210.04,0.2671,950.0,370.650667,Valley,Main_0_2399
751,RegionA,745.26,0.0,0.6235,1012.13,395.914,Flat,Main_0_2399
751,RegionB,714.21,0.0,0.5832,1012.13,377.997333,Flat,Main_0_2399
751,RegionC,693.51,0.0,0.5531,1012.13,384.654667,Flat,Main_0_2399
751,RegionD,445.09,347.17,0.4223,1012.13,350.665333,Flat,Main_0_2399
751,RegionE,393.33,306.8,0.2212,1012.13,391.353333,Flat,Main_0_2399
751,RegionF,414.04,322.95,0.2615,1012.13,369.095333,Flat,Main_0_2399
752,RegionA,744.84,0.0,0.6099,1059.81,374.457333,Flat,Main_0_2399
752,RegionB,713.81,0.0,0.5706,1059.81,378.736,Flat,Main_0_2399
752,RegionC,693.12,0.0,0.5411,1059.81,384.521667,Flat,Main_0_2399
752,RegionD,444.84,346.98,0.4132,1059.81,375.984,Flat,Main_0_2399
752,RegionE,393.11,306.63,0.2164,1059.81,345.858333,Flat,Main_0_2399
752,RegionF,413.8,322.76,0.2558,1059.81,356.902667,Flat,Main_0_2399
753,RegionA,744.41,0.0,0.5973,1089.78,362.515,Flat,Main_0_2399
753,RegionB,713.4,0.0,0.5587,1089.78,365.401333,Flat,Main_0_2399
753,RegionC,692.72,0.0,0.5298,1089.78,373.065333,Flat,Main_0_2399
753,RegionD,444.58,346.77,0.4046,1089.78,352.713,Flat,Main_0_2399
753,RegionE,392.89,306.45,0.2119,1089.78,305.814,Flat,Main_0_2399
753,RegionF,413.56,322.58,0.2505,1089.78,337.813,Flat,Main_0_2399
754,RegionA,743.99,0.0,0.5863,1100.0,367.519,Flat,Main_0_2399
754,RegionB,712.99,0.0,0.5485,1100.0,364.809333,Flat,Main_0_2399
754,RegionC,692.32,0.0,0.5201,1100.0,367.172667,Flat,Main_0_2399
754,RegionD,444.33,346.58,0.3972,1100.0,317.456667,Flat,Main_0_2399
754,RegionE,392.66,306.27,0.208,1100.0,318.32,Flat,Main_0_2399
754,RegionF,413.33,322.4,0.2459,1100.0,312.853333,Flat,Main_0_2399
755,RegionA,743.56,0.0,0.5777,1089.78,340.887333,Flat,Main_0_2399
755,RegionB,712.58,0.0,0.5405,1089.78,347.579333,Flat,Main_0_2399
755,RegionC,691.92,0.0,0.5125,1089.78,344.201333,Flat,Main_0_2399
755,RegionD,444.07,346.37,0.3914,1089.78,281.622333,Flat,Main_0_2399
755,RegionE,392.43,306.1,0.205,1089.78,307.401333,Flat,Main_0_2399
755,RegionF,413.09,322.21,0.2423,1089.78,276.291333,Flat,Main_0_2399
756,RegionA,743.13,0.0,0.5721,1059.81,301.208,Flat,Main_0_2399
756,RegionB,712.16,0.0,0.5352,1059.81,307.963,Flat,Main_0_2399
756,RegionC,691.52,0.0,0.5075,1059.81,349.86,Flat,Main_0_2399
756,RegionD,443.81,346.17,0.3875,1059.81,246.386333,Flat,Main_0_2399
756,RegionE,392.21,305.92,0.203,1059.81,319.010667,Flat,Main_0_2399
756,RegionF,412.85,322.02,0.2399,1059.81,249.656667,Flat,Main_0_2399
757,RegionA,742.7,0.0,0.5697,1012.13,297.167,Flat,Main_0_2399
757,RegionB,711.75,0.0,0.5329,1012.13,302.596667,Flat,Main_0_2399
757,RegionC,691.12,0.0,0.5054,1012.13,319.315,Flat,Main_0_2399
757,RegionD,443.56,345.98,0.3859,1012.13,222.672333,Flat,Main_0_2399
757,RegionE,391.98,305.74,0.2022,1012.13,315.833667,Flat,Main_0_2399
757,RegionF,412.61,321.84,0.2389,1012.13,261.546333,Flat,Main_0_2399
758,RegionA,742.27,0.0,0.5707,950.0,299.025667,Flat,Main_0_2399
758,RegionB,711.34,0.0,0.5339,950.0,306.960667,Flat,Main_0_2399
758,RegionC,690.72,0.0,0.5063,950.0,302.549333,Flat,Main_0_2399
758,RegionD,443.3,345.77,0.3866,950.0,176.351667,Flat,Main_0_2399
758,RegionE,391.75,305.56,0.2025,950.0,298.443,Flat,Main_0_2399
758,RegionF,412.37,321.65,0.2393,950.0,280.226,Flat,Main_0_2399
759,RegionA,741.84,0.0,0.575,877.65,266.988667,Flat,Main_0_2399
759,RegionB,710.93,0.0,0.5379,877.65,272.44,Flat,Main_0_2399
759,RegionC,690.32,0.0,0.51,877.65,276.278,Flat,Main_0_2399
759,RegionD,443.04,345.57,0.3895,877.65,146.899667,Flat,Main_0_2399
759,RegionE,391.53,305.39,0.204,877.65,264.876667,Flat,Main_0_2399
759,RegionF,412.13,321.46,0.2411,877.65,279.063,Flat,Main_0_2399
760,RegionA,741.41,0.0,0.5822,800.0,214.807333,Flat,Main_0_2399
760,RegionB,710.52,0.0,0.5446,800.0,233.237,Flat,Main_0_2399
760,RegionC,689.92,0.0,0.5164,800.0,243.938,Flat,Main_0_2399
760,RegionD,442.79,345.38,0.3944,800.0,127.802333,Flat,Main_0_2399
760,RegionE,391.3,305.21,0.2066,800.0,216.722333,Flat,Main_0_2399
760,RegionF,411.9,321.28,0.2441,800.0,228.566667,Flat,Main_0_2399
761,RegionA,1074.43,0.0,0.5917,722.35,190.581333,Peak,Main_0_2399
761,RegionB,1029.66,0.0,0.5536,722.35,232.71,Peak,Main_0_2399
761,RegionC,999.82,0.0,0.5249,722.35,230.600667,Peak,Main_0_2399
761,RegionD,641.67,500.5,0.4009,722.35,110.633333,Peak,Main_0_2399
761,RegionE,567.06,442.31,0.21,722.35,201.846667,Peak,Main_0_2399
761,RegionF,596.91,465.59,0.2481,722.35,150.895,Peak,Main_0_2399
762,RegionA,1073.82,0.0,0.603,650.0,199.940667,Peak,Main_0_2399
762,RegionB,1029.08,0.0,0.5641,650.0,237.01,Peak,Main_0_2399
762,RegionC,999.25,0.0,0.5349,650.0,199.195667,Peak,Main_0_2399
762,RegionD,641.31,500.22,0.4085,650.0,110.646,Peak,Main_0_2399
762,RegionE,566.74,442.06,0.214,650.0,204.006,Peak,Main_0_2399
762,RegionF,596.57,465.32,0.2529,650.0,137.343333,Peak,Main_0_2399
763,RegionA,1073.21,0.0,0.6152,587.87,180.976,Peak,Main_0_2399
763,RegionB,1028.49,0.0,0.5755,587.87,210.737,Peak,Main_0_2399
763,RegionC,998.68,0.0,0.5457,587.87,221.028,Peak,Main_0_2399
763,RegionD,640.94,499.93,0.4167,587.87,161.630667,Peak,Main_0_2399
763,RegionE,566.42,441.81,0.2183,587.87,184.67,Peak,Main_0_2399
763,RegionF,596.23,465.06,0.258,587.87,133.242,Peak,Main_0_2399
764,RegionA,1072.61,0.0,0.6274,540.19,203.196667,Peak,Main_0_2399
764,RegionB,1027.92,0.0,0.5869,540.19,230.229667,Peak,Main_0_2399
764,RegionC,998.12,0.0,0.5565,540.19,218.326,Peak,Main_0_2399
764,RegionD,640.59,499.66,0.425,540.19,156.669333,Peak,Main_0_2399
764,RegionE,566.1,441.56,0.2226,540.19,210.762,Peak,Main_0_2399
764,RegionF,595.89,464.79,0.2631,540.19,148.291667,Peak,Main_0_2399
765,RegionA,1072.01,0.0,0.6387,510.22,199.647333,Peak,Main_0_2399
765,RegionB,1027.34,0.0,0.5975,510.22,242.692,Peak,Main_0_2399
765,RegionC,997.57,0.0,0.5666,510.22,242.582333,Peak,Main_0_2399
765,RegionD,640.23,499.38,0.4326,510.22,167.895,Peak,Main_0_2399
765,RegionE,565.78,441.31,0.2266,510.22,233.982,Peak,Main_0_2399
765,RegionF,595.56,464.54,0.2678,510.22,135.291333,Peak,Main_0_2399
766,RegionA,665.02,0.0,0.6483,500.0,264.658667,Flat,Main_0_2399
766,RegionB,637.31,0.0,0.6065,500.0,263.071333,Flat,Main_0_2399
766,RegionC,618.84,0.0,0.5751,500.0,248.929667,Flat,Main_0_2399
766,RegionD,397.17,309.79,0.4392,500.0,172.894,Flat,Main_0_2399
766,RegionE,350.98,273.76,0.23,500.0,195.868,Flat,Main_0_2399
766,RegionF,369.46,288.18,0.2719,500.0,175.742667,Flat,Main_0_2399
767,RegionA,664.66,0.0,0.6555,510.22,286.844,Flat,Main_0_2399
767,RegionB,636.97,0.0,0.6132,510.22,281.853333,Flat,Main_0_2399
767,RegionC,618.5,0.0,0.5815,510.22,266.620333,Flat,Main_0_2399
767,RegionD,396.95,309.62,0.4441,510.22,191.34,Flat,Main_0_2399
767,RegionE,350.79,273.62,0.2326,510.22,249.458,Flat,Main_0_2399
767,RegionF,369.26,288.02,0.2749,510.22,161.690667,Flat,Main_0_2399
768,RegionA,479.78,0.0,0.6598,540.19,330.245333,Valley,Main_0_2399
768,RegionB,459.78,0.0,0.6173,540.19,320.987,Valley,Main_0_2399
768,RegionC,446.46,0.0,0.5853,540.19,322.904667,Valley,Main_0_2399
768,RegionD,286.53,223.49,0.447,540.19,271.271333,Valley,Main_0_2399
768,RegionE,253.21,197.5,0.2341,540.19,270.628,Valley,Main_0_2399
768,RegionF,266.54,207.9,0.2767,540.19,259.205333,Valley,Main_0_2399
769,RegionA,479.52,0.0,0.6609,587.87,373.815667,Valley,Main_0_2399
769,RegionB,459.54,0.0,0.6183,587.87,352.26,Valley,Main_0_2399
769,RegionC,446.22,0.0,0.5863,587.87,372.316667,Valley,Main_0_2399
769,RegionD,286.38,223.38,0.4477,587.87,325.218,Valley,Main_0_2399
769,RegionE,253.08,197.4,0.2345,587.87,324.428,Valley,Main_0_2399
769,RegionF,266.4,207.79,0.2772,587.87,253.592333,Valley,Main_0_2399
770,RegionA,479.27,0.0,0.6586,650.0,397.152,Valley,Main_0_2399
770,RegionB,459.3,0.0,0.6161,650.0,341.289333,Valley,Main_0_2399
770,RegionC,445.99,0.0,0.5843,650.0,378.727667,Valley,Main_0_2399
770,RegionD,286.23,223.26,0.4462,650.0,337.394667,Valley,Main_0_2399
770,RegionE,252.95,197.3,0.2337,650.0,360.944667,Valley,Main_0_2399
770,RegionF,266.26,207.68,0.2762,650.0,231.814333,Valley,Main_0_2399
771,RegionA,479.03,0.0,0.6531,722.35,373.893333,Valley,Main_0_2399
771,RegionB,459.07,0.0,0.6109,722.35,347.721,Valley,Main_0_2399
771,RegionC,445.76,0.0,0.5793,722.35,378.774,Valley,Main_0_2399
771,RegionD,286.09,223.15,0.4424,722.35,373.462,Valley,Main_0_2399
771,RegionE,252.82,197.2,0.2317,722.35,363.175,Valley,Main_0_2399
771,RegionF,266.13,207.58,0.2739,722.35,354.994667,Valley,Main_0_2399
772,RegionA,478.79,0.0,0.6446,800.0,376.947,Valley,Main_0_2399
772,RegionB,458.84,0.0,0.603,800.0,353.509333,Valley,Main_0_2399
772,RegionC,445.54,0.0,0.5718,800.0,385.475667,Valley,Main_0_2399
772,RegionD,285.95,223.04,0.4367,800.0,396.751667,Valley,Main_0_2399
772,RegionE,252.7,197.11,0.2287,800.0,376.44,Valley,Main_0_2399
772,RegionF,266.0,207.48,0.2703,800.0,419.116,Valley,Main_0_2399
773,RegionA,478.56,0.0,0.6338,877.65,361.786667,Valley,Main_0_2399
773,RegionB,458.62,0.0,0.5929,877.65,358.756,Valley,Main_0_2399
773,RegionC,445.33,0.0,0.5622,877.65,381.74,Valley,Main_0_2399
773,RegionD,285.81,222.93,0.4293,877.65,389.28,Valley,Main_0_2399
773,RegionE,252.57,197.0,0.2249,877.65,433.756,Valley,Main_0_2399
773,RegionF,265.87,207.38,0.2658,877.65,461.311667,Valley,Main_0_2399
774,RegionA,478.33,0.0,0.6212,950.0,367.423333,Valley,Main_0_2399
774,RegionB,458.4,0.0,0.5812,950.0,352.141333,Valley,Main_0_2399
774,RegionC,445.12,0.0,0.5511,950.0,380.48,Valley,Main_0_2399
774,RegionD,285.67,222.82,0.4208,950.0,408.386667,Valley,Main_0_2399
774,RegionE,252.45,196.91,0.2204,950.0,386.932,Valley,Main_0_2399
774,RegionF,265.74,207.28,0.2605,950.0,450.124,Valley,Main_0_2399
775,RegionA,735.56,0.0,0.6079,1012.13,382.02,Flat,Main_0_2399
775,RegionB,704.91,0.0,0.5687,1012.13,355.918667,Flat,Main_0_2399
775,RegionC,684.48,0.0,0.5392,1012.13,382.002667,Flat,Main_0_2399
775,RegionD,439.29,342.65,0.4118,1012.13,359.481333,Flat,Main_0_2399
775,RegionE,388.21,302.8,0.2157,1012.13,397.59,Flat,Main_0_2399
775,RegionF,408.64,318.74,0.2549,1012.13,442.64,Flat,Main_0_2399
776,RegionA,735.23,0.0,0.5945,1059.81,395.24,Flat,Main_0_2399
776,RegionB,704.59,0.0,0.5562,1059.81,346.130333,Flat,Main_0_2399
776,RegionC,684.17,0.0,0.5274,1059.81,383.264,Flat,Main_0_2399
776,RegionD,439.09,342.49,0.4027,1059.81,343.953333,Flat,Main_0_2399
776,RegionE,388.04,302.67,0.211,1059.81,414.790667,Flat,Main_0_2399
776,RegionF,408.46,318.6,0.2493,1059.81,423.58,Flat,Main_0_2399
777,RegionA,734.91,0.0,0.582,1089.78,395.382667,Flat,Main_0_2399
777,RegionB,704.28,0.0,0.5445,1089.78,358.540667,Flat,Main_0_2399
777,RegionC,683.87,0.0,0.5163,1089.78,363.301333,Flat,Main_0_2399
777,RegionD,438.9,342.34,0.3943,1089.78,385.793667,Flat,Main_0_2399
777,RegionE,387.87,302.54,0.2065,1089.78,415.297,Flat,Main_0_2399
777,RegionF,408.28,318.46,0.2441,1089.78,411.269333,Flat,Main_0_2399
778,RegionA,734.6,0.0,0.5713,1100.0,383.69,Flat,Main_0_2399
778,RegionB,703.99,0.0,0.5344,1100.0,356.754667,Flat,Main_0_2399
778,RegionC,683.58,0.0,0.5068,1100.0,364.768333,Flat,Main_0_2399
778,RegionD,438.72,342.2,0.387,1100.0,353.813333,Flat,Main_0_2399
778,RegionE,387.7,302.41,0.2027,1100.0,369.837333,Flat,Main_0_2399
778,RegionF,408.11,318.33,0.2396,1100.0,346.97,Flat,Main_0_2399
779,RegionA,734.3,0.0,0.5629,1089.78,384.113333,Flat,Main_0_2399
779,RegionB,703.7,0.0,0.5266,1089.78,348.107667,Flat,Main_0_2399
779,RegionC,683.3,0.0,0.4994,1089.78,342.396,Flat,Main_0_2399
779,RegionD,438.54,342.06,0.3814,1089.78,340.937333,Flat,Main_0_2399
779,RegionE,387.55,302.29,0.1998,1089.78,325.578667,Flat,Main_0_2399
779,RegionF,407.94,318.19,0.2361,1089.78,317.614667,Flat,Main_0_2399
780,RegionA,734.01,0.0,0.5575,1059.81,326.881,Flat,Main_0_2399
780,RegionB,703.43,0.0,0.5216,1059.81,310.743,Flat,Main_0_2399
780,RegionC,683.04,0.0,0.4946,1059.81,332.230667,Flat,Main_0_2399
780,RegionD,438.37,341.93,0.3777,1059.81,319.099333,Flat,Main_0_2399
780,RegionE,387.39,302.16,0.1978,1059.81,277.881333,Flat,Main_0_2399
780,RegionF,407.78,318.07,0.2338,1059.81,223.596667,Flat,Main_0_2399
781,RegionA,733.73,0.0,0.5554,1012.13,302.36,Flat,Main_0_2399
781,RegionB,703.16,0.0,0.5196,1012.13,308.028667,Flat,Main_0_2399
781,RegionC,682.78,0.0,0.4927,1012.13,325.054667,Flat,Main_0_2399
781,RegionD,438.2,341.8,0.3763,1012.13,290.585,Flat,Main_0_2399
781,RegionE,387.25,302.06,0.1971,1012.13,276.156667,Flat,Main_0_2399
781,RegionF,407.63,317.95,0.2329,1012.13,261.688,Flat,Main_0_2399
782,RegionA,733.47,0.0,0.5567,950.0,301.339333,Flat,Main_0_2399
782,RegionB,702.91,0.0,0.5208,950.0,288.066667,Flat,Main_0_2399
782,RegionC,682.53,0.0,0.4939,950.0,290.720333,Flat,Main_0_2399
782,RegionD,438.04,341.67,0.3771,950.0,249.564,Flat,Main_0_2399
782,RegionE,387.11,301.95,0.1975,950.0,247.084333,Flat,Main_0_2399
782,RegionF,407.48,317.83,0.2335,950.0,225.554333,Flat,Main_0_2399
783,RegionA,733.22,0.0,0.5613,877.65,275.522667,Flat,Main_0_2399
783,RegionB,702.67,0.0,0.5251,877.65,261.888667,Flat,Main_0_2399
783,RegionC,682.3,0.0,0.4979,877.65,250.512667,Flat,Main_0_2399
783,RegionD,437.89,341.55,0.3802,877.65,187.175667,Flat,Main_0_2399
783,RegionE,386.98,301.84,0.1992,877.65,221.627333,Flat,Main_0_2399
783,RegionF,407.34,317.73,0.2354,877.65,240.292333,Flat,Main_0_2399
784,RegionA,732.98,0.0,0.5688,800.0,235.915,Flat,Main_0_2399
784,RegionB,702.44,0.0,0.5321,800.0,221.258667,Flat,Main_0_2399
784,RegionC,682.08,0.0,0.5046,800.0,228.749,Flat,Main_0_2399
784,RegionD,437.75,341.44,0.3853,800.0,142.01,Flat,Main_0_2399
784,RegionE,386.85,301.74,0.2018,800.0,194.24,Flat,Main_0_2399
784,RegionF,407.21,317.62,0.2385,800.0,198.639333,Flat,Main_0_2399
785,RegionA,1062.49,0.0,0.5788,722.35,186.55,Peak,Main_0_2399
785,RegionB,1018.22,0.0,0.5414,722.35,175.218667,Peak,Main_0_2399
785,RegionC,988.71,0.0,0.5134,722.35,194.794667,Peak,Main_0_2399
785,RegionD,634.54,494.94,0.3921,722.35,132.460667,Peak,Main_0_2399
785,RegionE,560.76,437.39,0.2054,722.35,177.429333,Peak,Main_0_2399
785,RegionF,590.27,460.41,0.2427,722.35,153.54,Peak,Main_0_2399
786,RegionA,1062.18,0.0,0.5904,650.0,228.876667,Peak,Main_0_2399
786,RegionB,1017.93,0.0,0.5523,650.0,218.504,Peak,Main_0_2399
786,RegionC,988.42,0.0,0.5237,650.0,220.130667,Peak,Main_0_2399
786,RegionD,634.36,494.8,0.4,650.0,169.160667,Peak,Main_0_2399
786,RegionE,560.6,437.27,0.2095,650.0,118.07,Peak,Main_0_2399
786,RegionF,590.1,460.28,0.2476,650.0,128.504,Peak,Main_0_2399
787,RegionA,1061.89,0.0,0.603,587.87,217.526,Peak,Main_0_2399
787,RegionB,1017.65,0.0,0.5641,587.87,230.153333,Peak,Main_0_2399
787,RegionC,988.15,0.0,0.5349,587.87,238.463333,Peak,Main_0_2399
787,RegionD,634.19,494.67,0.4085,587.87,140.567,Peak,Main_0_2399
787,RegionE,560.44,437.14,0.214,587.87,98.17,Peak,Main_0_2399
787,RegionF,589.94,460.15,0.2529,587.87,154.277333,Peak,Main_0_2399
788,RegionA,1061.63,0.0,0.6155,540.19,230.274667,Peak,Main_0_2399
788,RegionB,1017.39,0.0,0.5758,540.19,234.203333,Peak,Main_0_2399
788,RegionC,987.9,0.0,0.546,540.19,210.848,Peak,Main_0_2399
788,RegionD,634.03,494.54,0.417,540.19,91.25,Peak,Main_0_2399
788,RegionE,560.3,437.03,0.2184,540.19,151.222,Peak,Main_0_2399
788,RegionF,589.79,460.04,0.2581,540.19,161.76,Peak,Main_0_2399
789,RegionA,1061.38,0.0,0.6272,510.22,237.16,Peak,Main_0_2399
789,RegionB,1017.15,0.0,0.5868,510.22,254.711,Peak,Main_0_2399
789,RegionC,987.67,0.0,0.5564,510.22,289.572,Peak,Main_0_2399
789,RegionD,633.88,494.43,0.4249,510.22,113.79,Peak,Main_0_2399
789,RegionE,560.17,436.93,0.2226,510.22,209.892667,Peak,Main_0_2399
789,RegionF,589.65,459.93,0.263,510.22,171.406333,Peak,Main_0_2399
790,RegionA,658.64,0.0,0.6373,500.0,246.124,Flat,Main_0_2399
790,RegionB,631.2,0.0,0.5962,500.0,263.378667,Flat,Main_0_2399
790,RegionC,612.9,0.0,0.5653,500.0,278.942667,Flat,Main_0_2399
790,RegionD,393.36,306.82,0.4317,500.0,156.328333,Flat,Main_0_2399
790,RegionE,347.62,271.14,0.2261,500.0,236.390667,Flat,Main_0_2399
790,RegionF,365.91,285.41,0.2673,500.0,203.469333,Flat,Main_0_2399
791,RegionA,658.51,0.0,0.645,510.22,295.543333,Flat,Main_0_2399
791,RegionB,631.08,0.0,0.6034,510.22,324.012,Flat,Main_0_2399
791,RegionC,612.78,0.0,0.5722,510.22,302.906333,Flat,Main_0_2399
791,RegionD,393.28,306.76,0.4369,510.22,209.015333,Flat,Main_0_2399
791,RegionE,347.55,271.09,0.2289,510.22,231.178333,Flat,Main_0_2399
791,RegionF,365.84,285.36,0.2705,510.22,221.953333,Flat,Main_0_2399
792,RegionA,475.51,0.0,0.6498,540.19,328.023,Valley,Main_0_2399
792,RegionB,455.7,0.0,0.6079,540.19,332.336667,Valley,Main_0_2399
792,RegionC,442.49,0.0,0.5764,540.19,357.742667,Valley,Main_0_2399
792,RegionD,283.99,221.51,0.4402,540.19,240.641,Valley,Main_0_2399
792,RegionE,250.96,195.75,0.2306,540.19,295.219333,Valley,Main_0_2399
792,RegionF,264.17,206.05,0.2725,540.19,256.670667,Valley,Main_0_2399
793,RegionA,475.44,0.0,0.6513,587.87,352.235333,Valley,Main_0_2399
793,RegionB,455.63,0.0,0.6093,587.87,371.362667,Valley,Main_0_2399
793,RegionC,442.42,0.0,0.5778,587.87,354.128667,Valley,Main_0_2399
793,RegionD,283.94,221.47,0.4412,587.87,321.232667,Valley,Main_0_2399
793,RegionE,250.92,195.72,0.2311,587.87,307.659,Valley,Main_0_2399
793,RegionF,264.13,206.02,0.2731,587.87,284.798667,Valley,Main_0_2399
794,RegionA,475.37,0.0,0.6495,650.0,391.488,Valley,Main_0_2399
794,RegionB,455.56,0.0,0.6076,650.0,381.636,Valley,Main_0_2399
794,RegionC,442.36,0.0,0.5762,650.0,375.172,Valley,Main_0_2399
794,RegionD,283.9,221.44,0.44,650.0,309.76,Valley,Main_0_2399
794,RegionE,250.89,195.69,0.2305,650.0,361.892333,Valley,Main_0_2399
794,RegionF,264.09,205.99,0.2724,650.0,350.958667,Valley,Main_0_2399
795,RegionA,475.32,0.0,0.6445,722.35,388.632,Valley,Main_0_2399
795,RegionB,455.51,0.0,0.6029,722.35,384.635667,Valley,Main_0_2399
795,RegionC,442.31,0.0,0.5717,722.35,363.304667,Valley,Main_0_2399
795,RegionD,283.87,221.42,0.4366,722.35,316.013333,Valley,Main_0_2399
795,RegionE,250.86,195.67,0.2287,722.35,415.81,Valley,Main_0_2399
795,RegionF,264.06,205.97,0.2703,722.35,371.594667,Valley,Main_0_2399
796,RegionA,475.27,0.0,0.6365,800.0,387.183333,Valley,Main_0_2399
796,RegionB,455.47,0.0,0.5955,800.0,387.153333,Valley,Main_0_2399
796,RegionC,442.27,0.0,0.5647,800.0,361.96,Valley,Main_0_2399
796,RegionD,283.84,221.4,0.4312,800.0,366.902333,Valley,Main_0_2399
796,RegionE,250.84,195.66,0.2259,800.0,391.862667,Valley,Main_0_2399
796,RegionF,264.04,205.95,0.2669,800.0,388.176,Valley,Main_0_2399
797,RegionA,475.23,0.0,0.6262,877.65,390.646667,Valley,Main_0_2399
797,RegionB,455.43,0.0,0.5858,877.65,383.262667,Valley,Main_0_2399
797,RegionC,442.23,0.0,0.5555,877.65,379.806,Valley,Main_0_2399
797,RegionD,283.82,221.38,0.4242,877.65,376.616667,Valley,Main_0_2399
797,RegionE,250.82,195.64,0.2222,877.65,425.891333,Valley,Main_0_2399
797,RegionF,264.02,205.94,0.2626,877.65,406.375333,Valley,Main_0_2399
798,RegionA,475.21,0.0,0.6142,950.0,388.793667,Valley,Main_0_2399
798,RegionB,455.41,0.0,0.5746,950.0,383.73,Valley,Main_0_2399
798,RegionC,442.21,0.0,0.5449,950.0,384.056,Valley,Main_0_2399
798,RegionD,283.8,221.36,0.4161,950.0,314.59,Valley,Main_0_2399
798,RegionE,250.8,195.62,0.218,950.0,421.861333,Valley,Main_0_2399
798,RegionF,264.0,205.92,0.2576,950.0,439.461,Valley,Main_0_2399
799,RegionA,731.06,0.0,0.6014,1012.13,393.641333,Flat,Main_0_2399
799,RegionB,700.6,0.0,0.5626,1012.13,383.001,Flat,Main_0_2399
799,RegionC,680.3,0.0,0.5335,1012.13,384.289333,Flat,Main_0_2399
799,RegionD,436.61,340.56,0.4074,1012.13,324.075667,Flat,Main_0_2399
799,RegionE,385.84,300.96,0.2134,1012.13,419.157333,Flat,Main_0_2399
799,RegionF,406.15,316.8,0.2522,1012.13,426.01,Flat,Main_0_2399
800,RegionA,731.05,0.0,0.5886,1059.81,392.334667,Flat,Main_0_2399
800,RegionB,700.59,0.0,0.5506,1059.81,385.152,Flat,Main_0_2399
800,RegionC,680.29,0.0,0.5222,1059.81,381.353333,Flat,Main_0_2399
800,RegionD,436.6,340.55,0.3987,1059.81,334.969,Flat,Main_0_2399
800,RegionE,385.83,300.95,0.2089,1059.81,396.703,Flat,Main_0_2399
800,RegionF,406.14,316.79,0.2468,1059.81,409.717,Flat,Main_0_2399
801,RegionA,731.06,0.0,0.5767,1089.78,392.460333,Flat,Main_0_2399
801,RegionB,700.6,0.0,0.5395,1089.78,385.12,Flat,Main_0_2399
801,RegionC,680.29,0.0,0.5116,1089.78,382.284667,Flat,Main_0_2399
801,RegionD,436.6,340.55,0.3907,1089.78,289.882,Flat,Main_0_2399
801,RegionE,385.84,300.96,0.2046,1089.78,369.11,Flat,Main_0_2399
801,RegionF,406.14,316.79,0.2418,1089.78,391.837333,Flat,Main_0_2399
802,RegionA,731.08,0.0,0.5665,1100.0,389.796667,Flat,Main_0_2399
802,RegionB,700.62,0.0,0.53,1100.0,381.128667,Flat,Main_0_2399
802,RegionC,680.31,0.0,0.5026,1100.0,384.74,Flat,Main_0_2399
802,RegionD,436.62,340.56,0.3838,1100.0,277.381333,Flat,Main_0_2399
802,RegionE,385.85,300.96,0.201,1100.0,333.61,Flat,Main_0_2399
802,RegionF,406.15,316.8,0.2376,1100.0,365.932,Flat,Main_0_2399
803,RegionA,731.11,0.0,0.5588,1089.78,358.207333,Flat,Main_0_2399
803,RegionB,700.65,0.0,0.5227,1089.78,349.030667,Flat,Main_0_2399
803,RegionC,680.34,0.0,0.4957,1089.78,384.872,Flat,Main_0_2399
803,RegionD,436.64,340.58,0.3785,1089.78,286.986667,Flat,Main_0_2399
803,RegionE,385.86,300.97,0.1983,1089.78,347.591333,Flat,Main_0_2399
803,RegionF,406.17,316.81,0.2343,1089.78,360.7,Flat,Main_0_2399
804,RegionA,731.16,0.0,0.554,1059.81,324.665,Flat,Main_0_2399
804,RegionB,700.7,0.0,0.5182,1059.81,341.908333,Flat,Main_0_2399
804,RegionC,680.39,0.0,0.4914,1059.81,363.23,Flat,Main_0_2399
804,RegionD,436.67,340.6,0.3753,1059.81,255.686,Flat,Main_0_2399
804,RegionE,385.89,300.99,0.1966,1059.81,316.76,Flat,Main_0_2399
804,RegionF,406.2,316.84,0.2323,1059.81,309.91,Flat,Main_0_2399
805,RegionA,731.23,0.0,0.5524,1012.13,310.637,Flat,Main_0_2399
805,RegionB,700.76,0.0,0.5168,1012.13,341.835667,Flat,Main_0_2399
805,RegionC,680.45,0.0,0.4901,1012.13,320.340667,Flat,Main_0_2399
805,RegionD,436.7,340.63,0.3742,1012.13,260.158667,Flat,Main_0_2399
805,RegionE,385.92,301.02,0.196,1012.13,290.681,Flat,Main_0_2399
805,RegionF,406.24,316.87,0.2317,1012.13,287.791333,Flat,Main_0_2399
806,RegionA,731.3,0.0,0.5543,950.0,277.975,Flat,Main_0_2399
806,RegionB,700.83,0.0,0.5186,950.0,316.497667,Flat,Main_0_2399
806,RegionC,680.52,0.0,0.4917,950.0,258.21,Flat,Main_0_2399
806,RegionD,436.75,340.67,0.3755,950.0,262.764667,Flat,Main_0_2399
806,RegionE,385.97,301.06,0.1967,950.0,273.612667,Flat,Main_0_2399
806,RegionF,406.28,316.9,0.2325,950.0,285.017333,Flat,Main_0_2399
807,RegionA,731.4,0.0,0.5595,877.65,269.378,Flat,Main_0_2399
807,RegionB,700.92,0.0,0.5234,877.65,263.813333,Flat,Main_0_2399
807,RegionC,680.6,0.0,0.4963,877.65,235.717333,Flat,Main_0_2399
807,RegionD,436.81,340.71,0.379,877.65,232.013333,Flat,Main_0_2399
807,RegionE,386.01,301.09,0.1985,877.65,273.532,Flat,Main_0_2399
807,RegionF,406.33,316.94,0.2346,877.65,223.818333,Flat,Main_0_2399
808,RegionA,731.5,0.0,0.5676,800.0,218.599333,Flat,Main_0_2399
808,RegionB,701.02,0.0,0.531,800.0,234.604,Flat,Main_0_2399
808,RegionC,680.7,0.0,0.5035,800.0,210.525333,Flat,Main_0_2399
808,RegionD,436.87,340.76,0.3845,800.0,224.462,Flat,Main_0_2399
808,RegionE,386.07,301.13,0.2014,800.0,208.132333,Flat,Main_0_2399
808,RegionF,406.39,316.98,0.238,800.0,197.174667,Flat,Main_0_2399
809,RegionA,1060.85,0.0,0.5782,722.35,228.684,Peak,Main_0_2399
809,RegionB,1016.65,0.0,0.5409,722.35,211.442333,Peak,Main_0_2399
809,RegionC,987.18,0.0,0.5129,722.35,205.277,Peak,Main_0_2399
809,RegionD,633.56,494.18,0.3917,722.35,198.478333,Peak,Main_0_2399
809,RegionE,559.89,436.71,0.2052,722.35,179.780667,Peak,Main_0_2399
809,RegionF,589.36,459.7,0.2425,722.35,187.628667,Peak,Main_0_2399
810,RegionA,1061.05,0.0,0.5904,650.0,221.572667,Peak,Main_0_2399
810,RegionB,1016.84,0.0,0.5523,650.0,225.736333,Peak,Main_0_2399
810,RegionC,987.36,0.0,0.5237,650.0,214.405,Peak,Main_0_2399
810,RegionD,633.68,494.27,0.4,650.0,163.882667,Peak,Main_0_2399
810,RegionE,560.0,436.8,0.2095,650.0,130.63,Peak,Main_0_2399
810,RegionF,589.47,459.79,0.2476,650.0,181.771333,Peak,Main_0_2399
811,RegionA,1061.26,0.0,0.6036,587.87,216.664667,Peak,Main_0_2399
811,RegionB,1017.04,0.0,0.5646,587.87,205.758,Peak,Main_0_2399
811,RegionC,987.56,0.0,0.5354,587.87,220.178667,Peak,Main_0_2399
811,RegionD,633.81,494.37,0.4089,587.87,162.41,Peak,Main_0_2399
811,RegionE,560.11,436.89,0.2142,587.87,181.833333,Peak,Main_0_2399
811,RegionF,589.59,459.88,0.2531,587.87,210.475333,Peak,Main_0_2399
812,RegionA,1061.49,0.0,0.6167,540.19,223.001667,Peak,Main_0_2399
812,RegionB,1017.26,0.0,0.5769,540.19,213.596,Peak,Main_0_2399
812,RegionC,987.78,0.0,0.5471,540.19,239.171333,Peak,Main_0_2399
812,RegionD,633.95,494.48,0.4178,540.19,151.187333,Peak,Main_0_2399
812,RegionE,560.23,436.98,0.2188,540.19,158.29,Peak,Main_0_2399
812,RegionF,589.72,459.98,0.2586,540.19,170.610667,Peak,Main_0_2399
813,RegionA,1061.74,0.0,0.6291,510.22,268.572333,Peak,Main_0_2399
813,RegionB,1017.51,0.0,0.5885,510.22,240.590667,Peak,Main_0_2399
813,RegionC,988.01,0.0,0.558,510.22,262.176333,Peak,Main_0_2399
813,RegionD,634.1,494.6,0.4261,510.22,194.223333,Peak,Main_0_2399
813,RegionE,560.37,437.09,0.2232,510.22,159.906333,Peak,Main_0_2399
813,RegionF,589.86,460.09,0.2638,510.22,149.346,Peak,Main_0_2399
814,RegionA,659.18,0.0,0.6397,500.0,295.596667,Flat,Main_0_2399
814,RegionB,631.72,0.0,0.5984,500.0,244.001333,Flat,Main_0_2399
814,RegionC,613.41,0.0,0.5675,500.0,261.88,Flat,Main_0_2399
814,RegionD,393.68,307.07,0.4333,500.0,193.168667,Flat,Main_0_2399
814,RegionE,347.9,271.36,0.227,500.0,202.668,Flat,Main_0_2399
814,RegionF,366.21,285.64,0.2683,500.0,189.45,Flat,Main_0_2399
815,RegionA,659.36,0.0,0.648,510.22,293.929333,Flat,Main_0_2399
815,RegionB,631.89,0.0,0.6062,510.22,286.189333,Flat,Main_0_2399
815,RegionC,613.57,0.0,0.5748,510.22,276.9,Flat,Main_0_2399
815,RegionD,393.78,307.15,0.439,510.22,226.786,Flat,Main_0_2399
815,RegionE,348.0,271.44,0.2299,510.22,267.613333,Flat,Main_0_2399
815,RegionF,366.31,285.72,0.2717,510.22,226.844,Flat,Main_0_2399
816,RegionA,476.34,0.0,0.6534,540.19,338.733333,Valley,Main_0_2399
816,RegionB,456.49,0.0,0.6112,540.19,321.305333,Valley,Main_0_2399
816,RegionC,443.26,0.0,0.5796,540.19,345.89,Valley,Main_0_2399
816,RegionD,284.48,221.89,0.4426,540.19,317.162667,Valley,Main_0_2399
816,RegionE,251.4,196.09,0.2318,540.19,314.368667,Valley,Main_0_2399
816,RegionF,264.63,206.41,0.274,540.19,275.448,Valley,Main_0_2399
817,RegionA,476.49,0.0,0.6555,587.87,351.484667,Valley,Main_0_2399
817,RegionB,456.63,0.0,0.6132,587.87,338.748667,Valley,Main_0_2399
817,RegionC,443.4,0.0,0.5815,587.87,368.536,Valley,Main_0_2399
817,RegionD,284.57,221.96,0.444,587.87,331.097333,Valley,Main_0_2399
817,RegionE,251.48,196.15,0.2326,587.87,340.992,Valley,Main_0_2399
817,RegionF,264.71,206.47,0.2749,587.87,332.27,Valley,Main_0_2399
818,RegionA,476.64,0.0,0.6543,650.0,392.392,Valley,Main_0_2399
818,RegionB,456.78,0.0,0.6121,650.0,360.413333,Valley,Main_0_2399
818,RegionC,443.54,0.0,0.5804,650.0,380.448,Valley,Main_0_2399
818,RegionD,284.66,222.03,0.4432,650.0,296.463333,Valley,Main_0_2399
818,RegionE,251.56,196.22,0.2322,650.0,389.145,Valley,Main_0_2399
818,RegionF,264.8,206.54,0.2744,650.0,321.514,Valley,Main_0_2399
819,RegionA,476.8,0.0,0.6498,722.35,384.993333,Valley,Main_0_2399
819,RegionB,456.93,0.0,0.6079,722.35,345.677,Valley,Main_0_2399
819,RegionC,443.69,0.0,0.5764,722.35,368.881,Valley,Main_0_2399
819,RegionD,284.75,222.11,0.4402,722.35,260.628333,Valley,Main_0_2399
819,RegionE,251.64,196.28,0.2306,722.35,357.256667,Valley,Main_0_2399
819,RegionF,264.89,206.61,0.2725,722.35,369.669667,Valley,Main_0_2399
820,RegionA,476.96,0.0,0.6424,800.0,383.48,Valley,Main_0_2399
820,RegionB,457.09,0.0,0.601,800.0,344.296333,Valley,Main_0_2399
820,RegionC,443.84,0.0,0.5699,800.0,380.520333,Valley,Main_0_2399
820,RegionD,284.85,222.18,0.4352,800.0,295.968,Valley,Main_0_2399
820,RegionE,251.73,196.35,0.228,800.0,323.502,Valley,Main_0_2399
820,RegionF,264.98,206.68,0.2694,800.0,387.044667,Valley,Main_0_2399
821,RegionA,477.13,0.0,0.6327,877.65,384.824,Valley,Main_0_2399
821,RegionB,457.25,0.0,0.5919,877.65,347.545,Valley,Main_0_2399
821,RegionC,444.0,0.0,0.5612,877.65,381.78,Valley,Main_0_2399
821,RegionD,284.96,222.27,0.4286,877.65,345.862667,Valley,Main_0_2399
821,RegionE,251.82,196.42,0.2245,877.65,379.645,Valley,Main_0_2399
821,RegionF,265.07,206.75,0.2653,877.65,440.81,Valley,Main_0_2399
822,RegionA,477.31,0.0,0.6212,950.0,388.963667,Valley,Main_0_2399
822,RegionB,457.43,0.0,0.5812,950.0,340.201333,Valley,Main_0_2399
822,RegionC,444.17,0.0,0.5511,950.0,372.152333,Valley,Main_0_2399
822,RegionD,285.06,222.35,0.4208,950.0,380.922,Valley,Main_0_2399
822,RegionE,251.92,196.5,0.2204,950.0,380.334667,Valley,Main_0_2399
822,RegionF,265.17,206.83,0.2605,950.0,457.097333,Valley,Main_0_2399
823,RegionA,734.61,0.0,0.609,1012.13,388.534667,Flat,Main_0_2399
823,RegionB,704.0,0.0,0.5697,1012.13,343.111333,Flat,Main_0_2399
823,RegionC,683.6,0.0,0.5402,1012.13,363.356,Flat,Main_0_2399
823,RegionD,438.73,342.21,0.4125,1012.13,383.859333,Flat,Main_0_2399
823,RegionE,387.71,302.41,0.2161,1012.13,410.666,Flat,Main_0_2399
823,RegionF,408.12,318.33,0.2554,1012.13,439.508333,Flat,Main_0_2399
824,RegionA,734.91,0.0,0.5967,1059.81,367.876,Flat,Main_0_2399
824,RegionB,704.28,0.0,0.5582,1059.81,357.990333,Flat,Main_0_2399
824,RegionC,683.87,0.0,0.5293,1059.81,374.356,Flat,Main_0_2399
824,RegionD,438.9,342.34,0.4042,1059.81,444.322,Flat,Main_0_2399
824,RegionE,387.87,302.54,0.2117,1059.81,382.004667,Flat,Main_0_2399
824,RegionF,408.28,318.46,0.2502,1059.81,414.077333,Flat,Main_0_2399
825,RegionA,735.21,0.0,0.5853,1089.78,395.251667,Flat,Main_0_2399
825,RegionB,704.57,0.0,0.5475,1089.78,368.181333,Flat,Main_0_2399
825,RegionC,684.15,0.0,0.5192,1089.78,374.065,Flat,Main_0_2399
825,RegionD,439.08,342.48,0.3965,1089.78,412.847333,Flat,Main_0_2399
825,RegionE,388.03,302.66,0.2077,1089.78,365.083333,Flat,Main_0_2399
825,RegionF,408.45,318.59,0.2455,1089.78,384.469333,Flat,Main_0_2399
826,RegionA,735.52,0.0,0.5756,1100.0,385.314667,Flat,Main_0_2399
826,RegionB,704.87,0.0,0.5385,1100.0,369.708,Flat,Main_0_2399
826,RegionC,684.44,0.0,0.5106,1100.0,380.418667,Flat,Main_0_2399
826,RegionD,439.27,342.63,0.3899,1100.0,365.398667,Flat,Main_0_2399
826,RegionE,388.19,302.79,0.2043,1100.0,346.042667,Flat,Main_0_2399
826,RegionF,408.62,318.72,0.2414,1100.0,346.244,Flat,Main_0_2399
827,RegionA,735.83,0.0,0.5684,1089.78,344.88,Flat,Main_0_2399
827,RegionB,705.17,0.0,0.5317,1089.78,357.33,Flat,Main_0_2399
827,RegionC,684.73,0.0,0.5042,1089.78,383.616333,Flat,Main_0_2399
827,RegionD,439.46,342.78,0.385,1089.78,370.075333,Flat,Main_0_2399
827,RegionE,388.36,302.92,0.2017,1089.78,287.142667,Flat,Main_0_2399
827,RegionF,408.8,318.86,0.2383,1089.78,332.13,Flat,Main_0_2399
828,RegionA,736.16,0.0,0.564,1059.81,326.737333,Flat,Main_0_2399
828,RegionB,705.48,0.0,0.5276,1059.81,330.908667,Flat,Main_0_2399
828,RegionC,685.03,0.0,0.5003,1059.81,332.186667,Flat,Main_0_2399
828,RegionD,439.65,342.93,0.3821,1059.81,297.51,Flat,Main_0_2399
828,RegionE,388.53,303.05,0.2001,1059.81,298.656667,Flat,Main_0_2399
828,RegionF,408.98,319.0,0.2365,1059.81,284.69,Flat,Main_0_2399
829,RegionA,736.49,0.0,0.563,1012.13,296.577333,Flat,Main_0_2399
829,RegionB,705.8,0.0,0.5266,1012.13,313.445,Flat,Main_0_2399
829,RegionC,685.34,0.0,0.4994,1012.13,303.730667,Flat,Main_0_2399
829,RegionD,439.85,343.08,0.3814,1012.13,219.413667,Flat,Main_0_2399
829,RegionE,388.7,303.19,0.1998,1012.13,300.412,Flat,Main_0_2399
829,RegionF,409.16,319.14,0.2361,1012.13,282.026,Flat,Main_0_2399
830,RegionA,736.82,0.0,0.5653,950.0,286.842667,Flat,Main_0_2399
830,RegionB,706.12,0.0,0.5288,950.0,294.148667,Flat,Main_0_2399
830,RegionC,685.65,0.0,0.5015,950.0,296.203333,Flat,Main_0_2399
830,RegionD,440.05,343.24,0.3829,950.0,236.834333,Flat,Main_0_2399
830,RegionE,388.88,303.33,0.2006,950.0,207.817333,Flat,Main_0_2399
830,RegionF,409.35,319.29,0.2371,950.0,280.995667,Flat,Main_0_2399
831,RegionA,737.16,0.0,0.5709,877.65,241.657,Flat,Main_0_2399
831,RegionB,706.45,0.0,0.5341,877.65,256.466333,Flat,Main_0_2399
831,RegionC,685.97,0.0,0.5064,877.65,250.765,Flat,Main_0_2399
831,RegionD,440.25,343.4,0.3867,877.65,206.598667,Flat,Main_0_2399
831,RegionE,389.06,303.47,0.2026,877.65,146.943,Flat,Main_0_2399
831,RegionF,409.54,319.44,0.2394,877.65,253.904,Flat,Main_0_2399
832,RegionA,737.51,0.0,0.5794,800.0,255.767333,Flat,Main_0_2399
832,RegionB,706.78,0.0,0.5421,800.0,226.057667,Flat,Main_0_2399
832,RegionC,686.29,0.0,0.514,800.0,211.038333,Flat,Main_0_2399
832,RegionD,440.46,343.56,0.3925,800.0,119.405333,Flat,Main_0_2399
832,RegionE,389.24,303.61,0.2056,800.0,121.42,Flat,Main_0_2399
832,RegionF,409.73,319.59,0.243,800.0,223.431,Flat,Main_0_2399
833,RegionA,1069.9,0.0,0.5904,722.35,219.836667,Peak,Main_0_2399
833,RegionB,1025.32,0.0,0.5523,722.35,207.510667,Peak,Main_0_2399
833,RegionC,995.6,0.0,0.5237,722.35,220.363333,Peak,Main_0_2399
833,RegionD,638.97,498.4,0.3999,722.35,149.423333,Peak,Main_0_2399
833,RegionE,564.67,440.44,0.2095,722.35,155.963333,Peak,Main_0_2399
833,RegionF,594.39,463.62,0.2476,722.35,170.591333,Peak,Main_0_2399
834,RegionA,1070.41,0.0,0.603,650.0,207.74,Peak,Main_0_2399
834,RegionB,1025.81,0.0,0.5641,650.0,214.696667,Peak,Main_0_2399
834,RegionC,996.08,0.0,0.5349,650.0,205.435,Peak,Main_0_2399
834,RegionD,639.27,498.63,0.4085,650.0,107.507333,Peak,Main_0_2399
834,RegionE,564.94,440.65,0.214,650.0,159.855,Peak,Main_0_2399
834,RegionF,594.67,463.84,0.2529,650.0,169.696667,Peak,Main_0_2399
835,RegionA,1070.93,0.0,0.6165,587.87,220.776,Peak,Main_0_2399
835,RegionB,1026.31,0.0,0.5768,587.87,218.868333,Peak,Main_0_2399
835,RegionC,996.56,0.0,0.5469,587.87,241.156667,Peak,Main_0_2399
835,RegionD,639.58,498.87,0.4177,587.87,141.916,Peak,Main_0_2399
835,RegionE,565.21,440.86,0.2188,587.87,156.123333,Peak,Main_0_2399
835,RegionF,594.96,464.07,0.2585,587.87,151.564667,Peak,Main_0_2399
836,RegionA,1071.45,0.0,0.6301,540.19,209.517,Peak,Main_0_2399
836,RegionB,1026.81,0.0,0.5894,540.19,234.828,Peak,Main_0_2399
836,RegionC,997.04,0.0,0.5589,540.19,237.161667,Peak,Main_0_2399
836,RegionD,639.89,499.11,0.4268,540.19,107.460667,Peak,Main_0_2399
836,RegionE,565.49,441.08,0.2236,540.19,206.43,Peak,Main_0_2399
836,RegionF,595.25,464.3,0.2642,540.19,218.97,Peak,Main_0_2399
837,RegionA,1071.98,0.0,0.6427,510.22,237.022667,Peak,Main_0_2399
837,RegionB,1027.31,0.0,0.6013,510.22,264.558667,Peak,Main_0_2399
837,RegionC,997.53,0.0,0.5702,510.22,267.36,Peak,Main_0_2399
837,RegionD,640.21,499.36,0.4354,510.22,160.504667,Peak,Main_0_2399
837,RegionE,565.77,441.3,0.2281,510.22,194.306,Peak,Main_0_2399
837,RegionF,595.54,464.52,0.2695,510.22,196.834,Peak,Main_0_2399
838,RegionA,665.69,0.0,0.6537,500.0,250.416667,Flat,Main_0_2399
838,RegionB,637.95,0.0,0.6115,500.0,281.138,Flat,Main_0_2399
838,RegionC,619.46,0.0,0.5799,500.0,290.902333,Flat,Main_0_2399
838,RegionD,397.57,310.1,0.4428,500.0,194.462,Flat,Main_0_2399
838,RegionE,351.34,274.05,0.232,500.0,245.039667,Flat,Main_0_2399
838,RegionF,369.83,288.47,0.2741,500.0,198.688667,Flat,Main_0_2399
839,RegionA,666.02,0.0,0.6623,510.22,275.445333,Flat,Main_0_2399
839,RegionB,638.27,0.0,0.6195,510.22,298.126667,Flat,Main_0_2399
839,RegionC,619.77,0.0,0.5875,510.22,331.182667,Flat,Main_0_2399
839,RegionD,397.76,310.25,0.4486,510.22,207.585333,Flat,Main_0_2399
839,RegionE,351.51,274.18,0.235,510.22,268.784,Flat,Main_0_2399
839,RegionF,370.01,288.61,0.2777,510.22,235.535333,Flat,Main_0_2399
840,RegionA,481.25,0.0,0.6679,540.19,313.049667,Valley,Main_0_2399
840,RegionB,461.2,0.0,0.6248,540.19,349.88,Valley,Main_0_2399
840,RegionC,447.83,0.0,0.5925,540.19,337.68,Valley,Main_0_2399
840,RegionD,287.41,224.18,0.4525,540.19,266.979667,Valley,Main_0_2399
840,RegionE,253.99,198.11,0.237,540.19,312.798667,Valley,Main_0_2399
840,RegionF,267.36,208.54,0.2801,540.19,283.663333,Valley,Main_0_2399
841,RegionA,481.49,0.0,0.6703,587.87,306.054,Valley,Main_0_2399
841,RegionB,461.43,0.0,0.6271,587.87,358.366667,Valley,Main_0_2399
841,RegionC,448.05,0.0,0.5946,587.87,357.123667,Valley,Main_0_2399
841,RegionD,287.56,224.3,0.4541,587.87,313.248,Valley,Main_0_2399
841,RegionE,254.12,198.21,0.2378,587.87,321.256667,Valley,Main_0_2399
841,RegionF,267.49,208.64,0.2811,587.87,281.925667,Valley,Main_0_2399
842,RegionA,481.73,0.0,0.6693,650.0,316.705667,Valley,Main_0_2399
842,RegionB,461.65,0.0,0.6261,650.0,390.448,Valley,Main_0_2399
842,RegionC,448.27,0.0,0.5937,650.0,384.442667,Valley,Main_0_2399
842,RegionD,287.7,224.41,0.4534,650.0,334.466667,Valley,Main_0_2399
842,RegionE,254.24,198.31,0.2375,650.0,321.118667,Valley,Main_0_2399
842,RegionF,267.63,208.75,0.2807,650.0,327.050667,Valley,Main_0_2399
843,RegionA,481.96,0.0,0.665,722.35,350.234667,Valley,Main_0_2399
843,RegionB,461.88,0.0,0.6221,722.35,387.774667,Valley,Main_0_2399
843,RegionC,448.49,0.0,0.59,722.35,381.628,Valley,Main_0_2399
843,RegionD,287.84,224.52,0.4505,722.35,363.051667,Valley,Main_0_2399
843,RegionE,254.37,198.41,0.236,722.35,382.304667,Valley,Main_0_2399
843,RegionF,267.76,208.85,0.2789,722.35,316.950667,Valley,Main_0_2399
844,RegionA,482.2,0.0,0.6578,800.0,332.284667,Valley,Main_0_2399
844,RegionB,462.1,0.0,0.6154,800.0,383.048333,Valley,Main_0_2399
844,RegionC,448.71,0.0,0.5836,800.0,381.64,Valley,Main_0_2399
844,RegionD,287.98,224.62,0.4456,800.0,344.658667,Valley,Main_0_2399
844,RegionE,254.49,198.5,0.2334,800.0,397.104667,Valley,Main_0_2399
844,RegionF,267.89,208.95,0.2759,800.0,357.21,Valley,Main_0_2399
845,RegionA,482.43,0.0,0.6483,877.65,337.289,Valley,Main_0_2399
845,RegionB,462.33,0.0,0.6064,877.65,382.164,Valley,Main_0_2399
845,RegionC,448.93,0.0,0.5751,877.65,382.488,Valley,Main_0_2399
845,RegionD,288.12,224.73,0.4391,877.65,364.318,Valley,Main_0_2399
845,RegionE,254.62,198.6,0.23,877.65,418.092,Valley,Main_0_2399
845,RegionF,268.02,209.06,0.2719,877.65,341.006667,Valley,Main_0_2399
846,RegionA,482.66,0.0,0.637,950.0,356.92,Valley,Main_0_2399
846,RegionB,462.55,0.0,0.5959,950.0,383.194667,Valley,Main_0_2399
846,RegionC,449.14,0.0,0.5651,950.0,377.713333,Valley,Main_0_2399
846,RegionD,288.26,224.84,0.4315,950.0,381.9,Valley,Main_0_2399
846,RegionE,254.74,198.7,0.226,950.0,437.686,Valley,Main_0_2399
846,RegionF,268.14,209.15,0.2671,950.0,338.758667,Valley,Main_0_2399
847,RegionA,742.91,0.0,0.6248,1012.13,361.615667,Flat,Main_0_2399
847,RegionB,711.95,0.0,0.5845,1012.13,386.16,Flat,Main_0_2399
847,RegionC,691.32,0.0,0.5543,1012.13,366.222667,Flat,Main_0_2399
847,RegionD,443.68,346.07,0.4233,1012.13,359.398667,Flat,Main_0_2399
847,RegionE,392.09,305.83,0.2217,1012.13,406.812667,Flat,Main_0_2399
847,RegionF,412.73,321.93,0.262,1012.13,344.620667,Flat,Main_0_2399
848,RegionA,743.26,0.0,0.6126,1059.81,371.114667,Flat,Main_0_2399
848,RegionB,712.29,0.0,0.5731,1059.81,386.005333,Flat,Main_0_2399
848,RegionC,691.64,0.0,0.5435,1059.81,371.067333,Flat,Main_0_2399
848,RegionD,443.89,346.23,0.415,1059.81,397.262,Flat,Main_0_2399
848,RegionE,392.27,305.97,0.2174,1059.81,408.28,Flat,Main_0_2399
848,RegionF,412.92,322.08,0.2569,1059.81,337.14,Flat,Main_0_2399
849,RegionA,743.6,0.0,0.6013,1089.78,379.84,Flat,Main_0_2399
849,RegionB,712.62,0.0,0.5625,1089.78,388.532,Flat,Main_0_2399
849,RegionC,691.96,0.0,0.5334,1089.78,366.952333,Flat,Main_0_2399
849,RegionD,444.09,346.39,0.4074,1089.78,355.860333,Flat,Main_0_2399
849,RegionE,392.46,306.12,0.2134,1089.78,387.654,Flat,Main_0_2399
849,RegionF,413.11,322.23,0.2522,1089.78,313.531333,Flat,Main_0_2399
850,RegionA,743.94,0.0,0.5917,1100.0,371.006333,Flat,Main_0_2399
850,RegionB,712.94,0.0,0.5535,1100.0,376.261333,Flat,Main_0_2399
850,RegionC,692.28,0.0,0.5249,1100.0,366.912,Flat,Main_0_2399
850,RegionD,444.3,346.55,0.4008,1100.0,321.452667,Flat,Main_0_2399
850,RegionE,392.63,306.25,0.21,1100.0,372.429,Flat,Main_0_2399
850,RegionF,413.3,322.37,0.2481,1100.0,279.308667,Flat,Main_0_2399
851,RegionA,744.27,0.0,0.5845,1089.78,312.938,Flat,Main_0_2399
851,RegionB,713.26,0.0,0.5468,1089.78,361.98,Flat,Main_0_2399
851,RegionC,692.59,0.0,0.5185,1089.78,356.520667,Flat,Main_0_2399
851,RegionD,444.5,346.71,0.3959,1089.78,272.106333,Flat,Main_0_2399
851,RegionE,392.81,306.39,0.2074,1089.78,326.75,Flat,Main_0_2399
851,RegionF,413.48,322.51,0.2451,1089.78,252.255667,Flat,Main_0_2399
852,RegionA,744.6,0.0,0.5802,1059.81,326.046,Flat,Main_0_2399
852,RegionB,713.57,0.0,0.5427,1059.81,331.619333,Flat,Main_0_2399
852,RegionC,692.89,0.0,0.5147,1059.81,350.506667,Flat,Main_0_2399
852,RegionD,444.69,346.86,0.393,1059.81,236.356667,Flat,Main_0_2399
852,RegionE,392.98,306.52,0.2059,1059.81,279.28,Flat,Main_0_2399
852,RegionF,413.67,322.66,0.2433,1059.81,267.436667,Flat,Main_0_2399
853,RegionA,744.92,0.0,0.5791,1012.13,294.403,Flat,Main_0_2399
853,RegionB,713.88,0.0,0.5417,1012.13,313.053333,Flat,Main_0_2399
853,RegionC,693.19,0.0,0.5137,1012.13,316.175333,Flat,Main_0_2399
853,RegionD,444.88,347.01,0.3923,1012.13,196.816667,Flat,Main_0_2399
853,RegionE,393.15,306.66,0.2055,1012.13,254.346667,Flat,Main_0_2399
853,RegionF,413.84,322.8,0.2428,1012.13,305.025667,Flat,Main_0_2399
854,RegionA,745.23,0.0,0.5814,950.0,290.462333,Flat,Main_0_2399
854,RegionB,714.18,0.0,0.5439,950.0,306.561667,Flat,Main_0_2399
854,RegionC,693.48,0.0,0.5157,950.0,303.108667,Flat,Main_0_2399
854,RegionD,445.07,347.15,0.3938,950.0,219.839333,Flat,Main_0_2399
854,RegionE,393.32,306.79,0.2063,950.0,215.547333,Flat,Main_0_2399
854,RegionF,414.02,322.94,0.2438,950.0,292.418,Flat,Main_0_2399
855,RegionA,745.54,0.0,0.5869,877.65,257.050667,Flat,Main_0_2399
855,RegionB,714.47,0.0,0.5491,877.65,270.579333,Flat,Main_0_2399
855,RegionC,693.76,0.0,0.5207,877.65,265.249,Flat,Main_0_2399
855,RegionD,445.25,347.3,0.3976,877.65,191.790333,Flat,Main_0_2399
855,RegionE,393.48,306.91,0.2083,877.65,221.256667,Flat,Main_0_2399
855,RegionF,414.19,323.07,0.2461,877.65,233.633667,Flat,Main_0_2399
856,RegionA,745.83,0.0,0.5954,800.0,245.762333,Flat,Main_0_2399
856,RegionB,714.76,0.0,0.557,800.0,231.828,Flat,Main_0_2399
856,RegionC,694.04,0.0,0.5282,800.0,255.055333,Flat,Main_0_2399
856,RegionD,445.43,347.44,0.4033,800.0,142.274,Flat,Main_0_2399
856,RegionE,393.63,307.03,0.2113,800.0,201.060667,Flat,Main_0_2399
856,RegionF,414.35,323.19,0.2497,800.0,160.6,Flat,Main_0_2399
857,RegionA,1081.88,0.0,0.6062,722.35,187.51,Peak,Main_0_2399
857,RegionB,1036.8,0.0,0.5671,722.35,194.410667,Peak,Main_0_2399
857,RegionC,1006.75,0.0,0.5378,722.35,208.043333,Peak,Main_0_2399
857,RegionD,646.12,503.97,0.4107,722.35,160.146667,Peak,Main_0_2399
857,RegionE,570.99,445.37,0.2151,722.35,206.53,Peak,Main_0_2399
857,RegionF,601.04,468.81,0.2542,722.35,116.483,Peak,Main_0_2399
858,RegionA,1082.28,0.0,0.6188,650.0,225.804,Peak,Main_0_2399
858,RegionB,1037.19,0.0,0.5788,650.0,211.773333,Peak,Main_0_2399
858,RegionC,1007.12,0.0,0.5489,650.0,230.147333,Peak,Main_0_2399
858,RegionD,646.36,504.16,0.4192,650.0,148.803,Peak,Main_0_2399
858,RegionE,571.2,445.54,0.2196,650.0,190.368333,Peak,Main_0_2399
858,RegionF,601.27,468.99,0.2595,650.0,128.79,Peak,Main_0_2399
859,RegionA,1082.67,0.0,0.6321,587.87,232.29,Peak,Main_0_2399
859,RegionB,1037.56,0.0,0.5913,587.87,162.322,Peak,Main_0_2399
859,RegionC,1007.49,0.0,0.5608,587.87,225.71,Peak,Main_0_2399
859,RegionD,646.6,504.35,0.4282,587.87,201.308333,Peak,Main_0_2399
859,RegionE,571.41,445.7,0.2243,587.87,155.83,Peak,Main_0_2399
859,RegionF,601.48,469.15,0.2651,587.87,100.644667,Peak,Main_0_2399
860,RegionA,1083.05,0.0,0.6455,540.19,217.667333,Peak,Main_0_2399
860,RegionB,1037.92,0.0,0.6038,540.19,199.046,Peak,Main_0_2399
860,RegionC,1007.84,0.0,0.5726,540.19,247.7,Peak,Main_0_2399
860,RegionD,646.82,504.52,0.4373,540.19,192.94,Peak,Main_0_2399
860,RegionE,571.61,445.86,0.229,540.19,166.263333,Peak,Main_0_2399
860,RegionF,601.69,469.32,0.2707,540.19,138.917667,Peak,Main_0_2399
861,RegionA,1083.41,0.0,0.658,510.22,255.796667,Peak,Main_0_2399
861,RegionB,1038.27,0.0,0.6155,510.22,208.064667,Peak,Main_0_2399
861,RegionC,1008.17,0.0,0.5837,510.22,266.631333,Peak,Main_0_2399
861,RegionD,647.04,504.69,0.4457,510.22,169.399333,Peak,Main_0_2399
861,RegionE,571.8,446.0,0.2335,510.22,170.799667,Peak,Main_0_2399
861,RegionF,601.89,469.47,0.2759,510.22,117.064,Peak,Main_0_2399
862,RegionA,672.68,0.0,0.6687,500.0,265.784,Flat,Main_0_2399
862,RegionB,644.65,0.0,0.6256,500.0,266.356667,Flat,Main_0_2399
862,RegionC,625.96,0.0,0.5932,500.0,281.817,Flat,Main_0_2399
862,RegionD,401.74,313.36,0.453,500.0,125.881333,Flat,Main_0_2399
862,RegionE,355.02,276.92,0.2373,500.0,197.16,Flat,Main_0_2399
862,RegionF,373.71,291.49,0.2804,500.0,134.254667,Flat,Main_0_2399
863,RegionA,672.88,0.0,0.6771,510.22,326.402667,Flat,Main_0_2399
863,RegionB,644.84,0.0,0.6334,510.22,304.506667,Flat,Main_0_2399
863,RegionC,626.15,0.0,0.6006,510.22,306.669,Flat,Main_0_2399
863,RegionD,401.86,313.45,0.4586,510.22,126.059333,Flat,Main_0_2399
863,RegionE,355.13,277.0,0.2402,510.22,271.58,Flat,Main_0_2399
863,RegionF,373.82,291.58,0.2839,510.22,181.778667,Flat,Main_0_2399
864,RegionA,486.11,0.0,0.6825,540.19,348.123333,Valley,Main_0_2399
864,RegionB,465.85,0.0,0.6384,540.19,303.469333,Valley,Main_0_2399
864,RegionC,452.35,0.0,0.6054,540.19,362.865667,Valley,Main_0_2399
864,RegionD,290.32,226.45,0.4623,540.19,244.416,Valley,Main_0_2399
864,RegionE,256.56,200.12,0.2422,540.19,278.35,Valley,Main_0_2399
864,RegionF,270.06,210.65,0.2862,540.19,239.651333,Valley,Main_0_2399
865,RegionA,486.24,0.0,0.6846,587.87,392.597,Valley,Main_0_2399
865,RegionB,465.98,0.0,0.6404,587.87,374.174667,Valley,Main_0_2399
865,RegionC,452.48,0.0,0.6073,587.87,362.502,Valley,Main_0_2399
865,RegionD,290.39,226.5,0.4637,587.87,267.296667,Valley,Main_0_2399
865,RegionE,256.63,200.17,0.2429,587.87,311.344,Valley,Main_0_2399
865,RegionF,270.13,210.7,0.2871,587.87,300.449667,Valley,Main_0_2399
866,RegionA,486.37,0.0,0.6833,650.0,388.562,Valley,Main_0_2399
866,RegionB,466.1,0.0,0.6392,650.0,372.449333,Valley,Main_0_2399
866,RegionC,452.59,0.0,0.6061,650.0,384.2,Valley,Main_0_2399
866,RegionD,290.47,226.57,0.4629,650.0,308.12,Valley,Main_0_2399
866,RegionE,256.69,200.22,0.2425,650.0,352.866333,Valley,Main_0_2399
866,RegionF,270.2,210.76,0.2865,650.0,314.406667,Valley,Main_0_2399
867,RegionA,486.48,0.0,0.6787,722.35,372.547333,Valley,Main_0_2399
867,RegionB,466.21,0.0,0.6349,722.35,374.646667,Valley,Main_0_2399
867,RegionC,452.7,0.0,0.6021,722.35,382.343667,Valley,Main_0_2399
867,RegionD,290.54,226.62,0.4598,722.35,343.451333,Valley,Main_0_2399
867,RegionE,256.75,200.27,0.2408,722.35,367.242,Valley,Main_0_2399
867,RegionF,270.27,210.81,0.2846,722.35,385.846667,Valley,Main_0_2399
868,RegionA,486.59,0.0,0.6712,800.0,381.486667,Valley,Main_0_2399
868,RegionB,466.32,0.0,0.6279,800.0,383.981667,Valley,Main_0_2399
868,RegionC,452.8,0.0,0.5954,800.0,385.356,Valley,Main_0_2399
868,RegionD,290.6,226.67,0.4547,800.0,391.612667,Valley,Main_0_2399
868,RegionE,256.81,200.31,0.2382,800.0,382.070333,Valley,Main_0_2399
868,RegionF,270.33,210.86,0.2815,800.0,389.276667,Valley,Main_0_2399
869,RegionA,486.69,0.0,0.6612,877.65,392.235333,Valley,Main_0_2399
869,RegionB,466.41,0.0,0.6186,877.65,385.290667,Valley,Main_0_2399
869,RegionC,452.89,0.0,0.5866,877.65,381.323333,Valley,Main_0_2399
869,RegionD,290.66,226.71,0.4479,877.65,354.936667,Valley,Main_0_2399
869,RegionE,256.86,200.35,0.2346,877.65,368.464667,Valley,Main_0_2399
869,RegionF,270.38,210.9,0.2773,877.65,416.052667,Valley,Main_0_2399
870,RegionA,486.78,0.0,0.6496,950.0,391.715,Valley,Main_0_2399
870,RegionB,466.5,0.0,0.6077,950.0,382.301333,Valley,Main_0_2399
870,RegionC,452.98,0.0,0.5763,950.0,382.555333,Valley,Main_0_2399
870,RegionD,290.72,226.76,0.44,950.0,270.616,Valley,Main_0_2399
870,RegionE,256.91,200.39,0.2305,950.0,399.95,Valley,Main_0_2399
870,RegionF,270.43,210.94,0.2724,950.0,439.0,Valley,Main_0_2399
871,RegionA,749.02,0.0,0.637,1012.13,392.668,Flat,Main_0_2399
871,RegionB,717.81,0.0,0.5959,1012.13,382.338667,Flat,Main_0_2399
871,RegionC,697.0,0.0,0.5651,1012.13,381.275,Flat,Main_0_2399
871,RegionD,447.33,348.92,0.4315,1012.13,277.674,Flat,Main_0_2399
871,RegionE,395.32,308.35,0.226,1012.13,363.832,Flat,Main_0_2399
871,RegionF,416.12,324.57,0.2671,1012.13,380.294,Flat,Main_0_2399
872,RegionA,749.13,0.0,0.6245,1059.81,391.366667,Flat,Main_0_2399
872,RegionB,717.92,0.0,0.5842,1059.81,378.022667,Flat,Main_0_2399
872,RegionC,697.11,0.0,0.554,1059.81,377.54,Flat,Main_0_2399
872,RegionD,447.4,348.97,0.423,1059.81,278.276667,Flat,Main_0_2399
872,RegionE,395.37,308.39,0.2216,1059.81,373.832,Flat,Main_0_2399
872,RegionF,416.18,324.62,0.2619,1059.81,379.41,Flat,Main_0_2399
873,RegionA,749.23,0.0,0.6128,1089.78,389.697,Flat,Main_0_2399
873,RegionB,718.01,0.0,0.5732,1089.78,385.328667,Flat,Main_0_2399
873,RegionC,697.2,0.0,0.5436,1089.78,374.574667,Flat,Main_0_2399
873,RegionD,447.46,349.02,0.4151,1089.78,313.123333,Flat,Main_0_2399
873,RegionE,395.43,308.44,0.2174,1089.78,390.011333,Flat,Main_0_2399
873,RegionF,416.24,324.67,0.257,1089.78,311.983333,Flat,Main_0_2399
874,RegionA,749.31,0.0,0.6027,1100.0,384.802,Flat,Main_0_2399
874,RegionB,718.09,0.0,0.5638,1100.0,378.04,Flat,Main_0_2399
874,RegionC,697.27,0.0,0.5347,1100.0,374.392,Flat,Main_0_2399
874,RegionD,447.5,349.05,0.4083,1100.0,245.877333,Flat,Main_0_2399
874,RegionE,395.47,308.47,0.2139,1100.0,350.557,Flat,Main_0_2399
874,RegionF,416.28,324.7,0.2527,1100.0,346.648667,Flat,Main_0_2399
875,RegionA,749.38,0.0,0.595,1089.78,356.974667,Flat,Main_0_2399
875,RegionB,718.15,0.0,0.5566,1089.78,356.858,Flat,Main_0_2399
875,RegionC,697.34,0.0,0.5278,1089.78,370.9,Flat,Main_0_2399
875,RegionD,447.55,349.09,0.4031,1089.78,272.945333,Flat,Main_0_2399
875,RegionE,395.51,308.5,0.2111,1089.78,363.403333,Flat,Main_0_2399
875,RegionF,416.32,324.73,0.2495,1089.78,287.518333,Flat,Main_0_2399
876,RegionA,749.43,0.0,0.5902,1059.81,339.665333,Flat,Main_0_2399
876,RegionB,718.21,0.0,0.5521,1059.81,344.897,Flat,Main_0_2399
876,RegionC,697.39,0.0,0.5236,1059.81,339.677,Flat,Main_0_2399
876,RegionD,447.58,349.11,0.3998,1059.81,278.673333,Flat,Main_0_2399
876,RegionE,395.53,308.51,0.2094,1059.81,317.429667,Flat,Main_0_2399
876,RegionF,416.35,324.75,0.2475,1059.81,300.550667,Flat,Main_0_2399
877,RegionA,749.47,0.0,0.5887,1012.13,284.500667,Flat,Main_0_2399
877,RegionB,718.24,0.0,0.5507,1012.13,335.958,Flat,Main_0_2399
877,RegionC,697.42,0.0,0.5222,1012.13,332.787667,Flat,Main_0_2399
877,RegionD,447.6,349.13,0.3988,1012.13,280.056,Flat,Main_0_2399
877,RegionE,395.55,308.53,0.2089,1012.13,289.644667,Flat,Main_0_2399
877,RegionF,416.37,324.77,0.2469,1012.13,225.165,Flat,Main_0_2399
878,RegionA,749.49,0.0,0.5905,950.0,285.146,Flat,Main_0_2399
878,RegionB,718.27,0.0,0.5524,950.0,304.922,Flat,Main_0_2399
878,RegionC,697.45,0.0,0.5238,950.0,318.418,Flat,Main_0_2399
878,RegionD,447.61,349.14,0.4,950.0,260.07,Flat,Main_0_2399
878,RegionE,395.57,308.54,0.2095,950.0,275.313333,Flat,Main_0_2399
878,RegionF,416.39,324.78,0.2476,950.0,218.669667,Flat,Main_0_2399
879,RegionA,749.5,0.0,0.5955,877.65,261.906,Flat,Main_0_2399
879,RegionB,718.27,0.0,0.5571,877.65,284.097,Flat,Main_0_2399
879,RegionC,697.45,0.0,0.5283,877.65,290.91,Flat,Main_0_2399
879,RegionD,447.62,349.14,0.4034,877.65,200.933667,Flat,Main_0_2399
879,RegionE,395.57,308.54,0.2113,877.65,208.228,Flat,Main_0_2399
879,RegionF,416.39,324.78,0.2497,877.65,193.338,Flat,Main_0_2399
880,RegionA,749.5,0.0,0.6035,800.0,225.324667,Flat,Main_0_2399
880,RegionB,718.27,0.0,0.5645,800.0,248.769,Flat,Main_0_2399
880,RegionC,697.45,0.0,0.5353,800.0,248.43,Flat,Main_0_2399
880,RegionD,447.62,349.14,0.4088,800.0,178.636333,Flat,Main_0_2399
880,RegionE,395.57,308.54,0.2141,800.0,155.958,Flat,Main_0_2399
880,RegionF,416.39,324.78,0.2531,800.0,159.169333,Flat,Main_0_2399
881,RegionA,1086.74,0.0,0.6138,722.35,220.656667,Peak,Main_0_2399
881,RegionB,1041.46,0.0,0.5742,722.35,223.292,Peak,Main_0_2399
881,RegionC,1011.27,0.0,0.5445,722.35,211.23,Peak,Main_0_2399
881,RegionD,649.02,506.24,0.4158,722.35,184.608,Peak,Main_0_2399
881,RegionE,573.56,447.38,0.2178,722.35,180.548,Peak,Main_0_2399
881,RegionF,603.74,470.92,0.2574,722.35,167.422667,Peak,Main_0_2399
882,RegionA,1086.69,0.0,0.6258,650.0,214.954667,Peak,Main_0_2399
882,RegionB,1041.41,0.0,0.5854,650.0,209.049667,Peak,Main_0_2399
882,RegionC,1011.22,0.0,0.5551,650.0,205.300667,Peak,Main_0_2399
882,RegionD,648.99,506.21,0.4239,650.0,150.863333,Peak,Main_0_2399
882,RegionE,573.53,447.35,0.222,650.0,164.072,Peak,Main_0_2399
882,RegionF,603.71,470.89,0.2624,650.0,131.543333,Peak,Main_0_2399
883,RegionA,1086.61,0.0,0.6386,587.87,208.622667,Peak,Main_0_2399
883,RegionB,1041.34,0.0,0.5974,587.87,209.532667,Peak,Main_0_2399
883,RegionC,1011.15,0.0,0.5665,587.87,231.145333,Peak,Main_0_2399
883,RegionD,648.95,506.18,0.4326,587.87,81.087333,Peak,Main_0_2399
883,RegionE,573.49,447.32,0.2266,587.87,205.152,Peak,Main_0_2399
883,RegionF,603.67,470.86,0.2678,587.87,170.863333,Peak,Main_0_2399
884,RegionA,1086.51,0.0,0.6514,540.19,216.48,Peak,Main_0_2399
884,RegionB,1041.24,0.0,0.6094,540.19,245.757333,Peak,Main_0_2399
884,RegionC,1011.06,0.0,0.5778,540.19,210.223333,Peak,Main_0_2399
884,RegionD,648.89,506.13,0.4413,540.19,85.83,Peak,Main_0_2399
884,RegionE,573.44,447.28,0.2311,540.19,207.718,Peak,Main_0_2399
884,RegionF,603.62,470.82,0.2732,540.19,177.162,Peak,Main_0_2399
885,RegionA,1086.39,0.0,0.6633,510.22,248.966667,Peak,Main_0_2399
885,RegionB,1041.13,0.0,0.6205,510.22,261.319333,Peak,Main_0_2399
885,RegionC,1010.95,0.0,0.5884,510.22,223.346,Peak,Main_0_2399
885,RegionD,648.82,506.08,0.4493,510.22,188.956667,Peak,Main_0_2399
885,RegionE,573.37,447.23,0.2354,510.22,210.341333,Peak,Main_0_2399
885,RegionF,603.55,470.77,0.2782,510.22,160.023333,Peak,Main_0_2399
886,RegionA,674.23,0.0,0.6735,500.0,261.57,Flat,Main_0_2399
886,RegionB,646.13,0.0,0.63,500.0,259.958,Flat,Main_0_2399
886,RegionC,627.4,0.0,0.5974,500.0,321.962,Flat,Main_0_2399
886,RegionD,402.66,314.07,0.4562,500.0,246.537333,Flat,Main_0_2399
886,RegionE,355.84,277.56,0.239,500.0,238.767333,Flat,Main_0_2399
886,RegionF,374.57,292.16,0.2824,500.0,175.438,Flat,Main_0_2399
887,RegionA,674.12,0.0,0.6812,510.22,311.867333,Flat,Main_0_2399
887,RegionB,646.04,0.0,0.6373,510.22,282.47,Flat,Main_0_2399
887,RegionC,627.31,0.0,0.6043,510.22,297.023333,Flat,Main_0_2399
887,RegionD,402.6,314.03,0.4615,510.22,257.144,Flat,Main_0_2399
887,RegionE,355.79,277.52,0.2417,510.22,284.29,Flat,Main_0_2399
887,RegionF,374.51,292.12,0.2857,510.22,181.899,Flat,Main_0_2399
888,RegionA,486.78,0.0,0.686,540.19,359.479333,Valley,Main_0_2399
888,RegionB,466.5,0.0,0.6418,540.19,298.989667,Valley,Main_0_2399
888,RegionC,452.98,0.0,0.6086,540.19,353.232,Valley,Main_0_2399
888,RegionD,290.72,226.76,0.4647,540.19,300.435333,Valley,Main_0_2399
888,RegionE,256.91,200.39,0.2434,540.19,312.415667,Valley,Main_0_2399
888,RegionF,270.44,210.94,0.2877,540.19,272.893333,Valley,Main_0_2399
889,RegionA,486.69,0.0,0.6876,587.87,363.024,Valley,Main_0_2399
889,RegionB,466.41,0.0,0.6432,587.87,347.152,Valley,Main_0_2399
889,RegionC,452.89,0.0,0.6099,587.87,377.257,Valley,Main_0_2399
889,RegionD,290.66,226.71,0.4658,587.87,287.875667,Valley,Main_0_2399
889,RegionE,256.87,200.36,0.244,587.87,341.1,Valley,Main_0_2399
889,RegionF,270.38,210.9,0.2883,587.87,301.812,Valley,Main_0_2399
890,RegionA,486.59,0.0,0.6857,650.0,379.715333,Valley,Main_0_2399
890,RegionB,466.32,0.0,0.6414,650.0,358.704667,Valley,Main_0_2399
890,RegionC,452.8,0.0,0.6083,650.0,380.897333,Valley,Main_0_2399
890,RegionD,290.6,226.67,0.4645,650.0,359.794333,Valley,Main_0_2399
890,RegionE,256.81,200.31,0.2433,650.0,319.907333,Valley,Main_0_2399
890,RegionF,270.33,210.86,0.2875,650.0,380.244,Valley,Main_0_2399
891,RegionA,486.48,0.0,0.6805,722.35,379.293333,Valley,Main_0_2399
891,RegionB,466.21,0.0,0.6366,722.35,368.556333,Valley,Main_0_2399
891,RegionC,452.69,0.0,0.6037,722.35,352.96,Valley,Main_0_2399
891,RegionD,290.54,226.62,0.461,722.35,339.100667,Valley,Main_0_2399
891,RegionE,256.75,200.27,0.2415,722.35,341.713667,Valley,Main_0_2399
891,RegionF,270.27,210.81,0.2854,722.35,386.867333,Valley,Main_0_2399
892,RegionA,486.36,0.0,0.6724,800.0,374.294333,Valley,Main_0_2399
892,RegionB,466.09,0.0,0.629,800.0,367.671333,Valley,Main_0_2399
892,RegionC,452.58,0.0,0.5965,800.0,354.29,Valley,Main_0_2399
892,RegionD,290.46,226.56,0.4555,800.0,371.606667,Valley,Main_0_2399
892,RegionE,256.69,200.22,0.2386,800.0,385.693333,Valley,Main_0_2399
892,RegionF,270.2,210.76,0.282,800.0,393.894,Valley,Main_0_2399
893,RegionA,486.23,0.0,0.6618,877.65,375.682,Valley,Main_0_2399
893,RegionB,465.97,0.0,0.6191,877.65,368.884,Valley,Main_0_2399
893,RegionC,452.46,0.0,0.5871,877.65,372.832,Valley,Main_0_2399
893,RegionD,290.39,226.5,0.4483,877.65,339.586,Valley,Main_0_2399
893,RegionE,256.62,200.16,0.2348,877.65,369.19,Valley,Main_0_2399
893,RegionF,270.13,210.7,0.2775,877.65,416.788333,Valley,Main_0_2399
894,RegionA,486.09,0.0,0.6496,950.0,380.477333,Valley,Main_0_2399
894,RegionB,465.83,0.0,0.6077,950.0,367.269667,Valley,Main_0_2399
894,RegionC,452.33,0.0,0.5763,950.0,376.793333,Valley,Main_0_2399
894,RegionD,290.3,226.43,0.44,950.0,333.388,Valley,Main_0_2399
894,RegionE,256.55,200.11,0.2305,950.0,358.053333,Valley,Main_0_2399
894,RegionF,270.05,210.64,0.2724,950.0,418.68,Valley,Main_0_2399
895,RegionA,747.6,0.0,0.6364,1012.13,396.198667,Flat,Main_0_2399
895,RegionB,716.45,0.0,0.5954,1012.13,381.784,Flat,Main_0_2399
895,RegionC,695.68,0.0,0.5646,1012.13,375.76,Flat,Main_0_2399
895,RegionD,446.48,348.25,0.4311,1012.13,308.464333,Flat,Main_0_2399
895,RegionE,394.57,307.76,0.2258,1012.13,343.969333,Flat,Main_0_2399
895,RegionF,415.33,323.96,0.2669,1012.13,453.519667,Flat,Main_0_2399
896,RegionA,747.36,0.0,0.6233,1059.81,382.174,Flat,Main_0_2399
896,RegionB,716.22,0.0,0.5831,1059.81,377.414667,Flat,Main_0_2399
896,RegionC,695.46,0.0,0.5529,1059.81,369.086667,Flat,Main_0_2399
896,RegionD,446.34,348.15,0.4222,1059.81,286.517333,Flat,Main_0_2399
896,RegionE,394.44,307.66,0.2212,1059.81,330.505333,Flat,Main_0_2399
896,RegionF,415.2,323.86,0.2614,1059.81,425.296667,Flat,Main_0_2399
897,RegionA,747.1,0.0,0.6109,1089.78,382.526667,Flat,Main_0_2399
897,RegionB,715.97,0.0,0.5715,1089.78,362.229,Flat,Main_0_2399
897,RegionC,695.22,0.0,0.542,1089.78,377.62,Flat,Main_0_2399
897,RegionD,446.19,348.03,0.4139,1089.78,274.083333,Flat,Main_0_2399
897,RegionE,394.3,307.55,0.2168,1089.78,330.9,Flat,Main_0_2399
897,RegionF,415.06,323.75,0.2562,1089.78,404.047333,Flat,Main_0_2399
898,RegionA,746.84,0.0,0.6003,1100.0,387.045667,Flat,Main_0_2399
898,RegionB,715.72,0.0,0.5616,1100.0,378.401,Flat,Main_0_2399
898,RegionC,694.97,0.0,0.5325,1100.0,380.16,Flat,Main_0_2399
898,RegionD,446.03,347.9,0.4067,1100.0,244.892,Flat,Main_0_2399
898,RegionE,394.16,307.44,0.213,1100.0,306.176667,Flat,Main_0_2399
898,RegionF,414.91,323.63,0.2517,1100.0,389.154,Flat,Main_0_2399
899,RegionA,746.56,0.0,0.592,1089.78,365.543333,Flat,Main_0_2399
899,RegionB,715.45,0.0,0.5538,1089.78,367.990333,Flat,Main_0_2399
899,RegionC,694.71,0.0,0.5252,1089.78,369.28,Flat,Main_0_2399
899,RegionD,445.86,347.77,0.401,1089.78,260.381667,Flat,Main_0_2399
899,RegionE,394.02,307.34,0.2101,1089.78,247.055667,Flat,Main_0_2399
899,RegionF,414.75,323.5,0.2483,1089.78,333.17,Flat,Main_0_2399
900,RegionA,746.26,0.0,0.5866,1059.81,356.76,Flat,Main_0_2399
900,RegionB,715.17,0.0,0.5488,1059.81,323.086,Flat,Main_0_2399
900,RegionC,694.44,0.0,0.5204,1059.81,330.331,Flat,Main_0_2399
900,RegionD,445.68,347.63,0.3974,1059.81,220.303333,Flat,Main_0_2399
900,RegionE,393.86,307.21,0.2082,1059.81,301.38,Flat,Main_0_2399
900,RegionF,414.59,323.38,0.246,1059.81,336.89,Flat,Main_0_2399
901,RegionA,745.96,0.0,0.5845,1012.13,308.916667,Flat,Main_0_2399
901,RegionB,714.88,0.0,0.5468,1012.13,294.997,Flat,Main_0_2399
901,RegionC,694.16,0.0,0.5185,1012.13,338.501333,Flat,Main_0_2399
901,RegionD,445.5,347.49,0.396,1012.13,215.654667,Flat,Main_0_2399
901,RegionE,393.7,307.09,0.2074,1012.13,305.931,Flat,Main_0_2399
901,RegionF,414.42,323.25,0.2451,1012.13,269.862,Flat,Main_0_2399
902,RegionA,745.64,0.0,0.5857,950.0,301.006,Flat,Main_0_2399
902,RegionB,714.57,0.0,0.5479,950.0,291.921,Flat,Main_0_2399
902,RegionC,693.86,0.0,0.5196,950.0,308.388,Flat,Main_0_2399
902,RegionD,445.31,347.34,0.3968,950.0,201.674333,Flat,Main_0_2399
902,RegionE,393.53,306.95,0.2078,950.0,259.817667,Flat,Main_0_2399
902,RegionF,414.25,323.12,0.2456,950.0,265.847333,Flat,Main_0_2399
903,RegionA,745.32,0.0,0.5902,877.65,279.738667,Flat,Main_0_2399
903,RegionB,714.26,0.0,0.5521,877.65,253.969333,Flat,Main_0_2399
903,RegionC,693.56,0.0,0.5236,877.65,273.468,Flat,Main_0_2399
903,RegionD,445.12,347.19,0.3998,877.65,150.728667,Flat,Main_0_2399
903,RegionE,393.36,306.82,0.2094,877.65,261.497667,Flat,Main_0_2399
903,RegionF,414.06,322.97,0.2475,877.65,233.474,Flat,Main_0_2399
904,RegionA,744.98,0.0,0.5976,800.0,236.933667,Flat,Main_0_2399
904,RegionB,713.94,0.0,0.559,800.0,237.166667,Flat,Main_0_2399
904,RegionC,693.24,0.0,0.5301,800.0,223.580667,Flat,Main_0_2399
904,RegionD,444.92,347.04,0.4048,800.0,145.622667,Flat,Main_0_2399
904,RegionE,393.18,306.68,0.212,800.0,241.954,Flat,Main_0_2399
904,RegionF,413.88,322.83,0.2506,800.0,183.839333,Flat,Main_0_2399
905,RegionA,1079.71,0.0,0.6073,722.35,212.536333,Peak,Main_0_2399
905,RegionB,1034.72,0.0,0.5681,722.35,240.674,Peak,Main_0_2399
905,RegionC,1004.73,0.0,0.5388,722.35,219.607333,Peak,Main_0_2399
905,RegionD,644.83,502.97,0.4114,722.35,95.076667,Peak,Main_0_2399
905,RegionE,569.85,444.48,0.2155,722.35,221.759667,Peak,Main_0_2399
905,RegionF,599.84,467.88,0.2547,722.35,167.848,Peak,Main_0_2399
906,RegionA,1079.19,0.0,0.6188,650.0,189.896667,Peak,Main_0_2399
906,RegionB,1034.23,0.0,0.5788,650.0,223.213333,Peak,Main_0_2399
906,RegionC,1004.25,0.0,0.5489,650.0,198.456,Peak,Main_0_2399
906,RegionD,644.52,502.73,0.4192,650.0,187.426667,Peak,Main_0_2399
906,RegionE,569.57,444.26,0.2196,650.0,202.95,Peak,Main_0_2399
906,RegionF,599.55,467.65,0.2595,650.0,149.404667,Peak,Main_0_2399
907,RegionA,1078.66,0.0,0.631,587.87,175.666,Peak,Main_0_2399
907,RegionB,1033.71,0.0,0.5903,587.87,229.452667,Peak,Main_0_2399
907,RegionC,1003.75,0.0,0.5598,587.87,219.805,Peak,Main_0_2399
907,RegionD,644.2,502.48,0.4275,587.87,193.250667,Peak,Main_0_2399
907,RegionE,569.29,444.05,0.2239,587.87,226.97,Peak,Main_0_2399
907,RegionF,599.26,467.42,0.2646,587.87,144.5,Peak,Main_0_2399
908,RegionA,1078.11,0.0,0.6433,540.19,213.854,Peak,Main_0_2399
908,RegionB,1033.19,0.0,0.6018,540.19,242.356,Peak,Main_0_2399
908,RegionC,1003.24,0.0,0.5707,540.19,231.721667,Peak,Main_0_2399
908,RegionD,643.87,502.22,0.4358,540.19,192.563333,Peak,Main_0_2399
908,RegionE,569.0,443.82,0.2283,540.19,216.743333,Peak,Main_0_2399
908,RegionF,598.95,467.18,0.2698,540.19,160.196667,Peak,Main_0_2399
909,RegionA,1077.55,0.0,0.6547,510.22,256.358,Peak,Main_0_2399
909,RegionB,1032.66,0.0,0.6125,510.22,285.995333,Peak,Main_0_2399
909,RegionC,1002.72,0.0,0.5808,510.22,239.730667,Peak,Main_0_2399
909,RegionD,643.54,501.96,0.4435,510.22,224.224667,Peak,Main_0_2399
909,RegionE,568.71,443.59,0.2323,510.22,154.16,Peak,Main_0_2399
909,RegionF,598.64,466.94,0.2745,510.22,141.621333,Peak,Main_0_2399
910,RegionA,668.47,0.0,0.6644,500.0,293.282667,Flat,Main_0_2399
910,RegionB,640.62,0.0,0.6215,500.0,280.24,Flat,Main_0_2399
910,RegionC,622.05,0.0,0.5894,500.0,253.08,Flat,Main_0_2399
910,RegionD,399.23,311.4,0.4501,500.0,248.336,Flat,Main_0_2399
910,RegionE,352.8,275.18,0.2357,500.0,165.797667,Flat,Main_0_2399
910,RegionF,371.37,289.67,0.2786,500.0,162.864667,Flat,Main_0_2399
911,RegionA,668.11,0.0,0.6716,510.22,262.95,Flat,Main_0_2399
911,RegionB,640.27,0.0,0.6283,510.22,293.61,Flat,Main_0_2399
911,RegionC,621.71,0.0,0.5958,510.22,271.582667,Flat,Main_0_2399
911,RegionD,399.01,311.23,0.455,510.22,197.271333,Flat,Main_0_2399
911,RegionE,352.61,275.04,0.2383,510.22,214.414333,Flat,Main_0_2399
911,RegionF,371.17,289.51,0.2817,510.22,154.941333,Flat,Main_0_2399
912,RegionA,482.26,0.0,0.676,540.19,322.692,Valley,Main_0_2399
912,RegionB,462.16,0.0,0.6324,540.19,303.321333,Valley,Main_0_2399
912,RegionC,448.77,0.0,0.5997,540.19,354.601333,Valley,Main_0_2399
912,RegionD,288.02,224.66,0.4579,540.19,226.605333,Valley,Main_0_2399
912,RegionE,254.53,198.53,0.2399,540.19,274.367333,Valley,Main_0_2399
912,RegionF,267.92,208.98,0.2835,540.19,188.930333,Valley,Main_0_2399
913,RegionA,481.99,0.0,0.677,587.87,379.869333,Valley,Main_0_2399
913,RegionB,461.91,0.0,0.6334,587.87,350.634667,Valley,Main_0_2399
913,RegionC,448.52,0.0,0.6006,587.87,358.732,Valley,Main_0_2399
913,RegionD,287.85,224.52,0.4586,587.87,216.483333,Valley,Main_0_2399
913,RegionE,254.38,198.42,0.2402,587.87,323.317,Valley,Main_0_2399
913,RegionF,267.77,208.86,0.2839,587.87,211.934,Valley,Main_0_2399
914,RegionA,481.71,0.0,0.6747,650.0,381.255,Valley,Main_0_2399
914,RegionB,461.64,0.0,0.6312,650.0,378.867333,Valley,Main_0_2399
914,RegionC,448.26,0.0,0.5985,650.0,359.426667,Valley,Main_0_2399
914,RegionD,287.69,224.4,0.4571,650.0,227.966,Valley,Main_0_2399
914,RegionE,254.24,198.31,0.2394,650.0,333.95,Valley,Main_0_2399
914,RegionF,267.62,208.74,0.2829,650.0,235.972,Valley,Main_0_2399
915,RegionA,481.44,0.0,0.6691,722.35,389.614667,Valley,Main_0_2399
915,RegionB,461.38,0.0,0.6259,722.35,373.915333,Valley,Main_0_2399
915,RegionC,448.0,0.0,0.5936,722.35,361.708333,Valley,Main_0_2399
915,RegionD,287.53,224.27,0.4533,722.35,260.870667,Valley,Main_0_2399
915,RegionE,254.09,198.19,0.2374,722.35,375.256667,Valley,Main_0_2399
915,RegionF,267.47,208.63,0.2806,722.35,314.920667,Valley,Main_0_2399
916,RegionA,481.16,0.0,0.6606,800.0,378.730667,Valley,Main_0_2399
916,RegionB,461.11,0.0,0.6179,800.0,361.953,Valley,Main_0_2399
916,RegionC,447.74,0.0,0.586,800.0,372.624,Valley,Main_0_2399
916,RegionD,287.36,224.14,0.4475,800.0,322.198667,Valley,Main_0_2399
916,RegionE,253.94,198.07,0.2344,800.0,361.771333,Valley,Main_0_2399
916,RegionF,267.31,208.5,0.277,800.0,357.049333,Valley,Main_0_2399
917,RegionA,480.87,0.0,0.6496,877.65,383.048667,Valley,Main_0_2399
917,RegionB,460.84,0.0,0.6077,877.65,365.525667,Valley,Main_0_2399
917,RegionC,447.48,0.0,0.5763,877.65,381.464,Valley,Main_0_2399
917,RegionD,287.19,224.01,0.4401,877.65,350.950333,Valley,Main_0_2399
917,RegionE,253.79,197.96,0.2305,877.65,380.41,Valley,Main_0_2399
917,RegionF,267.15,208.38,0.2724,877.65,364.980333,Valley,Main_0_2399
918,RegionA,480.59,0.0,0.637,950.0,384.002667,Valley,Main_0_2399
918,RegionB,460.56,0.0,0.5959,950.0,370.897333,Valley,Main_0_2399
918,RegionC,447.21,0.0,0.5651,950.0,382.318667,Valley,Main_0_2399
918,RegionD,287.02,223.88,0.4315,950.0,409.43,Valley,Main_0_2399
918,RegionE,253.64,197.84,0.226,950.0,410.614,Valley,Main_0_2399
918,RegionF,266.99,208.25,0.2671,950.0,336.806667,Valley,Main_0_2399
919,RegionA,738.92,0.0,0.6235,1012.13,363.320333,Flat,Main_0_2399
919,RegionB,708.13,0.0,0.5832,1012.13,370.649333,Flat,Main_0_2399
919,RegionC,687.61,0.0,0.5531,1012.13,382.0,Flat,Main_0_2399
919,RegionD,441.3,344.21,0.4223,1012.13,384.631333,Flat,Main_0_2399
919,RegionE,389.98,304.18,0.2212,1012.13,444.735333,Flat,Main_0_2399
919,RegionF,410.51,320.2,0.2615,1012.13,338.602,Flat,Main_0_2399
920,RegionA,738.47,0.0,0.6099,1059.81,351.662667,Flat,Main_0_2399
920,RegionB,707.7,0.0,0.5706,1059.81,369.478333,Flat,Main_0_2399
920,RegionC,687.19,0.0,0.5411,1059.81,385.882667,Flat,Main_0_2399
920,RegionD,441.03,344.0,0.4132,1059.81,371.006333,Flat,Main_0_2399
920,RegionE,389.75,304.0,0.2164,1059.81,418.497333,Flat,Main_0_2399
920,RegionF,410.26,320.0,0.2558,1059.81,357.465333,Flat,Main_0_2399
921,RegionA,738.02,0.0,0.5973,1089.78,368.513333,Flat,Main_0_2399
921,RegionB,707.27,0.0,0.5587,1089.78,356.144,Flat,Main_0_2399
921,RegionC,686.77,0.0,0.5298,1089.78,385.927333,Flat,Main_0_2399
921,RegionD,440.76,343.79,0.4046,1089.78,354.639333,Flat,Main_0_2399
921,RegionE,389.51,303.82,0.2119,1089.78,377.038,Flat,Main_0_2399
921,RegionF,410.01,319.81,0.2505,1089.78,324.492,Flat,Main_0_2399
922,RegionA,737.57,0.0,0.5863,1100.0,360.868333,Flat,Main_0_2399
922,RegionB,706.84,0.0,0.5485,1100.0,374.461333,Flat,Main_0_2399
922,RegionC,686.35,0.0,0.5201,1100.0,384.72,Flat,Main_0_2399
922,RegionD,440.49,343.58,0.3972,1100.0,363.766,Flat,Main_0_2399
922,RegionE,389.27,303.63,0.208,1100.0,352.652,Flat,Main_0_2399
922,RegionF,409.76,319.61,0.2459,1100.0,337.761333,Flat,Main_0_2399
923,RegionA,737.12,0.0,0.5777,1089.78,355.198333,Flat,Main_0_2399
923,RegionB,706.41,0.0,0.5405,1089.78,387.342667,Flat,Main_0_2399
923,RegionC,685.93,0.0,0.5125,1089.78,357.472667,Flat,Main_0_2399
923,RegionD,440.22,343.37,0.3914,1089.78,342.714667,Flat,Main_0_2399
923,RegionE,389.03,303.44,0.205,1089.78,258.249333,Flat,Main_0_2399
923,RegionF,409.51,319.42,0.2423,1089.78,303.015333,Flat,Main_0_2399
924,RegionA,736.67,0.0,0.5721,1059.81,322.295667,Flat,Main_0_2399
924,RegionB,705.97,0.0,0.5352,1059.81,351.082,Flat,Main_0_2399
924,RegionC,685.51,0.0,0.5075,1059.81,351.714667,Flat,Main_0_2399
924,RegionD,439.95,343.16,0.3875,1059.81,263.965667,Flat,Main_0_2399
924,RegionE,388.8,303.26,0.203,1059.81,307.316667,Flat,Main_0_2399
924,RegionF,409.26,319.22,0.2399,1059.81,295.73,Flat,Main_0_2399
925,RegionA,736.21,0.0,0.5697,1012.13,293.361333,Flat,Main_0_2399
925,RegionB,705.54,0.0,0.5329,1012.13,334.588,Flat,Main_0_2399
925,RegionC,685.09,0.0,0.5054,1012.13,313.654,Flat,Main_0_2399
925,RegionD,439.68,342.95,0.3859,1012.13,274.23,Flat,Main_0_2399
925,RegionE,388.56,303.08,0.2022,1012.13,255.495667,Flat,Main_0_2399
925,RegionF,409.01,319.03,0.2389,1012.13,291.013,Flat,Main_0_2399
926,RegionA,735.76,0.0,0.5707,950.0,287.045333,Flat,Main_0_2399
926,RegionB,705.1,0.0,0.5339,950.0,310.245,Flat,Main_0_2399
926,RegionC,684.66,0.0,0.5063,950.0,306.592,Flat,Main_0_2399
926,RegionD,439.41,342.74,0.3866,950.0,247.320333,Flat,Main_0_2399
926,RegionE,388.32,302.89,0.2025,950.0,259.677,Flat,Main_0_2399
926,RegionF,408.75,318.82,0.2393,950.0,282.223333,Flat,Main_0_2399
927,RegionA,735.31,0.0,0.575,877.65,268.925333,Flat,Main_0_2399
927,RegionB,704.67,0.0,0.5379,877.65,266.356,Flat,Main_0_2399
927,RegionC,684.24,0.0,0.51,877.65,279.446,Flat,Main_0_2399
927,RegionD,439.14,342.53,0.3895,877.65,197.627667,Flat,Main_0_2399
927,RegionE,388.08,302.7,0.204,877.65,218.857,Flat,Main_0_2399
927,RegionF,408.5,318.63,0.2411,877.65,249.292667,Flat,Main_0_2399
928,RegionA,734.86,0.0,0.5822,800.0,226.099333,Flat,Main_0_2399
928,RegionB,704.24,0.0,0.5446,800.0,241.980333,Flat,Main_0_2399
928,RegionC,683.82,0.0,0.5164,800.0,224.557333,Flat,Main_0_2399
928,RegionD,438.87,342.32,0.3944,800.0,168.726667,Flat,Main_0_2399
928,RegionE,387.84,302.52,0.2066,800.0,176.803667,Flat,Main_0_2399
928,RegionF,408.25,318.44,0.2441,800.0,200.886667,Flat,Main_0_2399
929,RegionA,1064.89,0.0,0.5917,722.35,193.178667,Peak,Main_0_2399
929,RegionB,1020.52,0.0,0.5536,722.35,241.146667,Peak,Main_0_2399
929,RegionC,990.94,0.0,0.5249,722.35,200.056,Peak,Main_0_2399
929,RegionD,635.98,496.06,0.4009,722.35,141.644,Peak,Main_0_2399
929,RegionE,562.03,438.38,0.21,722.35,206.022667,Peak,Main_0_2399
929,RegionF,591.61,461.46,0.2481,722.35,174.31,Peak,Main_0_2399
930,RegionA,1064.25,0.0,0.603,650.0,181.373667,Peak,Main_0_2399
930,RegionB,1019.9,0.0,0.5641,650.0,229.538667,Peak,Main_0_2399
930,RegionC,990.34,0.0,0.5349,650.0,209.381333,Peak,Main_0_2399
930,RegionD,635.59,495.76,0.4085,650.0,134.967333,Peak,Main_0_2399
930,RegionE,561.69,438.12,0.214,650.0,172.258,Peak,Main_0_2399
930,RegionF,591.25,461.18,0.2529,650.0,180.015,Peak,Main_0_2399
931,RegionA,1063.6,0.0,0.6152,587.87,232.554,Peak,Main_0_2399
931,RegionB,1019.29,0.0,0.5755,587.87,223.435333,Peak,Main_0_2399
931,RegionC,989.74,0.0,0.5457,587.87,219.906333,Peak,Main_0_2399
931,RegionD,635.21,495.46,0.4167,587.87,149.142,Peak,Main_0_2399
931,RegionE,561.35,437.85,0.2183,587.87,172.12,Peak,Main_0_2399
931,RegionF,590.89,460.89,0.258,587.87,186.05,Peak,Main_0_2399
932,RegionA,1062.97,0.0,0.6274,540.19,215.271,Peak,Main_0_2399
932,RegionB,1018.68,0.0,0.5869,540.19,209.072,Peak,Main_0_2399
932,RegionC,989.15,0.0,0.5565,540.19,241.08,Peak,Main_0_2399
932,RegionD,634.83,495.17,0.425,540.19,138.926,Peak,Main_0_2399
932,RegionE,561.01,437.59,0.2226,540.19,174.342667,Peak,Main_0_2399
932,RegionF,590.54,460.62,0.2631,540.19,164.08,Peak,Main_0_2399
933,RegionA,1062.34,0.0,0.6387,510.22,257.012,Peak,Main_0_2399
933,RegionB,1018.08,0.0,0.5975,510.22,285.167333,Peak,Main_0_2399
933,RegionC,988.57,0.0,0.5666,510.22,272.412,Peak,Main_0_2399
933,RegionD,634.45,494.87,0.4326,510.22,191.07,Peak,Main_0_2399
933,RegionE,560.68,437.33,0.2266,510.22,215.954667,Peak,Main_0_2399
933,RegionF,590.19,460.35,0.2678,510.22,211.367333,Peak,Main_0_2399
934,RegionA,659.0,0.0,0.6483,500.0,262.233333,Flat,Main_0_2399
934,RegionB,631.54,0.0,0.6065,500.0,253.01,Flat,Main_0_2399
934,RegionC,613.23,0.0,0.5751,500.0,299.493333,Flat,Main_0_2399
934,RegionD,393.57,306.98,0.4392,500.0,180.618667,Flat,Main_0_2399
934,RegionE,347.8,271.28,0.23,500.0,236.474,Flat,Main_0_2399
934,RegionF,366.11,285.57,0.2719,500.0,258.125333,Flat,Main_0_2399
935,RegionA,658.62,0.0,0.6555,510.22,286.623333,Flat,Main_0_2399
935,RegionB,631.17,0.0,0.6132,510.22,315.688,Flat,Main_0_2399
935,RegionC,612.88,0.0,0.5815,510.22,315.634,Flat,Main_0_2399
935,RegionD,393.34,306.81,0.4441,510.22,209.606,Flat,Main_0_2399
935,RegionE,347.6,271.13,0.2326,510.22,292.151333,Flat,Main_0_2399
935,RegionF,365.9,285.4,0.2749,510.22,229.584333,Flat,Main_0_2399
936,RegionA,475.4,0.0,0.6598,540.19,366.140667,Valley,Main_0_2399
936,RegionB,455.59,0.0,0.6173,540.19,332.022,Valley,Main_0_2399
936,RegionC,442.38,0.0,0.5853,540.19,332.52,Valley,Main_0_2399
936,RegionD,283.92,221.46,0.447,540.19,224.607,Valley,Main_0_2399
936,RegionE,250.9,195.7,0.2341,540.19,307.906,Valley,Main_0_2399
936,RegionF,264.11,206.01,0.2767,540.19,257.209333,Valley,Main_0_2399
937,RegionA,475.13,0.0,0.6609,587.87,396.003333,Valley,Main_0_2399
937,RegionB,455.33,0.0,0.6183,587.87,380.608667,Valley,Main_0_2399
937,RegionC,442.13,0.0,0.5863,587.87,376.335667,Valley,Main_0_2399
937,RegionD,283.76,221.33,0.4477,587.87,298.544667,Valley,Main_0_2399
937,RegionE,250.76,195.59,0.2345,587.87,359.505,Valley,Main_0_2399
937,RegionF,263.96,205.89,0.2772,587.87,295.550333,Valley,Main_0_2399
938,RegionA,474.86,0.0,0.6586,650.0,396.001333,Valley,Main_0_2399
938,RegionB,455.08,0.0,0.6161,650.0,371.725667,Valley,Main_0_2399
938,RegionC,441.89,0.0,0.5843,650.0,379.315,Valley,Main_0_2399
938,RegionD,283.6,221.21,0.4462,650.0,293.153667,Valley,Main_0_2399
938,RegionE,250.62,195.48,0.2337,650.0,355.32,Valley,Main_0_2399
938,RegionF,263.81,205.77,0.2762,650.0,327.296667,Valley,Main_0_2399
939,RegionA,474.61,0.0,0.6531,722.35,395.807333,Valley,Main_0_2399
939,RegionB,454.83,0.0,0.6109,722.35,384.044,Valley,Main_0_2399
939,RegionC,441.65,0.0,0.5793,722.35,379.145333,Valley,Main_0_2399
939,RegionD,283.45,221.09,0.4424,722.35,318.679333,Valley,Main_0_2399
939,RegionE,250.49,195.38,0.2317,722.35,393.15,Valley,Main_0_2399
939,RegionF,263.67,205.66,0.2739,722.35,393.952,Valley,Main_0_2399
940,RegionA,474.35,0.0,0.6446,800.0,397.062333,Valley,Main_0_2399
940,RegionB,454.59,0.0,0.603,800.0,387.577333,Valley,Main_0_2399
940,RegionC,441.41,0.0,0.5718,800.0,379.956667,Valley,Main_0_2399
940,RegionD,283.29,220.97,0.4367,800.0,302.864,Valley,Main_0_2399
940,RegionE,250.35,195.27,0.2287,800.0,389.34,Valley,Main_0_2399
940,RegionF,263.53,205.55,0.2703,800.0,377.253667,Valley,Main_0_2399
941,RegionA,474.11,0.0,0.6338,877.65,395.526667,Valley,Main_0_2399
941,RegionB,454.35,0.0,0.5929,877.65,382.276,Valley,Main_0_2399
941,RegionC,441.18,0.0,0.5622,877.65,379.645333,Valley,Main_0_2399
941,RegionD,283.15,220.86,0.4293,877.65,312.467,Valley,Main_0_2399
941,RegionE,250.22,195.17,0.2249,877.65,393.423333,Valley,Main_0_2399
941,RegionF,263.39,205.44,0.2658,877.65,383.528333,Valley,Main_0_2399
942,RegionA,473.86,0.0,0.6212,950.0,362.919333,Valley,Main_0_2399
942,RegionB,454.12,0.0,0.5812,950.0,390.503667,Valley,Main_0_2399
942,RegionC,440.96,0.0,0.5511,950.0,377.957,Valley,Main_0_2399
942,RegionD,283.0,220.74,0.4208,950.0,335.504,Valley,Main_0_2399
942,RegionE,250.1,195.08,0.2204,950.0,404.603,Valley,Main_0_2399
942,RegionF,263.26,205.34,0.2605,950.0,386.720667,Valley,Main_0_2399
943,RegionA,728.66,0.0,0.6079,1012.13,361.871667,Flat,Main_0_2399
943,RegionB,698.3,0.0,0.5687,1012.13,379.0,Flat,Main_0_2399
943,RegionC,678.06,0.0,0.5392,1012.13,379.313333,Flat,Main_0_2399
943,RegionD,435.17,339.43,0.4118,1012.13,229.759667,Flat,Main_0_2399
943,RegionE,384.57,299.96,0.2157,1012.13,425.646,Flat,Main_0_2399
943,RegionF,404.81,315.75,0.2549,1012.13,376.103333,Flat,Main_0_2399
944,RegionA,728.31,0.0,0.5945,1059.81,365.405333,Flat,Main_0_2399
944,RegionB,697.96,0.0,0.5562,1059.81,377.396,Flat,Main_0_2399
944,RegionC,677.73,0.0,0.5274,1059.81,357.794,Flat,Main_0_2399
944,RegionD,434.96,339.27,0.4027,1059.81,248.698667,Flat,Main_0_2399
944,RegionE,384.38,299.82,0.211,1059.81,412.413333,Flat,Main_0_2399
944,RegionF,404.62,315.6,0.2493,1059.81,320.056667,Flat,Main_0_2399
945,RegionA,727.96,0.0,0.582,1089.78,368.7,Flat,Main_0_2399
945,RegionB,697.63,0.0,0.5445,1089.78,375.496667,Flat,Main_0_2399
945,RegionC,677.41,0.0,0.5163,1089.78,361.368667,Flat,Main_0_2399
945,RegionD,434.76,339.11,0.3943,1089.78,250.794667,Flat,Main_0_2399
945,RegionE,384.2,299.68,0.2065,1089.78,387.58,Flat,Main_0_2399
945,RegionF,404.42,315.45,0.2441,1089.78,335.776,Flat,Main_0_2399
946,RegionA,727.63,0.0,0.5713,1100.0,370.342667,Flat,Main_0_2399
946,RegionB,697.31,0.0,0.5344,1100.0,373.888667,Flat,Main_0_2399
946,RegionC,677.1,0.0,0.5068,1100.0,363.84,Flat,Main_0_2399
946,RegionD,434.56,338.96,0.387,1100.0,246.43,Flat,Main_0_2399
946,RegionE,384.03,299.54,0.2027,1100.0,319.78,Flat,Main_0_2399
946,RegionF,404.24,315.31,0.2396,1100.0,329.170667,Flat,Main_0_2399
947,RegionA,727.31,0.0,0.5629,1089.78,368.634,Flat,Main_0_2399
947,RegionB,697.01,0.0,0.5266,1089.78,359.35,Flat,Main_0_2399
947,RegionC,676.8,0.0,0.4994,1089.78,361.648,Flat,Main_0_2399
947,RegionD,434.37,338.81,0.3814,1089.78,217.206333,Flat,Main_0_2399
947,RegionE,383.86,299.41,0.1998,1089.78,299.269333,Flat,Main_0_2399
947,RegionF,404.06,315.17,0.2361,1089.78,296.878333,Flat,Main_0_2399
948,RegionA,727.0,0.0,0.5575,1059.81,349.292667,Flat,Main_0_2399
948,RegionB,696.71,0.0,0.5216,1059.81,315.181,Flat,Main_0_2399
948,RegionC,676.52,0.0,0.4946,1059.81,335.522,Flat,Main_0_2399
948,RegionD,434.18,338.66,0.3777,1059.81,204.694667,Flat,Main_0_2399
948,RegionE,383.7,299.29,0.1978,1059.81,297.803333,Flat,Main_0_2399
948,RegionF,403.89,315.03,0.2338,1059.81,264.75,Flat,Main_0_2399
949,RegionA,726.7,0.0,0.5554,1012.13,313.122667,Flat,Main_0_2399
949,RegionB,696.42,0.0,0.5196,1012.13,299.908667,Flat,Main_0_2399
949,RegionC,676.24,0.0,0.4927,1012.13,324.098,Flat,Main_0_2399
949,RegionD,434.0,338.52,0.3763,1012.13,246.176,Flat,Main_0_2399
949,RegionE,383.54,299.16,0.1971,1012.13,284.142667,Flat,Main_0_2399
949,RegionF,403.72,314.9,0.2329,1012.13,235.419333,Flat,Main_0_2399
950,RegionA,726.42,0.0,0.5567,950.0,298.115,Flat,Main_0_2399
950,RegionB,696.15,0.0,0.5208,950.0,263.094667,Flat,Main_0_2399
950,RegionC,675.97,0.0,0.4939,950.0,300.083333,Flat,Main_0_2399
950,RegionD,433.83,338.39,0.3771,950.0,223.91,Flat,Main_0_2399
950,RegionE,383.39,299.04,0.1975,950.0,259.11,Flat,Main_0_2399
950,RegionF,403.57,314.78,0.2335,950.0,237.074,Flat,Main_0_2399
951,RegionA,726.14,0.0,0.5613,877.65,270.888,Flat,Main_0_2399
951,RegionB,695.89,0.0,0.5251,877.65,252.987,Flat,Main_0_2399
951,RegionC,675.72,0.0,0.4979,877.65,281.065,Flat,Main_0_2399
951,RegionD,433.67,338.26,0.3802,877.65,208.420333,Flat,Main_0_2399
951,RegionE,383.24,298.93,0.1992,877.65,192.504333,Flat,Main_0_2399
951,RegionF,403.41,314.66,0.2354,877.65,187.211,Flat,Main_0_2399
952,RegionA,725.88,0.0,0.5688,800.0,255.627333,Flat,Main_0_2399
952,RegionB,695.64,0.0,0.5321,800.0,185.393,Flat,Main_0_2399
952,RegionC,675.47,0.0,0.5046,800.0,235.356667,Flat,Main_0_2399
952,RegionD,433.51,338.14,0.3853,800.0,176.664667,Flat,Main_0_2399
952,RegionE,383.1,298.82,0.2018,800.0,92.120667,Flat,Main_0_2399
952,RegionF,403.27,314.55,0.2385,800.0,178.977333,Flat,Main_0_2399
953,RegionA,1052.17,0.0,0.5788,722.35,200.805,Peak,Main_0_2399
953,RegionB,1008.33,0.0,0.5414,722.35,168.081,Peak,Main_0_2399
953,RegionC,979.1,0.0,0.5134,722.35,237.697,Peak,Main_0_2399
953,RegionD,628.38,490.14,0.3921,722.35,148.34,Peak,Main_0_2399
953,RegionE,555.31,433.14,0.2054,722.35,63.511333,Peak,Main_0_2399
953,RegionF,584.54,455.94,0.2427,722.35,163.235,Peak,Main_0_2399
954,RegionA,1051.83,0.0,0.5904,650.0,219.493333,Peak,Main_0_2399
954,RegionB,1008.0,0.0,0.5523,650.0,187.296667,Peak,Main_0_2399
954,RegionC,978.79,0.0,0.5237,650.0,247.008667,Peak,Main_0_2399
954,RegionD,628.18,489.98,0.4,650.0,174.864333,Peak,Main_0_2399
954,RegionE,555.13,433.0,0.2095,650.0,106.826667,Peak,Main_0_2399
954,RegionF,584.35,455.79,0.2476,650.0,136.912,Peak,Main_0_2399
955,RegionA,1051.51,0.0,0.603,587.87,208.346,Peak,Main_0_2399
955,RegionB,1007.7,0.0,0.5641,587.87,205.582,Peak,Main_0_2399
955,RegionC,978.49,0.0,0.5349,587.87,221.25,Peak,Main_0_2399
955,RegionD,627.98,489.82,0.4085,587.87,175.484667,Peak,Main_0_2399
955,RegionE,554.96,432.87,0.214,587.87,157.856,Peak,Main_0_2399
955,RegionF,584.17,455.65,0.2529,587.87,162.202,Peak,Main_0_2399
956,RegionA,1051.21,0.0,0.6155,540.19,184.626,Peak,Main_0_2399
956,RegionB,1007.41,0.0,0.5758,540.19,259.078667,Peak,Main_0_2399
956,RegionC,978.21,0.0,0.546,540.19,230.220667,Peak,Main_0_2399
956,RegionD,627.81,489.69,0.417,540.19,197.307,Peak,Main_0_2399
956,RegionE,554.8,432.74,0.2184,540.19,174.494667,Peak,Main_0_2399
956,RegionF,584.0,455.52,0.2581,540.19,174.204667,Peak,Main_0_2399
957,RegionA,1050.93,0.0,0.6272,510.22,239.4,Peak,Main_0_2399
957,RegionB,1007.14,0.0,0.5868,510.22,244.713,Peak,Main_0_2399
957,RegionC,977.95,0.0,0.5564,510.22,260.375333,Peak,Main_0_2399
957,RegionD,627.64,489.56,0.4249,510.22,219.098,Peak,Main_0_2399
957,RegionE,554.66,432.63,0.2226,510.22,209.446,Peak,Main_0_2399
957,RegionF,583.85,455.4,0.263,510.22,190.954,Peak,Main_0_2399
958,RegionA,652.14,0.0,0.6373,500.0,281.473,Flat,Main_0_2399
958,RegionB,624.97,0.0,0.5962,500.0,254.382,Flat,Main_0_2399
958,RegionC,606.85,0.0,0.5653,500.0,282.322667,Flat,Main_0_2399
958,RegionD,389.47,303.79,0.4317,500.0,264.746,Flat,Main_0_2399
958,RegionE,344.18,268.46,0.2261,500.0,308.429667,Flat,Main_0_2399
958,RegionF,362.3,282.59,0.2673,500.0,228.84,Flat,Main_0_2399
959,RegionA,651.99,0.0,0.645,510.22,295.640667,Flat,Main_0_2399
959,RegionB,624.82,0.0,0.6034,510.22,278.52,Flat,Main_0_2399
959,RegionC,606.71,0.0,0.5722,510.22,298.083333,Flat,Main_0_2399
959,RegionD,389.38,303.72,0.4369,510.22,283.918,Flat,Main_0_2399
959,RegionE,344.11,268.41,0.2289,510.22,310.61,Flat,Main_0_2399
959,RegionF,362.22,282.53,0.2705,510.22,220.716667,Flat,Main_0_2399
960,RegionA,470.78,0.0,0.6498,540.19,325.607333,Valley,Main_0_2399
960,RegionB,451.17,0.0,0.6079,540.19,322.031333,Valley,Main_0_2399
960,RegionC,438.09,0.0,0.5764,540.19,342.4,Valley,Main_0_2399
960,RegionD,281.16,219.3,0.4402,540.19,326.774,Valley,Main_0_2399
960,RegionE,248.47,193.81,0.2306,540.19,311.031667,Valley,Main_0_2399
960,RegionF,261.55,204.01,0.2725,540.19,195.510667,Valley,Main_0_2399
961,RegionA,470.7,0.0,0.6513,587.87,369.829333,Valley,Main_0_2399
961,RegionB,451.08,0.0,0.6093,587.87,306.06,Valley,Main_0_2399
961,RegionC,438.01,0.0,0.5778,587.87,345.763333,Valley,Main_0_2399
961,RegionD,281.11,219.27,0.4412,587.87,360.816,Valley,Main_0_2399
961,RegionE,248.42,193.77,0.2311,587.87,318.369333,Valley,Main_0_2399
961,RegionF,261.5,203.97,0.2731,587.87,307.023333,Valley,Main_0_2399
962,RegionA,470.62,0.0,0.6495,650.0,392.188,Valley,Main_0_2399
962,RegionB,451.01,0.0,0.6076,650.0,353.772333,Valley,Main_0_2399
962,RegionC,437.94,0.0,0.5762,650.0,369.366667,Valley,Main_0_2399
962,RegionD,281.06,219.23,0.44,650.0,367.0,Valley,Main_0_2399
962,RegionE,248.38,193.74,0.2305,650.0,321.350667,Valley,Main_0_2399
962,RegionF,261.45,203.93,0.2724,650.0,332.286333,Valley,Main_0_2399
963,RegionA,470.55,0.0,0.6445,722.35,394.155,Valley,Main_0_2399
963,RegionB,450.94,0.0,0.6029,722.35,368.964,Valley,Main_0_2399
963,RegionC,437.87,0.0,0.5717,722.35,380.284333,Valley,Main_0_2399
963,RegionD,281.02,219.2,0.4366,722.35,398.604,Valley,Main_0_2399
963,RegionE,248.34,193.71,0.2287,722.35,339.287333,Valley,Main_0_2399
963,RegionF,261.42,203.91,0.2703,722.35,397.179333,Valley,Main_0_2399
964,RegionA,470.49,0.0,0.6365,800.0,394.428,Valley,Main_0_2399
964,RegionB,450.88,0.0,0.5955,800.0,369.687333,Valley,Main_0_2399
964,RegionC,437.82,0.0,0.5647,800.0,384.28,Valley,Main_0_2399
964,RegionD,280.99,219.17,0.4312,800.0,400.896667,Valley,Main_0_2399
964,RegionE,248.31,193.68,0.2259,800.0,346.547,Valley,Main_0_2399
964,RegionF,261.38,203.88,0.2669,800.0,398.237333,Valley,Main_0_2399
965,RegionA,470.44,0.0,0.6262,877.65,393.523667,Valley,Main_0_2399
965,RegionB,450.84,0.0,0.5858,877.65,372.218667,Valley,Main_0_2399
965,RegionC,437.77,0.0,0.5555,877.65,380.08,Valley,Main_0_2399
965,RegionD,280.96,219.15,0.4242,877.65,441.118667,Valley,Main_0_2399
965,RegionE,248.29,193.67,0.2222,877.65,350.907333,Valley,Main_0_2399
965,RegionF,261.35,203.85,0.2626,877.65,406.977333,Valley,Main_0_2399
966,RegionA,470.4,0.0,0.6142,950.0,380.095667,Valley,Main_0_2399
966,RegionB,450.8,0.0,0.5746,950.0,372.807333,Valley,Main_0_2399
966,RegionC,437.73,0.0,0.5449,950.0,378.559333,Valley,Main_0_2399
966,RegionD,280.93,219.13,0.4161,950.0,372.568333,Valley,Main_0_2399
966,RegionE,248.27,193.65,0.218,950.0,344.112,Valley,Main_0_2399
966,RegionF,261.33,203.84,0.2576,950.0,433.737,Valley,Main_0_2399
967,RegionA,723.64,0.0,0.6014,1012.13,358.669,Flat,Main_0_2399
967,RegionB,693.49,0.0,0.5626,1012.13,385.779667,Flat,Main_0_2399
967,RegionC,673.39,0.0,0.5335,1012.13,375.346,Flat,Main_0_2399
967,RegionD,432.18,337.1,0.4074,1012.13,341.901667,Flat,Main_0_2399
967,RegionE,381.92,297.9,0.2134,1012.13,367.451667,Flat,Main_0_2399
967,RegionF,402.02,313.58,0.2522,1012.13,426.602667,Flat,Main_0_2399
968,RegionA,723.61,0.0,0.5886,1059.81,365.873333,Flat,Main_0_2399
968,RegionB,693.46,0.0,0.5506,1059.81,370.853333,Flat,Main_0_2399
968,RegionC,673.36,0.0,0.5222,1059.81,375.121,Flat,Main_0_2399
968,RegionD,432.16,337.08,0.3987,1059.81,352.506667,Flat,Main_0_2399
968,RegionE,381.91,297.89,0.2089,1059.81,376.154,Flat,Main_0_2399
968,RegionF,402.01,313.57,0.2468,1059.81,437.477333,Flat,Main_0_2399
969,RegionA,723.6,0.0,0.5767,1089.78,368.54,Flat,Main_0_2399
969,RegionB,693.45,0.0,0.5395,1089.78,359.942667,Flat,Main_0_2399
969,RegionC,673.35,0.0,0.5116,1089.78,366.264333,Flat,Main_0_2399
969,RegionD,432.15,337.08,0.3907,1089.78,286.217,Flat,Main_0_2399
969,RegionE,381.9,297.88,0.2046,1089.78,309.910667,Flat,Main_0_2399
969,RegionF,402.0,313.56,0.2418,1089.78,358.143333,Flat,Main_0_2399
970,RegionA,723.59,0.0,0.5665,1100.0,367.167333,Flat,Main_0_2399
970,RegionB,693.44,0.0,0.53,1100.0,350.687333,Flat,Main_0_2399
970,RegionC,673.34,0.0,0.5026,1100.0,365.928667,Flat,Main_0_2399
970,RegionD,432.15,337.08,0.3838,1100.0,280.481333,Flat,Main_0_2399
970,RegionE,381.9,297.88,0.201,1100.0,327.095667,Flat,Main_0_2399
970,RegionF,402.0,313.56,0.2376,1100.0,351.704,Flat,Main_0_2399
971,RegionA,723.61,0.0,0.5588,1089.78,361.398667,Flat,Main_0_2399
971,RegionB,693.46,0.0,0.5227,1089.78,374.89,Flat,Main_0_2399
971,RegionC,673.36,0.0,0.4957,1089.78,336.474,Flat,Main_0_2399
971,RegionD,432.15,337.08,0.3785,1089.78,246.492667,Flat,Main_0_2399
971,RegionE,381.9,297.88,0.1983,1089.78,279.910667,Flat,Main_0_2399
971,RegionF,402.0,313.56,0.2343,1089.78,317.11,Flat,Main_0_2399
972,RegionA,723.64,0.0,0.554,1059.81,323.422333,Flat,Main_0_2399
972,RegionB,693.48,0.0,0.5182,1059.81,332.78,Flat,Main_0_2399
972,RegionC,673.38,0.0,0.4914,1059.81,352.698,Flat,Main_0_2399
972,RegionD,432.17,337.09,0.3753,1059.81,275.302667,Flat,Main_0_2399
972,RegionE,381.92,297.9,0.1966,1059.81,256.635667,Flat,Main_0_2399
972,RegionF,402.02,313.58,0.2323,1059.81,270.212333,Flat,Main_0_2399
973,RegionA,723.68,0.0,0.5524,1012.13,314.967667,Flat,Main_0_2399
973,RegionB,693.52,0.0,0.5168,1012.13,306.727667,Flat,Main_0_2399
973,RegionC,673.42,0.0,0.4901,1012.13,328.200667,Flat,Main_0_2399
973,RegionD,432.2,337.12,0.3742,1012.13,245.097667,Flat,Main_0_2399
973,RegionE,381.94,297.91,0.196,1012.13,238.723333,Flat,Main_0_2399
973,RegionF,402.04,313.59,0.2317,1012.13,297.507667,Flat,Main_0_2399
974,RegionA,723.73,0.0,0.5543,950.0,288.337667,Flat,Main_0_2399
974,RegionB,693.58,0.0,0.5186,950.0,309.042333,Flat,Main_0_2399
974,RegionC,673.48,0.0,0.4917,950.0,310.918,Flat,Main_0_2399
974,RegionD,432.23,337.14,0.3755,950.0,254.877667,Flat,Main_0_2399
974,RegionE,381.97,297.94,0.1967,950.0,236.581333,Flat,Main_0_2399
974,RegionF,402.07,313.61,0.2325,950.0,290.473667,Flat,Main_0_2399
975,RegionA,723.81,0.0,0.5595,877.65,270.987667,Flat,Main_0_2399
975,RegionB,693.65,0.0,0.5234,877.65,268.049333,Flat,Main_0_2399
975,RegionC,673.54,0.0,0.4963,877.65,293.672,Flat,Main_0_2399
975,RegionD,432.27,337.17,0.379,877.65,246.464667,Flat,Main_0_2399
975,RegionE,382.01,297.97,0.1985,877.65,213.752,Flat,Main_0_2399
975,RegionF,402.11,313.65,0.2346,877.65,259.288667,Flat,Main_0_2399
976,RegionA,723.89,0.0,0.5676,800.0,252.762667,Flat,Main_0_2399
976,RegionB,693.73,0.0,0.531,800.0,228.964,Flat,Main_0_2399
976,RegionC,673.62,0.0,0.5035,800.0,223.455,Flat,Main_0_2399
976,RegionD,432.32,337.21,0.3845,800.0,236.507667,Flat,Main_0_2399
976,RegionE,382.05,298.0,0.2014,800.0,192.223,Flat,Main_0_2399
976,RegionF,402.16,313.68,0.238,800.0,233.61,Flat,Main_0_2399
977,RegionA,1049.79,0.0,0.5782,722.35,201.473333,Peak,Main_0_2399
977,RegionB,1006.05,0.0,0.5409,722.35,235.351667,Peak,Main_0_2399
977,RegionC,976.89,0.0,0.5129,722.35,235.473333,Peak,Main_0_2399
977,RegionD,626.96,489.03,0.3917,722.35,203.195333,Peak,Main_0_2399
977,RegionE,554.05,432.16,0.2052,722.35,152.613333,Peak,Main_0_2399
977,RegionF,583.22,454.91,0.2425,722.35,194.684,Peak,Main_0_2399
978,RegionA,1049.95,0.0,0.5904,650.0,203.082667,Peak,Main_0_2399
978,RegionB,1006.2,0.0,0.5523,650.0,189.971667,Peak,Main_0_2399
978,RegionC,977.04,0.0,0.5237,650.0,236.226667,Peak,Main_0_2399
978,RegionD,627.05,489.1,0.4,650.0,189.873333,Peak,Main_0_2399
978,RegionE,554.14,432.23,0.2095,650.0,158.67,Peak,Main_0_2399
978,RegionF,583.31,454.98,0.2476,650.0,187.836667,Peak,Main_0_2399
979,RegionA,1050.14,0.0,0.6036,587.87,237.550667,Peak,Main_0_2399
979,RegionB,1006.38,0.0,0.5646,587.87,229.714667,Peak,Main_0_2399
979,RegionC,977.21,0.0,0.5354,587.87,240.378,Peak,Main_0_2399
979,RegionD,627.16,489.18,0.4089,587.87,166.497,Peak,Main_0_2399
979,RegionE,554.24,432.31,0.2142,587.87,204.012,Peak,Main_0_2399
979,RegionF,583.41,455.06,0.2531,587.87,222.46,Peak,Main_0_2399
980,RegionA,1050.34,0.0,0.6167,540.19,226.956667,Peak,Main_0_2399
980,RegionB,1006.58,0.0,0.5769,540.19,213.201333,Peak,Main_0_2399
980,RegionC,977.4,0.0,0.5471,540.19,233.401667,Peak,Main_0_2399
980,RegionD,627.29,489.29,0.4178,540.19,79.978,Peak,Main_0_2399
980,RegionE,554.35,432.39,0.2188,540.19,213.757333,Peak,Main_0_2399
980,RegionF,583.52,455.15,0.2586,540.19,175.36,Peak,Main_0_2399
981,RegionA,1050.56,0.0,0.6291,510.22,234.911667,Peak,Main_0_2399
981,RegionB,1006.79,0.0,0.5885,510.22,245.251667,Peak,Main_0_2399
981,RegionC,977.61,0.0,0.558,510.22,280.674667,Peak,Main_0_2399
981,RegionD,627.42,489.39,0.4261,510.22,114.613333,Peak,Main_0_2399
981,RegionE,554.46,432.48,0.2232,510.22,242.234,Peak,Main_0_2399
981,RegionF,583.65,455.25,0.2638,510.22,211.187,Peak,Main_0_2399
982,RegionA,652.22,0.0,0.6397,500.0,239.408333,Flat,Main_0_2399
982,RegionB,625.05,0.0,0.5984,500.0,260.168333,Flat,Main_0_2399
982,RegionC,606.93,0.0,0.5675,500.0,281.238,Flat,Main_0_2399
982,RegionD,389.52,303.83,0.4333,500.0,200.123,Flat,Main_0_2399
982,RegionE,344.23,268.5,0.227,500.0,277.92,Flat,Main_0_2399
982,RegionF,362.35,282.63,0.2683,500.0,257.427333,Flat,Main_0_2399
983,RegionA,652.38,0.0,0.648,510.22,287.422667,Flat,Main_0_2399
983,RegionB,625.2,0.0,0.6062,510.22,259.872333,Flat,Main_0_2399
983,RegionC,607.08,0.0,0.5748,510.22,295.034667,Flat,Main_0_2399
983,RegionD,389.62,303.9,0.439,510.22,215.174667,Flat,Main_0_2399
983,RegionE,344.31,268.56,0.2299,510.22,318.83,Flat,Main_0_2399
983,RegionF,362.43,282.7,0.2717,510.22,290.64,Flat,Main_0_2399
984,RegionA,471.29,0.0,0.6534,540.19,306.096667,Valley,Main_0_2399
984,RegionB,451.65,0.0,0.6112,540.19,359.418667,Valley,Main_0_2399
984,RegionC,438.56,0.0,0.5796,540.19,310.208,Valley,Main_0_2399
984,RegionD,281.46,219.54,0.4426,540.19,284.686,Valley,Main_0_2399
984,RegionE,248.74,194.02,0.2318,540.19,319.33,Valley,Main_0_2399
984,RegionF,261.83,204.23,0.274,540.19,306.110667,Valley,Main_0_2399
985,RegionA,471.42,0.0,0.6555,587.87,358.717333,Valley,Main_0_2399
985,RegionB,451.78,0.0,0.6132,587.87,368.78,Valley,Main_0_2399
985,RegionC,438.68,0.0,0.5815,587.87,324.727333,Valley,Main_0_2399
985,RegionD,281.54,219.6,0.444,587.87,279.59,Valley,Main_0_2399
985,RegionE,248.8,194.06,0.2326,587.87,336.946667,Valley,Main_0_2399
985,RegionF,261.9,204.28,0.2749,587.87,333.182667,Valley,Main_0_2399
986,RegionA,471.56,0.0,0.6543,650.0,361.530667,Valley,Main_0_2399
986,RegionB,451.91,0.0,0.6121,650.0,378.04,Valley,Main_0_2399
986,RegionC,438.81,0.0,0.5804,650.0,352.786667,Valley,Main_0_2399
986,RegionD,281.63,219.67,0.4432,650.0,351.498,Valley,Main_0_2399
986,RegionE,248.88,194.13,0.2322,650.0,369.26,Valley,Main_0_2399
986,RegionF,261.98,204.34,0.2744,650.0,351.224,Valley,Main_0_2399
987,RegionA,471.7,0.0,0.6498,722.35,374.887333,Valley,Main_0_2399
987,RegionB,452.05,0.0,0.6079,722.35,371.32,Valley,Main_0_2399
987,RegionC,438.95,0.0,0.5764,722.35,354.454,Valley,Main_0_2399
987,RegionD,281.71,219.73,0.4402,722.35,378.127333,Valley,Main_0_2399
987,RegionE,248.95,194.18,0.2306,722.35,375.962667,Valley,Main_0_2399
987,RegionF,262.06,204.41,0.2725,722.35,363.826,Valley,Main_0_2399
988,RegionA,471.86,0.0,0.6424,800.0,385.836,Valley,Main_0_2399
988,RegionB,452.2,0.0,0.601,800.0,378.72,Valley,Main_0_2399
988,RegionC,439.09,0.0,0.5699,800.0,353.141667,Valley,Main_0_2399
988,RegionD,281.8,219.8,0.4352,800.0,397.923,Valley,Main_0_2399
988,RegionE,249.04,194.25,0.228,800.0,413.816667,Valley,Main_0_2399
988,RegionF,262.14,204.47,0.2694,800.0,393.601333,Valley,Main_0_2399
989,RegionA,472.02,0.0,0.6327,877.65,392.44,Valley,Main_0_2399
989,RegionB,452.35,0.0,0.5919,877.65,379.717333,Valley,Main_0_2399
989,RegionC,439.24,0.0,0.5612,877.65,354.888,Valley,Main_0_2399
989,RegionD,281.9,219.88,0.4286,877.65,394.831667,Valley,Main_0_2399
989,RegionE,249.12,194.31,0.2245,877.65,455.748333,Valley,Main_0_2399
989,RegionF,262.23,204.54,0.2653,877.65,410.351667,Valley,Main_0_2399
990,RegionA,472.18,0.0,0.6212,950.0,395.808,Valley,Main_0_2399
990,RegionB,452.51,0.0,0.5812,950.0,364.258667,Valley,Main_0_2399
990,RegionC,439.39,0.0,0.5511,950.0,322.764,Valley,Main_0_2399
990,RegionD,282.0,219.96,0.4208,950.0,359.87,Valley,Main_0_2399
990,RegionE,249.21,194.38,0.2204,950.0,420.133333,Valley,Main_0_2399
990,RegionF,262.32,204.61,0.2605,950.0,388.300333,Valley,Main_0_2399
991,RegionA,726.7,0.0,0.609,1012.13,389.133,Flat,Main_0_2399
991,RegionB,696.42,0.0,0.5697,1012.13,364.977333,Flat,Main_0_2399
991,RegionC,676.23,0.0,0.5402,1012.13,305.224667,Flat,Main_0_2399
991,RegionD,434.0,338.52,0.4125,1012.13,353.460667,Flat,Main_0_2399
991,RegionE,383.53,299.15,0.2161,1012.13,359.206667,Flat,Main_0_2399
991,RegionF,403.72,314.9,0.2554,1012.13,443.32,Flat,Main_0_2399
992,RegionA,726.97,0.0,0.5967,1059.81,376.268,Flat,Main_0_2399
992,RegionB,696.68,0.0,0.5582,1059.81,365.203333,Flat,Main_0_2399
992,RegionC,676.49,0.0,0.5293,1059.81,321.852,Flat,Main_0_2399
992,RegionD,434.16,338.64,0.4042,1059.81,363.983667,Flat,Main_0_2399
992,RegionE,383.68,299.27,0.2117,1059.81,308.130333,Flat,Main_0_2399
992,RegionF,403.87,315.02,0.2502,1059.81,377.540667,Flat,Main_0_2399
993,RegionA,727.25,0.0,0.5853,1089.78,389.504667,Flat,Main_0_2399
993,RegionB,696.95,0.0,0.5475,1089.78,368.860667,Flat,Main_0_2399
993,RegionC,676.75,0.0,0.5192,1089.78,327.252667,Flat,Main_0_2399
993,RegionD,434.33,338.78,0.3965,1089.78,291.071333,Flat,Main_0_2399
993,RegionE,383.83,299.39,0.2077,1089.78,340.37,Flat,Main_0_2399
993,RegionF,404.03,315.14,0.2455,1089.78,388.079333,Flat,Main_0_2399
994,RegionA,727.54,0.0,0.5756,1100.0,387.605333,Flat,Main_0_2399
994,RegionB,697.23,0.0,0.5385,1100.0,378.580333,Flat,Main_0_2399
994,RegionC,677.02,0.0,0.5106,1100.0,341.164,Flat,Main_0_2399
994,RegionD,434.5,338.91,0.3899,1100.0,295.821333,Flat,Main_0_2399
994,RegionE,383.98,299.5,0.2043,1100.0,307.051333,Flat,Main_0_2399
994,RegionF,404.19,315.27,0.2414,1100.0,342.236,Flat,Main_0_2399
995,RegionA,727.84,0.0,0.5684,1089.78,366.282,Flat,Main_0_2399
995,RegionB,697.51,0.0,0.5317,1089.78,377.387,Flat,Main_0_2399
995,RegionC,677.29,0.0,0.5042,1089.78,360.731333,Flat,Main_0_2399
995,RegionD,434.68,339.05,0.385,1089.78,285.205333,Flat,Main_0_2399
995,RegionE,384.14,299.63,0.2017,1089.78,288.728333,Flat,Main_0_2399
995,RegionF,404.35,315.39,0.2383,1089.78,338.35,Flat,Main_0_2399
996,RegionA,728.14,0.0,0.564,1059.81,338.258667,Flat,Main_0_2399
996,RegionB,697.8,0.0,0.5276,1059.81,344.563333,Flat,Main_0_2399
996,RegionC,677.58,0.0,0.5003,1059.81,358.93,Flat,Main_0_2399
996,RegionD,434.86,339.19,0.3821,1059.81,260.577,Flat,Main_0_2399
996,RegionE,384.3,299.75,0.2001,1059.81,292.34,Flat,Main_0_2399
996,RegionF,404.52,315.53,0.2365,1059.81,289.315667,Flat,Main_0_2399
997,RegionA,728.45,0.0,0.563,1012.13,308.137333,Flat,Main_0_2399
997,RegionB,698.1,0.0,0.5266,1012.13,320.715667,Flat,Main_0_2399
997,RegionC,677.87,0.0,0.4994,1012.13,310.895667,Flat,Main_0_2399
997,RegionD,435.05,339.34,0.3814,1012.13,252.162667,Flat,Main_0_2399
997,RegionE,384.46,299.88,0.1998,1012.13,277.784333,Flat,Main_0_2399
997,RegionF,404.7,315.67,0.2361,1012.13,302.108333,Flat,Main_0_2399
998,RegionA,728.77,0.0,0.5653,950.0,295.832667,Flat,Main_0_2399
998,RegionB,698.4,0.0,0.5288,950.0,304.86,Flat,Main_0_2399
998,RegionC,678.16,0.0,0.5015,950.0,284.330333,Flat,Main_0_2399
998,RegionD,435.24,339.49,0.3829,950.0,219.540667,Flat,Main_0_2399
998,RegionE,384.63,300.01,0.2006,950.0,245.941333,Flat,Main_0_2399
998,RegionF,404.87,315.8,0.2371,950.0,258.034,Flat,Main_0_2399
999,RegionA,729.09,0.0,0.5709,877.65,270.023,Flat,Main_0_2399
999,RegionB,698.71,0.0,0.5341,877.65,255.033667,Flat,Main_0_2399
999,RegionC,678.46,0.0,0.5064,877.65,282.187,Flat,Main_0_2399
999,RegionD,435.43,339.64,0.3867,877.65,214.538,Flat,Main_0_2399
999,RegionE,384.8,300.14,0.2026,877.65,200.717667,Flat,Main_0_2399
999,RegionF,405.05,315.94,0.2394,877.65,233.184,Flat,Main_0_2399
1000,RegionA,729.42,0.0,0.5794,800.0,225.705667,Flat,Main_0_2399
1000,RegionB,699.02,0.0,0.5421,800.0,206.993667,Flat,Main_0_2399
1000,RegionC,678.76,0.0,0.514,800.0,241.054,Flat,Main_0_2399
1000,RegionD,435.62,339.78,0.3925,800.0,188.27,Flat,Main_0_2399
1000,RegionE,384.97,300.28,0.2056,800.0,151.162667,Flat,Main_0_2399
1000,RegionF,405.23,316.08,0.243,800.0,178.061,Flat,Main_0_2399
1001,RegionA,1058.13,0.0,0.5904,722.35,210.140667,Peak,Main_0_2399
1001,RegionB,1014.05,0.0,0.5523,722.35,213.05,Peak,Main_0_2399
1001,RegionC,984.65,0.0,0.5237,722.35,201.04,Peak,Main_0_2399
1001,RegionD,631.94,492.91,0.3999,722.35,186.603333,Peak,Main_0_2399
1001,RegionE,558.46,435.6,0.2095,722.35,155.323333,Peak,Main_0_2399
1001,RegionF,587.85,458.52,0.2476,722.35,160.354,Peak,Main_0_2399
1002,RegionA,1058.62,0.0,0.603,650.0,155.674667,Peak,Main_0_2399
1002,RegionB,1014.51,0.0,0.5641,650.0,196.705333,Peak,Main_0_2399
1002,RegionC,985.1,0.0,0.5349,650.0,210.956667,Peak,Main_0_2399
1002,RegionD,632.23,493.14,0.4085,650.0,148.805333,Peak,Main_0_2399
1002,RegionE,558.72,435.8,0.214,650.0,135.93,Peak,Main_0_2399
1002,RegionF,588.12,458.73,0.2529,650.0,116.740333,Peak,Main_0_2399
1003,RegionA,1059.11,0.0,0.6165,587.87,190.342667,Peak,Main_0_2399
1003,RegionB,1014.98,0.0,0.5768,587.87,197.568333,Peak,Main_0_2399
1003,RegionC,985.56,0.0,0.5469,587.87,215.138667,Peak,Main_0_2399
1003,RegionD,632.52,493.37,0.4177,587.87,178.161,Peak,Main_0_2399
1003,RegionE,558.97,436.0,0.2188,587.87,138.375667,Peak,Main_0_2399
1003,RegionF,588.39,458.94,0.2585,587.87,166.653333,Peak,Main_0_2399
1004,RegionA,1059.6,0.0,0.6301,540.19,219.756667,Peak,Main_0_2399
1004,RegionB,1015.45,0.0,0.5894,540.19,214.494667,Peak,Main_0_2399
1004,RegionC,986.02,0.0,0.5589,540.19,263.474,Peak,Main_0_2399
1004,RegionD,632.82,493.6,0.4268,540.19,128.187,Peak,Main_0_2399
1004,RegionE,559.24,436.21,0.2236,540.19,178.426667,Peak,Main_0_2399
1004,RegionF,588.67,459.16,0.2642,540.19,149.426,Peak,Main_0_2399
1005,RegionA,1060.1,0.0,0.6427,510.22,240.76,Peak,Main_0_2399
1005,RegionB,1015.93,0.0,0.6013,510.22,257.786333,Peak,Main_0_2399
1005,RegionC,986.48,0.0,0.5702,510.22,242.51,Peak,Main_0_2399
1005,RegionD,633.12,493.83,0.4354,510.22,190.964333,Peak,Main_0_2399
1005,RegionE,559.5,436.41,0.2281,510.22,171.456,Peak,Main_0_2399
1005,RegionF,588.94,459.37,0.2695,510.22,198.862333,Peak,Main_0_2399
1006,RegionA,658.3,0.0,0.6537,500.0,247.001333,Flat,Main_0_2399
1006,RegionB,630.87,0.0,0.6115,500.0,309.241667,Flat,Main_0_2399
1006,RegionC,612.59,0.0,0.5799,500.0,288.487667,Flat,Main_0_2399
1006,RegionD,393.15,306.66,0.4428,500.0,174.235333,Flat,Main_0_2399
1006,RegionE,347.44,271.0,0.232,500.0,192.886667,Flat,Main_0_2399
1006,RegionF,365.72,285.26,0.2741,500.0,225.873333,Flat,Main_0_2399
1007,RegionA,658.61,0.0,0.6623,510.22,276.806667,Flat,Main_0_2399
1007,RegionB,631.17,0.0,0.6195,510.22,320.164667,Flat,Main_0_2399
1007,RegionC,612.88,0.0,0.5875,510.22,320.850667,Flat,Main_0_2399
1007,RegionD,393.34,306.81,0.4486,510.22,243.96,Flat,Main_0_2399
1007,RegionE,347.6,271.13,0.235,510.22,233.516667,Flat,Main_0_2399
1007,RegionF,365.9,285.4,0.2777,510.22,259.072,Flat,Main_0_2399
1008,RegionA,475.89,0.0,0.6679,540.19,295.808667,Valley,Main_0_2399
1008,RegionB,456.06,0.0,0.6248,540.19,338.483,Valley,Main_0_2399
1008,RegionC,442.84,0.0,0.5925,540.19,349.83,Valley,Main_0_2399
1008,RegionD,284.21,221.68,0.4525,540.19,292.94,Valley,Main_0_2399
1008,RegionE,251.16,195.9,0.237,540.19,230.542667,Valley,Main_0_2399
1008,RegionF,264.38,206.22,0.2801,540.19,290.608,Valley,Main_0_2399
1009,RegionA,476.12,0.0,0.6703,587.87,331.965333,Valley,Main_0_2399
1009,RegionB,456.28,0.0,0.6271,587.87,365.172667,Valley,Main_0_2399
1009,RegionC,443.05,0.0,0.5946,587.87,379.85,Valley,Main_0_2399
1009,RegionD,284.35,221.79,0.4541,587.87,328.626333,Valley,Main_0_2399
1009,RegionE,251.28,196.0,0.2378,587.87,342.943,Valley,Main_0_2399
1009,RegionF,264.51,206.32,0.2811,587.87,295.733333,Valley,Main_0_2399
1010,RegionA,476.34,0.0,0.6693,650.0,357.494,Valley,Main_0_2399
1010,RegionB,456.49,0.0,0.6261,650.0,380.199333,Valley,Main_0_2399
1010,RegionC,443.26,0.0,0.5937,650.0,379.356,Valley,Main_0_2399
1010,RegionD,284.48,221.89,0.4534,650.0,311.670333,Valley,Main_0_2399
1010,RegionE,251.4,196.09,0.2375,650.0,350.092,Valley,Main_0_2399
1010,RegionF,264.63,206.41,0.2807,650.0,297.173667,Valley,Main_0_2399
1011,RegionA,476.56,0.0,0.665,722.35,361.036667,Valley,Main_0_2399
1011,RegionB,456.71,0.0,0.6221,722.35,384.5,Valley,Main_0_2399
1011,RegionC,443.47,0.0,0.59,722.35,382.94,Valley,Main_0_2399
1011,RegionD,284.61,222.0,0.4505,722.35,316.258,Valley,Main_0_2399
1011,RegionE,251.52,196.19,0.236,722.35,357.875333,Valley,Main_0_2399
1011,RegionF,264.76,206.51,0.2789,722.35,359.004,Valley,Main_0_2399
1012,RegionA,476.79,0.0,0.6578,800.0,361.114333,Valley,Main_0_2399
1012,RegionB,456.92,0.0,0.6154,800.0,386.962333,Valley,Main_0_2399
1012,RegionC,443.68,0.0,0.5836,800.0,380.96,Valley,Main_0_2399
1012,RegionD,284.75,222.11,0.4456,800.0,372.161667,Valley,Main_0_2399
1012,RegionE,251.64,196.28,0.2334,800.0,392.193667,Valley,Main_0_2399
1012,RegionF,264.88,206.61,0.2759,800.0,347.2,Valley,Main_0_2399
1013,RegionA,477.01,0.0,0.6483,877.65,367.326667,Valley,Main_0_2399
1013,RegionB,457.13,0.0,0.6064,877.65,385.313333,Valley,Main_0_2399
1013,RegionC,443.88,0.0,0.5751,877.65,381.181667,Valley,Main_0_2399
1013,RegionD,284.88,222.21,0.4391,877.65,385.855333,Valley,Main_0_2399
1013,RegionE,251.75,196.37,0.23,877.65,384.08,Valley,Main_0_2399
1013,RegionF,265.0,206.7,0.2719,877.65,393.283333,Valley,Main_0_2399
1014,RegionA,477.23,0.0,0.637,950.0,381.712667,Valley,Main_0_2399
1014,RegionB,457.34,0.0,0.5959,950.0,383.868,Valley,Main_0_2399
1014,RegionC,444.09,0.0,0.5651,950.0,385.968,Valley,Main_0_2399
1014,RegionD,285.01,222.31,0.4315,950.0,373.484667,Valley,Main_0_2399
1014,RegionE,251.87,196.46,0.226,950.0,398.464667,Valley,Main_0_2399
1014,RegionF,265.13,206.8,0.2671,950.0,418.377,Valley,Main_0_2399
1015,RegionA,734.53,0.0,0.6248,1012.13,388.588667,Flat,Main_0_2399
1015,RegionB,703.92,0.0,0.5845,1012.13,381.255,Flat,Main_0_2399
1015,RegionC,683.52,0.0,0.5543,1012.13,386.673333,Flat,Main_0_2399
1015,RegionD,438.68,342.17,0.4233,1012.13,319.979333,Flat,Main_0_2399
1015,RegionE,387.67,302.38,0.2217,1012.13,427.812667,Flat,Main_0_2399
1015,RegionF,408.07,318.29,0.262,1012.13,439.110667,Flat,Main_0_2399
1016,RegionA,734.86,0.0,0.6126,1059.81,374.67,Flat,Main_0_2399
1016,RegionB,704.24,0.0,0.5731,1059.81,383.372667,Flat,Main_0_2399
1016,RegionC,683.83,0.0,0.5435,1059.81,379.515333,Flat,Main_0_2399
1016,RegionD,438.87,342.32,0.415,1059.81,336.887667,Flat,Main_0_2399
1016,RegionE,387.84,302.52,0.2174,1059.81,391.533333,Flat,Main_0_2399
1016,RegionF,408.25,318.44,0.2569,1059.81,426.873333,Flat,Main_0_2399
1017,RegionA,735.18,0.0,0.6013,1089.78,378.241333,Flat,Main_0_2399
1017,RegionB,704.55,0.0,0.5625,1089.78,373.472,Flat,Main_0_2399
1017,RegionC,684.13,0.0,0.5334,1089.78,381.772,Flat,Main_0_2399
1017,RegionD,439.07,342.47,0.4074,1089.78,285.514333,Flat,Main_0_2399
1017,RegionE,388.01,302.65,0.2134,1089.78,388.642,Flat,Main_0_2399
1017,RegionF,408.44,318.58,0.2522,1089.78,362.8,Flat,Main_0_2399
1018,RegionA,735.5,0.0,0.5917,1100.0,379.615,Flat,Main_0_2399
1018,RegionB,704.86,0.0,0.5535,1100.0,372.490333,Flat,Main_0_2399
1018,RegionC,684.43,0.0,0.5249,1100.0,375.596333,Flat,Main_0_2399
1018,RegionD,439.26,342.62,0.4008,1100.0,219.492667,Flat,Main_0_2399
1018,RegionE,388.18,302.78,0.21,1100.0,357.358,Flat,Main_0_2399
1018,RegionF,408.61,318.72,0.2481,1100.0,366.105,Flat,Main_0_2399
1019,RegionA,735.82,0.0,0.5845,1089.78,337.116667,Flat,Main_0_2399
1019,RegionB,705.16,0.0,0.5468,1089.78,355.46,Flat,Main_0_2399
1019,RegionC,684.72,0.0,0.5185,1089.78,380.014,Flat,Main_0_2399
1019,RegionD,439.45,342.77,0.3959,1089.78,243.188667,Flat,Main_0_2399
1019,RegionE,388.35,302.91,0.2074,1089.78,344.257667,Flat,Main_0_2399
1019,RegionF,408.79,318.86,0.2451,1089.78,284.904667,Flat,Main_0_2399
1020,RegionA,736.13,0.0,0.5802,1059.81,317.72,Flat,Main_0_2399
1020,RegionB,705.45,0.0,0.5427,1059.81,325.854,Flat,Main_0_2399
1020,RegionC,685.01,0.0,0.5147,1059.81,343.756,Flat,Main_0_2399
1020,RegionD,439.63,342.91,0.393,1059.81,254.821333,Flat,Main_0_2399
1020,RegionE,388.51,303.04,0.2059,1059.81,312.236667,Flat,Main_0_2399
1020,RegionF,408.96,318.99,0.2433,1059.81,278.213333,Flat,Main_0_2399
1021,RegionA,736.43,0.0,0.5791,1012.13,294.651,Flat,Main_0_2399
1021,RegionB,705.74,0.0,0.5417,1012.13,316.43,Flat,Main_0_2399
1021,RegionC,685.29,0.0,0.5137,1012.13,329.312,Flat,Main_0_2399
1021,RegionD,439.81,343.05,0.3923,1012.13,218.595333,Flat,Main_0_2399
1021,RegionE,388.67,303.16,0.2055,1012.13,280.959333,Flat,Main_0_2399
1021,RegionF,409.13,319.12,0.2428,1012.13,271.356667,Flat,Main_0_2399
1022,RegionA,736.72,0.0,0.5814,950.0,269.45,Flat,Main_0_2399
1022,RegionB,706.03,0.0,0.5439,950.0,299.604,Flat,Main_0_2399
1022,RegionC,685.56,0.0,0.5157,950.0,306.568,Flat,Main_0_2399
1022,RegionD,439.99,343.19,0.3938,950.0,182.281,Flat,Main_0_2399
1022,RegionE,388.83,303.29,0.2063,950.0,281.007333,Flat,Main_0_2399
1022,RegionF,409.29,319.25,0.2438,950.0,249.493667,Flat,Main_0_2399
1023,RegionA,737.01,0.0,0.5869,877.65,226.039667,Flat,Main_0_2399
1023,RegionB,706.3,0.0,0.5491,877.65,270.471667,Flat,Main_0_2399
1023,RegionC,685.83,0.0,0.5207,877.65,274.809,Flat,Main_0_2399
1023,RegionD,440.16,343.32,0.3976,877.65,170.7,Flat,Main_0_2399
1023,RegionE,388.98,303.4,0.2083,877.65,256.180333,Flat,Main_0_2399
1023,RegionF,409.45,319.37,0.2461,877.65,208.149333,Flat,Main_0_2399
1024,RegionA,737.29,0.0,0.5954,800.0,217.060667,Flat,Main_0_2399
1024,RegionB,706.57,0.0,0.557,800.0,223.393667,Flat,Main_0_2399
1024,RegionC,686.09,0.0,0.5282,800.0,221.560667,Flat,Main_0_2399
1024,RegionD,440.33,343.46,0.4033,800.0,133.422,Flat,Main_0_2399
1024,RegionE,389.12,303.51,0.2113,800.0,179.1,Flat,Main_0_2399
1024,RegionF,409.6,319.49,0.2497,800.0,183.526,Flat,Main_0_2399
1025,RegionA,1069.46,0.0,0.6062,722.35,190.972667,Peak,Main_0_2399
1025,RegionB,1024.9,0.0,0.5671,722.35,176.498667,Peak,Main_0_2399
1025,RegionC,995.19,0.0,0.5378,722.35,193.647333,Peak,Main_0_2399
1025,RegionD,638.71,498.19,0.4107,722.35,77.365333,Peak,Main_0_2399
1025,RegionE,564.44,440.26,0.2151,722.35,153.924667,Peak,Main_0_2399
1025,RegionF,594.14,463.43,0.2542,722.35,145.362667,Peak,Main_0_2399
1026,RegionA,1069.84,0.0,0.6188,650.0,234.688,Peak,Main_0_2399
1026,RegionB,1025.26,0.0,0.5788,650.0,208.498333,Peak,Main_0_2399
1026,RegionC,995.54,0.0,0.5489,650.0,207.945333,Peak,Main_0_2399
1026,RegionD,638.93,498.37,0.4192,650.0,89.208667,Peak,Main_0_2399
1026,RegionE,564.64,440.42,0.2196,650.0,150.66,Peak,Main_0_2399
1026,RegionF,594.36,463.6,0.2595,650.0,104.808,Peak,Main_0_2399
1027,RegionA,1070.2,0.0,0.6321,587.87,206.641,Peak,Main_0_2399
1027,RegionB,1025.61,0.0,0.5913,587.87,226.764333,Peak,Main_0_2399
1027,RegionC,995.88,0.0,0.5608,587.87,234.451667,Peak,Main_0_2399
1027,RegionD,639.15,498.54,0.4282,587.87,113.711667,Peak,Main_0_2399
1027,RegionE,564.83,440.57,0.2243,587.87,128.119667,Peak,Main_0_2399
1027,RegionF,594.56,463.76,0.2651,587.87,168.611333,Peak,Main_0_2399
1028,RegionA,1070.55,0.0,0.6455,540.19,234.05,Peak,Main_0_2399
1028,RegionB,1025.95,0.0,0.6038,540.19,206.878,Peak,Main_0_2399
1028,RegionC,996.21,0.0,0.5726,540.19,233.963333,Peak,Main_0_2399
1028,RegionD,639.36,498.7,0.4373,540.19,88.682,Peak,Main_0_2399
1028,RegionE,565.02,440.72,0.229,540.19,176.261,Peak,Main_0_2399
1028,RegionF,594.75,463.91,0.2707,540.19,170.311333,Peak,Main_0_2399
1029,RegionA,1070.89,0.0,0.658,510.22,230.845333,Peak,Main_0_2399
1029,RegionB,1026.27,0.0,0.6155,510.22,233.608333,Peak,Main_0_2399
1029,RegionC,996.52,0.0,0.5837,510.22,240.464,Peak,Main_0_2399
1029,RegionD,639.56,498.86,0.4457,510.22,172.455333,Peak,Main_0_2399
1029,RegionE,565.19,440.85,0.2335,510.22,195.805333,Peak,Main_0_2399
1029,RegionF,594.94,464.05,0.2759,510.22,170.99,Peak,Main_0_2399
1030,RegionA,664.89,0.0,0.6687,500.0,240.603667,Flat,Main_0_2399
1030,RegionB,637.19,0.0,0.6256,500.0,249.563333,Flat,Main_0_2399
1030,RegionC,618.72,0.0,0.5932,500.0,275.638,Flat,Main_0_2399
1030,RegionD,397.09,309.73,0.453,500.0,148.123,Flat,Main_0_2399
1030,RegionE,350.91,273.71,0.2373,500.0,196.647333,Flat,Main_0_2399
1030,RegionF,369.38,288.12,0.2804,500.0,187.428333,Flat,Main_0_2399
1031,RegionA,665.08,0.0,0.6771,510.22,278.758333,Flat,Main_0_2399
1031,RegionB,637.37,0.0,0.6334,510.22,299.397333,Flat,Main_0_2399
1031,RegionC,618.89,0.0,0.6006,510.22,306.938333,Flat,Main_0_2399
1031,RegionD,397.2,309.82,0.4586,510.22,200.251333,Flat,Main_0_2399
1031,RegionE,351.01,273.79,0.2402,510.22,275.542667,Flat,Main_0_2399
1031,RegionF,369.49,288.2,0.2839,510.22,251.314,Flat,Main_0_2399
1032,RegionA,480.46,0.0,0.6825,540.19,333.412,Valley,Main_0_2399
1032,RegionB,460.44,0.0,0.6384,540.19,364.784333,Valley,Main_0_2399
1032,RegionC,447.1,0.0,0.6054,540.19,360.252,Valley,Main_0_2399
1032,RegionD,286.94,223.81,0.4623,540.19,180.258,Valley,Main_0_2399
1032,RegionE,253.58,197.79,0.2422,540.19,295.995333,Valley,Main_0_2399
1032,RegionF,266.92,208.2,0.2862,540.19,316.072,Valley,Main_0_2399
1033,RegionA,480.58,0.0,0.6846,587.87,351.740333,Valley,Main_0_2399
1033,RegionB,460.56,0.0,0.6404,587.87,388.672,Valley,Main_0_2399
1033,RegionC,447.21,0.0,0.6073,587.87,378.613333,Valley,Main_0_2399
1033,RegionD,287.02,223.88,0.4637,587.87,191.605667,Valley,Main_0_2399
1033,RegionE,253.64,197.84,0.2429,587.87,348.79,Valley,Main_0_2399
1033,RegionF,266.99,208.25,0.2871,587.87,325.34,Valley,Main_0_2399
1034,RegionA,480.7,0.0,0.6833,650.0,350.762667,Valley,Main_0_2399
1034,RegionB,460.67,0.0,0.6392,650.0,364.133333,Valley,Main_0_2399
1034,RegionC,447.32,0.0,0.6061,650.0,383.364,Valley,Main_0_2399
1034,RegionD,287.08,223.92,0.4629,650.0,257.459,Valley,Main_0_2399
1034,RegionE,253.7,197.89,0.2425,650.0,365.498,Valley,Main_0_2399
1034,RegionF,267.05,208.3,0.2865,650.0,391.267,Valley,Main_0_2399
1035,RegionA,480.8,0.0,0.6787,722.35,357.096,Valley,Main_0_2399
1035,RegionB,460.77,0.0,0.6349,722.35,340.537333,Valley,Main_0_2399
1035,RegionC,447.41,0.0,0.6021,722.35,383.433333,Valley,Main_0_2399
1035,RegionD,287.15,223.98,0.4598,722.35,297.523333,Valley,Main_0_2399
1035,RegionE,253.76,197.93,0.2408,722.35,389.660667,Valley,Main_0_2399
1035,RegionF,267.11,208.35,0.2846,722.35,385.888667,Valley,Main_0_2399
1036,RegionA,480.9,0.0,0.6712,800.0,368.816,Valley,Main_0_2399
1036,RegionB,460.86,0.0,0.6279,800.0,329.448667,Valley,Main_0_2399
1036,RegionC,447.5,0.0,0.5954,800.0,370.262333,Valley,Main_0_2399
1036,RegionD,287.2,224.02,0.4547,800.0,320.102667,Valley,Main_0_2399
1036,RegionE,253.81,197.97,0.2382,800.0,380.542,Valley,Main_0_2399
1036,RegionF,267.17,208.39,0.2815,800.0,390.515,Valley,Main_0_2399
1037,RegionA,480.99,0.0,0.6612,877.65,379.322667,Valley,Main_0_2399
1037,RegionB,460.95,0.0,0.6186,877.65,350.255333,Valley,Main_0_2399
1037,RegionC,447.58,0.0,0.5866,877.65,370.330667,Valley,Main_0_2399
1037,RegionD,287.26,224.06,0.4479,877.65,354.523333,Valley,Main_0_2399
1037,RegionE,253.85,198.0,0.2346,877.65,443.33,Valley,Main_0_2399
1037,RegionF,267.21,208.42,0.2773,877.65,384.882667,Valley,Main_0_2399
1038,RegionA,481.07,0.0,0.6496,950.0,379.838,Valley,Main_0_2399
1038,RegionB,461.02,0.0,0.6077,950.0,361.22,Valley,Main_0_2399
1038,RegionC,447.66,0.0,0.5763,950.0,371.26,Valley,Main_0_2399
1038,RegionD,287.3,224.09,0.44,950.0,416.792,Valley,Main_0_2399
1038,RegionE,253.9,198.04,0.2305,950.0,393.988,Valley,Main_0_2399
1038,RegionF,267.26,208.46,0.2724,950.0,411.258,Valley,Main_0_2399
1039,RegionA,740.21,0.0,0.637,1012.13,382.145333,Flat,Main_0_2399
1039,RegionB,709.37,0.0,0.5959,1012.13,360.152,Flat,Main_0_2399
1039,RegionC,688.81,0.0,0.5651,1012.13,370.389333,Flat,Main_0_2399
1039,RegionD,442.07,344.81,0.4315,1012.13,412.244667,Flat,Main_0_2399
1039,RegionE,390.67,304.72,0.226,1012.13,449.795,Flat,Main_0_2399
1039,RegionF,411.23,320.76,0.2671,1012.13,419.124,Flat,Main_0_2399
1040,RegionA,740.3,0.0,0.6245,1059.81,375.058667,Flat,Main_0_2399
1040,RegionB,709.46,0.0,0.5842,1059.81,353.496,Flat,Main_0_2399
1040,RegionC,688.89,0.0,0.554,1059.81,373.694,Flat,Main_0_2399
1040,RegionD,442.13,344.86,0.423,1059.81,389.525333,Flat,Main_0_2399
1040,RegionE,390.72,304.76,0.2216,1059.81,408.92,Flat,Main_0_2399
1040,RegionF,411.28,320.8,0.2619,1059.81,427.53,Flat,Main_0_2399
1041,RegionA,740.38,0.0,0.6128,1089.78,384.832,Flat,Main_0_2399
1041,RegionB,709.53,0.0,0.5732,1089.78,357.345333,Flat,Main_0_2399
1041,RegionC,688.97,0.0,0.5436,1089.78,371.250667,Flat,Main_0_2399
1041,RegionD,442.17,344.89,0.4151,1089.78,346.076667,Flat,Main_0_2399
1041,RegionE,390.76,304.79,0.2174,1089.78,390.323333,Flat,Main_0_2399
1041,RegionF,411.32,320.83,0.257,1089.78,365.402667,Flat,Main_0_2399
1042,RegionA,740.45,0.0,0.6027,1100.0,359.673333,Flat,Main_0_2399
1042,RegionB,709.6,0.0,0.5638,1100.0,371.296,Flat,Main_0_2399
1042,RegionC,689.03,0.0,0.5347,1100.0,370.393333,Flat,Main_0_2399
1042,RegionD,442.21,344.92,0.4083,1100.0,334.700333,Flat,Main_0_2399
1042,RegionE,390.79,304.82,0.2139,1100.0,354.739333,Flat,Main_0_2399
1042,RegionF,411.36,320.86,0.2527,1100.0,364.802,Flat,Main_0_2399
1043,RegionA,740.5,0.0,0.595,1089.78,358.142667,Flat,Main_0_2399
1043,RegionB,709.65,0.0,0.5566,1089.78,345.805,Flat,Main_0_2399
1043,RegionC,689.08,0.0,0.5278,1089.78,354.676,Flat,Main_0_2399
1043,RegionD,442.24,344.95,0.4031,1089.78,310.665333,Flat,Main_0_2399
1043,RegionE,390.82,304.84,0.2111,1089.78,315.579333,Flat,Main_0_2399
1043,RegionF,411.39,320.88,0.2495,1089.78,356.008,Flat,Main_0_2399
1044,RegionA,740.54,0.0,0.5902,1059.81,337.150667,Flat,Main_0_2399
1044,RegionB,709.68,0.0,0.5521,1059.81,318.494,Flat,Main_0_2399
1044,RegionC,689.11,0.0,0.5236,1059.81,345.234,Flat,Main_0_2399
1044,RegionD,442.27,344.97,0.3998,1059.81,321.875,Flat,Main_0_2399
1044,RegionE,390.84,304.86,0.2094,1059.81,297.08,Flat,Main_0_2399
1044,RegionF,411.41,320.9,0.2475,1059.81,256.762667,Flat,Main_0_2399
1045,RegionA,740.56,0.0,0.5887,1012.13,313.046667,Flat,Main_0_2399
1045,RegionB,709.7,0.0,0.5507,1012.13,314.097667,Flat,Main_0_2399
1045,RegionC,689.13,0.0,0.5222,1012.13,323.818667,Flat,Main_0_2399
1045,RegionD,442.28,344.98,0.3988,1012.13,301.746333,Flat,Main_0_2399
1045,RegionE,390.85,304.86,0.2089,1012.13,220.806667,Flat,Main_0_2399
1045,RegionF,411.42,320.91,0.2469,1012.13,229.346667,Flat,Main_0_2399
1046,RegionA,740.57,0.0,0.5905,950.0,284.771667,Flat,Main_0_2399
1046,RegionB,709.71,0.0,0.5524,950.0,277.807667,Flat,Main_0_2399
1046,RegionC,689.14,0.0,0.5238,950.0,307.497667,Flat,Main_0_2399
1046,RegionD,442.28,344.98,0.4,950.0,273.443333,Flat,Main_0_2399
1046,RegionE,390.85,304.86,0.2095,950.0,201.886,Flat,Main_0_2399
1046,RegionF,411.43,320.92,0.2476,950.0,215.153333,Flat,Main_0_2399
1047,RegionA,740.56,0.0,0.5955,877.65,265.809333,Flat,Main_0_2399
1047,RegionB,709.7,0.0,0.5571,877.65,269.243,Flat,Main_0_2399
1047,RegionC,689.13,0.0,0.5283,877.65,278.422667,Flat,Main_0_2399
1047,RegionD,442.28,344.98,0.4034,877.65,218.494667,Flat,Main_0_2399
1047,RegionE,390.85,304.86,0.2113,877.65,159.602333,Flat,Main_0_2399
1047,RegionF,411.42,320.91,0.2497,877.65,194.283,Flat,Main_0_2399
1048,RegionA,740.54,0.0,0.6035,800.0,220.687333,Flat,Main_0_2399
1048,RegionB,709.68,0.0,0.5645,800.0,221.507333,Flat,Main_0_2399
1048,RegionC,689.11,0.0,0.5353,800.0,244.035333,Flat,Main_0_2399
1048,RegionD,442.26,344.96,0.4088,800.0,192.317333,Flat,Main_0_2399
1048,RegionE,390.84,304.86,0.2141,800.0,146.326667,Flat,Main_0_2399
1048,RegionF,411.41,320.9,0.2531,800.0,174.483667,Flat,Main_0_2399
1049,RegionA,1073.72,0.0,0.6138,722.35,222.687667,Peak,Main_0_2399
1049,RegionB,1028.98,0.0,0.5742,722.35,208.1,Peak,Main_0_2399
1049,RegionC,999.16,0.0,0.5445,722.35,210.556667,Peak,Main_0_2399
1049,RegionD,641.25,500.18,0.4158,722.35,148.8,Peak,Main_0_2399
1049,RegionE,566.69,442.02,0.2178,722.35,150.39,Peak,Main_0_2399
1049,RegionF,596.51,465.28,0.2574,722.35,175.19,Peak,Main_0_2399
1050,RegionA,1073.64,0.0,0.6258,650.0,221.309,Peak,Main_0_2399
1050,RegionB,1028.91,0.0,0.5854,650.0,180.209333,Peak,Main_0_2399
1050,RegionC,999.08,0.0,0.5551,650.0,200.153333,Peak,Main_0_2399
1050,RegionD,641.2,500.14,0.4239,650.0,92.439,Peak,Main_0_2399
1050,RegionE,566.65,441.99,0.222,650.0,128.641,Peak,Main_0_2399
1050,RegionF,596.47,465.25,0.2624,650.0,179.609333,Peak,Main_0_2399
1051,RegionA,1073.54,0.0,0.6386,587.87,242.306667,Peak,Main_0_2399
1051,RegionB,1028.81,0.0,0.5974,587.87,215.331333,Peak,Main_0_2399
1051,RegionC,998.99,0.0,0.5665,587.87,210.478667,Peak,Main_0_2399
1051,RegionD,641.14,500.09,0.4326,587.87,119.227,Peak,Main_0_2399
1051,RegionE,566.59,441.94,0.2266,587.87,141.646,Peak,Main_0_2399
1051,RegionF,596.41,465.2,0.2678,587.87,177.463667,Peak,Main_0_2399
1052,RegionA,1073.42,0.0,0.6514,540.19,240.756333,Peak,Main_0_2399
1052,RegionB,1028.7,0.0,0.6094,540.19,224.029333,Peak,Main_0_2399
1052,RegionC,998.88,0.0,0.5778,540.19,233.861667,Peak,Main_0_2399
1052,RegionD,641.07,500.03,0.4413,540.19,156.629333,Peak,Main_0_2399
1052,RegionE,566.53,441.89,0.2311,540.19,134.318,Peak,Main_0_2399
1052,RegionF,596.35,465.15,0.2732,540.19,228.612667,Peak,Main_0_2399
1053,RegionA,1073.28,0.0,0.6633,510.22,249.404,Peak,Main_0_2399
1053,RegionB,1028.56,0.0,0.6205,510.22,219.917333,Peak,Main_0_2399
1053,RegionC,998.75,0.0,0.5884,510.22,218.126333,Peak,Main_0_2399
1053,RegionD,640.99,499.97,0.4493,510.22,114.983333,Peak,Main_0_2399
1053,RegionE,566.45,441.83,0.2354,510.22,189.758,Peak,Main_0_2399
1053,RegionF,596.27,465.09,0.2782,510.22,229.217333,Peak,Main_0_2399
1054,RegionA,666.07,0.0,0.6735,500.0,261.036,Flat,Main_0_2399
1054,RegionB,638.32,0.0,0.63,500.0,273.726,Flat,Main_0_2399
1054,RegionC,619.82,0.0,0.5974,500.0,274.708333,Flat,Main_0_2399
1054,RegionD,397.79,310.28,0.4562,500.0,156.591333,Flat,Main_0_2399
1054,RegionE,351.54,274.2,0.239,500.0,184.208667,Flat,Main_0_2399
1054,RegionF,370.04,288.63,0.2824,500.0,224.225333,Flat,Main_0_2399
1055,RegionA,665.95,0.0,0.6812,510.22,321.976667,Flat,Main_0_2399
1055,RegionB,638.21,0.0,0.6373,510.22,300.534,Flat,Main_0_2399
1055,RegionC,619.71,0.0,0.6043,510.22,302.716667,Flat,Main_0_2399
1055,RegionD,397.72,310.22,0.4615,510.22,203.426,Flat,Main_0_2399
1055,RegionE,351.48,274.15,0.2417,510.22,236.291333,Flat,Main_0_2399
1055,RegionF,369.97,288.58,0.2857,510.22,263.253333,Flat,Main_0_2399
1056,RegionA,480.87,0.0,0.686,540.19,346.473333,Valley,Main_0_2399
1056,RegionB,460.84,0.0,0.6418,540.19,339.861667,Valley,Main_0_2399
1056,RegionC,447.48,0.0,0.6086,540.19,329.528333,Valley,Main_0_2399
1056,RegionD,287.19,224.01,0.4647,540.19,234.744,Valley,Main_0_2399
1056,RegionE,253.79,197.96,0.2434,540.19,217.323,Valley,Main_0_2399
1056,RegionF,267.15,208.38,0.2877,540.19,329.666,Valley,Main_0_2399
1057,RegionA,480.77,0.0,0.6876,587.87,362.567667,Valley,Main_0_2399
1057,RegionB,460.74,0.0,0.6432,587.87,381.305667,Valley,Main_0_2399
1057,RegionC,447.38,0.0,0.6099,587.87,351.75,Valley,Main_0_2399
1057,RegionD,287.13,223.96,0.4658,587.87,255.277333,Valley,Main_0_2399
1057,RegionE,253.74,197.92,0.244,587.87,284.333333,Valley,Main_0_2399
1057,RegionF,267.09,208.33,0.2883,587.87,326.136667,Valley,Main_0_2399
1058,RegionA,480.66,0.0,0.6857,650.0,375.415,Valley,Main_0_2399
1058,RegionB,460.63,0.0,0.6414,650.0,386.141,Valley,Main_0_2399
1058,RegionC,447.28,0.0,0.6083,650.0,347.721333,Valley,Main_0_2399
1058,RegionD,287.06,223.91,0.4645,650.0,308.786667,Valley,Main_0_2399
1058,RegionE,253.68,197.87,0.2433,650.0,331.776333,Valley,Main_0_2399
1058,RegionF,267.03,208.28,0.2875,650.0,352.245333,Valley,Main_0_2399
1059,RegionA,480.54,0.0,0.6805,722.35,392.303667,Valley,Main_0_2399
1059,RegionB,460.51,0.0,0.6366,722.35,381.74,Valley,Main_0_2399
1059,RegionC,447.17,0.0,0.6037,722.35,361.506667,Valley,Main_0_2399
1059,RegionD,286.99,223.85,0.461,722.35,359.670667,Valley,Main_0_2399
1059,RegionE,253.62,197.82,0.2415,722.35,372.344,Valley,Main_0_2399
1059,RegionF,266.96,208.23,0.2854,722.35,364.109333,Valley,Main_0_2399
1060,RegionA,480.4,0.0,0.6724,800.0,393.864,Valley,Main_0_2399
1060,RegionB,460.39,0.0,0.629,800.0,379.322667,Valley,Main_0_2399
1060,RegionC,447.04,0.0,0.5965,800.0,355.796667,Valley,Main_0_2399
1060,RegionD,286.91,223.79,0.4555,800.0,436.574,Valley,Main_0_2399
1060,RegionE,253.55,197.77,0.2386,800.0,383.602,Valley,Main_0_2399
1060,RegionF,266.89,208.17,0.282,800.0,388.047333,Valley,Main_0_2399
1061,RegionA,480.26,0.0,0.6618,877.65,393.218667,Valley,Main_0_2399
1061,RegionB,460.25,0.0,0.6191,877.65,380.250667,Valley,Main_0_2399
1061,RegionC,446.91,0.0,0.5871,877.65,365.829333,Valley,Main_0_2399
1061,RegionD,286.82,223.72,0.4483,877.65,416.321333,Valley,Main_0_2399
1061,RegionE,253.47,197.71,0.2348,877.65,417.843,Valley,Main_0_2399
1061,RegionF,266.81,208.11,0.2775,877.65,416.424,Valley,Main_0_2399
1062,RegionA,480.11,0.0,0.6496,950.0,394.101,Valley,Main_0_2399
1062,RegionB,460.11,0.0,0.6077,950.0,376.513333,Valley,Main_0_2399
1062,RegionC,446.77,0.0,0.5763,950.0,370.668,Valley,Main_0_2399
1062,RegionD,286.74,223.66,0.44,950.0,424.418667,Valley,Main_0_2399
1062,RegionE,253.39,197.64,0.2305,950.0,415.033333,Valley,Main_0_2399
1062,RegionF,266.73,208.05,0.2724,950.0,473.416667,Valley,Main_0_2399
1063,RegionA,738.39,0.0,0.6364,1012.13,393.702667,Flat,Main_0_2399
1063,RegionB,707.63,0.0,0.5954,1012.13,376.721,Flat,Main_0_2399
1063,RegionC,687.12,0.0,0.5646,1012.13,350.976,Flat,Main_0_2399
1063,RegionD,440.99,343.97,0.4311,1012.13,409.678,Flat,Main_0_2399
1063,RegionE,389.71,303.97,0.2258,1012.13,395.962,Flat,Main_0_2399
1063,RegionF,410.22,319.97,0.2669,1012.13,447.36,Flat,Main_0_2399
1064,RegionA,738.14,0.0,0.6233,1059.81,394.836667,Flat,Main_0_2399
1064,RegionB,707.38,0.0,0.5831,1059.81,377.887333,Flat,Main_0_2399
1064,RegionC,686.88,0.0,0.5529,1059.81,364.270667,Flat,Main_0_2399
1064,RegionD,440.83,343.85,0.4222,1059.81,391.23,Flat,Main_0_2399
1064,RegionE,389.57,303.86,0.2212,1059.81,355.350667,Flat,Main_0_2399
1064,RegionF,410.08,319.86,0.2614,1059.81,375.71,Flat,Main_0_2399
1065,RegionA,737.87,0.0,0.6109,1089.78,391.549,Flat,Main_0_2399
1065,RegionB,707.12,0.0,0.5715,1089.78,378.008667,Flat,Main_0_2399
1065,RegionC,686.63,0.0,0.542,1089.78,346.508,Flat,Main_0_2399
1065,RegionD,440.67,343.72,0.4139,1089.78,377.139333,Flat,Main_0_2399
1065,RegionE,389.43,303.76,0.2168,1089.78,353.015333,Flat,Main_0_2399
1065,RegionF,409.93,319.75,0.2562,1089.78,342.174333,Flat,Main_0_2399
1066,RegionA,737.58,0.0,0.6003,1100.0,392.861333,Flat,Main_0_2399
1066,RegionB,706.85,0.0,0.5616,1100.0,376.421667,Flat,Main_0_2399
1066,RegionC,686.36,0.0,0.5325,1100.0,341.505333,Flat,Main_0_2399
1066,RegionD,440.5,343.59,0.4067,1100.0,324.183,Flat,Main_0_2399
1066,RegionE,389.28,303.64,0.213,1100.0,359.965667,Flat,Main_0_2399
1066,RegionF,409.77,319.62,0.2517,1100.0,322.848,Flat,Main_0_2399
1067,RegionA,737.29,0.0,0.592,1089.78,366.219,Flat,Main_0_2399
1067,RegionB,706.57,0.0,0.5538,1089.78,356.957667,Flat,Main_0_2399
1067,RegionC,686.09,0.0,0.5252,1089.78,349.641333,Flat,Main_0_2399
1067,RegionD,440.32,343.45,0.401,1089.78,310.141667,Flat,Main_0_2399
1067,RegionE,389.12,303.51,0.2101,1089.78,311.433333,Flat,Main_0_2399
1067,RegionF,409.6,319.49,0.2483,1089.78,336.784,Flat,Main_0_2399
1068,RegionA,736.98,0.0,0.5866,1059.81,351.497,Flat,Main_0_2399
1068,RegionB,706.27,0.0,0.5488,1059.81,325.696667,Flat,Main_0_2399
1068,RegionC,685.8,0.0,0.5204,1059.81,330.484333,Flat,Main_0_2399
1068,RegionD,440.14,343.31,0.3974,1059.81,255.101667,Flat,Main_0_2399
1068,RegionE,388.96,303.39,0.2082,1059.81,289.373333,Flat,Main_0_2399
1068,RegionF,409.43,319.36,0.246,1059.81,305.361667,Flat,Main_0_2399
1069,RegionA,736.66,0.0,0.5845,1012.13,315.580667,Flat,Main_0_2399
1069,RegionB,705.97,0.0,0.5468,1012.13,307.444333,Flat,Main_0_2399
1069,RegionC,685.5,0.0,0.5185,1012.13,335.52,Flat,Main_0_2399
1069,RegionD,439.95,343.16,0.396,1012.13,269.79,Flat,Main_0_2399
1069,RegionE,388.79,303.26,0.2074,1012.13,276.647,Flat,Main_0_2399
1069,RegionF,409.26,319.22,0.2451,1012.13,266.364667,Flat,Main_0_2399
1070,RegionA,736.33,0.0,0.5857,950.0,305.534333,Flat,Main_0_2399
1070,RegionB,705.65,0.0,0.5479,950.0,277.884333,Flat,Main_0_2399
1070,RegionC,685.19,0.0,0.5196,950.0,295.496,Flat,Main_0_2399
1070,RegionD,439.75,343.0,0.3968,950.0,257.840333,Flat,Main_0_2399
1070,RegionE,388.62,303.12,0.2078,950.0,253.282667,Flat,Main_0_2399
1070,RegionF,409.07,319.07,0.2456,950.0,257.179333,Flat,Main_0_2399
1071,RegionA,735.99,0.0,0.5902,877.65,268.755667,Flat,Main_0_2399
1071,RegionB,705.32,0.0,0.5521,877.65,254.853333,Flat,Main_0_2399
1071,RegionC,684.88,0.0,0.5236,877.65,265.679333,Flat,Main_0_2399
1071,RegionD,439.55,342.85,0.3998,877.65,237.131333,Flat,Main_0_2399
1071,RegionE,388.44,302.98,0.2094,877.65,224.818,Flat,Main_0_2399
1071,RegionF,408.88,318.93,0.2475,877.65,220.088,Flat,Main_0_2399
1072,RegionA,735.63,0.0,0.5976,800.0,244.817667,Flat,Main_0_2399
1072,RegionB,704.98,0.0,0.559,800.0,220.752667,Flat,Main_0_2399
1072,RegionC,684.55,0.0,0.5301,800.0,218.827333,Flat,Main_0_2399
1072,RegionD,439.34,342.69,0.4048,800.0,156.670667,Flat,Main_0_2399
1072,RegionE,388.25,302.84,0.212,800.0,144.347667,Flat,Main_0_2399
1072,RegionF,408.69,318.78,0.2506,800.0,171.754667,Flat,Main_0_2399
1073,RegionA,1066.14,0.0,0.6073,722.35,218.134333,Peak,Main_0_2399
1073,RegionB,1021.72,0.0,0.5681,722.35,207.627667,Peak,Main_0_2399
1073,RegionC,992.1,0.0,0.5388,722.35,227.671333,Peak,Main_0_2399
1073,RegionD,636.72,496.64,0.4114,722.35,140.471,Peak,Main_0_2399
1073,RegionE,562.69,438.9,0.2155,722.35,117.46,Peak,Main_0_2399
1073,RegionF,592.3,461.99,0.2547,722.35,161.03,Peak,Main_0_2399
1074,RegionA,1065.6,0.0,0.6188,650.0,236.984,Peak,Main_0_2399
1074,RegionB,1021.2,0.0,0.5788,650.0,165.734667,Peak,Main_0_2399
1074,RegionC,991.6,0.0,0.5489,650.0,202.324667,Peak,Main_0_2399
1074,RegionD,636.4,496.39,0.4192,650.0,156.632333,Peak,Main_0_2399
1074,RegionE,562.4,438.67,0.2196,650.0,131.428667,Peak,Main_0_2399
1074,RegionF,592.0,461.76,0.2595,650.0,167.494667,Peak,Main_0_2399
1075,RegionA,1065.04,0.0,0.631,587.87,224.736333,Peak,Main_0_2399
1075,RegionB,1020.67,0.0,0.5903,587.87,198.826,Peak,Main_0_2399
1075,RegionC,991.08,0.0,0.5598,587.87,210.677333,Peak,Main_0_2399
1075,RegionD,636.07,496.13,0.4275,587.87,128.891667,Peak,Main_0_2399
1075,RegionE,562.11,438.45,0.2239,587.87,155.212333,Peak,Main_0_2399
1075,RegionF,591.69,461.52,0.2646,587.87,186.644,Peak,Main_0_2399
1076,RegionA,1064.48,0.0,0.6433,540.19,231.065333,Peak,Main_0_2399
1076,RegionB,1020.12,0.0,0.6018,540.19,218.207333,Peak,Main_0_2399
1076,RegionC,990.55,0.0,0.5707,540.19,201.188,Peak,Main_0_2399
1076,RegionD,635.73,495.87,0.4358,540.19,130.151,Peak,Main_0_2399
1076,RegionE,561.81,438.21,0.2283,540.19,191.976,Peak,Main_0_2399
1076,RegionF,591.38,461.28,0.2698,540.19,182.425333,Peak,Main_0_2399
1077,RegionA,1063.9,0.0,0.6547,510.22,263.173333,Peak,Main_0_2399
1077,RegionB,1019.57,0.0,0.6125,510.22,262.836667,Peak,Main_0_2399
1077,RegionC,990.01,0.0,0.5808,510.22,195.044667,Peak,Main_0_2399
1077,RegionD,635.38,495.6,0.4435,510.22,153.842,Peak,Main_0_2399
1077,RegionE,561.5,437.97,0.2323,510.22,216.722667,Peak,Main_0_2399
1077,RegionF,591.05,461.02,0.2745,510.22,199.762667,Peak,Main_0_2399
1078,RegionA,659.98,0.0,0.6644,500.0,302.858333,Flat,Main_0_2399
1078,RegionB,632.48,0.0,0.6215,500.0,271.556,Flat,Main_0_2399
1078,RegionC,614.15,0.0,0.5894,500.0,260.32,Flat,Main_0_2399
1078,RegionD,394.16,307.44,0.4501,500.0,182.736667,Flat,Main_0_2399
1078,RegionE,348.32,271.69,0.2357,500.0,236.098333,Flat,Main_0_2399
1078,RegionF,366.66,285.99,0.2786,500.0,241.249333,Flat,Main_0_2399
1079,RegionA,659.61,0.0,0.6716,510.22,334.885333,Flat,Main_0_2399
1079,RegionB,632.12,0.0,0.6283,510.22,309.540333,Flat,Main_0_2399
1079,RegionC,613.8,0.0,0.5958,510.22,266.974667,Flat,Main_0_2399
1079,RegionD,393.93,307.27,0.455,510.22,180.030333,Flat,Main_0_2399
1079,RegionE,348.13,271.54,0.2383,510.22,237.888333,Flat,Main_0_2399
1079,RegionF,366.45,285.83,0.2817,510.22,256.464333,Flat,Main_0_2399
1080,RegionA,476.11,0.0,0.676,540.19,366.86,Valley,Main_0_2399
1080,RegionB,456.27,0.0,0.6324,540.19,339.055333,Valley,Main_0_2399
1080,RegionC,443.04,0.0,0.5997,540.19,308.813,Valley,Main_0_2399
1080,RegionD,284.34,221.79,0.4579,540.19,225.006,Valley,Main_0_2399
1080,RegionE,251.28,196.0,0.2399,540.19,287.62,Valley,Main_0_2399
1080,RegionF,264.5,206.31,0.2835,540.19,276.198,Valley,Main_0_2399
1081,RegionA,475.83,0.0,0.677,587.87,368.096667,Valley,Main_0_2399
1081,RegionB,456.0,0.0,0.6334,587.87,372.078333,Valley,Main_0_2399
1081,RegionC,442.78,0.0,0.6006,587.87,334.617333,Valley,Main_0_2399
1081,RegionD,284.18,221.66,0.4586,587.87,302.207333,Valley,Main_0_2399
1081,RegionE,251.13,195.88,0.2402,587.87,346.969667,Valley,Main_0_2399
1081,RegionF,264.35,206.19,0.2839,587.87,322.226,Valley,Main_0_2399
1082,RegionA,475.54,0.0,0.6747,650.0,400.266667,Valley,Main_0_2399
1082,RegionB,455.73,0.0,0.6312,650.0,383.863667,Valley,Main_0_2399
1082,RegionC,442.52,0.0,0.5985,650.0,347.969333,Valley,Main_0_2399
1082,RegionD,284.01,221.53,0.4571,650.0,333.772333,Valley,Main_0_2399
1082,RegionE,250.98,195.76,0.2394,650.0,385.258333,Valley,Main_0_2399
1082,RegionF,264.19,206.07,0.2829,650.0,368.856,Valley,Main_0_2399
1083,RegionA,475.26,0.0,0.6691,722.35,399.133333,Valley,Main_0_2399
1083,RegionB,455.46,0.0,0.6259,722.35,379.577,Valley,Main_0_2399
1083,RegionC,442.25,0.0,0.5936,722.35,371.428,Valley,Main_0_2399
1083,RegionD,283.83,221.39,0.4533,722.35,351.23,Valley,Main_0_2399
1083,RegionE,250.83,195.65,0.2374,722.35,374.036,Valley,Main_0_2399
1083,RegionF,264.03,205.94,0.2806,722.35,353.616667,Valley,Main_0_2399
1084,RegionA,474.97,0.0,0.6606,800.0,396.765333,Valley,Main_0_2399
1084,RegionB,455.18,0.0,0.6179,800.0,379.670667,Valley,Main_0_2399
1084,RegionC,441.98,0.0,0.586,800.0,374.387333,Valley,Main_0_2399
1084,RegionD,283.66,221.25,0.4475,800.0,393.607,Valley,Main_0_2399
1084,RegionE,250.68,195.53,0.2344,800.0,393.58,Valley,Main_0_2399
1084,RegionF,263.87,205.82,0.277,800.0,373.266667,Valley,Main_0_2399
1085,RegionA,474.67,0.0,0.6496,877.65,395.749333,Valley,Main_0_2399
1085,RegionB,454.9,0.0,0.6077,877.65,379.050667,Valley,Main_0_2399
1085,RegionC,441.71,0.0,0.5763,877.65,363.66,Valley,Main_0_2399
1085,RegionD,283.49,221.12,0.4401,877.65,376.174,Valley,Main_0_2399
1085,RegionE,250.52,195.41,0.2305,877.65,433.338,Valley,Main_0_2399
1085,RegionF,263.71,205.69,0.2724,877.65,398.722667,Valley,Main_0_2399
1086,RegionA,474.38,0.0,0.637,950.0,393.032,Valley,Main_0_2399
1086,RegionB,454.61,0.0,0.5959,950.0,380.338,Valley,Main_0_2399
1086,RegionC,441.44,0.0,0.5651,950.0,362.227333,Valley,Main_0_2399
1086,RegionD,283.31,220.98,0.4315,950.0,403.451333,Valley,Main_0_2399
1086,RegionE,250.37,195.29,0.226,950.0,390.653333,Valley,Main_0_2399
1086,RegionF,263.54,205.56,0.2671,950.0,381.178667,Valley,Main_0_2399
1087,RegionA,729.35,0.0,0.6235,1012.13,392.74,Flat,Main_0_2399
1087,RegionB,698.96,0.0,0.5832,1012.13,371.732,Flat,Main_0_2399
1087,RegionC,678.7,0.0,0.5531,1012.13,365.930667,Flat,Main_0_2399
1087,RegionD,435.59,339.76,0.4223,1012.13,361.676,Flat,Main_0_2399
1087,RegionE,384.94,300.25,0.2212,1012.13,401.877333,Flat,Main_0_2399
1087,RegionF,405.2,316.06,0.2615,1012.13,386.554667,Flat,Main_0_2399
1088,RegionA,728.89,0.0,0.6099,1059.81,384.072333,Flat,Main_0_2399
1088,RegionB,698.52,0.0,0.5706,1059.81,374.486667,Flat,Main_0_2399
1088,RegionC,678.28,0.0,0.5411,1059.81,362.521333,Flat,Main_0_2399
1088,RegionD,435.31,339.54,0.4132,1059.81,376.864,Flat,Main_0_2399
1088,RegionE,384.69,300.06,0.2164,1059.81,373.184,Flat,Main_0_2399
1088,RegionF,404.94,315.85,0.2558,1059.81,328.441333,Flat,Main_0_2399
1089,RegionA,728.43,0.0,0.5973,1089.78,372.867333,Flat,Main_0_2399
1089,RegionB,698.08,0.0,0.5587,1089.78,379.144,Flat,Main_0_2399
1089,RegionC,677.84,0.0,0.5298,1089.78,355.921333,Flat,Main_0_2399
1089,RegionD,435.03,339.32,0.4046,1089.78,335.04,Flat,Main_0_2399
1089,RegionE,384.45,299.87,0.2119,1089.78,387.991667,Flat,Main_0_2399
1089,RegionF,404.68,315.65,0.2505,1089.78,312.830667,Flat,Main_0_2399
1090,RegionA,727.96,0.0,0.5863,1100.0,375.448667,Flat,Main_0_2399
1090,RegionB,697.63,0.0,0.5485,1100.0,375.355333,Flat,Main_0_2399
1090,RegionC,677.41,0.0,0.5201,1100.0,353.786667,Flat,Main_0_2399
1090,RegionD,434.76,339.11,0.3972,1100.0,311.122333,Flat,Main_0_2399
1090,RegionE,384.2,299.68,0.208,1100.0,308.353333,Flat,Main_0_2399
1090,RegionF,404.42,315.45,0.2459,1100.0,316.358667,Flat,Main_0_2399
1091,RegionA,727.5,0.0,0.5777,1089.78,364.52,Flat,Main_0_2399
1091,RegionB,697.19,0.0,0.5405,1089.78,377.69,Flat,Main_0_2399
1091,RegionC,676.98,0.0,0.5125,1089.78,361.529667,Flat,Main_0_2399
1091,RegionD,434.48,338.89,0.3914,1089.78,293.16,Flat,Main_0_2399
1091,RegionE,383.96,299.49,0.205,1089.78,302.06,Flat,Main_0_2399
1091,RegionF,404.17,315.25,0.2423,1089.78,288.168,Flat,Main_0_2399
1092,RegionA,727.03,0.0,0.5721,1059.81,332.304,Flat,Main_0_2399
1092,RegionB,696.74,0.0,0.5352,1059.81,335.618,Flat,Main_0_2399
1092,RegionC,676.54,0.0,0.5075,1059.81,313.063333,Flat,Main_0_2399
1092,RegionD,434.2,338.68,0.3875,1059.81,292.91,Flat,Main_0_2399
1092,RegionE,383.71,299.29,0.203,1059.81,279.331,Flat,Main_0_2399
1092,RegionF,403.91,315.05,0.2399,1059.81,271.493333,Flat,Main_0_2399
1093,RegionA,726.56,0.0,0.5697,1012.13,283.582667,Flat,Main_0_2399
1093,RegionB,696.29,0.0,0.5329,1012.13,321.067667,Flat,Main_0_2399
1093,RegionC,676.11,0.0,0.5054,1012.13,300.956,Flat,Main_0_2399
1093,RegionD,433.92,338.46,0.3859,1012.13,252.787,Flat,Main_0_2399
1093,RegionE,383.46,299.1,0.2022,1012.13,253.696,Flat,Main_0_2399
1093,RegionF,403.65,314.85,0.2389,1012.13,220.894333,Flat,Main_0_2399
1094,RegionA,726.1,0.0,0.5707,950.0,279.497,Flat,Main_0_2399
1094,RegionB,695.84,0.0,0.5339,950.0,304.842,Flat,Main_0_2399
1094,RegionC,675.67,0.0,0.5063,950.0,280.736,Flat,Main_0_2399
1094,RegionD,433.64,338.24,0.3866,950.0,228.22,Flat,Main_0_2399
1094,RegionE,383.22,298.91,0.2025,950.0,251.123,Flat,Main_0_2399
1094,RegionF,403.39,314.64,0.2393,950.0,214.963,Flat,Main_0_2399
1095,RegionA,725.63,0.0,0.575,877.65,231.791667,Flat,Main_0_2399
1095,RegionB,695.4,0.0,0.5379,877.65,273.302667,Flat,Main_0_2399
1095,RegionC,675.24,0.0,0.51,877.65,235.863,Flat,Main_0_2399
1095,RegionD,433.36,338.02,0.3895,877.65,228.637667,Flat,Main_0_2399
1095,RegionE,382.97,298.72,0.204,877.65,246.423333,Flat,Main_0_2399
1095,RegionF,403.13,314.44,0.2411,877.65,197.483667,Flat,Main_0_2399
1096,RegionA,725.17,0.0,0.5822,800.0,220.688,Flat,Main_0_2399
1096,RegionB,694.95,0.0,0.5446,800.0,251.686667,Flat,Main_0_2399
1096,RegionC,674.81,0.0,0.5164,800.0,218.058333,Flat,Main_0_2399
1096,RegionD,433.09,337.81,0.3944,800.0,174.332,Flat,Main_0_2399
1096,RegionE,382.73,298.53,0.2066,800.0,217.087333,Flat,Main_0_2399
1096,RegionF,402.87,314.24,0.2441,800.0,133.173667,Flat,Main_0_2399
1097,RegionA,1050.82,0.0,0.5917,722.35,204.130667,Peak,Main_0_2399
1097,RegionB,1007.04,0.0,0.5536,722.35,239.024333,Peak,Main_0_2399
1097,RegionC,977.85,0.0,0.5249,722.35,209.286667,Peak,Main_0_2399
1097,RegionD,627.57,489.5,0.4009,722.35,211.576667,Peak,Main_0_2399
1097,RegionE,554.6,432.59,0.21,722.35,220.228667,Peak,Main_0_2399
1097,RegionF,583.79,455.36,0.2481,722.35,149.146667,Peak,Main_0_2399
1098,RegionA,1050.16,0.0,0.603,650.0,168.780667,Peak,Main_0_2399
1098,RegionB,1006.4,0.0,0.5641,650.0,244.718667,Peak,Main_0_2399
1098,RegionC,977.23,0.0,0.5349,650.0,196.935,Peak,Main_0_2399
1098,RegionD,627.18,489.2,0.4085,650.0,190.431333,Peak,Main_0_2399
1098,RegionE,554.25,432.31,0.214,650.0,247.9,Peak,Main_0_2399
1098,RegionF,583.42,455.07,0.2529,650.0,117.484333,Peak,Main_0_2399
1099,RegionA,1049.5,0.0,0.6152,587.87,186.189,Peak,Main_0_2399
1099,RegionB,1005.77,0.0,0.5755,587.87,226.416,Peak,Main_0_2399
1099,RegionC,976.61,0.0,0.5457,587.87,210.254667,Peak,Main_0_2399
1099,RegionD,626.78,488.89,0.4167,587.87,200.974,Peak,Main_0_2399
1099,RegionE,553.9,432.04,0.2183,587.87,205.516667,Peak,Main_0_2399
1099,RegionF,583.05,454.78,0.258,587.87,156.806667,Peak,Main_0_2399
1100,RegionA,1048.84,0.0,0.6274,540.19,209.974667,Peak,Main_0_2399
1100,RegionB,1005.14,0.0,0.5869,540.19,232.746333,Peak,Main_0_2399
1100,RegionC,976.01,0.0,0.5565,540.19,222.101333,Peak,Main_0_2399
1100,RegionD,626.39,488.58,0.425,540.19,186.59,Peak,Main_0_2399
1100,RegionE,553.56,431.78,0.2226,540.19,149.388333,Peak,Main_0_2399
1100,RegionF,582.69,454.5,0.2631,540.19,171.295667,Peak,Main_0_2399
1101,RegionA,1048.19,0.0,0.6387,510.22,225.464,Peak,Main_0_2399
1101,RegionB,1004.52,0.0,0.5975,510.22,253.666667,Peak,Main_0_2399
1101,RegionC,975.4,0.0,0.5666,510.22,261.606,Peak,Main_0_2399
1101,RegionD,626.0,488.28,0.4326,510.22,214.182,Peak,Main_0_2399
1101,RegionE,553.21,431.5,0.2266,510.22,200.73,Peak,Main_0_2399
1101,RegionF,582.33,454.22,0.2678,510.22,174.299333,Peak,Main_0_2399
1102,RegionA,650.2,0.0,0.6483,500.0,241.746,Flat,Main_0_2399
1102,RegionB,623.11,0.0,0.6065,500.0,294.641667,Flat,Main_0_2399
1102,RegionC,605.05,0.0,0.5751,500.0,274.24,Flat,Main_0_2399
1102,RegionD,388.32,302.89,0.4392,500.0,222.698333,Flat,Main_0_2399
1102,RegionE,343.16,267.66,0.23,500.0,184.06,Flat,Main_0_2399
1102,RegionF,361.22,281.75,0.2719,500.0,201.008,Flat,Main_0_2399
1103,RegionA,649.81,0.0,0.6555,510.22,264.468,Flat,Main_0_2399
1103,RegionB,622.74,0.0,0.6132,510.22,281.219667,Flat,Main_0_2399
1103,RegionC,604.69,0.0,0.5815,510.22,317.048,Flat,Main_0_2399
1103,RegionD,388.08,302.7,0.4441,510.22,215.47,Flat,Main_0_2399
1103,RegionE,342.96,267.51,0.2326,510.22,214.585,Flat,Main_0_2399
1103,RegionF,361.01,281.59,0.2749,510.22,260.404,Flat,Main_0_2399
1104,RegionA,469.03,0.0,0.6598,540.19,277.379333,Valley,Main_0_2399
1104,RegionB,449.48,0.0,0.6173,540.19,303.228,Valley,Main_0_2399
1104,RegionC,436.46,0.0,0.5853,540.19,340.333667,Valley,Main_0_2399
1104,RegionD,280.11,218.49,0.447,540.19,254.925333,Valley,Main_0_2399
1104,RegionE,247.54,193.08,0.2341,540.19,233.527667,Valley,Main_0_2399
1104,RegionF,260.57,203.24,0.2767,540.19,276.723333,Valley,Main_0_2399
1105,RegionA,468.75,0.0,0.6609,587.87,334.304,Valley,Main_0_2399
1105,RegionB,449.22,0.0,0.6183,587.87,350.873333,Valley,Main_0_2399
1105,RegionC,436.2,0.0,0.5863,587.87,357.836667,Valley,Main_0_2399
1105,RegionD,279.95,218.36,0.4477,587.87,303.005667,Valley,Main_0_2399
1105,RegionE,247.4,192.97,0.2345,587.87,336.022,Valley,Main_0_2399
1105,RegionF,260.42,203.13,0.2772,587.87,328.363333,Valley,Main_0_2399
1106,RegionA,468.48,0.0,0.6586,650.0,341.229,Valley,Main_0_2399
1106,RegionB,448.96,0.0,0.6161,650.0,351.830667,Valley,Main_0_2399
1106,RegionC,435.95,0.0,0.5843,650.0,364.82,Valley,Main_0_2399
1106,RegionD,279.79,218.24,0.4462,650.0,325.214,Valley,Main_0_2399
1106,RegionE,247.25,192.86,0.2337,650.0,370.866,Valley,Main_0_2399
1106,RegionF,260.27,203.01,0.2762,650.0,306.246667,Valley,Main_0_2399
1107,RegionA,468.21,0.0,0.6531,722.35,325.371667,Valley,Main_0_2399
1107,RegionB,448.71,0.0,0.6109,722.35,349.213333,Valley,Main_0_2399
1107,RegionC,435.7,0.0,0.5793,722.35,368.895667,Valley,Main_0_2399
1107,RegionD,279.63,218.11,0.4424,722.35,362.449333,Valley,Main_0_2399
1107,RegionE,247.11,192.75,0.2317,722.35,426.568333,Valley,Main_0_2399
1107,RegionF,260.12,202.89,0.2739,722.35,313.444,Valley,Main_0_2399
1108,RegionA,467.95,0.0,0.6446,800.0,335.207333,Valley,Main_0_2399
1108,RegionB,448.45,0.0,0.603,800.0,358.469667,Valley,Main_0_2399
1108,RegionC,435.46,0.0,0.5718,800.0,380.758,Valley,Main_0_2399
1108,RegionD,279.47,217.99,0.4367,800.0,368.213333,Valley,Main_0_2399
1108,RegionE,246.98,192.64,0.2287,800.0,396.232,Valley,Main_0_2399
1108,RegionF,259.97,202.78,0.2703,800.0,300.300667,Valley,Main_0_2399
1109,RegionA,467.7,0.0,0.6338,877.65,336.561667,Valley,Main_0_2399
1109,RegionB,448.21,0.0,0.5929,877.65,388.713333,Valley,Main_0_2399
1109,RegionC,435.22,0.0,0.5622,877.65,383.754,Valley,Main_0_2399
1109,RegionD,279.32,217.87,0.4293,877.65,376.982,Valley,Main_0_2399
1109,RegionE,246.84,192.54,0.2249,877.65,410.276667,Valley,Main_0_2399
1109,RegionF,259.83,202.67,0.2658,877.65,377.846667,Valley,Main_0_2399
1110,RegionA,467.45,0.0,0.6212,950.0,345.237333,Valley,Main_0_2399
1110,RegionB,447.97,0.0,0.5812,950.0,386.803667,Valley,Main_0_2399
1110,RegionC,434.99,0.0,0.5511,950.0,383.774667,Valley,Main_0_2399
1110,RegionD,279.17,217.75,0.4208,950.0,394.942333,Valley,Main_0_2399
1110,RegionE,246.71,192.43,0.2204,950.0,378.723333,Valley,Main_0_2399
1110,RegionF,259.69,202.56,0.2605,950.0,392.94,Valley,Main_0_2399
1111,RegionA,718.77,0.0,0.6079,1012.13,324.017333,Flat,Main_0_2399
1111,RegionB,688.83,0.0,0.5687,1012.13,356.629333,Flat,Main_0_2399
1111,RegionC,668.86,0.0,0.5392,1012.13,384.823333,Flat,Main_0_2399
1111,RegionD,429.27,334.83,0.4118,1012.13,347.436667,Flat,Main_0_2399
1111,RegionE,379.35,295.89,0.2157,1012.13,399.712667,Flat,Main_0_2399
1111,RegionF,399.32,311.47,0.2549,1012.13,407.999333,Flat,Main_0_2399
1112,RegionA,718.41,0.0,0.5945,1059.81,337.666667,Flat,Main_0_2399
1112,RegionB,688.47,0.0,0.5562,1059.81,359.184667,Flat,Main_0_2399
1112,RegionC,668.52,0.0,0.5274,1059.81,368.597333,Flat,Main_0_2399
1112,RegionD,429.05,334.66,0.4027,1059.81,315.272667,Flat,Main_0_2399
1112,RegionE,379.16,295.74,0.211,1059.81,365.49,Flat,Main_0_2399
1112,RegionF,399.12,311.31,0.2493,1059.81,362.464,Flat,Main_0_2399
1113,RegionA,718.05,0.0,0.582,1089.78,336.986667,Flat,Main_0_2399
1113,RegionB,688.13,0.0,0.5445,1089.78,375.094667,Flat,Main_0_2399
1113,RegionC,668.19,0.0,0.5163,1089.78,369.04,Flat,Main_0_2399
1113,RegionD,428.84,334.5,0.3943,1089.78,317.539,Flat,Main_0_2399
1113,RegionE,378.97,295.6,0.2065,1089.78,353.571333,Flat,Main_0_2399
1113,RegionF,398.92,311.16,0.2441,1089.78,366.719667,Flat,Main_0_2399
1114,RegionA,717.71,0.0,0.5713,1100.0,346.74,Flat,Main_0_2399
1114,RegionB,687.8,0.0,0.5344,1100.0,383.524,Flat,Main_0_2399
1114,RegionC,667.87,0.0,0.5068,1100.0,369.498333,Flat,Main_0_2399
1114,RegionD,428.63,334.33,0.387,1100.0,288.648,Flat,Main_0_2399
1114,RegionE,378.79,295.46,0.2027,1100.0,354.866,Flat,Main_0_2399
1114,RegionF,398.73,311.01,0.2396,1100.0,287.62,Flat,Main_0_2399
1115,RegionA,717.38,0.0,0.5629,1089.78,306.339333,Flat,Main_0_2399
1115,RegionB,687.48,0.0,0.5266,1089.78,373.29,Flat,Main_0_2399
1115,RegionC,667.56,0.0,0.4994,1089.78,361.333333,Flat,Main_0_2399
1115,RegionD,428.43,334.18,0.3814,1089.78,295.307667,Flat,Main_0_2399
1115,RegionE,378.61,295.32,0.1998,1089.78,323.396667,Flat,Main_0_2399
1115,RegionF,398.54,310.86,0.2361,1089.78,311.19,Flat,Main_0_2399
1116,RegionA,717.05,0.0,0.5575,1059.81,326.550667,Flat,Main_0_2399
1116,RegionB,687.18,0.0,0.5216,1059.81,338.494,Flat,Main_0_2399
1116,RegionC,667.26,0.0,0.4946,1059.81,336.94,Flat,Main_0_2399
1116,RegionD,428.24,334.03,0.3777,1059.81,248.618333,Flat,Main_0_2399
1116,RegionE,378.44,295.18,0.1978,1059.81,273.426,Flat,Main_0_2399
1116,RegionF,398.36,310.72,0.2338,1059.81,283.862667,Flat,Main_0_2399
1117,RegionA,716.74,0.0,0.5554,1012.13,315.430667,Flat,Main_0_2399
1117,RegionB,686.88,0.0,0.5196,1012.13,314.946,Flat,Main_0_2399
1117,RegionC,666.97,0.0,0.4927,1012.13,329.301333,Flat,Main_0_2399
1117,RegionD,428.05,333.88,0.3763,1012.13,252.778333,Flat,Main_0_2399
1117,RegionE,378.28,295.06,0.1971,1012.13,237.995333,Flat,Main_0_2399
1117,RegionF,398.19,310.59,0.2329,1012.13,235.188,Flat,Main_0_2399
1118,RegionA,716.44,0.0,0.5567,950.0,273.251333,Flat,Main_0_2399
1118,RegionB,686.59,0.0,0.5208,950.0,301.957,Flat,Main_0_2399
1118,RegionC,666.69,0.0,0.4939,950.0,324.533,Flat,Main_0_2399
1118,RegionD,427.88,333.75,0.3771,950.0,205.751,Flat,Main_0_2399
1118,RegionE,378.12,294.93,0.1975,950.0,232.321333,Flat,Main_0_2399
1118,RegionF,398.02,310.46,0.2335,950.0,246.841333,Flat,Main_0_2399
1119,RegionA,716.16,0.0,0.5613,877.65,254.293667,Flat,Main_0_2399
1119,RegionB,686.32,0.0,0.5251,877.65,242.757667,Flat,Main_0_2399
1119,RegionC,666.43,0.0,0.4979,877.65,276.502,Flat,Main_0_2399
1119,RegionD,427.71,333.61,0.3802,877.65,81.753,Flat,Main_0_2399
1119,RegionE,377.97,294.82,0.1992,877.65,224.216,Flat,Main_0_2399
1119,RegionF,397.87,310.34,0.2354,877.65,219.341,Flat,Main_0_2399
1120,RegionA,715.89,0.0,0.5688,800.0,236.520333,Flat,Main_0_2399
1120,RegionB,686.06,0.0,0.5321,800.0,228.121333,Flat,Main_0_2399
1120,RegionC,666.17,0.0,0.5046,800.0,222.421667,Flat,Main_0_2399
1120,RegionD,427.54,333.48,0.3853,800.0,87.951667,Flat,Main_0_2399
1120,RegionE,377.83,294.71,0.2018,800.0,161.969,Flat,Main_0_2399
1120,RegionF,397.71,310.21,0.2385,800.0,158.782,Flat,Main_0_2399
1121,RegionA,1037.66,0.0,0.5788,722.35,207.672667,Peak,Main_0_2399
1121,RegionB,994.42,0.0,0.5414,722.35,206.231667,Peak,Main_0_2399
1121,RegionC,965.6,0.0,0.5134,722.35,227.444667,Peak,Main_0_2399
1121,RegionD,619.71,483.37,0.3921,722.35,42.754333,Peak,Main_0_2399
1121,RegionE,547.65,427.17,0.2054,722.35,169.198667,Peak,Main_0_2399
1121,RegionF,576.48,449.65,0.2427,722.35,135.835333,Peak,Main_0_2399
1122,RegionA,1037.3,0.0,0.5904,650.0,233.609,Peak,Main_0_2399
1122,RegionB,994.08,0.0,0.5523,650.0,201.413,Peak,Main_0_2399
1122,RegionC,965.27,0.0,0.5237,650.0,231.179333,Peak,Main_0_2399
1122,RegionD,619.5,483.21,0.4,650.0,109.664667,Peak,Main_0_2399
1122,RegionE,547.46,427.02,0.2095,650.0,145.106,Peak,Main_0_2399
1122,RegionF,576.28,449.5,0.2476,650.0,107.403333,Peak,Main_0_2399
1123,RegionA,1036.96,0.0,0.603,587.87,223.743667,Peak,Main_0_2399
1123,RegionB,993.76,0.0,0.5641,587.87,222.24,Peak,Main_0_2399
1123,RegionC,964.95,0.0,0.5349,587.87,188.101333,Peak,Main_0_2399
1123,RegionD,619.3,483.05,0.4085,587.87,158.315333,Peak,Main_0_2399
1123,RegionE,547.29,426.89,0.214,587.87,179.852667,Peak,Main_0_2399
1123,RegionF,576.09,449.35,0.2529,587.87,139.609333,Peak,Main_0_2399
1124,RegionA,1036.64,0.0,0.6155,540.19,215.263333,Peak,Main_0_2399
1124,RegionB,993.45,0.0,0.5758,540.19,195.32,Peak,Main_0_2399
1124,RegionC,964.66,0.0,0.546,540.19,234.896667,Peak,Main_0_2399
1124,RegionD,619.11,482.91,0.417,540.19,186.557333,Peak,Main_0_2399
1124,RegionE,547.12,426.75,0.2184,540.19,188.178667,Peak,Main_0_2399
1124,RegionF,575.91,449.21,0.2581,540.19,172.534667,Peak,Main_0_2399
1125,RegionA,1036.35,0.0,0.6272,510.22,269.373667,Peak,Main_0_2399
1125,RegionB,993.17,0.0,0.5868,510.22,248.473,Peak,Main_0_2399
1125,RegionC,964.38,0.0,0.5564,510.22,228.124,Peak,Main_0_2399
1125,RegionD,618.93,482.77,0.4249,510.22,204.862,Peak,Main_0_2399
1125,RegionE,546.96,426.63,0.2226,510.22,189.253333,Peak,Main_0_2399
1125,RegionF,575.75,449.09,0.263,510.22,181.162667,Peak,Main_0_2399
1126,RegionA,643.08,0.0,0.6373,500.0,270.446667,Flat,Main_0_2399
1126,RegionB,616.28,0.0,0.5962,500.0,269.658,Flat,Main_0_2399
1126,RegionC,598.42,0.0,0.5653,500.0,262.4,Flat,Main_0_2399
1126,RegionD,384.06,299.57,0.4317,500.0,237.603667,Flat,Main_0_2399
1126,RegionE,339.4,264.73,0.2261,500.0,207.648333,Flat,Main_0_2399
1126,RegionF,357.27,278.67,0.2673,500.0,248.221333,Flat,Main_0_2399
1127,RegionA,642.92,0.0,0.645,510.22,278.448667,Flat,Main_0_2399
1127,RegionB,616.13,0.0,0.6034,510.22,298.215333,Flat,Main_0_2399
1127,RegionC,598.27,0.0,0.5722,510.22,295.17,Flat,Main_0_2399
1127,RegionD,383.97,299.5,0.4369,510.22,231.804,Flat,Main_0_2399
1127,RegionE,339.32,264.67,0.2289,510.22,235.484,Flat,Main_0_2399
1127,RegionF,357.18,278.6,0.2705,510.22,276.496,Flat,Main_0_2399
1128,RegionA,464.23,0.0,0.6498,540.19,340.089333,Valley,Main_0_2399
1128,RegionB,444.88,0.0,0.6079,540.19,328.068,Valley,Main_0_2399
1128,RegionC,431.99,0.0,0.5764,540.19,338.033,Valley,Main_0_2399
1128,RegionD,277.25,216.25,0.4402,540.19,213.124667,Valley,Main_0_2399
1128,RegionE,245.01,191.11,0.2306,540.19,272.51,Valley,Main_0_2399
1128,RegionF,257.9,201.16,0.2725,540.19,333.3,Valley,Main_0_2399
1129,RegionA,464.13,0.0,0.6513,587.87,358.369333,Valley,Main_0_2399
1129,RegionB,444.79,0.0,0.6093,587.87,363.82,Valley,Main_0_2399
1129,RegionC,431.9,0.0,0.5778,587.87,377.502,Valley,Main_0_2399
1129,RegionD,277.19,216.21,0.4412,587.87,259.832667,Valley,Main_0_2399
1129,RegionE,244.96,191.07,0.2311,587.87,304.414667,Valley,Main_0_2399
1129,RegionF,257.85,201.12,0.2731,587.87,343.09,Valley,Main_0_2399
1130,RegionA,464.04,0.0,0.6495,650.0,377.090667,Valley,Main_0_2399
1130,RegionB,444.71,0.0,0.6076,650.0,375.511667,Valley,Main_0_2399
1130,RegionC,431.82,0.0,0.5762,650.0,374.810667,Valley,Main_0_2399
1130,RegionD,277.14,216.17,0.44,650.0,317.088,Valley,Main_0_2399
1130,RegionE,244.91,191.03,0.2305,650.0,378.690667,Valley,Main_0_2399
1130,RegionF,257.8,201.08,0.2724,650.0,359.736667,Valley,Main_0_2399
1131,RegionA,463.97,0.0,0.6445,722.35,393.623333,Valley,Main_0_2399
1131,RegionB,444.64,0.0,0.6029,722.35,372.596,Valley,Main_0_2399
1131,RegionC,431.75,0.0,0.5717,722.35,373.232,Valley,Main_0_2399
1131,RegionD,277.09,216.13,0.4366,722.35,367.546,Valley,Main_0_2399
1131,RegionE,244.87,191.0,0.2287,722.35,369.931333,Valley,Main_0_2399
1131,RegionF,257.76,201.05,0.2703,722.35,409.729333,Valley,Main_0_2399
1132,RegionA,463.9,0.0,0.6365,800.0,394.465667,Valley,Main_0_2399
1132,RegionB,444.57,0.0,0.5955,800.0,381.539,Valley,Main_0_2399
1132,RegionC,431.68,0.0,0.5647,800.0,375.715333,Valley,Main_0_2399
1132,RegionD,277.05,216.1,0.4312,800.0,354.432,Valley,Main_0_2399
1132,RegionE,244.84,190.98,0.2259,800.0,400.412,Valley,Main_0_2399
1132,RegionF,257.72,201.02,0.2669,800.0,409.37,Valley,Main_0_2399
1133,RegionA,463.84,0.0,0.6262,877.65,393.75,Valley,Main_0_2399
1133,RegionB,444.52,0.0,0.5858,877.65,386.210667,Valley,Main_0_2399
1133,RegionC,431.63,0.0,0.5555,877.65,381.933333,Valley,Main_0_2399
1133,RegionD,277.02,216.08,0.4242,877.65,337.582,Valley,Main_0_2399
1133,RegionE,244.81,190.95,0.2222,877.65,473.415333,Valley,Main_0_2399
1133,RegionF,257.69,201.0,0.2626,877.65,409.704,Valley,Main_0_2399
1134,RegionA,463.8,0.0,0.6142,950.0,396.094333,Valley,Main_0_2399
1134,RegionB,444.47,0.0,0.5746,950.0,370.256,Valley,Main_0_2399
1134,RegionC,431.59,0.0,0.5449,950.0,369.648,Valley,Main_0_2399
1134,RegionD,276.99,216.05,0.4161,950.0,372.011333,Valley,Main_0_2399
1134,RegionE,244.78,190.93,0.218,950.0,441.894667,Valley,Main_0_2399
1134,RegionF,257.66,200.97,0.2576,950.0,407.372,Valley,Main_0_2399
1135,RegionA,713.48,0.0,0.6014,1012.13,396.102667,Flat,Main_0_2399
1135,RegionB,683.75,0.0,0.5626,1012.13,371.392,Flat,Main_0_2399
1135,RegionC,663.93,0.0,0.5335,1012.13,359.294333,Flat,Main_0_2399
1135,RegionD,426.1,332.36,0.4074,1012.13,414.686,Flat,Main_0_2399
1135,RegionE,376.56,293.72,0.2134,1012.13,433.56,Flat,Main_0_2399
1135,RegionF,396.38,309.18,0.2522,1012.13,414.253667,Flat,Main_0_2399
1136,RegionA,713.43,0.0,0.5886,1059.81,396.857333,Flat,Main_0_2399
1136,RegionB,683.71,0.0,0.5506,1059.81,386.768,Flat,Main_0_2399
1136,RegionC,663.89,0.0,0.5222,1059.81,343.72,Flat,Main_0_2399
1136,RegionD,426.08,332.34,0.3987,1059.81,434.807333,Flat,Main_0_2399
1136,RegionE,376.53,293.69,0.2089,1059.81,413.266667,Flat,Main_0_2399
1136,RegionF,396.35,309.15,0.2468,1059.81,384.27,Flat,Main_0_2399
1137,RegionA,713.41,0.0,0.5767,1089.78,396.088,Flat,Main_0_2399
1137,RegionB,683.68,0.0,0.5395,1089.78,389.972667,Flat,Main_0_2399
1137,RegionC,663.86,0.0,0.5116,1089.78,353.712,Flat,Main_0_2399
1137,RegionD,426.06,332.33,0.3907,1089.78,385.110333,Flat,Main_0_2399
1137,RegionE,376.52,293.69,0.2046,1089.78,334.872333,Flat,Main_0_2399
1137,RegionF,396.34,309.15,0.2418,1089.78,336.400667,Flat,Main_0_2399
1138,RegionA,713.39,0.0,0.5665,1100.0,393.280667,Flat,Main_0_2399
1138,RegionB,683.67,0.0,0.53,1100.0,388.832667,Flat,Main_0_2399
1138,RegionC,663.85,0.0,0.5026,1100.0,354.309333,Flat,Main_0_2399
1138,RegionD,426.05,332.32,0.3838,1100.0,333.945,Flat,Main_0_2399
1138,RegionE,376.51,293.68,0.201,1100.0,308.326667,Flat,Main_0_2399
1138,RegionF,396.33,309.14,0.2376,1100.0,416.368667,Flat,Main_0_2399
1139,RegionA,713.4,0.0,0.5588,1089.78,349.143667,Flat,Main_0_2399
1139,RegionB,683.67,0.0,0.5227,1089.78,385.057333,Flat,Main_0_2399
1139,RegionC,663.85,0.0,0.4957,1089.78,361.128,Flat,Main_0_2399
1139,RegionD,426.06,332.33,0.3785,1089.78,265.233333,Flat,Main_0_2399
1139,RegionE,376.51,293.68,0.1983,1089.78,271.599,Flat,Main_0_2399
1139,RegionF,396.33,309.14,0.2343,1089.78,321.668,Flat,Main_0_2399
1140,RegionA,713.41,0.0,0.554,1059.81,341.373,Flat,Main_0_2399
1140,RegionB,683.69,0.0,0.5182,1059.81,330.025333,Flat,Main_0_2399
1140,RegionC,663.87,0.0,0.4914,1059.81,315.26,Flat,Main_0_2399
1140,RegionD,426.07,332.33,0.3753,1059.81,246.222667,Flat,Main_0_2399
1140,RegionE,376.52,293.69,0.1966,1059.81,231.755333,Flat,Main_0_2399
1140,RegionF,396.34,309.15,0.2323,1059.81,306.304,Flat,Main_0_2399
1141,RegionA,713.44,0.0,0.5524,1012.13,330.561,Flat,Main_0_2399
1141,RegionB,683.72,0.0,0.5168,1012.13,316.275333,Flat,Main_0_2399
1141,RegionC,663.9,0.0,0.4901,1012.13,292.352,Flat,Main_0_2399
1141,RegionD,426.09,332.35,0.3742,1012.13,254.548667,Flat,Main_0_2399
1141,RegionE,376.54,293.7,0.196,1012.13,242.640333,Flat,Main_0_2399
1141,RegionF,396.36,309.16,0.2317,1012.13,276.16,Flat,Main_0_2399
1142,RegionA,713.49,0.0,0.5543,950.0,307.484667,Flat,Main_0_2399
1142,RegionB,683.76,0.0,0.5186,950.0,294.942,Flat,Main_0_2399
1142,RegionC,663.94,0.0,0.4917,950.0,280.453,Flat,Main_0_2399
1142,RegionD,426.11,332.37,0.3755,950.0,242.077,Flat,Main_0_2399
1142,RegionE,376.57,293.72,0.1967,950.0,223.593,Flat,Main_0_2399
1142,RegionF,396.38,309.18,0.2325,950.0,278.61,Flat,Main_0_2399
1143,RegionA,713.55,0.0,0.5595,877.65,270.229667,Flat,Main_0_2399
1143,RegionB,683.82,0.0,0.5234,877.65,278.004667,Flat,Main_0_2399
1143,RegionC,664.0,0.0,0.4963,877.65,236.37,Flat,Main_0_2399
1143,RegionD,426.15,332.4,0.379,877.65,212.736333,Flat,Main_0_2399
1143,RegionE,376.6,293.75,0.1985,877.65,205.494,Flat,Main_0_2399
1143,RegionF,396.42,309.21,0.2346,877.65,254.339333,Flat,Main_0_2399
1144,RegionA,713.63,0.0,0.5676,800.0,240.346,Flat,Main_0_2399
1144,RegionB,683.89,0.0,0.531,800.0,236.665333,Flat,Main_0_2399
1144,RegionC,664.07,0.0,0.5035,800.0,225.306667,Flat,Main_0_2399
1144,RegionD,426.19,332.43,0.3845,800.0,202.992667,Flat,Main_0_2399
1144,RegionE,376.64,293.78,0.2014,800.0,164.668,Flat,Main_0_2399
1144,RegionF,396.46,309.24,0.238,800.0,177.664,Flat,Main_0_2399
1145,RegionA,1034.89,0.0,0.5782,722.35,203.12,Peak,Main_0_2399
1145,RegionB,991.77,0.0,0.5409,722.35,250.101333,Peak,Main_0_2399
1145,RegionC,963.02,0.0,0.5129,722.35,204.334667,Peak,Main_0_2399
1145,RegionD,618.06,482.09,0.3917,722.35,198.688,Peak,Main_0_2399
1145,RegionE,546.19,426.03,0.2052,722.35,150.351667,Peak,Main_0_2399
1145,RegionF,574.94,448.45,0.2425,722.35,136.16,Peak,Main_0_2399
1146,RegionA,1035.04,0.0,0.5904,650.0,207.882,Peak,Main_0_2399
1146,RegionB,991.91,0.0,0.5523,650.0,229.914,Peak,Main_0_2399
1146,RegionC,963.16,0.0,0.5237,650.0,200.576667,Peak,Main_0_2399
1146,RegionD,618.15,482.16,0.4,650.0,182.500667,Peak,Main_0_2399
1146,RegionE,546.27,426.09,0.2095,650.0,161.344,Peak,Main_0_2399
1146,RegionF,575.02,448.52,0.2476,650.0,100.646,Peak,Main_0_2399
1147,RegionA,1035.21,0.0,0.6036,587.87,238.67,Peak,Main_0_2399
1147,RegionB,992.07,0.0,0.5646,587.87,185.387333,Peak,Main_0_2399
1147,RegionC,963.32,0.0,0.5354,587.87,216.596667,Peak,Main_0_2399
1147,RegionD,618.25,482.24,0.4089,587.87,191.035,Peak,Main_0_2399
1147,RegionE,546.36,426.16,0.2142,587.87,191.820333,Peak,Main_0_2399
1147,RegionF,575.12,448.59,0.2531,587.87,89.510667,Peak,Main_0_2399
1148,RegionA,1035.4,0.0,0.6167,540.19,221.544667,Peak,Main_0_2399
1148,RegionB,992.26,0.0,0.5769,540.19,231.741333,Peak,Main_0_2399
1148,RegionC,963.49,0.0,0.5471,540.19,215.834667,Peak,Main_0_2399
1148,RegionD,618.36,482.32,0.4178,540.19,187.664667,Peak,Main_0_2399
1148,RegionE,546.46,426.24,0.2188,540.19,188.212667,Peak,Main_0_2399
1148,RegionF,575.22,448.67,0.2586,540.19,138.208,Peak,Main_0_2399
1149,RegionA,1035.6,0.0,0.6291,510.22,236.889333,Peak,Main_0_2399
1149,RegionB,992.45,0.0,0.5885,510.22,233.774667,Peak,Main_0_2399
1149,RegionC,963.69,0.0,0.558,510.22,251.7,Peak,Main_0_2399
1149,RegionD,618.49,482.42,0.4261,510.22,174.77,Peak,Main_0_2399
1149,RegionE,546.57,426.32,0.2232,510.22,218.833333,Peak,Main_0_2399
1149,RegionF,575.34,448.77,0.2638,510.22,175.171667,Peak,Main_0_2399
1150,RegionA,642.93,0.0,0.6397,500.0,276.256,Flat,Main_0_2399
1150,RegionB,616.14,0.0,0.5984,500.0,248.31,Flat,Main_0_2399
1150,RegionC,598.28,0.0,0.5675,500.0,264.493667,Flat,Main_0_2399
1150,RegionD,383.97,299.5,0.4333,500.0,172.946667,Flat,Main_0_2399
1150,RegionE,339.32,264.67,0.227,500.0,252.958333,Flat,Main_0_2399
1150,RegionF,357.18,278.6,0.2683,500.0,210.221,Flat,Main_0_2399
1151,RegionA,643.08,0.0,0.648,510.22,286.795333,Flat,Main_0_2399
1151,RegionB,616.29,0.0,0.6062,510.22,268.489333,Flat,Main_0_2399
1151,RegionC,598.42,0.0,0.5748,510.22,268.020667,Flat,Main_0_2399
1151,RegionD,384.06,299.57,0.439,510.22,213.764667,Flat,Main_0_2399
1151,RegionE,339.4,264.73,0.2299,510.22,297.676,Flat,Main_0_2399
1151,RegionF,357.27,278.67,0.2717,510.22,216.902667,Flat,Main_0_2399
1152,RegionA,464.56,0.0,0.6534,540.19,351.970667,Valley,Main_0_2399
1152,RegionB,445.21,0.0,0.6112,540.19,323.200333,Valley,Main_0_2399
1152,RegionC,432.3,0.0,0.5796,540.19,303.490667,Valley,Main_0_2399
1152,RegionD,277.45,216.41,0.4426,540.19,253.968,Valley,Main_0_2399
1152,RegionE,245.19,191.25,0.2318,540.19,326.628333,Valley,Main_0_2399
1152,RegionF,258.09,201.31,0.274,540.19,309.186,Valley,Main_0_2399
1153,RegionA,464.69,0.0,0.6555,587.87,379.78,Valley,Main_0_2399
1153,RegionB,445.33,0.0,0.6132,587.87,352.856,Valley,Main_0_2399
1153,RegionC,432.42,0.0,0.5815,587.87,364.376667,Valley,Main_0_2399
1153,RegionD,277.52,216.47,0.444,587.87,299.625333,Valley,Main_0_2399
1153,RegionE,245.25,191.3,0.2326,587.87,352.764667,Valley,Main_0_2399
1153,RegionF,258.16,201.36,0.2749,587.87,309.989333,Valley,Main_0_2399
1154,RegionA,464.82,0.0,0.6543,650.0,376.380667,Valley,Main_0_2399
1154,RegionB,445.45,0.0,0.6121,650.0,350.316,Valley,Main_0_2399
1154,RegionC,432.54,0.0,0.5804,650.0,362.268,Valley,Main_0_2399
1154,RegionD,277.6,216.53,0.4432,650.0,343.535333,Valley,Main_0_2399
1154,RegionE,245.32,191.35,0.2322,650.0,314.6,Valley,Main_0_2399
1154,RegionF,258.23,201.42,0.2744,650.0,349.752,Valley,Main_0_2399
1155,RegionA,464.96,0.0,0.6498,722.35,385.910667,Valley,Main_0_2399
1155,RegionB,445.59,0.0,0.6079,722.35,355.183333,Valley,Main_0_2399
1155,RegionC,432.67,0.0,0.5764,722.35,367.537333,Valley,Main_0_2399
1155,RegionD,277.69,216.6,0.4402,722.35,335.238,Valley,Main_0_2399
1155,RegionE,245.4,191.41,0.2306,722.35,390.517,Valley,Main_0_2399
1155,RegionF,258.31,201.48,0.2725,722.35,347.218,Valley,Main_0_2399
1156,RegionA,465.11,0.0,0.6424,800.0,385.366667,Valley,Main_0_2399
1156,RegionB,445.73,0.0,0.601,800.0,374.235667,Valley,Main_0_2399
1156,RegionC,432.81,0.0,0.5699,800.0,371.02,Valley,Main_0_2399
1156,RegionD,277.77,216.66,0.4352,800.0,362.439333,Valley,Main_0_2399
1156,RegionE,245.47,191.47,0.228,800.0,400.938667,Valley,Main_0_2399
1156,RegionF,258.39,201.54,0.2694,800.0,354.504,Valley,Main_0_2399
1157,RegionA,465.26,0.0,0.6327,877.65,388.37,Valley,Main_0_2399
1157,RegionB,445.88,0.0,0.5919,877.65,376.914,Valley,Main_0_2399
1157,RegionC,432.95,0.0,0.5612,877.65,371.317333,Valley,Main_0_2399
1157,RegionD,277.86,216.73,0.4286,877.65,399.478667,Valley,Main_0_2399
1157,RegionE,245.55,191.53,0.2245,877.65,388.238,Valley,Main_0_2399
1157,RegionF,258.48,201.61,0.2653,877.65,392.776,Valley,Main_0_2399
1158,RegionA,465.42,0.0,0.6212,950.0,394.326667,Valley,Main_0_2399
1158,RegionB,446.03,0.0,0.5812,950.0,382.830667,Valley,Main_0_2399
1158,RegionC,433.1,0.0,0.5511,950.0,366.936,Valley,Main_0_2399
1158,RegionD,277.96,216.81,0.4208,950.0,394.223333,Valley,Main_0_2399
1158,RegionE,245.64,191.6,0.2204,950.0,426.981667,Valley,Main_0_2399
1158,RegionF,258.57,201.68,0.2605,950.0,400.464667,Valley,Main_0_2399
1159,RegionA,716.29,0.0,0.609,1012.13,384.305333,Flat,Main_0_2399
1159,RegionB,686.44,0.0,0.5697,1012.13,380.34,Flat,Main_0_2399
1159,RegionC,666.54,0.0,0.5402,1012.13,365.116,Flat,Main_0_2399
1159,RegionD,427.78,333.67,0.4125,1012.13,359.627,Flat,Main_0_2399
1159,RegionE,378.04,294.87,0.2161,1012.13,411.961333,Flat,Main_0_2399
1159,RegionF,397.94,310.39,0.2554,1012.13,390.111333,Flat,Main_0_2399
1160,RegionA,716.55,0.0,0.5967,1059.81,383.56,Flat,Main_0_2399
1160,RegionB,686.69,0.0,0.5582,1059.81,377.970667,Flat,Main_0_2399
1160,RegionC,666.79,0.0,0.5293,1059.81,375.704333,Flat,Main_0_2399
1160,RegionD,427.94,333.79,0.4042,1059.81,392.958,Flat,Main_0_2399
1160,RegionE,378.18,294.98,0.2117,1059.81,369.567667,Flat,Main_0_2399
1160,RegionF,398.08,310.5,0.2502,1059.81,393.320667,Flat,Main_0_2399
1161,RegionA,716.82,0.0,0.5853,1089.78,383.437333,Flat,Main_0_2399
1161,RegionB,686.95,0.0,0.5475,1089.78,379.074667,Flat,Main_0_2399
1161,RegionC,667.04,0.0,0.5192,1089.78,381.78,Flat,Main_0_2399
1161,RegionD,428.1,333.92,0.3965,1089.78,412.737667,Flat,Main_0_2399
1161,RegionE,378.32,295.09,0.2077,1089.78,371.056667,Flat,Main_0_2399
1161,RegionF,398.23,310.62,0.2455,1089.78,349.840667,Flat,Main_0_2399
1162,RegionA,717.1,0.0,0.5756,1100.0,376.357333,Flat,Main_0_2399
1162,RegionB,687.22,0.0,0.5385,1100.0,380.132,Flat,Main_0_2399
1162,RegionC,667.3,0.0,0.5106,1100.0,347.322,Flat,Main_0_2399
1162,RegionD,428.27,334.05,0.3899,1100.0,352.984667,Flat,Main_0_2399
1162,RegionE,378.47,295.21,0.2043,1100.0,366.817333,Flat,Main_0_2399
1162,RegionF,398.39,310.74,0.2414,1100.0,315.804667,Flat,Main_0_2399
1163,RegionA,717.39,0.0,0.5684,1089.78,350.380667,Flat,Main_0_2399
1163,RegionB,687.5,0.0,0.5317,1089.78,343.802,Flat,Main_0_2399
1163,RegionC,667.57,0.0,0.5042,1089.78,348.167333,Flat,Main_0_2399
1163,RegionD,428.44,334.18,0.385,1089.78,300.94,Flat,Main_0_2399
1163,RegionE,378.62,295.32,0.2017,1089.78,327.528667,Flat,Main_0_2399
1163,RegionF,398.55,310.87,0.2383,1089.78,348.653333,Flat,Main_0_2399
1164,RegionA,717.69,0.0,0.564,1059.81,356.019333,Flat,Main_0_2399
1164,RegionB,687.78,0.0,0.5276,1059.81,341.491333,Flat,Main_0_2399
1164,RegionC,667.85,0.0,0.5003,1059.81,308.206667,Flat,Main_0_2399
1164,RegionD,428.62,334.32,0.3821,1059.81,257.507667,Flat,Main_0_2399
1164,RegionE,378.78,295.45,0.2001,1059.81,300.4,Flat,Main_0_2399
1164,RegionF,398.71,310.99,0.2365,1059.81,258.921333,Flat,Main_0_2399
1165,RegionA,717.99,0.0,0.563,1012.13,316.065,Flat,Main_0_2399
1165,RegionB,688.07,0.0,0.5266,1012.13,337.545333,Flat,Main_0_2399
1165,RegionC,668.13,0.0,0.4994,1012.13,313.493333,Flat,Main_0_2399
1165,RegionD,428.8,334.46,0.3814,1012.13,255.107333,Flat,Main_0_2399
1165,RegionE,378.94,295.57,0.1998,1012.13,241.226,Flat,Main_0_2399
1165,RegionF,398.88,311.13,0.2361,1012.13,283.076667,Flat,Main_0_2399
1166,RegionA,718.29,0.0,0.5653,950.0,301.061,Flat,Main_0_2399
1166,RegionB,688.37,0.0,0.5288,950.0,308.529333,Flat,Main_0_2399
1166,RegionC,668.41,0.0,0.5015,950.0,313.390667,Flat,Main_0_2399
1166,RegionD,428.98,334.6,0.3829,950.0,251.296667,Flat,Main_0_2399
1166,RegionE,379.1,295.7,0.2006,950.0,250.884,Flat,Main_0_2399
1166,RegionF,399.05,311.26,0.2371,950.0,270.784667,Flat,Main_0_2399
1167,RegionA,718.61,0.0,0.5709,877.65,298.522,Flat,Main_0_2399
1167,RegionB,688.67,0.0,0.5341,877.65,247.907667,Flat,Main_0_2399
1167,RegionC,668.7,0.0,0.5064,877.65,302.422667,Flat,Main_0_2399
1167,RegionD,429.17,334.75,0.3867,877.65,226.706,Flat,Main_0_2399
1167,RegionE,379.27,295.83,0.2026,877.65,217.516667,Flat,Main_0_2399
1167,RegionF,399.23,311.4,0.2394,877.65,275.49,Flat,Main_0_2399
1168,RegionA,718.93,0.0,0.5794,800.0,226.885,Flat,Main_0_2399
1168,RegionB,688.97,0.0,0.5421,800.0,230.216,Flat,Main_0_2399
1168,RegionC,669.0,0.0,0.514,800.0,219.646667,Flat,Main_0_2399
1168,RegionD,429.36,334.9,0.3925,800.0,211.564,Flat,Main_0_2399
1168,RegionE,379.43,295.96,0.2056,800.0,188.288,Flat,Main_0_2399
1168,RegionF,399.4,311.53,0.243,800.0,196.98,Flat,Main_0_2399
1169,RegionA,1042.91,0.0,0.5904,722.35,215.123667,Peak,Main_0_2399
1169,RegionB,999.45,0.0,0.5523,722.35,202.804667,Peak,Main_0_2399
1169,RegionC,970.48,0.0,0.5237,722.35,221.703333,Peak,Main_0_2399
1169,RegionD,622.85,485.82,0.3999,722.35,193.904,Peak,Main_0_2399
1169,RegionE,550.42,429.33,0.2095,722.35,189.550667,Peak,Main_0_2399
1169,RegionF,579.39,451.92,0.2476,722.35,202.361667,Peak,Main_0_2399
1170,RegionA,1043.38,0.0,0.603,650.0,205.015333,Peak,Main_0_2399
1170,RegionB,999.91,0.0,0.5641,650.0,182.093333,Peak,Main_0_2399
1170,RegionC,970.93,0.0,0.5349,650.0,214.489,Peak,Main_0_2399
1170,RegionD,623.13,486.04,0.4085,650.0,155.166,Peak,Main_0_2399
1170,RegionE,550.67,429.52,0.214,650.0,188.41,Peak,Main_0_2399
1170,RegionF,579.66,452.13,0.2529,650.0,196.864,Peak,Main_0_2399
1171,RegionA,1043.86,0.0,0.6165,587.87,217.555667,Peak,Main_0_2399
1171,RegionB,1000.37,0.0,0.5768,587.87,225.705333,Peak,Main_0_2399
1171,RegionC,971.37,0.0,0.5469,587.87,225.82,Peak,Main_0_2399
1171,RegionD,623.42,486.27,0.4177,587.87,201.153333,Peak,Main_0_2399
1171,RegionE,550.93,429.73,0.2188,587.87,195.904,Peak,Main_0_2399
1171,RegionF,579.92,452.34,0.2585,587.87,190.282667,Peak,Main_0_2399
1172,RegionA,1044.34,0.0,0.6301,540.19,196.851333,Peak,Main_0_2399
1172,RegionB,1000.83,0.0,0.5894,540.19,242.15,Peak,Main_0_2399
1172,RegionC,971.82,0.0,0.5589,540.19,258.956667,Peak,Main_0_2399
1172,RegionD,623.7,486.49,0.4268,540.19,223.184667,Peak,Main_0_2399
1172,RegionE,551.18,429.92,0.2236,540.19,214.54,Peak,Main_0_2399
1172,RegionF,580.19,452.55,0.2642,540.19,203.005333,Peak,Main_0_2399
1173,RegionA,1044.83,0.0,0.6427,510.22,232.786,Peak,Main_0_2399
1173,RegionB,1001.29,0.0,0.6013,510.22,256.456667,Peak,Main_0_2399
1173,RegionC,972.27,0.0,0.5702,510.22,236.558,Peak,Main_0_2399
1173,RegionD,623.99,486.71,0.4354,510.22,203.979333,Peak,Main_0_2399
1173,RegionE,551.44,430.12,0.2281,510.22,208.144,Peak,Main_0_2399
1173,RegionF,580.46,452.76,0.2695,510.22,204.754,Peak,Main_0_2399
1174,RegionA,648.82,0.0,0.6537,500.0,249.42,Flat,Main_0_2399
1174,RegionB,621.78,0.0,0.6115,500.0,289.633,Flat,Main_0_2399
1174,RegionC,603.76,0.0,0.5799,500.0,306.38,Flat,Main_0_2399
1174,RegionD,387.49,302.24,0.4428,500.0,211.613333,Flat,Main_0_2399
1174,RegionE,342.43,267.1,0.232,500.0,193.117333,Flat,Main_0_2399
1174,RegionF,360.45,281.15,0.2741,500.0,229.493667,Flat,Main_0_2399
1175,RegionA,649.12,0.0,0.6623,510.22,294.916667,Flat,Main_0_2399
1175,RegionB,622.07,0.0,0.6195,510.22,287.986667,Flat,Main_0_2399
1175,RegionC,604.04,0.0,0.5875,510.22,292.306667,Flat,Main_0_2399
1175,RegionD,387.67,302.38,0.4486,510.22,238.184333,Flat,Main_0_2399
1175,RegionE,342.59,267.22,0.235,510.22,272.280667,Flat,Main_0_2399
1175,RegionF,360.62,281.28,0.2777,510.22,218.22,Flat,Main_0_2399
1176,RegionA,469.03,0.0,0.6679,540.19,309.804,Valley,Main_0_2399
1176,RegionB,449.49,0.0,0.6248,540.19,347.148,Valley,Main_0_2399
1176,RegionC,436.46,0.0,0.5925,540.19,309.731333,Valley,Main_0_2399
1176,RegionD,280.11,218.49,0.4525,540.19,252.794,Valley,Main_0_2399
1176,RegionE,247.54,193.08,0.237,540.19,269.95,Valley,Main_0_2399
1176,RegionF,260.57,203.24,0.2801,540.19,246.864,Valley,Main_0_2399
1177,RegionA,469.25,0.0,0.6703,587.87,351.89,Valley,Main_0_2399
1177,RegionB,449.7,0.0,0.6271,587.87,368.72,Valley,Main_0_2399
1177,RegionC,436.66,0.0,0.5946,587.87,380.855333,Valley,Main_0_2399
1177,RegionD,280.25,218.59,0.4541,587.87,254.017333,Valley,Main_0_2399
1177,RegionE,247.66,193.17,0.2378,587.87,307.92,Valley,Main_0_2399
1177,RegionF,260.69,203.34,0.2811,587.87,330.141,Valley,Main_0_2399
1178,RegionA,469.47,0.0,0.6693,650.0,385.098667,Valley,Main_0_2399
1178,RegionB,449.91,0.0,0.6261,650.0,372.874,Valley,Main_0_2399
1178,RegionC,436.87,0.0,0.5937,650.0,382.733,Valley,Main_0_2399
1178,RegionD,280.38,218.7,0.4534,650.0,277.536667,Valley,Main_0_2399
1178,RegionE,247.77,193.26,0.2375,650.0,364.579333,Valley,Main_0_2399
1178,RegionF,260.82,203.44,0.2807,650.0,330.213333,Valley,Main_0_2399
1179,RegionA,469.69,0.0,0.665,722.35,374.066667,Valley,Main_0_2399
1179,RegionB,450.12,0.0,0.6221,722.35,370.184,Valley,Main_0_2399
1179,RegionC,437.07,0.0,0.59,722.35,384.249667,Valley,Main_0_2399
1179,RegionD,280.51,218.8,0.4505,722.35,295.368,Valley,Main_0_2399
1179,RegionE,247.89,193.35,0.236,722.35,374.348,Valley,Main_0_2399
1179,RegionF,260.94,203.53,0.2789,722.35,337.199333,Valley,Main_0_2399
1180,RegionA,469.9,0.0,0.6578,800.0,369.858667,Valley,Main_0_2399
1180,RegionB,450.32,0.0,0.6154,800.0,384.391333,Valley,Main_0_2399
1180,RegionC,437.27,0.0,0.5836,800.0,385.628,Valley,Main_0_2399
1180,RegionD,280.64,218.9,0.4456,800.0,300.856333,Valley,Main_0_2399
1180,RegionE,248.0,193.44,0.2334,800.0,384.971333,Valley,Main_0_2399
1180,RegionF,261.06,203.63,0.2759,800.0,382.408,Valley,Main_0_2399
1181,RegionA,470.12,0.0,0.6483,877.65,373.276,Valley,Main_0_2399
1181,RegionB,450.53,0.0,0.6064,877.65,387.004,Valley,Main_0_2399
1181,RegionC,437.47,0.0,0.5751,877.65,384.014667,Valley,Main_0_2399
1181,RegionD,280.77,219.0,0.4391,877.65,390.48,Valley,Main_0_2399
1181,RegionE,248.12,193.53,0.23,877.65,396.405,Valley,Main_0_2399
1181,RegionF,261.18,203.72,0.2719,877.65,347.360667,Valley,Main_0_2399
1182,RegionA,470.33,0.0,0.637,950.0,378.063,Valley,Main_0_2399
1182,RegionB,450.74,0.0,0.5959,950.0,385.270333,Valley,Main_0_2399
1182,RegionC,437.67,0.0,0.5651,950.0,383.553333,Valley,Main_0_2399
1182,RegionD,280.89,219.09,0.4315,950.0,379.110667,Valley,Main_0_2399
1182,RegionE,248.23,193.62,0.226,950.0,420.254,Valley,Main_0_2399
1182,RegionF,261.3,203.81,0.2671,950.0,345.164,Valley,Main_0_2399
1183,RegionA,723.92,0.0,0.6248,1012.13,389.661667,Flat,Main_0_2399
1183,RegionB,693.75,0.0,0.5845,1012.13,381.252,Flat,Main_0_2399
1183,RegionC,673.64,0.0,0.5543,1012.13,382.546,Flat,Main_0_2399
1183,RegionD,432.34,337.23,0.4233,1012.13,363.982333,Flat,Main_0_2399
1183,RegionE,382.07,298.01,0.2217,1012.13,446.97,Flat,Main_0_2399
1183,RegionF,402.18,313.7,0.262,1012.13,311.974,Flat,Main_0_2399
1184,RegionA,724.24,0.0,0.6126,1059.81,387.639,Flat,Main_0_2399
1184,RegionB,694.06,0.0,0.5731,1059.81,386.867333,Flat,Main_0_2399
1184,RegionC,673.94,0.0,0.5435,1059.81,364.722667,Flat,Main_0_2399
1184,RegionD,432.53,337.37,0.415,1059.81,393.73,Flat,Main_0_2399
1184,RegionE,382.24,298.15,0.2174,1059.81,403.253333,Flat,Main_0_2399
1184,RegionF,402.35,313.83,0.2569,1059.81,282.044667,Flat,Main_0_2399
1185,RegionA,724.56,0.0,0.6013,1089.78,383.969667,Flat,Main_0_2399
1185,RegionB,694.37,0.0,0.5625,1089.78,366.532,Flat,Main_0_2399
1185,RegionC,674.24,0.0,0.5334,1089.78,355.48,Flat,Main_0_2399
1185,RegionD,432.72,337.52,0.4074,1089.78,344.07,Flat,Main_0_2399
1185,RegionE,382.4,298.27,0.2134,1089.78,374.859333,Flat,Main_0_2399
1185,RegionF,402.53,313.97,0.2522,1089.78,285.827333,Flat,Main_0_2399
1186,RegionA,724.87,0.0,0.5917,1100.0,326.893333,Flat,Main_0_2399
1186,RegionB,694.67,0.0,0.5535,1100.0,368.555333,Flat,Main_0_2399
1186,RegionC,674.53,0.0,0.5249,1100.0,354.872,Flat,Main_0_2399
1186,RegionD,432.91,337.67,0.4008,1100.0,292.181333,Flat,Main_0_2399
1186,RegionE,382.57,298.4,0.21,1100.0,299.081333,Flat,Main_0_2399
1186,RegionF,402.71,314.11,0.2481,1100.0,321.861333,Flat,Main_0_2399
1187,RegionA,725.18,0.0,0.5845,1089.78,355.884,Flat,Main_0_2399
1187,RegionB,694.96,0.0,0.5468,1089.78,371.87,Flat,Main_0_2399
1187,RegionC,674.82,0.0,0.5185,1089.78,338.842333,Flat,Main_0_2399
1187,RegionD,433.09,337.81,0.3959,1089.78,296.1,Flat,Main_0_2399
1187,RegionE,382.73,298.53,0.2074,1089.78,256.960333,Flat,Main_0_2399
1187,RegionF,402.88,314.25,0.2451,1089.78,278.281333,Flat,Main_0_2399
1188,RegionA,725.48,0.0,0.5802,1059.81,300.05,Flat,Main_0_2399
1188,RegionB,695.25,0.0,0.5427,1059.81,332.747333,Flat,Main_0_2399
1188,RegionC,675.1,0.0,0.5147,1059.81,333.829667,Flat,Main_0_2399
1188,RegionD,433.27,337.95,0.393,1059.81,282.13,Flat,Main_0_2399
1188,RegionE,382.89,298.65,0.2059,1059.81,215.789333,Flat,Main_0_2399
1188,RegionF,403.04,314.37,0.2433,1059.81,247.788667,Flat,Main_0_2399
1189,RegionA,725.77,0.0,0.5791,1012.13,321.479333,Flat,Main_0_2399
1189,RegionB,695.53,0.0,0.5417,1012.13,325.991667,Flat,Main_0_2399
1189,RegionC,675.37,0.0,0.5137,1012.13,304.251333,Flat,Main_0_2399
1189,RegionD,433.45,338.09,0.3923,1012.13,270.151,Flat,Main_0_2399
1189,RegionE,383.05,298.78,0.2055,1012.13,229.824,Flat,Main_0_2399
1189,RegionF,403.21,314.5,0.2428,1012.13,218.39,Flat,Main_0_2399
1190,RegionA,726.06,0.0,0.5814,950.0,306.493667,Flat,Main_0_2399
1190,RegionB,695.81,0.0,0.5439,950.0,284.022,Flat,Main_0_2399
1190,RegionC,675.64,0.0,0.5157,950.0,283.063,Flat,Main_0_2399
1190,RegionD,433.62,338.22,0.3938,950.0,255.13,Flat,Main_0_2399
1190,RegionE,383.2,298.9,0.2063,950.0,203.515667,Flat,Main_0_2399
1190,RegionF,403.37,314.63,0.2438,950.0,202.772,Flat,Main_0_2399
1191,RegionA,726.34,0.0,0.5869,877.65,268.710333,Flat,Main_0_2399
1191,RegionB,696.08,0.0,0.5491,877.65,262.575333,Flat,Main_0_2399
1191,RegionC,675.9,0.0,0.5207,877.65,271.042333,Flat,Main_0_2399
1191,RegionD,433.79,338.36,0.3976,877.65,227.63,Flat,Main_0_2399
1191,RegionE,383.35,299.01,0.2083,877.65,202.830667,Flat,Main_0_2399
1191,RegionF,403.52,314.75,0.2461,877.65,192.631667,Flat,Main_0_2399
1192,RegionA,726.61,0.0,0.5954,800.0,225.655333,Flat,Main_0_2399
1192,RegionB,696.34,0.0,0.557,800.0,235.956667,Flat,Main_0_2399
1192,RegionC,676.15,0.0,0.5282,800.0,247.804667,Flat,Main_0_2399
1192,RegionD,433.95,338.48,0.4033,800.0,152.265333,Flat,Main_0_2399
1192,RegionE,383.49,299.12,0.2113,800.0,156.176,Flat,Main_0_2399
1192,RegionF,403.67,314.86,0.2497,800.0,175.752,Flat,Main_0_2399
1193,RegionA,1053.97,0.0,0.6062,722.35,217.83,Peak,Main_0_2399
1193,RegionB,1010.05,0.0,0.5671,722.35,216.655667,Peak,Main_0_2399
1193,RegionC,980.78,0.0,0.5378,722.35,230.125667,Peak,Main_0_2399
1193,RegionD,629.45,490.97,0.4107,722.35,75.026,Peak,Main_0_2399
1193,RegionE,556.26,433.88,0.2151,722.35,122.066667,Peak,Main_0_2399
1193,RegionF,585.54,456.72,0.2542,722.35,140.724667,Peak,Main_0_2399
1194,RegionA,1054.34,0.0,0.6188,650.0,196.135,Peak,Main_0_2399
1194,RegionB,1010.41,0.0,0.5788,650.0,239.314667,Peak,Main_0_2399
1194,RegionC,981.12,0.0,0.5489,650.0,208.230667,Peak,Main_0_2399
1194,RegionD,629.67,491.14,0.4192,650.0,111.668,Peak,Main_0_2399
1194,RegionE,556.46,434.04,0.2196,650.0,113.845333,Peak,Main_0_2399
1194,RegionF,585.74,456.88,0.2595,650.0,129.33,Peak,Main_0_2399
1195,RegionA,1054.69,0.0,0.6321,587.87,177.056667,Peak,Main_0_2399
1195,RegionB,1010.75,0.0,0.5913,587.87,184.493333,Peak,Main_0_2399
1195,RegionC,981.45,0.0,0.5608,587.87,239.134,Peak,Main_0_2399
1195,RegionD,629.89,491.31,0.4282,587.87,83.038333,Peak,Main_0_2399
1195,RegionE,556.64,434.18,0.2243,587.87,163.195667,Peak,Main_0_2399
1195,RegionF,585.94,457.03,0.2651,587.87,142.876667,Peak,Main_0_2399
1196,RegionA,1055.03,0.0,0.6455,540.19,256.493667,Peak,Main_0_2399
1196,RegionB,1011.07,0.0,0.6038,540.19,206.913667,Peak,Main_0_2399
1196,RegionC,981.77,0.0,0.5726,540.19,221.664667,Peak,Main_0_2399
1196,RegionD,630.09,491.47,0.4373,540.19,71.699333,Peak,Main_0_2399
1196,RegionE,556.82,434.32,0.229,540.19,182.147333,Peak,Main_0_2399
1196,RegionF,586.13,457.18,0.2707,540.19,227.027333,Peak,Main_0_2399
1197,RegionA,1055.36,0.0,0.658,510.22,255.461333,Peak,Main_0_2399
1197,RegionB,1011.39,0.0,0.6155,510.22,227.079,Peak,Main_0_2399
1197,RegionC,982.07,0.0,0.5837,510.22,273.641333,Peak,Main_0_2399
1197,RegionD,630.28,491.62,0.4457,510.22,86.031667,Peak,Main_0_2399
1197,RegionE,557.0,434.46,0.2335,510.22,252.393333,Peak,Main_0_2399
1197,RegionF,586.31,457.32,0.2759,510.22,229.478,Peak,Main_0_2399
1198,RegionA,655.24,0.0,0.6687,500.0,305.180667,Flat,Main_0_2399
1198,RegionB,627.94,0.0,0.6256,500.0,260.627333,Flat,Main_0_2399
1198,RegionC,609.74,0.0,0.5932,500.0,299.206333,Flat,Main_0_2399
1198,RegionD,391.33,305.24,0.453,500.0,143.13,Flat,Main_0_2399
1198,RegionE,345.82,269.74,0.2373,500.0,258.496,Flat,Main_0_2399
1198,RegionF,364.02,283.94,0.2804,500.0,228.036667,Flat,Main_0_2399
1199,RegionA,655.43,0.0,0.6771,510.22,323.892,Flat,Main_0_2399
1199,RegionB,628.12,0.0,0.6334,510.22,316.076667,Flat,Main_0_2399
1199,RegionC,609.91,0.0,0.6006,510.22,349.606,Flat,Main_0_2399
1199,RegionD,391.44,305.32,0.4586,510.22,213.960667,Flat,Main_0_2399
1199,RegionE,345.92,269.82,0.2402,510.22,275.43,Flat,Main_0_2399
1199,RegionF,364.13,284.02,0.2839,510.22,230.59,Flat,Main_0_2399
1200,RegionA,473.49,0.0,0.6825,540.19,344.86,Valley,Main_0_2399
1200,RegionB,453.76,0.0,0.6384,540.19,275.363333,Valley,Main_0_2399
1200,RegionC,440.61,0.0,0.6054,540.19,326.49,Valley,Main_0_2399
1200,RegionD,282.78,220.57,0.4623,540.19,293.944,Valley,Main_0_2399
1200,RegionE,249.9,194.92,0.2422,540.19,277.628,Valley,Main_0_2399
1200,RegionF,263.05,205.18,0.2862,540.19,292.867333,Valley,Main_0_2399
1201,RegionA,473.61,0.0,0.6846,587.87,385.348667,Valley,Main_0_2399
1201,RegionB,453.87,0.0,0.6404,587.87,311.134333,Valley,Main_0_2399
1201,RegionC,440.72,0.0,0.6073,587.87,312.434667,Valley,Main_0_2399
1201,RegionD,282.85,220.62,0.4637,587.87,329.724,Valley,Main_0_2399
1201,RegionE,249.96,194.97,0.2429,587.87,314.08,Valley,Main_0_2399
1201,RegionF,263.11,205.23,0.2871,587.87,282.382,Valley,Main_0_2399
1202,RegionA,473.71,0.0,0.6833,650.0,388.396,Valley,Main_0_2399
1202,RegionB,453.98,0.0,0.6392,650.0,347.736,Valley,Main_0_2399
1202,RegionC,440.82,0.0,0.6061,650.0,368.472333,Valley,Main_0_2399
1202,RegionD,282.91,220.67,0.4629,650.0,361.434667,Valley,Main_0_2399
1202,RegionE,250.02,195.02,0.2425,650.0,302.109333,Valley,Main_0_2399
1202,RegionF,263.17,205.27,0.2865,650.0,339.448333,Valley,Main_0_2399
1203,RegionA,473.82,0.0,0.6787,722.35,396.731667,Valley,Main_0_2399
1203,RegionB,454.07,0.0,0.6349,722.35,352.832,Valley,Main_0_2399
1203,RegionC,440.91,0.0,0.6021,722.35,368.604,Valley,Main_0_2399
1203,RegionD,282.97,220.72,0.4598,722.35,356.543333,Valley,Main_0_2399
1203,RegionE,250.07,195.05,0.2408,722.35,315.318667,Valley,Main_0_2399
1203,RegionF,263.23,205.32,0.2846,722.35,385.696667,Valley,Main_0_2399
1204,RegionA,473.91,0.0,0.6712,800.0,377.288,Valley,Main_0_2399
1204,RegionB,454.16,0.0,0.6279,800.0,350.434667,Valley,Main_0_2399
1204,RegionC,441.0,0.0,0.5954,800.0,377.688,Valley,Main_0_2399
1204,RegionD,283.03,220.76,0.4547,800.0,316.554,Valley,Main_0_2399
1204,RegionE,250.12,195.09,0.2382,800.0,327.906,Valley,Main_0_2399
1204,RegionF,263.28,205.36,0.2815,800.0,413.36,Valley,Main_0_2399
1205,RegionA,473.99,0.0,0.6612,877.65,376.502667,Valley,Main_0_2399
1205,RegionB,454.24,0.0,0.6186,877.65,355.467667,Valley,Main_0_2399
1205,RegionC,441.08,0.0,0.5866,877.65,384.606667,Valley,Main_0_2399
1205,RegionD,283.08,220.8,0.4479,877.65,348.32,Valley,Main_0_2399
1205,RegionE,250.16,195.12,0.2346,877.65,362.307333,Valley,Main_0_2399
1205,RegionF,263.33,205.4,0.2773,877.65,394.814667,Valley,Main_0_2399
1206,RegionA,474.07,0.0,0.6496,950.0,384.643,Valley,Main_0_2399
1206,RegionB,454.31,0.0,0.6077,950.0,357.658667,Valley,Main_0_2399
1206,RegionC,441.15,0.0,0.5763,950.0,382.23,Valley,Main_0_2399
1206,RegionD,283.12,220.83,0.44,950.0,315.947333,Valley,Main_0_2399
1206,RegionE,250.2,195.16,0.2305,950.0,386.655667,Valley,Main_0_2399
1206,RegionF,263.37,205.43,0.2724,950.0,411.636,Valley,Main_0_2399
1207,RegionA,729.44,0.0,0.637,1012.13,370.291,Flat,Main_0_2399
1207,RegionB,699.04,0.0,0.5959,1012.13,367.294667,Flat,Main_0_2399
1207,RegionC,678.78,0.0,0.5651,1012.13,383.481333,Flat,Main_0_2399
1207,RegionD,435.64,339.8,0.4315,1012.13,366.874,Flat,Main_0_2399
1207,RegionE,384.98,300.28,0.226,1012.13,356.490667,Flat,Main_0_2399
1207,RegionF,405.24,316.09,0.2671,1012.13,410.929333,Flat,Main_0_2399
1208,RegionA,729.53,0.0,0.6245,1059.81,370.623333,Flat,Main_0_2399
1208,RegionB,699.13,0.0,0.5842,1059.81,347.464667,Flat,Main_0_2399
1208,RegionC,678.86,0.0,0.554,1059.81,370.04,Flat,Main_0_2399
1208,RegionD,435.69,339.84,0.423,1059.81,371.986,Flat,Main_0_2399
1208,RegionE,385.03,300.32,0.2216,1059.81,391.684,Flat,Main_0_2399
1208,RegionF,405.29,316.13,0.2619,1059.81,360.522667,Flat,Main_0_2399
1209,RegionA,729.6,0.0,0.6128,1089.78,374.061333,Flat,Main_0_2399
1209,RegionB,699.2,0.0,0.5732,1089.78,360.108,Flat,Main_0_2399
1209,RegionC,678.93,0.0,0.5436,1089.78,383.264333,Flat,Main_0_2399
1209,RegionD,435.73,339.87,0.4151,1089.78,354.463333,Flat,Main_0_2399
1209,RegionE,385.07,300.35,0.2174,1089.78,381.584,Flat,Main_0_2399
1209,RegionF,405.33,316.16,0.257,1089.78,313.506,Flat,Main_0_2399
1210,RegionA,729.66,0.0,0.6027,1100.0,370.618667,Flat,Main_0_2399
1210,RegionB,699.26,0.0,0.5638,1100.0,344.474,Flat,Main_0_2399
1210,RegionC,678.99,0.0,0.5347,1100.0,374.517333,Flat,Main_0_2399
1210,RegionD,435.77,339.9,0.4083,1100.0,322.493333,Flat,Main_0_2399
1210,RegionE,385.1,300.38,0.2139,1100.0,350.509333,Flat,Main_0_2399
1210,RegionF,405.37,316.19,0.2527,1100.0,358.595667,Flat,Main_0_2399
1211,RegionA,729.71,0.0,0.595,1089.78,353.322667,Flat,Main_0_2399
1211,RegionB,699.3,0.0,0.5566,1089.78,357.671333,Flat,Main_0_2399
1211,RegionC,679.03,0.0,0.5278,1089.78,377.242,Flat,Main_0_2399
1211,RegionD,435.8,339.92,0.4031,1089.78,222.46,Flat,Main_0_2399
1211,RegionE,385.12,300.39,0.2111,1089.78,327.052667,Flat,Main_0_2399
1211,RegionF,405.39,316.2,0.2495,1089.78,297.306667,Flat,Main_0_2399
1212,RegionA,729.74,0.0,0.5902,1059.81,350.857333,Flat,Main_0_2399
1212,RegionB,699.33,0.0,0.5521,1059.81,327.241,Flat,Main_0_2399
1212,RegionC,679.06,0.0,0.5236,1059.81,334.902,Flat,Main_0_2399
1212,RegionD,435.82,339.94,0.3998,1059.81,209.338,Flat,Main_0_2399
1212,RegionE,385.14,300.41,0.2094,1059.81,284.273667,Flat,Main_0_2399
1212,RegionF,405.41,316.22,0.2475,1059.81,249.169,Flat,Main_0_2399
1213,RegionA,729.75,0.0,0.5887,1012.13,319.943333,Flat,Main_0_2399
1213,RegionB,699.35,0.0,0.5507,1012.13,306.086667,Flat,Main_0_2399
1213,RegionC,679.08,0.0,0.5222,1012.13,304.503333,Flat,Main_0_2399
1213,RegionD,435.83,339.95,0.3988,1012.13,226.106,Flat,Main_0_2399
1213,RegionE,385.15,300.42,0.2089,1012.13,283.102667,Flat,Main_0_2399
1213,RegionF,405.42,316.23,0.2469,1012.13,225.619,Flat,Main_0_2399
1214,RegionA,729.76,0.0,0.5905,950.0,308.760333,Flat,Main_0_2399
1214,RegionB,699.35,0.0,0.5524,950.0,304.117667,Flat,Main_0_2399
1214,RegionC,679.08,0.0,0.5238,950.0,312.839667,Flat,Main_0_2399
1214,RegionD,435.83,339.95,0.4,950.0,235.394,Flat,Main_0_2399
1214,RegionE,385.15,300.42,0.2095,950.0,274.338333,Flat,Main_0_2399
1214,RegionF,405.42,316.23,0.2476,950.0,189.66,Flat,Main_0_2399
1215,RegionA,729.74,0.0,0.5955,877.65,236.129333,Flat,Main_0_2399
1215,RegionB,699.34,0.0,0.5571,877.65,275.784667,Flat,Main_0_2399
1215,RegionC,679.07,0.0,0.5283,877.65,287.612,Flat,Main_0_2399
1215,RegionD,435.82,339.94,0.4034,877.65,172.158,Flat,Main_0_2399
1215,RegionE,385.14,300.41,0.2113,877.65,238.494333,Flat,Main_0_2399
1215,RegionF,405.41,316.22,0.2497,877.65,207.039,Flat,Main_0_2399
1216,RegionA,729.71,0.0,0.6035,800.0,220.13,Flat,Main_0_2399
1216,RegionB,699.31,0.0,0.5645,800.0,243.38,Flat,Main_0_2399
1216,RegionC,679.04,0.0,0.5353,800.0,238.505,Flat,Main_0_2399
1216,RegionD,435.8,339.92,0.4088,800.0,143.374,Flat,Main_0_2399
1216,RegionE,385.13,300.4,0.2141,800.0,200.214667,Flat,Main_0_2399
1216,RegionF,405.4,316.21,0.2531,800.0,176.278,Flat,Main_0_2399
1217,RegionA,1058.02,0.0,0.6138,722.35,184.424,Peak,Main_0_2399
1217,RegionB,1013.94,0.0,0.5742,722.35,227.687,Peak,Main_0_2399
1217,RegionC,984.55,0.0,0.5445,722.35,210.48,Peak,Main_0_2399
1217,RegionD,631.88,492.87,0.4158,722.35,78.306333,Peak,Main_0_2399
1217,RegionE,558.4,435.55,0.2178,722.35,188.772667,Peak,Main_0_2399
1217,RegionF,587.79,458.48,0.2574,722.35,176.300667,Peak,Main_0_2399
1218,RegionA,1057.94,0.0,0.6258,650.0,182.503,Peak,Main_0_2399
1218,RegionB,1013.86,0.0,0.5854,650.0,234.364,Peak,Main_0_2399
1218,RegionC,984.47,0.0,0.5551,650.0,260.15,Peak,Main_0_2399
1218,RegionD,631.82,492.82,0.4239,650.0,100.837,Peak,Main_0_2399
1218,RegionE,558.36,435.52,0.222,650.0,171.972333,Peak,Main_0_2399
1218,RegionF,587.74,458.44,0.2624,650.0,164.178333,Peak,Main_0_2399
1219,RegionA,1057.83,0.0,0.6386,587.87,188.242,Peak,Main_0_2399
1219,RegionB,1013.76,0.0,0.5974,587.87,224.867667,Peak,Main_0_2399
1219,RegionC,984.37,0.0,0.5665,587.87,207.084,Peak,Main_0_2399
1219,RegionD,631.76,492.77,0.4326,587.87,141.664333,Peak,Main_0_2399
1219,RegionE,558.3,435.47,0.2266,587.87,138.853333,Peak,Main_0_2399
1219,RegionF,587.68,458.39,0.2678,587.87,190.742,Peak,Main_0_2399
1220,RegionA,1057.7,0.0,0.6514,540.19,228.513667,Peak,Main_0_2399
1220,RegionB,1013.63,0.0,0.6094,540.19,238.29,Peak,Main_0_2399
1220,RegionC,984.25,0.0,0.5778,540.19,226.391667,Peak,Main_0_2399
1220,RegionD,631.68,492.71,0.4413,540.19,131.413333,Peak,Main_0_2399
1220,RegionE,558.23,435.42,0.2311,540.19,93.827333,Peak,Main_0_2399
1220,RegionF,587.61,458.34,0.2732,540.19,183.24,Peak,Main_0_2399
1221,RegionA,1057.55,0.0,0.6633,510.22,232.11,Peak,Main_0_2399
1221,RegionB,1013.49,0.0,0.6205,510.22,274.022,Peak,Main_0_2399
1221,RegionC,984.11,0.0,0.5884,510.22,243.968,Peak,Main_0_2399
1221,RegionD,631.59,492.64,0.4493,510.22,109.946,Peak,Main_0_2399
1221,RegionE,558.15,435.36,0.2354,510.22,162.806,Peak,Main_0_2399
1221,RegionF,587.53,458.27,0.2782,510.22,229.178,Peak,Main_0_2399
1222,RegionA,656.31,0.0,0.6735,500.0,259.748667,Flat,Main_0_2399
1222,RegionB,628.96,0.0,0.63,500.0,265.628,Flat,Main_0_2399
1222,RegionC,610.73,0.0,0.5974,500.0,287.243,Flat,Main_0_2399
1222,RegionD,391.96,305.73,0.4562,500.0,164.209333,Flat,Main_0_2399
1222,RegionE,346.38,270.18,0.239,500.0,170.403333,Flat,Main_0_2399
1222,RegionF,364.61,284.4,0.2824,500.0,229.409333,Flat,Main_0_2399
1223,RegionA,656.19,0.0,0.6812,510.22,277.62,Flat,Main_0_2399
1223,RegionB,628.84,0.0,0.6373,510.22,355.127,Flat,Main_0_2399
1223,RegionC,610.62,0.0,0.6043,510.22,325.771,Flat,Main_0_2399
1223,RegionD,391.89,305.67,0.4615,510.22,159.292667,Flat,Main_0_2399
1223,RegionE,346.32,270.13,0.2417,510.22,163.976333,Flat,Main_0_2399
1223,RegionF,364.55,284.35,0.2857,510.22,225.124,Flat,Main_0_2399
1224,RegionA,473.82,0.0,0.686,540.19,316.012,Valley,Main_0_2399
1224,RegionB,454.07,0.0,0.6418,540.19,348.062667,Valley,Main_0_2399
1224,RegionC,440.91,0.0,0.6086,540.19,368.216,Valley,Main_0_2399
1224,RegionD,282.97,220.72,0.4647,540.19,169.793333,Valley,Main_0_2399
1224,RegionE,250.07,195.05,0.2434,540.19,192.953333,Valley,Main_0_2399
1224,RegionF,263.23,205.32,0.2877,540.19,302.789333,Valley,Main_0_2399
1225,RegionA,473.71,0.0,0.6876,587.87,350.998667,Valley,Main_0_2399
1225,RegionB,453.97,0.0,0.6432,587.87,345.446667,Valley,Main_0_2399
1225,RegionC,440.81,0.0,0.6099,587.87,378.445333,Valley,Main_0_2399
1225,RegionD,282.91,220.67,0.4658,587.87,247.975667,Valley,Main_0_2399
1225,RegionE,250.01,195.01,0.244,587.87,259.904,Valley,Main_0_2399
1225,RegionF,263.17,205.27,0.2883,587.87,289.413333,Valley,Main_0_2399
1226,RegionA,473.59,0.0,0.6857,650.0,380.81,Valley,Main_0_2399
1226,RegionB,453.86,0.0,0.6414,650.0,365.053667,Valley,Main_0_2399
1226,RegionC,440.71,0.0,0.6083,650.0,377.954,Valley,Main_0_2399
1226,RegionD,282.84,220.62,0.4645,650.0,335.032,Valley,Main_0_2399
1226,RegionE,249.95,194.96,0.2433,650.0,323.654,Valley,Main_0_2399
1226,RegionF,263.11,205.23,0.2875,650.0,347.876,Valley,Main_0_2399
1227,RegionA,473.47,0.0,0.6805,722.35,388.382333,Valley,Main_0_2399
1227,RegionB,453.74,0.0,0.6366,722.35,355.18,Valley,Main_0_2399
1227,RegionC,440.59,0.0,0.6037,722.35,379.075,Valley,Main_0_2399
1227,RegionD,282.77,220.56,0.461,722.35,345.571333,Valley,Main_0_2399
1227,RegionE,249.89,194.91,0.2415,722.35,318.101,Valley,Main_0_2399
1227,RegionF,263.04,205.17,0.2854,722.35,400.857333,Valley,Main_0_2399
1228,RegionA,473.34,0.0,0.6724,800.0,374.893333,Valley,Main_0_2399
1228,RegionB,453.61,0.0,0.629,800.0,356.699333,Valley,Main_0_2399
1228,RegionC,440.46,0.0,0.5965,800.0,378.32,Valley,Main_0_2399
1228,RegionD,282.69,220.5,0.4555,800.0,362.358333,Valley,Main_0_2399
1228,RegionE,249.82,194.86,0.2386,800.0,369.311333,Valley,Main_0_2399
1228,RegionF,262.96,205.11,0.282,800.0,414.666667,Valley,Main_0_2399
1229,RegionA,473.19,0.0,0.6618,877.65,371.910667,Valley,Main_0_2399
1229,RegionB,453.48,0.0,0.6191,877.65,373.921667,Valley,Main_0_2399
1229,RegionC,440.33,0.0,0.5871,877.65,379.626667,Valley,Main_0_2399
1229,RegionD,282.6,220.43,0.4483,877.65,349.688333,Valley,Main_0_2399
1229,RegionE,249.74,194.8,0.2348,877.65,346.49,Valley,Main_0_2399
1229,RegionF,262.88,205.05,0.2775,877.65,421.402,Valley,Main_0_2399
1230,RegionA,473.04,0.0,0.6496,950.0,369.889333,Valley,Main_0_2399
1230,RegionB,453.33,0.0,0.6077,950.0,379.490667,Valley,Main_0_2399
1230,RegionC,440.19,0.0,0.5763,950.0,380.966333,Valley,Main_0_2399
1230,RegionD,282.51,220.36,0.44,950.0,368.151333,Valley,Main_0_2399
1230,RegionE,249.66,194.73,0.2305,950.0,346.125333,Valley,Main_0_2399
1230,RegionF,262.8,204.98,0.2724,950.0,430.116667,Valley,Main_0_2399
1231,RegionA,727.51,0.0,0.6364,1012.13,368.424,Flat,Main_0_2399
1231,RegionB,697.19,0.0,0.5954,1012.13,369.607667,Flat,Main_0_2399
1231,RegionC,676.98,0.0,0.5646,1012.13,369.0,Flat,Main_0_2399
1231,RegionD,434.48,338.89,0.4311,1012.13,382.385333,Flat,Main_0_2399
1231,RegionE,383.96,299.49,0.2258,1012.13,350.004,Flat,Main_0_2399
1231,RegionF,404.17,315.25,0.2669,1012.13,367.343333,Flat,Main_0_2399
1232,RegionA,727.24,0.0,0.6233,1059.81,372.064667,Flat,Main_0_2399
1232,RegionB,696.94,0.0,0.5831,1059.81,355.421,Flat,Main_0_2399
1232,RegionC,676.74,0.0,0.5529,1059.81,370.304667,Flat,Main_0_2399
1232,RegionD,434.33,338.78,0.4222,1059.81,328.781667,Flat,Main_0_2399
1232,RegionE,383.82,299.38,0.2212,1059.81,384.036,Flat,Main_0_2399
1232,RegionF,404.02,315.14,0.2614,1059.81,346.521333,Flat,Main_0_2399
1233,RegionA,726.97,0.0,0.6109,1089.78,385.211667,Flat,Main_0_2399
1233,RegionB,696.68,0.0,0.5715,1089.78,347.998667,Flat,Main_0_2399
1233,RegionC,676.49,0.0,0.542,1089.78,355.739,Flat,Main_0_2399
1233,RegionD,434.16,338.64,0.4139,1089.78,300.185667,Flat,Main_0_2399
1233,RegionE,383.68,299.27,0.2168,1089.78,301.828667,Flat,Main_0_2399
1233,RegionF,403.87,315.02,0.2562,1089.78,334.505333,Flat,Main_0_2399
1234,RegionA,726.68,0.0,0.6003,1100.0,393.862667,Flat,Main_0_2399
1234,RegionB,696.4,0.0,0.5616,1100.0,366.69,Flat,Main_0_2399
1234,RegionC,676.22,0.0,0.5325,1100.0,354.330667,Flat,Main_0_2399
1234,RegionD,433.99,338.51,0.4067,1100.0,251.605667,Flat,Main_0_2399
1234,RegionE,383.53,299.15,0.213,1100.0,276.941,Flat,Main_0_2399
1234,RegionF,403.71,314.89,0.2517,1100.0,280.227333,Flat,Main_0_2399
1235,RegionA,726.38,0.0,0.592,1089.78,368.673,Flat,Main_0_2399
1235,RegionB,696.12,0.0,0.5538,1089.78,346.357667,Flat,Main_0_2399
1235,RegionC,675.94,0.0,0.5252,1089.78,320.372,Flat,Main_0_2399
1235,RegionD,433.81,338.37,0.401,1089.78,234.733333,Flat,Main_0_2399
1235,RegionE,383.37,299.03,0.2101,1089.78,285.974333,Flat,Main_0_2399
1235,RegionF,403.55,314.77,0.2483,1089.78,208.398,Flat,Main_0_2399
1236,RegionA,726.07,0.0,0.5866,1059.81,323.596,Flat,Main_0_2399
1236,RegionB,695.82,0.0,0.5488,1059.81,327.361,Flat,Main_0_2399
1236,RegionC,675.65,0.0,0.5204,1059.81,310.204667,Flat,Main_0_2399
1236,RegionD,433.63,338.23,0.3974,1059.81,240.211333,Flat,Main_0_2399
1236,RegionE,383.2,298.9,0.2082,1059.81,262.658667,Flat,Main_0_2399
1236,RegionF,403.37,314.63,0.246,1059.81,250.191667,Flat,Main_0_2399
1237,RegionA,725.75,0.0,0.5845,1012.13,312.960333,Flat,Main_0_2399
1237,RegionB,695.51,0.0,0.5468,1012.13,293.994,Flat,Main_0_2399
1237,RegionC,675.35,0.0,0.5185,1012.13,301.658667,Flat,Main_0_2399
1237,RegionD,433.43,338.08,0.396,1012.13,244.035667,Flat,Main_0_2399
1237,RegionE,383.03,298.76,0.2074,1012.13,290.871333,Flat,Main_0_2399
1237,RegionF,403.19,314.49,0.2451,1012.13,253.442,Flat,Main_0_2399
1238,RegionA,725.41,0.0,0.5857,950.0,289.538333,Flat,Main_0_2399
1238,RegionB,695.19,0.0,0.5479,950.0,301.831333,Flat,Main_0_2399
1238,RegionC,675.04,0.0,0.5196,950.0,312.886,Flat,Main_0_2399
1238,RegionD,433.23,337.92,0.3968,950.0,235.566667,Flat,Main_0_2399
1238,RegionE,382.86,298.63,0.2078,950.0,288.005,Flat,Main_0_2399
1238,RegionF,403.01,314.35,0.2456,950.0,228.929333,Flat,Main_0_2399
1239,RegionA,725.07,0.0,0.5902,877.65,250.070333,Flat,Main_0_2399
1239,RegionB,694.86,0.0,0.5521,877.65,273.536,Flat,Main_0_2399
1239,RegionC,674.72,0.0,0.5236,877.65,269.568,Flat,Main_0_2399
1239,RegionD,433.03,337.76,0.3998,877.65,152.69,Flat,Main_0_2399
1239,RegionE,382.67,298.48,0.2094,877.65,240.901667,Flat,Main_0_2399
1239,RegionF,402.82,314.2,0.2475,877.65,163.074333,Flat,Main_0_2399
1240,RegionA,724.71,0.0,0.5976,800.0,206.864,Flat,Main_0_2399
1240,RegionB,694.52,0.0,0.559,800.0,244.038,Flat,Main_0_2399
1240,RegionC,674.38,0.0,0.5301,800.0,247.494,Flat,Main_0_2399
1240,RegionD,432.81,337.59,0.4048,800.0,102.091333,Flat,Main_0_2399
1240,RegionE,382.49,298.34,0.212,800.0,219.305,Flat,Main_0_2399
1240,RegionF,402.62,314.04,0.2506,800.0,116.904333,Flat,Main_0_2399
1241,RegionA,1050.3,0.0,0.6073,722.35,214.125,Peak,Main_0_2399
1241,RegionB,1006.54,0.0,0.5681,722.35,207.176667,Peak,Main_0_2399
1241,RegionC,977.36,0.0,0.5388,722.35,195.406667,Peak,Main_0_2399
1241,RegionD,627.26,489.26,0.4114,722.35,82.335667,Peak,Main_0_2399
1241,RegionE,554.33,432.38,0.2155,722.35,193.986667,Peak,Main_0_2399
1241,RegionF,583.5,455.13,0.2547,722.35,118.092667,Peak,Main_0_2399
1242,RegionA,1049.75,0.0,0.6188,650.0,211.223,Peak,Main_0_2399
1242,RegionB,1006.01,0.0,0.5788,650.0,201.02,Peak,Main_0_2399
1242,RegionC,976.85,0.0,0.5489,650.0,202.873333,Peak,Main_0_2399
1242,RegionD,626.94,489.01,0.4192,650.0,92.132,Peak,Main_0_2399
1242,RegionE,554.04,432.15,0.2196,650.0,178.221333,Peak,Main_0_2399
1242,RegionF,583.2,454.9,0.2595,650.0,121.063333,Peak,Main_0_2399
1243,RegionA,1049.19,0.0,0.631,587.87,234.147,Peak,Main_0_2399
1243,RegionB,1005.48,0.0,0.5903,587.87,192.203333,Peak,Main_0_2399
1243,RegionC,976.33,0.0,0.5598,587.87,187.548,Peak,Main_0_2399
1243,RegionD,626.6,488.75,0.4275,587.87,105.916667,Peak,Main_0_2399
1243,RegionE,553.74,431.92,0.2239,587.87,198.503667,Peak,Main_0_2399
1243,RegionF,582.89,454.65,0.2646,587.87,126.58,Peak,Main_0_2399
1244,RegionA,1048.62,0.0,0.6433,540.19,247.233333,Peak,Main_0_2399
1244,RegionB,1004.93,0.0,0.6018,540.19,233.45,Peak,Main_0_2399
1244,RegionC,975.8,0.0,0.5707,540.19,221.025333,Peak,Main_0_2399
1244,RegionD,626.26,488.48,0.4358,540.19,92.274667,Peak,Main_0_2399
1244,RegionE,553.44,431.68,0.2283,540.19,188.953333,Peak,Main_0_2399
1244,RegionF,582.57,454.4,0.2698,540.19,165.28,Peak,Main_0_2399
1245,RegionA,1048.04,0.0,0.6547,510.22,255.268667,Peak,Main_0_2399
1245,RegionB,1004.37,0.0,0.6125,510.22,262.48,Peak,Main_0_2399
1245,RegionC,975.26,0.0,0.5808,510.22,242.216,Peak,Main_0_2399
1245,RegionD,625.91,488.21,0.4435,510.22,86.096,Peak,Main_0_2399
1245,RegionE,553.13,431.44,0.2323,510.22,207.362,Peak,Main_0_2399
1245,RegionF,582.24,454.15,0.2745,510.22,151.629333,Peak,Main_0_2399
1246,RegionA,650.14,0.0,0.6644,500.0,296.064667,Flat,Main_0_2399
1246,RegionB,623.05,0.0,0.6215,500.0,273.63,Flat,Main_0_2399
1246,RegionC,604.99,0.0,0.5894,500.0,276.215333,Flat,Main_0_2399
1246,RegionD,388.28,302.86,0.4501,500.0,159.696667,Flat,Main_0_2399
1246,RegionE,343.13,267.64,0.2357,500.0,192.945333,Flat,Main_0_2399
1246,RegionF,361.19,281.73,0.2786,500.0,216.28,Flat,Main_0_2399
1247,RegionA,649.76,0.0,0.6716,510.22,332.233333,Flat,Main_0_2399
1247,RegionB,622.68,0.0,0.6283,510.22,335.830667,Flat,Main_0_2399
1247,RegionC,604.64,0.0,0.5958,510.22,310.210667,Flat,Main_0_2399
1247,RegionD,388.05,302.68,0.455,510.22,178.528,Flat,Main_0_2399
1247,RegionE,342.93,267.49,0.2383,510.22,241.617667,Flat,Main_0_2399
1247,RegionF,360.98,281.56,0.2817,510.22,217.044,Flat,Main_0_2399
1248,RegionA,468.99,0.0,0.676,540.19,349.096,Valley,Main_0_2399
1248,RegionB,449.45,0.0,0.6324,540.19,326.27,Valley,Main_0_2399
1248,RegionC,436.42,0.0,0.5997,540.19,341.104,Valley,Main_0_2399
1248,RegionD,280.09,218.47,0.4579,540.19,224.075667,Valley,Main_0_2399
1248,RegionE,247.52,193.07,0.2399,540.19,268.529333,Valley,Main_0_2399
1248,RegionF,260.55,203.23,0.2835,540.19,229.959333,Valley,Main_0_2399
1249,RegionA,468.71,0.0,0.677,587.87,374.324667,Valley,Main_0_2399
1249,RegionB,449.18,0.0,0.6334,587.87,366.832,Valley,Main_0_2399
1249,RegionC,436.16,0.0,0.6006,587.87,380.446667,Valley,Main_0_2399
1249,RegionD,279.93,218.35,0.4586,587.87,299.956,Valley,Main_0_2399
1249,RegionE,247.38,192.96,0.2402,587.87,308.941333,Valley,Main_0_2399
1249,RegionF,260.4,203.11,0.2839,587.87,274.684667,Valley,Main_0_2399
1250,RegionA,468.43,0.0,0.6747,650.0,398.34,Valley,Main_0_2399
1250,RegionB,448.91,0.0,0.6312,650.0,343.895,Valley,Main_0_2399
1250,RegionC,435.9,0.0,0.5985,650.0,380.15,Valley,Main_0_2399
1250,RegionD,279.75,218.21,0.4571,650.0,317.254,Valley,Main_0_2399
1250,RegionE,247.23,192.84,0.2394,650.0,333.486,Valley,Main_0_2399
1250,RegionF,260.24,202.99,0.2829,650.0,311.905333,Valley,Main_0_2399
1251,RegionA,468.14,0.0,0.6691,722.35,387.694,Valley,Main_0_2399
1251,RegionB,448.63,0.0,0.6259,722.35,350.289667,Valley,Main_0_2399
1251,RegionC,435.63,0.0,0.5936,722.35,382.164333,Valley,Main_0_2399
1251,RegionD,279.58,218.07,0.4533,722.35,366.301667,Valley,Main_0_2399
1251,RegionE,247.07,192.71,0.2374,722.35,375.096,Valley,Main_0_2399
1251,RegionF,260.08,202.86,0.2806,722.35,375.582667,Valley,Main_0_2399
1252,RegionA,467.85,0.0,0.6606,800.0,377.643333,Valley,Main_0_2399
1252,RegionB,448.35,0.0,0.6179,800.0,367.538667,Valley,Main_0_2399
1252,RegionC,435.36,0.0,0.586,800.0,354.861667,Valley,Main_0_2399
1252,RegionD,279.41,217.94,0.4475,800.0,345.705,Valley,Main_0_2399
1252,RegionE,246.92,192.6,0.2344,800.0,360.336667,Valley,Main_0_2399
1252,RegionF,259.91,202.73,0.277,800.0,388.309333,Valley,Main_0_2399
1253,RegionA,467.55,0.0,0.6496,877.65,364.579333,Valley,Main_0_2399
1253,RegionB,448.07,0.0,0.6077,877.65,366.361333,Valley,Main_0_2399
1253,RegionC,435.08,0.0,0.5763,877.65,356.64,Valley,Main_0_2399
1253,RegionD,279.23,217.8,0.4401,877.65,354.554667,Valley,Main_0_2399
1253,RegionE,246.76,192.47,0.2305,877.65,359.224667,Valley,Main_0_2399
1253,RegionF,259.75,202.61,0.2724,877.65,401.922667,Valley,Main_0_2399
1254,RegionA,467.25,0.0,0.637,950.0,369.643333,Valley,Main_0_2399
1254,RegionB,447.79,0.0,0.5959,950.0,361.051,Valley,Main_0_2399
1254,RegionC,434.81,0.0,0.5651,950.0,359.878,Valley,Main_0_2399
1254,RegionD,279.05,217.66,0.4315,950.0,390.014333,Valley,Main_0_2399
1254,RegionE,246.61,192.36,0.226,950.0,384.082667,Valley,Main_0_2399
1254,RegionF,259.59,202.48,0.2671,950.0,408.426,Valley,Main_0_2399
1255,RegionA,718.39,0.0,0.6235,1012.13,361.54,Flat,Main_0_2399
1255,RegionB,688.46,0.0,0.5832,1012.13,363.642667,Flat,Main_0_2399
1255,RegionC,668.5,0.0,0.5531,1012.13,360.328,Flat,Main_0_2399
1255,RegionD,429.04,334.65,0.4223,1012.13,402.777333,Flat,Main_0_2399
1255,RegionE,379.15,295.74,0.2212,1012.13,373.674,Flat,Main_0_2399
1255,RegionF,399.11,311.31,0.2615,1012.13,411.398667,Flat,Main_0_2399
1256,RegionA,717.93,0.0,0.6099,1059.81,355.218667,Flat,Main_0_2399
1256,RegionB,688.01,0.0,0.5706,1059.81,352.376333,Flat,Main_0_2399
1256,RegionC,668.07,0.0,0.5411,1059.81,352.362667,Flat,Main_0_2399
1256,RegionD,428.76,334.43,0.4132,1059.81,408.092,Flat,Main_0_2399
1256,RegionE,378.91,295.55,0.2164,1059.81,382.260667,Flat,Main_0_2399
1256,RegionF,398.85,311.1,0.2558,1059.81,396.48,Flat,Main_0_2399
1257,RegionA,717.46,0.0,0.5973,1089.78,346.327333,Flat,Main_0_2399
1257,RegionB,687.57,0.0,0.5587,1089.78,361.608,Flat,Main_0_2399
1257,RegionC,667.64,0.0,0.5298,1089.78,360.934667,Flat,Main_0_2399
1257,RegionD,428.48,334.21,0.4046,1089.78,415.560667,Flat,Main_0_2399
1257,RegionE,378.66,295.35,0.2119,1089.78,336.556,Flat,Main_0_2399
1257,RegionF,398.59,310.9,0.2505,1089.78,380.560667,Flat,Main_0_2399
1258,RegionA,717.0,0.0,0.5863,1100.0,364.697333,Flat,Main_0_2399
1258,RegionB,687.12,0.0,0.5485,1100.0,376.088,Flat,Main_0_2399
1258,RegionC,667.2,0.0,0.5201,1100.0,350.72,Flat,Main_0_2399
1258,RegionD,428.21,334.0,0.3972,1100.0,353.349333,Flat,Main_0_2399
1258,RegionE,378.41,295.16,0.208,1100.0,376.784,Flat,Main_0_2399
1258,RegionF,398.33,310.7,0.2459,1100.0,403.792333,Flat,Main_0_2399
1259,RegionA,716.53,0.0,0.5777,1089.78,359.652667,Flat,Main_0_2399
1259,RegionB,686.67,0.0,0.5405,1089.78,375.515667,Flat,Main_0_2399
1259,RegionC,666.77,0.0,0.5125,1089.78,357.65,Flat,Main_0_2399
1259,RegionD,427.93,333.79,0.3914,1089.78,337.556,Flat,Main_0_2399
1259,RegionE,378.17,294.97,0.205,1089.78,302.458333,Flat,Main_0_2399
1259,RegionF,398.07,310.49,0.2423,1089.78,342.757,Flat,Main_0_2399
1260,RegionA,716.06,0.0,0.5721,1059.81,353.505,Flat,Main_0_2399
1260,RegionB,686.22,0.0,0.5352,1059.81,313.172333,Flat,Main_0_2399
1260,RegionC,666.33,0.0,0.5075,1059.81,356.972667,Flat,Main_0_2399
1260,RegionD,427.65,333.57,0.3875,1059.81,300.546667,Flat,Main_0_2399
1260,RegionE,377.92,294.78,0.203,1059.81,282.874,Flat,Main_0_2399
1260,RegionF,397.81,310.29,0.2399,1059.81,322.436667,Flat,Main_0_2399
1261,RegionA,715.59,0.0,0.5697,1012.13,316.169667,Flat,Main_0_2399
1261,RegionB,685.77,0.0,0.5329,1012.13,321.819333,Flat,Main_0_2399
1261,RegionC,665.9,0.0,0.5054,1012.13,310.731333,Flat,Main_0_2399
1261,RegionD,427.37,333.35,0.3859,1012.13,237.056667,Flat,Main_0_2399
1261,RegionE,377.67,294.58,0.2022,1012.13,290.367667,Flat,Main_0_2399
1261,RegionF,397.55,310.09,0.2389,1012.13,277.433,Flat,Main_0_2399
1262,RegionA,715.12,0.0,0.5707,950.0,287.005,Flat,Main_0_2399
1262,RegionB,685.32,0.0,0.5339,950.0,315.733,Flat,Main_0_2399
1262,RegionC,665.46,0.0,0.5063,950.0,298.577333,Flat,Main_0_2399
1262,RegionD,427.09,333.13,0.3866,950.0,240.307667,Flat,Main_0_2399
1262,RegionE,377.42,294.39,0.2025,950.0,255.508333,Flat,Main_0_2399
1262,RegionF,397.29,309.89,0.2393,950.0,288.623333,Flat,Main_0_2399
1263,RegionA,714.65,0.0,0.575,877.65,248.02,Flat,Main_0_2399
1263,RegionB,684.88,0.0,0.5379,877.65,261.608333,Flat,Main_0_2399
1263,RegionC,665.02,0.0,0.51,877.65,269.522667,Flat,Main_0_2399
1263,RegionD,426.81,332.91,0.3895,877.65,192.782,Flat,Main_0_2399
1263,RegionE,377.18,294.2,0.204,877.65,220.199333,Flat,Main_0_2399
1263,RegionF,397.03,309.68,0.2411,877.65,226.44,Flat,Main_0_2399
1264,RegionA,714.19,0.0,0.5822,800.0,209.69,Flat,Main_0_2399
1264,RegionB,684.43,0.0,0.5446,800.0,237.362667,Flat,Main_0_2399
1264,RegionC,664.59,0.0,0.5164,800.0,213.645333,Flat,Main_0_2399
1264,RegionD,426.53,332.69,0.3944,800.0,195.664667,Flat,Main_0_2399
1264,RegionE,376.93,294.01,0.2066,800.0,197.936,Flat,Main_0_2399
1264,RegionF,396.77,309.48,0.2441,800.0,212.001333,Flat,Main_0_2399
1265,RegionA,1034.9,0.0,0.5917,722.35,201.304667,Peak,Main_0_2399
1265,RegionB,991.78,0.0,0.5536,722.35,242.677333,Peak,Main_0_2399
1265,RegionC,963.03,0.0,0.5249,722.35,222.303667,Peak,Main_0_2399
1265,RegionD,618.07,482.09,0.4009,722.35,156.9,Peak,Main_0_2399
1265,RegionE,546.2,426.04,0.21,722.35,187.086,Peak,Main_0_2399
1265,RegionF,574.94,448.45,0.2481,722.35,155.937,Peak,Main_0_2399
1266,RegionA,1034.23,0.0,0.603,650.0,177.660333,Peak,Main_0_2399
1266,RegionB,991.14,0.0,0.5641,650.0,207.22,Peak,Main_0_2399
1266,RegionC,962.41,0.0,0.5349,650.0,218.993,Peak,Main_0_2399
1266,RegionD,617.67,481.78,0.4085,650.0,107.623333,Peak,Main_0_2399
1266,RegionE,545.85,425.76,0.214,650.0,142.811667,Peak,Main_0_2399
1266,RegionF,574.57,448.16,0.2529,650.0,213.276333,Peak,Main_0_2399
1267,RegionA,1033.57,0.0,0.6152,587.87,179.815,Peak,Main_0_2399
1267,RegionB,990.5,0.0,0.5755,587.87,228.803,Peak,Main_0_2399
1267,RegionC,961.79,0.0,0.5457,587.87,229.945333,Peak,Main_0_2399
1267,RegionD,617.27,481.47,0.4167,587.87,103.880667,Peak,Main_0_2399
1267,RegionE,545.5,425.49,0.2183,587.87,149.715333,Peak,Main_0_2399
1267,RegionF,574.21,447.88,0.258,587.87,196.722,Peak,Main_0_2399
1268,RegionA,1032.91,0.0,0.6274,540.19,230.829333,Peak,Main_0_2399
1268,RegionB,989.88,0.0,0.5869,540.19,235.959333,Peak,Main_0_2399
1268,RegionC,961.18,0.0,0.5565,540.19,255.89,Peak,Main_0_2399
1268,RegionD,616.88,481.17,0.425,540.19,140.405333,Peak,Main_0_2399
1268,RegionE,545.15,425.22,0.2226,540.19,183.188667,Peak,Main_0_2399
1268,RegionF,573.84,447.6,0.2631,540.19,183.231667,Peak,Main_0_2399
1269,RegionA,1032.26,0.0,0.6387,510.22,267.833333,Peak,Main_0_2399
1269,RegionB,989.25,0.0,0.5975,510.22,233.17,Peak,Main_0_2399
1269,RegionC,960.58,0.0,0.5666,510.22,254.342,Peak,Main_0_2399
1269,RegionD,616.49,480.86,0.4326,510.22,149.827333,Peak,Main_0_2399
1269,RegionE,544.81,424.95,0.2266,510.22,215.339333,Peak,Main_0_2399
1269,RegionF,573.48,447.31,0.2678,510.22,194.133333,Peak,Main_0_2399
1270,RegionA,640.32,0.0,0.6483,500.0,291.068,Flat,Main_0_2399
1270,RegionB,613.64,0.0,0.6065,500.0,228.38,Flat,Main_0_2399
1270,RegionC,595.85,0.0,0.5751,500.0,274.930667,Flat,Main_0_2399
1270,RegionD,382.41,298.28,0.4392,500.0,152.26,Flat,Main_0_2399
1270,RegionE,337.94,263.59,0.23,500.0,271.114,Flat,Main_0_2399
1270,RegionF,355.73,277.47,0.2719,500.0,165.861333,Flat,Main_0_2399
1271,RegionA,639.92,0.0,0.6555,510.22,309.081667,Flat,Main_0_2399
1271,RegionB,613.26,0.0,0.6132,510.22,268.359667,Flat,Main_0_2399
1271,RegionC,595.48,0.0,0.5815,510.22,302.373,Flat,Main_0_2399
1271,RegionD,382.18,298.1,0.4441,510.22,216.558,Flat,Main_0_2399
1271,RegionE,337.74,263.44,0.2326,510.22,251.559333,Flat,Main_0_2399
1271,RegionF,355.51,277.3,0.2749,510.22,243.027667,Flat,Main_0_2399
1272,RegionA,461.88,0.0,0.6598,540.19,330.210667,Valley,Main_0_2399
1272,RegionB,442.64,0.0,0.6173,540.19,289.387333,Valley,Main_0_2399
1272,RegionC,429.81,0.0,0.5853,540.19,329.562667,Valley,Main_0_2399
1272,RegionD,275.85,215.16,0.447,540.19,262.937,Valley,Main_0_2399
1272,RegionE,243.77,190.14,0.2341,540.19,298.435333,Valley,Main_0_2399
1272,RegionF,256.6,200.15,0.2767,540.19,280.037333,Valley,Main_0_2399
1273,RegionA,461.61,0.0,0.6609,587.87,347.92,Valley,Main_0_2399
1273,RegionB,442.37,0.0,0.6183,587.87,355.676,Valley,Main_0_2399
1273,RegionC,429.55,0.0,0.5863,587.87,352.876,Valley,Main_0_2399
1273,RegionD,275.68,215.03,0.4477,587.87,247.136,Valley,Main_0_2399
1273,RegionE,243.63,190.03,0.2345,587.87,327.095333,Valley,Main_0_2399
1273,RegionF,256.45,200.03,0.2772,587.87,315.915,Valley,Main_0_2399
1274,RegionA,461.34,0.0,0.6586,650.0,382.02,Valley,Main_0_2399
1274,RegionB,442.11,0.0,0.6161,650.0,354.110667,Valley,Main_0_2399
1274,RegionC,429.3,0.0,0.5843,650.0,383.713333,Valley,Main_0_2399
1274,RegionD,275.52,214.91,0.4462,650.0,254.638,Valley,Main_0_2399
1274,RegionE,243.48,189.91,0.2337,650.0,388.8,Valley,Main_0_2399
1274,RegionF,256.3,199.91,0.2762,650.0,319.098,Valley,Main_0_2399
1275,RegionA,461.07,0.0,0.6531,722.35,393.304,Valley,Main_0_2399
1275,RegionB,441.86,0.0,0.6109,722.35,356.954667,Valley,Main_0_2399
1275,RegionC,429.05,0.0,0.5793,722.35,384.165333,Valley,Main_0_2399
1275,RegionD,275.36,214.78,0.4424,722.35,265.298,Valley,Main_0_2399
1275,RegionE,243.34,189.81,0.2317,722.35,424.850333,Valley,Main_0_2399
1275,RegionF,256.15,199.8,0.2739,722.35,365.986,Valley,Main_0_2399
1276,RegionA,460.81,0.0,0.6446,800.0,388.909333,Valley,Main_0_2399
1276,RegionB,441.61,0.0,0.603,800.0,355.909,Valley,Main_0_2399
1276,RegionC,428.81,0.0,0.5718,800.0,382.686667,Valley,Main_0_2399
1276,RegionD,275.2,214.66,0.4367,800.0,328.065333,Valley,Main_0_2399
1276,RegionE,243.2,189.7,0.2287,800.0,428.245,Valley,Main_0_2399
1276,RegionF,256.0,199.68,0.2703,800.0,357.692667,Valley,Main_0_2399
1277,RegionA,460.55,0.0,0.6338,877.65,378.78,Valley,Main_0_2399
1277,RegionB,441.36,0.0,0.5929,877.65,363.104,Valley,Main_0_2399
1277,RegionC,428.57,0.0,0.5622,877.65,379.7,Valley,Main_0_2399
1277,RegionD,275.05,214.54,0.4293,877.65,337.222667,Valley,Main_0_2399
1277,RegionE,243.07,189.59,0.2249,877.65,414.836667,Valley,Main_0_2399
1277,RegionF,255.86,199.57,0.2658,877.65,389.982,Valley,Main_0_2399
1278,RegionA,460.3,0.0,0.6212,950.0,380.364,Valley,Main_0_2399
1278,RegionB,441.12,0.0,0.5812,950.0,361.304,Valley,Main_0_2399
1278,RegionC,428.34,0.0,0.5511,950.0,375.26,Valley,Main_0_2399
1278,RegionD,274.9,214.42,0.4208,950.0,295.085333,Valley,Main_0_2399
1278,RegionE,242.94,189.49,0.2204,950.0,416.933333,Valley,Main_0_2399
1278,RegionF,255.72,199.46,0.2605,950.0,419.196,Valley,Main_0_2399
1279,RegionA,707.78,0.0,0.6079,1012.13,371.339333,Flat,Main_0_2399
1279,RegionB,678.29,0.0,0.5687,1012.13,360.585,Flat,Main_0_2399
1279,RegionC,658.63,0.0,0.5392,1012.13,376.358333,Flat,Main_0_2399
1279,RegionD,422.7,329.71,0.4118,1012.13,313.754333,Flat,Main_0_2399
1279,RegionE,373.55,291.37,0.2157,1012.13,397.282667,Flat,Main_0_2399
1279,RegionF,393.21,306.7,0.2549,1012.13,445.441667,Flat,Main_0_2399
1280,RegionA,707.41,0.0,0.5945,1059.81,362.199333,Flat,Main_0_2399
1280,RegionB,677.94,0.0,0.5562,1059.81,361.146,Flat,Main_0_2399
1280,RegionC,658.29,0.0,0.5274,1059.81,382.238,Flat,Main_0_2399
1280,RegionD,422.48,329.53,0.4027,1059.81,306.616667,Flat,Main_0_2399
1280,RegionE,373.36,291.22,0.211,1059.81,361.39,Flat,Main_0_2399
1280,RegionF,393.01,306.55,0.2493,1059.81,461.589667,Flat,Main_0_2399
1281,RegionA,707.06,0.0,0.582,1089.78,362.642667,Flat,Main_0_2399
1281,RegionB,677.6,0.0,0.5445,1089.78,359.738667,Flat,Main_0_2399
1281,RegionC,657.96,0.0,0.5163,1089.78,383.458667,Flat,Main_0_2399
1281,RegionD,422.27,329.37,0.3943,1089.78,258.78,Flat,Main_0_2399
1281,RegionE,373.17,291.07,0.2065,1089.78,324.349333,Flat,Main_0_2399
1281,RegionF,392.81,306.39,0.2441,1089.78,381.738667,Flat,Main_0_2399
1282,RegionA,706.71,0.0,0.5713,1100.0,356.113667,Flat,Main_0_2399
1282,RegionB,677.27,0.0,0.5344,1100.0,372.131333,Flat,Main_0_2399
1282,RegionC,657.64,0.0,0.5068,1100.0,381.440667,Flat,Main_0_2399
1282,RegionD,422.07,329.21,0.387,1100.0,260.468667,Flat,Main_0_2399
1282,RegionE,372.99,290.93,0.2027,1100.0,362.613333,Flat,Main_0_2399
1282,RegionF,392.62,306.24,0.2396,1100.0,333.019333,Flat,Main_0_2399
1283,RegionA,706.38,0.0,0.5629,1089.78,337.797333,Flat,Main_0_2399
1283,RegionB,676.95,0.0,0.5266,1089.78,347.309333,Flat,Main_0_2399
1283,RegionC,657.33,0.0,0.4994,1089.78,377.867667,Flat,Main_0_2399
1283,RegionD,421.87,329.06,0.3814,1089.78,262.775,Flat,Main_0_2399
1283,RegionE,372.81,290.79,0.1998,1089.78,313.097333,Flat,Main_0_2399
1283,RegionF,392.43,306.1,0.2361,1089.78,299.461,Flat,Main_0_2399
1284,RegionA,706.06,0.0,0.5575,1059.81,326.07,Flat,Main_0_2399
1284,RegionB,676.64,0.0,0.5216,1059.81,357.234,Flat,Main_0_2399
1284,RegionC,657.03,0.0,0.4946,1059.81,345.78,Flat,Main_0_2399
1284,RegionD,421.67,328.9,0.3777,1059.81,265.024,Flat,Main_0_2399
1284,RegionE,372.64,290.66,0.1978,1059.81,236.76,Flat,Main_0_2399
1284,RegionF,392.26,305.96,0.2338,1059.81,282.998333,Flat,Main_0_2399
1285,RegionA,705.75,0.0,0.5554,1012.13,308.967333,Flat,Main_0_2399
1285,RegionB,676.34,0.0,0.5196,1012.13,311.678,Flat,Main_0_2399
1285,RegionC,656.74,0.0,0.4927,1012.13,303.12,Flat,Main_0_2399
1285,RegionD,421.49,328.76,0.3763,1012.13,270.798667,Flat,Main_0_2399
1285,RegionE,372.48,290.53,0.1971,1012.13,210.524,Flat,Main_0_2399
1285,RegionF,392.08,305.82,0.2329,1012.13,257.258,Flat,Main_0_2399
1286,RegionA,705.45,0.0,0.5567,950.0,316.237333,Flat,Main_0_2399
1286,RegionB,676.06,0.0,0.5208,950.0,304.141,Flat,Main_0_2399
1286,RegionC,656.46,0.0,0.4939,950.0,307.793,Flat,Main_0_2399
1286,RegionD,421.31,328.62,0.3771,950.0,223.614667,Flat,Main_0_2399
1286,RegionE,372.32,290.41,0.1975,950.0,191.469,Flat,Main_0_2399
1286,RegionF,391.92,305.7,0.2335,950.0,251.485667,Flat,Main_0_2399
1287,RegionA,705.17,0.0,0.5613,877.65,291.839333,Flat,Main_0_2399
1287,RegionB,675.78,0.0,0.5251,877.65,285.235667,Flat,Main_0_2399
1287,RegionC,656.2,0.0,0.4979,877.65,260.875,Flat,Main_0_2399
1287,RegionD,421.14,328.49,0.3802,877.65,205.111,Flat,Main_0_2399
1287,RegionE,372.17,290.29,0.1992,877.65,149.183333,Flat,Main_0_2399
1287,RegionF,391.76,305.57,0.2354,877.65,216.314333,Flat,Main_0_2399
1288,RegionA,704.89,0.0,0.5688,800.0,252.653333,Flat,Main_0_2399
1288,RegionB,675.52,0.0,0.5321,800.0,242.487667,Flat,Main_0_2399
1288,RegionC,655.94,0.0,0.5046,800.0,229.260333,Flat,Main_0_2399
1288,RegionD,420.98,328.36,0.3853,800.0,126.118,Flat,Main_0_2399
1288,RegionE,372.03,290.18,0.2018,800.0,139.89,Flat,Main_0_2399
1288,RegionF,391.61,305.46,0.2385,800.0,199.616667,Flat,Main_0_2399
1289,RegionA,1021.72,0.0,0.5788,722.35,204.773333,Peak,Main_0_2399
1289,RegionB,979.15,0.0,0.5414,722.35,213.327333,Peak,Main_0_2399
1289,RegionC,950.77,0.0,0.5134,722.35,212.897667,Peak,Main_0_2399
1289,RegionD,610.19,475.95,0.3921,722.35,120.251333,Peak,Main_0_2399
1289,RegionE,539.24,420.61,0.2054,722.35,176.953333,Peak,Main_0_2399
1289,RegionF,567.62,442.74,0.2427,722.35,220.375,Peak,Main_0_2399
1290,RegionA,1021.36,0.0,0.5904,650.0,192.95,Peak,Main_0_2399
1290,RegionB,978.8,0.0,0.5523,650.0,185.274667,Peak,Main_0_2399
1290,RegionC,950.43,0.0,0.5237,650.0,216.757333,Peak,Main_0_2399
1290,RegionD,609.98,475.78,0.4,650.0,155.016667,Peak,Main_0_2399
1290,RegionE,539.05,420.46,0.2095,650.0,203.39,Peak,Main_0_2399
1290,RegionF,567.42,442.59,0.2476,650.0,186.963333,Peak,Main_0_2399
1291,RegionA,1021.02,0.0,0.603,587.87,218.382667,Peak,Main_0_2399
1291,RegionB,978.48,0.0,0.5641,587.87,179.433333,Peak,Main_0_2399
1291,RegionC,950.12,0.0,0.5349,587.87,203.595,Peak,Main_0_2399
1291,RegionD,609.78,475.63,0.4085,587.87,151.924667,Peak,Main_0_2399
1291,RegionE,538.87,420.32,0.214,587.87,216.994667,Peak,Main_0_2399
1291,RegionF,567.24,442.45,0.2529,587.87,168.981333,Peak,Main_0_2399
1292,RegionA,1020.71,0.0,0.6155,540.19,243.505333,Peak,Main_0_2399
1292,RegionB,978.18,0.0,0.5758,540.19,219.194,Peak,Main_0_2399
1292,RegionC,949.82,0.0,0.546,540.19,247.013333,Peak,Main_0_2399
1292,RegionD,609.59,475.48,0.417,540.19,194.221333,Peak,Main_0_2399
1292,RegionE,538.71,420.19,0.2184,540.19,224.5,Peak,Main_0_2399
1292,RegionF,567.06,442.31,0.2581,540.19,200.403333,Peak,Main_0_2399
1293,RegionA,1020.41,0.0,0.6272,510.22,254.496667,Peak,Main_0_2399
1293,RegionB,977.89,0.0,0.5868,510.22,249.686,Peak,Main_0_2399
1293,RegionC,949.55,0.0,0.5564,510.22,222.174,Peak,Main_0_2399
1293,RegionD,609.41,475.34,0.4249,510.22,209.53,Peak,Main_0_2399
1293,RegionE,538.55,420.07,0.2226,510.22,218.899333,Peak,Main_0_2399
1293,RegionF,566.89,442.17,0.263,510.22,181.000333,Peak,Main_0_2399
1294,RegionA,633.19,0.0,0.6373,500.0,270.095333,Flat,Main_0_2399
1294,RegionB,606.8,0.0,0.5962,500.0,313.661667,Flat,Main_0_2399
1294,RegionC,589.22,0.0,0.5653,500.0,253.784,Flat,Main_0_2399
1294,RegionD,378.15,294.96,0.4317,500.0,186.6,Flat,Main_0_2399
1294,RegionE,334.18,260.66,0.2261,500.0,292.092667,Flat,Main_0_2399
1294,RegionF,351.77,274.38,0.2673,500.0,239.312667,Flat,Main_0_2399
1295,RegionA,633.03,0.0,0.645,510.22,324.638,Flat,Main_0_2399
1295,RegionB,606.65,0.0,0.6034,510.22,279.711667,Flat,Main_0_2399
1295,RegionC,589.07,0.0,0.5722,510.22,300.822,Flat,Main_0_2399
1295,RegionD,378.06,294.89,0.4369,510.22,161.716667,Flat,Main_0_2399
1295,RegionE,334.1,260.6,0.2289,510.22,266.35,Flat,Main_0_2399
1295,RegionF,351.68,274.31,0.2705,510.22,321.594667,Flat,Main_0_2399
1296,RegionA,457.08,0.0,0.6498,540.19,328.81,Valley,Main_0_2399
1296,RegionB,438.04,0.0,0.6079,540.19,334.812667,Valley,Main_0_2399
1296,RegionC,425.34,0.0,0.5764,540.19,367.434,Valley,Main_0_2399
1296,RegionD,272.98,212.92,0.4402,540.19,246.17,Valley,Main_0_2399
1296,RegionE,241.24,188.17,0.2306,540.19,264.91,Valley,Main_0_2399
1296,RegionF,253.93,198.07,0.2725,540.19,340.06,Valley,Main_0_2399
1297,RegionA,456.99,0.0,0.6513,587.87,387.512,Valley,Main_0_2399
1297,RegionB,437.95,0.0,0.6093,587.87,339.550333,Valley,Main_0_2399
1297,RegionC,425.25,0.0,0.5778,587.87,347.323667,Valley,Main_0_2399
1297,RegionD,272.92,212.88,0.4412,587.87,316.332667,Valley,Main_0_2399
1297,RegionE,241.19,188.13,0.2311,587.87,340.298667,Valley,Main_0_2399
1297,RegionF,253.88,198.03,0.2731,587.87,353.675333,Valley,Main_0_2399
1298,RegionA,456.9,0.0,0.6495,650.0,374.870667,Valley,Main_0_2399
1298,RegionB,437.86,0.0,0.6076,650.0,347.378667,Valley,Main_0_2399
1298,RegionC,425.17,0.0,0.5762,650.0,374.279333,Valley,Main_0_2399
1298,RegionD,272.87,212.84,0.44,650.0,306.68,Valley,Main_0_2399
1298,RegionE,241.14,188.09,0.2305,650.0,402.178333,Valley,Main_0_2399
1298,RegionF,253.83,197.99,0.2724,650.0,316.747667,Valley,Main_0_2399
1299,RegionA,456.83,0.0,0.6445,722.35,380.137,Valley,Main_0_2399
1299,RegionB,437.79,0.0,0.6029,722.35,344.924,Valley,Main_0_2399
1299,RegionC,425.1,0.0,0.5717,722.35,377.608,Valley,Main_0_2399
1299,RegionD,272.83,212.81,0.4366,722.35,305.035333,Valley,Main_0_2399
1299,RegionE,241.1,188.06,0.2287,722.35,383.77,Valley,Main_0_2399
1299,RegionF,253.79,197.96,0.2703,722.35,369.512,Valley,Main_0_2399
1300,RegionA,456.76,0.0,0.6365,800.0,385.653333,Valley,Main_0_2399
1300,RegionB,437.73,0.0,0.5955,800.0,347.016333,Valley,Main_0_2399
1300,RegionC,425.04,0.0,0.5647,800.0,377.470667,Valley,Main_0_2399
1300,RegionD,272.79,212.78,0.4312,800.0,369.315,Valley,Main_0_2399
1300,RegionE,241.07,188.03,0.2259,800.0,331.532667,Valley,Main_0_2399
1300,RegionF,253.76,197.93,0.2669,800.0,390.262,Valley,Main_0_2399
1301,RegionA,456.7,0.0,0.6262,877.65,399.347333,Valley,Main_0_2399
1301,RegionB,437.67,0.0,0.5858,877.65,375.433333,Valley,Main_0_2399
1301,RegionC,424.99,0.0,0.5555,877.65,377.247333,Valley,Main_0_2399
1301,RegionD,272.75,212.75,0.4242,877.65,375.898333,Valley,Main_0_2399
1301,RegionE,241.04,188.01,0.2222,877.65,362.102667,Valley,Main_0_2399
1301,RegionF,253.72,197.9,0.2626,877.65,381.900667,Valley,Main_0_2399
1302,RegionA,456.66,0.0,0.6142,950.0,379.096,Valley,Main_0_2399
1302,RegionB,437.63,0.0,0.5746,950.0,378.872667,Valley,Main_0_2399
1302,RegionC,424.95,0.0,0.5449,950.0,379.917667,Valley,Main_0_2399
1302,RegionD,272.73,212.73,0.4161,950.0,382.429333,Valley,Main_0_2399
1302,RegionE,241.01,187.99,0.218,950.0,378.241667,Valley,Main_0_2399
1302,RegionF,253.7,197.89,0.2576,950.0,388.881333,Valley,Main_0_2399
1303,RegionA,702.49,0.0,0.6014,1012.13,358.790667,Flat,Main_0_2399
1303,RegionB,673.22,0.0,0.5626,1012.13,381.146,Flat,Main_0_2399
1303,RegionC,653.71,0.0,0.5335,1012.13,380.830667,Flat,Main_0_2399
1303,RegionD,419.55,327.25,0.4074,1012.13,371.043333,Flat,Main_0_2399
1303,RegionE,370.76,289.19,0.2134,1012.13,335.814667,Flat,Main_0_2399
1303,RegionF,390.27,304.41,0.2522,1012.13,394.617333,Flat,Main_0_2399
1304,RegionA,702.45,0.0,0.5886,1059.81,374.801333,Flat,Main_0_2399
1304,RegionB,673.18,0.0,0.5506,1059.81,384.119,Flat,Main_0_2399
1304,RegionC,653.67,0.0,0.5222,1059.81,381.061333,Flat,Main_0_2399
1304,RegionD,419.52,327.23,0.3987,1059.81,379.350333,Flat,Main_0_2399
1304,RegionE,370.74,289.18,0.2089,1059.81,336.006667,Flat,Main_0_2399
1304,RegionF,390.25,304.4,0.2468,1059.81,375.720667,Flat,Main_0_2399
1305,RegionA,702.43,0.0,0.5767,1089.78,360.388,Flat,Main_0_2399
1305,RegionB,673.16,0.0,0.5395,1089.78,383.712333,Flat,Main_0_2399
1305,RegionC,653.65,0.0,0.5116,1089.78,380.609333,Flat,Main_0_2399
1305,RegionD,419.51,327.22,0.3907,1089.78,317.350333,Flat,Main_0_2399
1305,RegionE,370.73,289.17,0.2046,1089.78,297.295333,Flat,Main_0_2399
1305,RegionF,390.24,304.39,0.2418,1089.78,350.808,Flat,Main_0_2399
1306,RegionA,702.42,0.0,0.5665,1100.0,385.221333,Flat,Main_0_2399
1306,RegionB,673.15,0.0,0.53,1100.0,377.366,Flat,Main_0_2399
1306,RegionC,653.64,0.0,0.5026,1100.0,382.89,Flat,Main_0_2399
1306,RegionD,419.5,327.21,0.3838,1100.0,360.139667,Flat,Main_0_2399
1306,RegionE,370.72,289.16,0.201,1100.0,316.110667,Flat,Main_0_2399
1306,RegionF,390.23,304.38,0.2376,1100.0,319.749333,Flat,Main_0_2399
1307,RegionA,702.42,0.0,0.5588,1089.78,370.478667,Flat,Main_0_2399
1307,RegionB,673.15,0.0,0.5227,1089.78,351.269667,Flat,Main_0_2399
1307,RegionC,653.64,0.0,0.4957,1089.78,369.228667,Flat,Main_0_2399
1307,RegionD,419.5,327.21,0.3785,1089.78,269.044667,Flat,Main_0_2399
1307,RegionE,370.72,289.16,0.1983,1089.78,295.544667,Flat,Main_0_2399
1307,RegionF,390.23,304.38,0.2343,1089.78,366.762667,Flat,Main_0_2399
1308,RegionA,702.44,0.0,0.554,1059.81,347.668,Flat,Main_0_2399
1308,RegionB,673.17,0.0,0.5182,1059.81,319.759,Flat,Main_0_2399
1308,RegionC,653.66,0.0,0.4914,1059.81,340.887333,Flat,Main_0_2399
1308,RegionD,419.51,327.22,0.3753,1059.81,299.235,Flat,Main_0_2399
1308,RegionE,370.73,289.17,0.1966,1059.81,281.475333,Flat,Main_0_2399
1308,RegionF,390.24,304.39,0.2323,1059.81,291.375,Flat,Main_0_2399
1309,RegionA,702.47,0.0,0.5524,1012.13,303.893333,Flat,Main_0_2399
1309,RegionB,673.2,0.0,0.5168,1012.13,304.754333,Flat,Main_0_2399
1309,RegionC,653.69,0.0,0.4901,1012.13,307.438667,Flat,Main_0_2399
1309,RegionD,419.53,327.23,0.3742,1012.13,278.900333,Flat,Main_0_2399
1309,RegionE,370.75,289.19,0.196,1012.13,233.625,Flat,Main_0_2399
1309,RegionF,390.26,304.4,0.2317,1012.13,270.255333,Flat,Main_0_2399
1310,RegionA,702.52,0.0,0.5543,950.0,283.901667,Flat,Main_0_2399
1310,RegionB,673.25,0.0,0.5186,950.0,304.434,Flat,Main_0_2399
1310,RegionC,653.74,0.0,0.4917,950.0,301.493333,Flat,Main_0_2399
1310,RegionD,419.56,327.26,0.3755,950.0,301.668667,Flat,Main_0_2399
1310,RegionE,370.78,289.21,0.1967,950.0,193.384333,Flat,Main_0_2399
1310,RegionF,390.29,304.43,0.2325,950.0,261.105333,Flat,Main_0_2399
1311,RegionA,702.59,0.0,0.5595,877.65,238.638333,Flat,Main_0_2399
1311,RegionB,673.31,0.0,0.5234,877.65,275.611333,Flat,Main_0_2399
1311,RegionC,653.79,0.0,0.4963,877.65,287.390333,Flat,Main_0_2399
1311,RegionD,419.6,327.29,0.379,877.65,231.433,Flat,Main_0_2399
1311,RegionE,370.81,289.23,0.1985,877.65,150.586,Flat,Main_0_2399
1311,RegionF,390.33,304.46,0.2346,877.65,196.861667,Flat,Main_0_2399
1312,RegionA,702.66,0.0,0.5676,800.0,221.106,Flat,Main_0_2399
1312,RegionB,673.39,0.0,0.531,800.0,224.610667,Flat,Main_0_2399
1312,RegionC,653.87,0.0,0.5035,800.0,239.56,Flat,Main_0_2399
1312,RegionD,419.65,327.33,0.3845,800.0,162.996,Flat,Main_0_2399
1312,RegionE,370.85,289.26,0.2014,800.0,138.146,Flat,Main_0_2399
1312,RegionF,390.37,304.49,0.238,800.0,129.285333,Flat,Main_0_2399
1313,RegionA,1018.99,0.0,0.5782,722.35,208.702,Peak,Main_0_2399
1313,RegionB,976.54,0.0,0.5409,722.35,210.507,Peak,Main_0_2399
1313,RegionC,948.23,0.0,0.5129,722.35,229.01,Peak,Main_0_2399
1313,RegionD,608.57,474.68,0.3917,722.35,96.746333,Peak,Main_0_2399
1313,RegionE,537.8,419.48,0.2052,722.35,140.395333,Peak,Main_0_2399
1313,RegionF,566.11,441.57,0.2425,722.35,144.438667,Peak,Main_0_2399
1314,RegionA,1019.15,0.0,0.5904,650.0,208.823,Peak,Main_0_2399
1314,RegionB,976.68,0.0,0.5523,650.0,206.834333,Peak,Main_0_2399
1314,RegionC,948.37,0.0,0.5237,650.0,224.967667,Peak,Main_0_2399
1314,RegionD,608.66,474.75,0.4,650.0,74.523333,Peak,Main_0_2399
1314,RegionE,537.88,419.55,0.2095,650.0,105.405333,Peak,Main_0_2399
1314,RegionF,566.19,441.63,0.2476,650.0,162.409333,Peak,Main_0_2399
1315,RegionA,1019.32,0.0,0.6036,587.87,210.007,Peak,Main_0_2399
1315,RegionB,976.85,0.0,0.5646,587.87,228.83,Peak,Main_0_2399
1315,RegionC,948.53,0.0,0.5354,587.87,206.366667,Peak,Main_0_2399
1315,RegionD,608.76,474.83,0.4089,587.87,70.302,Peak,Main_0_2399
1315,RegionE,537.97,419.62,0.2142,587.87,141.228667,Peak,Main_0_2399
1315,RegionF,566.29,441.71,0.2531,587.87,169.767,Peak,Main_0_2399
1316,RegionA,1019.51,0.0,0.6167,540.19,223.66,Peak,Main_0_2399
1316,RegionB,977.03,0.0,0.5769,540.19,232.606,Peak,Main_0_2399
1316,RegionC,948.71,0.0,0.5471,540.19,220.306,Peak,Main_0_2399
1316,RegionD,608.87,474.92,0.4178,540.19,60.089667,Peak,Main_0_2399
1316,RegionE,538.08,419.7,0.2188,540.19,187.283333,Peak,Main_0_2399
1316,RegionF,566.4,441.79,0.2586,540.19,189.075333,Peak,Main_0_2399
1317,RegionA,1019.72,0.0,0.6291,510.22,241.364,Peak,Main_0_2399
1317,RegionB,977.23,0.0,0.5885,510.22,278.146667,Peak,Main_0_2399
1317,RegionC,948.91,0.0,0.558,510.22,278.915333,Peak,Main_0_2399
1317,RegionD,609.0,475.02,0.4261,510.22,107.879,Peak,Main_0_2399
1317,RegionE,538.19,419.79,0.2232,510.22,169.338,Peak,Main_0_2399
1317,RegionF,566.51,441.88,0.2638,510.22,164.818667,Peak,Main_0_2399
1318,RegionA,633.07,0.0,0.6397,500.0,259.893333,Flat,Main_0_2399
1318,RegionB,606.7,0.0,0.5984,500.0,284.884,Flat,Main_0_2399
1318,RegionC,589.11,0.0,0.5675,500.0,276.876667,Flat,Main_0_2399
1318,RegionD,378.09,294.91,0.4333,500.0,188.633333,Flat,Main_0_2399
1318,RegionE,334.12,260.61,0.227,500.0,187.046,Flat,Main_0_2399
1318,RegionF,351.71,274.33,0.2683,500.0,199.345333,Flat,Main_0_2399
1319,RegionA,633.23,0.0,0.648,510.22,296.236667,Flat,Main_0_2399
1319,RegionB,606.84,0.0,0.6062,510.22,279.446667,Flat,Main_0_2399
1319,RegionC,589.25,0.0,0.5748,510.22,276.068,Flat,Main_0_2399
1319,RegionD,378.18,294.98,0.439,510.22,230.032667,Flat,Main_0_2399
1319,RegionE,334.2,260.68,0.2299,510.22,232.022,Flat,Main_0_2399
1319,RegionF,351.79,274.4,0.2717,510.22,230.208,Flat,Main_0_2399
1320,RegionA,457.45,0.0,0.6534,540.19,311.632667,Valley,Main_0_2399
1320,RegionB,438.39,0.0,0.6112,540.19,327.744667,Valley,Main_0_2399
1320,RegionC,425.68,0.0,0.5796,540.19,323.928667,Valley,Main_0_2399
1320,RegionD,273.2,213.1,0.4426,540.19,262.548333,Valley,Main_0_2399
1320,RegionE,241.43,188.32,0.2318,540.19,214.141333,Valley,Main_0_2399
1320,RegionF,254.14,198.23,0.274,540.19,290.69,Valley,Main_0_2399
1321,RegionA,457.58,0.0,0.6555,587.87,362.71,Valley,Main_0_2399
1321,RegionB,438.51,0.0,0.6132,587.87,362.798,Valley,Main_0_2399
1321,RegionC,425.8,0.0,0.5815,587.87,366.86,Valley,Main_0_2399
1321,RegionD,273.27,213.15,0.444,587.87,293.9,Valley,Main_0_2399
1321,RegionE,241.5,188.37,0.2326,587.87,273.595333,Valley,Main_0_2399
1321,RegionF,254.21,198.28,0.2749,587.87,295.398,Valley,Main_0_2399
1322,RegionA,457.71,0.0,0.6543,650.0,378.971,Valley,Main_0_2399
1322,RegionB,438.64,0.0,0.6121,650.0,381.844,Valley,Main_0_2399
1322,RegionC,425.93,0.0,0.5804,650.0,365.88,Valley,Main_0_2399
1322,RegionD,273.36,213.22,0.4432,650.0,315.481333,Valley,Main_0_2399
1322,RegionE,241.57,188.42,0.2322,650.0,299.706333,Valley,Main_0_2399
1322,RegionF,254.28,198.34,0.2744,650.0,283.328667,Valley,Main_0_2399
1323,RegionA,457.85,0.0,0.6498,722.35,386.6,Valley,Main_0_2399
1323,RegionB,438.78,0.0,0.6079,722.35,374.118667,Valley,Main_0_2399
1323,RegionC,426.06,0.0,0.5764,722.35,361.977333,Valley,Main_0_2399
1323,RegionD,273.44,213.28,0.4402,722.35,380.486333,Valley,Main_0_2399
1323,RegionE,241.64,188.48,0.2306,722.35,360.304333,Valley,Main_0_2399
1323,RegionF,254.36,198.4,0.2725,722.35,388.953667,Valley,Main_0_2399
1324,RegionA,458.0,0.0,0.6424,800.0,382.671,Valley,Main_0_2399
1324,RegionB,438.92,0.0,0.601,800.0,368.302,Valley,Main_0_2399
1324,RegionC,426.2,0.0,0.5699,800.0,351.258,Valley,Main_0_2399
1324,RegionD,273.53,213.35,0.4352,800.0,288.433333,Valley,Main_0_2399
1324,RegionE,241.72,188.54,0.228,800.0,407.636667,Valley,Main_0_2399
1324,RegionF,254.44,198.46,0.2694,800.0,405.374667,Valley,Main_0_2399
1325,RegionA,458.16,0.0,0.6327,877.65,382.216,Valley,Main_0_2399
1325,RegionB,439.07,0.0,0.5919,877.65,375.922,Valley,Main_0_2399
1325,RegionC,426.34,0.0,0.5612,877.65,350.952333,Valley,Main_0_2399
1325,RegionD,273.62,213.42,0.4286,877.65,398.888,Valley,Main_0_2399
1325,RegionE,241.8,188.6,0.2245,877.65,426.285333,Valley,Main_0_2399
1325,RegionF,254.53,198.53,0.2653,877.65,386.421667,Valley,Main_0_2399
1326,RegionA,458.32,0.0,0.6212,950.0,376.403333,Valley,Main_0_2399
1326,RegionB,439.22,0.0,0.5812,950.0,377.12,Valley,Main_0_2399
1326,RegionC,426.49,0.0,0.5511,950.0,365.839333,Valley,Main_0_2399
1326,RegionD,273.72,213.5,0.4208,950.0,364.027,Valley,Main_0_2399
1326,RegionE,241.89,188.67,0.2204,950.0,467.756667,Valley,Main_0_2399
1326,RegionF,254.62,198.6,0.2605,950.0,414.094,Valley,Main_0_2399
1327,RegionA,705.36,0.0,0.609,1012.13,374.697333,Flat,Main_0_2399
1327,RegionB,675.97,0.0,0.5697,1012.13,371.82,Flat,Main_0_2399
1327,RegionC,656.38,0.0,0.5402,1012.13,374.982667,Flat,Main_0_2399
1327,RegionD,421.26,328.58,0.4125,1012.13,398.787333,Flat,Main_0_2399
1327,RegionE,372.27,290.37,0.2161,1012.13,401.47,Flat,Main_0_2399
1327,RegionF,391.87,305.66,0.2554,1012.13,408.773333,Flat,Main_0_2399
1328,RegionA,705.63,0.0,0.5967,1059.81,384.516667,Flat,Main_0_2399
1328,RegionB,676.23,0.0,0.5582,1059.81,366.68,Flat,Main_0_2399
1328,RegionC,656.63,0.0,0.5293,1059.81,376.499667,Flat,Main_0_2399
1328,RegionD,421.42,328.71,0.4042,1059.81,375.366333,Flat,Main_0_2399
1328,RegionE,372.42,290.49,0.2117,1059.81,423.153333,Flat,Main_0_2399
1328,RegionF,392.02,305.78,0.2502,1059.81,374.074,Flat,Main_0_2399
1329,RegionA,705.9,0.0,0.5853,1089.78,353.29,Flat,Main_0_2399
1329,RegionB,676.49,0.0,0.5475,1089.78,366.013333,Flat,Main_0_2399
1329,RegionC,656.88,0.0,0.5192,1089.78,379.753,Flat,Main_0_2399
1329,RegionD,421.58,328.83,0.3965,1089.78,348.765667,Flat,Main_0_2399
1329,RegionE,372.56,290.6,0.2077,1089.78,404.215333,Flat,Main_0_2399
1329,RegionF,392.17,305.89,0.2455,1089.78,333.235,Flat,Main_0_2399
1330,RegionA,706.19,0.0,0.5756,1100.0,363.912,Flat,Main_0_2399
1330,RegionB,676.76,0.0,0.5385,1100.0,366.589667,Flat,Main_0_2399
1330,RegionC,657.15,0.0,0.5106,1100.0,382.000333,Flat,Main_0_2399
1330,RegionD,421.75,328.97,0.3899,1100.0,351.113333,Flat,Main_0_2399
1330,RegionE,372.71,290.71,0.2043,1100.0,384.034,Flat,Main_0_2399
1330,RegionF,392.33,306.02,0.2414,1100.0,366.694667,Flat,Main_0_2399
1331,RegionA,706.48,0.0,0.5684,1089.78,327.829,Flat,Main_0_2399
1331,RegionB,677.04,0.0,0.5317,1089.78,368.277333,Flat,Main_0_2399
1331,RegionC,657.42,0.0,0.5042,1089.78,366.42,Flat,Main_0_2399
1331,RegionD,421.93,329.11,0.385,1089.78,282.338667,Flat,Main_0_2399
1331,RegionE,372.86,290.83,0.2017,1089.78,307.946,Flat,Main_0_2399
1331,RegionF,392.49,306.14,0.2383,1089.78,349.872667,Flat,Main_0_2399
1332,RegionA,706.78,0.0,0.564,1059.81,320.385333,Flat,Main_0_2399
1332,RegionB,677.33,0.0,0.5276,1059.81,284.933,Flat,Main_0_2399
1332,RegionC,657.7,0.0,0.5003,1059.81,292.377,Flat,Main_0_2399
1332,RegionD,422.1,329.24,0.3821,1059.81,267.11,Flat,Main_0_2399
1332,RegionE,373.02,290.96,0.2001,1059.81,317.786667,Flat,Main_0_2399
1332,RegionF,392.65,306.27,0.2365,1059.81,294.03,Flat,Main_0_2399
1333,RegionA,707.08,0.0,0.563,1012.13,305.062,Flat,Main_0_2399
1333,RegionB,677.62,0.0,0.5266,1012.13,274.665667,Flat,Main_0_2399
1333,RegionC,657.98,0.0,0.4994,1012.13,296.05,Flat,Main_0_2399
1333,RegionD,422.29,329.39,0.3814,1012.13,284.728,Flat,Main_0_2399
1333,RegionE,373.18,291.08,0.1998,1012.13,293.698,Flat,Main_0_2399
1333,RegionF,392.82,306.4,0.2361,1012.13,282.178667,Flat,Main_0_2399
1334,RegionA,707.39,0.0,0.5653,950.0,288.321333,Flat,Main_0_2399
1334,RegionB,677.92,0.0,0.5288,950.0,247.767667,Flat,Main_0_2399
1334,RegionC,658.27,0.0,0.5015,950.0,237.955333,Flat,Main_0_2399
1334,RegionD,422.47,329.53,0.3829,950.0,258.414667,Flat,Main_0_2399
1334,RegionE,373.35,291.21,0.2006,950.0,228.363,Flat,Main_0_2399
1334,RegionF,393.0,306.54,0.2371,950.0,264.074,Flat,Main_0_2399
1335,RegionA,707.71,0.0,0.5709,877.65,277.44,Flat,Main_0_2399
1335,RegionB,678.22,0.0,0.5341,877.65,235.872667,Flat,Main_0_2399
1335,RegionC,658.56,0.0,0.5064,877.65,238.868667,Flat,Main_0_2399
1335,RegionD,422.66,329.67,0.3867,877.65,230.872,Flat,Main_0_2399
1335,RegionE,373.51,291.34,0.2026,877.65,182.149333,Flat,Main_0_2399
1335,RegionF,393.17,306.67,0.2394,877.65,231.002333,Flat,Main_0_2399
1336,RegionA,708.03,0.0,0.5794,800.0,242.581667,Flat,Main_0_2399
1336,RegionB,678.53,0.0,0.5421,800.0,206.813333,Flat,Main_0_2399
1336,RegionC,658.86,0.0,0.514,800.0,204.651333,Flat,Main_0_2399
1336,RegionD,422.85,329.82,0.3925,800.0,231.736667,Flat,Main_0_2399
1336,RegionE,373.68,291.47,0.2056,800.0,175.562667,Flat,Main_0_2399
1336,RegionF,393.35,306.81,0.243,800.0,208.877667,Flat,Main_0_2399
1337,RegionA,1027.12,0.0,0.5904,722.35,202.388667,Peak,Main_0_2399
1337,RegionB,984.32,0.0,0.5523,722.35,196.450333,Peak,Main_0_2399
1337,RegionC,955.79,0.0,0.5237,722.35,184.022667,Peak,Main_0_2399
1337,RegionD,613.42,478.47,0.3999,722.35,212.866667,Peak,Main_0_2399
1337,RegionE,542.09,422.83,0.2095,722.35,136.365333,Peak,Main_0_2399
1337,RegionF,570.62,445.08,0.2476,722.35,219.04,Peak,Main_0_2399
1338,RegionA,1027.6,0.0,0.603,650.0,226.818667,Peak,Main_0_2399
1338,RegionB,984.78,0.0,0.5641,650.0,212.601,Peak,Main_0_2399
1338,RegionC,956.24,0.0,0.5349,650.0,197.665333,Peak,Main_0_2399
1338,RegionD,613.71,478.69,0.4085,650.0,178.418333,Peak,Main_0_2399
1338,RegionE,542.34,423.03,0.214,650.0,175.328667,Peak,Main_0_2399
1338,RegionF,570.89,445.29,0.2529,650.0,155.919333,Peak,Main_0_2399
1339,RegionA,1028.08,0.0,0.6165,587.87,220.287333,Peak,Main_0_2399
1339,RegionB,985.25,0.0,0.5768,587.87,194.042,Peak,Main_0_2399
1339,RegionC,956.69,0.0,0.5469,587.87,198.216,Peak,Main_0_2399
1339,RegionD,613.99,478.91,0.4177,587.87,172.323333,Peak,Main_0_2399
1339,RegionE,542.6,423.23,0.2188,587.87,196.498333,Peak,Main_0_2399
1339,RegionF,571.16,445.5,0.2585,587.87,187.852667,Peak,Main_0_2399
1340,RegionA,1028.57,0.0,0.6301,540.19,228.47,Peak,Main_0_2399
1340,RegionB,985.71,0.0,0.5894,540.19,219.232667,Peak,Main_0_2399
1340,RegionC,957.14,0.0,0.5589,540.19,205.65,Peak,Main_0_2399
1340,RegionD,614.29,479.15,0.4268,540.19,122.193333,Peak,Main_0_2399
1340,RegionE,542.86,423.43,0.2236,540.19,201.588,Peak,Main_0_2399
1340,RegionF,571.43,445.72,0.2642,540.19,195.008,Peak,Main_0_2399
1341,RegionA,1029.06,0.0,0.6427,510.22,233.502667,Peak,Main_0_2399
1341,RegionB,986.19,0.0,0.6013,510.22,249.294667,Peak,Main_0_2399
1341,RegionC,957.6,0.0,0.5702,510.22,248.826,Peak,Main_0_2399
1341,RegionD,614.58,479.37,0.4354,510.22,145.974667,Peak,Main_0_2399
1341,RegionE,543.12,423.63,0.2281,510.22,168.609,Peak,Main_0_2399
1341,RegionF,571.7,445.93,0.2695,510.22,201.074667,Peak,Main_0_2399
1342,RegionA,639.04,0.0,0.6537,500.0,271.138,Flat,Main_0_2399
1342,RegionB,612.41,0.0,0.6115,500.0,288.124333,Flat,Main_0_2399
1342,RegionC,594.66,0.0,0.5799,500.0,259.241,Flat,Main_0_2399
1342,RegionD,381.65,297.69,0.4428,500.0,184.918,Flat,Main_0_2399
1342,RegionE,337.27,263.07,0.232,500.0,268.946667,Flat,Main_0_2399
1342,RegionF,355.02,276.92,0.2741,500.0,195.098,Flat,Main_0_2399
1343,RegionA,639.34,0.0,0.6623,510.22,304.956333,Flat,Main_0_2399
1343,RegionB,612.7,0.0,0.6195,510.22,328.873333,Flat,Main_0_2399
1343,RegionC,594.94,0.0,0.5875,510.22,299.068667,Flat,Main_0_2399
1343,RegionD,381.83,297.83,0.4486,510.22,237.035333,Flat,Main_0_2399
1343,RegionE,337.43,263.2,0.235,510.22,266.493333,Flat,Main_0_2399
1343,RegionF,355.19,277.05,0.2777,510.22,235.257333,Flat,Main_0_2399
1344,RegionA,461.97,0.0,0.6679,540.19,331.499667,Valley,Main_0_2399
1344,RegionB,442.72,0.0,0.6248,540.19,333.058,Valley,Main_0_2399
1344,RegionC,429.89,0.0,0.5925,540.19,336.678,Valley,Main_0_2399
1344,RegionD,275.9,215.2,0.4525,540.19,257.096667,Valley,Main_0_2399
1344,RegionE,243.82,190.18,0.237,540.19,283.901333,Valley,Main_0_2399
1344,RegionF,256.65,200.19,0.2801,540.19,286.203333,Valley,Main_0_2399
1345,RegionA,462.19,0.0,0.6703,587.87,379.8,Valley,Main_0_2399
1345,RegionB,442.93,0.0,0.6271,587.87,326.055,Valley,Main_0_2399
1345,RegionC,430.1,0.0,0.5946,587.87,369.310667,Valley,Main_0_2399
1345,RegionD,276.03,215.3,0.4541,587.87,306.875,Valley,Main_0_2399
1345,RegionE,243.94,190.27,0.2378,587.87,292.764667,Valley,Main_0_2399
1345,RegionF,256.77,200.28,0.2811,587.87,277.054667,Valley,Main_0_2399
1346,RegionA,462.42,0.0,0.6693,650.0,397.598667,Valley,Main_0_2399
1346,RegionB,443.15,0.0,0.6261,650.0,335.504667,Valley,Main_0_2399
1346,RegionC,430.3,0.0,0.5937,650.0,385.92,Valley,Main_0_2399
1346,RegionD,276.16,215.4,0.4534,650.0,317.599,Valley,Main_0_2399
1346,RegionE,244.05,190.36,0.2375,650.0,332.132,Valley,Main_0_2399
1346,RegionF,256.9,200.38,0.2807,650.0,305.262667,Valley,Main_0_2399
1347,RegionA,462.64,0.0,0.665,722.35,397.376,Valley,Main_0_2399
1347,RegionB,443.36,0.0,0.6221,722.35,351.805333,Valley,Main_0_2399
1347,RegionC,430.51,0.0,0.59,722.35,385.52,Valley,Main_0_2399
1347,RegionD,276.3,215.51,0.4505,722.35,349.988,Valley,Main_0_2399
1347,RegionE,244.17,190.45,0.236,722.35,333.284,Valley,Main_0_2399
1347,RegionF,257.02,200.48,0.2789,722.35,304.030667,Valley,Main_0_2399
1348,RegionA,462.86,0.0,0.6578,800.0,397.028,Valley,Main_0_2399
1348,RegionB,443.57,0.0,0.6154,800.0,355.813333,Valley,Main_0_2399
1348,RegionC,430.71,0.0,0.5836,800.0,384.670667,Valley,Main_0_2399
1348,RegionD,276.43,215.62,0.4456,800.0,361.621667,Valley,Main_0_2399
1348,RegionE,244.29,190.55,0.2334,800.0,369.184667,Valley,Main_0_2399
1348,RegionF,257.14,200.57,0.2759,800.0,336.123333,Valley,Main_0_2399
1349,RegionA,463.08,0.0,0.6483,877.65,397.568333,Valley,Main_0_2399
1349,RegionB,443.78,0.0,0.6064,877.65,352.314,Valley,Main_0_2399
1349,RegionC,430.92,0.0,0.5751,877.65,385.411667,Valley,Main_0_2399
1349,RegionD,276.56,215.72,0.4391,877.65,391.638333,Valley,Main_0_2399
1349,RegionE,244.4,190.63,0.23,877.65,337.385,Valley,Main_0_2399
1349,RegionF,257.26,200.66,0.2719,877.65,374.084667,Valley,Main_0_2399
1350,RegionA,463.29,0.0,0.637,950.0,397.896,Valley,Main_0_2399
1350,RegionB,443.99,0.0,0.5959,950.0,364.116,Valley,Main_0_2399
1350,RegionC,431.12,0.0,0.5651,950.0,371.333333,Valley,Main_0_2399
1350,RegionD,276.69,215.82,0.4315,950.0,351.855,Valley,Main_0_2399
1350,RegionE,244.52,190.73,0.226,950.0,360.379333,Valley,Main_0_2399
1350,RegionF,257.39,200.76,0.2671,950.0,376.096,Valley,Main_0_2399
1351,RegionA,713.09,0.0,0.6248,1012.13,395.716667,Flat,Main_0_2399
1351,RegionB,683.38,0.0,0.5845,1012.13,374.93,Flat,Main_0_2399
1351,RegionC,663.57,0.0,0.5543,1012.13,383.263333,Flat,Main_0_2399
1351,RegionD,425.87,332.18,0.4233,1012.13,346.718,Flat,Main_0_2399
1351,RegionE,376.35,293.55,0.2217,1012.13,390.780333,Flat,Main_0_2399
1351,RegionF,396.16,309.0,0.262,1012.13,387.982333,Flat,Main_0_2399
1352,RegionA,713.42,0.0,0.6126,1059.81,387.759333,Flat,Main_0_2399
1352,RegionB,683.69,0.0,0.5731,1059.81,383.901,Flat,Main_0_2399
1352,RegionC,663.88,0.0,0.5435,1059.81,383.316,Flat,Main_0_2399
1352,RegionD,426.07,332.33,0.415,1059.81,366.703333,Flat,Main_0_2399
1352,RegionE,376.53,293.69,0.2174,1059.81,369.67,Flat,Main_0_2399
1352,RegionF,396.34,309.15,0.2569,1059.81,382.664667,Flat,Main_0_2399
1353,RegionA,713.74,0.0,0.6013,1089.78,381.523333,Flat,Main_0_2399
1353,RegionB,684.0,0.0,0.5625,1089.78,374.606667,Flat,Main_0_2399
1353,RegionC,664.18,0.0,0.5334,1089.78,382.539333,Flat,Main_0_2399
1353,RegionD,426.26,332.48,0.4074,1089.78,354.277333,Flat,Main_0_2399
1353,RegionE,376.7,293.83,0.2134,1089.78,346.428667,Flat,Main_0_2399
1353,RegionF,396.52,309.29,0.2522,1089.78,377.164,Flat,Main_0_2399
1354,RegionA,714.06,0.0,0.5917,1100.0,382.851333,Flat,Main_0_2399
1354,RegionB,684.31,0.0,0.5535,1100.0,376.461,Flat,Main_0_2399
1354,RegionC,664.47,0.0,0.5249,1100.0,379.814667,Flat,Main_0_2399
1354,RegionD,426.45,332.63,0.4008,1100.0,278.578667,Flat,Main_0_2399
1354,RegionE,376.86,293.95,0.21,1100.0,329.18,Flat,Main_0_2399
1354,RegionF,396.7,309.43,0.2481,1100.0,364.638,Flat,Main_0_2399
1355,RegionA,714.37,0.0,0.5845,1089.78,367.144,Flat,Main_0_2399
1355,RegionB,684.61,0.0,0.5468,1089.78,365.974,Flat,Main_0_2399
1355,RegionC,664.76,0.0,0.5185,1089.78,358.914,Flat,Main_0_2399
1355,RegionD,426.64,332.78,0.3959,1089.78,281.941,Flat,Main_0_2399
1355,RegionE,377.03,294.08,0.2074,1089.78,299.936667,Flat,Main_0_2399
1355,RegionF,396.87,309.56,0.2451,1089.78,319.95,Flat,Main_0_2399
1356,RegionA,714.68,0.0,0.5802,1059.81,323.191333,Flat,Main_0_2399
1356,RegionB,684.9,0.0,0.5427,1059.81,348.451,Flat,Main_0_2399
1356,RegionC,665.05,0.0,0.5147,1059.81,351.634,Flat,Main_0_2399
1356,RegionD,426.82,332.92,0.393,1059.81,243.597333,Flat,Main_0_2399
1356,RegionE,377.19,294.21,0.2059,1059.81,254.091667,Flat,Main_0_2399
1356,RegionF,397.04,309.69,0.2433,1059.81,301.528,Flat,Main_0_2399
1357,RegionA,714.98,0.0,0.5791,1012.13,323.469667,Flat,Main_0_2399
1357,RegionB,685.19,0.0,0.5417,1012.13,333.436,Flat,Main_0_2399
1357,RegionC,665.33,0.0,0.5137,1012.13,338.056,Flat,Main_0_2399
1357,RegionD,427.0,333.06,0.3923,1012.13,222.944,Flat,Main_0_2399
1357,RegionE,377.35,294.33,0.2055,1012.13,191.282,Flat,Main_0_2399
1357,RegionF,397.21,309.82,0.2428,1012.13,270.161333,Flat,Main_0_2399
1358,RegionA,715.27,0.0,0.5814,950.0,296.385333,Flat,Main_0_2399
1358,RegionB,685.47,0.0,0.5439,950.0,257.497,Flat,Main_0_2399
1358,RegionC,665.6,0.0,0.5157,950.0,312.998,Flat,Main_0_2399
1358,RegionD,427.18,333.2,0.3938,950.0,211.053333,Flat,Main_0_2399
1358,RegionE,377.5,294.45,0.2063,950.0,202.693667,Flat,Main_0_2399
1358,RegionF,397.37,309.95,0.2438,950.0,242.725333,Flat,Main_0_2399
1359,RegionA,715.56,0.0,0.5869,877.65,252.265333,Flat,Main_0_2399
1359,RegionB,685.74,0.0,0.5491,877.65,213.859,Flat,Main_0_2399
1359,RegionC,665.87,0.0,0.5207,877.65,285.585667,Flat,Main_0_2399
1359,RegionD,427.35,333.33,0.3976,877.65,149.915,Flat,Main_0_2399
1359,RegionE,377.65,294.57,0.2083,877.65,203.197,Flat,Main_0_2399
1359,RegionF,397.53,310.07,0.2461,877.65,228.284,Flat,Main_0_2399
1360,RegionA,715.83,0.0,0.5954,800.0,252.823667,Flat,Main_0_2399
1360,RegionB,686.01,0.0,0.557,800.0,202.81,Flat,Main_0_2399
1360,RegionC,666.12,0.0,0.5282,800.0,235.462,Flat,Main_0_2399
1360,RegionD,427.51,333.46,0.4033,800.0,71.905667,Flat,Main_0_2399
1360,RegionE,377.8,294.68,0.2113,800.0,159.238667,Flat,Main_0_2399
1360,RegionF,397.69,310.2,0.2497,800.0,181.216667,Flat,Main_0_2399
1361,RegionA,1038.35,0.0,0.6062,722.35,213.326667,Peak,Main_0_2399
1361,RegionB,995.09,0.0,0.5671,722.35,166.388333,Peak,Main_0_2399
1361,RegionC,966.24,0.0,0.5378,722.35,218.54,Peak,Main_0_2399
1361,RegionD,620.13,483.7,0.4107,722.35,87.588,Peak,Main_0_2399
1361,RegionE,548.02,427.46,0.2151,722.35,189.001333,Peak,Main_0_2399
1361,RegionF,576.86,449.95,0.2542,722.35,185.571333,Peak,Main_0_2399
1362,RegionA,1038.73,0.0,0.6188,650.0,212.746,Peak,Main_0_2399
1362,RegionB,995.45,0.0,0.5788,650.0,182.507333,Peak,Main_0_2399
1362,RegionC,966.59,0.0,0.5489,650.0,217.630667,Peak,Main_0_2399
1362,RegionD,620.35,483.87,0.4192,650.0,106.527,Peak,Main_0_2399
1362,RegionE,548.22,427.61,0.2196,650.0,184.33,Peak,Main_0_2399
1362,RegionF,577.07,450.11,0.2595,650.0,188.684,Peak,Main_0_2399
1363,RegionA,1039.09,0.0,0.6321,587.87,217.885333,Peak,Main_0_2399
1363,RegionB,995.8,0.0,0.5913,587.87,202.964,Peak,Main_0_2399
1363,RegionC,966.93,0.0,0.5608,587.87,205.965333,Peak,Main_0_2399
1363,RegionD,620.57,484.04,0.4282,587.87,127.883,Peak,Main_0_2399
1363,RegionE,548.41,427.76,0.2243,587.87,151.566,Peak,Main_0_2399
1363,RegionF,577.27,450.27,0.2651,587.87,184.209333,Peak,Main_0_2399
1364,RegionA,1039.44,0.0,0.6455,540.19,201.650667,Peak,Main_0_2399
1364,RegionB,996.13,0.0,0.6038,540.19,225.158,Peak,Main_0_2399
1364,RegionC,967.26,0.0,0.5726,540.19,231.680667,Peak,Main_0_2399
1364,RegionD,620.78,484.21,0.4373,540.19,212.848667,Peak,Main_0_2399
1364,RegionE,548.59,427.9,0.229,540.19,126.87,Peak,Main_0_2399
1364,RegionF,577.47,450.43,0.2707,540.19,170.610667,Peak,Main_0_2399
1365,RegionA,1039.78,0.0,0.658,510.22,231.17,Peak,Main_0_2399
1365,RegionB,996.45,0.0,0.6155,510.22,236.166667,Peak,Main_0_2399
1365,RegionC,967.57,0.0,0.5837,510.22,252.822,Peak,Main_0_2399
1365,RegionD,620.98,484.36,0.4457,510.22,186.482,Peak,Main_0_2399
1365,RegionE,548.77,428.04,0.2335,510.22,179.39,Peak,Main_0_2399
1365,RegionF,577.65,450.57,0.2759,510.22,140.922,Peak,Main_0_2399
1366,RegionA,645.58,0.0,0.6687,500.0,271.657,Flat,Main_0_2399
1366,RegionB,618.68,0.0,0.6256,500.0,267.518667,Flat,Main_0_2399
1366,RegionC,600.74,0.0,0.5932,500.0,251.499333,Flat,Main_0_2399
1366,RegionD,385.55,300.73,0.453,500.0,217.239667,Flat,Main_0_2399
1366,RegionE,340.72,265.76,0.2373,500.0,251.413333,Flat,Main_0_2399
1366,RegionF,358.65,279.75,0.2804,500.0,152.476667,Flat,Main_0_2399
1367,RegionA,645.76,0.0,0.6771,510.22,295.13,Flat,Main_0_2399
1367,RegionB,618.86,0.0,0.6334,510.22,311.15,Flat,Main_0_2399
1367,RegionC,600.92,0.0,0.6006,510.22,250.181667,Flat,Main_0_2399
1367,RegionD,385.66,300.81,0.4586,510.22,230.022,Flat,Main_0_2399
1367,RegionE,340.82,265.84,0.2402,510.22,309.65,Flat,Main_0_2399
1367,RegionF,358.76,279.83,0.2839,510.22,176.724,Flat,Main_0_2399
1368,RegionA,466.51,0.0,0.6825,540.19,334.774667,Valley,Main_0_2399
1368,RegionB,447.08,0.0,0.6384,540.19,318.325,Valley,Main_0_2399
1368,RegionC,434.12,0.0,0.6054,540.19,354.71,Valley,Main_0_2399
1368,RegionD,278.61,217.32,0.4623,540.19,306.12,Valley,Main_0_2399
1368,RegionE,246.22,192.05,0.2422,540.19,313.38,Valley,Main_0_2399
1368,RegionF,259.17,202.15,0.2862,540.19,241.44,Valley,Main_0_2399
1369,RegionA,466.64,0.0,0.6846,587.87,367.223333,Valley,Main_0_2399
1369,RegionB,447.19,0.0,0.6404,587.87,330.13,Valley,Main_0_2399
1369,RegionC,434.23,0.0,0.6073,587.87,372.64,Valley,Main_0_2399
1369,RegionD,278.68,217.37,0.4637,587.87,329.595333,Valley,Main_0_2399
1369,RegionE,246.28,192.1,0.2429,587.87,325.518667,Valley,Main_0_2399
1369,RegionF,259.24,202.21,0.2871,587.87,282.722,Valley,Main_0_2399
1370,RegionA,466.75,0.0,0.6833,650.0,382.814667,Valley,Main_0_2399
1370,RegionB,447.3,0.0,0.6392,650.0,333.069,Valley,Main_0_2399
1370,RegionC,434.34,0.0,0.6061,650.0,385.111333,Valley,Main_0_2399
1370,RegionD,278.75,217.43,0.4629,650.0,326.46,Valley,Main_0_2399
1370,RegionE,246.34,192.15,0.2425,650.0,287.12,Valley,Main_0_2399
1370,RegionF,259.3,202.25,0.2865,650.0,326.128667,Valley,Main_0_2399
1371,RegionA,466.85,0.0,0.6787,722.35,398.926667,Valley,Main_0_2399
1371,RegionB,447.4,0.0,0.6349,722.35,315.92,Valley,Main_0_2399
1371,RegionC,434.43,0.0,0.6021,722.35,382.781333,Valley,Main_0_2399
1371,RegionD,278.82,217.48,0.4598,722.35,292.611333,Valley,Main_0_2399
1371,RegionE,246.39,192.18,0.2408,722.35,297.32,Valley,Main_0_2399
1371,RegionF,259.36,202.3,0.2846,722.35,329.052667,Valley,Main_0_2399
1372,RegionA,466.95,0.0,0.6712,800.0,386.003333,Valley,Main_0_2399
1372,RegionB,447.49,0.0,0.6279,800.0,327.432,Valley,Main_0_2399
1372,RegionC,434.52,0.0,0.5954,800.0,380.208,Valley,Main_0_2399
1372,RegionD,278.87,217.52,0.4547,800.0,345.988667,Valley,Main_0_2399
1372,RegionE,246.45,192.23,0.2382,800.0,325.066,Valley,Main_0_2399
1372,RegionF,259.42,202.35,0.2815,800.0,403.879667,Valley,Main_0_2399
1373,RegionA,467.04,0.0,0.6612,877.65,387.272,Valley,Main_0_2399
1373,RegionB,447.58,0.0,0.6186,877.65,343.689333,Valley,Main_0_2399
1373,RegionC,434.61,0.0,0.5866,877.65,380.96,Valley,Main_0_2399
1373,RegionD,278.93,217.57,0.4479,877.65,330.808667,Valley,Main_0_2399
1373,RegionE,246.49,192.26,0.2346,877.65,351.586667,Valley,Main_0_2399
1373,RegionF,259.47,202.39,0.2773,877.65,398.510333,Valley,Main_0_2399
1374,RegionA,467.12,0.0,0.6496,950.0,395.366,Valley,Main_0_2399
1374,RegionB,447.66,0.0,0.6077,950.0,370.74,Valley,Main_0_2399
1374,RegionC,434.68,0.0,0.5763,950.0,382.141333,Valley,Main_0_2399
1374,RegionD,278.97,217.6,0.44,950.0,330.026,Valley,Main_0_2399
1374,RegionE,246.53,192.29,0.2305,950.0,323.449333,Valley,Main_0_2399
1374,RegionF,259.51,202.42,0.2724,950.0,411.32,Valley,Main_0_2399
1375,RegionA,718.75,0.0,0.637,1012.13,381.513333,Flat,Main_0_2399
1375,RegionB,688.81,0.0,0.5959,1012.13,378.061333,Flat,Main_0_2399
1375,RegionC,668.84,0.0,0.5651,1012.13,365.278333,Flat,Main_0_2399
1375,RegionD,429.26,334.82,0.4315,1012.13,320.07,Flat,Main_0_2399
1375,RegionE,379.34,295.89,0.226,1012.13,350.635333,Flat,Main_0_2399
1375,RegionF,399.31,311.46,0.2671,1012.13,363.776,Flat,Main_0_2399
1376,RegionA,718.85,0.0,0.6245,1059.81,380.346667,Flat,Main_0_2399
1376,RegionB,688.9,0.0,0.5842,1059.81,379.739,Flat,Main_0_2399
1376,RegionC,668.93,0.0,0.554,1059.81,363.804667,Flat,Main_0_2399
1376,RegionD,429.31,334.86,0.423,1059.81,321.038667,Flat,Main_0_2399
1376,RegionE,379.39,295.92,0.2216,1059.81,346.406667,Flat,Main_0_2399
1376,RegionF,399.36,311.5,0.2619,1059.81,378.704,Flat,Main_0_2399
1377,RegionA,718.93,0.0,0.6128,1089.78,362.176667,Flat,Main_0_2399
1377,RegionB,688.97,0.0,0.5732,1089.78,358.727667,Flat,Main_0_2399
1377,RegionC,669.0,0.0,0.5436,1089.78,373.870667,Flat,Main_0_2399
1377,RegionD,429.36,334.9,0.4151,1089.78,334.116667,Flat,Main_0_2399
1377,RegionE,379.44,295.96,0.2174,1089.78,351.602667,Flat,Main_0_2399
1377,RegionF,399.41,311.54,0.257,1089.78,399.386333,Flat,Main_0_2399
1378,RegionA,719.0,0.0,0.6027,1100.0,361.504,Flat,Main_0_2399
1378,RegionB,689.04,0.0,0.5638,1100.0,334.911667,Flat,Main_0_2399
1378,RegionC,669.07,0.0,0.5347,1100.0,355.989333,Flat,Main_0_2399
1378,RegionD,429.4,334.93,0.4083,1100.0,336.326667,Flat,Main_0_2399
1378,RegionE,379.47,295.99,0.2139,1100.0,314.711667,Flat,Main_0_2399
1378,RegionF,399.44,311.56,0.2527,1100.0,347.52,Flat,Main_0_2399
1379,RegionA,719.05,0.0,0.595,1089.78,365.524,Flat,Main_0_2399
1379,RegionB,689.09,0.0,0.5566,1089.78,316.051667,Flat,Main_0_2399
1379,RegionC,669.12,0.0,0.5278,1089.78,346.855333,Flat,Main_0_2399
1379,RegionD,429.43,334.96,0.4031,1089.78,309.699333,Flat,Main_0_2399
1379,RegionE,379.5,296.01,0.2111,1089.78,275.621333,Flat,Main_0_2399
1379,RegionF,399.47,311.59,0.2495,1089.78,304.606,Flat,Main_0_2399
1380,RegionA,719.09,0.0,0.5902,1059.81,334.890667,Flat,Main_0_2399
1380,RegionB,689.13,0.0,0.5521,1059.81,305.397333,Flat,Main_0_2399
1380,RegionC,669.15,0.0,0.5236,1059.81,335.441667,Flat,Main_0_2399
1380,RegionD,429.46,334.98,0.3998,1059.81,257.596,Flat,Main_0_2399
1380,RegionE,379.52,296.03,0.2094,1059.81,284.795333,Flat,Main_0_2399
1380,RegionF,399.49,311.6,0.2475,1059.81,258.690667,Flat,Main_0_2399
1381,RegionA,719.11,0.0,0.5887,1012.13,312.470667,Flat,Main_0_2399
1381,RegionB,689.15,0.0,0.5507,1012.13,296.193,Flat,Main_0_2399
1381,RegionC,669.17,0.0,0.5222,1012.13,299.13,Flat,Main_0_2399
1381,RegionD,429.47,334.99,0.3988,1012.13,281.164,Flat,Main_0_2399
1381,RegionE,379.53,296.03,0.2089,1012.13,273.052,Flat,Main_0_2399
1381,RegionF,399.51,311.62,0.2469,1012.13,289.657333,Flat,Main_0_2399
1382,RegionA,719.12,0.0,0.5905,950.0,285.292333,Flat,Main_0_2399
1382,RegionB,689.16,0.0,0.5524,950.0,293.085667,Flat,Main_0_2399
1382,RegionC,669.18,0.0,0.5238,950.0,315.775333,Flat,Main_0_2399
1382,RegionD,429.48,334.99,0.4,950.0,231.66,Flat,Main_0_2399
1382,RegionE,379.54,296.04,0.2095,950.0,284.545333,Flat,Main_0_2399
1382,RegionF,399.51,311.62,0.2476,950.0,266.259333,Flat,Main_0_2399
1383,RegionA,719.12,0.0,0.5955,877.65,218.998333,Flat,Main_0_2399
1383,RegionB,689.15,0.0,0.5571,877.65,258.055333,Flat,Main_0_2399
1383,RegionC,669.18,0.0,0.5283,877.65,256.328,Flat,Main_0_2399
1383,RegionD,429.47,334.99,0.4034,877.65,203.203,Flat,Main_0_2399
1383,RegionE,379.53,296.03,0.2113,877.65,223.437,Flat,Main_0_2399
1383,RegionF,399.51,311.62,0.2497,877.65,207.996,Flat,Main_0_2399
1384,RegionA,719.09,0.0,0.6035,800.0,217.834667,Flat,Main_0_2399
1384,RegionB,689.13,0.0,0.5645,800.0,199.535333,Flat,Main_0_2399
1384,RegionC,669.16,0.0,0.5353,800.0,228.193333,Flat,Main_0_2399
1384,RegionD,429.46,334.98,0.4088,800.0,154.386667,Flat,Main_0_2399
1384,RegionE,379.52,296.03,0.2141,800.0,171.052,Flat,Main_0_2399
1384,RegionF,399.5,311.61,0.2531,800.0,173.353667,Flat,Main_0_2399
1385,RegionA,1042.64,0.0,0.6138,722.35,203.94,Peak,Main_0_2399
1385,RegionB,999.19,0.0,0.5742,722.35,200.8,Peak,Main_0_2399
1385,RegionC,970.23,0.0,0.5445,722.35,205.608667,Peak,Main_0_2399
1385,RegionD,622.69,485.7,0.4158,722.35,104.009333,Peak,Main_0_2399
1385,RegionE,550.28,429.22,0.2178,722.35,193.118,Peak,Main_0_2399
1385,RegionF,579.24,451.81,0.2574,722.35,171.783333,Peak,Main_0_2399
1386,RegionA,1042.56,0.0,0.6258,650.0,185.473333,Peak,Main_0_2399
1386,RegionB,999.12,0.0,0.5854,650.0,218.352333,Peak,Main_0_2399
1386,RegionC,970.16,0.0,0.5551,650.0,203.661667,Peak,Main_0_2399
1386,RegionD,622.64,485.66,0.4239,650.0,132.216667,Peak,Main_0_2399
1386,RegionE,550.24,429.19,0.222,650.0,175.439667,Peak,Main_0_2399
1386,RegionF,579.2,451.78,0.2624,650.0,132.583333,Peak,Main_0_2399
1387,RegionA,1042.47,0.0,0.6386,587.87,200.819333,Peak,Main_0_2399
1387,RegionB,999.03,0.0,0.5974,587.87,216.375333,Peak,Main_0_2399
1387,RegionC,970.07,0.0,0.5665,587.87,212.13,Peak,Main_0_2399
1387,RegionD,622.58,485.61,0.4326,587.87,106.719,Peak,Main_0_2399
1387,RegionE,550.19,429.15,0.2266,587.87,191.596,Peak,Main_0_2399
1387,RegionF,579.15,451.74,0.2678,587.87,147.282667,Peak,Main_0_2399
1388,RegionA,1042.35,0.0,0.6514,540.19,207.939,Peak,Main_0_2399
1388,RegionB,998.92,0.0,0.6094,540.19,231.903333,Peak,Main_0_2399
1388,RegionC,969.96,0.0,0.5778,540.19,209.044,Peak,Main_0_2399
1388,RegionD,622.51,485.56,0.4413,540.19,152.891333,Peak,Main_0_2399
1388,RegionE,550.13,429.1,0.2311,540.19,183.680667,Peak,Main_0_2399
1388,RegionF,579.08,451.68,0.2732,540.19,166.362,Peak,Main_0_2399
1389,RegionA,1042.21,0.0,0.6633,510.22,247.812,Peak,Main_0_2399
1389,RegionB,998.78,0.0,0.6205,510.22,272.813333,Peak,Main_0_2399
1389,RegionC,969.83,0.0,0.5884,510.22,259.631,Peak,Main_0_2399
1389,RegionD,622.43,485.5,0.4493,510.22,173.895333,Peak,Main_0_2399
1389,RegionE,550.06,429.05,0.2354,510.22,225.037333,Peak,Main_0_2399
1389,RegionF,579.01,451.63,0.2782,510.22,194.689667,Peak,Main_0_2399
1390,RegionA,646.79,0.0,0.6735,500.0,257.826667,Flat,Main_0_2399
1390,RegionB,619.84,0.0,0.63,500.0,272.334,Flat,Main_0_2399
1390,RegionC,601.87,0.0,0.5974,500.0,252.23,Flat,Main_0_2399
1390,RegionD,386.28,301.3,0.4562,500.0,194.332,Flat,Main_0_2399
1390,RegionE,341.36,266.26,0.239,500.0,266.800667,Flat,Main_0_2399
1390,RegionF,359.33,280.28,0.2824,500.0,235.727333,Flat,Main_0_2399
1391,RegionA,646.68,0.0,0.6812,510.22,246.126667,Flat,Main_0_2399
1391,RegionB,619.73,0.0,0.6373,510.22,291.69,Flat,Main_0_2399
1391,RegionC,601.77,0.0,0.6043,510.22,295.076667,Flat,Main_0_2399
1391,RegionD,386.21,301.24,0.4615,510.22,239.369,Flat,Main_0_2399
1391,RegionE,341.3,266.21,0.2417,510.22,295.961333,Flat,Main_0_2399
1391,RegionF,359.26,280.22,0.2857,510.22,242.055333,Flat,Main_0_2399
1392,RegionA,466.95,0.0,0.686,540.19,316.6,Valley,Main_0_2399
1392,RegionB,447.5,0.0,0.6418,540.19,344.597,Valley,Main_0_2399
1392,RegionC,434.53,0.0,0.6086,540.19,330.698,Valley,Main_0_2399
1392,RegionD,278.87,217.52,0.4647,540.19,296.009333,Valley,Main_0_2399
1392,RegionE,246.45,192.23,0.2434,540.19,301.866667,Valley,Main_0_2399
1392,RegionF,259.42,202.35,0.2877,540.19,259.762,Valley,Main_0_2399
1393,RegionA,466.85,0.0,0.6876,587.87,343.064,Valley,Main_0_2399
1393,RegionB,447.4,0.0,0.6432,587.87,366.051667,Valley,Main_0_2399
1393,RegionC,434.43,0.0,0.6099,587.87,357.64,Valley,Main_0_2399
1393,RegionD,278.81,217.47,0.4658,587.87,314.445,Valley,Main_0_2399
1393,RegionE,246.39,192.18,0.244,587.87,304.634,Valley,Main_0_2399
1393,RegionF,259.36,202.3,0.2883,587.87,288.996667,Valley,Main_0_2399
1394,RegionA,466.74,0.0,0.6857,650.0,383.630333,Valley,Main_0_2399
1394,RegionB,447.29,0.0,0.6414,650.0,382.934333,Valley,Main_0_2399
1394,RegionC,434.33,0.0,0.6083,650.0,366.716,Valley,Main_0_2399
1394,RegionD,278.75,217.43,0.4645,650.0,322.103,Valley,Main_0_2399
1394,RegionE,246.34,192.15,0.2433,650.0,364.01,Valley,Main_0_2399
1394,RegionF,259.3,202.25,0.2875,650.0,343.227333,Valley,Main_0_2399
1395,RegionA,466.62,0.0,0.6805,722.35,387.141,Valley,Main_0_2399
1395,RegionB,447.18,0.0,0.6366,722.35,384.438,Valley,Main_0_2399
1395,RegionC,434.22,0.0,0.6037,722.35,370.918667,Valley,Main_0_2399
1395,RegionD,278.68,217.37,0.461,722.35,357.454,Valley,Main_0_2399
1395,RegionE,246.27,192.09,0.2415,722.35,362.124,Valley,Main_0_2399
1395,RegionF,259.23,202.2,0.2854,722.35,360.278,Valley,Main_0_2399
1396,RegionA,466.49,0.0,0.6724,800.0,391.782,Valley,Main_0_2399
1396,RegionB,447.06,0.0,0.629,800.0,386.368,Valley,Main_0_2399
1396,RegionC,434.1,0.0,0.5965,800.0,385.084,Valley,Main_0_2399
1396,RegionD,278.6,217.31,0.4555,800.0,429.096,Valley,Main_0_2399
1396,RegionE,246.21,192.04,0.2386,800.0,327.788,Valley,Main_0_2399
1396,RegionF,259.16,202.14,0.282,800.0,377.674,Valley,Main_0_2399
1397,RegionA,466.36,0.0,0.6618,877.65,374.174667,Valley,Main_0_2399
1397,RegionB,446.92,0.0,0.6191,877.65,388.794,Valley,Main_0_2399
1397,RegionC,433.97,0.0,0.5871,877.65,383.569333,Valley,Main_0_2399
1397,RegionD,278.52,217.25,0.4483,877.65,363.835333,Valley,Main_0_2399
1397,RegionE,246.13,191.98,0.2348,877.65,365.912,Valley,Main_0_2399
1397,RegionF,259.09,202.09,0.2775,877.65,466.798667,Valley,Main_0_2399
1398,RegionA,466.21,0.0,0.6496,950.0,371.764,Valley,Main_0_2399
1398,RegionB,446.78,0.0,0.6077,950.0,389.75,Valley,Main_0_2399
1398,RegionC,433.83,0.0,0.5763,950.0,384.022333,Valley,Main_0_2399
1398,RegionD,278.43,217.18,0.44,950.0,359.812333,Valley,Main_0_2399
1398,RegionE,246.05,191.92,0.2305,950.0,367.24,Valley,Main_0_2399
1398,RegionF,259.01,202.03,0.2724,950.0,451.918667,Valley,Main_0_2399
1399,RegionA,717.01,0.0,0.6364,1012.13,375.766,Flat,Main_0_2399
1399,RegionB,687.13,0.0,0.5954,1012.13,389.54,Flat,Main_0_2399
1399,RegionC,667.21,0.0,0.5646,1012.13,384.293667,Flat,Main_0_2399
1399,RegionD,428.21,334.0,0.4311,1012.13,287.169333,Flat,Main_0_2399
1399,RegionE,378.42,295.17,0.2258,1012.13,363.688,Flat,Main_0_2399
1399,RegionF,398.34,310.71,0.2669,1012.13,417.13,Flat,Main_0_2399
1400,RegionA,716.75,0.0,0.6233,1059.81,387.881333,Flat,Main_0_2399
1400,RegionB,686.89,0.0,0.5831,1059.81,388.533333,Flat,Main_0_2399
1400,RegionC,666.98,0.0,0.5529,1059.81,383.269333,Flat,Main_0_2399
1400,RegionD,428.06,333.89,0.4222,1059.81,330.256667,Flat,Main_0_2399
1400,RegionE,378.29,295.07,0.2212,1059.81,399.114667,Flat,Main_0_2399
1400,RegionF,398.2,310.6,0.2614,1059.81,389.752333,Flat,Main_0_2399
1401,RegionA,716.49,0.0,0.6109,1089.78,376.853333,Flat,Main_0_2399
1401,RegionB,686.63,0.0,0.5715,1089.78,386.506667,Flat,Main_0_2399
1401,RegionC,666.73,0.0,0.542,1089.78,382.477,Flat,Main_0_2399
1401,RegionD,427.9,333.76,0.4139,1089.78,324.465333,Flat,Main_0_2399
1401,RegionE,378.15,294.96,0.2168,1089.78,349.066667,Flat,Main_0_2399
1401,RegionF,398.05,310.48,0.2562,1089.78,348.284,Flat,Main_0_2399
1402,RegionA,716.21,0.0,0.6003,1100.0,378.060333,Flat,Main_0_2399
1402,RegionB,686.37,0.0,0.5616,1100.0,389.06,Flat,Main_0_2399
1402,RegionC,666.47,0.0,0.5325,1100.0,369.472,Flat,Main_0_2399
1402,RegionD,427.74,333.64,0.4067,1100.0,324.04,Flat,Main_0_2399
1402,RegionE,378.0,294.84,0.213,1100.0,319.500333,Flat,Main_0_2399
1402,RegionF,397.89,310.35,0.2517,1100.0,341.234333,Flat,Main_0_2399
1403,RegionA,715.92,0.0,0.592,1089.78,329.607667,Flat,Main_0_2399
1403,RegionB,686.09,0.0,0.5538,1089.78,338.498,Flat,Main_0_2399
1403,RegionC,666.2,0.0,0.5252,1089.78,363.932,Flat,Main_0_2399
1403,RegionD,427.56,333.5,0.401,1089.78,257.639333,Flat,Main_0_2399
1403,RegionE,377.85,294.72,0.2101,1089.78,323.608667,Flat,Main_0_2399
1403,RegionF,397.73,310.23,0.2483,1089.78,341.486,Flat,Main_0_2399
1404,RegionA,715.62,0.0,0.5866,1059.81,330.628,Flat,Main_0_2399
1404,RegionB,685.8,0.0,0.5488,1059.81,333.443,Flat,Main_0_2399
1404,RegionC,665.92,0.0,0.5204,1059.81,341.615,Flat,Main_0_2399
1404,RegionD,427.38,333.36,0.3974,1059.81,274.889667,Flat,Main_0_2399
1404,RegionE,377.69,294.6,0.2082,1059.81,344.920667,Flat,Main_0_2399
1404,RegionF,397.56,310.1,0.246,1059.81,296.631667,Flat,Main_0_2399
1405,RegionA,715.3,0.0,0.5845,1012.13,291.225333,Flat,Main_0_2399
1405,RegionB,685.5,0.0,0.5468,1012.13,316.738,Flat,Main_0_2399
1405,RegionC,665.63,0.0,0.5185,1012.13,317.023,Flat,Main_0_2399
1405,RegionD,427.19,333.21,0.396,1012.13,235.638667,Flat,Main_0_2399
1405,RegionE,377.52,294.47,0.2074,1012.13,327.276,Flat,Main_0_2399
1405,RegionF,397.39,309.96,0.2451,1012.13,268.044,Flat,Main_0_2399
1406,RegionA,714.98,0.0,0.5857,950.0,289.647667,Flat,Main_0_2399
1406,RegionB,685.19,0.0,0.5479,950.0,303.590333,Flat,Main_0_2399
1406,RegionC,665.32,0.0,0.5196,950.0,307.062333,Flat,Main_0_2399
1406,RegionD,427.0,333.06,0.3968,950.0,201.613,Flat,Main_0_2399
1406,RegionE,377.35,294.33,0.2078,950.0,287.520333,Flat,Main_0_2399
1406,RegionF,397.21,309.82,0.2456,950.0,215.846333,Flat,Main_0_2399
1407,RegionA,714.64,0.0,0.5902,877.65,272.291667,Flat,Main_0_2399
1407,RegionB,684.86,0.0,0.5521,877.65,286.031333,Flat,Main_0_2399
1407,RegionC,665.01,0.0,0.5236,877.65,280.228667,Flat,Main_0_2399
1407,RegionD,426.8,332.9,0.3998,877.65,184.466333,Flat,Main_0_2399
1407,RegionE,377.17,294.19,0.2094,877.65,278.535,Flat,Main_0_2399
1407,RegionF,397.02,309.68,0.2475,877.65,177.613667,Flat,Main_0_2399
1408,RegionA,714.29,0.0,0.5976,800.0,234.835667,Flat,Main_0_2399
1408,RegionB,684.53,0.0,0.559,800.0,223.836,Flat,Main_0_2399
1408,RegionC,664.69,0.0,0.5301,800.0,234.201,Flat,Main_0_2399
1408,RegionD,426.59,332.74,0.4048,800.0,197.699333,Flat,Main_0_2399
1408,RegionE,376.99,294.05,0.212,800.0,239.854667,Flat,Main_0_2399
1408,RegionF,396.83,309.53,0.2506,800.0,174.566,Flat,Main_0_2399
1409,RegionA,1035.2,0.0,0.6073,722.35,202.028667,Peak,Main_0_2399
1409,RegionB,992.07,0.0,0.5681,722.35,198.412,Peak,Main_0_2399
1409,RegionC,963.32,0.0,0.5388,722.35,214.164,Peak,Main_0_2399
1409,RegionD,618.25,482.24,0.4114,722.35,176.345,Peak,Main_0_2399
1409,RegionE,546.36,426.16,0.2155,722.35,228.334,Peak,Main_0_2399
1409,RegionF,575.11,448.59,0.2547,722.35,152.322,Peak,Main_0_2399
1410,RegionA,1034.67,0.0,0.6188,650.0,228.288667,Peak,Main_0_2399
1410,RegionB,991.56,0.0,0.5788,650.0,178.033,Peak,Main_0_2399
1410,RegionC,962.82,0.0,0.5489,650.0,189.056,Peak,Main_0_2399
1410,RegionD,617.93,481.99,0.4192,650.0,160.870667,Peak,Main_0_2399
1410,RegionE,546.08,425.94,0.2196,650.0,227.603,Peak,Main_0_2399
1410,RegionF,574.82,448.36,0.2595,650.0,171.93,Peak,Main_0_2399
1411,RegionA,1034.13,0.0,0.631,587.87,221.59,Peak,Main_0_2399
1411,RegionB,991.04,0.0,0.5903,587.87,204.583667,Peak,Main_0_2399
1411,RegionC,962.31,0.0,0.5598,587.87,220.690667,Peak,Main_0_2399
1411,RegionD,617.6,481.73,0.4275,587.87,168.459,Peak,Main_0_2399
1411,RegionE,545.79,425.72,0.2239,587.87,208.103333,Peak,Main_0_2399
1411,RegionF,574.51,448.12,0.2646,587.87,191.67,Peak,Main_0_2399
1412,RegionA,1033.57,0.0,0.6433,540.19,245.932,Peak,Main_0_2399
1412,RegionB,990.5,0.0,0.6018,540.19,214.828333,Peak,Main_0_2399
1412,RegionC,961.79,0.0,0.5707,540.19,233.174667,Peak,Main_0_2399
1412,RegionD,617.27,481.47,0.4358,540.19,143.69,Peak,Main_0_2399
1412,RegionE,545.49,425.48,0.2283,540.19,187.303,Peak,Main_0_2399
1412,RegionF,574.2,447.88,0.2698,540.19,195.167333,Peak,Main_0_2399
1413,RegionA,1033.0,0.0,0.6547,510.22,249.376667,Peak,Main_0_2399
1413,RegionB,989.95,0.0,0.6125,510.22,242.015667,Peak,Main_0_2399
1413,RegionC,961.26,0.0,0.5808,510.22,260.244,Peak,Main_0_2399
1413,RegionD,616.93,481.21,0.4435,510.22,188.155333,Peak,Main_0_2399
1413,RegionE,545.19,425.25,0.2323,510.22,201.266,Peak,Main_0_2399
1413,RegionF,573.89,447.63,0.2745,510.22,185.588,Peak,Main_0_2399
1414,RegionA,640.81,0.0,0.6644,500.0,251.753333,Flat,Main_0_2399
1414,RegionB,614.11,0.0,0.6215,500.0,248.83,Flat,Main_0_2399
1414,RegionC,596.31,0.0,0.5894,500.0,295.880667,Flat,Main_0_2399
1414,RegionD,382.7,298.51,0.4501,500.0,203.69,Flat,Main_0_2399
1414,RegionE,338.2,263.8,0.2357,500.0,229.100667,Flat,Main_0_2399
1414,RegionF,356.0,277.68,0.2786,500.0,231.014,Flat,Main_0_2399
1415,RegionA,640.44,0.0,0.6716,510.22,305.35,Flat,Main_0_2399
1415,RegionB,613.75,0.0,0.6283,510.22,276.814,Flat,Main_0_2399
1415,RegionC,595.96,0.0,0.5958,510.22,311.873667,Flat,Main_0_2399
1415,RegionD,382.48,298.33,0.455,510.22,225.829,Flat,Main_0_2399
1415,RegionE,338.01,263.65,0.2383,510.22,298.946667,Flat,Main_0_2399
1415,RegionF,355.8,277.52,0.2817,510.22,250.51,Flat,Main_0_2399
1416,RegionA,462.27,0.0,0.676,540.19,285.717333,Valley,Main_0_2399
1416,RegionB,443.01,0.0,0.6324,540.19,313.502,Valley,Main_0_2399
1416,RegionC,430.17,0.0,0.5997,540.19,336.509333,Valley,Main_0_2399
1416,RegionD,276.08,215.34,0.4579,540.19,305.843333,Valley,Main_0_2399
1416,RegionE,243.98,190.3,0.2399,540.19,360.539333,Valley,Main_0_2399
1416,RegionF,256.82,200.32,0.2835,540.19,271.685,Valley,Main_0_2399
1417,RegionA,461.99,0.0,0.677,587.87,343.177,Valley,Main_0_2399
1417,RegionB,442.74,0.0,0.6334,587.87,354.972,Valley,Main_0_2399
1417,RegionC,429.91,0.0,0.6006,587.87,385.912,Valley,Main_0_2399
1417,RegionD,275.91,215.21,0.4586,587.87,316.370667,Valley,Main_0_2399
1417,RegionE,243.83,190.19,0.2402,587.87,339.675,Valley,Main_0_2399
1417,RegionF,256.66,200.19,0.2839,587.87,304.271667,Valley,Main_0_2399
1418,RegionA,461.72,0.0,0.6747,650.0,360.630667,Valley,Main_0_2399
1418,RegionB,442.48,0.0,0.6312,650.0,357.859333,Valley,Main_0_2399
1418,RegionC,429.65,0.0,0.5985,650.0,360.888,Valley,Main_0_2399
1418,RegionD,275.75,215.09,0.4571,650.0,345.999333,Valley,Main_0_2399
1418,RegionE,243.68,190.07,0.2394,650.0,364.105333,Valley,Main_0_2399
1418,RegionF,256.51,200.08,0.2829,650.0,307.118,Valley,Main_0_2399
1419,RegionA,461.43,0.0,0.6691,722.35,361.428,Valley,Main_0_2399
1419,RegionB,442.21,0.0,0.6259,722.35,363.524,Valley,Main_0_2399
1419,RegionC,429.39,0.0,0.5936,722.35,362.818,Valley,Main_0_2399
1419,RegionD,275.58,214.95,0.4533,722.35,377.576,Valley,Main_0_2399
1419,RegionE,243.53,189.95,0.2374,722.35,359.93,Valley,Main_0_2399
1419,RegionF,256.35,199.95,0.2806,722.35,361.113333,Valley,Main_0_2399
1420,RegionA,461.15,0.0,0.6606,800.0,349.365333,Valley,Main_0_2399
1420,RegionB,441.93,0.0,0.6179,800.0,373.934667,Valley,Main_0_2399
1420,RegionC,429.12,0.0,0.586,800.0,361.260667,Valley,Main_0_2399
1420,RegionD,275.41,214.82,0.4475,800.0,403.942,Valley,Main_0_2399
1420,RegionE,243.38,189.84,0.2344,800.0,424.156667,Valley,Main_0_2399
1420,RegionF,256.19,199.83,0.277,800.0,368.55,Valley,Main_0_2399
1421,RegionA,460.86,0.0,0.6496,877.65,363.249333,Valley,Main_0_2399
1421,RegionB,441.66,0.0,0.6077,877.65,386.188,Valley,Main_0_2399
1421,RegionC,428.86,0.0,0.5763,877.65,366.467333,Valley,Main_0_2399
1421,RegionD,275.24,214.69,0.4401,877.65,376.442667,Valley,Main_0_2399
1421,RegionE,243.23,189.72,0.2305,877.65,390.48,Valley,Main_0_2399
1421,RegionF,256.03,199.7,0.2724,877.65,398.772,Valley,Main_0_2399
1422,RegionA,460.57,0.0,0.637,950.0,380.034333,Valley,Main_0_2399
1422,RegionB,441.38,0.0,0.5959,950.0,361.929333,Valley,Main_0_2399
1422,RegionC,428.59,0.0,0.5651,950.0,367.798,Valley,Main_0_2399
1422,RegionD,275.06,214.55,0.4315,950.0,393.347333,Valley,Main_0_2399
1422,RegionE,243.08,189.6,0.226,950.0,422.1,Valley,Main_0_2399
1422,RegionF,255.87,199.58,0.2671,950.0,409.819,Valley,Main_0_2399
1423,RegionA,708.12,0.0,0.6235,1012.13,365.981667,Flat,Main_0_2399
1423,RegionB,678.61,0.0,0.5832,1012.13,364.058333,Flat,Main_0_2399
1423,RegionC,658.94,0.0,0.5531,1012.13,380.270667,Flat,Main_0_2399
1423,RegionD,422.9,329.86,0.4223,1012.13,380.893,Flat,Main_0_2399
1423,RegionE,373.73,291.51,0.2212,1012.13,448.25,Flat,Main_0_2399
1423,RegionF,393.4,306.85,0.2615,1012.13,405.952667,Flat,Main_0_2399
1424,RegionA,707.66,0.0,0.6099,1059.81,368.364667,Flat,Main_0_2399
1424,RegionB,678.18,0.0,0.5706,1059.81,362.442667,Flat,Main_0_2399
1424,RegionC,658.52,0.0,0.5411,1059.81,378.824,Flat,Main_0_2399
1424,RegionD,422.63,329.65,0.4132,1059.81,340.603667,Flat,Main_0_2399
1424,RegionE,373.49,291.32,0.2164,1059.81,428.981,Flat,Main_0_2399
1424,RegionF,393.15,306.66,0.2558,1059.81,410.742,Flat,Main_0_2399
1425,RegionA,707.21,0.0,0.5973,1089.78,374.134,Flat,Main_0_2399
1425,RegionB,677.74,0.0,0.5587,1089.78,355.054,Flat,Main_0_2399
1425,RegionC,658.1,0.0,0.5298,1089.78,375.106667,Flat,Main_0_2399
1425,RegionD,422.36,329.44,0.4046,1089.78,335.182667,Flat,Main_0_2399
1425,RegionE,373.25,291.13,0.2119,1089.78,376.008,Flat,Main_0_2399
1425,RegionF,392.89,306.45,0.2505,1089.78,411.573333,Flat,Main_0_2399
1426,RegionA,706.75,0.0,0.5863,1100.0,366.548667,Flat,Main_0_2399
1426,RegionB,677.3,0.0,0.5485,1100.0,370.325333,Flat,Main_0_2399
1426,RegionC,657.67,0.0,0.5201,1100.0,382.027333,Flat,Main_0_2399
1426,RegionD,422.09,329.23,0.3972,1100.0,322.291333,Flat,Main_0_2399
1426,RegionE,373.01,290.95,0.208,1100.0,334.779333,Flat,Main_0_2399
1426,RegionF,392.64,306.26,0.2459,1100.0,346.706667,Flat,Main_0_2399
1427,RegionA,706.29,0.0,0.5777,1089.78,355.821333,Flat,Main_0_2399
1427,RegionB,676.87,0.0,0.5405,1089.78,349.169,Flat,Main_0_2399
1427,RegionC,657.25,0.0,0.5125,1089.78,360.465333,Flat,Main_0_2399
1427,RegionD,421.81,329.01,0.3914,1089.78,272.254,Flat,Main_0_2399
1427,RegionE,372.77,290.76,0.205,1089.78,311.292667,Flat,Main_0_2399
1427,RegionF,392.39,306.06,0.2423,1089.78,290.111667,Flat,Main_0_2399
1428,RegionA,705.84,0.0,0.5721,1059.81,353.440667,Flat,Main_0_2399
1428,RegionB,676.43,0.0,0.5352,1059.81,316.584,Flat,Main_0_2399
1428,RegionC,656.82,0.0,0.5075,1059.81,340.414,Flat,Main_0_2399
1428,RegionD,421.54,328.8,0.3875,1059.81,249.522,Flat,Main_0_2399
1428,RegionE,372.52,290.57,0.203,1059.81,262.25,Flat,Main_0_2399
1428,RegionF,392.13,305.86,0.2399,1059.81,243.799333,Flat,Main_0_2399
1429,RegionA,705.38,0.0,0.5697,1012.13,303.067333,Flat,Main_0_2399
1429,RegionB,675.99,0.0,0.5329,1012.13,317.572667,Flat,Main_0_2399
1429,RegionC,656.39,0.0,0.5054,1012.13,328.749,Flat,Main_0_2399
1429,RegionD,421.27,328.59,0.3859,1012.13,251.376333,Flat,Main_0_2399
1429,RegionE,372.28,290.38,0.2022,1012.13,270.53,Flat,Main_0_2399
1429,RegionF,391.88,305.67,0.2389,1012.13,244.679333,Flat,Main_0_2399
1430,RegionA,704.92,0.0,0.5707,950.0,296.937667,Flat,Main_0_2399
1430,RegionB,675.55,0.0,0.5339,950.0,312.808,Flat,Main_0_2399
1430,RegionC,655.97,0.0,0.5063,950.0,315.902,Flat,Main_0_2399
1430,RegionD,420.99,328.37,0.3866,950.0,236.651667,Flat,Main_0_2399
1430,RegionE,372.04,290.19,0.2025,950.0,261.113,Flat,Main_0_2399
1430,RegionF,391.62,305.46,0.2393,950.0,257.342333,Flat,Main_0_2399
1431,RegionA,704.46,0.0,0.575,877.65,266.994667,Flat,Main_0_2399
1431,RegionB,675.11,0.0,0.5379,877.65,274.847,Flat,Main_0_2399
1431,RegionC,655.54,0.0,0.51,877.65,292.23,Flat,Main_0_2399
1431,RegionD,420.72,328.16,0.3895,877.65,180.423667,Flat,Main_0_2399
1431,RegionE,371.8,290.0,0.204,877.65,228.344,Flat,Main_0_2399
1431,RegionF,391.37,305.27,0.2411,877.65,223.76,Flat,Main_0_2399
1432,RegionA,704.01,0.0,0.5822,800.0,250.890333,Flat,Main_0_2399
1432,RegionB,674.67,0.0,0.5446,800.0,237.559333,Flat,Main_0_2399
1432,RegionC,655.12,0.0,0.5164,800.0,272.682667,Flat,Main_0_2399
1432,RegionD,420.45,327.95,0.3944,800.0,176.493333,Flat,Main_0_2399
1432,RegionE,371.56,289.82,0.2066,800.0,149.176667,Flat,Main_0_2399
1432,RegionF,391.12,305.07,0.2441,800.0,190.291333,Flat,Main_0_2399
1433,RegionA,1020.16,0.0,0.5917,722.35,200.349333,Peak,Main_0_2399
1433,RegionB,977.65,0.0,0.5536,722.35,235.545,Peak,Main_0_2399
1433,RegionC,949.31,0.0,0.5249,722.35,241.734667,Peak,Main_0_2399
1433,RegionD,609.26,475.22,0.4009,722.35,114.867667,Peak,Main_0_2399
1433,RegionE,538.42,419.97,0.21,722.35,137.0,Peak,Main_0_2399
1433,RegionF,566.75,442.06,0.2481,722.35,183.672,Peak,Main_0_2399
1434,RegionA,1019.5,0.0,0.603,650.0,196.843333,Peak,Main_0_2399
1434,RegionB,977.03,0.0,0.5641,650.0,218.333667,Peak,Main_0_2399
1434,RegionC,948.71,0.0,0.5349,650.0,222.331333,Peak,Main_0_2399
1434,RegionD,608.87,474.92,0.4085,650.0,92.138667,Peak,Main_0_2399
1434,RegionE,538.07,419.69,0.214,650.0,135.267333,Peak,Main_0_2399
1434,RegionF,566.39,441.78,0.2529,650.0,177.895333,Peak,Main_0_2399
1435,RegionA,1018.86,0.0,0.6152,587.87,216.599333,Peak,Main_0_2399
1435,RegionB,976.41,0.0,0.5755,587.87,222.587333,Peak,Main_0_2399
1435,RegionC,948.1,0.0,0.5457,587.87,254.07,Peak,Main_0_2399
1435,RegionD,608.48,474.61,0.4167,587.87,99.786667,Peak,Main_0_2399
1435,RegionE,537.73,419.43,0.2183,587.87,227.196667,Peak,Main_0_2399
1435,RegionF,566.03,441.5,0.258,587.87,178.352,Peak,Main_0_2399
1436,RegionA,1018.22,0.0,0.6274,540.19,238.68,Peak,Main_0_2399
1436,RegionB,975.79,0.0,0.5869,540.19,264.929333,Peak,Main_0_2399
1436,RegionC,947.51,0.0,0.5565,540.19,247.493333,Peak,Main_0_2399
1436,RegionD,608.1,474.32,0.425,540.19,144.94,Peak,Main_0_2399
1436,RegionE,537.39,419.16,0.2226,540.19,215.44,Peak,Main_0_2399
1436,RegionF,565.68,441.23,0.2631,540.19,173.563333,Peak,Main_0_2399
1437,RegionA,1017.58,0.0,0.6387,510.22,265.828333,Peak,Main_0_2399
1437,RegionB,975.18,0.0,0.5975,510.22,281.59,Peak,Main_0_2399
1437,RegionC,946.92,0.0,0.5666,510.22,256.768667,Peak,Main_0_2399
1437,RegionD,607.72,474.02,0.4326,510.22,217.892667,Peak,Main_0_2399
1437,RegionE,537.06,418.91,0.2266,510.22,201.791333,Peak,Main_0_2399
1437,RegionF,565.32,440.95,0.2678,510.22,182.496333,Peak,Main_0_2399
1438,RegionA,631.21,0.0,0.6483,500.0,261.714667,Flat,Main_0_2399
1438,RegionB,604.91,0.0,0.6065,500.0,258.063333,Flat,Main_0_2399
1438,RegionC,587.38,0.0,0.5751,500.0,250.174,Flat,Main_0_2399
1438,RegionD,376.98,294.04,0.4392,500.0,223.526667,Flat,Main_0_2399
1438,RegionE,333.14,259.85,0.23,500.0,229.65,Flat,Main_0_2399
1438,RegionF,350.67,273.52,0.2719,500.0,224.338,Flat,Main_0_2399
1439,RegionA,630.83,0.0,0.6555,510.22,288.223667,Flat,Main_0_2399
1439,RegionB,604.55,0.0,0.6132,510.22,293.412,Flat,Main_0_2399
1439,RegionC,587.02,0.0,0.5815,510.22,291.390667,Flat,Main_0_2399
1439,RegionD,376.75,293.87,0.4441,510.22,300.637333,Flat,Main_0_2399
1439,RegionE,332.94,259.69,0.2326,510.22,211.808333,Flat,Main_0_2399
1439,RegionF,350.46,273.36,0.2749,510.22,278.76,Flat,Main_0_2399
1440,RegionA,455.33,0.0,0.6598,540.19,332.013667,Valley,Main_0_2399
1440,RegionB,436.35,0.0,0.6173,540.19,362.175667,Valley,Main_0_2399
1440,RegionC,423.71,0.0,0.5853,540.19,299.851333,Valley,Main_0_2399
1440,RegionD,271.93,212.11,0.447,540.19,332.886667,Valley,Main_0_2399
1440,RegionE,240.31,187.44,0.2341,540.19,245.812,Valley,Main_0_2399
1440,RegionF,252.96,197.31,0.2767,540.19,304.077333,Valley,Main_0_2399
1441,RegionA,455.06,0.0,0.6609,587.87,357.408,Valley,Main_0_2399
1441,RegionB,436.1,0.0,0.6183,587.87,359.83,Valley,Main_0_2399
1441,RegionC,423.46,0.0,0.5863,587.87,329.863667,Valley,Main_0_2399
1441,RegionD,271.77,211.98,0.4477,587.87,328.1,Valley,Main_0_2399
1441,RegionE,240.17,187.33,0.2345,587.87,255.556667,Valley,Main_0_2399
1441,RegionF,252.81,197.19,0.2772,587.87,346.408333,Valley,Main_0_2399
1442,RegionA,454.79,0.0,0.6586,650.0,357.968,Valley,Main_0_2399
1442,RegionB,435.84,0.0,0.6161,650.0,383.53,Valley,Main_0_2399
1442,RegionC,423.21,0.0,0.5843,650.0,345.315,Valley,Main_0_2399
1442,RegionD,271.61,211.86,0.4462,650.0,338.693333,Valley,Main_0_2399
1442,RegionE,240.03,187.22,0.2337,650.0,317.751333,Valley,Main_0_2399
1442,RegionF,252.66,197.07,0.2762,650.0,350.202667,Valley,Main_0_2399
1443,RegionA,454.53,0.0,0.6531,722.35,370.514667,Valley,Main_0_2399
1443,RegionB,435.59,0.0,0.6109,722.35,385.66,Valley,Main_0_2399
1443,RegionC,422.97,0.0,0.5793,722.35,344.479333,Valley,Main_0_2399
1443,RegionD,271.46,211.74,0.4424,722.35,304.303333,Valley,Main_0_2399
1443,RegionE,239.89,187.11,0.2317,722.35,366.123333,Valley,Main_0_2399
1443,RegionF,252.52,196.97,0.2739,722.35,397.678333,Valley,Main_0_2399
1444,RegionA,454.28,0.0,0.6446,800.0,383.420667,Valley,Main_0_2399
1444,RegionB,435.35,0.0,0.603,800.0,381.243,Valley,Main_0_2399
1444,RegionC,422.73,0.0,0.5718,800.0,348.478667,Valley,Main_0_2399
1444,RegionD,271.31,211.62,0.4367,800.0,306.076,Valley,Main_0_2399
1444,RegionE,239.76,187.01,0.2287,800.0,364.218667,Valley,Main_0_2399
1444,RegionF,252.38,196.86,0.2703,800.0,399.473333,Valley,Main_0_2399
1445,RegionA,454.03,0.0,0.6338,877.65,364.792,Valley,Main_0_2399
1445,RegionB,435.11,0.0,0.5929,877.65,371.176,Valley,Main_0_2399
1445,RegionC,422.5,0.0,0.5622,877.65,349.208,Valley,Main_0_2399
1445,RegionD,271.16,211.5,0.4293,877.65,320.556667,Valley,Main_0_2399
1445,RegionE,239.63,186.91,0.2249,877.65,399.265,Valley,Main_0_2399
1445,RegionF,252.24,196.75,0.2658,877.65,379.781333,Valley,Main_0_2399
1446,RegionA,453.79,0.0,0.6212,950.0,361.763333,Valley,Main_0_2399
1446,RegionB,434.88,0.0,0.5812,950.0,380.896667,Valley,Main_0_2399
1446,RegionC,422.28,0.0,0.5511,950.0,361.162333,Valley,Main_0_2399
1446,RegionD,271.01,211.39,0.4208,950.0,334.332,Valley,Main_0_2399
1446,RegionE,239.5,186.81,0.2204,950.0,408.065333,Valley,Main_0_2399
1446,RegionF,252.1,196.64,0.2605,950.0,422.126667,Valley,Main_0_2399
1447,RegionA,697.77,0.0,0.6079,1012.13,370.202667,Flat,Main_0_2399
1447,RegionB,668.7,0.0,0.5687,1012.13,385.507,Flat,Main_0_2399
1447,RegionC,649.32,0.0,0.5392,1012.13,372.094,Flat,Main_0_2399
1447,RegionD,416.72,325.04,0.4118,1012.13,323.444667,Flat,Main_0_2399
1447,RegionE,368.27,287.25,0.2157,1012.13,426.364,Flat,Main_0_2399
1447,RegionF,387.65,302.37,0.2549,1012.13,457.492,Flat,Main_0_2399
1448,RegionA,697.42,0.0,0.5945,1059.81,374.272333,Flat,Main_0_2399
1448,RegionB,668.36,0.0,0.5562,1059.81,386.556667,Flat,Main_0_2399
1448,RegionC,648.99,0.0,0.5274,1059.81,375.108,Flat,Main_0_2399
1448,RegionD,416.51,324.88,0.4027,1059.81,328.097333,Flat,Main_0_2399
1448,RegionE,368.08,287.1,0.211,1059.81,436.628667,Flat,Main_0_2399
1448,RegionF,387.45,302.21,0.2493,1059.81,448.83,Flat,Main_0_2399
1449,RegionA,697.07,0.0,0.582,1089.78,387.589,Flat,Main_0_2399
1449,RegionB,668.03,0.0,0.5445,1089.78,380.068,Flat,Main_0_2399
1449,RegionC,648.67,0.0,0.5163,1089.78,362.613667,Flat,Main_0_2399
1449,RegionD,416.31,324.72,0.3943,1089.78,320.850667,Flat,Main_0_2399
1449,RegionE,367.9,286.96,0.2065,1089.78,382.95,Flat,Main_0_2399
1449,RegionF,387.26,302.06,0.2441,1089.78,397.56,Flat,Main_0_2399
1450,RegionA,696.74,0.0,0.5713,1100.0,375.151333,Flat,Main_0_2399
1450,RegionB,667.71,0.0,0.5344,1100.0,379.607,Flat,Main_0_2399
1450,RegionC,648.36,0.0,0.5068,1100.0,339.481,Flat,Main_0_2399
1450,RegionD,416.11,324.57,0.387,1100.0,292.631667,Flat,Main_0_2399
1450,RegionE,367.73,286.83,0.2027,1100.0,330.042,Flat,Main_0_2399
1450,RegionF,387.08,301.92,0.2396,1100.0,374.317333,Flat,Main_0_2399
1451,RegionA,696.42,0.0,0.5629,1089.78,372.107333,Flat,Main_0_2399
1451,RegionB,667.4,0.0,0.5266,1089.78,350.345,Flat,Main_0_2399
1451,RegionC,648.06,0.0,0.4994,1089.78,343.973333,Flat,Main_0_2399
1451,RegionD,415.92,324.42,0.3814,1089.78,301.66,Flat,Main_0_2399
1451,RegionE,367.56,286.7,0.1998,1089.78,308.374,Flat,Main_0_2399
1451,RegionF,386.9,301.78,0.2361,1089.78,318.133333,Flat,Main_0_2399
1452,RegionA,696.11,0.0,0.5575,1059.81,300.530667,Flat,Main_0_2399
1452,RegionB,667.11,0.0,0.5216,1059.81,353.12,Flat,Main_0_2399
1452,RegionC,647.77,0.0,0.4946,1059.81,342.93,Flat,Main_0_2399
1452,RegionD,415.73,324.27,0.3777,1059.81,241.959667,Flat,Main_0_2399
1452,RegionE,367.39,286.56,0.1978,1059.81,297.893333,Flat,Main_0_2399
1452,RegionF,386.73,301.65,0.2338,1059.81,324.654,Flat,Main_0_2399
1453,RegionA,695.81,0.0,0.5554,1012.13,292.460667,Flat,Main_0_2399
1453,RegionB,666.82,0.0,0.5196,1012.13,309.016667,Flat,Main_0_2399
1453,RegionC,647.49,0.0,0.4927,1012.13,320.490667,Flat,Main_0_2399
1453,RegionD,415.55,324.13,0.3763,1012.13,219.354,Flat,Main_0_2399
1453,RegionE,367.23,286.44,0.1971,1012.13,278.012333,Flat,Main_0_2399
1453,RegionF,386.56,301.52,0.2329,1012.13,308.142,Flat,Main_0_2399
1454,RegionA,695.53,0.0,0.5567,950.0,271.23,Flat,Main_0_2399
1454,RegionB,666.55,0.0,0.5208,950.0,291.278333,Flat,Main_0_2399
1454,RegionC,647.23,0.0,0.4939,950.0,313.700333,Flat,Main_0_2399
1454,RegionD,415.38,324.0,0.3771,950.0,237.398333,Flat,Main_0_2399
1454,RegionE,367.08,286.32,0.1975,950.0,236.674,Flat,Main_0_2399
1454,RegionF,386.4,301.39,0.2335,950.0,269.072333,Flat,Main_0_2399
1455,RegionA,695.25,0.0,0.5613,877.65,251.172,Flat,Main_0_2399
1455,RegionB,666.29,0.0,0.5251,877.65,258.595667,Flat,Main_0_2399
1455,RegionC,646.97,0.0,0.4979,877.65,283.436667,Flat,Main_0_2399
1455,RegionD,415.22,323.87,0.3802,877.65,203.434333,Flat,Main_0_2399
1455,RegionE,366.94,286.21,0.1992,877.65,215.926,Flat,Main_0_2399
1455,RegionF,386.25,301.28,0.2354,877.65,278.0,Flat,Main_0_2399
1456,RegionA,694.99,0.0,0.5688,800.0,219.398333,Flat,Main_0_2399
1456,RegionB,666.04,0.0,0.5321,800.0,223.196333,Flat,Main_0_2399
1456,RegionC,646.73,0.0,0.5046,800.0,245.16,Flat,Main_0_2399
1456,RegionD,415.07,323.75,0.3853,800.0,135.855333,Flat,Main_0_2399
1456,RegionE,366.8,286.1,0.2018,800.0,197.81,Flat,Main_0_2399
1456,RegionF,386.11,301.17,0.2385,800.0,210.59,Flat,Main_0_2399
1457,RegionA,1007.38,0.0,0.5788,722.35,215.455333,Peak,Main_0_2399
1457,RegionB,965.41,0.0,0.5414,722.35,230.494667,Peak,Main_0_2399
1457,RegionC,937.43,0.0,0.5134,722.35,216.723333,Peak,Main_0_2399
1457,RegionD,601.63,469.27,0.3921,722.35,79.900667,Peak,Main_0_2399
1457,RegionE,531.67,414.7,0.2054,722.35,156.723333,Peak,Main_0_2399
1457,RegionF,559.66,436.53,0.2427,722.35,213.790667,Peak,Main_0_2399
1458,RegionA,1007.04,0.0,0.5904,650.0,202.515,Peak,Main_0_2399
1458,RegionB,965.08,0.0,0.5523,650.0,183.594,Peak,Main_0_2399
1458,RegionC,937.11,0.0,0.5237,650.0,199.628667,Peak,Main_0_2399
1458,RegionD,601.43,469.12,0.4,650.0,121.968,Peak,Main_0_2399
1458,RegionE,531.5,414.57,0.2095,650.0,133.422667,Peak,Main_0_2399
1458,RegionF,559.47,436.39,0.2476,650.0,203.17,Peak,Main_0_2399
1459,RegionA,1006.73,0.0,0.603,587.87,200.186333,Peak,Main_0_2399
1459,RegionB,964.78,0.0,0.5641,587.87,186.618,Peak,Main_0_2399
1459,RegionC,936.81,0.0,0.5349,587.87,214.58,Peak,Main_0_2399
1459,RegionD,601.24,468.97,0.4085,587.87,142.901333,Peak,Main_0_2399
1459,RegionE,531.33,414.44,0.214,587.87,187.79,Peak,Main_0_2399
1459,RegionF,559.29,436.25,0.2529,587.87,211.488667,Peak,Main_0_2399
1460,RegionA,1006.43,0.0,0.6155,540.19,186.211667,Peak,Main_0_2399
1460,RegionB,964.49,0.0,0.5758,540.19,197.825333,Peak,Main_0_2399
1460,RegionC,936.54,0.0,0.546,540.19,193.461333,Peak,Main_0_2399
1460,RegionD,601.06,468.83,0.417,540.19,171.518667,Peak,Main_0_2399
1460,RegionE,531.17,414.31,0.2184,540.19,189.819333,Peak,Main_0_2399
1460,RegionF,559.13,436.12,0.2581,540.19,243.21,Peak,Main_0_2399
1461,RegionA,1006.15,0.0,0.6272,510.22,238.998,Peak,Main_0_2399
1461,RegionB,964.23,0.0,0.5868,510.22,225.75,Peak,Main_0_2399
1461,RegionC,936.28,0.0,0.5564,510.22,232.341667,Peak,Main_0_2399
1461,RegionD,600.89,468.69,0.4249,510.22,234.479667,Peak,Main_0_2399
1461,RegionE,531.02,414.2,0.2226,510.22,193.265,Peak,Main_0_2399
1461,RegionF,558.97,436.0,0.263,510.22,237.26,Peak,Main_0_2399
1462,RegionA,624.35,0.0,0.6373,500.0,226.997333,Flat,Main_0_2399
1462,RegionB,598.33,0.0,0.5962,500.0,278.544667,Flat,Main_0_2399
1462,RegionC,580.99,0.0,0.5653,500.0,261.903333,Flat,Main_0_2399
1462,RegionD,372.87,290.84,0.4317,500.0,274.184,Flat,Main_0_2399
1462,RegionE,329.52,257.03,0.2261,500.0,214.418667,Flat,Main_0_2399
1462,RegionF,346.86,270.55,0.2673,500.0,226.550667,Flat,Main_0_2399
1463,RegionA,624.2,0.0,0.645,510.22,254.301,Flat,Main_0_2399
1463,RegionB,598.19,0.0,0.6034,510.22,273.677333,Flat,Main_0_2399
1463,RegionC,580.85,0.0,0.5722,510.22,304.424,Flat,Main_0_2399
1463,RegionD,372.79,290.78,0.4369,510.22,266.926,Flat,Main_0_2399
1463,RegionE,329.44,256.96,0.2289,510.22,279.386667,Flat,Main_0_2399
1463,RegionF,346.78,270.49,0.2705,510.22,227.604,Flat,Main_0_2399
1464,RegionA,450.72,0.0,0.6498,540.19,320.493333,Valley,Main_0_2399
1464,RegionB,431.94,0.0,0.6079,540.19,357.504667,Valley,Main_0_2399
1464,RegionC,419.42,0.0,0.5764,540.19,365.858667,Valley,Main_0_2399
1464,RegionD,269.18,209.96,0.4402,540.19,286.425,Valley,Main_0_2399
1464,RegionE,237.88,185.55,0.2306,540.19,324.498333,Valley,Main_0_2399
1464,RegionF,250.4,195.31,0.2725,540.19,294.553333,Valley,Main_0_2399
1465,RegionA,450.63,0.0,0.6513,587.87,372.845,Valley,Main_0_2399
1465,RegionB,431.85,0.0,0.6093,587.87,360.069667,Valley,Main_0_2399
1465,RegionC,419.33,0.0,0.5778,587.87,380.43,Valley,Main_0_2399
1465,RegionD,269.13,209.92,0.4412,587.87,350.045,Valley,Main_0_2399
1465,RegionE,237.83,185.51,0.2311,587.87,315.745333,Valley,Main_0_2399
1465,RegionF,250.35,195.27,0.2731,587.87,321.256667,Valley,Main_0_2399
1466,RegionA,450.55,0.0,0.6495,650.0,373.382667,Valley,Main_0_2399
1466,RegionB,431.78,0.0,0.6076,650.0,359.256667,Valley,Main_0_2399
1466,RegionC,419.26,0.0,0.5762,650.0,369.149333,Valley,Main_0_2399
1466,RegionD,269.08,209.88,0.44,650.0,349.183333,Valley,Main_0_2399
1466,RegionE,237.79,185.48,0.2305,650.0,359.594667,Valley,Main_0_2399
1466,RegionF,250.31,195.24,0.2724,650.0,366.037333,Valley,Main_0_2399
1467,RegionA,450.48,0.0,0.6445,722.35,363.242667,Valley,Main_0_2399
1467,RegionB,431.71,0.0,0.6029,722.35,362.621333,Valley,Main_0_2399
1467,RegionC,419.2,0.0,0.5717,722.35,374.536,Valley,Main_0_2399
1467,RegionD,269.04,209.85,0.4366,722.35,332.313333,Valley,Main_0_2399
1467,RegionE,237.76,185.45,0.2287,722.35,390.593333,Valley,Main_0_2399
1467,RegionF,250.27,195.21,0.2703,722.35,376.694,Valley,Main_0_2399
1468,RegionA,450.43,0.0,0.6365,800.0,345.719,Valley,Main_0_2399
1468,RegionB,431.66,0.0,0.5955,800.0,348.598,Valley,Main_0_2399
1468,RegionC,419.15,0.0,0.5647,800.0,378.715,Valley,Main_0_2399
1468,RegionD,269.01,209.83,0.4312,800.0,291.336,Valley,Main_0_2399
1468,RegionE,237.73,185.43,0.2259,800.0,337.576,Valley,Main_0_2399
1468,RegionF,250.24,195.19,0.2669,800.0,429.882667,Valley,Main_0_2399
1469,RegionA,450.38,0.0,0.6262,877.65,367.97,Valley,Main_0_2399
1469,RegionB,431.61,0.0,0.5858,877.65,369.705333,Valley,Main_0_2399
1469,RegionC,419.1,0.0,0.5555,877.65,381.789333,Valley,Main_0_2399
1469,RegionD,268.98,209.8,0.4242,877.65,321.988,Valley,Main_0_2399
1469,RegionE,237.7,185.41,0.2222,877.65,376.774,Valley,Main_0_2399
1469,RegionF,250.21,195.16,0.2626,877.65,432.520667,Valley,Main_0_2399
1470,RegionA,450.34,0.0,0.6142,950.0,370.710667,Valley,Main_0_2399
1470,RegionB,431.58,0.0,0.5746,950.0,371.523,Valley,Main_0_2399
1470,RegionC,419.07,0.0,0.5449,950.0,386.703333,Valley,Main_0_2399
1470,RegionD,268.95,209.78,0.4161,950.0,331.366,Valley,Main_0_2399
1470,RegionE,237.68,185.39,0.218,950.0,345.835333,Valley,Main_0_2399
1470,RegionF,250.19,195.15,0.2576,950.0,397.042667,Valley,Main_0_2399
1471,RegionA,692.79,0.0,0.6014,1012.13,369.442,Flat,Main_0_2399
1471,RegionB,663.93,0.0,0.5626,1012.13,370.766,Flat,Main_0_2399
1471,RegionC,644.68,0.0,0.5335,1012.13,383.4,Flat,Main_0_2399
1471,RegionD,413.75,322.73,0.4074,1012.13,366.533667,Flat,Main_0_2399
1471,RegionE,365.64,285.2,0.2134,1012.13,366.24,Flat,Main_0_2399
1471,RegionF,384.88,300.21,0.2522,1012.13,391.28,Flat,Main_0_2399
1472,RegionA,692.76,0.0,0.5886,1059.81,382.292667,Flat,Main_0_2399
1472,RegionB,663.9,0.0,0.5506,1059.81,384.123,Flat,Main_0_2399
1472,RegionC,644.66,0.0,0.5222,1059.81,382.498667,Flat,Main_0_2399
1472,RegionD,413.73,322.71,0.3987,1059.81,341.457333,Flat,Main_0_2399
1472,RegionE,365.63,285.19,0.2089,1059.81,319.976,Flat,Main_0_2399
1472,RegionF,384.87,300.2,0.2468,1059.81,377.09,Flat,Main_0_2399
1473,RegionA,692.75,0.0,0.5767,1089.78,380.661333,Flat,Main_0_2399
1473,RegionB,663.89,0.0,0.5395,1089.78,380.3,Flat,Main_0_2399
1473,RegionC,644.64,0.0,0.5116,1089.78,381.816667,Flat,Main_0_2399
1473,RegionD,413.73,322.71,0.3907,1089.78,364.989,Flat,Main_0_2399
1473,RegionE,365.62,285.18,0.2046,1089.78,299.33,Flat,Main_0_2399
1473,RegionF,384.86,300.19,0.2418,1089.78,373.344,Flat,Main_0_2399
1474,RegionA,692.75,0.0,0.5665,1100.0,367.248,Flat,Main_0_2399
1474,RegionB,663.89,0.0,0.53,1100.0,379.545333,Flat,Main_0_2399
1474,RegionC,644.65,0.0,0.5026,1100.0,382.226667,Flat,Main_0_2399
1474,RegionD,413.73,322.71,0.3838,1100.0,332.156333,Flat,Main_0_2399
1474,RegionE,365.62,285.18,0.201,1100.0,310.14,Flat,Main_0_2399
1474,RegionF,384.86,300.19,0.2376,1100.0,301.720667,Flat,Main_0_2399
1475,RegionA,692.77,0.0,0.5588,1089.78,369.646667,Flat,Main_0_2399
1475,RegionB,663.91,0.0,0.5227,1089.78,368.479333,Flat,Main_0_2399
1475,RegionC,644.66,0.0,0.4957,1089.78,371.06,Flat,Main_0_2399
1475,RegionD,413.74,322.72,0.3785,1089.78,258.277333,Flat,Main_0_2399
1475,RegionE,365.63,285.19,0.1983,1089.78,289.721333,Flat,Main_0_2399
1475,RegionF,384.87,300.2,0.2343,1089.78,292.148333,Flat,Main_0_2399
1476,RegionA,692.81,0.0,0.554,1059.81,367.34,Flat,Main_0_2399
1476,RegionB,663.94,0.0,0.5182,1059.81,350.314,Flat,Main_0_2399
1476,RegionC,644.69,0.0,0.4914,1059.81,319.56,Flat,Main_0_2399
1476,RegionD,413.76,322.73,0.3753,1059.81,231.130667,Flat,Main_0_2399
1476,RegionE,365.65,285.21,0.1966,1059.81,286.003333,Flat,Main_0_2399
1476,RegionF,384.89,300.21,0.2323,1059.81,294.983333,Flat,Main_0_2399
1477,RegionA,692.85,0.0,0.5524,1012.13,291.89,Flat,Main_0_2399
1477,RegionB,663.98,0.0,0.5168,1012.13,294.665333,Flat,Main_0_2399
1477,RegionC,644.74,0.0,0.4901,1012.13,313.736,Flat,Main_0_2399
1477,RegionD,413.79,322.76,0.3742,1012.13,213.69,Flat,Main_0_2399
1477,RegionE,365.67,285.22,0.196,1012.13,259.194,Flat,Main_0_2399
1477,RegionF,384.92,300.24,0.2317,1012.13,310.772,Flat,Main_0_2399
1478,RegionA,692.92,0.0,0.5543,950.0,295.088,Flat,Main_0_2399
1478,RegionB,664.04,0.0,0.5186,950.0,291.249,Flat,Main_0_2399
1478,RegionC,644.8,0.0,0.4917,950.0,284.254,Flat,Main_0_2399
1478,RegionD,413.82,322.78,0.3755,950.0,213.716,Flat,Main_0_2399
1478,RegionE,365.71,285.25,0.1967,950.0,236.483333,Flat,Main_0_2399
1478,RegionF,384.95,300.26,0.2325,950.0,277.291333,Flat,Main_0_2399
1479,RegionA,692.99,0.0,0.5595,877.65,231.466667,Flat,Main_0_2399
1479,RegionB,664.12,0.0,0.5234,877.65,259.018667,Flat,Main_0_2399
1479,RegionC,644.87,0.0,0.4963,877.65,263.242667,Flat,Main_0_2399
1479,RegionD,413.87,322.82,0.379,877.65,172.095333,Flat,Main_0_2399
1479,RegionE,365.75,285.29,0.1985,877.65,194.152333,Flat,Main_0_2399
1479,RegionF,385.0,300.3,0.2346,877.65,256.248,Flat,Main_0_2399
1480,RegionA,693.08,0.0,0.5676,800.0,215.450667,Flat,Main_0_2399
1480,RegionB,664.21,0.0,0.531,800.0,194.370667,Flat,Main_0_2399
1480,RegionC,644.95,0.0,0.5035,800.0,252.97,Flat,Main_0_2399
1480,RegionD,413.93,322.87,0.3845,800.0,170.080667,Flat,Main_0_2399
1480,RegionE,365.79,285.32,0.2014,800.0,183.566667,Flat,Main_0_2399
1480,RegionF,385.05,300.34,0.238,800.0,222.172667,Flat,Main_0_2399
1481,RegionA,1005.13,0.0,0.5782,722.35,200.542,Peak,Main_0_2399
1481,RegionB,963.25,0.0,0.5409,722.35,197.939,Peak,Main_0_2399
1481,RegionC,935.33,0.0,0.5129,722.35,207.576667,Peak,Main_0_2399
1481,RegionD,600.28,468.22,0.3917,722.35,141.882667,Peak,Main_0_2399
1481,RegionE,530.48,413.77,0.2052,722.35,213.968667,Peak,Main_0_2399
1481,RegionF,558.4,435.55,0.2425,722.35,180.423333,Peak,Main_0_2399
1482,RegionA,1005.3,0.0,0.5904,650.0,196.170667,Peak,Main_0_2399
1482,RegionB,963.41,0.0,0.5523,650.0,206.597,Peak,Main_0_2399
1482,RegionC,935.49,0.0,0.5237,650.0,200.792333,Peak,Main_0_2399
1482,RegionD,600.39,468.3,0.4,650.0,162.147,Peak,Main_0_2399
1482,RegionE,530.57,413.84,0.2095,650.0,207.666667,Peak,Main_0_2399
1482,RegionF,558.5,435.63,0.2476,650.0,143.26,Peak,Main_0_2399
1483,RegionA,1005.49,0.0,0.6036,587.87,192.862667,Peak,Main_0_2399
1483,RegionB,963.6,0.0,0.5646,587.87,220.97,Peak,Main_0_2399
1483,RegionC,935.67,0.0,0.5354,587.87,197.485,Peak,Main_0_2399
1483,RegionD,600.5,468.39,0.4089,587.87,131.936,Peak,Main_0_2399
1483,RegionE,530.68,413.93,0.2142,587.87,227.949,Peak,Main_0_2399
1483,RegionF,558.61,435.72,0.2531,587.87,135.17,Peak,Main_0_2399
1484,RegionA,1005.7,0.0,0.6167,540.19,231.545333,Peak,Main_0_2399
1484,RegionB,963.8,0.0,0.5769,540.19,247.180667,Peak,Main_0_2399
1484,RegionC,935.86,0.0,0.5471,540.19,251.231,Peak,Main_0_2399
1484,RegionD,600.63,468.49,0.4178,540.19,105.811667,Peak,Main_0_2399
1484,RegionE,530.79,414.02,0.2188,540.19,219.125,Peak,Main_0_2399
1484,RegionF,558.72,435.8,0.2586,540.19,168.242333,Peak,Main_0_2399
1485,RegionA,1005.94,0.0,0.6291,510.22,257.936333,Peak,Main_0_2399
1485,RegionB,964.02,0.0,0.5885,510.22,273.393333,Peak,Main_0_2399
1485,RegionC,936.08,0.0,0.558,510.22,259.295,Peak,Main_0_2399
1485,RegionD,600.77,468.6,0.4261,510.22,117.309,Peak,Main_0_2399
1485,RegionE,530.91,414.11,0.2232,510.22,209.093333,Peak,Main_0_2399
1485,RegionF,558.85,435.9,0.2638,510.22,204.443333,Peak,Main_0_2399
1486,RegionA,624.53,0.0,0.6397,500.0,269.939333,Flat,Main_0_2399
1486,RegionB,598.51,0.0,0.5984,500.0,271.344,Flat,Main_0_2399
1486,RegionC,581.16,0.0,0.5675,500.0,253.197333,Flat,Main_0_2399
1486,RegionD,372.98,290.92,0.4333,500.0,192.878667,Flat,Main_0_2399
1486,RegionE,329.61,257.1,0.227,500.0,233.27,Flat,Main_0_2399
1486,RegionF,346.96,270.63,0.2683,500.0,252.984,Flat,Main_0_2399
1487,RegionA,624.7,0.0,0.648,510.22,315.624,Flat,Main_0_2399
1487,RegionB,598.67,0.0,0.6062,510.22,302.047333,Flat,Main_0_2399
1487,RegionC,581.32,0.0,0.5748,510.22,276.980667,Flat,Main_0_2399
1487,RegionD,373.08,291.0,0.439,510.22,223.534667,Flat,Main_0_2399
1487,RegionE,329.7,257.17,0.2299,510.22,246.915333,Flat,Main_0_2399
1487,RegionF,347.05,270.7,0.2717,510.22,263.49,Flat,Main_0_2399
1488,RegionA,451.3,0.0,0.6534,540.19,348.382667,Valley,Main_0_2399
1488,RegionB,432.49,0.0,0.6112,540.19,345.618,Valley,Main_0_2399
1488,RegionC,419.96,0.0,0.5796,540.19,314.156667,Valley,Main_0_2399
1488,RegionD,269.53,210.23,0.4426,540.19,217.956,Valley,Main_0_2399
1488,RegionE,238.19,185.79,0.2318,540.19,334.172,Valley,Main_0_2399
1488,RegionF,250.72,195.56,0.274,540.19,263.012,Valley,Main_0_2399
1489,RegionA,451.43,0.0,0.6555,587.87,368.858,Valley,Main_0_2399
1489,RegionB,432.63,0.0,0.6132,587.87,382.309667,Valley,Main_0_2399
1489,RegionC,420.09,0.0,0.5815,587.87,360.888,Valley,Main_0_2399
1489,RegionD,269.61,210.3,0.444,587.87,230.106,Valley,Main_0_2399
1489,RegionE,238.26,185.84,0.2326,587.87,336.08,Valley,Main_0_2399
1489,RegionF,250.8,195.62,0.2749,587.87,311.401333,Valley,Main_0_2399
1490,RegionA,451.58,0.0,0.6543,650.0,375.332,Valley,Main_0_2399
1490,RegionB,432.76,0.0,0.6121,650.0,368.607333,Valley,Main_0_2399
1490,RegionC,420.22,0.0,0.5804,650.0,367.438667,Valley,Main_0_2399
1490,RegionD,269.69,210.36,0.4432,650.0,305.392667,Valley,Main_0_2399
1490,RegionE,238.33,185.9,0.2322,650.0,313.843333,Valley,Main_0_2399
1490,RegionF,250.88,195.69,0.2744,650.0,345.753333,Valley,Main_0_2399
1491,RegionA,451.73,0.0,0.6498,722.35,384.774,Valley,Main_0_2399
1491,RegionB,432.91,0.0,0.6079,722.35,368.984,Valley,Main_0_2399
1491,RegionC,420.36,0.0,0.5764,722.35,378.858667,Valley,Main_0_2399
1491,RegionD,269.78,210.43,0.4402,722.35,341.355333,Valley,Main_0_2399
1491,RegionE,238.41,185.96,0.2306,722.35,382.642,Valley,Main_0_2399
1491,RegionF,250.96,195.75,0.2725,722.35,404.547667,Valley,Main_0_2399
1492,RegionA,451.89,0.0,0.6424,800.0,383.704,Valley,Main_0_2399
1492,RegionB,433.06,0.0,0.601,800.0,378.351,Valley,Main_0_2399
1492,RegionC,420.51,0.0,0.5699,800.0,356.054667,Valley,Main_0_2399
1492,RegionD,269.88,210.51,0.4352,800.0,308.666,Valley,Main_0_2399
1492,RegionE,238.5,186.03,0.228,800.0,405.428,Valley,Main_0_2399
1492,RegionF,251.05,195.82,0.2694,800.0,377.551667,Valley,Main_0_2399
1493,RegionA,452.05,0.0,0.6327,877.65,387.092,Valley,Main_0_2399
1493,RegionB,433.22,0.0,0.5919,877.65,382.321333,Valley,Main_0_2399
1493,RegionC,420.66,0.0,0.5612,877.65,354.705667,Valley,Main_0_2399
1493,RegionD,269.98,210.58,0.4286,877.65,306.629,Valley,Main_0_2399
1493,RegionE,238.58,186.09,0.2245,877.65,393.152,Valley,Main_0_2399
1493,RegionF,251.14,195.89,0.2653,877.65,402.784667,Valley,Main_0_2399
1494,RegionA,452.22,0.0,0.6212,950.0,389.175,Valley,Main_0_2399
1494,RegionB,433.38,0.0,0.5812,950.0,382.392,Valley,Main_0_2399
1494,RegionC,420.82,0.0,0.5511,950.0,367.686333,Valley,Main_0_2399
1494,RegionD,270.08,210.66,0.4208,950.0,318.198667,Valley,Main_0_2399
1494,RegionE,238.67,186.16,0.2204,950.0,416.686667,Valley,Main_0_2399
1494,RegionF,251.24,195.97,0.2605,950.0,377.486667,Valley,Main_0_2399
1495,RegionA,696.0,0.0,0.609,1012.13,386.986667,Flat,Main_0_2399
1495,RegionB,667.0,0.0,0.5697,1012.13,381.858333,Flat,Main_0_2399
1495,RegionC,647.67,0.0,0.5402,1012.13,375.930667,Flat,Main_0_2399
1495,RegionD,415.67,324.22,0.4125,1012.13,352.798667,Flat,Main_0_2399
1495,RegionE,367.33,286.52,0.2161,1012.13,425.849333,Flat,Main_0_2399
1495,RegionF,386.67,301.6,0.2554,1012.13,381.926667,Flat,Main_0_2399
1496,RegionA,696.28,0.0,0.5967,1059.81,382.134667,Flat,Main_0_2399
1496,RegionB,667.27,0.0,0.5582,1059.81,384.951667,Flat,Main_0_2399
1496,RegionC,647.93,0.0,0.5293,1059.81,373.939333,Flat,Main_0_2399
1496,RegionD,415.84,324.36,0.4042,1059.81,348.035333,Flat,Main_0_2399
1496,RegionE,367.48,286.63,0.2117,1059.81,344.554,Flat,Main_0_2399
1496,RegionF,386.82,301.72,0.2502,1059.81,369.738333,Flat,Main_0_2399
1497,RegionA,696.58,0.0,0.5853,1089.78,386.259333,Flat,Main_0_2399
1497,RegionB,667.55,0.0,0.5475,1089.78,367.172,Flat,Main_0_2399
1497,RegionC,648.2,0.0,0.5192,1089.78,381.803333,Flat,Main_0_2399
1497,RegionD,416.01,324.49,0.3965,1089.78,292.754333,Flat,Main_0_2399
1497,RegionE,367.64,286.76,0.2077,1089.78,335.211,Flat,Main_0_2399
1497,RegionF,386.99,301.85,0.2455,1089.78,367.920667,Flat,Main_0_2399
1498,RegionA,696.87,0.0,0.5756,1100.0,378.402667,Flat,Main_0_2399
1498,RegionB,667.84,0.0,0.5385,1100.0,371.148667,Flat,Main_0_2399
1498,RegionC,648.48,0.0,0.5106,1100.0,384.677333,Flat,Main_0_2399
1498,RegionD,416.19,324.63,0.3899,1100.0,275.784,Flat,Main_0_2399
1498,RegionE,367.79,286.88,0.2043,1100.0,318.617333,Flat,Main_0_2399
1498,RegionF,387.15,301.98,0.2414,1100.0,312.78,Flat,Main_0_2399
1499,RegionA,697.18,0.0,0.5684,1089.78,354.927333,Flat,Main_0_2399
1499,RegionB,668.13,0.0,0.5317,1089.78,353.652,Flat,Main_0_2399
1499,RegionC,648.77,0.0,0.5042,1089.78,344.282,Flat,Main_0_2399
1499,RegionD,416.37,324.77,0.385,1089.78,278.962,Flat,Main_0_2399
1499,RegionE,367.96,287.01,0.2017,1089.78,331.100667,Flat,Main_0_2399
1499,RegionF,387.32,302.11,0.2383,1089.78,340.798,Flat,Main_0_2399
1500,RegionA,697.49,0.0,0.564,1059.81,322.248,Flat,Main_0_2399
1500,RegionB,668.43,0.0,0.5276,1059.81,342.332,Flat,Main_0_2399
1500,RegionC,649.06,0.0,0.5003,1059.81,303.31,Flat,Main_0_2399
1500,RegionD,416.56,324.92,0.3821,1059.81,224.339667,Flat,Main_0_2399
1500,RegionE,368.12,287.13,0.2001,1059.81,265.02,Flat,Main_0_2399
1500,RegionF,387.5,302.25,0.2365,1059.81,317.052667,Flat,Main_0_2399
1501,RegionA,697.82,0.0,0.563,1012.13,320.639667,Flat,Main_0_2399
1501,RegionB,668.74,0.0,0.5266,1012.13,327.452667,Flat,Main_0_2399
1501,RegionC,649.36,0.0,0.4994,1012.13,300.681333,Flat,Main_0_2399
1501,RegionD,416.75,325.06,0.3814,1012.13,268.954333,Flat,Main_0_2399
1501,RegionE,368.29,287.27,0.1998,1012.13,262.694,Flat,Main_0_2399
1501,RegionF,387.68,302.39,0.2361,1012.13,301.094,Flat,Main_0_2399
1502,RegionA,698.14,0.0,0.5653,950.0,298.368667,Flat,Main_0_2399
1502,RegionB,669.05,0.0,0.5288,950.0,291.148333,Flat,Main_0_2399
1502,RegionC,649.66,0.0,0.5015,950.0,289.002667,Flat,Main_0_2399
1502,RegionD,416.95,325.22,0.3829,950.0,245.568,Flat,Main_0_2399
1502,RegionE,368.46,287.4,0.2006,950.0,241.377333,Flat,Main_0_2399
1502,RegionF,387.86,302.53,0.2371,950.0,247.143,Flat,Main_0_2399
1503,RegionA,698.47,0.0,0.5709,877.65,281.475,Flat,Main_0_2399
1503,RegionB,669.37,0.0,0.5341,877.65,276.492,Flat,Main_0_2399
1503,RegionC,649.97,0.0,0.5064,877.65,254.186,Flat,Main_0_2399
1503,RegionD,417.14,325.37,0.3867,877.65,226.195,Flat,Main_0_2399
1503,RegionE,368.64,287.54,0.2026,877.65,208.464667,Flat,Main_0_2399
1503,RegionF,388.04,302.67,0.2394,877.65,235.131,Flat,Main_0_2399
1504,RegionA,698.81,0.0,0.5794,800.0,238.512667,Flat,Main_0_2399
1504,RegionB,669.69,0.0,0.5421,800.0,230.277,Flat,Main_0_2399
1504,RegionC,650.28,0.0,0.514,800.0,221.327333,Flat,Main_0_2399
1504,RegionD,417.35,325.53,0.3925,800.0,161.413333,Flat,Main_0_2399
1504,RegionE,368.82,287.68,0.2056,800.0,183.714333,Flat,Main_0_2399
1504,RegionF,388.23,302.82,0.243,800.0,201.248,Flat,Main_0_2399
1505,RegionA,1013.77,0.0,0.5904,722.35,224.284,Peak,Main_0_2399
1505,RegionB,971.53,0.0,0.5523,722.35,206.726,Peak,Main_0_2399
1505,RegionC,943.37,0.0,0.5237,722.35,200.733333,Peak,Main_0_2399
1505,RegionD,605.45,472.25,0.3999,722.35,114.450667,Peak,Main_0_2399
1505,RegionE,535.05,417.34,0.2095,722.35,169.537333,Peak,Main_0_2399
1505,RegionF,563.21,439.3,0.2476,722.35,166.256667,Peak,Main_0_2399
1506,RegionA,1014.27,0.0,0.603,650.0,233.524,Peak,Main_0_2399
1506,RegionB,972.01,0.0,0.5641,650.0,173.614667,Peak,Main_0_2399
1506,RegionC,943.84,0.0,0.5349,650.0,234.61,Peak,Main_0_2399
1506,RegionD,605.75,472.49,0.4085,650.0,144.256667,Peak,Main_0_2399
1506,RegionE,535.31,417.54,0.214,650.0,207.972,Peak,Main_0_2399
1506,RegionF,563.49,439.52,0.2529,650.0,155.22,Peak,Main_0_2399
1507,RegionA,1014.78,0.0,0.6165,587.87,202.314,Peak,Main_0_2399
1507,RegionB,972.5,0.0,0.5768,587.87,215.46,Peak,Main_0_2399
1507,RegionC,944.31,0.0,0.5469,587.87,218.552,Peak,Main_0_2399
1507,RegionD,606.05,472.72,0.4177,587.87,116.551667,Peak,Main_0_2399
1507,RegionE,535.58,417.75,0.2188,587.87,216.667667,Peak,Main_0_2399
1507,RegionF,563.77,439.74,0.2585,587.87,174.162,Peak,Main_0_2399
1508,RegionA,1015.29,0.0,0.6301,540.19,216.500333,Peak,Main_0_2399
1508,RegionB,972.99,0.0,0.5894,540.19,224.238,Peak,Main_0_2399
1508,RegionC,944.79,0.0,0.5589,540.19,246.195333,Peak,Main_0_2399
1508,RegionD,606.36,472.96,0.4268,540.19,71.172333,Peak,Main_0_2399
1508,RegionE,535.85,417.96,0.2236,540.19,216.422667,Peak,Main_0_2399
1508,RegionF,564.05,439.96,0.2642,540.19,155.152,Peak,Main_0_2399
1509,RegionA,1015.81,0.0,0.6427,510.22,249.391333,Peak,Main_0_2399
1509,RegionB,973.48,0.0,0.6013,510.22,247.872333,Peak,Main_0_2399
1509,RegionC,945.27,0.0,0.5702,510.22,229.318,Peak,Main_0_2399
1509,RegionD,606.66,473.19,0.4354,510.22,115.370667,Peak,Main_0_2399
1509,RegionE,536.12,418.17,0.2281,510.22,224.396,Peak,Main_0_2399
1509,RegionF,564.34,440.19,0.2695,510.22,254.356,Peak,Main_0_2399
1510,RegionA,630.82,0.0,0.6537,500.0,270.882667,Flat,Main_0_2399
1510,RegionB,604.54,0.0,0.6115,500.0,265.12,Flat,Main_0_2399
1510,RegionC,587.02,0.0,0.5799,500.0,263.284,Flat,Main_0_2399
1510,RegionD,376.74,293.86,0.4428,500.0,109.551333,Flat,Main_0_2399
1510,RegionE,332.93,259.69,0.232,500.0,268.003333,Flat,Main_0_2399
1510,RegionF,350.46,273.36,0.2741,500.0,248.072667,Flat,Main_0_2399
1511,RegionA,631.14,0.0,0.6623,510.22,273.140667,Flat,Main_0_2399
1511,RegionB,604.85,0.0,0.6195,510.22,279.319667,Flat,Main_0_2399
1511,RegionC,587.31,0.0,0.5875,510.22,302.144667,Flat,Main_0_2399
1511,RegionD,376.93,294.01,0.4486,510.22,118.796,Flat,Main_0_2399
1511,RegionE,333.1,259.82,0.235,510.22,238.629,Flat,Main_0_2399
1511,RegionF,350.64,273.5,0.2777,510.22,257.878,Flat,Main_0_2399
1512,RegionA,456.06,0.0,0.6679,540.19,304.754,Valley,Main_0_2399
1512,RegionB,437.06,0.0,0.6248,540.19,328.848,Valley,Main_0_2399
1512,RegionC,424.39,0.0,0.5925,540.19,350.008333,Valley,Main_0_2399
1512,RegionD,272.37,212.45,0.4525,540.19,210.652667,Valley,Main_0_2399
1512,RegionE,240.7,187.75,0.237,540.19,269.528,Valley,Main_0_2399
1512,RegionF,253.37,197.63,0.2801,540.19,266.630667,Valley,Main_0_2399
1513,RegionA,456.29,0.0,0.6703,587.87,350.988667,Valley,Main_0_2399
1513,RegionB,437.28,0.0,0.6271,587.87,328.126,Valley,Main_0_2399
1513,RegionC,424.61,0.0,0.5946,587.87,383.97,Valley,Main_0_2399
1513,RegionD,272.51,212.56,0.4541,587.87,289.702,Valley,Main_0_2399
1513,RegionE,240.82,187.84,0.2378,587.87,313.764333,Valley,Main_0_2399
1513,RegionF,253.5,197.73,0.2811,587.87,292.207333,Valley,Main_0_2399
1514,RegionA,456.53,0.0,0.6693,650.0,381.876,Valley,Main_0_2399
1514,RegionB,437.5,0.0,0.6261,650.0,369.208333,Valley,Main_0_2399
1514,RegionC,424.82,0.0,0.5937,650.0,381.66,Valley,Main_0_2399
1514,RegionD,272.65,212.67,0.4534,650.0,300.654667,Valley,Main_0_2399
1514,RegionE,240.94,187.93,0.2375,650.0,356.418,Valley,Main_0_2399
1514,RegionF,253.63,197.83,0.2807,650.0,345.026667,Valley,Main_0_2399
1515,RegionA,456.76,0.0,0.665,722.35,381.614667,Valley,Main_0_2399
1515,RegionB,437.73,0.0,0.6221,722.35,368.311667,Valley,Main_0_2399
1515,RegionC,425.04,0.0,0.59,722.35,382.57,Valley,Main_0_2399
1515,RegionD,272.79,212.78,0.4505,722.35,304.690333,Valley,Main_0_2399
1515,RegionE,241.07,188.03,0.236,722.35,364.906667,Valley,Main_0_2399
1515,RegionF,253.75,197.93,0.2789,722.35,339.766667,Valley,Main_0_2399
1516,RegionA,456.99,0.0,0.6578,800.0,379.881,Valley,Main_0_2399
1516,RegionB,437.95,0.0,0.6154,800.0,374.122667,Valley,Main_0_2399
1516,RegionC,425.25,0.0,0.5836,800.0,383.221333,Valley,Main_0_2399
1516,RegionD,272.92,212.88,0.4456,800.0,362.487333,Valley,Main_0_2399
1516,RegionE,241.19,188.13,0.2334,800.0,377.765667,Valley,Main_0_2399
1516,RegionF,253.88,198.03,0.2759,800.0,364.586667,Valley,Main_0_2399
1517,RegionA,457.22,0.0,0.6483,877.65,377.453333,Valley,Main_0_2399
1517,RegionB,438.17,0.0,0.6064,877.65,373.64,Valley,Main_0_2399
1517,RegionC,425.47,0.0,0.5751,877.65,366.824667,Valley,Main_0_2399
1517,RegionD,273.06,212.99,0.4391,877.65,427.769,Valley,Main_0_2399
1517,RegionE,241.31,188.22,0.23,877.65,392.615333,Valley,Main_0_2399
1517,RegionF,254.01,198.13,0.2719,877.65,390.349333,Valley,Main_0_2399
1518,RegionA,457.45,0.0,0.637,950.0,380.308667,Valley,Main_0_2399
1518,RegionB,438.39,0.0,0.5959,950.0,365.153333,Valley,Main_0_2399
1518,RegionC,425.68,0.0,0.5651,950.0,355.726667,Valley,Main_0_2399
1518,RegionD,273.2,213.1,0.4315,950.0,399.850667,Valley,Main_0_2399
1518,RegionE,241.43,188.32,0.226,950.0,429.94,Valley,Main_0_2399
1518,RegionF,254.14,198.23,0.2671,950.0,417.393333,Valley,Main_0_2399
1519,RegionA,704.11,0.0,0.6248,1012.13,377.074667,Flat,Main_0_2399
1519,RegionB,674.77,0.0,0.5845,1012.13,372.785333,Flat,Main_0_2399
1519,RegionC,655.22,0.0,0.5543,1012.13,364.012333,Flat,Main_0_2399
1519,RegionD,420.51,328.0,0.4233,1012.13,402.535,Flat,Main_0_2399
1519,RegionE,371.61,289.86,0.2217,1012.13,429.010667,Flat,Main_0_2399
1519,RegionF,391.17,305.11,0.262,1012.13,367.856667,Flat,Main_0_2399
1520,RegionA,704.46,0.0,0.6126,1059.81,393.808,Flat,Main_0_2399
1520,RegionB,675.1,0.0,0.5731,1059.81,374.284,Flat,Main_0_2399
1520,RegionC,655.54,0.0,0.5435,1059.81,343.384667,Flat,Main_0_2399
1520,RegionD,420.72,328.16,0.415,1059.81,373.7,Flat,Main_0_2399
1520,RegionE,371.8,290.0,0.2174,1059.81,394.601333,Flat,Main_0_2399
1520,RegionF,391.36,305.26,0.2569,1059.81,376.621333,Flat,Main_0_2399
1521,RegionA,704.8,0.0,0.6013,1089.78,393.800667,Flat,Main_0_2399
1521,RegionB,675.43,0.0,0.5625,1089.78,385.533333,Flat,Main_0_2399
1521,RegionC,655.85,0.0,0.5334,1089.78,348.662667,Flat,Main_0_2399
1521,RegionD,420.92,328.32,0.4074,1089.78,374.524,Flat,Main_0_2399
1521,RegionE,371.98,290.14,0.2134,1089.78,402.711667,Flat,Main_0_2399
1521,RegionF,391.55,305.41,0.2522,1089.78,344.236667,Flat,Main_0_2399
1522,RegionA,705.13,0.0,0.5917,1100.0,383.204,Flat,Main_0_2399
1522,RegionB,675.75,0.0,0.5535,1100.0,386.002,Flat,Main_0_2399
1522,RegionC,656.16,0.0,0.5249,1100.0,378.909667,Flat,Main_0_2399
1522,RegionD,421.12,328.47,0.4008,1100.0,318.323,Flat,Main_0_2399
1522,RegionE,372.15,290.28,0.21,1100.0,343.213333,Flat,Main_0_2399
1522,RegionF,391.74,305.56,0.2481,1100.0,288.343333,Flat,Main_0_2399
1523,RegionA,705.46,0.0,0.5845,1089.78,373.201333,Flat,Main_0_2399
1523,RegionB,676.07,0.0,0.5468,1089.78,380.51,Flat,Main_0_2399
1523,RegionC,656.47,0.0,0.5185,1089.78,362.363333,Flat,Main_0_2399
1523,RegionD,421.32,328.63,0.3959,1089.78,286.384667,Flat,Main_0_2399
1523,RegionE,372.33,290.42,0.2074,1089.78,319.543333,Flat,Main_0_2399
1523,RegionF,391.92,305.7,0.2451,1089.78,296.993333,Flat,Main_0_2399
1524,RegionA,705.78,0.0,0.5802,1059.81,360.324333,Flat,Main_0_2399
1524,RegionB,676.38,0.0,0.5427,1059.81,339.428667,Flat,Main_0_2399
1524,RegionC,656.77,0.0,0.5147,1059.81,327.197333,Flat,Main_0_2399
1524,RegionD,421.51,328.78,0.393,1059.81,289.644,Flat,Main_0_2399
1524,RegionE,372.5,290.55,0.2059,1059.81,292.503667,Flat,Main_0_2399
1524,RegionF,392.1,305.84,0.2433,1059.81,267.062,Flat,Main_0_2399
1525,RegionA,706.1,0.0,0.5791,1012.13,331.635667,Flat,Main_0_2399
1525,RegionB,676.68,0.0,0.5417,1012.13,330.653,Flat,Main_0_2399
1525,RegionC,657.07,0.0,0.5137,1012.13,320.499333,Flat,Main_0_2399
1525,RegionD,421.7,328.93,0.3923,1012.13,257.952667,Flat,Main_0_2399
1525,RegionE,372.66,290.67,0.2055,1012.13,326.129333,Flat,Main_0_2399
1525,RegionF,392.28,305.98,0.2428,1012.13,268.414667,Flat,Main_0_2399
1526,RegionA,706.41,0.0,0.5814,950.0,296.068,Flat,Main_0_2399
1526,RegionB,676.98,0.0,0.5439,950.0,297.111,Flat,Main_0_2399
1526,RegionC,657.35,0.0,0.5157,950.0,301.863,Flat,Main_0_2399
1526,RegionD,421.88,329.07,0.3938,950.0,214.135667,Flat,Main_0_2399
1526,RegionE,372.83,290.81,0.2063,950.0,303.29,Flat,Main_0_2399
1526,RegionF,392.45,306.11,0.2438,950.0,248.534,Flat,Main_0_2399
1527,RegionA,706.71,0.0,0.5869,877.65,271.996333,Flat,Main_0_2399
1527,RegionB,677.27,0.0,0.5491,877.65,259.700667,Flat,Main_0_2399
1527,RegionC,657.64,0.0,0.5207,877.65,253.298,Flat,Main_0_2399
1527,RegionD,422.06,329.21,0.3976,877.65,184.132,Flat,Main_0_2399
1527,RegionE,372.99,290.93,0.2083,877.65,268.355333,Flat,Main_0_2399
1527,RegionF,392.62,306.24,0.2461,877.65,240.745333,Flat,Main_0_2399
1528,RegionA,707.01,0.0,0.5954,800.0,244.802,Flat,Main_0_2399
1528,RegionB,677.55,0.0,0.557,800.0,255.090333,Flat,Main_0_2399
1528,RegionC,657.91,0.0,0.5282,800.0,216.078333,Flat,Main_0_2399
1528,RegionD,422.24,329.35,0.4033,800.0,100.636,Flat,Main_0_2399
1528,RegionE,373.14,291.05,0.2113,800.0,216.957333,Flat,Main_0_2399
1528,RegionF,392.78,306.37,0.2497,800.0,175.315333,Flat,Main_0_2399
1529,RegionA,1025.58,0.0,0.6062,722.35,213.57,Peak,Main_0_2399
1529,RegionB,982.84,0.0,0.5671,722.35,204.970667,Peak,Main_0_2399
1529,RegionC,954.36,0.0,0.5378,722.35,199.467,Peak,Main_0_2399
1529,RegionD,612.5,477.75,0.4107,722.35,88.732333,Peak,Main_0_2399
1529,RegionE,541.28,422.2,0.2151,722.35,207.46,Peak,Main_0_2399
1529,RegionF,569.76,444.41,0.2542,722.35,177.362,Peak,Main_0_2399
1530,RegionA,1025.98,0.0,0.6188,650.0,224.901,Peak,Main_0_2399
1530,RegionB,983.23,0.0,0.5788,650.0,221.076667,Peak,Main_0_2399
1530,RegionC,954.73,0.0,0.5489,650.0,167.902,Peak,Main_0_2399
1530,RegionD,612.74,477.94,0.4192,650.0,93.860667,Peak,Main_0_2399
1530,RegionE,541.49,422.36,0.2196,650.0,181.618333,Peak,Main_0_2399
1530,RegionF,569.99,444.59,0.2595,650.0,170.47,Peak,Main_0_2399
1531,RegionA,1026.37,0.0,0.6321,587.87,204.010667,Peak,Main_0_2399
1531,RegionB,983.6,0.0,0.5913,587.87,220.511,Peak,Main_0_2399
1531,RegionC,955.09,0.0,0.5608,587.87,193.400667,Peak,Main_0_2399
1531,RegionD,612.97,478.12,0.4282,587.87,75.955333,Peak,Main_0_2399
1531,RegionE,541.69,422.52,0.2243,587.87,166.778,Peak,Main_0_2399
1531,RegionF,570.2,444.76,0.2651,587.87,186.129333,Peak,Main_0_2399
1532,RegionA,1026.74,0.0,0.6455,540.19,234.543,Peak,Main_0_2399
1532,RegionB,983.96,0.0,0.6038,540.19,265.143333,Peak,Main_0_2399
1532,RegionC,955.44,0.0,0.5726,540.19,212.054333,Peak,Main_0_2399
1532,RegionD,613.19,478.29,0.4373,540.19,111.812667,Peak,Main_0_2399
1532,RegionE,541.89,422.67,0.229,540.19,100.603333,Peak,Main_0_2399
1532,RegionF,570.41,444.92,0.2707,540.19,199.134667,Peak,Main_0_2399
1533,RegionA,1027.1,0.0,0.658,510.22,239.576667,Peak,Main_0_2399
1533,RegionB,984.31,0.0,0.6155,510.22,245.523,Peak,Main_0_2399
1533,RegionC,955.78,0.0,0.5837,510.22,256.79,Peak,Main_0_2399
1533,RegionD,613.41,478.46,0.4457,510.22,122.059,Peak,Main_0_2399
1533,RegionE,542.08,422.82,0.2335,510.22,160.74,Peak,Main_0_2399
1533,RegionF,570.61,445.08,0.2759,510.22,238.015,Peak,Main_0_2399
1534,RegionA,637.73,0.0,0.6687,500.0,278.875333,Flat,Main_0_2399
1534,RegionB,611.15,0.0,0.6256,500.0,299.924,Flat,Main_0_2399
1534,RegionC,593.44,0.0,0.5932,500.0,282.455,Flat,Main_0_2399
1534,RegionD,380.86,297.07,0.453,500.0,208.445,Flat,Main_0_2399
1534,RegionE,336.58,262.53,0.2373,500.0,197.918667,Flat,Main_0_2399
1534,RegionF,354.29,276.35,0.2804,500.0,240.932,Flat,Main_0_2399
1535,RegionA,637.93,0.0,0.6771,510.22,304.004667,Flat,Main_0_2399
1535,RegionB,611.35,0.0,0.6334,510.22,302.141333,Flat,Main_0_2399
1535,RegionC,593.63,0.0,0.6006,510.22,300.793667,Flat,Main_0_2399
1535,RegionD,380.99,297.17,0.4586,510.22,227.682667,Flat,Main_0_2399
1535,RegionE,336.69,262.62,0.2402,510.22,231.102,Flat,Main_0_2399
1535,RegionF,354.41,276.44,0.2839,510.22,308.527,Flat,Main_0_2399
1536,RegionA,460.87,0.0,0.6825,540.19,385.412,Valley,Main_0_2399
1536,RegionB,441.66,0.0,0.6384,540.19,304.164667,Valley,Main_0_2399
1536,RegionC,428.86,0.0,0.6054,540.19,323.947333,Valley,Main_0_2399
1536,RegionD,275.24,214.69,0.4623,540.19,286.925333,Valley,Main_0_2399
1536,RegionE,243.24,189.73,0.2422,540.19,275.640667,Valley,Main_0_2399
1536,RegionF,256.04,199.71,0.2862,540.19,264.526667,Valley,Main_0_2399
1537,RegionA,461.0,0.0,0.6846,587.87,342.199333,Valley,Main_0_2399
1537,RegionB,441.79,0.0,0.6404,587.87,371.636,Valley,Main_0_2399
1537,RegionC,428.99,0.0,0.6073,587.87,340.395667,Valley,Main_0_2399
1537,RegionD,275.32,214.75,0.4637,587.87,276.696667,Valley,Main_0_2399
1537,RegionE,243.31,189.78,0.2429,587.87,263.769333,Valley,Main_0_2399
1537,RegionF,256.11,199.77,0.2871,587.87,315.651,Valley,Main_0_2399
1538,RegionA,461.12,0.0,0.6833,650.0,381.831333,Valley,Main_0_2399
1538,RegionB,441.91,0.0,0.6392,650.0,375.878667,Valley,Main_0_2399
1538,RegionC,429.1,0.0,0.6061,650.0,366.789333,Valley,Main_0_2399
1538,RegionD,275.39,214.8,0.4629,650.0,349.327667,Valley,Main_0_2399
1538,RegionE,243.37,189.83,0.2425,650.0,333.920667,Valley,Main_0_2399
1538,RegionF,256.18,199.82,0.2865,650.0,337.321333,Valley,Main_0_2399
1539,RegionA,461.24,0.0,0.6787,722.35,380.495,Valley,Main_0_2399
1539,RegionB,442.02,0.0,0.6349,722.35,377.211667,Valley,Main_0_2399
1539,RegionC,429.21,0.0,0.6021,722.35,363.157333,Valley,Main_0_2399
1539,RegionD,275.46,214.86,0.4598,722.35,349.32,Valley,Main_0_2399
1539,RegionE,243.43,189.88,0.2408,722.35,397.092,Valley,Main_0_2399
1539,RegionF,256.25,199.88,0.2846,722.35,371.939333,Valley,Main_0_2399
1540,RegionA,461.35,0.0,0.6712,800.0,381.225667,Valley,Main_0_2399
1540,RegionB,442.13,0.0,0.6279,800.0,364.458667,Valley,Main_0_2399
1540,RegionC,429.31,0.0,0.5954,800.0,362.780667,Valley,Main_0_2399
1540,RegionD,275.53,214.91,0.4547,800.0,346.104667,Valley,Main_0_2399
1540,RegionE,243.49,189.92,0.2382,800.0,376.135333,Valley,Main_0_2399
1540,RegionF,256.31,199.92,0.2815,800.0,389.453333,Valley,Main_0_2399
1541,RegionA,461.45,0.0,0.6612,877.65,361.672,Valley,Main_0_2399
1541,RegionB,442.22,0.0,0.6186,877.65,353.161333,Valley,Main_0_2399
1541,RegionC,429.4,0.0,0.5866,877.65,366.42,Valley,Main_0_2399
1541,RegionD,275.59,214.96,0.4479,877.65,329.028667,Valley,Main_0_2399
1541,RegionE,243.54,189.96,0.2346,877.65,376.524,Valley,Main_0_2399
1541,RegionF,256.36,199.96,0.2773,877.65,381.488667,Valley,Main_0_2399
1542,RegionA,461.54,0.0,0.6496,950.0,370.858,Valley,Main_0_2399
1542,RegionB,442.31,0.0,0.6077,950.0,336.067333,Valley,Main_0_2399
1542,RegionC,429.49,0.0,0.5763,950.0,382.576,Valley,Main_0_2399
1542,RegionD,275.64,215.0,0.44,950.0,362.120667,Valley,Main_0_2399
1542,RegionE,243.59,190.0,0.2305,950.0,389.266667,Valley,Main_0_2399
1542,RegionF,256.41,200.0,0.2724,950.0,399.562,Valley,Main_0_2399
1543,RegionA,710.19,0.0,0.637,1012.13,369.746667,Flat,Main_0_2399
1543,RegionB,680.6,0.0,0.5959,1012.13,343.297333,Flat,Main_0_2399
1543,RegionC,660.87,0.0,0.5651,1012.13,374.754333,Flat,Main_0_2399
1543,RegionD,424.14,330.83,0.4315,1012.13,318.185333,Flat,Main_0_2399
1543,RegionE,374.82,292.36,0.226,1012.13,410.720667,Flat,Main_0_2399
1543,RegionF,394.55,307.75,0.2671,1012.13,403.881333,Flat,Main_0_2399
1544,RegionA,710.3,0.0,0.6245,1059.81,368.656667,Flat,Main_0_2399
1544,RegionB,680.71,0.0,0.5842,1059.81,337.972,Flat,Main_0_2399
1544,RegionC,660.98,0.0,0.554,1059.81,378.293,Flat,Main_0_2399
1544,RegionD,424.21,330.88,0.423,1059.81,299.995333,Flat,Main_0_2399
1544,RegionE,374.88,292.41,0.2216,1059.81,381.218333,Flat,Main_0_2399
1544,RegionF,394.61,307.8,0.2619,1059.81,386.558667,Flat,Main_0_2399
1545,RegionA,710.4,0.0,0.6128,1089.78,384.281,Flat,Main_0_2399
1545,RegionB,680.8,0.0,0.5732,1089.78,337.944667,Flat,Main_0_2399
1545,RegionC,661.07,0.0,0.5436,1089.78,384.706667,Flat,Main_0_2399
1545,RegionD,424.27,330.93,0.4151,1089.78,332.574,Flat,Main_0_2399
1545,RegionE,374.94,292.45,0.2174,1089.78,400.606667,Flat,Main_0_2399
1545,RegionF,394.67,307.84,0.257,1089.78,371.186,Flat,Main_0_2399
1546,RegionA,710.49,0.0,0.6027,1100.0,384.366,Flat,Main_0_2399
1546,RegionB,680.89,0.0,0.5638,1100.0,343.052333,Flat,Main_0_2399
1546,RegionC,661.15,0.0,0.5347,1100.0,384.626667,Flat,Main_0_2399
1546,RegionD,424.32,330.97,0.4083,1100.0,279.612,Flat,Main_0_2399
1546,RegionE,374.98,292.48,0.2139,1100.0,327.006,Flat,Main_0_2399
1546,RegionF,394.72,307.88,0.2527,1100.0,322.293333,Flat,Main_0_2399
1547,RegionA,710.56,0.0,0.595,1089.78,377.449,Flat,Main_0_2399
1547,RegionB,680.95,0.0,0.5566,1089.78,347.350333,Flat,Main_0_2399
1547,RegionC,661.22,0.0,0.5278,1089.78,338.122667,Flat,Main_0_2399
1547,RegionD,424.36,331.0,0.4031,1089.78,234.564667,Flat,Main_0_2399
1547,RegionE,375.02,292.52,0.2111,1089.78,336.238,Flat,Main_0_2399
1547,RegionF,394.76,307.91,0.2495,1089.78,282.099333,Flat,Main_0_2399
1548,RegionA,710.62,0.0,0.5902,1059.81,322.780333,Flat,Main_0_2399
1548,RegionB,681.01,0.0,0.5521,1059.81,354.814,Flat,Main_0_2399
1548,RegionC,661.27,0.0,0.5236,1059.81,349.615667,Flat,Main_0_2399
1548,RegionD,424.4,331.03,0.3998,1059.81,215.81,Flat,Main_0_2399
1548,RegionE,375.05,292.54,0.2094,1059.81,296.007333,Flat,Main_0_2399
1548,RegionF,394.79,307.94,0.2475,1059.81,268.448667,Flat,Main_0_2399
1549,RegionA,710.66,0.0,0.5887,1012.13,305.638667,Flat,Main_0_2399
1549,RegionB,681.05,0.0,0.5507,1012.13,336.444667,Flat,Main_0_2399
1549,RegionC,661.31,0.0,0.5222,1012.13,311.925333,Flat,Main_0_2399
1549,RegionD,424.42,331.05,0.3988,1012.13,190.865333,Flat,Main_0_2399
1549,RegionE,375.07,292.55,0.2089,1012.13,320.464,Flat,Main_0_2399
1549,RegionF,394.81,307.95,0.2469,1012.13,262.181333,Flat,Main_0_2399
1550,RegionA,710.69,0.0,0.5905,950.0,291.410667,Flat,Main_0_2399
1550,RegionB,681.07,0.0,0.5524,950.0,306.586,Flat,Main_0_2399
1550,RegionC,661.33,0.0,0.5238,950.0,303.973,Flat,Main_0_2399
1550,RegionD,424.44,331.06,0.4,950.0,176.663333,Flat,Main_0_2399
1550,RegionE,375.08,292.56,0.2095,950.0,270.445667,Flat,Main_0_2399
1550,RegionF,394.83,307.97,0.2476,950.0,217.684333,Flat,Main_0_2399
1551,RegionA,710.7,0.0,0.5955,877.65,256.332667,Flat,Main_0_2399
1551,RegionB,681.09,0.0,0.5571,877.65,285.896333,Flat,Main_0_2399
1551,RegionC,661.35,0.0,0.5283,877.65,274.871,Flat,Main_0_2399
1551,RegionD,424.45,331.07,0.4034,877.65,170.889333,Flat,Main_0_2399
1551,RegionE,375.09,292.57,0.2113,877.65,249.228667,Flat,Main_0_2399
1551,RegionF,394.83,307.97,0.2497,877.65,194.562667,Flat,Main_0_2399
1552,RegionA,710.7,0.0,0.6035,800.0,240.538667,Flat,Main_0_2399
1552,RegionB,681.08,0.0,0.5645,800.0,250.990667,Flat,Main_0_2399
1552,RegionC,661.34,0.0,0.5353,800.0,242.88,Flat,Main_0_2399
1552,RegionD,424.44,331.06,0.4088,800.0,175.656667,Flat,Main_0_2399
1552,RegionE,375.09,292.57,0.2141,800.0,204.549333,Flat,Main_0_2399
1552,RegionF,394.83,307.97,0.2531,800.0,189.292333,Flat,Main_0_2399
1553,RegionA,1030.49,0.0,0.6138,722.35,197.754,Peak,Main_0_2399
1553,RegionB,987.55,0.0,0.5742,722.35,226.860667,Peak,Main_0_2399
1553,RegionC,958.92,0.0,0.5445,722.35,206.055333,Peak,Main_0_2399
1553,RegionD,615.43,480.04,0.4158,722.35,168.802,Peak,Main_0_2399
1553,RegionE,543.87,424.22,0.2178,722.35,165.8,Peak,Main_0_2399
1553,RegionF,572.49,446.54,0.2574,722.35,155.130667,Peak,Main_0_2399
1554,RegionA,1030.44,0.0,0.6258,650.0,191.015333,Peak,Main_0_2399
1554,RegionB,987.5,0.0,0.5854,650.0,211.051333,Peak,Main_0_2399
1554,RegionC,958.88,0.0,0.5551,650.0,231.036667,Peak,Main_0_2399
1554,RegionD,615.4,480.01,0.4239,650.0,167.374,Peak,Main_0_2399
1554,RegionE,543.84,424.2,0.222,650.0,162.066,Peak,Main_0_2399
1554,RegionF,572.47,446.53,0.2624,650.0,147.05,Peak,Main_0_2399
1555,RegionA,1030.37,0.0,0.6386,587.87,212.174,Peak,Main_0_2399
1555,RegionB,987.44,0.0,0.5974,587.87,235.297,Peak,Main_0_2399
1555,RegionC,958.82,0.0,0.5665,587.87,230.594333,Peak,Main_0_2399
1555,RegionD,615.36,479.98,0.4326,587.87,157.965,Peak,Main_0_2399
1555,RegionE,543.81,424.17,0.2266,587.87,144.878,Peak,Main_0_2399
1555,RegionF,572.43,446.5,0.2678,587.87,136.841667,Peak,Main_0_2399
1556,RegionA,1030.28,0.0,0.6514,540.19,244.439333,Peak,Main_0_2399
1556,RegionB,987.35,0.0,0.6094,540.19,237.183333,Peak,Main_0_2399
1556,RegionC,958.73,0.0,0.5778,540.19,252.702667,Peak,Main_0_2399
1556,RegionD,615.31,479.94,0.4413,540.19,118.290667,Peak,Main_0_2399
1556,RegionE,543.76,424.13,0.2311,540.19,207.336667,Peak,Main_0_2399
1556,RegionF,572.38,446.46,0.2732,540.19,143.539,Peak,Main_0_2399
1557,RegionA,1030.17,0.0,0.6633,510.22,277.293333,Peak,Main_0_2399
1557,RegionB,987.25,0.0,0.6205,510.22,224.849333,Peak,Main_0_2399
1557,RegionC,958.63,0.0,0.5884,510.22,255.656667,Peak,Main_0_2399
1557,RegionD,615.24,479.89,0.4493,510.22,108.963,Peak,Main_0_2399
1557,RegionE,543.7,424.09,0.2354,510.22,177.268,Peak,Main_0_2399
1557,RegionF,572.32,446.41,0.2782,510.22,212.969667,Peak,Main_0_2399
1558,RegionA,639.33,0.0,0.6735,500.0,257.483,Flat,Main_0_2399
1558,RegionB,612.69,0.0,0.63,500.0,228.072667,Flat,Main_0_2399
1558,RegionC,594.93,0.0,0.5974,500.0,295.012,Flat,Main_0_2399
1558,RegionD,381.82,297.82,0.4562,500.0,175.296,Flat,Main_0_2399
1558,RegionE,337.43,263.2,0.239,500.0,191.55,Flat,Main_0_2399
1558,RegionF,355.18,277.04,0.2824,500.0,197.525667,Flat,Main_0_2399
1559,RegionA,639.24,0.0,0.6812,510.22,316.258,Flat,Main_0_2399
1559,RegionB,612.6,0.0,0.6373,510.22,289.14,Flat,Main_0_2399
1559,RegionC,594.85,0.0,0.6043,510.22,282.537333,Flat,Main_0_2399
1559,RegionD,381.77,297.78,0.4615,510.22,236.627667,Flat,Main_0_2399
1559,RegionE,337.38,263.16,0.2417,510.22,230.953333,Flat,Main_0_2399
1559,RegionF,355.13,277.0,0.2857,510.22,208.11,Flat,Main_0_2399
1560,RegionA,461.59,0.0,0.686,540.19,320.617333,Valley,Main_0_2399
1560,RegionB,442.36,0.0,0.6418,540.19,314.833333,Valley,Main_0_2399
1560,RegionC,429.54,0.0,0.6086,540.19,304.040667,Valley,Main_0_2399
1560,RegionD,275.67,215.02,0.4647,540.19,254.208,Valley,Main_0_2399
1560,RegionE,243.62,190.02,0.2434,540.19,244.514667,Valley,Main_0_2399
1560,RegionF,256.44,200.02,0.2877,540.19,233.85,Valley,Main_0_2399
1561,RegionA,461.5,0.0,0.6876,587.87,369.144667,Valley,Main_0_2399
1561,RegionB,442.27,0.0,0.6432,587.87,348.594,Valley,Main_0_2399
1561,RegionC,429.46,0.0,0.6099,587.87,296.201333,Valley,Main_0_2399
1561,RegionD,275.62,214.98,0.4658,587.87,230.774333,Valley,Main_0_2399
1561,RegionE,243.57,189.98,0.244,587.87,271.682667,Valley,Main_0_2399
1561,RegionF,256.39,199.98,0.2883,587.87,318.789333,Valley,Main_0_2399
1562,RegionA,461.41,0.0,0.6857,650.0,394.668,Valley,Main_0_2399
1562,RegionB,442.18,0.0,0.6414,650.0,358.304,Valley,Main_0_2399
1562,RegionC,429.36,0.0,0.6083,650.0,339.789333,Valley,Main_0_2399
1562,RegionD,275.56,214.94,0.4645,650.0,256.302667,Valley,Main_0_2399
1562,RegionE,243.52,189.95,0.2433,650.0,312.333333,Valley,Main_0_2399
1562,RegionF,256.34,199.95,0.2875,650.0,319.823333,Valley,Main_0_2399
1563,RegionA,461.3,0.0,0.6805,722.35,396.871667,Valley,Main_0_2399
1563,RegionB,442.08,0.0,0.6366,722.35,343.131,Valley,Main_0_2399
1563,RegionC,429.26,0.0,0.6037,722.35,340.295333,Valley,Main_0_2399
1563,RegionD,275.5,214.89,0.461,722.35,325.784667,Valley,Main_0_2399
1563,RegionE,243.46,189.9,0.2415,722.35,342.891333,Valley,Main_0_2399
1563,RegionF,256.28,199.9,0.2854,722.35,353.958667,Valley,Main_0_2399
1564,RegionA,461.18,0.0,0.6724,800.0,391.704,Valley,Main_0_2399
1564,RegionB,441.97,0.0,0.629,800.0,356.933667,Valley,Main_0_2399
1564,RegionC,429.16,0.0,0.5965,800.0,345.558667,Valley,Main_0_2399
1564,RegionD,275.43,214.84,0.4555,800.0,337.729333,Valley,Main_0_2399
1564,RegionE,243.4,189.85,0.2386,800.0,364.173333,Valley,Main_0_2399
1564,RegionF,256.21,199.84,0.282,800.0,409.993333,Valley,Main_0_2399
1565,RegionA,461.06,0.0,0.6618,877.65,384.063667,Valley,Main_0_2399
1565,RegionB,441.85,0.0,0.6191,877.65,346.537333,Valley,Main_0_2399
1565,RegionC,429.04,0.0,0.5871,877.65,353.562667,Valley,Main_0_2399
1565,RegionD,275.35,214.77,0.4483,877.65,438.424,Valley,Main_0_2399
1565,RegionE,243.34,189.81,0.2348,877.65,337.016667,Valley,Main_0_2399
1565,RegionF,256.14,199.79,0.2775,877.65,445.986,Valley,Main_0_2399
1566,RegionA,460.92,0.0,0.6496,950.0,373.833333,Valley,Main_0_2399
1566,RegionB,441.72,0.0,0.6077,950.0,341.265,Valley,Main_0_2399
1566,RegionC,428.91,0.0,0.5763,950.0,375.714667,Valley,Main_0_2399
1566,RegionD,275.27,214.71,0.44,950.0,429.95,Valley,Main_0_2399
1566,RegionE,243.27,189.75,0.2305,950.0,378.728667,Valley,Main_0_2399
1566,RegionF,256.07,199.73,0.2724,950.0,440.319333,Valley,Main_0_2399
1567,RegionA,708.89,0.0,0.6364,1012.13,366.34,Flat,Main_0_2399
1567,RegionB,679.36,0.0,0.5954,1012.13,348.042667,Flat,Main_0_2399
1567,RegionC,659.66,0.0,0.5646,1012.13,382.542667,Flat,Main_0_2399
1567,RegionD,423.37,330.23,0.4311,1012.13,441.458333,Flat,Main_0_2399
1567,RegionE,374.14,291.83,0.2258,1012.13,391.656,Flat,Main_0_2399
1567,RegionF,393.83,307.19,0.2669,1012.13,415.397667,Flat,Main_0_2399
1568,RegionA,708.66,0.0,0.6233,1059.81,347.396667,Flat,Main_0_2399
1568,RegionB,679.13,0.0,0.5831,1059.81,364.184333,Flat,Main_0_2399
1568,RegionC,659.45,0.0,0.5529,1059.81,377.82,Flat,Main_0_2399
1568,RegionD,423.23,330.12,0.4222,1059.81,385.93,Flat,Main_0_2399
1568,RegionE,374.02,291.74,0.2212,1059.81,392.807333,Flat,Main_0_2399
1568,RegionF,393.7,307.09,0.2614,1059.81,399.133333,Flat,Main_0_2399
1569,RegionA,708.41,0.0,0.6109,1089.78,351.51,Flat,Main_0_2399
1569,RegionB,678.9,0.0,0.5715,1089.78,373.268667,Flat,Main_0_2399
1569,RegionC,659.22,0.0,0.542,1089.78,375.447333,Flat,Main_0_2399
1569,RegionD,423.08,330.0,0.4139,1089.78,379.814,Flat,Main_0_2399
1569,RegionE,373.89,291.63,0.2168,1089.78,377.204,Flat,Main_0_2399
1569,RegionF,393.56,306.98,0.2562,1089.78,386.883333,Flat,Main_0_2399
1570,RegionA,708.16,0.0,0.6003,1100.0,360.641333,Flat,Main_0_2399
1570,RegionB,678.65,0.0,0.5616,1100.0,388.0,Flat,Main_0_2399
1570,RegionC,658.98,0.0,0.5325,1100.0,351.9,Flat,Main_0_2399
1570,RegionD,422.93,329.89,0.4067,1100.0,333.723333,Flat,Main_0_2399
1570,RegionE,373.75,291.53,0.213,1100.0,383.175333,Flat,Main_0_2399
1570,RegionF,393.42,306.87,0.2517,1100.0,332.386667,Flat,Main_0_2399
1571,RegionA,707.88,0.0,0.592,1089.78,338.052,Flat,Main_0_2399
1571,RegionB,678.39,0.0,0.5538,1089.78,385.194667,Flat,Main_0_2399
1571,RegionC,658.73,0.0,0.5252,1089.78,345.863,Flat,Main_0_2399
1571,RegionD,422.76,329.75,0.401,1089.78,323.511,Flat,Main_0_2399
1571,RegionE,373.61,291.42,0.2101,1089.78,350.356667,Flat,Main_0_2399
1571,RegionF,393.27,306.75,0.2483,1089.78,300.112,Flat,Main_0_2399
1572,RegionA,707.6,0.0,0.5866,1059.81,329.043333,Flat,Main_0_2399
1572,RegionB,678.12,0.0,0.5488,1059.81,328.962,Flat,Main_0_2399
1572,RegionC,658.46,0.0,0.5204,1059.81,297.104333,Flat,Main_0_2399
1572,RegionD,422.6,329.63,0.3974,1059.81,287.466,Flat,Main_0_2399
1572,RegionE,373.46,291.3,0.2082,1059.81,293.87,Flat,Main_0_2399
1572,RegionF,393.11,306.63,0.246,1059.81,298.642667,Flat,Main_0_2399
1573,RegionA,707.31,0.0,0.5845,1012.13,304.033333,Flat,Main_0_2399
1573,RegionB,677.84,0.0,0.5468,1012.13,318.429667,Flat,Main_0_2399
1573,RegionC,658.19,0.0,0.5185,1012.13,307.33,Flat,Main_0_2399
1573,RegionD,422.42,329.49,0.396,1012.13,243.608667,Flat,Main_0_2399
1573,RegionE,373.3,291.17,0.2074,1012.13,289.905333,Flat,Main_0_2399
1573,RegionF,392.95,306.5,0.2451,1012.13,298.711333,Flat,Main_0_2399
1574,RegionA,707.0,0.0,0.5857,950.0,306.956667,Flat,Main_0_2399
1574,RegionB,677.54,0.0,0.5479,950.0,293.217333,Flat,Main_0_2399
1574,RegionC,657.9,0.0,0.5196,950.0,249.306667,Flat,Main_0_2399
1574,RegionD,422.24,329.35,0.3968,950.0,167.525,Flat,Main_0_2399
1574,RegionE,373.14,291.05,0.2078,950.0,175.549333,Flat,Main_0_2399
1574,RegionF,392.78,306.37,0.2456,950.0,304.127,Flat,Main_0_2399
1575,RegionA,706.68,0.0,0.5902,877.65,269.108333,Flat,Main_0_2399
1575,RegionB,677.24,0.0,0.5521,877.65,279.326,Flat,Main_0_2399
1575,RegionC,657.61,0.0,0.5236,877.65,223.678667,Flat,Main_0_2399
1575,RegionD,422.05,329.2,0.3998,877.65,171.743667,Flat,Main_0_2399
1575,RegionE,372.97,290.92,0.2094,877.65,183.72,Flat,Main_0_2399
1575,RegionF,392.6,306.23,0.2475,877.65,253.573333,Flat,Main_0_2399
1576,RegionA,706.36,0.0,0.5976,800.0,235.011667,Flat,Main_0_2399
1576,RegionB,676.92,0.0,0.559,800.0,237.131,Flat,Main_0_2399
1576,RegionC,657.3,0.0,0.5301,800.0,220.950667,Flat,Main_0_2399
1576,RegionD,421.85,329.04,0.4048,800.0,150.176333,Flat,Main_0_2399
1576,RegionE,372.8,290.78,0.212,800.0,116.166,Flat,Main_0_2399
1576,RegionF,392.42,306.09,0.2506,800.0,214.234,Flat,Main_0_2399
1577,RegionA,1023.73,0.0,0.6073,722.35,212.64,Peak,Main_0_2399
1577,RegionB,981.07,0.0,0.5681,722.35,210.738667,Peak,Main_0_2399
1577,RegionC,952.63,0.0,0.5388,722.35,207.422,Peak,Main_0_2399
1577,RegionD,611.39,476.88,0.4114,722.35,159.217667,Peak,Main_0_2399
1577,RegionE,540.3,421.43,0.2155,722.35,139.755,Peak,Main_0_2399
1577,RegionF,568.74,443.62,0.2547,722.35,159.693333,Peak,Main_0_2399
1578,RegionA,1023.22,0.0,0.6188,650.0,217.423333,Peak,Main_0_2399
1578,RegionB,980.59,0.0,0.5788,650.0,211.038667,Peak,Main_0_2399
1578,RegionC,952.17,0.0,0.5489,650.0,213.971333,Peak,Main_0_2399
1578,RegionD,611.09,476.65,0.4192,650.0,144.282333,Peak,Main_0_2399
1578,RegionE,540.03,421.22,0.2196,650.0,136.885333,Peak,Main_0_2399
1578,RegionF,568.46,443.4,0.2595,650.0,114.39,Peak,Main_0_2399
1579,RegionA,1022.71,0.0,0.631,587.87,223.318667,Peak,Main_0_2399
1579,RegionB,980.09,0.0,0.5903,587.87,215.031,Peak,Main_0_2399
1579,RegionC,951.69,0.0,0.5598,587.87,203.502,Peak,Main_0_2399
1579,RegionD,610.78,476.41,0.4275,587.87,172.721667,Peak,Main_0_2399
1579,RegionE,539.76,421.01,0.2239,587.87,143.523333,Peak,Main_0_2399
1579,RegionF,568.17,443.17,0.2646,587.87,146.977333,Peak,Main_0_2399
1580,RegionA,1022.18,0.0,0.6433,540.19,241.527,Peak,Main_0_2399
1580,RegionB,979.59,0.0,0.6018,540.19,247.989667,Peak,Main_0_2399
1580,RegionC,951.19,0.0,0.5707,540.19,198.746667,Peak,Main_0_2399
1580,RegionD,610.47,476.17,0.4358,540.19,168.218,Peak,Main_0_2399
1580,RegionE,539.48,420.79,0.2283,540.19,219.791333,Peak,Main_0_2399
1580,RegionF,567.88,442.95,0.2698,540.19,180.251667,Peak,Main_0_2399
1581,RegionA,1021.63,0.0,0.6547,510.22,254.442,Peak,Main_0_2399
1581,RegionB,979.07,0.0,0.6125,510.22,240.831333,Peak,Main_0_2399
1581,RegionC,950.69,0.0,0.5808,510.22,202.31,Peak,Main_0_2399
1581,RegionD,610.14,475.91,0.4435,510.22,183.998667,Peak,Main_0_2399
1581,RegionE,539.2,420.58,0.2323,510.22,241.628,Peak,Main_0_2399
1581,RegionF,567.57,442.7,0.2745,510.22,152.796667,Peak,Main_0_2399
1582,RegionA,633.77,0.0,0.6644,500.0,284.048667,Flat,Main_0_2399
1582,RegionB,607.37,0.0,0.6215,500.0,292.384667,Flat,Main_0_2399
1582,RegionC,589.76,0.0,0.5894,500.0,204.948,Flat,Main_0_2399
1582,RegionD,378.5,295.23,0.4501,500.0,222.354,Flat,Main_0_2399
1582,RegionE,334.49,260.9,0.2357,500.0,227.656667,Flat,Main_0_2399
1582,RegionF,352.1,274.64,0.2786,500.0,223.035,Flat,Main_0_2399
1583,RegionA,633.42,0.0,0.6716,510.22,301.764333,Flat,Main_0_2399
1583,RegionB,607.03,0.0,0.6283,510.22,343.239667,Flat,Main_0_2399
1583,RegionC,589.44,0.0,0.5958,510.22,278.143333,Flat,Main_0_2399
1583,RegionD,378.3,295.07,0.455,510.22,256.4,Flat,Main_0_2399
1583,RegionE,334.31,260.76,0.2383,510.22,239.749333,Flat,Main_0_2399
1583,RegionF,351.9,274.48,0.2817,510.22,251.426667,Flat,Main_0_2399
1584,RegionA,457.22,0.0,0.676,540.19,342.453333,Valley,Main_0_2399
1584,RegionB,438.17,0.0,0.6324,540.19,352.838,Valley,Main_0_2399
1584,RegionC,425.46,0.0,0.5997,540.19,309.847333,Valley,Main_0_2399
1584,RegionD,273.06,212.99,0.4579,540.19,287.869667,Valley,Main_0_2399
1584,RegionE,241.31,188.22,0.2399,540.19,275.35,Valley,Main_0_2399
1584,RegionF,254.01,198.13,0.2835,540.19,257.027667,Valley,Main_0_2399
1585,RegionA,456.95,0.0,0.677,587.87,384.040667,Valley,Main_0_2399
1585,RegionB,437.91,0.0,0.6334,587.87,383.664,Valley,Main_0_2399
1585,RegionC,425.22,0.0,0.6006,587.87,350.184333,Valley,Main_0_2399
1585,RegionD,272.9,212.86,0.4586,587.87,308.747333,Valley,Main_0_2399
1585,RegionE,241.17,188.11,0.2402,587.87,329.811333,Valley,Main_0_2399
1585,RegionF,253.86,198.01,0.2839,587.87,258.033333,Valley,Main_0_2399
1586,RegionA,456.69,0.0,0.6747,650.0,397.853333,Valley,Main_0_2399
1586,RegionB,437.66,0.0,0.6312,650.0,370.045333,Valley,Main_0_2399
1586,RegionC,424.97,0.0,0.5985,650.0,350.908,Valley,Main_0_2399
1586,RegionD,272.74,212.74,0.4571,650.0,306.014,Valley,Main_0_2399
1586,RegionE,241.03,188.0,0.2394,650.0,356.505333,Valley,Main_0_2399
1586,RegionF,253.72,197.9,0.2829,650.0,299.284,Valley,Main_0_2399
1587,RegionA,456.42,0.0,0.6691,722.35,395.722667,Valley,Main_0_2399
1587,RegionB,437.4,0.0,0.6259,722.35,360.201667,Valley,Main_0_2399
1587,RegionC,424.72,0.0,0.5936,722.35,354.207667,Valley,Main_0_2399
1587,RegionD,272.58,212.61,0.4533,722.35,338.221333,Valley,Main_0_2399
1587,RegionE,240.89,187.89,0.2374,722.35,363.04,Valley,Main_0_2399
1587,RegionF,253.57,197.78,0.2806,722.35,300.48,Valley,Main_0_2399
1588,RegionA,456.15,0.0,0.6606,800.0,396.36,Valley,Main_0_2399
1588,RegionB,437.14,0.0,0.6179,800.0,340.756,Valley,Main_0_2399
1588,RegionC,424.47,0.0,0.586,800.0,375.516667,Valley,Main_0_2399
1588,RegionD,272.42,212.49,0.4475,800.0,405.808333,Valley,Main_0_2399
1588,RegionE,240.74,187.78,0.2344,800.0,410.953333,Valley,Main_0_2399
1588,RegionF,253.42,197.67,0.277,800.0,338.930667,Valley,Main_0_2399
1589,RegionA,455.87,0.0,0.6496,877.65,396.202667,Valley,Main_0_2399
1589,RegionB,436.88,0.0,0.6077,877.65,345.960667,Valley,Main_0_2399
1589,RegionC,424.22,0.0,0.5763,877.65,379.014667,Valley,Main_0_2399
1589,RegionD,272.26,212.36,0.4401,877.65,414.228667,Valley,Main_0_2399
1589,RegionE,240.6,187.67,0.2305,877.65,426.88,Valley,Main_0_2399
1589,RegionF,253.26,197.54,0.2724,877.65,381.007333,Valley,Main_0_2399
1590,RegionA,455.6,0.0,0.637,950.0,395.279,Valley,Main_0_2399
1590,RegionB,436.61,0.0,0.5959,950.0,365.092333,Valley,Main_0_2399
1590,RegionC,423.96,0.0,0.5651,950.0,375.720667,Valley,Main_0_2399
1590,RegionD,272.09,212.23,0.4315,950.0,366.028667,Valley,Main_0_2399
1590,RegionE,240.45,187.55,0.226,950.0,391.265333,Valley,Main_0_2399
1590,RegionF,253.11,197.43,0.2671,950.0,393.59,Valley,Main_0_2399
1591,RegionA,700.49,0.0,0.6235,1012.13,385.004,Flat,Main_0_2399
1591,RegionB,671.3,0.0,0.5832,1012.13,381.754667,Flat,Main_0_2399
1591,RegionC,651.84,0.0,0.5531,1012.13,361.705,Flat,Main_0_2399
1591,RegionD,418.35,326.31,0.4223,1012.13,330.676333,Flat,Main_0_2399
1591,RegionE,369.7,288.37,0.2212,1012.13,402.823667,Flat,Main_0_2399
1591,RegionF,389.16,303.54,0.2615,1012.13,419.536,Flat,Main_0_2399
1592,RegionA,700.05,0.0,0.6099,1059.81,384.78,Flat,Main_0_2399
1592,RegionB,670.89,0.0,0.5706,1059.81,380.798667,Flat,Main_0_2399
1592,RegionC,651.44,0.0,0.5411,1059.81,345.401667,Flat,Main_0_2399
1592,RegionD,418.09,326.11,0.4132,1059.81,331.950667,Flat,Main_0_2399
1592,RegionE,369.47,288.19,0.2164,1059.81,396.050667,Flat,Main_0_2399
1592,RegionF,388.92,303.36,0.2558,1059.81,397.08,Flat,Main_0_2399
1593,RegionA,699.62,0.0,0.5973,1089.78,383.133,Flat,Main_0_2399
1593,RegionB,670.47,0.0,0.5587,1089.78,380.98,Flat,Main_0_2399
1593,RegionC,651.04,0.0,0.5298,1089.78,344.893333,Flat,Main_0_2399
1593,RegionD,417.83,325.91,0.4046,1089.78,307.069333,Flat,Main_0_2399
1593,RegionE,369.24,288.01,0.2119,1089.78,348.285,Flat,Main_0_2399
1593,RegionF,388.68,303.17,0.2505,1089.78,354.576667,Flat,Main_0_2399
1594,RegionA,699.18,0.0,0.5863,1100.0,370.111,Flat,Main_0_2399
1594,RegionB,670.05,0.0,0.5485,1100.0,375.406,Flat,Main_0_2399
1594,RegionC,650.63,0.0,0.5201,1100.0,349.424,Flat,Main_0_2399
1594,RegionD,417.57,325.7,0.3972,1100.0,272.876,Flat,Main_0_2399
1594,RegionE,369.01,287.83,0.208,1100.0,315.521333,Flat,Main_0_2399
1594,RegionF,388.44,302.98,0.2459,1100.0,227.556333,Flat,Main_0_2399
1595,RegionA,698.75,0.0,0.5777,1089.78,306.655333,Flat,Main_0_2399
1595,RegionB,669.63,0.0,0.5405,1089.78,353.150667,Flat,Main_0_2399
1595,RegionC,650.22,0.0,0.5125,1089.78,343.6,Flat,Main_0_2399
1595,RegionD,417.31,325.5,0.3914,1089.78,240.518,Flat,Main_0_2399
1595,RegionE,368.78,287.65,0.205,1089.78,351.262,Flat,Main_0_2399
1595,RegionF,388.19,302.79,0.2423,1089.78,256.57,Flat,Main_0_2399
1596,RegionA,698.31,0.0,0.5721,1059.81,294.828333,Flat,Main_0_2399
1596,RegionB,669.21,0.0,0.5352,1059.81,329.188333,Flat,Main_0_2399
1596,RegionC,649.82,0.0,0.5075,1059.81,366.416,Flat,Main_0_2399
1596,RegionD,417.05,325.3,0.3875,1059.81,177.742,Flat,Main_0_2399
1596,RegionE,368.55,287.47,0.203,1059.81,289.543333,Flat,Main_0_2399
1596,RegionF,387.95,302.6,0.2399,1059.81,205.92,Flat,Main_0_2399
1597,RegionA,697.87,0.0,0.5697,1012.13,267.554333,Flat,Main_0_2399
1597,RegionB,668.79,0.0,0.5329,1012.13,315.557,Flat,Main_0_2399
1597,RegionC,649.41,0.0,0.5054,1012.13,332.641333,Flat,Main_0_2399
1597,RegionD,416.78,325.09,0.3859,1012.13,127.437667,Flat,Main_0_2399
1597,RegionE,368.32,287.29,0.2022,1012.13,265.600333,Flat,Main_0_2399
1597,RegionF,387.71,302.41,0.2389,1012.13,208.398667,Flat,Main_0_2399
1598,RegionA,697.44,0.0,0.5707,950.0,265.538,Flat,Main_0_2399
1598,RegionB,668.38,0.0,0.5339,950.0,300.568333,Flat,Main_0_2399
1598,RegionC,649.0,0.0,0.5063,950.0,286.941667,Flat,Main_0_2399
1598,RegionD,416.52,324.89,0.3866,950.0,107.722333,Flat,Main_0_2399
1598,RegionE,368.09,287.11,0.2025,950.0,250.075,Flat,Main_0_2399
1598,RegionF,387.46,302.22,0.2393,950.0,237.952333,Flat,Main_0_2399
1599,RegionA,697.0,0.0,0.575,877.65,222.858,Flat,Main_0_2399
1599,RegionB,667.96,0.0,0.5379,877.65,237.534333,Flat,Main_0_2399
1599,RegionC,648.6,0.0,0.51,877.65,255.576667,Flat,Main_0_2399
1599,RegionD,416.26,324.68,0.3895,877.65,95.372333,Flat,Main_0_2399
1599,RegionE,367.86,286.93,0.204,877.65,205.201,Flat,Main_0_2399
1599,RegionF,387.22,302.03,0.2411,877.65,164.561333,Flat,Main_0_2399
1600,RegionA,696.57,0.0,0.5822,800.0,199.826,Flat,Main_0_2399
1600,RegionB,667.54,0.0,0.5446,800.0,216.209,Flat,Main_0_2399
1600,RegionC,648.19,0.0,0.5164,800.0,221.871,Flat,Main_0_2399
1600,RegionD,416.0,324.48,0.3944,800.0,84.595667,Flat,Main_0_2399
1600,RegionE,367.63,286.75,0.2066,800.0,185.433333,Flat,Main_0_2399
1600,RegionF,386.98,301.84,0.2441,800.0,138.944,Flat,Main_0_2399
1601,RegionA,1009.4,0.0,0.5917,722.35,180.372667,Peak,Main_0_2399
1601,RegionB,967.34,0.0,0.5536,722.35,233.823333,Peak,Main_0_2399
1601,RegionC,939.3,0.0,0.5249,722.35,218.031333,Peak,Main_0_2399
1601,RegionD,602.83,470.21,0.4009,722.35,65.451667,Peak,Main_0_2399
1601,RegionE,532.74,415.54,0.21,722.35,211.601667,Peak,Main_0_2399
1601,RegionF,560.78,437.41,0.2481,722.35,130.232,Peak,Main_0_2399
1602,RegionA,1008.78,0.0,0.603,650.0,186.98,Peak,Main_0_2399
1602,RegionB,966.74,0.0,0.5641,650.0,223.033333,Peak,Main_0_2399
1602,RegionC,938.72,0.0,0.5349,650.0,226.994,Peak,Main_0_2399
1602,RegionD,602.46,469.92,0.4085,650.0,130.200333,Peak,Main_0_2399
1602,RegionE,532.41,415.28,0.214,650.0,172.417333,Peak,Main_0_2399
1602,RegionF,560.43,437.14,0.2529,650.0,82.272667,Peak,Main_0_2399
1603,RegionA,1008.16,0.0,0.6152,587.87,162.664667,Peak,Main_0_2399
1603,RegionB,966.15,0.0,0.5755,587.87,223.43,Peak,Main_0_2399
1603,RegionC,938.15,0.0,0.5457,587.87,218.34,Peak,Main_0_2399
1603,RegionD,602.1,469.64,0.4167,587.87,151.757667,Peak,Main_0_2399
1603,RegionE,532.08,415.02,0.2183,587.87,169.27,Peak,Main_0_2399
1603,RegionF,560.09,436.87,0.258,587.87,201.397333,Peak,Main_0_2399
1604,RegionA,1007.55,0.0,0.6274,540.19,238.141333,Peak,Main_0_2399
1604,RegionB,965.57,0.0,0.5869,540.19,250.09,Peak,Main_0_2399
1604,RegionC,937.58,0.0,0.5565,540.19,219.933667,Peak,Main_0_2399
1604,RegionD,601.73,469.35,0.425,540.19,191.384,Peak,Main_0_2399
1604,RegionE,531.76,414.77,0.2226,540.19,156.673333,Peak,Main_0_2399
1604,RegionF,559.75,436.61,0.2631,540.19,187.376667,Peak,Main_0_2399
1605,RegionA,1006.95,0.0,0.6387,510.22,254.914,Peak,Main_0_2399
1605,RegionB,964.99,0.0,0.5975,510.22,222.715333,Peak,Main_0_2399
1605,RegionC,937.02,0.0,0.5666,510.22,253.169667,Peak,Main_0_2399
1605,RegionD,601.37,469.07,0.4326,510.22,166.526667,Peak,Main_0_2399
1605,RegionE,531.44,414.52,0.2266,510.22,172.934,Peak,Main_0_2399
1605,RegionF,559.41,436.34,0.2678,510.22,193.216667,Peak,Main_0_2399
1606,RegionA,624.63,0.0,0.6483,500.0,292.834,Flat,Main_0_2399
1606,RegionB,598.61,0.0,0.6065,500.0,309.812667,Flat,Main_0_2399
1606,RegionC,581.25,0.0,0.5751,500.0,283.702667,Flat,Main_0_2399
1606,RegionD,373.04,290.97,0.4392,500.0,173.252333,Flat,Main_0_2399
1606,RegionE,329.67,257.14,0.23,500.0,232.352,Flat,Main_0_2399
1606,RegionF,347.02,270.68,0.2719,500.0,212.32,Flat,Main_0_2399
1607,RegionA,624.27,0.0,0.6555,510.22,281.382,Flat,Main_0_2399
1607,RegionB,598.26,0.0,0.6132,510.22,312.063333,Flat,Main_0_2399
1607,RegionC,580.92,0.0,0.5815,510.22,321.372667,Flat,Main_0_2399
1607,RegionD,372.83,290.81,0.4441,510.22,237.606333,Flat,Main_0_2399
1607,RegionE,329.47,256.99,0.2326,510.22,256.277333,Flat,Main_0_2399
1607,RegionF,346.82,270.52,0.2749,510.22,247.7,Flat,Main_0_2399
1608,RegionA,450.6,0.0,0.6598,540.19,341.358333,Valley,Main_0_2399
1608,RegionB,431.83,0.0,0.6173,540.19,323.19,Valley,Main_0_2399
1608,RegionC,419.31,0.0,0.5853,540.19,346.332667,Valley,Main_0_2399
1608,RegionD,269.11,209.91,0.447,540.19,199.395333,Valley,Main_0_2399
1608,RegionE,237.82,185.5,0.2341,540.19,312.723333,Valley,Main_0_2399
1608,RegionF,250.33,195.26,0.2767,540.19,273.170667,Valley,Main_0_2399
1609,RegionA,450.35,0.0,0.6609,587.87,351.612667,Valley,Main_0_2399
1609,RegionB,431.58,0.0,0.6183,587.87,350.199667,Valley,Main_0_2399
1609,RegionC,419.07,0.0,0.5863,587.87,352.686,Valley,Main_0_2399
1609,RegionD,268.96,209.79,0.4477,587.87,212.539667,Valley,Main_0_2399
1609,RegionE,237.68,185.39,0.2345,587.87,390.431333,Valley,Main_0_2399
1609,RegionF,250.19,195.15,0.2772,587.87,316.543,Valley,Main_0_2399
1610,RegionA,450.09,0.0,0.6586,650.0,393.452,Valley,Main_0_2399
1610,RegionB,431.34,0.0,0.6161,650.0,371.732,Valley,Main_0_2399
1610,RegionC,418.84,0.0,0.5843,650.0,364.590667,Valley,Main_0_2399
1610,RegionD,268.81,209.67,0.4462,650.0,287.373333,Valley,Main_0_2399
1610,RegionE,237.55,185.29,0.2337,650.0,337.126,Valley,Main_0_2399
1610,RegionF,250.05,195.04,0.2762,650.0,318.03,Valley,Main_0_2399
1611,RegionA,449.85,0.0,0.6531,722.35,385.341667,Valley,Main_0_2399
1611,RegionB,431.11,0.0,0.6109,722.35,357.28,Valley,Main_0_2399
1611,RegionC,418.61,0.0,0.5793,722.35,364.859333,Valley,Main_0_2399
1611,RegionD,268.66,209.55,0.4424,722.35,325.257333,Valley,Main_0_2399
1611,RegionE,237.42,185.19,0.2317,722.35,352.983333,Valley,Main_0_2399
1611,RegionF,249.92,194.94,0.2739,722.35,322.944,Valley,Main_0_2399
1612,RegionA,449.61,0.0,0.6446,800.0,386.959333,Valley,Main_0_2399
1612,RegionB,430.88,0.0,0.603,800.0,346.702667,Valley,Main_0_2399
1612,RegionC,418.39,0.0,0.5718,800.0,347.936,Valley,Main_0_2399
1612,RegionD,268.52,209.45,0.4367,800.0,382.063333,Valley,Main_0_2399
1612,RegionE,237.29,185.09,0.2287,800.0,445.758333,Valley,Main_0_2399
1612,RegionF,249.78,194.83,0.2703,800.0,328.862,Valley,Main_0_2399
1613,RegionA,449.38,0.0,0.6338,877.65,376.017667,Valley,Main_0_2399
1613,RegionB,430.65,0.0,0.5929,877.65,378.200667,Valley,Main_0_2399
1613,RegionC,418.17,0.0,0.5622,877.65,350.979,Valley,Main_0_2399
1613,RegionD,268.38,209.34,0.4293,877.65,397.115333,Valley,Main_0_2399
1613,RegionE,237.17,184.99,0.2249,877.65,414.24,Valley,Main_0_2399
1613,RegionF,249.65,194.73,0.2658,877.65,369.191333,Valley,Main_0_2399
1614,RegionA,449.15,0.0,0.6212,950.0,365.664,Valley,Main_0_2399
1614,RegionB,430.43,0.0,0.5812,950.0,386.677333,Valley,Main_0_2399
1614,RegionC,417.96,0.0,0.5511,950.0,368.88,Valley,Main_0_2399
1614,RegionD,268.24,209.23,0.4208,950.0,373.41,Valley,Main_0_2399
1614,RegionE,237.05,184.9,0.2204,950.0,408.69,Valley,Main_0_2399
1614,RegionF,249.53,194.63,0.2605,950.0,349.347333,Valley,Main_0_2399
1615,RegionA,690.65,0.0,0.6079,1012.13,364.613333,Flat,Main_0_2399
1615,RegionB,661.88,0.0,0.5687,1012.13,380.346667,Flat,Main_0_2399
1615,RegionC,642.69,0.0,0.5392,1012.13,382.670667,Flat,Main_0_2399
1615,RegionD,412.47,321.73,0.4118,1012.13,367.99,Flat,Main_0_2399
1615,RegionE,364.51,284.32,0.2157,1012.13,396.160667,Flat,Main_0_2399
1615,RegionF,383.7,299.29,0.2549,1012.13,351.666667,Flat,Main_0_2399
1616,RegionA,690.32,0.0,0.5945,1059.81,372.883667,Flat,Main_0_2399
1616,RegionB,661.56,0.0,0.5562,1059.81,381.316,Flat,Main_0_2399
1616,RegionC,642.38,0.0,0.5274,1059.81,384.586667,Flat,Main_0_2399
1616,RegionD,412.28,321.58,0.4027,1059.81,339.45,Flat,Main_0_2399
1616,RegionE,364.34,284.19,0.211,1059.81,387.599,Flat,Main_0_2399
1616,RegionF,383.51,299.14,0.2493,1059.81,377.071333,Flat,Main_0_2399
1617,RegionA,690.0,0.0,0.582,1089.78,371.606667,Flat,Main_0_2399
1617,RegionB,661.25,0.0,0.5445,1089.78,386.1,Flat,Main_0_2399
1617,RegionC,642.08,0.0,0.5163,1089.78,376.096667,Flat,Main_0_2399
1617,RegionD,412.08,321.42,0.3943,1089.78,345.738333,Flat,Main_0_2399
1617,RegionE,364.17,284.05,0.2065,1089.78,376.531667,Flat,Main_0_2399
1617,RegionF,383.33,299.0,0.2441,1089.78,363.018,Flat,Main_0_2399
1618,RegionA,689.69,0.0,0.5713,1100.0,377.588667,Flat,Main_0_2399
1618,RegionB,660.95,0.0,0.5344,1100.0,386.02,Flat,Main_0_2399
1618,RegionC,641.79,0.0,0.5068,1100.0,364.541333,Flat,Main_0_2399
1618,RegionD,411.9,321.28,0.387,1100.0,374.961333,Flat,Main_0_2399
1618,RegionE,364.0,283.92,0.2027,1100.0,301.45,Flat,Main_0_2399
1618,RegionF,383.16,298.86,0.2396,1100.0,338.046667,Flat,Main_0_2399
1619,RegionA,689.39,0.0,0.5629,1089.78,363.646333,Flat,Main_0_2399
1619,RegionB,660.67,0.0,0.5266,1089.78,362.513,Flat,Main_0_2399
1619,RegionC,641.52,0.0,0.4994,1089.78,362.224,Flat,Main_0_2399
1619,RegionD,411.72,321.14,0.3814,1089.78,311.741333,Flat,Main_0_2399
1619,RegionE,363.85,283.8,0.1998,1089.78,331.51,Flat,Main_0_2399
1619,RegionF,382.99,298.73,0.2361,1089.78,292.671667,Flat,Main_0_2399
1620,RegionA,689.1,0.0,0.5575,1059.81,322.225,Flat,Main_0_2399
1620,RegionB,660.39,0.0,0.5216,1059.81,350.846,Flat,Main_0_2399
1620,RegionC,641.25,0.0,0.4946,1059.81,336.197333,Flat,Main_0_2399
1620,RegionD,411.55,321.01,0.3777,1059.81,284.412667,Flat,Main_0_2399
1620,RegionE,363.69,283.68,0.1978,1059.81,262.485,Flat,Main_0_2399
1620,RegionF,382.83,298.61,0.2338,1059.81,247.714667,Flat,Main_0_2399
1621,RegionA,688.83,0.0,0.5554,1012.13,307.661333,Flat,Main_0_2399
1621,RegionB,660.13,0.0,0.5196,1012.13,309.882,Flat,Main_0_2399
1621,RegionC,640.99,0.0,0.4927,1012.13,306.610667,Flat,Main_0_2399
1621,RegionD,411.38,320.88,0.3763,1012.13,252.464333,Flat,Main_0_2399
1621,RegionE,363.55,283.57,0.1971,1012.13,273.271333,Flat,Main_0_2399
1621,RegionF,382.68,298.49,0.2329,1012.13,294.215333,Flat,Main_0_2399
1622,RegionA,688.56,0.0,0.5567,950.0,299.523667,Flat,Main_0_2399
1622,RegionB,659.87,0.0,0.5208,950.0,305.951,Flat,Main_0_2399
1622,RegionC,640.75,0.0,0.4939,950.0,283.269,Flat,Main_0_2399
1622,RegionD,411.23,320.76,0.3771,950.0,235.488667,Flat,Main_0_2399
1622,RegionE,363.41,283.46,0.1975,950.0,268.708,Flat,Main_0_2399
1622,RegionF,382.54,298.38,0.2335,950.0,239.283667,Flat,Main_0_2399
1623,RegionA,688.31,0.0,0.5613,877.65,269.601667,Flat,Main_0_2399
1623,RegionB,659.63,0.0,0.5251,877.65,290.380333,Flat,Main_0_2399
1623,RegionC,640.51,0.0,0.4979,877.65,242.433333,Flat,Main_0_2399
1623,RegionD,411.08,320.64,0.3802,877.65,214.301667,Flat,Main_0_2399
1623,RegionE,363.28,283.36,0.1992,877.65,238.582667,Flat,Main_0_2399
1623,RegionF,382.4,298.27,0.2354,877.65,216.98,Flat,Main_0_2399
1624,RegionA,688.07,0.0,0.5688,800.0,241.13,Flat,Main_0_2399
1624,RegionB,659.41,0.0,0.5321,800.0,239.151667,Flat,Main_0_2399
1624,RegionC,640.29,0.0,0.5046,800.0,252.653333,Flat,Main_0_2399
1624,RegionD,410.93,320.53,0.3853,800.0,172.242,Flat,Main_0_2399
1624,RegionE,363.15,283.26,0.2018,800.0,225.87,Flat,Main_0_2399
1624,RegionF,382.26,298.16,0.2385,800.0,136.957333,Flat,Main_0_2399
1625,RegionA,997.38,0.0,0.5788,722.35,256.067,Peak,Main_0_2399
1625,RegionB,955.83,0.0,0.5414,722.35,229.105,Peak,Main_0_2399
1625,RegionC,928.12,0.0,0.5134,722.35,229.27,Peak,Main_0_2399
1625,RegionD,595.66,464.61,0.3921,722.35,146.038,Peak,Main_0_2399
1625,RegionE,526.4,410.59,0.2054,722.35,210.42,Peak,Main_0_2399
1625,RegionF,554.1,432.2,0.2427,722.35,148.842333,Peak,Main_0_2399
1626,RegionA,997.08,0.0,0.5904,650.0,233.13,Peak,Main_0_2399
1626,RegionB,955.53,0.0,0.5523,650.0,214.691333,Peak,Main_0_2399
1626,RegionC,927.84,0.0,0.5237,650.0,217.585333,Peak,Main_0_2399
1626,RegionD,595.48,464.47,0.4,650.0,154.775667,Peak,Main_0_2399
1626,RegionE,526.24,410.47,0.2095,650.0,191.67,Peak,Main_0_2399
1626,RegionF,553.93,432.07,0.2476,650.0,168.56,Peak,Main_0_2399
1627,RegionA,996.79,0.0,0.603,587.87,193.533333,Peak,Main_0_2399
1627,RegionB,955.26,0.0,0.5641,587.87,197.071333,Peak,Main_0_2399
1627,RegionC,927.57,0.0,0.5349,587.87,219.836333,Peak,Main_0_2399
1627,RegionD,595.31,464.34,0.4085,587.87,182.973333,Peak,Main_0_2399
1627,RegionE,526.08,410.34,0.214,587.87,227.208667,Peak,Main_0_2399
1627,RegionF,553.77,431.94,0.2529,587.87,176.156333,Peak,Main_0_2399
1628,RegionA,996.52,0.0,0.6155,540.19,236.207667,Peak,Main_0_2399
1628,RegionB,955.0,0.0,0.5758,540.19,206.560667,Peak,Main_0_2399
1628,RegionC,927.32,0.0,0.546,540.19,252.006667,Peak,Main_0_2399
1628,RegionD,595.15,464.22,0.417,540.19,137.793,Peak,Main_0_2399
1628,RegionE,525.94,410.23,0.2184,540.19,157.004333,Peak,Main_0_2399
1628,RegionF,553.62,431.82,0.2581,540.19,202.048,Peak,Main_0_2399
1629,RegionA,996.28,0.0,0.6272,510.22,247.994,Peak,Main_0_2399
1629,RegionB,954.77,0.0,0.5868,510.22,220.648667,Peak,Main_0_2399
1629,RegionC,927.09,0.0,0.5564,510.22,232.338667,Peak,Main_0_2399
1629,RegionD,595.0,464.1,0.4249,510.22,132.309333,Peak,Main_0_2399
1629,RegionE,525.81,410.13,0.2226,510.22,198.883333,Peak,Main_0_2399
1629,RegionF,553.49,431.72,0.263,510.22,164.891333,Peak,Main_0_2399
1630,RegionA,618.24,0.0,0.6373,500.0,270.785667,Flat,Main_0_2399
1630,RegionB,592.48,0.0,0.5962,500.0,256.266,Flat,Main_0_2399
1630,RegionC,575.31,0.0,0.5653,500.0,281.576,Flat,Main_0_2399
1630,RegionD,369.23,288.0,0.4317,500.0,161.087333,Flat,Main_0_2399
1630,RegionE,326.29,254.51,0.2261,500.0,182.65,Flat,Main_0_2399
1630,RegionF,343.47,267.91,0.2673,500.0,145.504667,Flat,Main_0_2399
1631,RegionA,618.12,0.0,0.645,510.22,279.806,Flat,Main_0_2399
1631,RegionB,592.36,0.0,0.6034,510.22,268.126667,Flat,Main_0_2399
1631,RegionC,575.19,0.0,0.5722,510.22,288.161333,Flat,Main_0_2399
1631,RegionD,369.15,287.94,0.4369,510.22,162.516667,Flat,Main_0_2399
1631,RegionE,326.23,254.46,0.2289,510.22,251.525667,Flat,Main_0_2399
1631,RegionF,343.4,267.85,0.2705,510.22,237.150667,Flat,Main_0_2399
1632,RegionA,446.33,0.0,0.6498,540.19,324.028667,Valley,Main_0_2399
1632,RegionB,427.74,0.0,0.6079,540.19,345.657667,Valley,Main_0_2399
1632,RegionC,415.34,0.0,0.5764,540.19,347.836,Valley,Main_0_2399
1632,RegionD,266.56,207.92,0.4402,540.19,141.066667,Valley,Main_0_2399
1632,RegionE,235.57,183.74,0.2306,540.19,333.138,Valley,Main_0_2399
1632,RegionF,247.96,193.41,0.2725,540.19,227.559333,Valley,Main_0_2399
1633,RegionA,446.26,0.0,0.6513,587.87,359.962667,Valley,Main_0_2399
1633,RegionB,427.67,0.0,0.6093,587.87,330.986667,Valley,Main_0_2399
1633,RegionC,415.27,0.0,0.5778,587.87,356.001333,Valley,Main_0_2399
1633,RegionD,266.52,207.89,0.4412,587.87,246.805333,Valley,Main_0_2399
1633,RegionE,235.53,183.71,0.2311,587.87,355.291333,Valley,Main_0_2399
1633,RegionF,247.92,193.38,0.2731,587.87,303.173333,Valley,Main_0_2399
1634,RegionA,446.2,0.0,0.6495,650.0,384.555333,Valley,Main_0_2399
1634,RegionB,427.61,0.0,0.6076,650.0,367.950667,Valley,Main_0_2399
1634,RegionC,415.21,0.0,0.5762,650.0,362.861333,Valley,Main_0_2399
1634,RegionD,266.48,207.85,0.44,650.0,269.089333,Valley,Main_0_2399
1634,RegionE,235.49,183.68,0.2305,650.0,336.915,Valley,Main_0_2399
1634,RegionF,247.89,193.35,0.2724,650.0,291.875333,Valley,Main_0_2399
1635,RegionA,446.15,0.0,0.6445,722.35,345.712,Valley,Main_0_2399
1635,RegionB,427.56,0.0,0.6029,722.35,376.116,Valley,Main_0_2399
1635,RegionC,415.17,0.0,0.5717,722.35,365.298333,Valley,Main_0_2399
1635,RegionD,266.45,207.83,0.4366,722.35,233.615333,Valley,Main_0_2399
1635,RegionE,235.47,183.67,0.2287,722.35,354.06,Valley,Main_0_2399
1635,RegionF,247.86,193.33,0.2703,722.35,325.495333,Valley,Main_0_2399
1636,RegionA,446.11,0.0,0.6365,800.0,345.786667,Valley,Main_0_2399
1636,RegionB,427.52,0.0,0.5955,800.0,371.941333,Valley,Main_0_2399
1636,RegionC,415.13,0.0,0.5647,800.0,368.659333,Valley,Main_0_2399
1636,RegionD,266.42,207.81,0.4312,800.0,313.631333,Valley,Main_0_2399
1636,RegionE,235.45,183.65,0.2259,800.0,398.1,Valley,Main_0_2399
1636,RegionF,247.84,193.32,0.2669,800.0,399.075333,Valley,Main_0_2399
1637,RegionA,446.07,0.0,0.6262,877.65,339.726667,Valley,Main_0_2399
1637,RegionB,427.49,0.0,0.5858,877.65,370.895,Valley,Main_0_2399
1637,RegionC,415.1,0.0,0.5555,877.65,375.472,Valley,Main_0_2399
1637,RegionD,266.41,207.8,0.4242,877.65,367.809,Valley,Main_0_2399
1637,RegionE,235.43,183.64,0.2222,877.65,411.796667,Valley,Main_0_2399
1637,RegionF,247.82,193.3,0.2626,877.65,410.6,Valley,Main_0_2399
1638,RegionA,446.05,0.0,0.6142,950.0,357.555333,Valley,Main_0_2399
1638,RegionB,427.47,0.0,0.5746,950.0,371.070667,Valley,Main_0_2399
1638,RegionC,415.08,0.0,0.5449,950.0,371.68,Valley,Main_0_2399
1638,RegionD,266.39,207.78,0.4161,950.0,413.325,Valley,Main_0_2399
1638,RegionE,235.42,183.63,0.218,950.0,422.17,Valley,Main_0_2399
1638,RegionF,247.81,193.29,0.2576,950.0,427.055333,Valley,Main_0_2399
1639,RegionA,686.21,0.0,0.6014,1012.13,360.934,Flat,Main_0_2399
1639,RegionB,657.62,0.0,0.5626,1012.13,384.66,Flat,Main_0_2399
1639,RegionC,638.56,0.0,0.5335,1012.13,371.451333,Flat,Main_0_2399
1639,RegionD,409.82,319.66,0.4074,1012.13,331.215,Flat,Main_0_2399
1639,RegionE,362.17,282.49,0.2134,1012.13,418.68,Flat,Main_0_2399
1639,RegionF,381.23,297.36,0.2522,1012.13,408.013333,Flat,Main_0_2399
1640,RegionA,686.21,0.0,0.5886,1059.81,369.487333,Flat,Main_0_2399
1640,RegionB,657.62,0.0,0.5506,1059.81,366.718,Flat,Main_0_2399
1640,RegionC,638.56,0.0,0.5222,1059.81,380.548333,Flat,Main_0_2399
1640,RegionD,409.82,319.66,0.3987,1059.81,381.92,Flat,Main_0_2399
1640,RegionE,362.17,282.49,0.2089,1059.81,393.76,Flat,Main_0_2399
1640,RegionF,381.23,297.36,0.2468,1059.81,371.709333,Flat,Main_0_2399
1641,RegionA,686.22,0.0,0.5767,1089.78,377.954667,Flat,Main_0_2399
1641,RegionB,657.63,0.0,0.5395,1089.78,361.156667,Flat,Main_0_2399
1641,RegionC,638.57,0.0,0.5116,1089.78,382.083333,Flat,Main_0_2399
1641,RegionD,409.83,319.67,0.3907,1089.78,331.024,Flat,Main_0_2399
1641,RegionE,362.17,282.49,0.2046,1089.78,321.741333,Flat,Main_0_2399
1641,RegionF,381.23,297.36,0.2418,1089.78,349.714667,Flat,Main_0_2399
1642,RegionA,686.25,0.0,0.5665,1100.0,351.906,Flat,Main_0_2399
1642,RegionB,657.65,0.0,0.53,1100.0,362.417333,Flat,Main_0_2399
1642,RegionC,638.59,0.0,0.5026,1100.0,383.074667,Flat,Main_0_2399
1642,RegionD,409.84,319.68,0.3838,1100.0,320.677,Flat,Main_0_2399
1642,RegionE,362.19,282.51,0.201,1100.0,290.885333,Flat,Main_0_2399
1642,RegionF,381.25,297.38,0.2376,1100.0,369.165667,Flat,Main_0_2399
1643,RegionA,686.29,0.0,0.5588,1089.78,312.212667,Flat,Main_0_2399
1643,RegionB,657.69,0.0,0.5227,1089.78,352.07,Flat,Main_0_2399
1643,RegionC,638.63,0.0,0.4957,1089.78,381.904667,Flat,Main_0_2399
1643,RegionD,409.87,319.7,0.3785,1089.78,330.465333,Flat,Main_0_2399
1643,RegionE,362.21,282.52,0.1983,1089.78,276.495667,Flat,Main_0_2399
1643,RegionF,381.27,297.39,0.2343,1089.78,323.366667,Flat,Main_0_2399
1644,RegionA,686.34,0.0,0.554,1059.81,264.668333,Flat,Main_0_2399
1644,RegionB,657.75,0.0,0.5182,1059.81,320.838,Flat,Main_0_2399
1644,RegionC,638.68,0.0,0.4914,1059.81,346.036667,Flat,Main_0_2399
1644,RegionD,409.9,319.72,0.3753,1059.81,325.314667,Flat,Main_0_2399
1644,RegionE,362.24,282.55,0.1966,1059.81,234.274667,Flat,Main_0_2399
1644,RegionF,381.3,297.41,0.2323,1059.81,302.564,Flat,Main_0_2399
1645,RegionA,686.41,0.0,0.5524,1012.13,272.060667,Flat,Main_0_2399
1645,RegionB,657.81,0.0,0.5168,1012.13,292.314333,Flat,Main_0_2399
1645,RegionC,638.75,0.0,0.4901,1012.13,337.540333,Flat,Main_0_2399
1645,RegionD,409.94,319.75,0.3742,1012.13,269.271667,Flat,Main_0_2399
1645,RegionE,362.27,282.57,0.196,1012.13,193.018667,Flat,Main_0_2399
1645,RegionF,381.34,297.45,0.2317,1012.13,305.003333,Flat,Main_0_2399
1646,RegionA,686.5,0.0,0.5543,950.0,280.709,Flat,Main_0_2399
1646,RegionB,657.9,0.0,0.5186,950.0,289.194,Flat,Main_0_2399
1646,RegionC,638.83,0.0,0.4917,950.0,303.585333,Flat,Main_0_2399
1646,RegionD,409.99,319.79,0.3755,950.0,171.532667,Flat,Main_0_2399
1646,RegionE,362.32,282.61,0.1967,950.0,166.422667,Flat,Main_0_2399
1646,RegionF,381.39,297.48,0.2325,950.0,261.495667,Flat,Main_0_2399
1647,RegionA,686.6,0.0,0.5595,877.65,262.008667,Flat,Main_0_2399
1647,RegionB,657.99,0.0,0.5234,877.65,271.902667,Flat,Main_0_2399
1647,RegionC,638.92,0.0,0.4963,877.65,286.352333,Flat,Main_0_2399
1647,RegionD,410.05,319.84,0.379,877.65,146.293333,Flat,Main_0_2399
1647,RegionE,362.37,282.65,0.1985,877.65,181.969667,Flat,Main_0_2399
1647,RegionF,381.44,297.52,0.2346,877.65,199.236333,Flat,Main_0_2399
1648,RegionA,686.72,0.0,0.5676,800.0,211.080667,Flat,Main_0_2399
1648,RegionB,658.1,0.0,0.531,800.0,250.036667,Flat,Main_0_2399
1648,RegionC,639.03,0.0,0.5035,800.0,253.628667,Flat,Main_0_2399
1648,RegionD,410.12,319.89,0.3845,800.0,144.893,Flat,Main_0_2399
1648,RegionE,362.43,282.7,0.2014,800.0,138.352667,Flat,Main_0_2399
1648,RegionF,381.51,297.58,0.238,800.0,163.607,Flat,Main_0_2399
1649,RegionA,995.92,0.0,0.5782,722.35,227.887333,Peak,Main_0_2399
1649,RegionB,954.43,0.0,0.5409,722.35,216.011333,Peak,Main_0_2399
1649,RegionC,926.76,0.0,0.5129,722.35,256.209667,Peak,Main_0_2399
1649,RegionD,594.79,463.94,0.3917,722.35,98.564,Peak,Main_0_2399
1649,RegionE,525.63,409.99,0.2052,722.35,161.268,Peak,Main_0_2399
1649,RegionF,553.29,431.57,0.2425,722.35,199.74,Peak,Main_0_2399
1650,RegionA,996.13,0.0,0.5904,650.0,253.549333,Peak,Main_0_2399
1650,RegionB,954.63,0.0,0.5523,650.0,228.692333,Peak,Main_0_2399
1650,RegionC,926.96,0.0,0.5237,650.0,218.003333,Peak,Main_0_2399
1650,RegionD,594.91,464.03,0.4,650.0,123.968333,Peak,Main_0_2399
1650,RegionE,525.74,410.08,0.2095,650.0,123.234,Peak,Main_0_2399
1650,RegionF,553.41,431.66,0.2476,650.0,153.42,Peak,Main_0_2399
1651,RegionA,996.36,0.0,0.6036,587.87,198.005,Peak,Main_0_2399
1651,RegionB,954.84,0.0,0.5646,587.87,203.013333,Peak,Main_0_2399
1651,RegionC,927.17,0.0,0.5354,587.87,249.32,Peak,Main_0_2399
1651,RegionD,595.05,464.14,0.4089,587.87,110.817333,Peak,Main_0_2399
1651,RegionE,525.86,410.17,0.2142,587.87,175.909333,Peak,Main_0_2399
1651,RegionF,553.53,431.75,0.2531,587.87,149.582,Peak,Main_0_2399
1652,RegionA,996.61,0.0,0.6167,540.19,194.077,Peak,Main_0_2399
1652,RegionB,955.08,0.0,0.5769,540.19,246.524667,Peak,Main_0_2399
1652,RegionC,927.4,0.0,0.5471,540.19,278.533,Peak,Main_0_2399
1652,RegionD,595.2,464.26,0.4178,540.19,149.499667,Peak,Main_0_2399
1652,RegionE,525.99,410.27,0.2188,540.19,144.114,Peak,Main_0_2399
1652,RegionF,553.67,431.86,0.2586,540.19,212.202,Peak,Main_0_2399
1653,RegionA,996.87,0.0,0.6291,510.22,247.865,Peak,Main_0_2399
1653,RegionB,955.34,0.0,0.5885,510.22,300.326667,Peak,Main_0_2399
1653,RegionC,927.65,0.0,0.558,510.22,261.923,Peak,Main_0_2399
1653,RegionD,595.35,464.37,0.4261,510.22,151.594,Peak,Main_0_2399
1653,RegionE,526.13,410.38,0.2232,510.22,205.063,Peak,Main_0_2399
1653,RegionF,553.82,431.98,0.2638,510.22,213.936667,Peak,Main_0_2399
1654,RegionA,618.93,0.0,0.6397,500.0,257.381,Flat,Main_0_2399
1654,RegionB,593.14,0.0,0.5984,500.0,300.653333,Flat,Main_0_2399
1654,RegionC,575.94,0.0,0.5675,500.0,247.95,Flat,Main_0_2399
1654,RegionD,369.64,288.32,0.4333,500.0,234.042,Flat,Main_0_2399
1654,RegionE,326.66,254.79,0.227,500.0,221.221667,Flat,Main_0_2399
1654,RegionF,343.85,268.2,0.2683,500.0,232.896333,Flat,Main_0_2399
1655,RegionA,619.11,0.0,0.648,510.22,265.819333,Flat,Main_0_2399
1655,RegionB,593.32,0.0,0.6062,510.22,273.386,Flat,Main_0_2399
1655,RegionC,576.12,0.0,0.5748,510.22,268.09,Flat,Main_0_2399
1655,RegionD,369.75,288.41,0.439,510.22,225.464667,Flat,Main_0_2399
1655,RegionE,326.75,254.87,0.2299,510.22,231.051333,Flat,Main_0_2399
1655,RegionF,343.95,268.28,0.2717,510.22,239.59,Flat,Main_0_2399
1656,RegionA,447.28,0.0,0.6534,540.19,327.618667,Valley,Main_0_2399
1656,RegionB,428.65,0.0,0.6112,540.19,364.963333,Valley,Main_0_2399
1656,RegionC,416.22,0.0,0.5796,540.19,276.504,Valley,Main_0_2399
1656,RegionD,267.13,208.36,0.4426,540.19,269.256667,Valley,Main_0_2399
1656,RegionE,236.07,184.13,0.2318,540.19,247.928,Valley,Main_0_2399
1656,RegionF,248.49,193.82,0.274,540.19,237.19,Valley,Main_0_2399
1657,RegionA,447.43,0.0,0.6555,587.87,327.097333,Valley,Main_0_2399
1657,RegionB,428.79,0.0,0.6132,587.87,368.377333,Valley,Main_0_2399
1657,RegionC,416.36,0.0,0.5815,587.87,377.450667,Valley,Main_0_2399
1657,RegionD,267.22,208.43,0.444,587.87,282.686667,Valley,Main_0_2399
1657,RegionE,236.15,184.2,0.2326,587.87,259.806,Valley,Main_0_2399
1657,RegionF,248.57,193.88,0.2749,587.87,205.548,Valley,Main_0_2399
1658,RegionA,447.59,0.0,0.6543,650.0,376.987667,Valley,Main_0_2399
1658,RegionB,428.94,0.0,0.6121,650.0,368.188333,Valley,Main_0_2399
1658,RegionC,416.51,0.0,0.5804,650.0,385.74,Valley,Main_0_2399
1658,RegionD,267.31,208.5,0.4432,650.0,280.806,Valley,Main_0_2399
1658,RegionE,236.23,184.26,0.2322,650.0,309.95,Valley,Main_0_2399
1658,RegionF,248.66,193.95,0.2744,650.0,225.675333,Valley,Main_0_2399
1659,RegionA,447.76,0.0,0.6498,722.35,389.238667,Valley,Main_0_2399
1659,RegionB,429.1,0.0,0.6079,722.35,365.6,Valley,Main_0_2399
1659,RegionC,416.67,0.0,0.5764,722.35,375.652,Valley,Main_0_2399
1659,RegionD,267.41,208.58,0.4402,722.35,342.031667,Valley,Main_0_2399
1659,RegionE,236.32,184.33,0.2306,722.35,329.718,Valley,Main_0_2399
1659,RegionF,248.76,194.03,0.2725,722.35,292.338,Valley,Main_0_2399
1660,RegionA,447.93,0.0,0.6424,800.0,397.765,Valley,Main_0_2399
1660,RegionB,429.27,0.0,0.601,800.0,352.205333,Valley,Main_0_2399
1660,RegionC,416.83,0.0,0.5699,800.0,365.112,Valley,Main_0_2399
1660,RegionD,267.52,208.67,0.4352,800.0,332.101333,Valley,Main_0_2399
1660,RegionE,236.41,184.4,0.228,800.0,333.012667,Valley,Main_0_2399
1660,RegionF,248.85,194.1,0.2694,800.0,323.816,Valley,Main_0_2399
1661,RegionA,448.11,0.0,0.6327,877.65,395.016,Valley,Main_0_2399
1661,RegionB,429.44,0.0,0.5919,877.65,363.119,Valley,Main_0_2399
1661,RegionC,416.99,0.0,0.5612,877.65,360.964,Valley,Main_0_2399
1661,RegionD,267.62,208.74,0.4286,877.65,367.644667,Valley,Main_0_2399
1661,RegionE,236.5,184.47,0.2245,877.65,366.533333,Valley,Main_0_2399
1661,RegionF,248.95,194.18,0.2653,877.65,384.076667,Valley,Main_0_2399
1662,RegionA,448.3,0.0,0.6212,950.0,389.153333,Valley,Main_0_2399
1662,RegionB,429.62,0.0,0.5812,950.0,356.389333,Valley,Main_0_2399
1662,RegionC,417.17,0.0,0.5511,950.0,359.584,Valley,Main_0_2399
1662,RegionD,267.74,208.84,0.4208,950.0,409.309,Valley,Main_0_2399
1662,RegionE,236.6,184.55,0.2204,950.0,382.913333,Valley,Main_0_2399
1662,RegionF,249.06,194.27,0.2605,950.0,454.836667,Valley,Main_0_2399
1663,RegionA,689.99,0.0,0.609,1012.13,394.958667,Flat,Main_0_2399
1663,RegionB,661.24,0.0,0.5697,1012.13,354.759667,Flat,Main_0_2399
1663,RegionC,642.07,0.0,0.5402,1012.13,347.085333,Flat,Main_0_2399
1663,RegionD,412.08,321.42,0.4125,1012.13,438.007667,Flat,Main_0_2399
1663,RegionE,364.16,284.04,0.2161,1012.13,379.880667,Flat,Main_0_2399
1663,RegionF,383.33,299.0,0.2554,1012.13,440.09,Flat,Main_0_2399
1664,RegionA,690.3,0.0,0.5967,1059.81,393.583333,Flat,Main_0_2399
1664,RegionB,661.53,0.0,0.5582,1059.81,356.184333,Flat,Main_0_2399
1664,RegionC,642.36,0.0,0.5293,1059.81,354.315333,Flat,Main_0_2399
1664,RegionD,412.26,321.56,0.4042,1059.81,361.704,Flat,Main_0_2399
1664,RegionE,364.32,284.17,0.2117,1059.81,355.071333,Flat,Main_0_2399
1664,RegionF,383.5,299.13,0.2502,1059.81,419.290333,Flat,Main_0_2399
1665,RegionA,690.61,0.0,0.5853,1089.78,395.343333,Flat,Main_0_2399
1665,RegionB,661.84,0.0,0.5475,1089.78,360.728333,Flat,Main_0_2399
1665,RegionC,642.65,0.0,0.5192,1089.78,376.194333,Flat,Main_0_2399
1665,RegionD,412.45,321.71,0.3965,1089.78,320.268333,Flat,Main_0_2399
1665,RegionE,364.49,284.3,0.2077,1089.78,397.986667,Flat,Main_0_2399
1665,RegionF,383.67,299.26,0.2455,1089.78,383.48,Flat,Main_0_2399
1666,RegionA,690.93,0.0,0.5756,1100.0,398.763,Flat,Main_0_2399
1666,RegionB,662.15,0.0,0.5385,1100.0,371.510667,Flat,Main_0_2399
1666,RegionC,642.95,0.0,0.5106,1100.0,380.214667,Flat,Main_0_2399
1666,RegionD,412.64,321.86,0.3899,1100.0,306.195,Flat,Main_0_2399
1666,RegionE,364.66,284.43,0.2043,1100.0,349.628333,Flat,Main_0_2399
1666,RegionF,383.85,299.4,0.2414,1100.0,361.367333,Flat,Main_0_2399
1667,RegionA,691.27,0.0,0.5684,1089.78,364.056667,Flat,Main_0_2399
1667,RegionB,662.46,0.0,0.5317,1089.78,359.728667,Flat,Main_0_2399
1667,RegionC,643.26,0.0,0.5042,1089.78,382.776667,Flat,Main_0_2399
1667,RegionD,412.84,322.02,0.385,1089.78,251.918,Flat,Main_0_2399
1667,RegionE,364.83,284.57,0.2017,1089.78,341.514,Flat,Main_0_2399
1667,RegionF,384.04,299.55,0.2383,1089.78,311.33,Flat,Main_0_2399
1668,RegionA,691.6,0.0,0.564,1059.81,320.701,Flat,Main_0_2399
1668,RegionB,662.79,0.0,0.5276,1059.81,297.403333,Flat,Main_0_2399
1668,RegionC,643.58,0.0,0.5003,1059.81,359.491333,Flat,Main_0_2399
1668,RegionD,413.04,322.17,0.3821,1059.81,242.94,Flat,Main_0_2399
1668,RegionE,365.01,284.71,0.2001,1059.81,288.784,Flat,Main_0_2399
1668,RegionF,384.22,299.69,0.2365,1059.81,273.467333,Flat,Main_0_2399
1669,RegionA,691.95,0.0,0.563,1012.13,315.224667,Flat,Main_0_2399
1669,RegionB,663.12,0.0,0.5266,1012.13,304.476,Flat,Main_0_2399
1669,RegionC,643.9,0.0,0.4994,1012.13,331.105667,Flat,Main_0_2399
1669,RegionD,413.25,322.34,0.3814,1012.13,221.394,Flat,Main_0_2399
1669,RegionE,365.2,284.86,0.1998,1012.13,291.707667,Flat,Main_0_2399
1669,RegionF,384.42,299.85,0.2361,1012.13,226.663667,Flat,Main_0_2399
1670,RegionA,692.3,0.0,0.5653,950.0,296.296333,Flat,Main_0_2399
1670,RegionB,663.45,0.0,0.5288,950.0,300.598333,Flat,Main_0_2399
1670,RegionC,644.22,0.0,0.5015,950.0,310.409,Flat,Main_0_2399
1670,RegionD,413.46,322.5,0.3829,950.0,241.967333,Flat,Main_0_2399
1670,RegionE,365.38,285.0,0.2006,950.0,237.996667,Flat,Main_0_2399
1670,RegionF,384.61,300.0,0.2371,950.0,251.701333,Flat,Main_0_2399
1671,RegionA,692.66,0.0,0.5709,877.65,261.890333,Flat,Main_0_2399
1671,RegionB,663.8,0.0,0.5341,877.65,287.421,Flat,Main_0_2399
1671,RegionC,644.56,0.0,0.5064,877.65,280.337333,Flat,Main_0_2399
1671,RegionD,413.67,322.66,0.3867,877.65,209.4,Flat,Main_0_2399
1671,RegionE,365.57,285.14,0.2026,877.65,233.643,Flat,Main_0_2399
1671,RegionF,384.81,300.15,0.2394,877.65,216.619,Flat,Main_0_2399
1672,RegionA,693.02,0.0,0.5794,800.0,231.351333,Flat,Main_0_2399
1672,RegionB,664.14,0.0,0.5421,800.0,239.298,Flat,Main_0_2399
1672,RegionC,644.89,0.0,0.514,800.0,224.494,Flat,Main_0_2399
1672,RegionD,413.89,322.83,0.3925,800.0,136.388,Flat,Main_0_2399
1672,RegionE,365.76,285.29,0.2056,800.0,214.380333,Flat,Main_0_2399
1672,RegionF,385.01,300.31,0.243,800.0,215.809333,Flat,Main_0_2399
1673,RegionA,1005.41,0.0,0.5904,722.35,221.89,Peak,Main_0_2399
1673,RegionB,963.52,0.0,0.5523,722.35,220.196,Peak,Main_0_2399
1673,RegionC,935.59,0.0,0.5237,722.35,175.990667,Peak,Main_0_2399
1673,RegionD,600.45,468.35,0.3999,722.35,127.018333,Peak,Main_0_2399
1673,RegionE,530.63,413.89,0.2095,722.35,163.666667,Peak,Main_0_2399
1673,RegionF,558.56,435.68,0.2476,722.35,194.87,Peak,Main_0_2399
1674,RegionA,1005.95,0.0,0.603,650.0,202.055667,Peak,Main_0_2399
1674,RegionB,964.03,0.0,0.5641,650.0,206.674,Peak,Main_0_2399
1674,RegionC,936.09,0.0,0.5349,650.0,195.182,Peak,Main_0_2399
1674,RegionD,600.77,468.6,0.4085,650.0,113.210667,Peak,Main_0_2399
1674,RegionE,530.92,414.12,0.214,650.0,213.151333,Peak,Main_0_2399
1674,RegionF,558.86,435.91,0.2529,650.0,199.755333,Peak,Main_0_2399
1675,RegionA,1006.49,0.0,0.6165,587.87,224.806,Peak,Main_0_2399
1675,RegionB,964.55,0.0,0.5768,587.87,203.653333,Peak,Main_0_2399
1675,RegionC,936.59,0.0,0.5469,587.87,215.168667,Peak,Main_0_2399
1675,RegionD,601.1,468.86,0.4177,587.87,128.2,Peak,Main_0_2399
1675,RegionE,531.2,414.34,0.2188,587.87,238.583333,Peak,Main_0_2399
1675,RegionF,559.16,436.14,0.2585,587.87,156.73,Peak,Main_0_2399
1676,RegionA,1007.03,0.0,0.6301,540.19,217.669,Peak,Main_0_2399
1676,RegionB,965.07,0.0,0.5894,540.19,214.383667,Peak,Main_0_2399
1676,RegionC,937.1,0.0,0.5589,540.19,236.23,Peak,Main_0_2399
1676,RegionD,601.42,469.11,0.4268,540.19,107.812667,Peak,Main_0_2399
1676,RegionE,531.49,414.56,0.2236,540.19,207.57,Peak,Main_0_2399
1676,RegionF,559.46,436.38,0.2642,540.19,182.654667,Peak,Main_0_2399
1677,RegionA,1007.58,0.0,0.6427,510.22,259.832,Peak,Main_0_2399
1677,RegionB,965.6,0.0,0.6013,510.22,250.399333,Peak,Main_0_2399
1677,RegionC,937.61,0.0,0.5702,510.22,238.871333,Peak,Main_0_2399
1677,RegionD,601.75,469.37,0.4354,510.22,141.853333,Peak,Main_0_2399
1677,RegionE,531.78,414.79,0.2281,510.22,240.238,Peak,Main_0_2399
1677,RegionF,559.77,436.62,0.2695,510.22,183.438667,Peak,Main_0_2399
1678,RegionA,625.74,0.0,0.6537,500.0,295.768,Flat,Main_0_2399
1678,RegionB,599.67,0.0,0.6115,500.0,275.262667,Flat,Main_0_2399
1678,RegionC,582.29,0.0,0.5799,500.0,280.675,Flat,Main_0_2399
1678,RegionD,373.71,291.49,0.4428,500.0,152.29,Flat,Main_0_2399
1678,RegionE,330.25,257.6,0.232,500.0,227.602667,Flat,Main_0_2399
1678,RegionF,347.63,271.15,0.2741,500.0,212.171333,Flat,Main_0_2399
1679,RegionA,626.09,0.0,0.6623,510.22,277.326,Flat,Main_0_2399
1679,RegionB,600.0,0.0,0.6195,510.22,318.222667,Flat,Main_0_2399
1679,RegionC,582.61,0.0,0.5875,510.22,309.75,Flat,Main_0_2399
1679,RegionD,373.91,291.65,0.4486,510.22,254.639,Flat,Main_0_2399
1679,RegionE,330.43,257.74,0.235,510.22,243.060667,Flat,Main_0_2399
1679,RegionF,347.83,271.31,0.2777,510.22,246.716,Flat,Main_0_2399
1680,RegionA,452.42,0.0,0.6679,540.19,369.207333,Valley,Main_0_2399
1680,RegionB,433.57,0.0,0.6248,540.19,338.979,Valley,Main_0_2399
1680,RegionC,421.0,0.0,0.5925,540.19,328.743333,Valley,Main_0_2399
1680,RegionD,270.2,210.76,0.4525,540.19,279.510333,Valley,Main_0_2399
1680,RegionE,238.78,186.25,0.237,540.19,285.177333,Valley,Main_0_2399
1680,RegionF,251.35,196.05,0.2801,540.19,316.688667,Valley,Main_0_2399
1681,RegionA,452.67,0.0,0.6703,587.87,358.859,Valley,Main_0_2399
1681,RegionB,433.81,0.0,0.6271,587.87,364.296,Valley,Main_0_2399
1681,RegionC,421.24,0.0,0.5946,587.87,353.942333,Valley,Main_0_2399
1681,RegionD,270.35,210.87,0.4541,587.87,275.68,Valley,Main_0_2399
1681,RegionE,238.91,186.35,0.2378,587.87,307.436,Valley,Main_0_2399
1681,RegionF,251.48,196.15,0.2811,587.87,296.53,Valley,Main_0_2399
1682,RegionA,452.92,0.0,0.6693,650.0,392.401333,Valley,Main_0_2399
1682,RegionB,434.05,0.0,0.6261,650.0,377.75,Valley,Main_0_2399
1682,RegionC,421.47,0.0,0.5937,650.0,378.889333,Valley,Main_0_2399
1682,RegionD,270.49,210.98,0.4534,650.0,315.372,Valley,Main_0_2399
1682,RegionE,239.04,186.45,0.2375,650.0,332.8,Valley,Main_0_2399
1682,RegionF,251.62,196.26,0.2807,650.0,338.014,Valley,Main_0_2399
1683,RegionA,453.17,0.0,0.665,722.35,381.704,Valley,Main_0_2399
1683,RegionB,434.29,0.0,0.6221,722.35,381.205,Valley,Main_0_2399
1683,RegionC,421.7,0.0,0.59,722.35,380.150333,Valley,Main_0_2399
1683,RegionD,270.64,211.1,0.4505,722.35,298.614,Valley,Main_0_2399
1683,RegionE,239.17,186.55,0.236,722.35,341.444667,Valley,Main_0_2399
1683,RegionF,251.76,196.37,0.2789,722.35,365.766,Valley,Main_0_2399
1684,RegionA,453.42,0.0,0.6578,800.0,380.337333,Valley,Main_0_2399
1684,RegionB,434.52,0.0,0.6154,800.0,359.647333,Valley,Main_0_2399
1684,RegionC,421.93,0.0,0.5836,800.0,364.224,Valley,Main_0_2399
1684,RegionD,270.79,211.22,0.4456,800.0,317.158,Valley,Main_0_2399
1684,RegionE,239.3,186.65,0.2334,800.0,370.332667,Valley,Main_0_2399
1684,RegionF,251.9,196.48,0.2759,800.0,423.969333,Valley,Main_0_2399
1685,RegionA,453.66,0.0,0.6483,877.65,383.666333,Valley,Main_0_2399
1685,RegionB,434.76,0.0,0.6064,877.65,371.9,Valley,Main_0_2399
1685,RegionC,422.16,0.0,0.5751,877.65,348.830667,Valley,Main_0_2399
1685,RegionD,270.94,211.33,0.4391,877.65,365.252,Valley,Main_0_2399
1685,RegionE,239.43,186.76,0.23,877.65,348.029333,Valley,Main_0_2399
1685,RegionF,252.03,196.58,0.2719,877.65,399.201333,Valley,Main_0_2399
1686,RegionA,453.91,0.0,0.637,950.0,384.892333,Valley,Main_0_2399
1686,RegionB,434.99,0.0,0.5959,950.0,376.804667,Valley,Main_0_2399
1686,RegionC,422.38,0.0,0.5651,950.0,366.301333,Valley,Main_0_2399
1686,RegionD,271.08,211.44,0.4315,950.0,405.318,Valley,Main_0_2399
1686,RegionE,239.56,186.86,0.226,950.0,378.644667,Valley,Main_0_2399
1686,RegionF,252.17,196.69,0.2671,950.0,418.715333,Valley,Main_0_2399
1687,RegionA,698.69,0.0,0.6248,1012.13,382.733,Flat,Main_0_2399
1687,RegionB,669.58,0.0,0.5845,1012.13,375.598,Flat,Main_0_2399
1687,RegionC,650.17,0.0,0.5543,1012.13,369.121333,Flat,Main_0_2399
1687,RegionD,417.27,325.47,0.4233,1012.13,361.388,Flat,Main_0_2399
1687,RegionE,368.75,287.62,0.2217,1012.13,405.22,Flat,Main_0_2399
1687,RegionF,388.16,302.76,0.262,1012.13,418.330667,Flat,Main_0_2399
1688,RegionA,699.06,0.0,0.6126,1059.81,387.060667,Flat,Main_0_2399
1688,RegionB,669.93,0.0,0.5731,1059.81,377.765333,Flat,Main_0_2399
1688,RegionC,650.51,0.0,0.5435,1059.81,372.589333,Flat,Main_0_2399
1688,RegionD,417.49,325.64,0.415,1059.81,352.375333,Flat,Main_0_2399
1688,RegionE,368.95,287.78,0.2174,1059.81,371.477333,Flat,Main_0_2399
1688,RegionF,388.37,302.93,0.2569,1059.81,384.377,Flat,Main_0_2399
1689,RegionA,699.42,0.0,0.6013,1089.78,389.298667,Flat,Main_0_2399
1689,RegionB,670.28,0.0,0.5625,1089.78,374.124667,Flat,Main_0_2399
1689,RegionC,650.85,0.0,0.5334,1089.78,372.014667,Flat,Main_0_2399
1689,RegionD,417.71,325.81,0.4074,1089.78,352.034667,Flat,Main_0_2399
1689,RegionE,369.14,287.93,0.2134,1089.78,335.326,Flat,Main_0_2399
1689,RegionF,388.57,303.08,0.2522,1089.78,361.836667,Flat,Main_0_2399
1690,RegionA,699.78,0.0,0.5917,1100.0,386.948,Flat,Main_0_2399
1690,RegionB,670.63,0.0,0.5535,1100.0,370.602667,Flat,Main_0_2399
1690,RegionC,651.19,0.0,0.5249,1100.0,357.808,Flat,Main_0_2399
1690,RegionD,417.93,325.99,0.4008,1100.0,358.397333,Flat,Main_0_2399
1690,RegionE,369.33,288.08,0.21,1100.0,287.640667,Flat,Main_0_2399
1690,RegionF,388.77,303.24,0.2481,1100.0,307.023333,Flat,Main_0_2399
1691,RegionA,700.14,0.0,0.5845,1089.78,336.793333,Flat,Main_0_2399
1691,RegionB,670.97,0.0,0.5468,1089.78,369.404333,Flat,Main_0_2399
1691,RegionC,651.52,0.0,0.5185,1089.78,332.188667,Flat,Main_0_2399
1691,RegionD,418.14,326.15,0.3959,1089.78,254.734,Flat,Main_0_2399
1691,RegionE,369.52,288.23,0.2074,1089.78,291.660667,Flat,Main_0_2399
1691,RegionF,388.97,303.4,0.2451,1089.78,311.486667,Flat,Main_0_2399
1692,RegionA,700.49,0.0,0.5802,1059.81,326.324667,Flat,Main_0_2399
1692,RegionB,671.3,0.0,0.5427,1059.81,315.745667,Flat,Main_0_2399
1692,RegionC,651.84,0.0,0.5147,1059.81,307.060667,Flat,Main_0_2399
1692,RegionD,418.35,326.31,0.393,1059.81,222.065667,Flat,Main_0_2399
1692,RegionE,369.7,288.37,0.2059,1059.81,249.420333,Flat,Main_0_2399
1692,RegionF,389.16,303.54,0.2433,1059.81,239.672667,Flat,Main_0_2399
1693,RegionA,700.83,0.0,0.5791,1012.13,313.084333,Flat,Main_0_2399
1693,RegionB,671.63,0.0,0.5417,1012.13,287.860667,Flat,Main_0_2399
1693,RegionC,652.16,0.0,0.5137,1012.13,300.48,Flat,Main_0_2399
1693,RegionD,418.55,326.47,0.3923,1012.13,211.728,Flat,Main_0_2399
1693,RegionE,369.88,288.51,0.2055,1012.13,274.915667,Flat,Main_0_2399
1693,RegionF,389.35,303.69,0.2428,1012.13,233.806667,Flat,Main_0_2399
1694,RegionA,701.16,0.0,0.5814,950.0,285.647,Flat,Main_0_2399
1694,RegionB,671.95,0.0,0.5439,950.0,279.393333,Flat,Main_0_2399
1694,RegionC,652.47,0.0,0.5157,950.0,290.994667,Flat,Main_0_2399
1694,RegionD,418.75,326.62,0.3938,950.0,205.043333,Flat,Main_0_2399
1694,RegionE,370.06,288.65,0.2063,950.0,240.466667,Flat,Main_0_2399
1694,RegionF,389.54,303.84,0.2438,950.0,271.022,Flat,Main_0_2399
1695,RegionA,701.49,0.0,0.5869,877.65,265.430333,Flat,Main_0_2399
1695,RegionB,672.26,0.0,0.5491,877.65,235.479333,Flat,Main_0_2399
1695,RegionC,652.78,0.0,0.5207,877.65,228.080333,Flat,Main_0_2399
1695,RegionD,418.95,326.78,0.3976,877.65,169.05,Flat,Main_0_2399
1695,RegionE,370.23,288.78,0.2083,877.65,225.546333,Flat,Main_0_2399
1695,RegionF,389.72,303.98,0.2461,877.65,254.539333,Flat,Main_0_2399
1696,RegionA,701.81,0.0,0.5954,800.0,230.326667,Flat,Main_0_2399
1696,RegionB,672.57,0.0,0.557,800.0,203.459667,Flat,Main_0_2399
1696,RegionC,653.08,0.0,0.5282,800.0,251.742667,Flat,Main_0_2399
1696,RegionD,419.14,326.93,0.4033,800.0,139.949333,Flat,Main_0_2399
1696,RegionE,370.4,288.91,0.2113,800.0,143.726,Flat,Main_0_2399
1696,RegionF,389.9,304.12,0.2497,800.0,208.415,Flat,Main_0_2399
1697,RegionA,1018.08,0.0,0.6062,722.35,215.468667,Peak,Main_0_2399
1697,RegionB,975.66,0.0,0.5671,722.35,182.880333,Peak,Main_0_2399
1697,RegionC,947.38,0.0,0.5378,722.35,232.632667,Peak,Main_0_2399
1697,RegionD,608.02,474.26,0.4107,722.35,180.601,Peak,Main_0_2399
1697,RegionE,537.32,419.11,0.2151,722.35,131.592667,Peak,Main_0_2399
1697,RegionF,565.6,441.17,0.2542,722.35,158.87,Peak,Main_0_2399
1698,RegionA,1018.52,0.0,0.6188,650.0,229.335333,Peak,Main_0_2399
1698,RegionB,976.08,0.0,0.5788,650.0,197.789,Peak,Main_0_2399
1698,RegionC,947.79,0.0,0.5489,650.0,207.274667,Peak,Main_0_2399
1698,RegionD,608.28,474.46,0.4192,650.0,137.408667,Peak,Main_0_2399
1698,RegionE,537.55,419.29,0.2196,650.0,111.765333,Peak,Main_0_2399
1698,RegionF,565.84,441.36,0.2595,650.0,152.773333,Peak,Main_0_2399
1699,RegionA,1018.94,0.0,0.6321,587.87,228.414667,Peak,Main_0_2399
1699,RegionB,976.49,0.0,0.5913,587.87,185.781,Peak,Main_0_2399
1699,RegionC,948.18,0.0,0.5608,587.87,223.125333,Peak,Main_0_2399
1699,RegionD,608.54,474.66,0.4282,587.87,185.867667,Peak,Main_0_2399
1699,RegionE,537.78,419.47,0.2243,587.87,141.094,Peak,Main_0_2399
1699,RegionF,566.08,441.54,0.2651,587.87,168.135,Peak,Main_0_2399
1700,RegionA,1019.36,0.0,0.6455,540.19,212.692333,Peak,Main_0_2399
1700,RegionB,976.88,0.0,0.6038,540.19,235.733333,Peak,Main_0_2399
1700,RegionC,948.57,0.0,0.5726,540.19,221.153333,Peak,Main_0_2399
1700,RegionD,608.78,474.85,0.4373,540.19,165.281667,Peak,Main_0_2399
1700,RegionE,537.99,419.63,0.229,540.19,155.768,Peak,Main_0_2399
1700,RegionF,566.31,441.72,0.2707,540.19,186.599667,Peak,Main_0_2399
1701,RegionA,1019.75,0.0,0.658,510.22,268.852,Peak,Main_0_2399
1701,RegionB,977.26,0.0,0.6155,510.22,256.212,Peak,Main_0_2399
1701,RegionC,948.94,0.0,0.5837,510.22,273.106,Peak,Main_0_2399
1701,RegionD,609.02,475.04,0.4457,510.22,183.151667,Peak,Main_0_2399
1701,RegionE,538.2,419.8,0.2335,510.22,205.534333,Peak,Main_0_2399
1701,RegionF,566.53,441.89,0.2759,510.22,192.676667,Peak,Main_0_2399
1702,RegionA,633.19,0.0,0.6687,500.0,275.951667,Flat,Main_0_2399
1702,RegionB,606.8,0.0,0.6256,500.0,287.156,Flat,Main_0_2399
1702,RegionC,589.22,0.0,0.5932,500.0,268.582667,Flat,Main_0_2399
1702,RegionD,378.15,294.96,0.453,500.0,200.386,Flat,Main_0_2399
1702,RegionE,334.18,260.66,0.2373,500.0,229.986333,Flat,Main_0_2399
1702,RegionF,351.77,274.38,0.2804,500.0,219.515333,Flat,Main_0_2399
1703,RegionA,633.41,0.0,0.6771,510.22,295.576,Flat,Main_0_2399
1703,RegionB,607.02,0.0,0.6334,510.22,301.936667,Flat,Main_0_2399
1703,RegionC,589.43,0.0,0.6006,510.22,275.943333,Flat,Main_0_2399
1703,RegionD,378.29,295.07,0.4586,510.22,208.151,Flat,Main_0_2399
1703,RegionE,334.3,260.75,0.2402,510.22,249.003333,Flat,Main_0_2399
1703,RegionF,351.9,274.48,0.2839,510.22,247.742667,Flat,Main_0_2399
1704,RegionA,457.62,0.0,0.6825,540.19,364.774667,Valley,Main_0_2399
1704,RegionB,438.56,0.0,0.6384,540.19,289.35,Valley,Main_0_2399
1704,RegionC,425.84,0.0,0.6054,540.19,308.368667,Valley,Main_0_2399
1704,RegionD,273.3,213.17,0.4623,540.19,260.038,Valley,Main_0_2399
1704,RegionE,241.52,188.39,0.2422,540.19,300.516,Valley,Main_0_2399
1704,RegionF,254.24,198.31,0.2862,540.19,305.546667,Valley,Main_0_2399
1705,RegionA,457.77,0.0,0.6846,587.87,357.164,Valley,Main_0_2399
1705,RegionB,438.7,0.0,0.6404,587.87,346.418,Valley,Main_0_2399
1705,RegionC,425.98,0.0,0.6073,587.87,328.38,Valley,Main_0_2399
1705,RegionD,273.39,213.24,0.4637,587.87,303.487,Valley,Main_0_2399
1705,RegionE,241.6,188.45,0.2429,587.87,327.612667,Valley,Main_0_2399
1705,RegionF,254.32,198.37,0.2871,587.87,323.285667,Valley,Main_0_2399
1706,RegionA,457.91,0.0,0.6833,650.0,370.208667,Valley,Main_0_2399
1706,RegionB,438.83,0.0,0.6392,650.0,361.68,Valley,Main_0_2399
1706,RegionC,426.11,0.0,0.6061,650.0,374.614333,Valley,Main_0_2399
1706,RegionD,273.48,213.31,0.4629,650.0,319.388,Valley,Main_0_2399
1706,RegionE,241.68,188.51,0.2425,650.0,323.7,Valley,Main_0_2399
1706,RegionF,254.4,198.43,0.2865,650.0,393.635,Valley,Main_0_2399
1707,RegionA,458.05,0.0,0.6787,722.35,379.330667,Valley,Main_0_2399
1707,RegionB,438.96,0.0,0.6349,722.35,372.641333,Valley,Main_0_2399
1707,RegionC,426.24,0.0,0.6021,722.35,381.741333,Valley,Main_0_2399
1707,RegionD,273.56,213.38,0.4598,722.35,323.653333,Valley,Main_0_2399
1707,RegionE,241.75,188.56,0.2408,722.35,383.54,Valley,Main_0_2399
1707,RegionF,254.47,198.49,0.2846,722.35,344.529333,Valley,Main_0_2399
1708,RegionA,458.17,0.0,0.6712,800.0,390.798667,Valley,Main_0_2399
1708,RegionB,439.08,0.0,0.6279,800.0,379.287333,Valley,Main_0_2399
1708,RegionC,426.35,0.0,0.5954,800.0,382.733333,Valley,Main_0_2399
1708,RegionD,273.63,213.43,0.4547,800.0,340.906333,Valley,Main_0_2399
1708,RegionE,241.81,188.61,0.2382,800.0,366.922667,Valley,Main_0_2399
1708,RegionF,254.54,198.54,0.2815,800.0,411.083333,Valley,Main_0_2399
1709,RegionA,458.29,0.0,0.6612,877.65,376.725333,Valley,Main_0_2399
1709,RegionB,439.19,0.0,0.6186,877.65,382.325,Valley,Main_0_2399
1709,RegionC,426.46,0.0,0.5866,877.65,375.350667,Valley,Main_0_2399
1709,RegionD,273.7,213.49,0.4479,877.65,341.145333,Valley,Main_0_2399
1709,RegionE,241.87,188.66,0.2346,877.65,386.358667,Valley,Main_0_2399
1709,RegionF,254.61,198.6,0.2773,877.65,381.266667,Valley,Main_0_2399
1710,RegionA,458.4,0.0,0.6496,950.0,383.266,Valley,Main_0_2399
1710,RegionB,439.3,0.0,0.6077,950.0,381.494333,Valley,Main_0_2399
1710,RegionC,426.56,0.0,0.5763,950.0,357.470667,Valley,Main_0_2399
1710,RegionD,273.77,213.54,0.44,950.0,366.451667,Valley,Main_0_2399
1710,RegionE,241.93,188.71,0.2305,950.0,366.192,Valley,Main_0_2399
1710,RegionF,254.67,198.64,0.2724,950.0,393.292,Valley,Main_0_2399
1711,RegionA,705.38,0.0,0.637,1012.13,383.71,Flat,Main_0_2399
1711,RegionB,675.99,0.0,0.5959,1012.13,383.169333,Flat,Main_0_2399
1711,RegionC,656.4,0.0,0.5651,1012.13,362.023333,Flat,Main_0_2399
1711,RegionD,421.27,328.59,0.4315,1012.13,393.451,Flat,Main_0_2399
1711,RegionE,372.28,290.38,0.226,1012.13,339.287333,Flat,Main_0_2399
1711,RegionF,391.88,305.67,0.2671,1012.13,411.025,Flat,Main_0_2399
1712,RegionA,705.52,0.0,0.6245,1059.81,389.584,Flat,Main_0_2399
1712,RegionB,676.12,0.0,0.5842,1059.81,374.225333,Flat,Main_0_2399
1712,RegionC,656.52,0.0,0.554,1059.81,382.32,Flat,Main_0_2399
1712,RegionD,421.35,328.65,0.423,1059.81,368.085333,Flat,Main_0_2399
1712,RegionE,372.36,290.44,0.2216,1059.81,329.154,Flat,Main_0_2399
1712,RegionF,391.96,305.73,0.2619,1059.81,386.690667,Flat,Main_0_2399
1713,RegionA,705.64,0.0,0.6128,1089.78,392.702333,Flat,Main_0_2399
1713,RegionB,676.24,0.0,0.5732,1089.78,372.587333,Flat,Main_0_2399
1713,RegionC,656.64,0.0,0.5436,1089.78,381.742,Flat,Main_0_2399
1713,RegionD,421.43,328.72,0.4151,1089.78,283.546667,Flat,Main_0_2399
1713,RegionE,372.42,290.49,0.2174,1089.78,333.342667,Flat,Main_0_2399
1713,RegionF,392.02,305.78,0.257,1089.78,375.24,Flat,Main_0_2399
1714,RegionA,705.76,0.0,0.6027,1100.0,392.805333,Flat,Main_0_2399
1714,RegionB,676.35,0.0,0.5638,1100.0,382.673333,Flat,Main_0_2399
1714,RegionC,656.75,0.0,0.5347,1100.0,381.092,Flat,Main_0_2399
1714,RegionD,421.49,328.76,0.4083,1100.0,289.860333,Flat,Main_0_2399
1714,RegionE,372.48,290.53,0.2139,1100.0,301.081667,Flat,Main_0_2399
1714,RegionF,392.09,305.83,0.2527,1100.0,349.406333,Flat,Main_0_2399
1715,RegionA,705.85,0.0,0.595,1089.78,359.360667,Flat,Main_0_2399
1715,RegionB,676.44,0.0,0.5566,1089.78,347.548333,Flat,Main_0_2399
1715,RegionC,656.84,0.0,0.5278,1089.78,373.743333,Flat,Main_0_2399
1715,RegionD,421.55,328.81,0.4031,1089.78,223.255333,Flat,Main_0_2399
1715,RegionE,372.53,290.57,0.2111,1089.78,292.304,Flat,Main_0_2399
1715,RegionF,392.14,305.87,0.2495,1089.78,338.666667,Flat,Main_0_2399
1716,RegionA,705.94,0.0,0.5902,1059.81,323.097333,Flat,Main_0_2399
1716,RegionB,676.52,0.0,0.5521,1059.81,337.62,Flat,Main_0_2399
1716,RegionC,656.91,0.0,0.5236,1059.81,341.115,Flat,Main_0_2399
1716,RegionD,421.6,328.85,0.3998,1059.81,212.672,Flat,Main_0_2399
1716,RegionE,372.58,290.61,0.2094,1059.81,298.859333,Flat,Main_0_2399
1716,RegionF,392.19,305.91,0.2475,1059.81,321.13,Flat,Main_0_2399
1717,RegionA,706.0,0.0,0.5887,1012.13,290.171333,Flat,Main_0_2399
1717,RegionB,676.59,0.0,0.5507,1012.13,294.575667,Flat,Main_0_2399
1717,RegionC,656.98,0.0,0.5222,1012.13,324.115667,Flat,Main_0_2399
1717,RegionD,421.64,328.88,0.3988,1012.13,217.014667,Flat,Main_0_2399
1717,RegionE,372.61,290.64,0.2089,1012.13,255.585,Flat,Main_0_2399
1717,RegionF,392.22,305.93,0.2469,1012.13,323.642,Flat,Main_0_2399
1718,RegionA,706.06,0.0,0.5905,950.0,292.202333,Flat,Main_0_2399
1718,RegionB,676.64,0.0,0.5524,950.0,268.291333,Flat,Main_0_2399
1718,RegionC,657.03,0.0,0.5238,950.0,303.45,Flat,Main_0_2399
1718,RegionD,421.67,328.9,0.4,950.0,204.190333,Flat,Main_0_2399
1718,RegionE,372.64,290.66,0.2095,950.0,260.055333,Flat,Main_0_2399
1718,RegionF,392.25,305.95,0.2476,950.0,278.776,Flat,Main_0_2399
1719,RegionA,706.1,0.0,0.5955,877.65,251.926333,Flat,Main_0_2399
1719,RegionB,676.68,0.0,0.5571,877.65,256.592667,Flat,Main_0_2399
1719,RegionC,657.06,0.0,0.5283,877.65,276.268667,Flat,Main_0_2399
1719,RegionD,421.7,328.93,0.4034,877.65,187.121667,Flat,Main_0_2399
1719,RegionE,372.66,290.67,0.2113,877.65,242.729333,Flat,Main_0_2399
1719,RegionF,392.28,305.98,0.2497,877.65,246.240667,Flat,Main_0_2399
1720,RegionA,706.12,0.0,0.6035,800.0,223.946,Flat,Main_0_2399
1720,RegionB,676.7,0.0,0.5645,800.0,232.62,Flat,Main_0_2399
1720,RegionC,657.08,0.0,0.5353,800.0,229.365,Flat,Main_0_2399
1720,RegionD,421.71,328.93,0.4088,800.0,176.394,Flat,Main_0_2399
1720,RegionE,372.67,290.68,0.2141,800.0,214.712667,Flat,Main_0_2399
1720,RegionF,392.29,305.99,0.2531,800.0,218.972,Flat,Main_0_2399
1721,RegionA,1023.89,0.0,0.6138,722.35,224.360667,Peak,Main_0_2399
1721,RegionB,981.23,0.0,0.5742,722.35,188.831333,Peak,Main_0_2399
1721,RegionC,952.78,0.0,0.5445,722.35,234.763667,Peak,Main_0_2399
1721,RegionD,611.49,476.96,0.4158,722.35,176.308667,Peak,Main_0_2399
1721,RegionE,540.39,421.5,0.2178,722.35,188.9,Peak,Main_0_2399
1721,RegionF,568.83,443.69,0.2574,722.35,199.246667,Peak,Main_0_2399
1722,RegionA,1023.88,0.0,0.6258,650.0,234.984,Peak,Main_0_2399
1722,RegionB,981.22,0.0,0.5854,650.0,213.994667,Peak,Main_0_2399
1722,RegionC,952.78,0.0,0.5551,650.0,203.333333,Peak,Main_0_2399
1722,RegionD,611.48,476.95,0.4239,650.0,184.228667,Peak,Main_0_2399
1722,RegionE,540.38,421.5,0.222,650.0,125.5,Peak,Main_0_2399
1722,RegionF,568.82,443.68,0.2624,650.0,158.245333,Peak,Main_0_2399
1723,RegionA,1023.85,0.0,0.6386,587.87,239.998667,Peak,Main_0_2399
1723,RegionB,981.19,0.0,0.5974,587.87,195.399333,Peak,Main_0_2399
1723,RegionC,952.75,0.0,0.5665,587.87,238.646667,Peak,Main_0_2399
1723,RegionD,611.47,476.95,0.4326,587.87,145.038333,Peak,Main_0_2399
1723,RegionE,540.36,421.48,0.2266,587.87,138.892,Peak,Main_0_2399
1723,RegionF,568.8,443.66,0.2678,587.87,153.191333,Peak,Main_0_2399
1724,RegionA,1023.8,0.0,0.6514,540.19,254.764,Peak,Main_0_2399
1724,RegionB,981.14,0.0,0.6094,540.19,199.580333,Peak,Main_0_2399
1724,RegionC,952.7,0.0,0.5778,540.19,218.590333,Peak,Main_0_2399
1724,RegionD,611.43,476.92,0.4413,540.19,179.974,Peak,Main_0_2399
1724,RegionE,540.34,421.47,0.2311,540.19,147.809333,Peak,Main_0_2399
1724,RegionF,568.78,443.65,0.2732,540.19,189.792,Peak,Main_0_2399
1725,RegionA,1023.72,0.0,0.6633,510.22,256.289333,Peak,Main_0_2399
1725,RegionB,981.07,0.0,0.6205,510.22,219.835333,Peak,Main_0_2399
1725,RegionC,952.63,0.0,0.5884,510.22,242.461667,Peak,Main_0_2399
1725,RegionD,611.39,476.88,0.4493,510.22,157.708667,Peak,Main_0_2399
1725,RegionE,540.3,421.43,0.2354,510.22,179.023333,Peak,Main_0_2399
1725,RegionF,568.74,443.62,0.2782,510.22,181.269667,Peak,Main_0_2399
1726,RegionA,635.36,0.0,0.6735,500.0,247.730667,Flat,Main_0_2399
1726,RegionB,608.88,0.0,0.63,500.0,251.991667,Flat,Main_0_2399
1726,RegionC,591.23,0.0,0.5974,500.0,268.334667,Flat,Main_0_2399
1726,RegionD,379.45,295.97,0.4562,500.0,186.617333,Flat,Main_0_2399
1726,RegionE,335.33,261.56,0.239,500.0,242.623333,Flat,Main_0_2399
1726,RegionF,352.98,275.32,0.2824,500.0,220.569333,Flat,Main_0_2399
1727,RegionA,635.28,0.0,0.6812,510.22,300.17,Flat,Main_0_2399
1727,RegionB,608.81,0.0,0.6373,510.22,327.629333,Flat,Main_0_2399
1727,RegionC,591.17,0.0,0.6043,510.22,337.972333,Flat,Main_0_2399
1727,RegionD,379.41,295.94,0.4615,510.22,244.283333,Flat,Main_0_2399
1727,RegionE,335.29,261.53,0.2417,510.22,228.856667,Flat,Main_0_2399
1727,RegionF,352.94,275.29,0.2857,510.22,197.746,Flat,Main_0_2399
1728,RegionA,458.75,0.0,0.686,540.19,295.259333,Valley,Main_0_2399
1728,RegionB,439.64,0.0,0.6418,540.19,344.900667,Valley,Main_0_2399
1728,RegionC,426.9,0.0,0.6086,540.19,340.628333,Valley,Main_0_2399
1728,RegionD,273.98,213.7,0.4647,540.19,235.426,Valley,Main_0_2399
1728,RegionE,242.12,188.85,0.2434,540.19,256.485333,Valley,Main_0_2399
1728,RegionF,254.86,198.79,0.2877,540.19,209.078,Valley,Main_0_2399
1729,RegionA,458.68,0.0,0.6876,587.87,360.074667,Valley,Main_0_2399
1729,RegionB,439.57,0.0,0.6432,587.87,370.917,Valley,Main_0_2399
1729,RegionC,426.83,0.0,0.6099,587.87,328.290667,Valley,Main_0_2399
1729,RegionD,273.94,213.67,0.4658,587.87,305.965333,Valley,Main_0_2399
1729,RegionE,242.08,188.82,0.244,587.87,294.134667,Valley,Main_0_2399
1729,RegionF,254.82,198.76,0.2883,587.87,272.608667,Valley,Main_0_2399
1730,RegionA,458.6,0.0,0.6857,650.0,387.309333,Valley,Main_0_2399
1730,RegionB,439.49,0.0,0.6414,650.0,381.630667,Valley,Main_0_2399
1730,RegionC,426.76,0.0,0.6083,650.0,355.17,Valley,Main_0_2399
1730,RegionD,273.89,213.63,0.4645,650.0,306.937333,Valley,Main_0_2399
1730,RegionE,242.04,188.79,0.2433,650.0,317.967333,Valley,Main_0_2399
1730,RegionF,254.78,198.73,0.2875,650.0,317.023,Valley,Main_0_2399
1731,RegionA,458.51,0.0,0.6805,722.35,390.871333,Valley,Main_0_2399
1731,RegionB,439.41,0.0,0.6366,722.35,386.923333,Valley,Main_0_2399
1731,RegionC,426.67,0.0,0.6037,722.35,378.474667,Valley,Main_0_2399
1731,RegionD,273.83,213.59,0.461,722.35,317.788,Valley,Main_0_2399
1731,RegionE,241.99,188.75,0.2415,722.35,373.322333,Valley,Main_0_2399
1731,RegionF,254.73,198.69,0.2854,722.35,346.237333,Valley,Main_0_2399
1732,RegionA,458.41,0.0,0.6724,800.0,394.513333,Valley,Main_0_2399
1732,RegionB,439.31,0.0,0.629,800.0,379.58,Valley,Main_0_2399
1732,RegionC,426.58,0.0,0.5965,800.0,344.192333,Valley,Main_0_2399
1732,RegionD,273.77,213.54,0.4555,800.0,349.304,Valley,Main_0_2399
1732,RegionE,241.94,188.71,0.2386,800.0,417.438,Valley,Main_0_2399
1732,RegionF,254.67,198.64,0.282,800.0,367.548333,Valley,Main_0_2399
1733,RegionA,458.31,0.0,0.6618,877.65,393.12,Valley,Main_0_2399
1733,RegionB,439.21,0.0,0.6191,877.65,374.846,Valley,Main_0_2399
1733,RegionC,426.48,0.0,0.5871,877.65,348.390667,Valley,Main_0_2399
1733,RegionD,273.71,213.49,0.4483,877.65,376.147333,Valley,Main_0_2399
1733,RegionE,241.88,188.67,0.2348,877.65,400.506667,Valley,Main_0_2399
1733,RegionF,254.61,198.6,0.2775,877.65,347.854,Valley,Main_0_2399
1734,RegionA,458.19,0.0,0.6496,950.0,395.023667,Valley,Main_0_2399
1734,RegionB,439.1,0.0,0.6077,950.0,374.789333,Valley,Main_0_2399
1734,RegionC,426.37,0.0,0.5763,950.0,348.845333,Valley,Main_0_2399
1734,RegionD,273.64,213.44,0.44,950.0,342.73,Valley,Main_0_2399
1734,RegionE,241.82,188.62,0.2305,950.0,427.055333,Valley,Main_0_2399
1734,RegionF,254.55,198.55,0.2724,950.0,399.510333,Valley,Main_0_2399
1735,RegionA,704.71,0.0,0.6364,1012.13,388.12,Flat,Main_0_2399
1735,RegionB,675.35,0.0,0.5954,1012.13,373.902333,Flat,Main_0_2399
1735,RegionC,655.77,0.0,0.5646,1012.13,358.249333,Flat,Main_0_2399
1735,RegionD,420.87,328.28,0.4311,1012.13,354.105333,Flat,Main_0_2399
1735,RegionE,371.93,290.11,0.2258,1012.13,452.148,Flat,Main_0_2399
1735,RegionF,391.51,305.38,0.2669,1012.13,360.459667,Flat,Main_0_2399
1736,RegionA,704.51,0.0,0.6233,1059.81,389.889333,Flat,Main_0_2399
1736,RegionB,675.15,0.0,0.5831,1059.81,374.354333,Flat,Main_0_2399
1736,RegionC,655.58,0.0,0.5529,1059.81,380.628,Flat,Main_0_2399
1736,RegionD,420.75,328.19,0.4222,1059.81,390.857333,Flat,Main_0_2399
1736,RegionE,371.82,290.02,0.2212,1059.81,422.048,Flat,Main_0_2399
1736,RegionF,391.39,305.28,0.2614,1059.81,324.75,Flat,Main_0_2399
1737,RegionA,704.29,0.0,0.6109,1089.78,378.237333,Flat,Main_0_2399
1737,RegionB,674.94,0.0,0.5715,1089.78,337.932,Flat,Main_0_2399
1737,RegionC,655.38,0.0,0.542,1089.78,378.173333,Flat,Main_0_2399
1737,RegionD,420.62,328.08,0.4139,1089.78,337.886667,Flat,Main_0_2399
1737,RegionE,371.71,289.93,0.2168,1089.78,388.22,Flat,Main_0_2399
1737,RegionF,391.27,305.19,0.2562,1089.78,325.000333,Flat,Main_0_2399
1738,RegionA,704.05,0.0,0.6003,1100.0,370.456,Flat,Main_0_2399
1738,RegionB,674.72,0.0,0.5616,1100.0,360.537333,Flat,Main_0_2399
1738,RegionC,655.16,0.0,0.5325,1100.0,371.334,Flat,Main_0_2399
1738,RegionD,420.48,327.97,0.4067,1100.0,307.283333,Flat,Main_0_2399
1738,RegionE,371.58,289.83,0.213,1100.0,341.784667,Flat,Main_0_2399
1738,RegionF,391.14,305.09,0.2517,1100.0,302.095333,Flat,Main_0_2399
1739,RegionA,703.81,0.0,0.592,1089.78,360.497333,Flat,Main_0_2399
1739,RegionB,674.48,0.0,0.5538,1089.78,358.273,Flat,Main_0_2399
1739,RegionC,654.93,0.0,0.5252,1089.78,349.938,Flat,Main_0_2399
1739,RegionD,420.33,327.86,0.401,1089.78,286.086,Flat,Main_0_2399
1739,RegionE,371.46,289.74,0.2101,1089.78,316.684667,Flat,Main_0_2399
1739,RegionF,391.01,304.99,0.2483,1089.78,312.348333,Flat,Main_0_2399
1740,RegionA,703.55,0.0,0.5866,1059.81,328.236667,Flat,Main_0_2399
1740,RegionB,674.24,0.0,0.5488,1059.81,341.210667,Flat,Main_0_2399
1740,RegionC,654.7,0.0,0.5204,1059.81,358.578667,Flat,Main_0_2399
1740,RegionD,420.18,327.74,0.3974,1059.81,280.353333,Flat,Main_0_2399
1740,RegionE,371.32,289.63,0.2082,1059.81,249.918667,Flat,Main_0_2399
1740,RegionF,390.86,304.87,0.246,1059.81,287.75,Flat,Main_0_2399
1741,RegionA,703.29,0.0,0.5845,1012.13,296.874,Flat,Main_0_2399
1741,RegionB,673.98,0.0,0.5468,1012.13,323.693,Flat,Main_0_2399
1741,RegionC,654.45,0.0,0.5185,1012.13,334.419,Flat,Main_0_2399
1741,RegionD,420.02,327.62,0.396,1012.13,259.646333,Flat,Main_0_2399
1741,RegionE,371.18,289.52,0.2074,1012.13,203.336,Flat,Main_0_2399
1741,RegionF,390.71,304.75,0.2451,1012.13,309.8,Flat,Main_0_2399
1742,RegionA,703.01,0.0,0.5857,950.0,277.381333,Flat,Main_0_2399
1742,RegionB,673.71,0.0,0.5479,950.0,305.988333,Flat,Main_0_2399
1742,RegionC,654.19,0.0,0.5196,950.0,303.497333,Flat,Main_0_2399
1742,RegionD,419.85,327.48,0.3968,950.0,277.605,Flat,Main_0_2399
1742,RegionE,371.03,289.4,0.2078,950.0,177.282,Flat,Main_0_2399
1742,RegionF,390.56,304.64,0.2456,950.0,274.86,Flat,Main_0_2399
1743,RegionA,702.72,0.0,0.5902,877.65,257.251667,Flat,Main_0_2399
1743,RegionB,673.44,0.0,0.5521,877.65,258.866667,Flat,Main_0_2399
1743,RegionC,653.92,0.0,0.5236,877.65,293.012333,Flat,Main_0_2399
1743,RegionD,419.68,327.35,0.3998,877.65,214.532,Flat,Main_0_2399
1743,RegionE,370.88,289.29,0.2094,877.65,160.669667,Flat,Main_0_2399
1743,RegionF,390.4,304.51,0.2475,877.65,221.571667,Flat,Main_0_2399
1744,RegionA,702.42,0.0,0.5976,800.0,244.722,Flat,Main_0_2399
1744,RegionB,673.15,0.0,0.559,800.0,238.399667,Flat,Main_0_2399
1744,RegionC,653.64,0.0,0.5301,800.0,243.695,Flat,Main_0_2399
1744,RegionD,419.5,327.21,0.4048,800.0,182.139667,Flat,Main_0_2399
1744,RegionE,370.72,289.16,0.212,800.0,166.254667,Flat,Main_0_2399
1744,RegionF,390.23,304.38,0.2506,800.0,192.37,Flat,Main_0_2399
1745,RegionA,1018.05,0.0,0.6073,722.35,209.264333,Peak,Main_0_2399
1745,RegionB,975.63,0.0,0.5681,722.35,227.896,Peak,Main_0_2399
1745,RegionC,947.35,0.0,0.5388,722.35,235.054,Peak,Main_0_2399
1745,RegionD,608.0,474.24,0.4114,722.35,147.9,Peak,Main_0_2399
1745,RegionE,537.31,419.1,0.2155,722.35,153.52,Peak,Main_0_2399
1745,RegionF,565.58,441.15,0.2547,722.35,142.358667,Peak,Main_0_2399
1746,RegionA,1017.59,0.0,0.6188,650.0,227.187667,Peak,Main_0_2399
1746,RegionB,975.19,0.0,0.5788,650.0,222.792333,Peak,Main_0_2399
1746,RegionC,946.92,0.0,0.5489,650.0,241.114333,Peak,Main_0_2399
1746,RegionD,607.73,474.03,0.4192,650.0,132.320667,Peak,Main_0_2399
1746,RegionE,537.06,418.91,0.2196,650.0,144.516667,Peak,Main_0_2399
1746,RegionF,565.33,440.96,0.2595,650.0,107.975,Peak,Main_0_2399
1747,RegionA,1017.11,0.0,0.631,587.87,209.314,Peak,Main_0_2399
1747,RegionB,974.73,0.0,0.5903,587.87,202.84,Peak,Main_0_2399
1747,RegionC,946.48,0.0,0.5598,587.87,227.347333,Peak,Main_0_2399
1747,RegionD,607.44,473.8,0.4275,587.87,109.88,Peak,Main_0_2399
1747,RegionE,536.81,418.71,0.2239,587.87,145.137333,Peak,Main_0_2399
1747,RegionF,565.06,440.75,0.2646,587.87,100.388667,Peak,Main_0_2399
1748,RegionA,1016.62,0.0,0.6433,540.19,243.322667,Peak,Main_0_2399
1748,RegionB,974.26,0.0,0.6018,540.19,228.923333,Peak,Main_0_2399
1748,RegionC,946.02,0.0,0.5707,540.19,199.31,Peak,Main_0_2399
1748,RegionD,607.15,473.58,0.4358,540.19,134.352667,Peak,Main_0_2399
1748,RegionE,536.55,418.51,0.2283,540.19,168.655,Peak,Main_0_2399
1748,RegionF,564.79,440.54,0.2698,540.19,143.76,Peak,Main_0_2399
1749,RegionA,1016.12,0.0,0.6547,510.22,262.273,Peak,Main_0_2399
1749,RegionB,973.78,0.0,0.6125,510.22,226.067333,Peak,Main_0_2399
1749,RegionC,945.55,0.0,0.5808,510.22,219.288667,Peak,Main_0_2399
1749,RegionD,606.85,473.34,0.4435,510.22,185.235,Peak,Main_0_2399
1749,RegionE,536.28,418.3,0.2323,510.22,205.937333,Peak,Main_0_2399
1749,RegionF,564.51,440.32,0.2745,510.22,142.506,Peak,Main_0_2399
1750,RegionA,630.37,0.0,0.6644,500.0,270.279333,Flat,Main_0_2399
1750,RegionB,604.11,0.0,0.6215,500.0,284.408333,Flat,Main_0_2399
1750,RegionC,586.6,0.0,0.5894,500.0,284.726333,Flat,Main_0_2399
1750,RegionD,376.47,293.65,0.4501,500.0,218.91,Flat,Main_0_2399
1750,RegionE,332.7,259.51,0.2357,500.0,183.072667,Flat,Main_0_2399
1750,RegionF,350.21,273.16,0.2786,500.0,195.032,Flat,Main_0_2399
1751,RegionA,630.05,0.0,0.6716,510.22,323.691333,Flat,Main_0_2399
1751,RegionB,603.8,0.0,0.6283,510.22,303.536667,Flat,Main_0_2399
1751,RegionC,586.29,0.0,0.5958,510.22,304.934,Flat,Main_0_2399
1751,RegionD,376.28,293.5,0.455,510.22,226.127333,Flat,Main_0_2399
1751,RegionE,332.53,259.37,0.2383,510.22,161.227,Flat,Main_0_2399
1751,RegionF,350.03,273.02,0.2817,510.22,217.309333,Flat,Main_0_2399
1752,RegionA,454.8,0.0,0.676,540.19,289.69,Valley,Main_0_2399
1752,RegionB,435.85,0.0,0.6324,540.19,323.640667,Valley,Main_0_2399
1752,RegionC,423.21,0.0,0.5997,540.19,348.4,Valley,Main_0_2399
1752,RegionD,271.61,211.86,0.4579,540.19,304.322667,Valley,Main_0_2399
1752,RegionE,240.03,187.22,0.2399,540.19,253.85,Valley,Main_0_2399
1752,RegionF,252.66,197.07,0.2835,540.19,248.088667,Valley,Main_0_2399
1753,RegionA,454.55,0.0,0.677,587.87,361.338,Valley,Main_0_2399
1753,RegionB,435.61,0.0,0.6334,587.87,327.033333,Valley,Main_0_2399
1753,RegionC,422.99,0.0,0.6006,587.87,353.545333,Valley,Main_0_2399
1753,RegionD,271.47,211.75,0.4586,587.87,310.501333,Valley,Main_0_2399
1753,RegionE,239.9,187.12,0.2402,587.87,322.258667,Valley,Main_0_2399
1753,RegionF,252.53,196.97,0.2839,587.87,342.630333,Valley,Main_0_2399
1754,RegionA,454.3,0.0,0.6747,650.0,362.408,Valley,Main_0_2399
1754,RegionB,435.37,0.0,0.6312,650.0,359.504,Valley,Main_0_2399
1754,RegionC,422.75,0.0,0.5985,650.0,383.066667,Valley,Main_0_2399
1754,RegionD,271.32,211.63,0.4571,650.0,329.869333,Valley,Main_0_2399
1754,RegionE,239.77,187.02,0.2394,650.0,329.448667,Valley,Main_0_2399
1754,RegionF,252.39,196.86,0.2829,650.0,385.506,Valley,Main_0_2399
1755,RegionA,454.05,0.0,0.6691,722.35,361.73,Valley,Main_0_2399
1755,RegionB,435.13,0.0,0.6259,722.35,367.362667,Valley,Main_0_2399
1755,RegionC,422.52,0.0,0.5936,722.35,382.565,Valley,Main_0_2399
1755,RegionD,271.17,211.51,0.4533,722.35,366.160667,Valley,Main_0_2399
1755,RegionE,239.64,186.92,0.2374,722.35,393.705333,Valley,Main_0_2399
1755,RegionF,252.25,196.75,0.2806,722.35,420.708333,Valley,Main_0_2399
1756,RegionA,453.8,0.0,0.6606,800.0,368.700667,Valley,Main_0_2399
1756,RegionB,434.89,0.0,0.6179,800.0,368.409667,Valley,Main_0_2399
1756,RegionC,422.28,0.0,0.586,800.0,380.904,Valley,Main_0_2399
1756,RegionD,271.02,211.4,0.4475,800.0,383.539,Valley,Main_0_2399
1756,RegionE,239.5,186.81,0.2344,800.0,346.181333,Valley,Main_0_2399
1756,RegionF,252.11,196.65,0.277,800.0,372.717333,Valley,Main_0_2399
1757,RegionA,453.54,0.0,0.6496,877.65,381.432667,Valley,Main_0_2399
1757,RegionB,434.64,0.0,0.6077,877.65,375.544667,Valley,Main_0_2399
1757,RegionC,422.04,0.0,0.5763,877.65,374.685333,Valley,Main_0_2399
1757,RegionD,270.86,211.27,0.4401,877.65,413.218,Valley,Main_0_2399
1757,RegionE,239.37,186.71,0.2305,877.65,393.953333,Valley,Main_0_2399
1757,RegionF,251.97,196.54,0.2724,877.65,389.545333,Valley,Main_0_2399
1758,RegionA,453.28,0.0,0.637,950.0,363.686,Valley,Main_0_2399
1758,RegionB,434.39,0.0,0.5959,950.0,388.783333,Valley,Main_0_2399
1758,RegionC,421.8,0.0,0.5651,950.0,352.695,Valley,Main_0_2399
1758,RegionD,270.71,211.15,0.4315,950.0,400.449,Valley,Main_0_2399
1758,RegionE,239.23,186.6,0.226,950.0,361.815333,Valley,Main_0_2399
1758,RegionF,251.82,196.42,0.2671,950.0,387.306,Valley,Main_0_2399
1759,RegionA,696.95,0.0,0.6235,1012.13,359.246667,Flat,Main_0_2399
1759,RegionB,667.91,0.0,0.5832,1012.13,388.257667,Flat,Main_0_2399
1759,RegionC,648.55,0.0,0.5531,1012.13,354.306667,Flat,Main_0_2399
1759,RegionD,416.24,324.67,0.4223,1012.13,398.564667,Flat,Main_0_2399
1759,RegionE,367.84,286.92,0.2212,1012.13,383.775667,Flat,Main_0_2399
1759,RegionF,387.2,302.02,0.2615,1012.13,354.760667,Flat,Main_0_2399
1760,RegionA,696.55,0.0,0.6099,1059.81,358.629333,Flat,Main_0_2399
1760,RegionB,667.52,0.0,0.5706,1059.81,387.456,Flat,Main_0_2399
1760,RegionC,648.18,0.0,0.5411,1059.81,361.756,Flat,Main_0_2399
1760,RegionD,415.99,324.47,0.4132,1059.81,401.546333,Flat,Main_0_2399
1760,RegionE,367.62,286.74,0.2164,1059.81,381.128667,Flat,Main_0_2399
1760,RegionF,386.97,301.84,0.2558,1059.81,386.623667,Flat,Main_0_2399
1761,RegionA,696.14,0.0,0.5973,1089.78,362.680333,Flat,Main_0_2399
1761,RegionB,667.13,0.0,0.5587,1089.78,371.551333,Flat,Main_0_2399
1761,RegionC,647.8,0.0,0.5298,1089.78,374.752333,Flat,Main_0_2399
1761,RegionD,415.75,324.29,0.4046,1089.78,323.06,Flat,Main_0_2399
1761,RegionE,367.41,286.58,0.2119,1089.78,354.51,Flat,Main_0_2399
1761,RegionF,386.74,301.66,0.2505,1089.78,359.15,Flat,Main_0_2399
1762,RegionA,695.73,0.0,0.5863,1100.0,374.479667,Flat,Main_0_2399
1762,RegionB,666.74,0.0,0.5485,1100.0,360.07,Flat,Main_0_2399
1762,RegionC,647.42,0.0,0.5201,1100.0,381.23,Flat,Main_0_2399
1762,RegionD,415.51,324.1,0.3972,1100.0,334.973333,Flat,Main_0_2399
1762,RegionE,367.19,286.41,0.208,1100.0,354.706,Flat,Main_0_2399
1762,RegionF,386.52,301.49,0.2459,1100.0,385.269333,Flat,Main_0_2399
1763,RegionA,695.32,0.0,0.5777,1089.78,366.880667,Flat,Main_0_2399
1763,RegionB,666.35,0.0,0.5405,1089.78,331.398,Flat,Main_0_2399
1763,RegionC,647.04,0.0,0.5125,1089.78,383.215333,Flat,Main_0_2399
1763,RegionD,415.26,323.9,0.3914,1089.78,230.005333,Flat,Main_0_2399
1763,RegionE,366.98,286.24,0.205,1089.78,306.616667,Flat,Main_0_2399
1763,RegionF,386.29,301.31,0.2423,1089.78,290.843333,Flat,Main_0_2399
1764,RegionA,694.91,0.0,0.5721,1059.81,348.253333,Flat,Main_0_2399
1764,RegionB,665.96,0.0,0.5352,1059.81,315.28,Flat,Main_0_2399
1764,RegionC,646.65,0.0,0.5075,1059.81,366.76,Flat,Main_0_2399
1764,RegionD,415.02,323.72,0.3875,1059.81,211.198667,Flat,Main_0_2399
1764,RegionE,366.76,286.07,0.203,1059.81,243.021,Flat,Main_0_2399
1764,RegionF,386.06,301.13,0.2399,1059.81,277.369333,Flat,Main_0_2399
1765,RegionA,694.5,0.0,0.5697,1012.13,335.406333,Flat,Main_0_2399
1765,RegionB,665.56,0.0,0.5329,1012.13,291.621333,Flat,Main_0_2399
1765,RegionC,646.27,0.0,0.5054,1012.13,313.568333,Flat,Main_0_2399
1765,RegionD,414.77,323.52,0.3859,1012.13,222.988333,Flat,Main_0_2399
1765,RegionE,366.54,285.9,0.2022,1012.13,229.178667,Flat,Main_0_2399
1765,RegionF,385.83,300.95,0.2389,1012.13,265.704,Flat,Main_0_2399
1766,RegionA,694.09,0.0,0.5707,950.0,305.716333,Flat,Main_0_2399
1766,RegionB,665.17,0.0,0.5339,950.0,289.711667,Flat,Main_0_2399
1766,RegionC,645.89,0.0,0.5063,950.0,306.066,Flat,Main_0_2399
1766,RegionD,414.53,323.33,0.3866,950.0,201.36,Flat,Main_0_2399
1766,RegionE,366.33,285.74,0.2025,950.0,217.704667,Flat,Main_0_2399
1766,RegionF,385.61,300.78,0.2393,950.0,242.390333,Flat,Main_0_2399
1767,RegionA,693.68,0.0,0.575,877.65,273.749333,Flat,Main_0_2399
1767,RegionB,664.78,0.0,0.5379,877.65,274.044,Flat,Main_0_2399
1767,RegionC,645.51,0.0,0.51,877.65,286.805667,Flat,Main_0_2399
1767,RegionD,414.28,323.14,0.3895,877.65,174.522333,Flat,Main_0_2399
1767,RegionE,366.11,285.57,0.204,877.65,166.338,Flat,Main_0_2399
1767,RegionF,385.38,300.6,0.2411,877.65,236.673333,Flat,Main_0_2399
1768,RegionA,693.28,0.0,0.5822,800.0,238.998333,Flat,Main_0_2399
1768,RegionB,664.39,0.0,0.5446,800.0,230.862,Flat,Main_0_2399
1768,RegionC,645.13,0.0,0.5164,800.0,245.425333,Flat,Main_0_2399
1768,RegionD,414.04,322.95,0.3944,800.0,111.710333,Flat,Main_0_2399
1768,RegionE,365.9,285.4,0.2066,800.0,170.198667,Flat,Main_0_2399
1768,RegionF,385.15,300.42,0.2441,800.0,167.949333,Flat,Main_0_2399
1769,RegionA,1004.67,0.0,0.5917,722.35,232.764667,Peak,Main_0_2399
1769,RegionB,962.81,0.0,0.5536,722.35,187.643667,Peak,Main_0_2399
1769,RegionC,934.9,0.0,0.5249,722.35,200.747,Peak,Main_0_2399
1769,RegionD,600.01,468.01,0.4009,722.35,138.276333,Peak,Main_0_2399
1769,RegionE,530.24,413.59,0.21,722.35,165.333333,Peak,Main_0_2399
1769,RegionF,558.15,435.36,0.2481,722.35,135.674,Peak,Main_0_2399
1770,RegionA,1004.09,0.0,0.603,650.0,227.161333,Peak,Main_0_2399
1770,RegionB,962.25,0.0,0.5641,650.0,190.562,Peak,Main_0_2399
1770,RegionC,934.36,0.0,0.5349,650.0,221.836667,Peak,Main_0_2399
1770,RegionD,599.66,467.73,0.4085,650.0,212.643333,Peak,Main_0_2399
1770,RegionE,529.94,413.35,0.214,650.0,145.970333,Peak,Main_0_2399
1770,RegionF,557.83,435.11,0.2529,650.0,114.008,Peak,Main_0_2399
1771,RegionA,1003.51,0.0,0.6152,587.87,233.76,Peak,Main_0_2399
1771,RegionB,961.7,0.0,0.5755,587.87,220.266,Peak,Main_0_2399
1771,RegionC,933.82,0.0,0.5457,587.87,234.229333,Peak,Main_0_2399
1771,RegionD,599.32,467.47,0.4167,587.87,176.414,Peak,Main_0_2399
1771,RegionE,529.63,413.11,0.2183,587.87,167.538667,Peak,Main_0_2399
1771,RegionF,557.51,434.86,0.258,587.87,81.561333,Peak,Main_0_2399
1772,RegionA,1002.94,0.0,0.6274,540.19,173.342,Peak,Main_0_2399
1772,RegionB,961.15,0.0,0.5869,540.19,219.574667,Peak,Main_0_2399
1772,RegionC,933.29,0.0,0.5565,540.19,232.646,Peak,Main_0_2399
1772,RegionD,598.98,467.2,0.425,540.19,226.232,Peak,Main_0_2399
1772,RegionE,529.33,412.88,0.2226,540.19,143.554,Peak,Main_0_2399
1772,RegionF,557.19,434.61,0.2631,540.19,129.710667,Peak,Main_0_2399
1773,RegionA,1002.38,0.0,0.6387,510.22,219.979333,Peak,Main_0_2399
1773,RegionB,960.61,0.0,0.5975,510.22,240.561,Peak,Main_0_2399
1773,RegionC,932.77,0.0,0.5666,510.22,254.886,Peak,Main_0_2399
1773,RegionD,598.64,466.94,0.4326,510.22,246.334333,Peak,Main_0_2399
1773,RegionE,529.03,412.64,0.2266,510.22,190.84,Peak,Main_0_2399
1773,RegionF,556.88,434.37,0.2678,510.22,154.309,Peak,Main_0_2399
1774,RegionA,621.82,0.0,0.6483,500.0,261.84,Flat,Main_0_2399
1774,RegionB,595.91,0.0,0.6065,500.0,270.628,Flat,Main_0_2399
1774,RegionC,578.64,0.0,0.5751,500.0,300.421333,Flat,Main_0_2399
1774,RegionD,371.37,289.67,0.4392,500.0,208.142667,Flat,Main_0_2399
1774,RegionE,328.18,255.98,0.23,500.0,261.352,Flat,Main_0_2399
1774,RegionF,345.46,269.46,0.2719,500.0,211.86,Flat,Main_0_2399
1775,RegionA,621.48,0.0,0.6555,510.22,253.401333,Flat,Main_0_2399
1775,RegionB,595.59,0.0,0.6132,510.22,341.936667,Flat,Main_0_2399
1775,RegionC,578.32,0.0,0.5815,510.22,290.674,Flat,Main_0_2399
1775,RegionD,371.16,289.5,0.4441,510.22,224.378667,Flat,Main_0_2399
1775,RegionE,328.0,255.84,0.2326,510.22,318.713333,Flat,Main_0_2399
1775,RegionF,345.27,269.31,0.2749,510.22,194.157333,Flat,Main_0_2399
1776,RegionA,448.61,0.0,0.6598,540.19,265.176,Valley,Main_0_2399
1776,RegionB,429.91,0.0,0.6173,540.19,320.006,Valley,Main_0_2399
1776,RegionC,417.45,0.0,0.5853,540.19,308.714667,Valley,Main_0_2399
1776,RegionD,267.92,208.98,0.447,540.19,256.439,Valley,Main_0_2399
1776,RegionE,236.76,184.67,0.2341,540.19,265.688667,Valley,Main_0_2399
1776,RegionF,249.23,194.4,0.2767,540.19,265.443333,Valley,Main_0_2399
1777,RegionA,448.37,0.0,0.6609,587.87,350.035333,Valley,Main_0_2399
1777,RegionB,429.69,0.0,0.6183,587.87,335.734667,Valley,Main_0_2399
1777,RegionC,417.23,0.0,0.5863,587.87,349.156,Valley,Main_0_2399
1777,RegionD,267.78,208.87,0.4477,587.87,260.720667,Valley,Main_0_2399
1777,RegionE,236.64,184.58,0.2345,587.87,257.518,Valley,Main_0_2399
1777,RegionF,249.09,194.29,0.2772,587.87,330.062667,Valley,Main_0_2399
1778,RegionA,448.14,0.0,0.6586,650.0,378.437333,Valley,Main_0_2399
1778,RegionB,429.46,0.0,0.6161,650.0,357.42,Valley,Main_0_2399
1778,RegionC,417.02,0.0,0.5843,650.0,359.558667,Valley,Main_0_2399
1778,RegionD,267.64,208.76,0.4462,650.0,309.237333,Valley,Main_0_2399
1778,RegionE,236.52,184.49,0.2337,650.0,317.577333,Valley,Main_0_2399
1778,RegionF,248.97,194.2,0.2762,650.0,383.216,Valley,Main_0_2399
1779,RegionA,447.91,0.0,0.6531,722.35,338.172,Valley,Main_0_2399
1779,RegionB,429.25,0.0,0.6109,722.35,368.72,Valley,Main_0_2399
1779,RegionC,416.81,0.0,0.5793,722.35,361.604,Valley,Main_0_2399
1779,RegionD,267.5,208.65,0.4424,722.35,248.227667,Valley,Main_0_2399
1779,RegionE,236.4,184.39,0.2317,722.35,301.824,Valley,Main_0_2399
1779,RegionF,248.84,194.1,0.2739,722.35,369.672667,Valley,Main_0_2399
1780,RegionA,447.69,0.0,0.6446,800.0,341.888,Valley,Main_0_2399
1780,RegionB,429.03,0.0,0.603,800.0,367.274667,Valley,Main_0_2399
1780,RegionC,416.6,0.0,0.5718,800.0,372.749333,Valley,Main_0_2399
1780,RegionD,267.37,208.55,0.4367,800.0,311.276,Valley,Main_0_2399
1780,RegionE,236.28,184.3,0.2287,800.0,359.41,Valley,Main_0_2399
1780,RegionF,248.72,194.0,0.2703,800.0,405.421667,Valley,Main_0_2399
1781,RegionA,447.47,0.0,0.6338,877.65,344.969333,Valley,Main_0_2399
1781,RegionB,428.83,0.0,0.5929,877.65,370.982333,Valley,Main_0_2399
1781,RegionC,416.4,0.0,0.5622,877.65,378.12,Valley,Main_0_2399
1781,RegionD,267.24,208.45,0.4293,877.65,339.637333,Valley,Main_0_2399
1781,RegionE,236.17,184.21,0.2249,877.65,361.603,Valley,Main_0_2399
1781,RegionF,248.6,193.91,0.2658,877.65,351.371333,Valley,Main_0_2399
1782,RegionA,447.26,0.0,0.6212,950.0,347.494667,Valley,Main_0_2399
1782,RegionB,428.63,0.0,0.5812,950.0,368.469,Valley,Main_0_2399
1782,RegionC,416.2,0.0,0.5511,950.0,372.02,Valley,Main_0_2399
1782,RegionD,267.11,208.35,0.4208,950.0,339.501667,Valley,Main_0_2399
1782,RegionE,236.05,184.12,0.2204,950.0,423.894333,Valley,Main_0_2399
1782,RegionF,248.48,193.81,0.2605,950.0,334.061333,Valley,Main_0_2399
1783,RegionA,687.78,0.0,0.6079,1012.13,371.550667,Flat,Main_0_2399
1783,RegionB,659.12,0.0,0.5687,1012.13,362.993333,Flat,Main_0_2399
1783,RegionC,640.02,0.0,0.5392,1012.13,372.814667,Flat,Main_0_2399
1783,RegionD,410.76,320.39,0.4118,1012.13,313.958667,Flat,Main_0_2399
1783,RegionE,363.0,283.14,0.2157,1012.13,387.114,Flat,Main_0_2399
1783,RegionF,382.1,298.04,0.2549,1012.13,368.165333,Flat,Main_0_2399
1784,RegionA,687.48,0.0,0.5945,1059.81,389.412,Flat,Main_0_2399
1784,RegionB,658.83,0.0,0.5562,1059.81,382.402667,Flat,Main_0_2399
1784,RegionC,639.73,0.0,0.5274,1059.81,372.528333,Flat,Main_0_2399
1784,RegionD,410.58,320.25,0.4027,1059.81,316.158667,Flat,Main_0_2399
1784,RegionE,362.83,283.01,0.211,1059.81,361.335667,Flat,Main_0_2399
1784,RegionF,381.93,297.91,0.2493,1059.81,332.630667,Flat,Main_0_2399
1785,RegionA,687.18,0.0,0.582,1089.78,393.093333,Flat,Main_0_2399
1785,RegionB,658.55,0.0,0.5445,1089.78,362.386667,Flat,Main_0_2399
1785,RegionC,639.46,0.0,0.5163,1089.78,370.393667,Flat,Main_0_2399
1785,RegionD,410.4,320.11,0.3943,1089.78,319.805,Flat,Main_0_2399
1785,RegionE,362.68,282.89,0.2065,1089.78,409.272333,Flat,Main_0_2399
1785,RegionF,381.77,297.78,0.2441,1089.78,350.21,Flat,Main_0_2399
1786,RegionA,686.9,0.0,0.5713,1100.0,386.556,Flat,Main_0_2399
1786,RegionB,658.28,0.0,0.5344,1100.0,349.83,Flat,Main_0_2399
1786,RegionC,639.2,0.0,0.5068,1100.0,353.633,Flat,Main_0_2399
1786,RegionD,410.23,319.98,0.387,1100.0,302.486333,Flat,Main_0_2399
1786,RegionE,362.53,282.77,0.2027,1100.0,362.305,Flat,Main_0_2399
1786,RegionF,381.61,297.66,0.2396,1100.0,306.211333,Flat,Main_0_2399
1787,RegionA,686.63,0.0,0.5629,1089.78,368.311333,Flat,Main_0_2399
1787,RegionB,658.02,0.0,0.5266,1089.78,301.579667,Flat,Main_0_2399
1787,RegionC,638.95,0.0,0.4994,1089.78,360.689,Flat,Main_0_2399
1787,RegionD,410.07,319.85,0.3814,1089.78,344.099333,Flat,Main_0_2399
1787,RegionE,362.39,282.66,0.1998,1089.78,349.067,Flat,Main_0_2399
1787,RegionF,381.46,297.54,0.2361,1089.78,314.505667,Flat,Main_0_2399
1788,RegionA,686.37,0.0,0.5575,1059.81,315.13,Flat,Main_0_2399
1788,RegionB,657.77,0.0,0.5216,1059.81,295.302,Flat,Main_0_2399
1788,RegionC,638.7,0.0,0.4946,1059.81,345.31,Flat,Main_0_2399
1788,RegionD,409.91,319.73,0.3777,1059.81,312.254,Flat,Main_0_2399
1788,RegionE,362.25,282.56,0.1978,1059.81,292.558667,Flat,Main_0_2399
1788,RegionF,381.32,297.43,0.2338,1059.81,314.542,Flat,Main_0_2399
1789,RegionA,686.12,0.0,0.5554,1012.13,328.884,Flat,Main_0_2399
1789,RegionB,657.53,0.0,0.5196,1012.13,302.174667,Flat,Main_0_2399
1789,RegionC,638.47,0.0,0.4927,1012.13,327.243333,Flat,Main_0_2399
1789,RegionD,409.77,319.62,0.3763,1012.13,228.601,Flat,Main_0_2399
1789,RegionE,362.12,282.45,0.1971,1012.13,254.556,Flat,Main_0_2399
1789,RegionF,381.18,297.32,0.2329,1012.13,314.22,Flat,Main_0_2399
1790,RegionA,685.89,0.0,0.5567,950.0,284.076333,Flat,Main_0_2399
1790,RegionB,657.31,0.0,0.5208,950.0,282.307,Flat,Main_0_2399
1790,RegionC,638.25,0.0,0.4939,950.0,285.656667,Flat,Main_0_2399
1790,RegionD,409.63,319.51,0.3771,950.0,219.497,Flat,Main_0_2399
1790,RegionE,361.99,282.35,0.1975,950.0,268.372667,Flat,Main_0_2399
1790,RegionF,381.05,297.22,0.2335,950.0,283.697333,Flat,Main_0_2399
1791,RegionA,685.66,0.0,0.5613,877.65,262.725,Flat,Main_0_2399
1791,RegionB,657.09,0.0,0.5251,877.65,273.756,Flat,Main_0_2399
1791,RegionC,638.05,0.0,0.4979,877.65,272.626333,Flat,Main_0_2399
1791,RegionD,409.49,319.4,0.3802,877.65,185.935,Flat,Main_0_2399
1791,RegionE,361.88,282.27,0.1992,877.65,249.178,Flat,Main_0_2399
1791,RegionF,380.92,297.12,0.2354,877.65,256.880333,Flat,Main_0_2399
1792,RegionA,685.45,0.0,0.5688,800.0,204.378667,Flat,Main_0_2399
1792,RegionB,656.89,0.0,0.5321,800.0,226.981,Flat,Main_0_2399
1792,RegionC,637.85,0.0,0.5046,800.0,223.068,Flat,Main_0_2399
1792,RegionD,409.37,319.31,0.3853,800.0,151.16,Flat,Main_0_2399
1792,RegionE,361.77,282.18,0.2018,800.0,169.639667,Flat,Main_0_2399
1792,RegionF,380.81,297.03,0.2385,800.0,227.71,Flat,Main_0_2399
1793,RegionA,993.62,0.0,0.5788,722.35,226.117,Peak,Main_0_2399
1793,RegionB,952.22,0.0,0.5414,722.35,224.760667,Peak,Main_0_2399
1793,RegionC,924.62,0.0,0.5134,722.35,193.103333,Peak,Main_0_2399
1793,RegionD,593.41,462.86,0.3921,722.35,69.326,Peak,Main_0_2399
1793,RegionE,524.41,409.04,0.2054,722.35,103.588333,Peak,Main_0_2399
1793,RegionF,552.01,430.57,0.2427,722.35,152.187,Peak,Main_0_2399
1794,RegionA,993.36,0.0,0.5904,650.0,203.125333,Peak,Main_0_2399
1794,RegionB,951.97,0.0,0.5523,650.0,214.590667,Peak,Main_0_2399
1794,RegionC,924.37,0.0,0.5237,650.0,222.065333,Peak,Main_0_2399
1794,RegionD,593.25,462.74,0.4,650.0,160.269333,Peak,Main_0_2399
1794,RegionE,524.27,408.93,0.2095,650.0,128.570333,Peak,Main_0_2399
1794,RegionF,551.86,430.45,0.2476,650.0,151.179333,Peak,Main_0_2399
1795,RegionA,993.11,0.0,0.603,587.87,207.243,Peak,Main_0_2399
1795,RegionB,951.73,0.0,0.5641,587.87,212.569333,Peak,Main_0_2399
1795,RegionC,924.14,0.0,0.5349,587.87,220.572,Peak,Main_0_2399
1795,RegionD,593.11,462.63,0.4085,587.87,168.83,Peak,Main_0_2399
1795,RegionE,524.14,408.83,0.214,587.87,177.066,Peak,Main_0_2399
1795,RegionF,551.73,430.35,0.2529,587.87,173.045333,Peak,Main_0_2399
1796,RegionA,992.88,0.0,0.6155,540.19,264.571667,Peak,Main_0_2399
1796,RegionB,951.51,0.0,0.5758,540.19,230.15,Peak,Main_0_2399
1796,RegionC,923.93,0.0,0.546,540.19,231.255333,Peak,Main_0_2399
1796,RegionD,592.97,462.52,0.417,540.19,132.115333,Peak,Main_0_2399
1796,RegionE,524.02,408.74,0.2184,540.19,200.874667,Peak,Main_0_2399
1796,RegionF,551.6,430.25,0.2581,540.19,185.965,Peak,Main_0_2399
1797,RegionA,992.68,0.0,0.6272,510.22,260.55,Peak,Main_0_2399
1797,RegionB,951.32,0.0,0.5868,510.22,221.568667,Peak,Main_0_2399
1797,RegionC,923.74,0.0,0.5564,510.22,240.246667,Peak,Main_0_2399
1797,RegionD,592.85,462.42,0.4249,510.22,173.821333,Peak,Main_0_2399
1797,RegionE,523.91,408.65,0.2226,510.22,236.161333,Peak,Main_0_2399
1797,RegionF,551.49,430.16,0.263,510.22,183.212,Peak,Main_0_2399
1798,RegionA,616.03,0.0,0.6373,500.0,279.721667,Flat,Main_0_2399
1798,RegionB,590.36,0.0,0.5962,500.0,293.305333,Flat,Main_0_2399
1798,RegionC,573.25,0.0,0.5653,500.0,284.451333,Flat,Main_0_2399
1798,RegionD,367.91,286.97,0.4317,500.0,158.932,Flat,Main_0_2399
1798,RegionE,325.13,253.6,0.2261,500.0,213.974333,Flat,Main_0_2399
1798,RegionF,342.24,266.95,0.2673,500.0,206.343333,Flat,Main_0_2399
1799,RegionA,615.93,0.0,0.645,510.22,294.466667,Flat,Main_0_2399
1799,RegionB,590.27,0.0,0.6034,510.22,287.776,Flat,Main_0_2399
1799,RegionC,573.16,0.0,0.5722,510.22,313.316,Flat,Main_0_2399
1799,RegionD,367.85,286.92,0.4369,510.22,191.279333,Flat,Main_0_2399
1799,RegionE,325.07,253.55,0.2289,510.22,220.226,Flat,Main_0_2399
1799,RegionF,342.18,266.9,0.2705,510.22,286.124,Flat,Main_0_2399
1800,RegionA,444.78,0.0,0.6498,540.19,315.22,Valley,Main_0_2399
1800,RegionB,426.24,0.0,0.6079,540.19,319.629333,Valley,Main_0_2399
1800,RegionC,413.89,0.0,0.5764,540.19,308.973333,Valley,Main_0_2399
1800,RegionD,265.63,207.19,0.4402,540.19,205.453,Valley,Main_0_2399
1800,RegionE,234.74,183.1,0.2306,540.19,246.186,Valley,Main_0_2399
1800,RegionF,247.1,192.74,0.2725,540.19,340.906667,Valley,Main_0_2399
1801,RegionA,444.72,0.0,0.6513,587.87,365.567333,Valley,Main_0_2399
1801,RegionB,426.19,0.0,0.6093,587.87,348.194667,Valley,Main_0_2399
1801,RegionC,413.84,0.0,0.5778,587.87,373.257333,Valley,Main_0_2399
1801,RegionD,265.6,207.17,0.4412,587.87,263.449333,Valley,Main_0_2399
1801,RegionE,234.71,183.07,0.2311,587.87,313.769,Valley,Main_0_2399
1801,RegionF,247.07,192.71,0.2731,587.87,334.281333,Valley,Main_0_2399
1802,RegionA,444.68,0.0,0.6495,650.0,391.432,Valley,Main_0_2399
1802,RegionB,426.15,0.0,0.6076,650.0,378.478667,Valley,Main_0_2399
1802,RegionC,413.8,0.0,0.5762,650.0,378.220333,Valley,Main_0_2399
1802,RegionD,265.57,207.14,0.44,650.0,303.233333,Valley,Main_0_2399
1802,RegionE,234.69,183.06,0.2305,650.0,346.482667,Valley,Main_0_2399
1802,RegionF,247.04,192.69,0.2724,650.0,337.47,Valley,Main_0_2399
1803,RegionA,444.64,0.0,0.6445,722.35,393.278667,Valley,Main_0_2399
1803,RegionB,426.12,0.0,0.6029,722.35,359.836333,Valley,Main_0_2399
1803,RegionC,413.77,0.0,0.5717,722.35,376.269333,Valley,Main_0_2399
1803,RegionD,265.55,207.13,0.4366,722.35,376.204,Valley,Main_0_2399
1803,RegionE,234.67,183.04,0.2287,722.35,345.3,Valley,Main_0_2399
1803,RegionF,247.02,192.68,0.2703,722.35,311.54,Valley,Main_0_2399
1804,RegionA,444.62,0.0,0.6365,800.0,393.215667,Valley,Main_0_2399
1804,RegionB,426.09,0.0,0.5955,800.0,361.05,Valley,Main_0_2399
1804,RegionC,413.74,0.0,0.5647,800.0,376.393333,Valley,Main_0_2399
1804,RegionD,265.54,207.12,0.4312,800.0,419.559,Valley,Main_0_2399
1804,RegionE,234.66,183.03,0.2259,800.0,394.023667,Valley,Main_0_2399
1804,RegionF,247.01,192.67,0.2669,800.0,319.317,Valley,Main_0_2399
1805,RegionA,444.61,0.0,0.6262,877.65,365.501667,Valley,Main_0_2399
1805,RegionB,426.08,0.0,0.5858,877.65,361.298667,Valley,Main_0_2399
1805,RegionC,413.73,0.0,0.5555,877.65,380.138667,Valley,Main_0_2399
1805,RegionD,265.53,207.11,0.4242,877.65,459.02,Valley,Main_0_2399
1805,RegionE,234.65,183.03,0.2222,877.65,375.56,Valley,Main_0_2399
1805,RegionF,247.0,192.66,0.2626,877.65,311.967667,Valley,Main_0_2399
1806,RegionA,444.6,0.0,0.6142,950.0,369.708333,Valley,Main_0_2399
1806,RegionB,426.08,0.0,0.5746,950.0,369.546667,Valley,Main_0_2399
1806,RegionC,413.73,0.0,0.5449,950.0,384.231333,Valley,Main_0_2399
1806,RegionD,265.53,207.11,0.4161,950.0,434.478333,Valley,Main_0_2399
1806,RegionE,234.65,183.03,0.218,950.0,393.757333,Valley,Main_0_2399
1806,RegionF,247.0,192.66,0.2576,950.0,296.774,Valley,Main_0_2399
1807,RegionA,684.01,0.0,0.6014,1012.13,372.697,Flat,Main_0_2399
1807,RegionB,655.51,0.0,0.5626,1012.13,385.726,Flat,Main_0_2399
1807,RegionC,636.51,0.0,0.5335,1012.13,384.323333,Flat,Main_0_2399
1807,RegionD,408.51,318.64,0.4074,1012.13,372.512,Flat,Main_0_2399
1807,RegionE,361.01,281.59,0.2134,1012.13,395.636667,Flat,Main_0_2399
1807,RegionF,380.01,296.41,0.2522,1012.13,339.142333,Flat,Main_0_2399
1808,RegionA,684.04,0.0,0.5886,1059.81,353.496,Flat,Main_0_2399
1808,RegionB,655.53,0.0,0.5506,1059.81,383.818667,Flat,Main_0_2399
1808,RegionC,636.53,0.0,0.5222,1059.81,385.55,Flat,Main_0_2399
1808,RegionD,408.52,318.65,0.3987,1059.81,368.531667,Flat,Main_0_2399
1808,RegionE,361.02,281.6,0.2089,1059.81,406.239667,Flat,Main_0_2399
1808,RegionF,380.02,296.42,0.2468,1059.81,346.054667,Flat,Main_0_2399
1809,RegionA,684.07,0.0,0.5767,1089.78,347.245333,Flat,Main_0_2399
1809,RegionB,655.57,0.0,0.5395,1089.78,388.789333,Flat,Main_0_2399
1809,RegionC,636.57,0.0,0.5116,1089.78,382.725333,Flat,Main_0_2399
1809,RegionD,408.54,318.66,0.3907,1089.78,376.222,Flat,Main_0_2399
1809,RegionE,361.04,281.61,0.2046,1089.78,399.143333,Flat,Main_0_2399
1809,RegionF,380.04,296.43,0.2418,1089.78,327.054,Flat,Main_0_2399
1810,RegionA,684.13,0.0,0.5665,1100.0,372.022667,Flat,Main_0_2399
1810,RegionB,655.62,0.0,0.53,1100.0,390.884,Flat,Main_0_2399
1810,RegionC,636.62,0.0,0.5026,1100.0,383.78,Flat,Main_0_2399
1810,RegionD,408.58,318.69,0.3838,1100.0,348.48,Flat,Main_0_2399
1810,RegionE,361.07,281.63,0.201,1100.0,326.856667,Flat,Main_0_2399
1810,RegionF,380.07,296.45,0.2376,1100.0,304.202,Flat,Main_0_2399
1811,RegionA,684.2,0.0,0.5588,1089.78,342.888,Flat,Main_0_2399
1811,RegionB,655.69,0.0,0.5227,1089.78,388.195333,Flat,Main_0_2399
1811,RegionC,636.68,0.0,0.4957,1089.78,366.016,Flat,Main_0_2399
1811,RegionD,408.62,318.72,0.3785,1089.78,276.575333,Flat,Main_0_2399
1811,RegionE,361.1,281.66,0.1983,1089.78,334.534667,Flat,Main_0_2399
1811,RegionF,380.11,296.49,0.2343,1089.78,282.907333,Flat,Main_0_2399
1812,RegionA,684.28,0.0,0.554,1059.81,306.002,Flat,Main_0_2399
1812,RegionB,655.77,0.0,0.5182,1059.81,349.407,Flat,Main_0_2399
1812,RegionC,636.76,0.0,0.4914,1059.81,343.179667,Flat,Main_0_2399
1812,RegionD,408.67,318.76,0.3753,1059.81,248.342,Flat,Main_0_2399
1812,RegionE,361.15,281.7,0.1966,1059.81,297.592667,Flat,Main_0_2399
1812,RegionF,380.16,296.52,0.2323,1059.81,274.386,Flat,Main_0_2399
1813,RegionA,684.38,0.0,0.5524,1012.13,308.981333,Flat,Main_0_2399
1813,RegionB,655.87,0.0,0.5168,1012.13,295.115667,Flat,Main_0_2399
1813,RegionC,636.86,0.0,0.4901,1012.13,326.766333,Flat,Main_0_2399
1813,RegionD,408.73,318.81,0.3742,1012.13,145.53,Flat,Main_0_2399
1813,RegionE,361.2,281.74,0.196,1012.13,263.866667,Flat,Main_0_2399
1813,RegionF,380.21,296.56,0.2317,1012.13,241.796667,Flat,Main_0_2399
1814,RegionA,684.5,0.0,0.5543,950.0,288.100333,Flat,Main_0_2399
1814,RegionB,655.98,0.0,0.5186,950.0,301.348333,Flat,Main_0_2399
1814,RegionC,636.96,0.0,0.4917,950.0,304.260333,Flat,Main_0_2399
1814,RegionD,408.8,318.86,0.3755,950.0,135.833667,Flat,Main_0_2399
1814,RegionE,361.26,281.78,0.1967,950.0,234.021,Flat,Main_0_2399
1814,RegionF,380.28,296.62,0.2325,950.0,244.363333,Flat,Main_0_2399
1815,RegionA,684.63,0.0,0.5595,877.65,230.499,Flat,Main_0_2399
1815,RegionB,656.1,0.0,0.5234,877.65,271.303,Flat,Main_0_2399
1815,RegionC,637.08,0.0,0.4963,877.65,277.456333,Flat,Main_0_2399
1815,RegionD,408.87,318.92,0.379,877.65,151.59,Flat,Main_0_2399
1815,RegionE,361.33,281.84,0.1985,877.65,216.474667,Flat,Main_0_2399
1815,RegionF,380.35,296.67,0.2346,877.65,230.514333,Flat,Main_0_2399
1816,RegionA,684.77,0.0,0.5676,800.0,214.719333,Flat,Main_0_2399
1816,RegionB,656.24,0.0,0.531,800.0,225.906,Flat,Main_0_2399
1816,RegionC,637.22,0.0,0.5035,800.0,267.125667,Flat,Main_0_2399
1816,RegionD,408.96,318.99,0.3845,800.0,108.384667,Flat,Main_0_2399
1816,RegionE,361.41,281.9,0.2014,800.0,218.551667,Flat,Main_0_2399
1816,RegionF,380.43,296.74,0.238,800.0,196.147333,Flat,Main_0_2399
1817,RegionA,993.14,0.0,0.5782,722.35,210.401,Peak,Main_0_2399
1817,RegionB,951.76,0.0,0.5409,722.35,226.224,Peak,Main_0_2399
1817,RegionC,924.17,0.0,0.5129,722.35,231.140667,Peak,Main_0_2399
1817,RegionD,593.13,462.64,0.3917,722.35,108.088333,Peak,Main_0_2399
1817,RegionE,524.16,408.84,0.2052,722.35,208.404333,Peak,Main_0_2399
1817,RegionF,551.75,430.37,0.2425,722.35,189.811333,Peak,Main_0_2399
1818,RegionA,993.39,0.0,0.5904,650.0,201.233,Peak,Main_0_2399
1818,RegionB,952.0,0.0,0.5523,650.0,222.524,Peak,Main_0_2399
1818,RegionC,924.41,0.0,0.5237,650.0,238.758667,Peak,Main_0_2399
1818,RegionD,593.28,462.76,0.4,650.0,106.91,Peak,Main_0_2399
1818,RegionE,524.29,408.95,0.2095,650.0,227.799333,Peak,Main_0_2399
1818,RegionF,551.88,430.47,0.2476,650.0,152.704,Peak,Main_0_2399
1819,RegionA,993.66,0.0,0.6036,587.87,204.367333,Peak,Main_0_2399
1819,RegionB,952.26,0.0,0.5646,587.87,153.217333,Peak,Main_0_2399
1819,RegionC,924.66,0.0,0.5354,587.87,254.481333,Peak,Main_0_2399
1819,RegionD,593.44,462.88,0.4089,587.87,83.252667,Peak,Main_0_2399
1819,RegionE,524.43,409.06,0.2142,587.87,208.834667,Peak,Main_0_2399
1819,RegionF,552.03,430.58,0.2531,587.87,120.994,Peak,Main_0_2399
1820,RegionA,993.95,0.0,0.6167,540.19,234.165333,Peak,Main_0_2399
1820,RegionB,952.53,0.0,0.5769,540.19,212.748333,Peak,Main_0_2399
1820,RegionC,924.92,0.0,0.5471,540.19,211.938,Peak,Main_0_2399
1820,RegionD,593.61,463.02,0.4178,540.19,37.524333,Peak,Main_0_2399
1820,RegionE,524.58,409.17,0.2188,540.19,152.911333,Peak,Main_0_2399
1820,RegionF,552.19,430.71,0.2586,540.19,170.131333,Peak,Main_0_2399
1821,RegionA,994.26,0.0,0.6291,510.22,253.056667,Peak,Main_0_2399
1821,RegionB,952.83,0.0,0.5885,510.22,209.475667,Peak,Main_0_2399
1821,RegionC,925.21,0.0,0.558,510.22,234.92,Peak,Main_0_2399
1821,RegionD,593.79,463.16,0.4261,510.22,43.927,Peak,Main_0_2399
1821,RegionE,524.75,409.31,0.2232,510.22,163.424333,Peak,Main_0_2399
1821,RegionF,552.36,430.84,0.2638,510.22,173.188333,Peak,Main_0_2399
1822,RegionA,617.33,0.0,0.6397,500.0,267.172667,Flat,Main_0_2399
1822,RegionB,591.6,0.0,0.5984,500.0,272.958333,Flat,Main_0_2399
1822,RegionC,574.46,0.0,0.5675,500.0,239.958,Flat,Main_0_2399
1822,RegionD,368.68,287.57,0.4333,500.0,108.489333,Flat,Main_0_2399
1822,RegionE,325.81,254.13,0.227,500.0,217.73,Flat,Main_0_2399
1822,RegionF,342.96,267.51,0.2683,500.0,160.968,Flat,Main_0_2399
1823,RegionA,617.54,0.0,0.648,510.22,259.681,Flat,Main_0_2399
1823,RegionB,591.81,0.0,0.6062,510.22,271.211333,Flat,Main_0_2399
1823,RegionC,574.66,0.0,0.5748,510.22,267.650667,Flat,Main_0_2399
1823,RegionD,368.81,287.67,0.439,510.22,148.97,Flat,Main_0_2399
1823,RegionE,325.92,254.22,0.2299,510.22,203.601333,Flat,Main_0_2399
1823,RegionF,343.08,267.6,0.2717,510.22,200.452667,Flat,Main_0_2399
1824,RegionA,446.16,0.0,0.6534,540.19,302.365333,Valley,Main_0_2399
1824,RegionB,427.57,0.0,0.6112,540.19,327.202,Valley,Main_0_2399
1824,RegionC,415.18,0.0,0.5796,540.19,308.804667,Valley,Main_0_2399
1824,RegionD,266.46,207.84,0.4426,540.19,208.289333,Valley,Main_0_2399
1824,RegionE,235.48,183.67,0.2318,540.19,278.971333,Valley,Main_0_2399
1824,RegionF,247.87,193.34,0.274,540.19,262.73,Valley,Main_0_2399
1825,RegionA,446.33,0.0,0.6555,587.87,338.483333,Valley,Main_0_2399
1825,RegionB,427.74,0.0,0.6132,587.87,355.970667,Valley,Main_0_2399
1825,RegionC,415.34,0.0,0.5815,587.87,351.662667,Valley,Main_0_2399
1825,RegionD,266.56,207.92,0.444,587.87,335.717333,Valley,Main_0_2399
1825,RegionE,235.57,183.74,0.2326,587.87,290.051667,Valley,Main_0_2399
1825,RegionF,247.96,193.41,0.2749,587.87,286.112,Valley,Main_0_2399
1826,RegionA,446.51,0.0,0.6543,650.0,372.678667,Valley,Main_0_2399
1826,RegionB,427.91,0.0,0.6121,650.0,382.68,Valley,Main_0_2399
1826,RegionC,415.5,0.0,0.5804,650.0,353.085,Valley,Main_0_2399
1826,RegionD,266.67,208.0,0.4432,650.0,315.068,Valley,Main_0_2399
1826,RegionE,235.66,183.81,0.2322,650.0,371.712,Valley,Main_0_2399
1826,RegionF,248.06,193.49,0.2744,650.0,320.622,Valley,Main_0_2399
1827,RegionA,446.7,0.0,0.6498,722.35,373.990667,Valley,Main_0_2399
1827,RegionB,428.08,0.0,0.6079,722.35,364.155667,Valley,Main_0_2399
1827,RegionC,415.68,0.0,0.5764,722.35,354.550667,Valley,Main_0_2399
1827,RegionD,266.78,208.09,0.4402,722.35,378.496,Valley,Main_0_2399
1827,RegionE,235.76,183.89,0.2306,722.35,391.086667,Valley,Main_0_2399
1827,RegionF,248.17,193.57,0.2725,722.35,382.959333,Valley,Main_0_2399
1828,RegionA,446.89,0.0,0.6424,800.0,379.512,Valley,Main_0_2399
1828,RegionB,428.27,0.0,0.601,800.0,365.946667,Valley,Main_0_2399
1828,RegionC,415.86,0.0,0.5699,800.0,367.350667,Valley,Main_0_2399
1828,RegionD,266.89,208.17,0.4352,800.0,385.462,Valley,Main_0_2399
1828,RegionE,235.86,183.97,0.228,800.0,382.748333,Valley,Main_0_2399
1828,RegionF,248.27,193.65,0.2694,800.0,414.554,Valley,Main_0_2399
1829,RegionA,447.09,0.0,0.6327,877.65,391.440667,Valley,Main_0_2399
1829,RegionB,428.46,0.0,0.5919,877.65,367.018667,Valley,Main_0_2399
1829,RegionC,416.04,0.0,0.5612,877.65,353.266,Valley,Main_0_2399
1829,RegionD,267.01,208.27,0.4286,877.65,350.11,Valley,Main_0_2399
1829,RegionE,235.96,184.05,0.2245,877.65,436.033333,Valley,Main_0_2399
1829,RegionF,248.38,193.74,0.2653,877.65,381.73,Valley,Main_0_2399
1830,RegionA,447.29,0.0,0.6212,950.0,394.626667,Valley,Main_0_2399
1830,RegionB,428.66,0.0,0.5812,950.0,368.962667,Valley,Main_0_2399
1830,RegionC,416.23,0.0,0.5511,950.0,363.42,Valley,Main_0_2399
1830,RegionD,267.13,208.36,0.4208,950.0,398.002,Valley,Main_0_2399
1830,RegionE,236.07,184.13,0.2204,950.0,432.56,Valley,Main_0_2399
1830,RegionF,248.5,193.83,0.2605,950.0,372.717333,Valley,Main_0_2399
1831,RegionA,688.47,0.0,0.609,1012.13,378.006667,Flat,Main_0_2399
1831,RegionB,659.78,0.0,0.5697,1012.13,370.408,Flat,Main_0_2399
1831,RegionC,640.66,0.0,0.5402,1012.13,380.556333,Flat,Main_0_2399
1831,RegionD,411.17,320.71,0.4125,1012.13,365.669667,Flat,Main_0_2399
1831,RegionE,363.36,283.42,0.2161,1012.13,426.268,Flat,Main_0_2399
1831,RegionF,382.48,298.33,0.2554,1012.13,363.426,Flat,Main_0_2399
1832,RegionA,688.8,0.0,0.5967,1059.81,326.397667,Flat,Main_0_2399
1832,RegionB,660.1,0.0,0.5582,1059.81,370.661333,Flat,Main_0_2399
1832,RegionC,640.97,0.0,0.5293,1059.81,385.076,Flat,Main_0_2399
1832,RegionD,411.37,320.87,0.4042,1059.81,289.836667,Flat,Main_0_2399
1832,RegionE,363.54,283.56,0.2117,1059.81,404.444667,Flat,Main_0_2399
1832,RegionF,382.67,298.48,0.2502,1059.81,351.945667,Flat,Main_0_2399
1833,RegionA,689.15,0.0,0.5853,1089.78,339.562667,Flat,Main_0_2399
1833,RegionB,660.43,0.0,0.5475,1089.78,367.689333,Flat,Main_0_2399
1833,RegionC,641.29,0.0,0.5192,1089.78,383.34,Flat,Main_0_2399
1833,RegionD,411.57,321.02,0.3965,1089.78,334.782667,Flat,Main_0_2399
1833,RegionE,363.72,283.7,0.2077,1089.78,387.029333,Flat,Main_0_2399
1833,RegionF,382.86,298.63,0.2455,1089.78,327.338,Flat,Main_0_2399
1834,RegionA,689.5,0.0,0.5756,1100.0,331.646667,Flat,Main_0_2399
1834,RegionB,660.77,0.0,0.5385,1100.0,377.330667,Flat,Main_0_2399
1834,RegionC,641.62,0.0,0.5106,1100.0,380.833,Flat,Main_0_2399
1834,RegionD,411.78,321.19,0.3899,1100.0,316.957333,Flat,Main_0_2399
1834,RegionE,363.9,283.84,0.2043,1100.0,309.72,Flat,Main_0_2399
1834,RegionF,383.06,298.79,0.2414,1100.0,358.127333,Flat,Main_0_2399
1835,RegionA,689.86,0.0,0.5684,1089.78,302.165,Flat,Main_0_2399
1835,RegionB,661.12,0.0,0.5317,1089.78,378.183,Flat,Main_0_2399
1835,RegionC,641.95,0.0,0.5042,1089.78,379.929333,Flat,Main_0_2399
1835,RegionD,412.0,321.36,0.385,1089.78,298.562333,Flat,Main_0_2399
1835,RegionE,364.09,283.99,0.2017,1089.78,269.461667,Flat,Main_0_2399
1835,RegionF,383.26,298.94,0.2383,1089.78,315.005,Flat,Main_0_2399
1836,RegionA,690.23,0.0,0.564,1059.81,285.333667,Flat,Main_0_2399
1836,RegionB,661.47,0.0,0.5276,1059.81,330.566,Flat,Main_0_2399
1836,RegionC,642.29,0.0,0.5003,1059.81,319.795667,Flat,Main_0_2399
1836,RegionD,412.22,321.53,0.3821,1059.81,284.16,Flat,Main_0_2399
1836,RegionE,364.29,284.15,0.2001,1059.81,304.775,Flat,Main_0_2399
1836,RegionF,383.46,299.1,0.2365,1059.81,321.221667,Flat,Main_0_2399
1837,RegionA,690.6,0.0,0.563,1012.13,273.819333,Flat,Main_0_2399
1837,RegionB,661.82,0.0,0.5266,1012.13,313.838,Flat,Main_0_2399
1837,RegionC,642.64,0.0,0.4994,1012.13,322.422667,Flat,Main_0_2399
1837,RegionD,412.44,321.7,0.3814,1012.13,277.937667,Flat,Main_0_2399
1837,RegionE,364.48,284.29,0.1998,1012.13,288.787,Flat,Main_0_2399
1837,RegionF,383.67,299.26,0.2361,1012.13,243.668,Flat,Main_0_2399
1838,RegionA,690.98,0.0,0.5653,950.0,277.840333,Flat,Main_0_2399
1838,RegionB,662.19,0.0,0.5288,950.0,288.139,Flat,Main_0_2399
1838,RegionC,642.99,0.0,0.5015,950.0,276.103,Flat,Main_0_2399
1838,RegionD,412.67,321.88,0.3829,950.0,235.079667,Flat,Main_0_2399
1838,RegionE,364.68,284.45,0.2006,950.0,255.353,Flat,Main_0_2399
1838,RegionF,383.88,299.43,0.2371,950.0,186.506333,Flat,Main_0_2399
1839,RegionA,691.36,0.0,0.5709,877.65,270.739333,Flat,Main_0_2399
1839,RegionB,662.56,0.0,0.5341,877.65,255.373333,Flat,Main_0_2399
1839,RegionC,643.35,0.0,0.5064,877.65,250.786667,Flat,Main_0_2399
1839,RegionD,412.9,322.06,0.3867,877.65,196.076667,Flat,Main_0_2399
1839,RegionE,364.89,284.61,0.2026,877.65,248.105,Flat,Main_0_2399
1839,RegionF,384.09,299.59,0.2394,877.65,159.393,Flat,Main_0_2399
1840,RegionA,691.75,0.0,0.5794,800.0,235.882667,Flat,Main_0_2399
1840,RegionB,662.93,0.0,0.5421,800.0,229.560667,Flat,Main_0_2399
1840,RegionC,643.72,0.0,0.514,800.0,220.168333,Flat,Main_0_2399
1840,RegionD,413.13,322.24,0.3925,800.0,229.295667,Flat,Main_0_2399
1840,RegionE,365.09,284.77,0.2056,800.0,213.321333,Flat,Main_0_2399
1840,RegionF,384.31,299.76,0.243,800.0,111.25,Flat,Main_0_2399
1841,RegionA,1003.62,0.0,0.5904,722.35,206.278667,Peak,Main_0_2399
1841,RegionB,961.8,0.0,0.5523,722.35,217.878333,Peak,Main_0_2399
1841,RegionC,933.92,0.0,0.5237,722.35,201.134,Peak,Main_0_2399
1841,RegionD,599.38,467.52,0.3999,722.35,185.641333,Peak,Main_0_2399
1841,RegionE,529.69,413.16,0.2095,722.35,166.39,Peak,Main_0_2399
1841,RegionF,557.57,434.9,0.2476,722.35,68.87,Peak,Main_0_2399
1842,RegionA,1004.2,0.0,0.603,650.0,221.328333,Peak,Main_0_2399
1842,RegionB,962.35,0.0,0.5641,650.0,236.925333,Peak,Main_0_2399
1842,RegionC,934.46,0.0,0.5349,650.0,210.318,Peak,Main_0_2399
1842,RegionD,599.73,467.79,0.4085,650.0,165.881667,Peak,Main_0_2399
1842,RegionE,529.99,413.39,0.214,650.0,150.481333,Peak,Main_0_2399
1842,RegionF,557.89,435.15,0.2529,650.0,98.134,Peak,Main_0_2399
1843,RegionA,1004.78,0.0,0.6165,587.87,203.514667,Peak,Main_0_2399
1843,RegionB,962.91,0.0,0.5768,587.87,238.815333,Peak,Main_0_2399
1843,RegionC,935.0,0.0,0.5469,587.87,203.167,Peak,Main_0_2399
1843,RegionD,600.08,468.06,0.4177,587.87,204.063667,Peak,Main_0_2399
1843,RegionE,530.3,413.63,0.2188,587.87,171.090667,Peak,Main_0_2399
1843,RegionF,558.21,435.4,0.2585,587.87,152.444,Peak,Main_0_2399
1844,RegionA,1005.37,0.0,0.6301,540.19,234.581333,Peak,Main_0_2399
1844,RegionB,963.48,0.0,0.5894,540.19,240.018,Peak,Main_0_2399
1844,RegionC,935.55,0.0,0.5589,540.19,235.2,Peak,Main_0_2399
1844,RegionD,600.43,468.34,0.4268,540.19,148.053667,Peak,Main_0_2399
1844,RegionE,530.61,413.88,0.2236,540.19,205.761333,Peak,Main_0_2399
1844,RegionF,558.54,435.66,0.2642,540.19,180.174667,Peak,Main_0_2399
1845,RegionA,1005.96,0.0,0.6427,510.22,259.180333,Peak,Main_0_2399
1845,RegionB,964.04,0.0,0.6013,510.22,269.716667,Peak,Main_0_2399
1845,RegionC,936.1,0.0,0.5702,510.22,255.377,Peak,Main_0_2399
1845,RegionD,600.78,468.61,0.4354,510.22,94.345333,Peak,Main_0_2399
1845,RegionE,530.92,414.12,0.2281,510.22,173.494,Peak,Main_0_2399
1845,RegionF,558.87,435.92,0.2695,510.22,202.525,Peak,Main_0_2399
1846,RegionA,624.76,0.0,0.6537,500.0,278.451333,Flat,Main_0_2399
1846,RegionB,598.73,0.0,0.6115,500.0,300.471333,Flat,Main_0_2399
1846,RegionC,581.37,0.0,0.5799,500.0,287.1,Flat,Main_0_2399
1846,RegionD,373.12,291.03,0.4428,500.0,109.756667,Flat,Main_0_2399
1846,RegionE,329.73,257.19,0.232,500.0,213.018667,Flat,Main_0_2399
1846,RegionF,347.09,270.73,0.2741,500.0,221.908,Flat,Main_0_2399
1847,RegionA,625.13,0.0,0.6623,510.22,315.102667,Flat,Main_0_2399
1847,RegionB,599.08,0.0,0.6195,510.22,301.195,Flat,Main_0_2399
1847,RegionC,581.72,0.0,0.5875,510.22,289.616,Flat,Main_0_2399
1847,RegionD,373.34,291.21,0.4486,510.22,145.674,Flat,Main_0_2399
1847,RegionE,329.93,257.35,0.235,510.22,240.892667,Flat,Main_0_2399
1847,RegionF,347.29,270.89,0.2777,510.22,252.775333,Flat,Main_0_2399
1848,RegionA,451.75,0.0,0.6679,540.19,309.968667,Valley,Main_0_2399
1848,RegionB,432.93,0.0,0.6248,540.19,350.23,Valley,Main_0_2399
1848,RegionC,420.38,0.0,0.5925,540.19,345.286667,Valley,Main_0_2399
1848,RegionD,269.79,210.44,0.4525,540.19,269.552667,Valley,Main_0_2399
1848,RegionE,238.42,185.97,0.237,540.19,262.017333,Valley,Main_0_2399
1848,RegionF,250.97,195.76,0.2801,540.19,236.508333,Valley,Main_0_2399
1849,RegionA,452.02,0.0,0.6703,587.87,346.806667,Valley,Main_0_2399
1849,RegionB,433.18,0.0,0.6271,587.87,339.12,Valley,Main_0_2399
1849,RegionC,420.63,0.0,0.5946,587.87,352.93,Valley,Main_0_2399
1849,RegionD,269.95,210.56,0.4541,587.87,242.028667,Valley,Main_0_2399
1849,RegionE,238.56,186.08,0.2378,587.87,320.473333,Valley,Main_0_2399
1849,RegionF,251.12,195.87,0.2811,587.87,302.047333,Valley,Main_0_2399
1850,RegionA,452.28,0.0,0.6693,650.0,348.756,Valley,Main_0_2399
1850,RegionB,433.44,0.0,0.6261,650.0,360.608667,Valley,Main_0_2399
1850,RegionC,420.88,0.0,0.5937,650.0,379.526667,Valley,Main_0_2399
1850,RegionD,270.11,210.69,0.4534,650.0,322.843667,Valley,Main_0_2399
1850,RegionE,238.71,186.19,0.2375,650.0,321.870667,Valley,Main_0_2399
1850,RegionF,251.27,195.99,0.2807,650.0,333.745,Valley,Main_0_2399
1851,RegionA,452.55,0.0,0.665,722.35,349.534,Valley,Main_0_2399
1851,RegionB,433.7,0.0,0.6221,722.35,361.841333,Valley,Main_0_2399
1851,RegionC,421.12,0.0,0.59,722.35,369.902667,Valley,Main_0_2399
1851,RegionD,270.27,210.81,0.4505,722.35,354.387333,Valley,Main_0_2399
1851,RegionE,238.85,186.3,0.236,722.35,367.72,Valley,Main_0_2399
1851,RegionF,251.42,196.11,0.2789,722.35,339.964333,Valley,Main_0_2399
1852,RegionA,452.82,0.0,0.6578,800.0,369.973333,Valley,Main_0_2399
1852,RegionB,433.95,0.0,0.6154,800.0,359.4,Valley,Main_0_2399
1852,RegionC,421.37,0.0,0.5836,800.0,360.628,Valley,Main_0_2399
1852,RegionD,270.43,210.94,0.4456,800.0,412.762,Valley,Main_0_2399
1852,RegionE,238.99,186.41,0.2334,800.0,403.936,Valley,Main_0_2399
1852,RegionF,251.57,196.22,0.2759,800.0,345.803667,Valley,Main_0_2399
1853,RegionA,453.08,0.0,0.6483,877.65,384.732667,Valley,Main_0_2399
1853,RegionB,434.2,0.0,0.6064,877.65,366.683,Valley,Main_0_2399
1853,RegionC,421.62,0.0,0.5751,877.65,377.325333,Valley,Main_0_2399
1853,RegionD,270.59,211.06,0.4391,877.65,399.418667,Valley,Main_0_2399
1853,RegionE,239.13,186.52,0.23,877.65,406.858667,Valley,Main_0_2399
1853,RegionF,251.71,196.33,0.2719,877.65,379.684333,Valley,Main_0_2399
1854,RegionA,453.35,0.0,0.637,950.0,390.820667,Valley,Main_0_2399
1854,RegionB,434.46,0.0,0.5959,950.0,374.411,Valley,Main_0_2399
1854,RegionC,421.86,0.0,0.5651,950.0,356.482,Valley,Main_0_2399
1854,RegionD,270.75,211.19,0.4315,950.0,421.716333,Valley,Main_0_2399
1854,RegionE,239.27,186.63,0.226,950.0,435.25,Valley,Main_0_2399
1854,RegionF,251.86,196.45,0.2671,950.0,407.734,Valley,Main_0_2399
1855,RegionA,697.86,0.0,0.6248,1012.13,391.768,Flat,Main_0_2399
1855,RegionB,668.78,0.0,0.5845,1012.13,388.760667,Flat,Main_0_2399
1855,RegionC,649.39,0.0,0.5543,1012.13,341.382,Flat,Main_0_2399
1855,RegionD,416.78,325.09,0.4233,1012.13,410.379,Flat,Main_0_2399
1855,RegionE,368.31,287.28,0.2217,1012.13,405.43,Flat,Main_0_2399
1855,RegionF,387.7,302.41,0.262,1012.13,385.002667,Flat,Main_0_2399
1856,RegionA,698.25,0.0,0.6126,1059.81,367.670667,Flat,Main_0_2399
1856,RegionB,669.16,0.0,0.5731,1059.81,387.14,Flat,Main_0_2399
1856,RegionC,649.76,0.0,0.5435,1059.81,364.240667,Flat,Main_0_2399
1856,RegionD,417.01,325.27,0.415,1059.81,429.03,Flat,Main_0_2399
1856,RegionE,368.52,287.45,0.2174,1059.81,410.014667,Flat,Main_0_2399
1856,RegionF,387.92,302.58,0.2569,1059.81,332.326667,Flat,Main_0_2399
1857,RegionA,698.65,0.0,0.6013,1089.78,369.865333,Flat,Main_0_2399
1857,RegionB,669.54,0.0,0.5625,1089.78,386.544,Flat,Main_0_2399
1857,RegionC,650.13,0.0,0.5334,1089.78,363.323667,Flat,Main_0_2399
1857,RegionD,417.25,325.45,0.4074,1089.78,360.514333,Flat,Main_0_2399
1857,RegionE,368.73,287.61,0.2134,1089.78,411.561333,Flat,Main_0_2399
1857,RegionF,388.14,302.75,0.2522,1089.78,303.957333,Flat,Main_0_2399
1858,RegionA,699.04,0.0,0.5917,1100.0,363.648667,Flat,Main_0_2399
1858,RegionB,669.91,0.0,0.5535,1100.0,386.766667,Flat,Main_0_2399
1858,RegionC,650.49,0.0,0.5249,1100.0,377.390667,Flat,Main_0_2399
1858,RegionD,417.48,325.63,0.4008,1100.0,352.836667,Flat,Main_0_2399
1858,RegionE,368.94,287.77,0.21,1100.0,390.288,Flat,Main_0_2399
1858,RegionF,388.35,302.91,0.2481,1100.0,305.072667,Flat,Main_0_2399
1859,RegionA,699.42,0.0,0.5845,1089.78,338.627333,Flat,Main_0_2399
1859,RegionB,670.28,0.0,0.5468,1089.78,367.655,Flat,Main_0_2399
1859,RegionC,650.85,0.0,0.5185,1089.78,349.606,Flat,Main_0_2399
1859,RegionD,417.71,325.81,0.3959,1089.78,305.554,Flat,Main_0_2399
1859,RegionE,369.14,287.93,0.2074,1089.78,356.382,Flat,Main_0_2399
1859,RegionF,388.57,303.08,0.2451,1089.78,254.59,Flat,Main_0_2399
1860,RegionA,699.8,0.0,0.5802,1059.81,358.735333,Flat,Main_0_2399
1860,RegionB,670.64,0.0,0.5427,1059.81,311.503333,Flat,Main_0_2399
1860,RegionC,651.2,0.0,0.5147,1059.81,339.525333,Flat,Main_0_2399
1860,RegionD,417.93,325.99,0.393,1059.81,273.326667,Flat,Main_0_2399
1860,RegionE,369.34,288.09,0.2059,1059.81,322.299,Flat,Main_0_2399
1860,RegionF,388.78,303.25,0.2433,1059.81,229.654667,Flat,Main_0_2399
1861,RegionA,700.17,0.0,0.5791,1012.13,302.792333,Flat,Main_0_2399
1861,RegionB,670.99,0.0,0.5417,1012.13,321.0,Flat,Main_0_2399
1861,RegionC,651.54,0.0,0.5137,1012.13,303.187,Flat,Main_0_2399
1861,RegionD,418.16,326.16,0.3923,1012.13,235.446667,Flat,Main_0_2399
1861,RegionE,369.53,288.23,0.2055,1012.13,303.126333,Flat,Main_0_2399
1861,RegionF,388.98,303.4,0.2428,1012.13,224.082,Flat,Main_0_2399
1862,RegionA,700.53,0.0,0.5814,950.0,297.662667,Flat,Main_0_2399
1862,RegionB,671.34,0.0,0.5439,950.0,306.634333,Flat,Main_0_2399
1862,RegionC,651.88,0.0,0.5157,950.0,310.766667,Flat,Main_0_2399
1862,RegionD,418.37,326.33,0.3938,950.0,225.554333,Flat,Main_0_2399
1862,RegionE,369.72,288.38,0.2063,950.0,270.02,Flat,Main_0_2399
1862,RegionF,389.18,303.56,0.2438,950.0,253.238,Flat,Main_0_2399
1863,RegionA,700.89,0.0,0.5869,877.65,260.694,Flat,Main_0_2399
1863,RegionB,671.68,0.0,0.5491,877.65,288.388667,Flat,Main_0_2399
1863,RegionC,652.22,0.0,0.5207,877.65,250.914333,Flat,Main_0_2399
1863,RegionD,418.59,326.5,0.3976,877.65,222.449,Flat,Main_0_2399
1863,RegionE,369.91,288.53,0.2083,877.65,215.098,Flat,Main_0_2399
1863,RegionF,389.38,303.72,0.2461,877.65,191.162667,Flat,Main_0_2399
1864,RegionA,701.24,0.0,0.5954,800.0,239.336,Flat,Main_0_2399
1864,RegionB,672.02,0.0,0.557,800.0,253.952667,Flat,Main_0_2399
1864,RegionC,652.54,0.0,0.5282,800.0,210.308,Flat,Main_0_2399
1864,RegionD,418.79,326.66,0.4033,800.0,195.230667,Flat,Main_0_2399
1864,RegionE,370.1,288.68,0.2113,800.0,198.065,Flat,Main_0_2399
1864,RegionF,389.58,303.87,0.2497,800.0,190.971667,Flat,Main_0_2399
1865,RegionA,1017.29,0.0,0.6062,722.35,228.836,Peak,Main_0_2399
1865,RegionB,974.9,0.0,0.5671,722.35,218.18,Peak,Main_0_2399
1865,RegionC,946.64,0.0,0.5378,722.35,237.196,Peak,Main_0_2399
1865,RegionD,607.55,473.89,0.4107,722.35,187.096333,Peak,Main_0_2399
1865,RegionE,536.9,418.78,0.2151,722.35,191.251667,Peak,Main_0_2399
1865,RegionF,565.16,440.82,0.2542,722.35,153.934667,Peak,Main_0_2399
1866,RegionA,1017.77,0.0,0.6188,650.0,226.461333,Peak,Main_0_2399
1866,RegionB,975.36,0.0,0.5788,650.0,205.858,Peak,Main_0_2399
1866,RegionC,947.09,0.0,0.5489,650.0,230.120333,Peak,Main_0_2399
1866,RegionD,607.83,474.11,0.4192,650.0,156.43,Peak,Main_0_2399
1866,RegionE,537.16,418.98,0.2196,650.0,213.277,Peak,Main_0_2399
1866,RegionF,565.43,441.04,0.2595,650.0,196.482,Peak,Main_0_2399
1867,RegionA,1018.24,0.0,0.6321,587.87,203.988667,Peak,Main_0_2399
1867,RegionB,975.81,0.0,0.5913,587.87,195.628667,Peak,Main_0_2399
1867,RegionC,947.52,0.0,0.5608,587.87,234.906667,Peak,Main_0_2399
1867,RegionD,608.11,474.33,0.4282,587.87,150.123333,Peak,Main_0_2399
1867,RegionE,537.4,419.17,0.2243,587.87,143.54,Peak,Main_0_2399
1867,RegionF,565.69,441.24,0.2651,587.87,223.135,Peak,Main_0_2399
1868,RegionA,1018.69,0.0,0.6455,540.19,204.789,Peak,Main_0_2399
1868,RegionB,976.24,0.0,0.6038,540.19,220.223667,Peak,Main_0_2399
1868,RegionC,947.95,0.0,0.5726,540.19,231.107333,Peak,Main_0_2399
1868,RegionD,608.38,474.54,0.4373,540.19,152.173,Peak,Main_0_2399
1868,RegionE,537.64,419.36,0.229,540.19,147.840667,Peak,Main_0_2399
1868,RegionF,565.94,441.43,0.2707,540.19,188.749667,Peak,Main_0_2399
1869,RegionA,1019.13,0.0,0.658,510.22,207.952,Peak,Main_0_2399
1869,RegionB,976.66,0.0,0.6155,510.22,250.336,Peak,Main_0_2399
1869,RegionC,948.36,0.0,0.5837,510.22,264.7,Peak,Main_0_2399
1869,RegionD,608.65,474.75,0.4457,510.22,162.557,Peak,Main_0_2399
1869,RegionE,537.87,419.54,0.2335,510.22,162.488,Peak,Main_0_2399
1869,RegionF,566.18,441.62,0.2759,510.22,209.822667,Peak,Main_0_2399
1870,RegionA,632.83,0.0,0.6687,500.0,224.209333,Flat,Main_0_2399
1870,RegionB,606.46,0.0,0.6256,500.0,257.236667,Flat,Main_0_2399
1870,RegionC,588.88,0.0,0.5932,500.0,281.394,Flat,Main_0_2399
1870,RegionD,377.94,294.79,0.453,500.0,173.257333,Flat,Main_0_2399
1870,RegionE,333.99,260.51,0.2373,500.0,177.848667,Flat,Main_0_2399
1870,RegionF,351.57,274.22,0.2804,500.0,221.856333,Flat,Main_0_2399
1871,RegionA,633.08,0.0,0.6771,510.22,289.119,Flat,Main_0_2399
1871,RegionB,606.7,0.0,0.6334,510.22,302.471,Flat,Main_0_2399
1871,RegionC,589.11,0.0,0.6006,510.22,321.908,Flat,Main_0_2399
1871,RegionD,378.09,294.91,0.4586,510.22,258.031,Flat,Main_0_2399
1871,RegionE,334.12,260.61,0.2402,510.22,215.777333,Flat,Main_0_2399
1871,RegionF,351.71,274.33,0.2839,510.22,272.527667,Flat,Main_0_2399
1872,RegionA,457.4,0.0,0.6825,540.19,312.885333,Valley,Main_0_2399
1872,RegionB,438.34,0.0,0.6384,540.19,308.846333,Valley,Main_0_2399
1872,RegionC,425.63,0.0,0.6054,540.19,311.178,Valley,Main_0_2399
1872,RegionD,273.17,213.07,0.4623,540.19,329.687333,Valley,Main_0_2399
1872,RegionE,241.4,188.29,0.2422,540.19,262.412,Valley,Main_0_2399
1872,RegionF,254.11,198.21,0.2862,540.19,312.506333,Valley,Main_0_2399
1873,RegionA,457.57,0.0,0.6846,587.87,384.1,Valley,Main_0_2399
1873,RegionB,438.5,0.0,0.6404,587.87,341.165333,Valley,Main_0_2399
1873,RegionC,425.79,0.0,0.6073,587.87,371.273333,Valley,Main_0_2399
1873,RegionD,273.27,213.15,0.4637,587.87,338.939667,Valley,Main_0_2399
1873,RegionE,241.49,188.36,0.2429,587.87,286.203333,Valley,Main_0_2399
1873,RegionF,254.2,198.28,0.2871,587.87,303.526,Valley,Main_0_2399
1874,RegionA,457.73,0.0,0.6833,650.0,352.726333,Valley,Main_0_2399
1874,RegionB,438.65,0.0,0.6392,650.0,367.016667,Valley,Main_0_2399
1874,RegionC,425.94,0.0,0.6061,650.0,371.252,Valley,Main_0_2399
1874,RegionD,273.36,213.22,0.4629,650.0,364.015333,Valley,Main_0_2399
1874,RegionE,241.58,188.43,0.2425,650.0,305.702667,Valley,Main_0_2399
1874,RegionF,254.29,198.35,0.2865,650.0,315.086,Valley,Main_0_2399
1875,RegionA,457.88,0.0,0.6787,722.35,388.566,Valley,Main_0_2399
1875,RegionB,438.8,0.0,0.6349,722.35,367.605333,Valley,Main_0_2399
1875,RegionC,426.08,0.0,0.6021,722.35,363.995,Valley,Main_0_2399
1875,RegionD,273.46,213.3,0.4598,722.35,334.157333,Valley,Main_0_2399
1875,RegionE,241.66,188.49,0.2408,722.35,320.291667,Valley,Main_0_2399
1875,RegionF,254.38,198.42,0.2846,722.35,348.818,Valley,Main_0_2399
1876,RegionA,458.02,0.0,0.6712,800.0,392.370667,Valley,Main_0_2399
1876,RegionB,438.94,0.0,0.6279,800.0,370.550667,Valley,Main_0_2399
1876,RegionC,426.22,0.0,0.5954,800.0,361.150667,Valley,Main_0_2399
1876,RegionD,273.54,213.36,0.4547,800.0,357.529333,Valley,Main_0_2399
1876,RegionE,241.73,188.55,0.2382,800.0,333.446667,Valley,Main_0_2399
1876,RegionF,254.46,198.48,0.2815,800.0,375.397,Valley,Main_0_2399
1877,RegionA,458.16,0.0,0.6612,877.65,394.911333,Valley,Main_0_2399
1877,RegionB,439.07,0.0,0.6186,877.65,386.297667,Valley,Main_0_2399
1877,RegionC,426.34,0.0,0.5866,877.65,365.508,Valley,Main_0_2399
1877,RegionD,273.62,213.42,0.4479,877.65,386.588667,Valley,Main_0_2399
1877,RegionE,241.81,188.61,0.2346,877.65,330.350667,Valley,Main_0_2399
1877,RegionF,254.53,198.53,0.2773,877.65,402.451667,Valley,Main_0_2399
1878,RegionA,458.29,0.0,0.6496,950.0,398.345333,Valley,Main_0_2399
1878,RegionB,439.19,0.0,0.6077,950.0,387.54,Valley,Main_0_2399
1878,RegionC,426.46,0.0,0.5763,950.0,376.900667,Valley,Main_0_2399
1878,RegionD,273.7,213.49,0.44,950.0,331.672667,Valley,Main_0_2399
1878,RegionE,241.87,188.66,0.2305,950.0,363.215333,Valley,Main_0_2399
1878,RegionF,254.6,198.59,0.2724,950.0,436.214,Valley,Main_0_2399
1879,RegionA,705.24,0.0,0.637,1012.13,395.325333,Flat,Main_0_2399
1879,RegionB,675.85,0.0,0.5959,1012.13,375.89,Flat,Main_0_2399
1879,RegionC,656.26,0.0,0.5651,1012.13,371.172,Flat,Main_0_2399
1879,RegionD,421.18,328.52,0.4315,1012.13,328.800667,Flat,Main_0_2399
1879,RegionE,372.21,290.32,0.226,1012.13,400.542667,Flat,Main_0_2399
1879,RegionF,391.8,305.6,0.2671,1012.13,447.411333,Flat,Main_0_2399
1880,RegionA,705.4,0.0,0.6245,1059.81,387.121,Flat,Main_0_2399
1880,RegionB,676.01,0.0,0.5842,1059.81,352.802667,Flat,Main_0_2399
1880,RegionC,656.42,0.0,0.554,1059.81,370.82,Flat,Main_0_2399
1880,RegionD,421.28,328.6,0.423,1059.81,327.390667,Flat,Main_0_2399
1880,RegionE,372.3,290.39,0.2216,1059.81,428.214667,Flat,Main_0_2399
1880,RegionF,391.89,305.67,0.2619,1059.81,401.006667,Flat,Main_0_2399
1881,RegionA,705.56,0.0,0.6128,1089.78,387.346667,Flat,Main_0_2399
1881,RegionB,676.16,0.0,0.5732,1089.78,360.992667,Flat,Main_0_2399
1881,RegionC,656.56,0.0,0.5436,1089.78,372.247667,Flat,Main_0_2399
1881,RegionD,421.38,328.68,0.4151,1089.78,371.905333,Flat,Main_0_2399
1881,RegionE,372.38,290.46,0.2174,1089.78,406.386667,Flat,Main_0_2399
1881,RegionF,391.98,305.74,0.257,1089.78,420.471333,Flat,Main_0_2399
1882,RegionA,705.7,0.0,0.6027,1100.0,376.116,Flat,Main_0_2399
1882,RegionB,676.29,0.0,0.5638,1100.0,363.286667,Flat,Main_0_2399
1882,RegionC,656.69,0.0,0.5347,1100.0,368.638667,Flat,Main_0_2399
1882,RegionD,421.46,328.74,0.4083,1100.0,350.065333,Flat,Main_0_2399
1882,RegionE,372.45,290.51,0.2139,1100.0,354.55,Flat,Main_0_2399
1882,RegionF,392.05,305.8,0.2527,1100.0,318.022,Flat,Main_0_2399
1883,RegionA,705.82,0.0,0.595,1089.78,334.071667,Flat,Main_0_2399
1883,RegionB,676.42,0.0,0.5566,1089.78,363.266667,Flat,Main_0_2399
1883,RegionC,656.81,0.0,0.5278,1089.78,373.172333,Flat,Main_0_2399
1883,RegionD,421.53,328.79,0.4031,1089.78,287.349,Flat,Main_0_2399
1883,RegionE,372.52,290.57,0.2111,1089.78,328.403333,Flat,Main_0_2399
1883,RegionF,392.12,305.85,0.2495,1089.78,279.692,Flat,Main_0_2399
1884,RegionA,705.94,0.0,0.5902,1059.81,265.222,Flat,Main_0_2399
1884,RegionB,676.52,0.0,0.5521,1059.81,310.84,Flat,Main_0_2399
1884,RegionC,656.91,0.0,0.5236,1059.81,348.604667,Flat,Main_0_2399
1884,RegionD,421.6,328.85,0.3998,1059.81,284.35,Flat,Main_0_2399
1884,RegionE,372.58,290.61,0.2094,1059.81,300.358,Flat,Main_0_2399
1884,RegionF,392.19,305.91,0.2475,1059.81,249.677667,Flat,Main_0_2399
1885,RegionA,706.03,0.0,0.5887,1012.13,276.982,Flat,Main_0_2399
1885,RegionB,676.62,0.0,0.5507,1012.13,305.846,Flat,Main_0_2399
1885,RegionC,657.0,0.0,0.5222,1012.13,320.500333,Flat,Main_0_2399
1885,RegionD,421.66,328.89,0.3988,1012.13,242.851,Flat,Main_0_2399
1885,RegionE,372.63,290.65,0.2089,1012.13,260.41,Flat,Main_0_2399
1885,RegionF,392.24,305.95,0.2469,1012.13,271.964667,Flat,Main_0_2399
1886,RegionA,706.12,0.0,0.5905,950.0,262.379667,Flat,Main_0_2399
1886,RegionB,676.69,0.0,0.5524,950.0,300.872333,Flat,Main_0_2399
1886,RegionC,657.08,0.0,0.5238,950.0,297.331333,Flat,Main_0_2399
1886,RegionD,421.71,328.93,0.4,950.0,253.069,Flat,Main_0_2399
1886,RegionE,372.67,290.68,0.2095,950.0,244.996333,Flat,Main_0_2399
1886,RegionF,392.29,305.99,0.2476,950.0,276.807,Flat,Main_0_2399
1887,RegionA,706.18,0.0,0.5955,877.65,234.33,Flat,Main_0_2399
1887,RegionB,676.76,0.0,0.5571,877.65,260.024667,Flat,Main_0_2399
1887,RegionC,657.14,0.0,0.5283,877.65,278.277,Flat,Main_0_2399
1887,RegionD,421.75,328.97,0.4034,877.65,210.036333,Flat,Main_0_2399
1887,RegionE,372.71,290.71,0.2113,877.65,214.001,Flat,Main_0_2399
1887,RegionF,392.32,306.01,0.2497,877.65,250.510667,Flat,Main_0_2399
1888,RegionA,706.24,0.0,0.6035,800.0,221.430667,Flat,Main_0_2399
1888,RegionB,676.81,0.0,0.5645,800.0,241.490667,Flat,Main_0_2399
1888,RegionC,657.19,0.0,0.5353,800.0,244.847667,Flat,Main_0_2399
1888,RegionD,421.78,328.99,0.4088,800.0,157.085,Flat,Main_0_2399
1888,RegionE,372.74,290.74,0.2141,800.0,154.554,Flat,Main_0_2399
1888,RegionF,392.35,306.03,0.2531,800.0,238.440667,Flat,Main_0_2399
1889,RegionA,1024.1,0.0,0.6138,722.35,234.036667,Peak,Main_0_2399
1889,RegionB,981.43,0.0,0.5742,722.35,208.756667,Peak,Main_0_2399
1889,RegionC,952.98,0.0,0.5445,722.35,236.048,Peak,Main_0_2399
1889,RegionD,611.61,477.06,0.4158,722.35,121.664667,Peak,Main_0_2399
1889,RegionE,540.5,421.59,0.2178,722.35,148.53,Peak,Main_0_2399
1889,RegionF,568.94,443.77,0.2574,722.35,202.38,Peak,Main_0_2399
1890,RegionA,1024.13,0.0,0.6258,650.0,229.1,Peak,Main_0_2399
1890,RegionB,981.46,0.0,0.5854,650.0,220.163333,Peak,Main_0_2399
1890,RegionC,953.01,0.0,0.5551,650.0,193.857333,Peak,Main_0_2399
1890,RegionD,611.63,477.07,0.4239,650.0,130.301667,Peak,Main_0_2399
1890,RegionE,540.51,421.6,0.222,650.0,185.682,Peak,Main_0_2399
1890,RegionF,568.96,443.79,0.2624,650.0,185.493333,Peak,Main_0_2399
1891,RegionA,1024.14,0.0,0.6386,587.87,230.929333,Peak,Main_0_2399
1891,RegionB,981.47,0.0,0.5974,587.87,210.472667,Peak,Main_0_2399
1891,RegionC,953.02,0.0,0.5665,587.87,182.097333,Peak,Main_0_2399
1891,RegionD,611.64,477.08,0.4326,587.87,192.870667,Peak,Main_0_2399
1891,RegionE,540.52,421.61,0.2266,587.87,118.546667,Peak,Main_0_2399
1891,RegionF,568.97,443.8,0.2678,587.87,175.6,Peak,Main_0_2399
1892,RegionA,1024.13,0.0,0.6514,540.19,187.616,Peak,Main_0_2399
1892,RegionB,981.46,0.0,0.6094,540.19,251.648667,Peak,Main_0_2399
1892,RegionC,953.01,0.0,0.5778,540.19,240.940667,Peak,Main_0_2399
1892,RegionD,611.63,477.07,0.4413,540.19,204.056,Peak,Main_0_2399
1892,RegionE,540.51,421.6,0.2311,540.19,149.019333,Peak,Main_0_2399
1892,RegionF,568.96,443.79,0.2732,540.19,199.559333,Peak,Main_0_2399
1893,RegionA,1024.1,0.0,0.6633,510.22,253.234667,Peak,Main_0_2399
1893,RegionB,981.43,0.0,0.6205,510.22,246.68,Peak,Main_0_2399
1893,RegionC,952.98,0.0,0.5884,510.22,250.32,Peak,Main_0_2399
1893,RegionD,611.61,477.06,0.4493,510.22,213.787333,Peak,Main_0_2399
1893,RegionE,540.5,421.59,0.2354,510.22,152.286667,Peak,Main_0_2399
1893,RegionF,568.94,443.77,0.2782,510.22,185.726333,Peak,Main_0_2399
1894,RegionA,635.61,0.0,0.6735,500.0,256.141667,Flat,Main_0_2399
1894,RegionB,609.13,0.0,0.63,500.0,287.811,Flat,Main_0_2399
1894,RegionC,591.47,0.0,0.5974,500.0,297.037333,Flat,Main_0_2399
1894,RegionD,379.6,296.09,0.4562,500.0,225.98,Flat,Main_0_2399
1894,RegionE,335.46,261.66,0.239,500.0,165.891667,Flat,Main_0_2399
1894,RegionF,353.12,275.43,0.2824,500.0,236.458,Flat,Main_0_2399
1895,RegionA,635.57,0.0,0.6812,510.22,316.776667,Flat,Main_0_2399
1895,RegionB,609.09,0.0,0.6373,510.22,308.196,Flat,Main_0_2399
1895,RegionC,591.43,0.0,0.6043,510.22,283.284667,Flat,Main_0_2399
1895,RegionD,379.58,296.07,0.4615,510.22,279.498,Flat,Main_0_2399
1895,RegionE,335.44,261.64,0.2417,510.22,271.118333,Flat,Main_0_2399
1895,RegionF,353.09,275.41,0.2857,510.22,252.285333,Flat,Main_0_2399
1896,RegionA,458.98,0.0,0.686,540.19,339.424,Valley,Main_0_2399
1896,RegionB,439.85,0.0,0.6418,540.19,321.953333,Valley,Main_0_2399
1896,RegionC,427.11,0.0,0.6086,540.19,317.031333,Valley,Main_0_2399
1896,RegionD,274.11,213.81,0.4647,540.19,291.911667,Valley,Main_0_2399
1896,RegionE,242.24,188.95,0.2434,540.19,245.628667,Valley,Main_0_2399
1896,RegionF,254.99,198.89,0.2877,540.19,321.928,Valley,Main_0_2399
1897,RegionA,458.93,0.0,0.6876,587.87,358.005,Valley,Main_0_2399
1897,RegionB,439.8,0.0,0.6432,587.87,314.813333,Valley,Main_0_2399
1897,RegionC,427.06,0.0,0.6099,587.87,363.470667,Valley,Main_0_2399
1897,RegionD,274.08,213.78,0.4658,587.87,295.750667,Valley,Main_0_2399
1897,RegionE,242.21,188.92,0.244,587.87,292.137333,Valley,Main_0_2399
1897,RegionF,254.96,198.87,0.2883,587.87,341.445667,Valley,Main_0_2399
1898,RegionA,458.86,0.0,0.6857,650.0,396.386667,Valley,Main_0_2399
1898,RegionB,439.74,0.0,0.6414,650.0,361.41,Valley,Main_0_2399
1898,RegionC,427.0,0.0,0.6083,650.0,381.088667,Valley,Main_0_2399
1898,RegionD,274.04,213.75,0.4645,650.0,312.023333,Valley,Main_0_2399
1898,RegionE,242.18,188.9,0.2433,650.0,335.699667,Valley,Main_0_2399
1898,RegionF,254.92,198.84,0.2875,650.0,361.802333,Valley,Main_0_2399
1899,RegionA,458.79,0.0,0.6805,722.35,396.4,Valley,Main_0_2399
1899,RegionB,439.68,0.0,0.6366,722.35,366.925333,Valley,Main_0_2399
1899,RegionC,426.93,0.0,0.6037,722.35,383.341333,Valley,Main_0_2399
1899,RegionD,274.0,213.72,0.461,722.35,356.518667,Valley,Main_0_2399
1899,RegionE,242.14,188.87,0.2415,722.35,346.756667,Valley,Main_0_2399
1899,RegionF,254.89,198.81,0.2854,722.35,411.49,Valley,Main_0_2399
1900,RegionA,458.71,0.0,0.6724,800.0,395.081333,Valley,Main_0_2399
1900,RegionB,439.6,0.0,0.629,800.0,365.56,Valley,Main_0_2399
1900,RegionC,426.86,0.0,0.5965,800.0,382.4,Valley,Main_0_2399
1900,RegionD,273.95,213.68,0.4555,800.0,315.031333,Valley,Main_0_2399
1900,RegionE,242.1,188.84,0.2386,800.0,427.136,Valley,Main_0_2399
1900,RegionF,254.84,198.78,0.282,800.0,403.018667,Valley,Main_0_2399
1901,RegionA,458.62,0.0,0.6618,877.65,395.584667,Valley,Main_0_2399
1901,RegionB,439.51,0.0,0.6191,877.65,375.381667,Valley,Main_0_2399
1901,RegionC,426.77,0.0,0.5871,877.65,380.571333,Valley,Main_0_2399
1901,RegionD,273.9,213.64,0.4483,877.65,357.441333,Valley,Main_0_2399
1901,RegionE,242.05,188.8,0.2348,877.65,400.856667,Valley,Main_0_2399
1901,RegionF,254.79,198.74,0.2775,877.65,404.635333,Valley,Main_0_2399
1902,RegionA,458.53,0.0,0.6496,950.0,397.819333,Valley,Main_0_2399
1902,RegionB,439.42,0.0,0.6077,950.0,381.74,Valley,Main_0_2399
1902,RegionC,426.68,0.0,0.5763,950.0,367.558667,Valley,Main_0_2399
1902,RegionD,273.84,213.6,0.44,950.0,407.986667,Valley,Main_0_2399
1902,RegionE,242.0,188.76,0.2305,950.0,405.63,Valley,Main_0_2399
1902,RegionF,254.74,198.7,0.2724,950.0,404.961667,Valley,Main_0_2399
1903,RegionA,705.26,0.0,0.6364,1012.13,382.86,Flat,Main_0_2399
1903,RegionB,675.87,0.0,0.5954,1012.13,383.836667,Flat,Main_0_2399
1903,RegionC,656.28,0.0,0.5646,1012.13,358.150333,Flat,Main_0_2399
1903,RegionD,421.2,328.54,0.4311,1012.13,392.648333,Flat,Main_0_2399
1903,RegionE,372.22,290.33,0.2258,1012.13,391.162667,Flat,Main_0_2399
1903,RegionF,391.81,305.61,0.2669,1012.13,404.661333,Flat,Main_0_2399
1904,RegionA,705.08,0.0,0.6233,1059.81,386.353667,Flat,Main_0_2399
1904,RegionB,675.7,0.0,0.5831,1059.81,382.129333,Flat,Main_0_2399
1904,RegionC,656.12,0.0,0.5529,1059.81,366.149333,Flat,Main_0_2399
1904,RegionD,421.09,328.45,0.4222,1059.81,386.06,Flat,Main_0_2399
1904,RegionE,372.13,290.26,0.2212,1059.81,389.374667,Flat,Main_0_2399
1904,RegionF,391.71,305.53,0.2614,1059.81,417.306,Flat,Main_0_2399
1905,RegionA,704.89,0.0,0.6109,1089.78,387.02,Flat,Main_0_2399
1905,RegionB,675.52,0.0,0.5715,1089.78,387.496,Flat,Main_0_2399
1905,RegionC,655.94,0.0,0.542,1089.78,365.871,Flat,Main_0_2399
1905,RegionD,420.98,328.36,0.4139,1089.78,353.712,Flat,Main_0_2399
1905,RegionE,372.03,290.18,0.2168,1089.78,403.813333,Flat,Main_0_2399
1905,RegionF,391.61,305.46,0.2562,1089.78,399.607333,Flat,Main_0_2399
1906,RegionA,704.69,0.0,0.6003,1100.0,383.141333,Flat,Main_0_2399
1906,RegionB,675.33,0.0,0.5616,1100.0,388.12,Flat,Main_0_2399
1906,RegionC,655.75,0.0,0.5325,1100.0,371.938,Flat,Main_0_2399
1906,RegionD,420.86,328.27,0.4067,1100.0,349.362667,Flat,Main_0_2399
1906,RegionE,371.92,290.1,0.213,1100.0,410.526,Flat,Main_0_2399
1906,RegionF,391.49,305.36,0.2517,1100.0,346.138333,Flat,Main_0_2399
1907,RegionA,704.47,0.0,0.592,1089.78,389.968,Flat,Main_0_2399
1907,RegionB,675.12,0.0,0.5538,1089.78,341.943333,Flat,Main_0_2399
1907,RegionC,655.55,0.0,0.5252,1089.78,349.184667,Flat,Main_0_2399
1907,RegionD,420.73,328.17,0.401,1089.78,331.555333,Flat,Main_0_2399
1907,RegionE,371.8,290.0,0.2101,1089.78,343.47,Flat,Main_0_2399
1907,RegionF,391.37,305.27,0.2483,1089.78,329.746667,Flat,Main_0_2399
1908,RegionA,704.24,0.0,0.5866,1059.81,342.802667,Flat,Main_0_2399
1908,RegionB,674.9,0.0,0.5488,1059.81,314.965,Flat,Main_0_2399
1908,RegionC,655.34,0.0,0.5204,1059.81,327.141333,Flat,Main_0_2399
1908,RegionD,420.59,328.06,0.3974,1059.81,312.801333,Flat,Main_0_2399
1908,RegionE,371.68,289.91,0.2082,1059.81,298.189333,Flat,Main_0_2399
1908,RegionF,391.25,305.18,0.246,1059.81,265.18,Flat,Main_0_2399
1909,RegionA,704.01,0.0,0.5845,1012.13,313.081333,Flat,Main_0_2399
1909,RegionB,674.67,0.0,0.5468,1012.13,278.279667,Flat,Main_0_2399
1909,RegionC,655.12,0.0,0.5185,1012.13,315.784667,Flat,Main_0_2399
1909,RegionD,420.45,327.95,0.396,1012.13,274.874,Flat,Main_0_2399
1909,RegionE,371.56,289.82,0.2074,1012.13,269.24,Flat,Main_0_2399
1909,RegionF,391.11,305.07,0.2451,1012.13,287.605,Flat,Main_0_2399
1910,RegionA,703.75,0.0,0.5857,950.0,266.686,Flat,Main_0_2399
1910,RegionB,674.43,0.0,0.5479,950.0,286.851667,Flat,Main_0_2399
1910,RegionC,654.88,0.0,0.5196,950.0,286.227333,Flat,Main_0_2399
1910,RegionD,420.3,327.83,0.3968,950.0,235.447333,Flat,Main_0_2399
1910,RegionE,371.43,289.72,0.2078,950.0,255.986,Flat,Main_0_2399
1910,RegionF,390.97,304.96,0.2456,950.0,259.880333,Flat,Main_0_2399
1911,RegionA,703.49,0.0,0.5902,877.65,241.448,Flat,Main_0_2399
1911,RegionB,674.18,0.0,0.5521,877.65,258.730333,Flat,Main_0_2399
1911,RegionC,654.64,0.0,0.5236,877.65,244.064,Flat,Main_0_2399
1911,RegionD,420.14,327.71,0.3998,877.65,222.846333,Flat,Main_0_2399
1911,RegionE,371.29,289.61,0.2094,877.65,200.25,Flat,Main_0_2399
1911,RegionF,390.83,304.85,0.2475,877.65,220.766667,Flat,Main_0_2399
1912,RegionA,703.22,0.0,0.5976,800.0,206.868667,Flat,Main_0_2399
1912,RegionB,673.92,0.0,0.559,800.0,228.117,Flat,Main_0_2399
1912,RegionC,654.39,0.0,0.5301,800.0,220.696667,Flat,Main_0_2399
1912,RegionD,419.98,327.58,0.4048,800.0,217.539,Flat,Main_0_2399
1912,RegionE,371.14,289.49,0.212,800.0,182.34,Flat,Main_0_2399
1912,RegionF,390.68,304.73,0.2506,800.0,181.324333,Flat,Main_0_2399
1913,RegionA,1019.26,0.0,0.6073,722.35,217.768,Peak,Main_0_2399
1913,RegionB,976.79,0.0,0.5681,722.35,211.675333,Peak,Main_0_2399
1913,RegionC,948.48,0.0,0.5388,722.35,150.666333,Peak,Main_0_2399
1913,RegionD,608.73,474.81,0.4114,722.35,179.018,Peak,Main_0_2399
1913,RegionE,537.94,419.59,0.2155,722.35,172.501333,Peak,Main_0_2399
1913,RegionF,566.26,441.68,0.2547,722.35,187.973333,Peak,Main_0_2399
1914,RegionA,1018.84,0.0,0.6188,650.0,223.206667,Peak,Main_0_2399
1914,RegionB,976.39,0.0,0.5788,650.0,205.326,Peak,Main_0_2399
1914,RegionC,948.09,0.0,0.5489,650.0,171.952667,Peak,Main_0_2399
1914,RegionD,608.47,474.61,0.4192,650.0,159.351667,Peak,Main_0_2399
1914,RegionE,537.72,419.42,0.2196,650.0,158.635,Peak,Main_0_2399
1914,RegionF,566.02,441.5,0.2595,650.0,159.35,Peak,Main_0_2399
1915,RegionA,1018.4,0.0,0.631,587.87,246.335,Peak,Main_0_2399
1915,RegionB,975.97,0.0,0.5903,587.87,198.525333,Peak,Main_0_2399
1915,RegionC,947.68,0.0,0.5598,587.87,158.949333,Peak,Main_0_2399
1915,RegionD,608.21,474.4,0.4275,587.87,167.24,Peak,Main_0_2399
1915,RegionE,537.49,419.24,0.2239,587.87,167.153333,Peak,Main_0_2399
1915,RegionF,565.78,441.31,0.2646,587.87,149.358667,Peak,Main_0_2399
1916,RegionA,1017.95,0.0,0.6433,540.19,228.282333,Peak,Main_0_2399
1916,RegionB,975.54,0.0,0.6018,540.19,205.605,Peak,Main_0_2399
1916,RegionC,947.26,0.0,0.5707,540.19,200.549333,Peak,Main_0_2399
1916,RegionD,607.94,474.19,0.4358,540.19,194.818,Peak,Main_0_2399
1916,RegionE,537.25,419.06,0.2283,540.19,179.54,Peak,Main_0_2399
1916,RegionF,565.53,441.11,0.2698,540.19,189.553333,Peak,Main_0_2399
1917,RegionA,1017.49,0.0,0.6547,510.22,259.058,Peak,Main_0_2399
1917,RegionB,975.1,0.0,0.6125,510.22,234.888333,Peak,Main_0_2399
1917,RegionC,946.83,0.0,0.5808,510.22,230.414667,Peak,Main_0_2399
1917,RegionD,607.67,473.98,0.4435,510.22,224.301,Peak,Main_0_2399
1917,RegionE,537.01,418.87,0.2323,510.22,181.650667,Peak,Main_0_2399
1917,RegionF,565.27,440.91,0.2745,510.22,220.202667,Peak,Main_0_2399
1918,RegionA,631.25,0.0,0.6644,500.0,286.468,Flat,Main_0_2399
1918,RegionB,604.95,0.0,0.6215,500.0,276.894333,Flat,Main_0_2399
1918,RegionC,587.42,0.0,0.5894,500.0,272.202667,Flat,Main_0_2399
1918,RegionD,377.0,294.06,0.4501,500.0,210.13,Flat,Main_0_2399
1918,RegionE,333.16,259.86,0.2357,500.0,205.606,Flat,Main_0_2399
1918,RegionF,350.7,273.55,0.2786,500.0,254.332,Flat,Main_0_2399
1919,RegionA,630.95,0.0,0.6716,510.22,267.184,Flat,Main_0_2399
1919,RegionB,604.66,0.0,0.6283,510.22,271.764667,Flat,Main_0_2399
1919,RegionC,587.14,0.0,0.5958,510.22,308.570667,Flat,Main_0_2399
1919,RegionD,376.82,293.92,0.455,510.22,204.934,Flat,Main_0_2399
1919,RegionE,333.0,259.74,0.2383,510.22,207.780333,Flat,Main_0_2399
1919,RegionF,350.53,273.41,0.2817,510.22,280.063333,Flat,Main_0_2399
1920,RegionA,455.47,0.0,0.676,540.19,332.516667,Valley,Main_0_2399
1920,RegionB,436.49,0.0,0.6324,540.19,313.431,Valley,Main_0_2399
1920,RegionC,423.84,0.0,0.5997,540.19,361.052,Valley,Main_0_2399
1920,RegionD,272.02,212.18,0.4579,540.19,226.064,Valley,Main_0_2399
1920,RegionE,240.39,187.5,0.2399,540.19,254.434333,Valley,Main_0_2399
1920,RegionF,253.04,197.37,0.2835,540.19,349.66,Valley,Main_0_2399
1921,RegionA,455.24,0.0,0.677,587.87,348.961333,Valley,Main_0_2399
1921,RegionB,436.27,0.0,0.6334,587.87,360.596667,Valley,Main_0_2399
1921,RegionC,423.63,0.0,0.6006,587.87,383.290667,Valley,Main_0_2399
1921,RegionD,271.88,212.07,0.4586,587.87,257.271333,Valley,Main_0_2399
1921,RegionE,240.27,187.41,0.2402,587.87,265.279667,Valley,Main_0_2399
1921,RegionF,252.91,197.27,0.2839,587.87,358.49,Valley,Main_0_2399
1922,RegionA,455.01,0.0,0.6747,650.0,372.978333,Valley,Main_0_2399
1922,RegionB,436.05,0.0,0.6312,650.0,356.746667,Valley,Main_0_2399
1922,RegionC,423.41,0.0,0.5985,650.0,377.194333,Valley,Main_0_2399
1922,RegionD,271.74,211.96,0.4571,650.0,281.099,Valley,Main_0_2399
1922,RegionE,240.15,187.32,0.2394,650.0,300.717333,Valley,Main_0_2399
1922,RegionF,252.79,197.18,0.2829,650.0,380.613333,Valley,Main_0_2399
1923,RegionA,454.78,0.0,0.6691,722.35,372.260333,Valley,Main_0_2399
1923,RegionB,435.83,0.0,0.6259,722.35,360.913333,Valley,Main_0_2399
1923,RegionC,423.2,0.0,0.5936,722.35,373.501333,Valley,Main_0_2399
1923,RegionD,271.61,211.86,0.4533,722.35,326.073333,Valley,Main_0_2399
1923,RegionE,240.02,187.22,0.2374,722.35,330.508667,Valley,Main_0_2399
1923,RegionF,252.66,197.07,0.2806,722.35,357.1,Valley,Main_0_2399
1924,RegionA,454.54,0.0,0.6606,800.0,377.144333,Valley,Main_0_2399
1924,RegionB,435.61,0.0,0.6179,800.0,362.196,Valley,Main_0_2399
1924,RegionC,422.98,0.0,0.586,800.0,368.750667,Valley,Main_0_2399
1924,RegionD,271.46,211.74,0.4475,800.0,322.53,Valley,Main_0_2399
1924,RegionE,239.9,187.12,0.2344,800.0,386.058,Valley,Main_0_2399
1924,RegionF,252.52,196.97,0.277,800.0,379.883,Valley,Main_0_2399
1925,RegionA,454.31,0.0,0.6496,877.65,340.875333,Valley,Main_0_2399
1925,RegionB,435.38,0.0,0.6077,877.65,358.395667,Valley,Main_0_2399
1925,RegionC,422.76,0.0,0.5763,877.65,371.991333,Valley,Main_0_2399
1925,RegionD,271.32,211.63,0.4401,877.65,369.793333,Valley,Main_0_2399
1925,RegionE,239.77,187.02,0.2305,877.65,379.432667,Valley,Main_0_2399
1925,RegionF,252.39,196.86,0.2724,877.65,423.591333,Valley,Main_0_2399
1926,RegionA,454.07,0.0,0.637,950.0,375.5,Valley,Main_0_2399
1926,RegionB,435.15,0.0,0.5959,950.0,372.182,Valley,Main_0_2399
1926,RegionC,422.53,0.0,0.5651,950.0,341.937333,Valley,Main_0_2399
1926,RegionD,271.18,211.52,0.4315,950.0,314.69,Valley,Main_0_2399
1926,RegionE,239.65,186.93,0.226,950.0,398.192,Valley,Main_0_2399
1926,RegionF,252.26,196.76,0.2671,950.0,416.484,Valley,Main_0_2399
1927,RegionA,698.19,0.0,0.6235,1012.13,380.334,Flat,Main_0_2399
1927,RegionB,669.1,0.0,0.5832,1012.13,378.36,Flat,Main_0_2399
1927,RegionC,649.7,0.0,0.5531,1012.13,349.704,Flat,Main_0_2399
1927,RegionD,416.97,325.24,0.4223,1012.13,288.798667,Flat,Main_0_2399
1927,RegionE,368.49,287.42,0.2212,1012.13,418.235,Flat,Main_0_2399
1927,RegionF,387.88,302.55,0.2615,1012.13,402.862667,Flat,Main_0_2399
1928,RegionA,697.81,0.0,0.6099,1059.81,393.078667,Flat,Main_0_2399
1928,RegionB,668.74,0.0,0.5706,1059.81,359.918667,Flat,Main_0_2399
1928,RegionC,649.35,0.0,0.5411,1059.81,331.536667,Flat,Main_0_2399
1928,RegionD,416.75,325.06,0.4132,1059.81,312.865333,Flat,Main_0_2399
1928,RegionE,368.29,287.27,0.2164,1059.81,471.153333,Flat,Main_0_2399
1928,RegionF,387.67,302.38,0.2558,1059.81,365.427333,Flat,Main_0_2399
1929,RegionA,697.43,0.0,0.5973,1089.78,392.203333,Flat,Main_0_2399
1929,RegionB,668.37,0.0,0.5587,1089.78,361.261333,Flat,Main_0_2399
1929,RegionC,649.0,0.0,0.5298,1089.78,313.6,Flat,Main_0_2399
1929,RegionD,416.52,324.89,0.4046,1089.78,330.597,Flat,Main_0_2399
1929,RegionE,368.09,287.11,0.2119,1089.78,376.876667,Flat,Main_0_2399
1929,RegionF,387.46,302.22,0.2505,1089.78,355.836,Flat,Main_0_2399
1930,RegionA,697.05,0.0,0.5863,1100.0,387.542667,Flat,Main_0_2399
1930,RegionB,668.01,0.0,0.5485,1100.0,376.556,Flat,Main_0_2399
1930,RegionC,648.65,0.0,0.5201,1100.0,298.56,Flat,Main_0_2399
1930,RegionD,416.3,324.71,0.3972,1100.0,299.098667,Flat,Main_0_2399
1930,RegionE,367.89,286.95,0.208,1100.0,391.389333,Flat,Main_0_2399
1930,RegionF,387.25,302.06,0.2459,1100.0,331.705333,Flat,Main_0_2399
1931,RegionA,696.67,0.0,0.5777,1089.78,368.395333,Flat,Main_0_2399
1931,RegionB,667.64,0.0,0.5405,1089.78,360.762,Flat,Main_0_2399
1931,RegionC,648.29,0.0,0.5125,1089.78,283.931333,Flat,Main_0_2399
1931,RegionD,416.07,324.53,0.3914,1089.78,277.824333,Flat,Main_0_2399
1931,RegionE,367.69,286.8,0.205,1089.78,349.26,Flat,Main_0_2399
1931,RegionF,387.04,301.89,0.2423,1089.78,297.116667,Flat,Main_0_2399
1932,RegionA,696.29,0.0,0.5721,1059.81,338.509333,Flat,Main_0_2399
1932,RegionB,667.28,0.0,0.5352,1059.81,358.957333,Flat,Main_0_2399
1932,RegionC,647.94,0.0,0.5075,1059.81,287.024,Flat,Main_0_2399
1932,RegionD,415.84,324.36,0.3875,1059.81,225.174333,Flat,Main_0_2399
1932,RegionE,367.49,286.64,0.203,1059.81,308.337333,Flat,Main_0_2399
1932,RegionF,386.83,301.73,0.2399,1059.81,295.013333,Flat,Main_0_2399
1933,RegionA,695.91,0.0,0.5697,1012.13,325.136667,Flat,Main_0_2399
1933,RegionB,666.91,0.0,0.5329,1012.13,330.927333,Flat,Main_0_2399
1933,RegionC,647.58,0.0,0.5054,1012.13,307.318667,Flat,Main_0_2399
1933,RegionD,415.61,324.18,0.3859,1012.13,201.707333,Flat,Main_0_2399
1933,RegionE,367.28,286.48,0.2022,1012.13,301.459,Flat,Main_0_2399
1933,RegionF,386.62,301.56,0.2389,1012.13,304.932667,Flat,Main_0_2399
1934,RegionA,695.53,0.0,0.5707,950.0,303.092667,Flat,Main_0_2399
1934,RegionB,666.55,0.0,0.5339,950.0,305.778333,Flat,Main_0_2399
1934,RegionC,647.23,0.0,0.5063,950.0,289.556,Flat,Main_0_2399
1934,RegionD,415.38,324.0,0.3866,950.0,210.133667,Flat,Main_0_2399
1934,RegionE,367.08,286.32,0.2025,950.0,216.931667,Flat,Main_0_2399
1934,RegionF,386.4,301.39,0.2393,950.0,234.451,Flat,Main_0_2399
1935,RegionA,695.15,0.0,0.575,877.65,254.028,Flat,Main_0_2399
1935,RegionB,666.18,0.0,0.5379,877.65,271.568333,Flat,Main_0_2399
1935,RegionC,646.87,0.0,0.51,877.65,272.492667,Flat,Main_0_2399
1935,RegionD,415.16,323.82,0.3895,877.65,174.676667,Flat,Main_0_2399
1935,RegionE,366.88,286.17,0.204,877.65,161.311,Flat,Main_0_2399
1935,RegionF,386.19,301.23,0.2411,877.65,190.281,Flat,Main_0_2399
1936,RegionA,694.77,0.0,0.5822,800.0,233.555667,Flat,Main_0_2399
1936,RegionB,665.82,0.0,0.5446,800.0,246.157333,Flat,Main_0_2399
1936,RegionC,646.52,0.0,0.5164,800.0,254.185333,Flat,Main_0_2399
1936,RegionD,414.93,323.65,0.3944,800.0,160.718,Flat,Main_0_2399
1936,RegionE,366.68,286.01,0.2066,800.0,158.356667,Flat,Main_0_2399
1936,RegionF,385.98,301.06,0.2441,800.0,153.082,Flat,Main_0_2399
1937,RegionA,1006.87,0.0,0.5917,722.35,267.471333,Peak,Main_0_2399
1937,RegionB,964.92,0.0,0.5536,722.35,226.975667,Peak,Main_0_2399
1937,RegionC,936.95,0.0,0.5249,722.35,247.271667,Peak,Main_0_2399
1937,RegionD,601.33,469.04,0.4009,722.35,103.637333,Peak,Main_0_2399
1937,RegionE,531.41,414.5,0.21,722.35,145.928,Peak,Main_0_2399
1937,RegionF,559.37,436.31,0.2481,722.35,149.206667,Peak,Main_0_2399
1938,RegionA,1006.33,0.0,0.603,650.0,197.991,Peak,Main_0_2399
1938,RegionB,964.4,0.0,0.5641,650.0,226.194,Peak,Main_0_2399
1938,RegionC,936.45,0.0,0.5349,650.0,189.31,Peak,Main_0_2399
1938,RegionD,601.01,468.79,0.4085,650.0,114.926,Peak,Main_0_2399
1938,RegionE,531.12,414.27,0.214,650.0,118.303333,Peak,Main_0_2399
1938,RegionF,559.07,436.07,0.2529,650.0,127.835333,Peak,Main_0_2399
1939,RegionA,1005.8,0.0,0.6152,587.87,221.899333,Peak,Main_0_2399
1939,RegionB,963.89,0.0,0.5755,587.87,194.131333,Peak,Main_0_2399
1939,RegionC,935.95,0.0,0.5457,587.87,198.652,Peak,Main_0_2399
1939,RegionD,600.69,468.54,0.4167,587.87,166.736,Peak,Main_0_2399
1939,RegionE,530.84,414.06,0.2183,587.87,142.757,Peak,Main_0_2399
1939,RegionF,558.78,435.85,0.258,587.87,136.393667,Peak,Main_0_2399
1940,RegionA,1005.27,0.0,0.6274,540.19,234.515667,Peak,Main_0_2399
1940,RegionB,963.38,0.0,0.5869,540.19,217.738667,Peak,Main_0_2399
1940,RegionC,935.46,0.0,0.5565,540.19,219.866,Peak,Main_0_2399
1940,RegionD,600.37,468.29,0.425,540.19,136.726,Peak,Main_0_2399
1940,RegionE,530.56,413.84,0.2226,540.19,187.561333,Peak,Main_0_2399
1940,RegionF,558.48,435.61,0.2631,540.19,203.476,Peak,Main_0_2399
1941,RegionA,1004.75,0.0,0.6387,510.22,257.000667,Peak,Main_0_2399
1941,RegionB,962.88,0.0,0.5975,510.22,227.326,Peak,Main_0_2399
1941,RegionC,934.97,0.0,0.5666,510.22,216.816667,Peak,Main_0_2399
1941,RegionD,600.06,468.05,0.4326,510.22,199.244667,Peak,Main_0_2399
1941,RegionE,530.28,413.62,0.2266,510.22,193.654667,Peak,Main_0_2399
1941,RegionF,558.19,435.39,0.2678,510.22,192.363333,Peak,Main_0_2399
1942,RegionA,623.32,0.0,0.6483,500.0,300.37,Flat,Main_0_2399
1942,RegionB,597.35,0.0,0.6065,500.0,270.0,Flat,Main_0_2399
1942,RegionC,580.03,0.0,0.5751,500.0,257.292667,Flat,Main_0_2399
1942,RegionD,372.26,290.36,0.4392,500.0,205.146333,Flat,Main_0_2399
1942,RegionE,328.97,256.6,0.23,500.0,221.293667,Flat,Main_0_2399
1942,RegionF,346.29,270.11,0.2719,500.0,241.939333,Flat,Main_0_2399
1943,RegionA,623.0,0.0,0.6555,510.22,297.766,Flat,Main_0_2399
1943,RegionB,597.05,0.0,0.6132,510.22,291.682,Flat,Main_0_2399
1943,RegionC,579.74,0.0,0.5815,510.22,267.157667,Flat,Main_0_2399
1943,RegionD,372.07,290.21,0.4441,510.22,205.513,Flat,Main_0_2399
1943,RegionE,328.81,256.47,0.2326,510.22,213.660333,Flat,Main_0_2399
1943,RegionF,346.11,269.97,0.2749,510.22,268.548,Flat,Main_0_2399
1944,RegionA,449.72,0.0,0.6598,540.19,347.468,Valley,Main_0_2399
1944,RegionB,430.99,0.0,0.6173,540.19,313.914667,Valley,Main_0_2399
1944,RegionC,418.49,0.0,0.5853,540.19,313.557333,Valley,Main_0_2399
1944,RegionD,268.59,209.5,0.447,540.19,244.014,Valley,Main_0_2399
1944,RegionE,237.35,185.13,0.2341,540.19,221.969333,Valley,Main_0_2399
1944,RegionF,249.85,194.88,0.2767,540.19,327.166,Valley,Main_0_2399
1945,RegionA,449.51,0.0,0.6609,587.87,362.387667,Valley,Main_0_2399
1945,RegionB,430.78,0.0,0.6183,587.87,335.619,Valley,Main_0_2399
1945,RegionC,418.29,0.0,0.5863,587.87,337.794667,Valley,Main_0_2399
1945,RegionD,268.45,209.39,0.4477,587.87,304.724333,Valley,Main_0_2399
1945,RegionE,237.24,185.05,0.2345,587.87,212.270667,Valley,Main_0_2399
1945,RegionF,249.73,194.79,0.2772,587.87,344.052,Valley,Main_0_2399
1946,RegionA,449.29,0.0,0.6586,650.0,397.117667,Valley,Main_0_2399
1946,RegionB,430.57,0.0,0.6161,650.0,377.908,Valley,Main_0_2399
1946,RegionC,418.09,0.0,0.5843,650.0,343.848,Valley,Main_0_2399
1946,RegionD,268.33,209.3,0.4462,650.0,336.102333,Valley,Main_0_2399
1946,RegionE,237.13,184.96,0.2337,650.0,283.462,Valley,Main_0_2399
1946,RegionF,249.61,194.7,0.2762,650.0,356.083333,Valley,Main_0_2399
1947,RegionA,449.08,0.0,0.6531,722.35,396.935667,Valley,Main_0_2399
1947,RegionB,430.37,0.0,0.6109,722.35,379.222667,Valley,Main_0_2399
1947,RegionC,417.9,0.0,0.5793,722.35,359.647333,Valley,Main_0_2399
1947,RegionD,268.2,209.2,0.4424,722.35,381.614333,Valley,Main_0_2399
1947,RegionE,237.02,184.88,0.2317,722.35,358.090333,Valley,Main_0_2399
1947,RegionF,249.49,194.6,0.2739,722.35,399.5,Valley,Main_0_2399
1948,RegionA,448.88,0.0,0.6446,800.0,398.921333,Valley,Main_0_2399
1948,RegionB,430.18,0.0,0.603,800.0,379.842667,Valley,Main_0_2399
1948,RegionC,417.71,0.0,0.5718,800.0,377.502,Valley,Main_0_2399
1948,RegionD,268.08,209.1,0.4367,800.0,362.835667,Valley,Main_0_2399
1948,RegionE,236.91,184.79,0.2287,800.0,341.464,Valley,Main_0_2399
1948,RegionF,249.38,194.52,0.2703,800.0,357.022,Valley,Main_0_2399
1949,RegionA,448.68,0.0,0.6338,877.65,389.457333,Valley,Main_0_2399
1949,RegionB,429.99,0.0,0.5929,877.65,387.476333,Valley,Main_0_2399
1949,RegionC,417.52,0.0,0.5622,877.65,379.821667,Valley,Main_0_2399
1949,RegionD,267.96,209.01,0.4293,877.65,418.72,Valley,Main_0_2399
1949,RegionE,236.8,184.7,0.2249,877.65,353.818667,Valley,Main_0_2399
1949,RegionF,249.27,194.43,0.2658,877.65,372.43,Valley,Main_0_2399
1950,RegionA,448.49,0.0,0.6212,950.0,390.398333,Valley,Main_0_2399
1950,RegionB,429.8,0.0,0.5812,950.0,383.774667,Valley,Main_0_2399
1950,RegionC,417.34,0.0,0.5511,950.0,378.499333,Valley,Main_0_2399
1950,RegionD,267.85,208.92,0.4208,950.0,381.98,Valley,Main_0_2399
1950,RegionE,236.7,184.63,0.2204,950.0,398.16,Valley,Main_0_2399
1950,RegionF,249.16,194.34,0.2605,950.0,397.812667,Valley,Main_0_2399
1951,RegionA,689.7,0.0,0.6079,1012.13,383.992,Flat,Main_0_2399
1951,RegionB,660.96,0.0,0.5687,1012.13,384.558333,Flat,Main_0_2399
1951,RegionC,641.8,0.0,0.5392,1012.13,378.330667,Flat,Main_0_2399
1951,RegionD,411.9,321.28,0.4118,1012.13,350.942333,Flat,Main_0_2399
1951,RegionE,364.01,283.93,0.2157,1012.13,374.076667,Flat,Main_0_2399
1951,RegionF,383.17,298.87,0.2549,1012.13,392.838667,Flat,Main_0_2399
1952,RegionA,689.42,0.0,0.5945,1059.81,394.262667,Flat,Main_0_2399
1952,RegionB,660.7,0.0,0.5562,1059.81,378.740667,Flat,Main_0_2399
1952,RegionC,641.55,0.0,0.5274,1059.81,377.085667,Flat,Main_0_2399
1952,RegionD,411.74,321.16,0.4027,1059.81,369.491667,Flat,Main_0_2399
1952,RegionE,363.86,283.81,0.211,1059.81,350.104,Flat,Main_0_2399
1952,RegionF,383.01,298.75,0.2493,1059.81,381.018667,Flat,Main_0_2399
1953,RegionA,689.16,0.0,0.582,1089.78,385.338667,Flat,Main_0_2399
1953,RegionB,660.44,0.0,0.5445,1089.78,379.496,Flat,Main_0_2399
1953,RegionC,641.3,0.0,0.5163,1089.78,379.898667,Flat,Main_0_2399
1953,RegionD,411.58,321.03,0.3943,1089.78,337.745,Flat,Main_0_2399
1953,RegionE,363.72,283.7,0.2065,1089.78,325.360333,Flat,Main_0_2399
1953,RegionF,382.87,298.64,0.2441,1089.78,374.916,Flat,Main_0_2399
1954,RegionA,688.9,0.0,0.5713,1100.0,372.784,Flat,Main_0_2399
1954,RegionB,660.2,0.0,0.5344,1100.0,382.073667,Flat,Main_0_2399
1954,RegionC,641.06,0.0,0.5068,1100.0,380.876,Flat,Main_0_2399
1954,RegionD,411.43,320.92,0.387,1100.0,263.068333,Flat,Main_0_2399
1954,RegionE,363.59,283.6,0.2027,1100.0,324.008,Flat,Main_0_2399
1954,RegionF,382.72,298.52,0.2396,1100.0,345.421333,Flat,Main_0_2399
1955,RegionA,688.66,0.0,0.5629,1089.78,360.214333,Flat,Main_0_2399
1955,RegionB,659.97,0.0,0.5266,1089.78,345.941333,Flat,Main_0_2399
1955,RegionC,640.84,0.0,0.4994,1089.78,378.534667,Flat,Main_0_2399
1955,RegionD,411.28,320.8,0.3814,1089.78,245.173333,Flat,Main_0_2399
1955,RegionE,363.46,283.5,0.1998,1089.78,330.359667,Flat,Main_0_2399
1955,RegionF,382.59,298.42,0.2361,1089.78,311.999333,Flat,Main_0_2399
1956,RegionA,688.43,0.0,0.5575,1059.81,337.907333,Flat,Main_0_2399
1956,RegionB,659.74,0.0,0.5216,1059.81,342.764667,Flat,Main_0_2399
1956,RegionC,640.62,0.0,0.4946,1059.81,349.408,Flat,Main_0_2399
1956,RegionD,411.14,320.69,0.3777,1059.81,193.890667,Flat,Main_0_2399
1956,RegionE,363.34,283.41,0.1978,1059.81,281.43,Flat,Main_0_2399
1956,RegionF,382.46,298.32,0.2338,1059.81,302.579333,Flat,Main_0_2399
1957,RegionA,688.21,0.0,0.5554,1012.13,308.178333,Flat,Main_0_2399
1957,RegionB,659.53,0.0,0.5196,1012.13,320.813,Flat,Main_0_2399
1957,RegionC,640.42,0.0,0.4927,1012.13,324.947333,Flat,Main_0_2399
1957,RegionD,411.01,320.59,0.3763,1012.13,197.267,Flat,Main_0_2399
1957,RegionE,363.22,283.31,0.1971,1012.13,274.449333,Flat,Main_0_2399
1957,RegionF,382.34,298.23,0.2329,1012.13,295.449333,Flat,Main_0_2399
1958,RegionA,688.0,0.0,0.5567,950.0,285.433333,Flat,Main_0_2399
1958,RegionB,659.34,0.0,0.5208,950.0,274.548333,Flat,Main_0_2399
1958,RegionC,640.22,0.0,0.4939,950.0,302.423667,Flat,Main_0_2399
1958,RegionD,410.89,320.49,0.3771,950.0,197.298667,Flat,Main_0_2399
1958,RegionE,363.11,283.23,0.1975,950.0,278.232,Flat,Main_0_2399
1958,RegionF,382.22,298.13,0.2335,950.0,276.784,Flat,Main_0_2399
1959,RegionA,687.81,0.0,0.5613,877.65,270.974,Flat,Main_0_2399
1959,RegionB,659.15,0.0,0.5251,877.65,242.953667,Flat,Main_0_2399
1959,RegionC,640.04,0.0,0.4979,877.65,273.348667,Flat,Main_0_2399
1959,RegionD,410.77,320.4,0.3802,877.65,191.849,Flat,Main_0_2399
1959,RegionE,363.01,283.15,0.1992,877.65,201.794333,Flat,Main_0_2399
1959,RegionF,382.12,298.05,0.2354,877.65,252.067333,Flat,Main_0_2399
1960,RegionA,687.63,0.0,0.5688,800.0,246.953667,Flat,Main_0_2399
1960,RegionB,658.97,0.0,0.5321,800.0,201.916667,Flat,Main_0_2399
1960,RegionC,639.87,0.0,0.5046,800.0,222.429,Flat,Main_0_2399
1960,RegionD,410.67,320.32,0.3853,800.0,146.730667,Flat,Main_0_2399
1960,RegionE,362.91,283.07,0.2018,800.0,194.422,Flat,Main_0_2399
1960,RegionF,382.01,297.97,0.2385,800.0,212.318333,Flat,Main_0_2399
1961,RegionA,996.81,0.0,0.5788,722.35,208.288,Peak,Main_0_2399
1961,RegionB,955.28,0.0,0.5414,722.35,162.976,Peak,Main_0_2399
1961,RegionC,927.59,0.0,0.5134,722.35,196.305667,Peak,Main_0_2399
1961,RegionD,595.32,464.35,0.3921,722.35,79.671333,Peak,Main_0_2399
1961,RegionE,526.1,410.36,0.2054,722.35,174.562667,Peak,Main_0_2399
1961,RegionF,553.78,431.95,0.2427,722.35,201.146667,Peak,Main_0_2399
1962,RegionA,996.59,0.0,0.5904,650.0,212.910667,Peak,Main_0_2399
1962,RegionB,955.06,0.0,0.5523,650.0,208.952,Peak,Main_0_2399
1962,RegionC,927.38,0.0,0.5237,650.0,230.613333,Peak,Main_0_2399
1962,RegionD,595.18,464.24,0.4,650.0,106.530333,Peak,Main_0_2399
1962,RegionE,525.98,410.26,0.2095,650.0,158.82,Peak,Main_0_2399
1962,RegionF,553.66,431.85,0.2476,650.0,171.276,Peak,Main_0_2399
1963,RegionA,996.38,0.0,0.603,587.87,231.330667,Peak,Main_0_2399
1963,RegionB,954.87,0.0,0.5641,587.87,221.262667,Peak,Main_0_2399
1963,RegionC,927.19,0.0,0.5349,587.87,215.017333,Peak,Main_0_2399
1963,RegionD,595.06,464.15,0.4085,587.87,86.045333,Peak,Main_0_2399
1963,RegionE,525.87,410.18,0.214,587.87,154.74,Peak,Main_0_2399
1963,RegionF,553.55,431.77,0.2529,587.87,162.663333,Peak,Main_0_2399
1964,RegionA,996.2,0.0,0.6155,540.19,247.16,Peak,Main_0_2399
1964,RegionB,954.69,0.0,0.5758,540.19,236.569333,Peak,Main_0_2399
1964,RegionC,927.02,0.0,0.546,540.19,248.06,Peak,Main_0_2399
1964,RegionD,594.95,464.06,0.417,540.19,63.401333,Peak,Main_0_2399
1964,RegionE,525.77,410.1,0.2184,540.19,111.562667,Peak,Main_0_2399
1964,RegionF,553.44,431.68,0.2581,540.19,197.521667,Peak,Main_0_2399
1965,RegionA,996.04,0.0,0.6272,510.22,261.959333,Peak,Main_0_2399
1965,RegionB,954.53,0.0,0.5868,510.22,258.443,Peak,Main_0_2399
1965,RegionC,926.87,0.0,0.5564,510.22,241.970667,Peak,Main_0_2399
1965,RegionD,594.85,463.98,0.4249,510.22,110.512333,Peak,Main_0_2399
1965,RegionE,525.69,410.04,0.2226,510.22,147.470667,Peak,Main_0_2399
1965,RegionF,553.35,431.61,0.263,510.22,212.848,Peak,Main_0_2399
1966,RegionA,618.14,0.0,0.6373,500.0,291.962667,Flat,Main_0_2399
1966,RegionB,592.38,0.0,0.5962,500.0,254.003333,Flat,Main_0_2399
1966,RegionC,575.21,0.0,0.5653,500.0,246.02,Flat,Main_0_2399
1966,RegionD,369.17,287.95,0.4317,500.0,180.314333,Flat,Main_0_2399
1966,RegionE,326.24,254.47,0.2261,500.0,198.903333,Flat,Main_0_2399
1966,RegionF,343.41,267.86,0.2673,500.0,248.624,Flat,Main_0_2399
1967,RegionA,618.06,0.0,0.645,510.22,343.796333,Flat,Main_0_2399
1967,RegionB,592.31,0.0,0.6034,510.22,279.206,Flat,Main_0_2399
1967,RegionC,575.14,0.0,0.5722,510.22,330.988333,Flat,Main_0_2399
1967,RegionD,369.12,287.91,0.4369,510.22,200.227,Flat,Main_0_2399
1967,RegionE,326.2,254.44,0.2289,510.22,250.621333,Flat,Main_0_2399
1967,RegionF,343.37,267.83,0.2705,510.22,277.07,Flat,Main_0_2399
1968,RegionA,446.33,0.0,0.6498,540.19,334.759667,Valley,Main_0_2399
1968,RegionB,427.74,0.0,0.6079,540.19,343.711333,Valley,Main_0_2399
1968,RegionC,415.34,0.0,0.5764,540.19,330.001,Valley,Main_0_2399
1968,RegionD,266.56,207.92,0.4402,540.19,221.14,Valley,Main_0_2399
1968,RegionE,235.57,183.74,0.2306,540.19,261.16,Valley,Main_0_2399
1968,RegionF,247.96,193.41,0.2725,540.19,283.867333,Valley,Main_0_2399
1969,RegionA,446.3,0.0,0.6513,587.87,343.9,Valley,Main_0_2399
1969,RegionB,427.7,0.0,0.6093,587.87,354.293333,Valley,Main_0_2399
1969,RegionC,415.31,0.0,0.5778,587.87,364.525,Valley,Main_0_2399
1969,RegionD,266.54,207.9,0.4412,587.87,236.215333,Valley,Main_0_2399
1969,RegionE,235.55,183.73,0.2311,587.87,271.189333,Valley,Main_0_2399
1969,RegionF,247.94,193.39,0.2731,587.87,316.068333,Valley,Main_0_2399
1970,RegionA,446.27,0.0,0.6495,650.0,330.553333,Valley,Main_0_2399
1970,RegionB,427.68,0.0,0.6076,650.0,369.093333,Valley,Main_0_2399
1970,RegionC,415.28,0.0,0.5762,650.0,370.465333,Valley,Main_0_2399
1970,RegionD,266.52,207.89,0.44,650.0,290.97,Valley,Main_0_2399
1970,RegionE,235.53,183.71,0.2305,650.0,347.904667,Valley,Main_0_2399
1970,RegionF,247.93,193.39,0.2724,650.0,381.55,Valley,Main_0_2399
1971,RegionA,446.26,0.0,0.6445,722.35,358.698667,Valley,Main_0_2399
1971,RegionB,427.66,0.0,0.6029,722.35,369.497333,Valley,Main_0_2399
1971,RegionC,415.27,0.0,0.5717,722.35,363.15,Valley,Main_0_2399
1971,RegionD,266.52,207.89,0.4366,722.35,336.301,Valley,Main_0_2399
1971,RegionE,235.53,183.71,0.2287,722.35,390.443333,Valley,Main_0_2399
1971,RegionF,247.92,193.38,0.2703,722.35,407.804,Valley,Main_0_2399
1972,RegionA,446.25,0.0,0.6365,800.0,357.25,Valley,Main_0_2399
1972,RegionB,427.66,0.0,0.5955,800.0,370.1,Valley,Main_0_2399
1972,RegionC,415.26,0.0,0.5647,800.0,374.733333,Valley,Main_0_2399
1972,RegionD,266.51,207.88,0.4312,800.0,372.652667,Valley,Main_0_2399
1972,RegionE,235.52,183.71,0.2259,800.0,425.220667,Valley,Main_0_2399
1972,RegionF,247.92,193.38,0.2669,800.0,407.11,Valley,Main_0_2399
1973,RegionA,446.26,0.0,0.6262,877.65,357.416667,Valley,Main_0_2399
1973,RegionB,427.66,0.0,0.5858,877.65,371.569333,Valley,Main_0_2399
1973,RegionC,415.27,0.0,0.5555,877.65,382.690667,Valley,Main_0_2399
1973,RegionD,266.51,207.88,0.4242,877.65,405.418667,Valley,Main_0_2399
1973,RegionE,235.52,183.71,0.2222,877.65,414.735333,Valley,Main_0_2399
1973,RegionF,247.92,193.38,0.2626,877.65,415.466667,Valley,Main_0_2399
1974,RegionA,446.27,0.0,0.6142,950.0,368.426667,Valley,Main_0_2399
1974,RegionB,427.68,0.0,0.5746,950.0,375.567333,Valley,Main_0_2399
1974,RegionC,415.28,0.0,0.5449,950.0,367.819667,Valley,Main_0_2399
1974,RegionD,266.52,207.89,0.4161,950.0,384.313333,Valley,Main_0_2399
1974,RegionE,235.53,183.71,0.218,950.0,441.205,Valley,Main_0_2399
1974,RegionF,247.93,193.39,0.2576,950.0,389.723333,Valley,Main_0_2399
1975,RegionA,686.61,0.0,0.6014,1012.13,395.86,Flat,Main_0_2399
1975,RegionB,658.0,0.0,0.5626,1012.13,388.292,Flat,Main_0_2399
1975,RegionC,638.93,0.0,0.5335,1012.13,370.100667,Flat,Main_0_2399
1975,RegionD,410.06,319.85,0.4074,1012.13,326.429333,Flat,Main_0_2399
1975,RegionE,362.38,282.66,0.2134,1012.13,423.336,Flat,Main_0_2399
1975,RegionF,381.45,297.53,0.2522,1012.13,377.47,Flat,Main_0_2399
1976,RegionA,686.66,0.0,0.5886,1059.81,378.007,Flat,Main_0_2399
1976,RegionB,658.05,0.0,0.5506,1059.81,387.98,Flat,Main_0_2399
1976,RegionC,638.97,0.0,0.5222,1059.81,366.94,Flat,Main_0_2399
1976,RegionD,410.09,319.87,0.3987,1059.81,326.644667,Flat,Main_0_2399
1976,RegionE,362.4,282.67,0.2089,1059.81,407.152,Flat,Main_0_2399
1976,RegionF,381.48,297.55,0.2468,1059.81,378.450667,Flat,Main_0_2399
1977,RegionA,686.73,0.0,0.5767,1089.78,377.5,Flat,Main_0_2399
1977,RegionB,658.11,0.0,0.5395,1089.78,386.406667,Flat,Main_0_2399
1977,RegionC,639.04,0.0,0.5116,1089.78,378.652333,Flat,Main_0_2399
1977,RegionD,410.13,319.9,0.3907,1089.78,351.104,Flat,Main_0_2399
1977,RegionE,362.44,282.7,0.2046,1089.78,342.061333,Flat,Main_0_2399
1977,RegionF,381.51,297.58,0.2418,1089.78,343.100333,Flat,Main_0_2399
1978,RegionA,686.81,0.0,0.5665,1100.0,377.647,Flat,Main_0_2399
1978,RegionB,658.19,0.0,0.53,1100.0,388.485333,Flat,Main_0_2399
1978,RegionC,639.11,0.0,0.5026,1100.0,354.023333,Flat,Main_0_2399
1978,RegionD,410.18,319.94,0.3838,1100.0,294.537667,Flat,Main_0_2399
1978,RegionE,362.48,282.73,0.201,1100.0,287.152,Flat,Main_0_2399
1978,RegionF,381.56,297.62,0.2376,1100.0,359.136667,Flat,Main_0_2399
1979,RegionA,686.91,0.0,0.5588,1089.78,337.731,Flat,Main_0_2399
1979,RegionB,658.28,0.0,0.5227,1089.78,339.416667,Flat,Main_0_2399
1979,RegionC,639.2,0.0,0.4957,1089.78,367.513333,Flat,Main_0_2399
1979,RegionD,410.23,319.98,0.3785,1089.78,264.989333,Flat,Main_0_2399
1979,RegionE,362.53,282.77,0.1983,1089.78,237.506,Flat,Main_0_2399
1979,RegionF,381.61,297.66,0.2343,1089.78,290.572667,Flat,Main_0_2399
1980,RegionA,687.02,0.0,0.554,1059.81,312.4,Flat,Main_0_2399
1980,RegionB,658.39,0.0,0.5182,1059.81,332.518667,Flat,Main_0_2399
1980,RegionC,639.31,0.0,0.4914,1059.81,309.382667,Flat,Main_0_2399
1980,RegionD,410.3,320.03,0.3753,1059.81,246.916333,Flat,Main_0_2399
1980,RegionE,362.59,282.82,0.1966,1059.81,240.653,Flat,Main_0_2399
1980,RegionF,381.68,297.71,0.2323,1059.81,274.073,Flat,Main_0_2399
1981,RegionA,687.14,0.0,0.5524,1012.13,284.857,Flat,Main_0_2399
1981,RegionB,658.51,0.0,0.5168,1012.13,308.578333,Flat,Main_0_2399
1981,RegionC,639.43,0.0,0.4901,1012.13,295.285333,Flat,Main_0_2399
1981,RegionD,410.38,320.1,0.3742,1012.13,208.895667,Flat,Main_0_2399
1981,RegionE,362.66,282.87,0.196,1012.13,269.099667,Flat,Main_0_2399
1981,RegionF,381.75,297.76,0.2317,1012.13,234.259,Flat,Main_0_2399
1982,RegionA,687.29,0.0,0.5543,950.0,287.904,Flat,Main_0_2399
1982,RegionB,658.65,0.0,0.5186,950.0,266.092333,Flat,Main_0_2399
1982,RegionC,639.56,0.0,0.4917,950.0,275.187333,Flat,Main_0_2399
1982,RegionD,410.46,320.16,0.3755,950.0,201.971333,Flat,Main_0_2399
1982,RegionE,362.73,282.93,0.1967,950.0,255.506667,Flat,Main_0_2399
1982,RegionF,381.83,297.83,0.2325,950.0,253.120333,Flat,Main_0_2399
1983,RegionA,687.44,0.0,0.5595,877.65,268.075667,Flat,Main_0_2399
1983,RegionB,658.8,0.0,0.5234,877.65,252.668667,Flat,Main_0_2399
1983,RegionC,639.7,0.0,0.4963,877.65,242.495333,Flat,Main_0_2399
1983,RegionD,410.56,320.24,0.379,877.65,153.082333,Flat,Main_0_2399
1983,RegionE,362.82,283.0,0.1985,877.65,215.259667,Flat,Main_0_2399
1983,RegionF,381.91,297.89,0.2346,877.65,223.29,Flat,Main_0_2399
1984,RegionA,687.61,0.0,0.5676,800.0,247.078333,Flat,Main_0_2399
1984,RegionB,658.96,0.0,0.531,800.0,206.562333,Flat,Main_0_2399
1984,RegionC,639.86,0.0,0.5035,800.0,226.731667,Flat,Main_0_2399
1984,RegionD,410.66,320.31,0.3845,800.0,122.825333,Flat,Main_0_2399
1984,RegionE,362.91,283.07,0.2014,800.0,168.681,Flat,Main_0_2399
1984,RegionF,382.01,297.97,0.238,800.0,212.252,Flat,Main_0_2399
1985,RegionA,997.31,0.0,0.5782,722.35,235.189333,Peak,Main_0_2399
1985,RegionB,955.75,0.0,0.5409,722.35,204.15,Peak,Main_0_2399
1985,RegionC,928.05,0.0,0.5129,722.35,223.900667,Peak,Main_0_2399
1985,RegionD,595.62,464.58,0.3917,722.35,114.260667,Peak,Main_0_2399
1985,RegionE,526.36,410.56,0.2052,722.35,127.338667,Peak,Main_0_2399
1985,RegionF,554.06,432.17,0.2425,722.35,159.998,Peak,Main_0_2399
1986,RegionA,997.6,0.0,0.5904,650.0,247.583333,Peak,Main_0_2399
1986,RegionB,956.03,0.0,0.5523,650.0,182.913,Peak,Main_0_2399
1986,RegionC,928.32,0.0,0.5237,650.0,236.926,Peak,Main_0_2399
1986,RegionD,595.79,464.72,0.4,650.0,140.898667,Peak,Main_0_2399
1986,RegionE,526.51,410.68,0.2095,650.0,153.808,Peak,Main_0_2399
1986,RegionF,554.22,432.29,0.2476,650.0,203.423333,Peak,Main_0_2399
1987,RegionA,997.91,0.0,0.6036,587.87,191.274667,Peak,Main_0_2399
1987,RegionB,956.33,0.0,0.5646,587.87,228.357333,Peak,Main_0_2399
1987,RegionC,928.61,0.0,0.5354,587.87,226.120333,Peak,Main_0_2399
1987,RegionD,595.97,464.86,0.4089,587.87,106.590667,Peak,Main_0_2399
1987,RegionE,526.67,410.8,0.2142,587.87,159.696,Peak,Main_0_2399
1987,RegionF,554.39,432.42,0.2531,587.87,200.91,Peak,Main_0_2399
1988,RegionA,998.24,0.0,0.6167,540.19,226.506,Peak,Main_0_2399
1988,RegionB,956.64,0.0,0.5769,540.19,237.410667,Peak,Main_0_2399
1988,RegionC,928.91,0.0,0.5471,540.19,207.299333,Peak,Main_0_2399
1988,RegionD,596.17,465.01,0.4178,540.19,112.610667,Peak,Main_0_2399
1988,RegionE,526.85,410.94,0.2188,540.19,229.287333,Peak,Main_0_2399
1988,RegionF,554.58,432.57,0.2586,540.19,191.6,Peak,Main_0_2399
1989,RegionA,998.58,0.0,0.6291,510.22,225.595333,Peak,Main_0_2399
1989,RegionB,956.98,0.0,0.5885,510.22,260.999667,Peak,Main_0_2399
1989,RegionC,929.24,0.0,0.558,510.22,238.253333,Peak,Main_0_2399
1989,RegionD,596.38,465.18,0.4261,510.22,104.122,Peak,Main_0_2399
1989,RegionE,527.03,411.08,0.2232,510.22,225.506,Peak,Main_0_2399
1989,RegionF,554.77,432.72,0.2638,510.22,240.6,Peak,Main_0_2399
1990,RegionA,620.04,0.0,0.6397,500.0,253.574,Flat,Main_0_2399
1990,RegionB,594.2,0.0,0.5984,500.0,291.969333,Flat,Main_0_2399
1990,RegionC,576.98,0.0,0.5675,500.0,237.956667,Flat,Main_0_2399
1990,RegionD,370.3,288.83,0.4333,500.0,121.738,Flat,Main_0_2399
1990,RegionE,327.24,255.25,0.227,500.0,230.903333,Flat,Main_0_2399
1990,RegionF,344.47,268.69,0.2683,500.0,283.981333,Flat,Main_0_2399
1991,RegionA,620.28,0.0,0.648,510.22,262.726333,Flat,Main_0_2399
1991,RegionB,594.43,0.0,0.6062,510.22,294.65,Flat,Main_0_2399
1991,RegionC,577.2,0.0,0.5748,510.22,284.770667,Flat,Main_0_2399
1991,RegionD,370.44,288.94,0.439,510.22,115.041333,Flat,Main_0_2399
1991,RegionE,327.37,255.35,0.2299,510.22,285.956,Flat,Main_0_2399
1991,RegionF,344.6,268.79,0.2717,510.22,302.884333,Flat,Main_0_2399
1992,RegionA,448.16,0.0,0.6534,540.19,317.959333,Valley,Main_0_2399
1992,RegionB,429.48,0.0,0.6112,540.19,291.214667,Valley,Main_0_2399
1992,RegionC,417.04,0.0,0.5796,540.19,341.947667,Valley,Main_0_2399
1992,RegionD,267.65,208.77,0.4426,540.19,166.859333,Valley,Main_0_2399
1992,RegionE,236.53,184.49,0.2318,540.19,330.849333,Valley,Main_0_2399
1992,RegionF,248.98,194.2,0.274,540.19,310.978333,Valley,Main_0_2399
1993,RegionA,448.35,0.0,0.6555,587.87,330.353333,Valley,Main_0_2399
1993,RegionB,429.66,0.0,0.6132,587.87,357.986667,Valley,Main_0_2399
1993,RegionC,417.21,0.0,0.5815,587.87,371.066667,Valley,Main_0_2399
1993,RegionD,267.76,208.85,0.444,587.87,226.479333,Valley,Main_0_2399
1993,RegionE,236.63,184.57,0.2326,587.87,309.96,Valley,Main_0_2399
1993,RegionF,249.08,194.28,0.2749,587.87,334.242667,Valley,Main_0_2399
1994,RegionA,448.54,0.0,0.6543,650.0,348.24,Valley,Main_0_2399
1994,RegionB,429.85,0.0,0.6121,650.0,355.084,Valley,Main_0_2399
1994,RegionC,417.39,0.0,0.5804,650.0,377.841667,Valley,Main_0_2399
1994,RegionD,267.88,208.95,0.4432,650.0,307.481,Valley,Main_0_2399
1994,RegionE,236.73,184.65,0.2322,650.0,343.529667,Valley,Main_0_2399
1994,RegionF,249.19,194.37,0.2744,650.0,343.05,Valley,Main_0_2399
1995,RegionA,448.74,0.0,0.6498,722.35,353.130667,Valley,Main_0_2399
1995,RegionB,430.05,0.0,0.6079,722.35,357.958,Valley,Main_0_2399
1995,RegionC,417.58,0.0,0.5764,722.35,378.533667,Valley,Main_0_2399
1995,RegionD,268.0,209.04,0.4402,722.35,380.705,Valley,Main_0_2399
1995,RegionE,236.84,184.74,0.2306,722.35,355.52,Valley,Main_0_2399
1995,RegionF,249.3,194.45,0.2725,722.35,344.943333,Valley,Main_0_2399
1996,RegionA,448.95,0.0,0.6424,800.0,363.417,Valley,Main_0_2399
1996,RegionB,430.25,0.0,0.601,800.0,364.938333,Valley,Main_0_2399
1996,RegionC,417.78,0.0,0.5699,800.0,376.825333,Valley,Main_0_2399
1996,RegionD,268.13,209.14,0.4352,800.0,422.166,Valley,Main_0_2399
1996,RegionE,236.95,184.82,0.228,800.0,370.496,Valley,Main_0_2399
1996,RegionF,249.42,194.55,0.2694,800.0,365.937667,Valley,Main_0_2399
1997,RegionA,449.17,0.0,0.6327,877.65,390.596667,Valley,Main_0_2399
1997,RegionB,430.46,0.0,0.5919,877.65,384.164,Valley,Main_0_2399
1997,RegionC,417.98,0.0,0.5612,877.65,378.441667,Valley,Main_0_2399
1997,RegionD,268.26,209.24,0.4286,877.65,399.15,Valley,Main_0_2399
1997,RegionE,237.06,184.91,0.2245,877.65,410.954,Valley,Main_0_2399
1997,RegionF,249.54,194.64,0.2653,877.65,407.655333,Valley,Main_0_2399
1998,RegionA,449.39,0.0,0.6212,950.0,390.348,Valley,Main_0_2399
1998,RegionB,430.67,0.0,0.5812,950.0,388.331333,Valley,Main_0_2399
1998,RegionC,418.19,0.0,0.5511,950.0,364.794667,Valley,Main_0_2399
1998,RegionD,268.39,209.34,0.4208,950.0,397.610667,Valley,Main_0_2399
1998,RegionE,237.18,185.0,0.2204,950.0,426.062,Valley,Main_0_2399
1998,RegionF,249.66,194.73,0.2605,950.0,426.013,Valley,Main_0_2399
1999,RegionA,691.73,0.0,0.609,1012.13,392.617333,Flat,Main_0_2399
1999,RegionB,662.91,0.0,0.5697,1012.13,390.178,Flat,Main_0_2399
1999,RegionC,643.69,0.0,0.5402,1012.13,364.941333,Flat,Main_0_2399
1999,RegionD,413.12,322.23,0.4125,1012.13,396.087333,Flat,Main_0_2399
1999,RegionE,365.08,284.76,0.2161,1012.13,403.245333,Flat,Main_0_2399
1999,RegionF,384.29,299.75,0.2554,1012.13,473.039333,Flat,Main_0_2399
2000,RegionA,692.09,0.0,0.5967,1059.81,393.336667,Flat,Main_0_2399
2000,RegionB,663.26,0.0,0.5582,1059.81,390.106667,Flat,Main_0_2399
2000,RegionC,644.03,0.0,0.5293,1059.81,356.605,Flat,Main_0_2399
2000,RegionD,413.33,322.4,0.4042,1059.81,394.730333,Flat,Main_0_2399
2000,RegionE,365.27,284.91,0.2117,1059.81,369.224667,Flat,Main_0_2399
2000,RegionF,384.5,299.91,0.2502,1059.81,451.21,Flat,Main_0_2399
2001,RegionA,692.46,0.0,0.5853,1089.78,385.369333,Flat,Main_0_2399
2001,RegionB,663.61,0.0,0.5475,1089.78,385.776,Flat,Main_0_2399
2001,RegionC,644.38,0.0,0.5192,1089.78,352.884,Flat,Main_0_2399
2001,RegionD,413.55,322.57,0.3965,1089.78,401.66,Flat,Main_0_2399
2001,RegionE,365.47,285.07,0.2077,1089.78,347.843,Flat,Main_0_2399
2001,RegionF,384.7,300.07,0.2455,1089.78,393.67,Flat,Main_0_2399
2002,RegionA,692.84,0.0,0.5756,1100.0,384.357667,Flat,Main_0_2399
2002,RegionB,663.97,0.0,0.5385,1100.0,386.742667,Flat,Main_0_2399
2002,RegionC,644.73,0.0,0.5106,1100.0,358.107,Flat,Main_0_2399
2002,RegionD,413.78,322.75,0.3899,1100.0,356.45,Flat,Main_0_2399
2002,RegionE,365.67,285.22,0.2043,1100.0,338.273333,Flat,Main_0_2399
2002,RegionF,384.91,300.23,0.2414,1100.0,343.352667,Flat,Main_0_2399
2003,RegionA,693.23,0.0,0.5684,1089.78,360.646667,Flat,Main_0_2399
2003,RegionB,664.34,0.0,0.5317,1089.78,381.83,Flat,Main_0_2399
2003,RegionC,645.09,0.0,0.5042,1089.78,362.670667,Flat,Main_0_2399
2003,RegionD,414.01,322.93,0.385,1089.78,300.413333,Flat,Main_0_2399
2003,RegionE,365.87,285.38,0.2017,1089.78,300.828,Flat,Main_0_2399
2003,RegionF,385.13,300.4,0.2383,1089.78,293.394,Flat,Main_0_2399
2004,RegionA,693.62,0.0,0.564,1059.81,307.174667,Flat,Main_0_2399
2004,RegionB,664.72,0.0,0.5276,1059.81,322.078667,Flat,Main_0_2399
2004,RegionC,645.46,0.0,0.5003,1059.81,341.990667,Flat,Main_0_2399
2004,RegionD,414.25,323.12,0.3821,1059.81,297.418667,Flat,Main_0_2399
2004,RegionE,366.08,285.54,0.2001,1059.81,301.594333,Flat,Main_0_2399
2004,RegionF,385.35,300.57,0.2365,1059.81,248.488,Flat,Main_0_2399
2005,RegionA,694.02,0.0,0.563,1012.13,279.586,Flat,Main_0_2399
2005,RegionB,665.11,0.0,0.5266,1012.13,293.629333,Flat,Main_0_2399
2005,RegionC,645.83,0.0,0.4994,1012.13,338.474667,Flat,Main_0_2399
2005,RegionD,414.49,323.3,0.3814,1012.13,263.162667,Flat,Main_0_2399
2005,RegionE,366.29,285.71,0.1998,1012.13,289.682,Flat,Main_0_2399
2005,RegionF,385.57,300.74,0.2361,1012.13,233.411667,Flat,Main_0_2399
2006,RegionA,694.43,0.0,0.5653,950.0,264.503667,Flat,Main_0_2399
2006,RegionB,665.5,0.0,0.5288,950.0,287.323667,Flat,Main_0_2399
2006,RegionC,646.21,0.0,0.5015,950.0,309.1,Flat,Main_0_2399
2006,RegionD,414.73,323.49,0.3829,950.0,231.787333,Flat,Main_0_2399
2006,RegionE,366.51,285.88,0.2006,950.0,256.103333,Flat,Main_0_2399
2006,RegionF,385.8,300.92,0.2371,950.0,220.249,Flat,Main_0_2399
2007,RegionA,694.84,0.0,0.5709,877.65,223.271333,Flat,Main_0_2399
2007,RegionB,665.89,0.0,0.5341,877.65,258.204667,Flat,Main_0_2399
2007,RegionC,646.59,0.0,0.5064,877.65,271.508,Flat,Main_0_2399
2007,RegionD,414.98,323.68,0.3867,877.65,176.416667,Flat,Main_0_2399
2007,RegionE,366.72,286.04,0.2026,877.65,161.931,Flat,Main_0_2399
2007,RegionF,386.02,301.1,0.2394,877.65,207.212,Flat,Main_0_2399
2008,RegionA,695.26,0.0,0.5794,800.0,215.158,Flat,Main_0_2399
2008,RegionB,666.29,0.0,0.5421,800.0,243.313,Flat,Main_0_2399
2008,RegionC,646.98,0.0,0.514,800.0,214.588,Flat,Main_0_2399
2008,RegionD,415.23,323.88,0.3925,800.0,155.602667,Flat,Main_0_2399
2008,RegionE,366.94,286.21,0.2056,800.0,108.047,Flat,Main_0_2399
2008,RegionF,386.26,301.28,0.243,800.0,183.751667,Flat,Main_0_2399
2009,RegionA,1008.74,0.0,0.5904,722.35,198.395333,Peak,Main_0_2399
2009,RegionB,966.71,0.0,0.5523,722.35,187.776667,Peak,Main_0_2399
2009,RegionC,938.69,0.0,0.5237,722.35,202.316667,Peak,Main_0_2399
2009,RegionD,602.44,469.9,0.3999,722.35,118.841333,Peak,Main_0_2399
2009,RegionE,532.39,415.26,0.2095,722.35,70.763333,Peak,Main_0_2399
2009,RegionF,560.41,437.12,0.2476,722.35,175.181333,Peak,Main_0_2399
2010,RegionA,1009.36,0.0,0.603,650.0,184.388,Peak,Main_0_2399
2010,RegionB,967.3,0.0,0.5641,650.0,169.439667,Peak,Main_0_2399
2010,RegionC,939.27,0.0,0.5349,650.0,186.646667,Peak,Main_0_2399
2010,RegionD,602.81,470.19,0.4085,650.0,127.234667,Peak,Main_0_2399
2010,RegionE,532.72,415.52,0.214,650.0,4.566,Peak,Main_0_2399
2010,RegionF,560.76,437.39,0.2529,650.0,143.096667,Peak,Main_0_2399
2011,RegionA,1009.98,0.0,0.6165,587.87,192.696667,Peak,Main_0_2399
2011,RegionB,967.9,0.0,0.5768,587.87,178.301333,Peak,Main_0_2399
2011,RegionC,939.85,0.0,0.5469,587.87,212.328333,Peak,Main_0_2399
2011,RegionD,603.18,470.48,0.4177,587.87,97.493333,Peak,Main_0_2399
2011,RegionE,533.05,415.78,0.2188,587.87,51.403333,Peak,Main_0_2399
2011,RegionF,561.1,437.66,0.2585,587.87,154.595,Peak,Main_0_2399
2012,RegionA,1010.61,0.0,0.6301,540.19,223.011,Peak,Main_0_2399
2012,RegionB,968.5,0.0,0.5894,540.19,209.264667,Peak,Main_0_2399
2012,RegionC,940.43,0.0,0.5589,540.19,231.789333,Peak,Main_0_2399
2012,RegionD,603.56,470.78,0.4268,540.19,85.424,Peak,Main_0_2399
2012,RegionE,533.38,416.04,0.2236,540.19,173.358,Peak,Main_0_2399
2012,RegionF,561.45,437.93,0.2642,540.19,194.159333,Peak,Main_0_2399
2013,RegionA,1011.24,0.0,0.6427,510.22,211.574,Peak,Main_0_2399
2013,RegionB,969.11,0.0,0.6013,510.22,209.478667,Peak,Main_0_2399
2013,RegionC,941.02,0.0,0.5702,510.22,217.808,Peak,Main_0_2399
2013,RegionD,603.94,471.07,0.4354,510.22,129.260667,Peak,Main_0_2399
2013,RegionE,533.71,416.29,0.2281,510.22,134.553333,Peak,Main_0_2399
2013,RegionF,561.8,438.2,0.2695,510.22,211.889667,Peak,Main_0_2399
2014,RegionA,628.06,0.0,0.6537,500.0,235.740667,Flat,Main_0_2399
2014,RegionB,601.89,0.0,0.6115,500.0,240.094,Flat,Main_0_2399
2014,RegionC,584.45,0.0,0.5799,500.0,247.368,Flat,Main_0_2399
2014,RegionD,375.09,292.57,0.4428,500.0,146.856,Flat,Main_0_2399
2014,RegionE,331.48,258.55,0.232,500.0,180.959333,Flat,Main_0_2399
2014,RegionF,348.92,272.16,0.2741,500.0,166.875333,Flat,Main_0_2399
2015,RegionA,628.46,0.0,0.6623,510.22,274.515,Flat,Main_0_2399
2015,RegionB,602.27,0.0,0.6195,510.22,264.898667,Flat,Main_0_2399
2015,RegionC,584.81,0.0,0.5875,510.22,282.816667,Flat,Main_0_2399
2015,RegionD,375.33,292.76,0.4486,510.22,187.903333,Flat,Main_0_2399
2015,RegionE,331.68,258.71,0.235,510.22,185.523667,Flat,Main_0_2399
2015,RegionF,349.14,272.33,0.2777,510.22,225.886667,Flat,Main_0_2399
2016,RegionA,454.17,0.0,0.6679,540.19,285.130667,Valley,Main_0_2399
2016,RegionB,435.25,0.0,0.6248,540.19,286.228,Valley,Main_0_2399
2016,RegionC,422.63,0.0,0.5925,540.19,320.945333,Valley,Main_0_2399
2016,RegionD,271.24,211.57,0.4525,540.19,271.167667,Valley,Main_0_2399
2016,RegionE,239.7,186.97,0.237,540.19,255.812,Valley,Main_0_2399
2016,RegionF,252.32,196.81,0.2801,540.19,234.235,Valley,Main_0_2399
2017,RegionA,454.46,0.0,0.6703,587.87,341.652333,Valley,Main_0_2399
2017,RegionB,435.52,0.0,0.6271,587.87,341.124333,Valley,Main_0_2399
2017,RegionC,422.9,0.0,0.5946,587.87,352.453333,Valley,Main_0_2399
2017,RegionD,271.41,211.7,0.4541,587.87,257.26,Valley,Main_0_2399
2017,RegionE,239.85,187.08,0.2378,587.87,282.806667,Valley,Main_0_2399
2017,RegionF,252.48,196.93,0.2811,587.87,291.27,Valley,Main_0_2399
2018,RegionA,454.74,0.0,0.6693,650.0,395.542667,Valley,Main_0_2399
2018,RegionB,435.79,0.0,0.6261,650.0,339.38,Valley,Main_0_2399
2018,RegionC,423.16,0.0,0.5937,650.0,357.485,Valley,Main_0_2399
2018,RegionD,271.58,211.83,0.4534,650.0,268.52,Valley,Main_0_2399
2018,RegionE,240.0,187.2,0.2375,650.0,304.676667,Valley,Main_0_2399
2018,RegionF,252.63,197.05,0.2807,650.0,323.532667,Valley,Main_0_2399
2019,RegionA,455.03,0.0,0.665,722.35,399.748667,Valley,Main_0_2399
2019,RegionB,436.07,0.0,0.6221,722.35,345.812,Valley,Main_0_2399
2019,RegionC,423.43,0.0,0.59,722.35,383.15,Valley,Main_0_2399
2019,RegionD,271.75,211.97,0.4505,722.35,254.698667,Valley,Main_0_2399
2019,RegionE,240.15,187.32,0.236,722.35,349.106667,Valley,Main_0_2399
2019,RegionF,252.79,197.18,0.2789,722.35,332.398,Valley,Main_0_2399
2020,RegionA,455.31,0.0,0.6578,800.0,398.773,Valley,Main_0_2399
2020,RegionB,436.34,0.0,0.6154,800.0,358.896,Valley,Main_0_2399
2020,RegionC,423.69,0.0,0.5836,800.0,383.78,Valley,Main_0_2399
2020,RegionD,271.92,212.1,0.4456,800.0,273.986667,Valley,Main_0_2399
2020,RegionE,240.3,187.43,0.2334,800.0,396.307333,Valley,Main_0_2399
2020,RegionF,252.95,197.3,0.2759,800.0,364.63,Valley,Main_0_2399
2021,RegionA,455.59,0.0,0.6483,877.65,399.797333,Valley,Main_0_2399
2021,RegionB,436.61,0.0,0.6064,877.65,346.128,Valley,Main_0_2399
2021,RegionC,423.95,0.0,0.5751,877.65,379.27,Valley,Main_0_2399
2021,RegionD,272.09,212.23,0.4391,877.65,252.199333,Valley,Main_0_2399
2021,RegionE,240.45,187.55,0.23,877.65,381.771667,Valley,Main_0_2399
2021,RegionF,253.11,197.43,0.2719,877.65,329.132333,Valley,Main_0_2399
2022,RegionA,455.87,0.0,0.637,950.0,396.765333,Valley,Main_0_2399
2022,RegionB,436.88,0.0,0.5959,950.0,354.318,Valley,Main_0_2399
2022,RegionC,424.21,0.0,0.5651,950.0,380.628,Valley,Main_0_2399
2022,RegionD,272.26,212.36,0.4315,950.0,325.563333,Valley,Main_0_2399
2022,RegionE,240.6,187.67,0.226,950.0,412.166667,Valley,Main_0_2399
2022,RegionF,253.26,197.54,0.2671,950.0,400.000667,Valley,Main_0_2399
2023,RegionA,701.77,0.0,0.6248,1012.13,357.48,Flat,Main_0_2399
2023,RegionB,672.53,0.0,0.5845,1012.13,364.701333,Flat,Main_0_2399
2023,RegionC,653.04,0.0,0.5543,1012.13,362.656,Flat,Main_0_2399
2023,RegionD,419.11,326.91,0.4233,1012.13,377.054667,Flat,Main_0_2399
2023,RegionE,370.38,288.9,0.2217,1012.13,412.794667,Flat,Main_0_2399
2023,RegionF,389.87,304.1,0.262,1012.13,384.864,Flat,Main_0_2399
2024,RegionA,702.19,0.0,0.6126,1059.81,358.530667,Flat,Main_0_2399
2024,RegionB,672.94,0.0,0.5731,1059.81,359.786667,Flat,Main_0_2399
2024,RegionC,653.43,0.0,0.5435,1059.81,347.549667,Flat,Main_0_2399
2024,RegionD,419.37,327.11,0.415,1059.81,350.592667,Flat,Main_0_2399
2024,RegionE,370.6,289.07,0.2174,1059.81,367.896,Flat,Main_0_2399
2024,RegionF,390.11,304.29,0.2569,1059.81,376.372667,Flat,Main_0_2399
2025,RegionA,702.61,0.0,0.6013,1089.78,363.836333,Flat,Main_0_2399
2025,RegionB,673.34,0.0,0.5625,1089.78,367.0,Flat,Main_0_2399
2025,RegionC,653.82,0.0,0.5334,1089.78,350.057,Flat,Main_0_2399
2025,RegionD,419.62,327.3,0.4074,1089.78,344.758667,Flat,Main_0_2399
2025,RegionE,370.82,289.24,0.2134,1089.78,383.508,Flat,Main_0_2399
2025,RegionF,390.34,304.47,0.2522,1089.78,379.148,Flat,Main_0_2399
2026,RegionA,703.03,0.0,0.5917,1100.0,360.690667,Flat,Main_0_2399
2026,RegionB,673.74,0.0,0.5535,1100.0,384.438667,Flat,Main_0_2399
2026,RegionC,654.21,0.0,0.5249,1100.0,347.758,Flat,Main_0_2399
2026,RegionD,419.86,327.49,0.4008,1100.0,348.51,Flat,Main_0_2399
2026,RegionE,371.04,289.41,0.21,1100.0,366.82,Flat,Main_0_2399
2026,RegionF,390.57,304.64,0.2481,1100.0,329.976667,Flat,Main_0_2399
2027,RegionA,703.44,0.0,0.5845,1089.78,307.44,Flat,Main_0_2399
2027,RegionB,674.13,0.0,0.5468,1089.78,384.961667,Flat,Main_0_2399
2027,RegionC,654.59,0.0,0.5185,1089.78,361.286667,Flat,Main_0_2399
2027,RegionD,420.11,327.69,0.3959,1089.78,285.399333,Flat,Main_0_2399
2027,RegionE,371.26,289.58,0.2074,1089.78,334.498667,Flat,Main_0_2399
2027,RegionF,390.8,304.82,0.2451,1089.78,312.746667,Flat,Main_0_2399
2028,RegionA,703.84,0.0,0.5802,1059.81,302.419333,Flat,Main_0_2399
2028,RegionB,674.52,0.0,0.5427,1059.81,343.924,Flat,Main_0_2399
2028,RegionC,654.97,0.0,0.5147,1059.81,340.083333,Flat,Main_0_2399
2028,RegionD,420.35,327.87,0.393,1059.81,200.709667,Flat,Main_0_2399
2028,RegionE,371.47,289.75,0.2059,1059.81,280.18,Flat,Main_0_2399
2028,RegionF,391.02,305.0,0.2433,1059.81,304.510333,Flat,Main_0_2399
2029,RegionA,704.24,0.0,0.5791,1012.13,315.093667,Flat,Main_0_2399
2029,RegionB,674.9,0.0,0.5417,1012.13,319.664,Flat,Main_0_2399
2029,RegionC,655.34,0.0,0.5137,1012.13,309.350333,Flat,Main_0_2399
2029,RegionD,420.59,328.06,0.3923,1012.13,206.071667,Flat,Main_0_2399
2029,RegionE,371.68,289.91,0.2055,1012.13,228.117333,Flat,Main_0_2399
2029,RegionF,391.25,305.18,0.2428,1012.13,287.816333,Flat,Main_0_2399
2030,RegionA,704.63,0.0,0.5814,950.0,304.941667,Flat,Main_0_2399
2030,RegionB,675.27,0.0,0.5439,950.0,293.569,Flat,Main_0_2399
2030,RegionC,655.7,0.0,0.5157,950.0,297.749333,Flat,Main_0_2399
2030,RegionD,420.82,328.24,0.3938,950.0,172.201667,Flat,Main_0_2399
2030,RegionE,371.89,290.07,0.2063,950.0,232.114667,Flat,Main_0_2399
2030,RegionF,391.46,305.34,0.2438,950.0,255.253,Flat,Main_0_2399
2031,RegionA,705.02,0.0,0.5869,877.65,281.627,Flat,Main_0_2399
2031,RegionB,675.64,0.0,0.5491,877.65,256.404667,Flat,Main_0_2399
2031,RegionC,656.06,0.0,0.5207,877.65,276.037333,Flat,Main_0_2399
2031,RegionD,421.05,328.42,0.3976,877.65,194.048667,Flat,Main_0_2399
2031,RegionE,372.09,290.23,0.2083,877.65,203.743333,Flat,Main_0_2399
2031,RegionF,391.68,305.51,0.2461,877.65,216.062,Flat,Main_0_2399
2032,RegionA,705.39,0.0,0.5954,800.0,240.860667,Flat,Main_0_2399
2032,RegionB,676.0,0.0,0.557,800.0,248.217,Flat,Main_0_2399
2032,RegionC,656.41,0.0,0.5282,800.0,226.841667,Flat,Main_0_2399
2032,RegionD,421.28,328.6,0.4033,800.0,165.699333,Flat,Main_0_2399
2032,RegionE,372.29,290.39,0.2113,800.0,183.572,Flat,Main_0_2399
2032,RegionF,391.88,305.67,0.2497,800.0,169.795,Flat,Main_0_2399
2033,RegionA,1023.35,0.0,0.6062,722.35,242.833,Peak,Main_0_2399
2033,RegionB,980.71,0.0,0.5671,722.35,225.721667,Peak,Main_0_2399
2033,RegionC,952.28,0.0,0.5378,722.35,207.632,Peak,Main_0_2399
2033,RegionD,611.17,476.71,0.4107,722.35,137.192667,Peak,Main_0_2399
2033,RegionE,540.1,421.28,0.2151,722.35,194.071333,Peak,Main_0_2399
2033,RegionF,568.53,443.45,0.2542,722.35,173.515333,Peak,Main_0_2399
2034,RegionA,1023.87,0.0,0.6188,650.0,205.428667,Peak,Main_0_2399
2034,RegionB,981.21,0.0,0.5788,650.0,244.635333,Peak,Main_0_2399
2034,RegionC,952.77,0.0,0.5489,650.0,213.168,Peak,Main_0_2399
2034,RegionD,611.48,476.95,0.4192,650.0,153.432667,Peak,Main_0_2399
2034,RegionE,540.38,421.5,0.2196,650.0,204.875,Peak,Main_0_2399
2034,RegionF,568.82,443.68,0.2595,650.0,146.372333,Peak,Main_0_2399
2035,RegionA,1024.37,0.0,0.6321,587.87,202.04,Peak,Main_0_2399
2035,RegionB,981.69,0.0,0.5913,587.87,244.46,Peak,Main_0_2399
2035,RegionC,953.24,0.0,0.5608,587.87,202.12,Peak,Main_0_2399
2035,RegionD,611.78,477.19,0.4282,587.87,167.996,Peak,Main_0_2399
2035,RegionE,540.64,421.7,0.2243,587.87,185.128333,Peak,Main_0_2399
2035,RegionF,569.1,443.9,0.2651,587.87,161.096667,Peak,Main_0_2399
2036,RegionA,1024.87,0.0,0.6455,540.19,244.440667,Peak,Main_0_2399
2036,RegionB,982.16,0.0,0.6038,540.19,236.148667,Peak,Main_0_2399
2036,RegionC,953.7,0.0,0.5726,540.19,210.156667,Peak,Main_0_2399
2036,RegionD,612.07,477.41,0.4373,540.19,147.955333,Peak,Main_0_2399
2036,RegionE,540.9,421.9,0.229,540.19,234.356667,Peak,Main_0_2399
2036,RegionF,569.37,444.11,0.2707,540.19,194.84,Peak,Main_0_2399
2037,RegionA,1025.34,0.0,0.658,510.22,259.54,Peak,Main_0_2399
2037,RegionB,982.62,0.0,0.6155,510.22,257.878333,Peak,Main_0_2399
2037,RegionC,954.14,0.0,0.5837,510.22,232.579333,Peak,Main_0_2399
2037,RegionD,612.36,477.64,0.4457,510.22,157.654,Peak,Main_0_2399
2037,RegionE,541.15,422.1,0.2335,510.22,210.54,Peak,Main_0_2399
2037,RegionF,569.64,444.32,0.2759,510.22,183.550333,Peak,Main_0_2399
2038,RegionA,636.71,0.0,0.6687,500.0,249.55,Flat,Main_0_2399
2038,RegionB,610.18,0.0,0.6256,500.0,276.994667,Flat,Main_0_2399
2038,RegionC,592.49,0.0,0.5932,500.0,246.556667,Flat,Main_0_2399
2038,RegionD,380.26,296.6,0.453,500.0,146.908667,Flat,Main_0_2399
2038,RegionE,336.04,262.11,0.2373,500.0,248.36,Flat,Main_0_2399
2038,RegionF,353.73,275.91,0.2804,500.0,206.816667,Flat,Main_0_2399
2039,RegionA,636.98,0.0,0.6771,510.22,278.595333,Flat,Main_0_2399
2039,RegionB,610.44,0.0,0.6334,510.22,312.487333,Flat,Main_0_2399
2039,RegionC,592.75,0.0,0.6006,510.22,284.876667,Flat,Main_0_2399
2039,RegionD,380.42,296.73,0.4586,510.22,178.85,Flat,Main_0_2399
2039,RegionE,336.19,262.23,0.2402,510.22,241.166,Flat,Main_0_2399
2039,RegionF,353.88,276.03,0.2839,510.22,233.102667,Flat,Main_0_2399
2040,RegionA,460.24,0.0,0.6825,540.19,322.838,Valley,Main_0_2399
2040,RegionB,441.06,0.0,0.6384,540.19,330.702,Valley,Main_0_2399
2040,RegionC,428.28,0.0,0.6054,540.19,306.431667,Valley,Main_0_2399
2040,RegionD,274.86,214.39,0.4623,540.19,209.487,Valley,Main_0_2399
2040,RegionE,242.9,189.46,0.2422,540.19,247.337667,Valley,Main_0_2399
2040,RegionF,255.69,199.44,0.2862,540.19,280.506,Valley,Main_0_2399
2041,RegionA,460.42,0.0,0.6846,587.87,340.009,Valley,Main_0_2399
2041,RegionB,441.24,0.0,0.6404,587.87,390.956,Valley,Main_0_2399
2041,RegionC,428.45,0.0,0.6073,587.87,318.269333,Valley,Main_0_2399
2041,RegionD,274.97,214.48,0.4637,587.87,220.446,Valley,Main_0_2399
2041,RegionE,243.0,189.54,0.2429,587.87,292.316,Valley,Main_0_2399
2041,RegionF,255.79,199.52,0.2871,587.87,272.852,Valley,Main_0_2399
2042,RegionA,460.6,0.0,0.6833,650.0,360.962,Valley,Main_0_2399
2042,RegionB,441.41,0.0,0.6392,650.0,391.786667,Valley,Main_0_2399
2042,RegionC,428.61,0.0,0.6061,650.0,327.91,Valley,Main_0_2399
2042,RegionD,275.08,214.56,0.4629,650.0,280.342,Valley,Main_0_2399
2042,RegionE,243.09,189.61,0.2425,650.0,381.746,Valley,Main_0_2399
2042,RegionF,255.89,199.59,0.2865,650.0,328.924667,Valley,Main_0_2399
2043,RegionA,460.77,0.0,0.6787,722.35,371.241,Valley,Main_0_2399
2043,RegionB,441.57,0.0,0.6349,722.35,389.933333,Valley,Main_0_2399
2043,RegionC,428.77,0.0,0.6021,722.35,350.643,Valley,Main_0_2399
2043,RegionD,275.18,214.64,0.4598,722.35,329.367333,Valley,Main_0_2399
2043,RegionE,243.18,189.68,0.2408,722.35,415.446,Valley,Main_0_2399
2043,RegionF,255.98,199.66,0.2846,722.35,342.806,Valley,Main_0_2399
2044,RegionA,460.93,0.0,0.6712,800.0,380.803,Valley,Main_0_2399
2044,RegionB,441.72,0.0,0.6279,800.0,390.26,Valley,Main_0_2399
2044,RegionC,428.92,0.0,0.5954,800.0,364.950333,Valley,Main_0_2399
2044,RegionD,275.28,214.72,0.4547,800.0,366.658667,Valley,Main_0_2399
2044,RegionE,243.27,189.75,0.2382,800.0,435.143667,Valley,Main_0_2399
2044,RegionF,256.07,199.73,0.2815,800.0,397.15,Valley,Main_0_2399
2045,RegionA,461.08,0.0,0.6612,877.65,386.494333,Valley,Main_0_2399
2045,RegionB,441.87,0.0,0.6186,877.65,370.298667,Valley,Main_0_2399
2045,RegionC,429.06,0.0,0.5866,877.65,378.46,Valley,Main_0_2399
2045,RegionD,275.37,214.79,0.4479,877.65,386.425333,Valley,Main_0_2399
2045,RegionE,243.35,189.81,0.2346,877.65,445.584667,Valley,Main_0_2399
2045,RegionF,256.16,199.8,0.2773,877.65,443.177333,Valley,Main_0_2399
2046,RegionA,461.23,0.0,0.6496,950.0,391.142333,Valley,Main_0_2399
2046,RegionB,442.01,0.0,0.6077,950.0,334.071667,Valley,Main_0_2399
2046,RegionC,429.2,0.0,0.5763,950.0,379.265333,Valley,Main_0_2399
2046,RegionD,275.45,214.85,0.44,950.0,391.904667,Valley,Main_0_2399
2046,RegionE,243.42,189.87,0.2305,950.0,428.590667,Valley,Main_0_2399
2046,RegionF,256.24,199.87,0.2724,950.0,403.062667,Valley,Main_0_2399
2047,RegionA,709.79,0.0,0.637,1012.13,392.272667,Flat,Main_0_2399
2047,RegionB,680.21,0.0,0.5959,1012.13,337.398667,Flat,Main_0_2399
2047,RegionC,660.5,0.0,0.5651,1012.13,378.691333,Flat,Main_0_2399
2047,RegionD,423.9,330.64,0.4315,1012.13,369.545667,Flat,Main_0_2399
2047,RegionE,374.61,292.2,0.226,1012.13,432.072667,Flat,Main_0_2399
2047,RegionF,394.33,307.58,0.2671,1012.13,432.04,Flat,Main_0_2399
2048,RegionA,709.98,0.0,0.6245,1059.81,389.556667,Flat,Main_0_2399
2048,RegionB,680.4,0.0,0.5842,1059.81,321.633,Flat,Main_0_2399
2048,RegionC,660.68,0.0,0.554,1059.81,380.82,Flat,Main_0_2399
2048,RegionD,424.02,330.74,0.423,1059.81,375.581667,Flat,Main_0_2399
2048,RegionE,374.71,292.27,0.2216,1059.81,411.241333,Flat,Main_0_2399
2048,RegionF,394.43,307.66,0.2619,1059.81,344.224,Flat,Main_0_2399
2049,RegionA,710.16,0.0,0.6128,1089.78,388.954333,Flat,Main_0_2399
2049,RegionB,680.57,0.0,0.5732,1089.78,348.017333,Flat,Main_0_2399
2049,RegionC,660.84,0.0,0.5436,1089.78,381.388667,Flat,Main_0_2399
2049,RegionD,424.12,330.81,0.4151,1089.78,334.696667,Flat,Main_0_2399
2049,RegionE,374.81,292.35,0.2174,1089.78,371.802,Flat,Main_0_2399
2049,RegionF,394.53,307.73,0.257,1089.78,362.472,Flat,Main_0_2399
2050,RegionA,710.33,0.0,0.6027,1100.0,367.23,Flat,Main_0_2399
2050,RegionB,680.73,0.0,0.5638,1100.0,352.228333,Flat,Main_0_2399
2050,RegionC,661.0,0.0,0.5347,1100.0,382.510667,Flat,Main_0_2399
2050,RegionD,424.22,330.89,0.4083,1100.0,335.866667,Flat,Main_0_2399
2050,RegionE,374.9,292.42,0.2139,1100.0,349.298,Flat,Main_0_2399
2050,RegionF,394.63,307.81,0.2527,1100.0,362.585333,Flat,Main_0_2399
2051,RegionA,710.48,0.0,0.595,1089.78,356.570333,Flat,Main_0_2399
2051,RegionB,680.88,0.0,0.5566,1089.78,320.214667,Flat,Main_0_2399
2051,RegionC,661.14,0.0,0.5278,1089.78,379.208333,Flat,Main_0_2399
2051,RegionD,424.31,330.96,0.4031,1089.78,281.308,Flat,Main_0_2399
2051,RegionE,374.98,292.48,0.2111,1089.78,352.09,Flat,Main_0_2399
2051,RegionF,394.71,307.87,0.2495,1089.78,319.33,Flat,Main_0_2399
2052,RegionA,710.62,0.0,0.5902,1059.81,339.236667,Flat,Main_0_2399
2052,RegionB,681.01,0.0,0.5521,1059.81,316.96,Flat,Main_0_2399
2052,RegionC,661.27,0.0,0.5236,1059.81,317.776667,Flat,Main_0_2399
2052,RegionD,424.4,331.03,0.3998,1059.81,252.799333,Flat,Main_0_2399
2052,RegionE,375.05,292.54,0.2094,1059.81,284.202667,Flat,Main_0_2399
2052,RegionF,394.79,307.94,0.2475,1059.81,300.180667,Flat,Main_0_2399
2053,RegionA,710.74,0.0,0.5887,1012.13,297.822,Flat,Main_0_2399
2053,RegionB,681.13,0.0,0.5507,1012.13,290.396333,Flat,Main_0_2399
2053,RegionC,661.38,0.0,0.5222,1012.13,311.718333,Flat,Main_0_2399
2053,RegionD,424.47,331.09,0.3988,1012.13,252.565,Flat,Main_0_2399
2053,RegionE,375.11,292.59,0.2089,1012.13,258.106333,Flat,Main_0_2399
2053,RegionF,394.86,307.99,0.2469,1012.13,297.634333,Flat,Main_0_2399
2054,RegionA,710.85,0.0,0.5905,950.0,279.166,Flat,Main_0_2399
2054,RegionB,681.23,0.0,0.5524,950.0,292.146,Flat,Main_0_2399
2054,RegionC,661.48,0.0,0.5238,950.0,291.068667,Flat,Main_0_2399
2054,RegionD,424.53,331.13,0.4,950.0,233.043333,Flat,Main_0_2399
2054,RegionE,375.17,292.63,0.2095,950.0,259.757,Flat,Main_0_2399
2054,RegionF,394.92,308.04,0.2476,950.0,285.542667,Flat,Main_0_2399
2055,RegionA,710.94,0.0,0.5955,877.65,281.769333,Flat,Main_0_2399
2055,RegionB,681.32,0.0,0.5571,877.65,265.561,Flat,Main_0_2399
2055,RegionC,661.57,0.0,0.5283,877.65,239.542667,Flat,Main_0_2399
2055,RegionD,424.59,331.18,0.4034,877.65,144.096,Flat,Main_0_2399
2055,RegionE,375.22,292.67,0.2113,877.65,216.143667,Flat,Main_0_2399
2055,RegionF,394.97,308.08,0.2497,877.65,229.364333,Flat,Main_0_2399
2056,RegionA,711.02,0.0,0.6035,800.0,234.192667,Flat,Main_0_2399
2056,RegionB,681.39,0.0,0.5645,800.0,230.413333,Flat,Main_0_2399
2056,RegionC,661.64,0.0,0.5353,800.0,230.950333,Flat,Main_0_2399
2056,RegionD,424.64,331.22,0.4088,800.0,101.611667,Flat,Main_0_2399
2056,RegionE,375.26,292.7,0.2141,800.0,189.750667,Flat,Main_0_2399
2056,RegionF,395.01,308.11,0.2531,800.0,209.031,Flat,Main_0_2399
2057,RegionA,1031.07,0.0,0.6138,722.35,206.49,Peak,Main_0_2399
2057,RegionB,988.11,0.0,0.5742,722.35,194.252,Peak,Main_0_2399
2057,RegionC,959.47,0.0,0.5445,722.35,201.0,Peak,Main_0_2399
2057,RegionD,615.78,480.31,0.4158,722.35,73.212,Peak,Main_0_2399
2057,RegionE,544.18,424.46,0.2178,722.35,150.2,Peak,Main_0_2399
2057,RegionF,572.82,446.8,0.2574,722.35,174.126667,Peak,Main_0_2399
2058,RegionA,1031.14,0.0,0.6258,650.0,263.155333,Peak,Main_0_2399
2058,RegionB,988.18,0.0,0.5854,650.0,243.49,Peak,Main_0_2399
2058,RegionC,959.54,0.0,0.5551,650.0,198.726667,Peak,Main_0_2399
2058,RegionD,615.82,480.34,0.4239,650.0,85.586667,Peak,Main_0_2399
2058,RegionE,544.21,424.48,0.222,650.0,137.350667,Peak,Main_0_2399
2058,RegionF,572.86,446.83,0.2624,650.0,182.225333,Peak,Main_0_2399
2059,RegionA,1031.19,0.0,0.6386,587.87,239.573333,Peak,Main_0_2399
2059,RegionB,988.23,0.0,0.5974,587.87,183.222333,Peak,Main_0_2399
2059,RegionC,959.58,0.0,0.5665,587.87,192.319333,Peak,Main_0_2399
2059,RegionD,615.85,480.36,0.4326,587.87,113.219,Peak,Main_0_2399
2059,RegionE,544.24,424.51,0.2266,587.87,149.410667,Peak,Main_0_2399
2059,RegionF,572.88,446.85,0.2678,587.87,203.966,Peak,Main_0_2399
2060,RegionA,1031.22,0.0,0.6514,540.19,227.983333,Peak,Main_0_2399
2060,RegionB,988.25,0.0,0.6094,540.19,224.945333,Peak,Main_0_2399
2060,RegionC,959.61,0.0,0.5778,540.19,191.538,Peak,Main_0_2399
2060,RegionD,615.87,480.38,0.4413,540.19,104.632667,Peak,Main_0_2399
2060,RegionE,544.25,424.51,0.2311,540.19,184.638,Peak,Main_0_2399
2060,RegionF,572.9,446.86,0.2732,540.19,182.396333,Peak,Main_0_2399
2061,RegionA,1031.22,0.0,0.6633,510.22,256.178,Peak,Main_0_2399
2061,RegionB,988.26,0.0,0.6205,510.22,254.96,Peak,Main_0_2399
2061,RegionC,959.61,0.0,0.5884,510.22,240.643667,Peak,Main_0_2399
2061,RegionD,615.87,480.38,0.4493,510.22,181.306333,Peak,Main_0_2399
2061,RegionE,544.26,424.52,0.2354,510.22,199.740667,Peak,Main_0_2399
2061,RegionF,572.9,446.86,0.2782,510.22,174.385333,Peak,Main_0_2399
2062,RegionA,640.06,0.0,0.6735,500.0,281.024,Flat,Main_0_2399
2062,RegionB,613.39,0.0,0.63,500.0,267.852,Flat,Main_0_2399
2062,RegionC,595.61,0.0,0.5974,500.0,269.967,Flat,Main_0_2399
2062,RegionD,382.26,298.16,0.4562,500.0,199.287667,Flat,Main_0_2399
2062,RegionE,337.81,263.49,0.239,500.0,263.497667,Flat,Main_0_2399
2062,RegionF,355.59,277.36,0.2824,500.0,195.995333,Flat,Main_0_2399
2063,RegionA,640.04,0.0,0.6812,510.22,268.816667,Flat,Main_0_2399
2063,RegionB,613.37,0.0,0.6373,510.22,283.839,Flat,Main_0_2399
2063,RegionC,595.59,0.0,0.6043,510.22,305.054667,Flat,Main_0_2399
2063,RegionD,382.24,298.15,0.4615,510.22,168.847,Flat,Main_0_2399
2063,RegionE,337.8,263.48,0.2417,510.22,257.63,Flat,Main_0_2399
2063,RegionF,355.58,277.35,0.2857,510.22,241.485333,Flat,Main_0_2399
2064,RegionA,462.22,0.0,0.686,540.19,308.312667,Valley,Main_0_2399
2064,RegionB,442.96,0.0,0.6418,540.19,351.982,Valley,Main_0_2399
2064,RegionC,430.12,0.0,0.6086,540.19,308.66,Valley,Main_0_2399
2064,RegionD,276.05,215.32,0.4647,540.19,249.935333,Valley,Main_0_2399
2064,RegionE,243.95,190.28,0.2434,540.19,282.204,Valley,Main_0_2399
2064,RegionF,256.79,200.3,0.2877,540.19,282.729,Valley,Main_0_2399
2065,RegionA,462.19,0.0,0.6876,587.87,363.025333,Valley,Main_0_2399
2065,RegionB,442.93,0.0,0.6432,587.87,361.269333,Valley,Main_0_2399
2065,RegionC,430.09,0.0,0.6099,587.87,355.352,Valley,Main_0_2399
2065,RegionD,276.03,215.3,0.4658,587.87,307.078667,Valley,Main_0_2399
2065,RegionE,243.93,190.27,0.244,587.87,316.425667,Valley,Main_0_2399
2065,RegionF,256.77,200.28,0.2883,587.87,289.455667,Valley,Main_0_2399
2066,RegionA,462.14,0.0,0.6857,650.0,369.296667,Valley,Main_0_2399
2066,RegionB,442.89,0.0,0.6414,650.0,347.383333,Valley,Main_0_2399
2066,RegionC,430.05,0.0,0.6083,650.0,382.406667,Valley,Main_0_2399
2066,RegionD,276.0,215.28,0.4645,650.0,286.420667,Valley,Main_0_2399
2066,RegionE,243.91,190.25,0.2433,650.0,289.328667,Valley,Main_0_2399
2066,RegionF,256.75,200.27,0.2875,650.0,340.683333,Valley,Main_0_2399
2067,RegionA,462.09,0.0,0.6805,722.35,364.076333,Valley,Main_0_2399
2067,RegionB,442.83,0.0,0.6366,722.35,356.280333,Valley,Main_0_2399
2067,RegionC,430.0,0.0,0.6037,722.35,383.88,Valley,Main_0_2399
2067,RegionD,275.97,215.26,0.461,722.35,352.731,Valley,Main_0_2399
2067,RegionE,243.88,190.23,0.2415,722.35,298.82,Valley,Main_0_2399
2067,RegionF,256.72,200.24,0.2854,722.35,383.866667,Valley,Main_0_2399
2068,RegionA,462.02,0.0,0.6724,800.0,357.388333,Valley,Main_0_2399
2068,RegionB,442.77,0.0,0.629,800.0,362.451667,Valley,Main_0_2399
2068,RegionC,429.94,0.0,0.5965,800.0,368.881667,Valley,Main_0_2399
2068,RegionD,275.93,215.23,0.4555,800.0,365.947333,Valley,Main_0_2399
2068,RegionE,243.85,190.2,0.2386,800.0,324.558,Valley,Main_0_2399
2068,RegionF,256.68,200.21,0.282,800.0,410.442,Valley,Main_0_2399
2069,RegionA,461.95,0.0,0.6618,877.65,374.867333,Valley,Main_0_2399
2069,RegionB,442.7,0.0,0.6191,877.65,367.717333,Valley,Main_0_2399
2069,RegionC,429.87,0.0,0.5871,877.65,368.24,Valley,Main_0_2399
2069,RegionD,275.89,215.19,0.4483,877.65,416.844667,Valley,Main_0_2399
2069,RegionE,243.81,190.17,0.2348,877.65,339.736667,Valley,Main_0_2399
2069,RegionF,256.64,200.18,0.2775,877.65,411.150667,Valley,Main_0_2399
2070,RegionA,461.87,0.0,0.6496,950.0,379.982,Valley,Main_0_2399
2070,RegionB,442.62,0.0,0.6077,950.0,367.242667,Valley,Main_0_2399
2070,RegionC,429.8,0.0,0.5763,950.0,368.846667,Valley,Main_0_2399
2070,RegionD,275.84,215.16,0.44,950.0,387.228,Valley,Main_0_2399
2070,RegionE,243.76,190.13,0.2305,950.0,402.839333,Valley,Main_0_2399
2070,RegionF,256.59,200.14,0.2724,950.0,356.143333,Valley,Main_0_2399
2071,RegionA,710.43,0.0,0.6364,1012.13,377.887333,Flat,Main_0_2399
2071,RegionB,680.83,0.0,0.5954,1012.13,369.219,Flat,Main_0_2399
2071,RegionC,661.09,0.0,0.5646,1012.13,367.221333,Flat,Main_0_2399
2071,RegionD,424.28,330.94,0.4311,1012.13,393.598,Flat,Main_0_2399
2071,RegionE,374.95,292.46,0.2258,1012.13,398.698,Flat,Main_0_2399
2071,RegionF,394.68,307.85,0.2669,1012.13,416.612333,Flat,Main_0_2399
2072,RegionA,710.28,0.0,0.6233,1059.81,383.629333,Flat,Main_0_2399
2072,RegionB,680.68,0.0,0.5831,1059.81,382.040333,Flat,Main_0_2399
2072,RegionC,660.95,0.0,0.5529,1059.81,362.505,Flat,Main_0_2399
2072,RegionD,424.19,330.87,0.4222,1059.81,346.791333,Flat,Main_0_2399
2072,RegionE,374.87,292.4,0.2212,1059.81,377.240667,Flat,Main_0_2399
2072,RegionF,394.6,307.79,0.2614,1059.81,380.334667,Flat,Main_0_2399
2073,RegionA,710.11,0.0,0.6109,1089.78,362.552,Flat,Main_0_2399
2073,RegionB,680.52,0.0,0.5715,1089.78,387.284,Flat,Main_0_2399
2073,RegionC,660.8,0.0,0.542,1089.78,380.18,Flat,Main_0_2399
2073,RegionD,424.09,330.79,0.4139,1089.78,367.795667,Flat,Main_0_2399
2073,RegionE,374.78,292.33,0.2168,1089.78,357.949667,Flat,Main_0_2399
2073,RegionF,394.51,307.72,0.2562,1089.78,429.561333,Flat,Main_0_2399
2074,RegionA,709.93,0.0,0.6003,1100.0,372.795333,Flat,Main_0_2399
2074,RegionB,680.35,0.0,0.5616,1100.0,372.739667,Flat,Main_0_2399
2074,RegionC,660.63,0.0,0.5325,1100.0,382.084,Flat,Main_0_2399
2074,RegionD,423.99,330.71,0.4067,1100.0,318.931667,Flat,Main_0_2399
2074,RegionE,374.69,292.26,0.213,1100.0,326.11,Flat,Main_0_2399
2074,RegionF,394.41,307.64,0.2517,1100.0,368.545,Flat,Main_0_2399
2075,RegionA,709.74,0.0,0.592,1089.78,347.839,Flat,Main_0_2399
2075,RegionB,680.17,0.0,0.5538,1089.78,374.4,Flat,Main_0_2399
2075,RegionC,660.46,0.0,0.5252,1089.78,370.350667,Flat,Main_0_2399
2075,RegionD,423.87,330.62,0.401,1089.78,333.434667,Flat,Main_0_2399
2075,RegionE,374.59,292.18,0.2101,1089.78,321.978667,Flat,Main_0_2399
2075,RegionF,394.3,307.55,0.2483,1089.78,309.94,Flat,Main_0_2399
2076,RegionA,709.54,0.0,0.5866,1059.81,305.051333,Flat,Main_0_2399
2076,RegionB,679.98,0.0,0.5488,1059.81,351.848667,Flat,Main_0_2399
2076,RegionC,660.27,0.0,0.5204,1059.81,332.986667,Flat,Main_0_2399
2076,RegionD,423.75,330.53,0.3974,1059.81,274.241667,Flat,Main_0_2399
2076,RegionE,374.48,292.09,0.2082,1059.81,286.516667,Flat,Main_0_2399
2076,RegionF,394.19,307.47,0.246,1059.81,251.440667,Flat,Main_0_2399
2077,RegionA,709.33,0.0,0.5845,1012.13,275.232667,Flat,Main_0_2399
2077,RegionB,679.77,0.0,0.5468,1012.13,321.054,Flat,Main_0_2399
2077,RegionC,660.07,0.0,0.5185,1012.13,305.573,Flat,Main_0_2399
2077,RegionD,423.63,330.43,0.396,1012.13,279.962667,Flat,Main_0_2399
2077,RegionE,374.37,292.01,0.2074,1012.13,272.045667,Flat,Main_0_2399
2077,RegionF,394.07,307.37,0.2451,1012.13,232.672667,Flat,Main_0_2399
2078,RegionA,709.1,0.0,0.5857,950.0,252.901667,Flat,Main_0_2399
2078,RegionB,679.56,0.0,0.5479,950.0,271.718,Flat,Main_0_2399
2078,RegionC,659.86,0.0,0.5196,950.0,272.54,Flat,Main_0_2399
2078,RegionD,423.49,330.32,0.3968,950.0,237.495333,Flat,Main_0_2399
2078,RegionE,374.25,291.92,0.2078,950.0,245.134,Flat,Main_0_2399
2078,RegionF,393.95,307.28,0.2456,950.0,205.621667,Flat,Main_0_2399
2079,RegionA,708.87,0.0,0.5902,877.65,254.957,Flat,Main_0_2399
2079,RegionB,679.33,0.0,0.5521,877.65,235.708,Flat,Main_0_2399
2079,RegionC,659.64,0.0,0.5236,877.65,246.465333,Flat,Main_0_2399
2079,RegionD,423.35,330.21,0.3998,877.65,205.014,Flat,Main_0_2399
2079,RegionE,374.12,291.81,0.2094,877.65,230.902333,Flat,Main_0_2399
2079,RegionF,393.81,307.17,0.2475,877.65,213.153,Flat,Main_0_2399
2080,RegionA,708.62,0.0,0.5976,800.0,222.208667,Flat,Main_0_2399
2080,RegionB,679.09,0.0,0.559,800.0,229.721333,Flat,Main_0_2399
2080,RegionC,659.41,0.0,0.5301,800.0,220.104667,Flat,Main_0_2399
2080,RegionD,423.2,330.1,0.4048,800.0,153.865667,Flat,Main_0_2399
2080,RegionE,373.99,291.71,0.212,800.0,218.053,Flat,Main_0_2399
2080,RegionF,393.68,307.07,0.2506,800.0,165.654,Flat,Main_0_2399
2081,RegionA,1027.12,0.0,0.6073,722.35,224.950667,Peak,Main_0_2399
2081,RegionB,984.33,0.0,0.5681,722.35,207.372,Peak,Main_0_2399
2081,RegionC,955.8,0.0,0.5388,722.35,203.944667,Peak,Main_0_2399
2081,RegionD,613.42,478.47,0.4114,722.35,101.414,Peak,Main_0_2399
2081,RegionE,542.09,422.83,0.2155,722.35,119.425,Peak,Main_0_2399
2081,RegionF,570.62,445.08,0.2547,722.35,173.622,Peak,Main_0_2399
2082,RegionA,1026.74,0.0,0.6188,650.0,176.120667,Peak,Main_0_2399
2082,RegionB,983.96,0.0,0.5788,650.0,183.284667,Peak,Main_0_2399
2082,RegionC,955.44,0.0,0.5489,650.0,216.223,Peak,Main_0_2399
2082,RegionD,613.19,478.29,0.4192,650.0,172.405333,Peak,Main_0_2399
2082,RegionE,541.89,422.67,0.2196,650.0,134.691333,Peak,Main_0_2399
2082,RegionF,570.41,444.92,0.2595,650.0,203.304,Peak,Main_0_2399
2083,RegionA,1026.34,0.0,0.631,587.87,221.038667,Peak,Main_0_2399
2083,RegionB,983.57,0.0,0.5903,587.87,166.03,Peak,Main_0_2399
2083,RegionC,955.06,0.0,0.5598,587.87,177.424,Peak,Main_0_2399
2083,RegionD,612.95,478.1,0.4275,587.87,91.716,Peak,Main_0_2399
2083,RegionE,541.68,422.51,0.2239,587.87,143.4,Peak,Main_0_2399
2083,RegionF,570.19,444.75,0.2646,587.87,194.433333,Peak,Main_0_2399
2084,RegionA,1025.92,0.0,0.6433,540.19,238.193333,Peak,Main_0_2399
2084,RegionB,983.18,0.0,0.6018,540.19,215.426667,Peak,Main_0_2399
2084,RegionC,954.68,0.0,0.5707,540.19,192.793333,Peak,Main_0_2399
2084,RegionD,612.7,477.91,0.4358,540.19,101.043333,Peak,Main_0_2399
2084,RegionE,541.46,422.34,0.2283,540.19,122.685,Peak,Main_0_2399
2084,RegionF,569.96,444.57,0.2698,540.19,207.062667,Peak,Main_0_2399
2085,RegionA,1025.5,0.0,0.6547,510.22,235.974,Peak,Main_0_2399
2085,RegionB,982.77,0.0,0.6125,510.22,232.284333,Peak,Main_0_2399
2085,RegionC,954.28,0.0,0.5808,510.22,263.708667,Peak,Main_0_2399
2085,RegionD,612.45,477.71,0.4435,510.22,145.542333,Peak,Main_0_2399
2085,RegionE,541.24,422.17,0.2323,510.22,152.205333,Peak,Main_0_2399
2085,RegionF,569.72,444.38,0.2745,510.22,229.944667,Peak,Main_0_2399
2086,RegionA,636.25,0.0,0.6644,500.0,283.623,Flat,Main_0_2399
2086,RegionB,609.74,0.0,0.6215,500.0,250.995,Flat,Main_0_2399
2086,RegionC,592.06,0.0,0.5894,500.0,225.796,Flat,Main_0_2399
2086,RegionD,379.98,296.38,0.4501,500.0,164.971333,Flat,Main_0_2399
2086,RegionE,335.8,261.92,0.2357,500.0,185.326667,Flat,Main_0_2399
2086,RegionF,353.47,275.71,0.2786,500.0,234.092,Flat,Main_0_2399
2087,RegionA,635.97,0.0,0.6716,510.22,270.305333,Flat,Main_0_2399
2087,RegionB,609.47,0.0,0.6283,510.22,270.827333,Flat,Main_0_2399
2087,RegionC,591.8,0.0,0.5958,510.22,293.299667,Flat,Main_0_2399
2087,RegionD,379.81,296.25,0.455,510.22,197.139,Flat,Main_0_2399
2087,RegionE,335.65,261.81,0.2383,510.22,231.538667,Flat,Main_0_2399
2087,RegionF,353.32,275.59,0.2817,510.22,276.76,Flat,Main_0_2399
2088,RegionA,459.11,0.0,0.676,540.19,352.928333,Valley,Main_0_2399
2088,RegionB,439.98,0.0,0.6324,540.19,354.178333,Valley,Main_0_2399
2088,RegionC,427.22,0.0,0.5997,540.19,351.354,Valley,Main_0_2399
2088,RegionD,274.19,213.87,0.4579,540.19,192.979333,Valley,Main_0_2399
2088,RegionE,242.31,189.0,0.2399,540.19,261.73,Valley,Main_0_2399
2088,RegionF,255.06,198.95,0.2835,540.19,324.262667,Valley,Main_0_2399
2089,RegionA,458.9,0.0,0.677,587.87,383.936667,Valley,Main_0_2399
2089,RegionB,439.78,0.0,0.6334,587.87,329.407333,Valley,Main_0_2399
2089,RegionC,427.03,0.0,0.6006,587.87,365.136667,Valley,Main_0_2399
2089,RegionD,274.06,213.77,0.4586,587.87,197.426667,Valley,Main_0_2399
2089,RegionE,242.2,188.92,0.2402,587.87,263.925333,Valley,Main_0_2399
2089,RegionF,254.94,198.85,0.2839,587.87,326.020667,Valley,Main_0_2399
2090,RegionA,458.68,0.0,0.6747,650.0,386.042,Valley,Main_0_2399
2090,RegionB,439.57,0.0,0.6312,650.0,353.157333,Valley,Main_0_2399
2090,RegionC,426.83,0.0,0.5985,650.0,380.092,Valley,Main_0_2399
2090,RegionD,273.94,213.67,0.4571,650.0,262.264,Valley,Main_0_2399
2090,RegionE,242.08,188.82,0.2394,650.0,302.322,Valley,Main_0_2399
2090,RegionF,254.82,198.76,0.2829,650.0,365.49,Valley,Main_0_2399
2091,RegionA,458.47,0.0,0.6691,722.35,379.894667,Valley,Main_0_2399
2091,RegionB,439.36,0.0,0.6259,722.35,366.938667,Valley,Main_0_2399
2091,RegionC,426.63,0.0,0.5936,722.35,377.493333,Valley,Main_0_2399
2091,RegionD,273.81,213.57,0.4533,722.35,279.998333,Valley,Main_0_2399
2091,RegionE,241.97,188.74,0.2374,722.35,370.796,Valley,Main_0_2399
2091,RegionF,254.7,198.67,0.2806,722.35,387.72,Valley,Main_0_2399
2092,RegionA,458.25,0.0,0.6606,800.0,362.461333,Valley,Main_0_2399
2092,RegionB,439.15,0.0,0.6179,800.0,356.64,Valley,Main_0_2399
2092,RegionC,426.42,0.0,0.586,800.0,354.434,Valley,Main_0_2399
2092,RegionD,273.68,213.47,0.4475,800.0,230.553333,Valley,Main_0_2399
2092,RegionE,241.85,188.64,0.2344,800.0,353.595333,Valley,Main_0_2399
2092,RegionF,254.58,198.57,0.277,800.0,416.164,Valley,Main_0_2399
2093,RegionA,458.02,0.0,0.6496,877.65,366.328667,Valley,Main_0_2399
2093,RegionB,438.94,0.0,0.6077,877.65,340.596,Valley,Main_0_2399
2093,RegionC,426.22,0.0,0.5763,877.65,339.085333,Valley,Main_0_2399
2093,RegionD,273.54,213.36,0.4401,877.65,286.273333,Valley,Main_0_2399
2093,RegionE,241.73,188.55,0.2305,877.65,384.064667,Valley,Main_0_2399
2093,RegionF,254.46,198.48,0.2724,877.65,420.303333,Valley,Main_0_2399
2094,RegionA,457.8,0.0,0.637,950.0,385.418667,Valley,Main_0_2399
2094,RegionB,438.72,0.0,0.5959,950.0,350.262667,Valley,Main_0_2399
2094,RegionC,426.01,0.0,0.5651,950.0,317.990667,Valley,Main_0_2399
2094,RegionD,273.41,213.26,0.4315,950.0,323.816667,Valley,Main_0_2399
2094,RegionE,241.62,188.46,0.226,950.0,400.474333,Valley,Main_0_2399
2094,RegionF,254.33,198.38,0.2671,950.0,414.232667,Valley,Main_0_2399
2095,RegionA,703.96,0.0,0.6235,1012.13,388.414333,Flat,Main_0_2399
2095,RegionB,674.63,0.0,0.5832,1012.13,367.535667,Flat,Main_0_2399
2095,RegionC,655.07,0.0,0.5531,1012.13,322.170667,Flat,Main_0_2399
2095,RegionD,420.42,327.93,0.4223,1012.13,254.247333,Flat,Main_0_2399
2095,RegionE,371.53,289.79,0.2212,1012.13,359.652,Flat,Main_0_2399
2095,RegionF,391.09,305.05,0.2615,1012.13,403.56,Flat,Main_0_2399
2096,RegionA,703.6,0.0,0.6099,1059.81,394.687333,Flat,Main_0_2399
2096,RegionB,674.29,0.0,0.5706,1059.81,339.061333,Flat,Main_0_2399
2096,RegionC,654.74,0.0,0.5411,1059.81,330.393,Flat,Main_0_2399
2096,RegionD,420.21,327.76,0.4132,1059.81,254.641333,Flat,Main_0_2399
2096,RegionE,371.35,289.65,0.2164,1059.81,331.941333,Flat,Main_0_2399
2096,RegionF,390.89,304.89,0.2558,1059.81,400.948667,Flat,Main_0_2399
2097,RegionA,703.25,0.0,0.5973,1089.78,381.526667,Flat,Main_0_2399
2097,RegionB,673.95,0.0,0.5587,1089.78,306.433333,Flat,Main_0_2399
2097,RegionC,654.41,0.0,0.5298,1089.78,341.869,Flat,Main_0_2399
2097,RegionD,420.0,327.6,0.4046,1089.78,299.03,Flat,Main_0_2399
2097,RegionE,371.16,289.5,0.2119,1089.78,327.586,Flat,Main_0_2399
2097,RegionF,390.69,304.74,0.2505,1089.78,377.048,Flat,Main_0_2399
2098,RegionA,702.89,0.0,0.5863,1100.0,382.49,Flat,Main_0_2399
2098,RegionB,673.61,0.0,0.5485,1100.0,312.54,Flat,Main_0_2399
2098,RegionC,654.08,0.0,0.5201,1100.0,364.73,Flat,Main_0_2399
2098,RegionD,419.78,327.43,0.3972,1100.0,313.282333,Flat,Main_0_2399
2098,RegionE,370.97,289.36,0.208,1100.0,324.062667,Flat,Main_0_2399
2098,RegionF,390.5,304.59,0.2459,1100.0,349.690667,Flat,Main_0_2399
2099,RegionA,702.54,0.0,0.5777,1089.78,369.317667,Flat,Main_0_2399
2099,RegionB,673.27,0.0,0.5405,1089.78,301.74,Flat,Main_0_2399
2099,RegionC,653.75,0.0,0.5125,1089.78,373.838,Flat,Main_0_2399
2099,RegionD,419.57,327.26,0.3914,1089.78,256.572,Flat,Main_0_2399
2099,RegionE,370.78,289.21,0.205,1089.78,308.666667,Flat,Main_0_2399
2099,RegionF,390.3,304.43,0.2423,1089.78,312.58,Flat,Main_0_2399
2100,RegionA,702.18,0.0,0.5721,1059.81,340.016,Flat,Main_0_2399
2100,RegionB,672.92,0.0,0.5352,1059.81,330.478667,Flat,Main_0_2399
2100,RegionC,653.42,0.0,0.5075,1059.81,337.343667,Flat,Main_0_2399
2100,RegionD,419.36,327.1,0.3875,1059.81,217.268,Flat,Main_0_2399
2100,RegionE,370.6,289.07,0.203,1059.81,284.498667,Flat,Main_0_2399
2100,RegionF,390.1,304.28,0.2399,1059.81,315.451,Flat,Main_0_2399
2101,RegionA,701.82,0.0,0.5697,1012.13,319.774,Flat,Main_0_2399
2101,RegionB,672.58,0.0,0.5329,1012.13,322.728667,Flat,Main_0_2399
2101,RegionC,653.09,0.0,0.5054,1012.13,323.122667,Flat,Main_0_2399
2101,RegionD,419.14,326.93,0.3859,1012.13,221.275333,Flat,Main_0_2399
2101,RegionE,370.41,288.92,0.2022,1012.13,257.878,Flat,Main_0_2399
2101,RegionF,389.9,304.12,0.2389,1012.13,313.838333,Flat,Main_0_2399
2102,RegionA,701.47,0.0,0.5707,950.0,308.205667,Flat,Main_0_2399
2102,RegionB,672.24,0.0,0.5339,950.0,317.256,Flat,Main_0_2399
2102,RegionC,652.75,0.0,0.5063,950.0,296.313,Flat,Main_0_2399
2102,RegionD,418.93,326.77,0.3866,950.0,227.131333,Flat,Main_0_2399
2102,RegionE,370.22,288.77,0.2025,950.0,260.712,Flat,Main_0_2399
2102,RegionF,389.7,303.97,0.2393,950.0,299.322667,Flat,Main_0_2399
2103,RegionA,701.11,0.0,0.575,877.65,276.299,Flat,Main_0_2399
2103,RegionB,671.9,0.0,0.5379,877.65,279.550333,Flat,Main_0_2399
2103,RegionC,652.42,0.0,0.51,877.65,276.993667,Flat,Main_0_2399
2103,RegionD,418.72,326.6,0.3895,877.65,184.56,Flat,Main_0_2399
2103,RegionE,370.03,288.62,0.204,877.65,231.271,Flat,Main_0_2399
2103,RegionF,389.51,303.82,0.2411,877.65,276.529,Flat,Main_0_2399
2104,RegionA,700.76,0.0,0.5822,800.0,243.434667,Flat,Main_0_2399
2104,RegionB,671.56,0.0,0.5446,800.0,233.366333,Flat,Main_0_2399
2104,RegionC,652.1,0.0,0.5164,800.0,241.795,Flat,Main_0_2399
2104,RegionD,418.51,326.44,0.3944,800.0,159.913667,Flat,Main_0_2399
2104,RegionE,369.84,288.48,0.2066,800.0,183.012333,Flat,Main_0_2399
2104,RegionF,389.31,303.66,0.2441,800.0,230.479,Flat,Main_0_2399
2105,RegionA,1015.59,0.0,0.5917,722.35,240.278333,Peak,Main_0_2399
2105,RegionB,973.28,0.0,0.5536,722.35,218.932667,Peak,Main_0_2399
2105,RegionC,945.06,0.0,0.5249,722.35,168.242,Peak,Main_0_2399
2105,RegionD,606.53,473.09,0.4009,722.35,196.753333,Peak,Main_0_2399
2105,RegionE,536.01,418.09,0.21,722.35,227.575,Peak,Main_0_2399
2105,RegionF,564.22,440.09,0.2481,722.35,199.766667,Peak,Main_0_2399
2106,RegionA,1015.09,0.0,0.603,650.0,202.075333,Peak,Main_0_2399
2106,RegionB,972.79,0.0,0.5641,650.0,216.608667,Peak,Main_0_2399
2106,RegionC,944.59,0.0,0.5349,650.0,165.83,Peak,Main_0_2399
2106,RegionD,606.23,472.86,0.4085,650.0,168.143333,Peak,Main_0_2399
2106,RegionE,535.74,417.88,0.214,650.0,210.651333,Peak,Main_0_2399
2106,RegionF,563.94,439.87,0.2529,650.0,192.46,Peak,Main_0_2399
2107,RegionA,1014.59,0.0,0.6152,587.87,230.524667,Peak,Main_0_2399
2107,RegionB,972.31,0.0,0.5755,587.87,222.336333,Peak,Main_0_2399
2107,RegionC,944.13,0.0,0.5457,587.87,227.677333,Peak,Main_0_2399
2107,RegionD,605.93,472.63,0.4167,587.87,134.282,Peak,Main_0_2399
2107,RegionE,535.48,417.67,0.2183,587.87,218.14,Peak,Main_0_2399
2107,RegionF,563.66,439.65,0.258,587.87,200.724667,Peak,Main_0_2399
2108,RegionA,1014.09,0.0,0.6274,540.19,245.383,Peak,Main_0_2399
2108,RegionB,971.84,0.0,0.5869,540.19,233.2,Peak,Main_0_2399
2108,RegionC,943.67,0.0,0.5565,540.19,208.594,Peak,Main_0_2399
2108,RegionD,605.64,472.4,0.425,540.19,136.83,Peak,Main_0_2399
2108,RegionE,535.22,417.47,0.2226,540.19,208.89,Peak,Main_0_2399
2108,RegionF,563.39,439.44,0.2631,540.19,202.653,Peak,Main_0_2399
2109,RegionA,1013.61,0.0,0.6387,510.22,260.138333,Peak,Main_0_2399
2109,RegionB,971.37,0.0,0.5975,510.22,227.006,Peak,Main_0_2399
2109,RegionC,943.22,0.0,0.5666,510.22,252.433,Peak,Main_0_2399
2109,RegionD,605.35,472.17,0.4326,510.22,170.678333,Peak,Main_0_2399
2109,RegionE,534.96,417.27,0.2266,510.22,210.446667,Peak,Main_0_2399
2109,RegionF,563.11,439.23,0.2678,510.22,236.055667,Peak,Main_0_2399
2110,RegionA,628.84,0.0,0.6483,500.0,267.33,Flat,Main_0_2399
2110,RegionB,602.64,0.0,0.6065,500.0,258.548667,Flat,Main_0_2399
2110,RegionC,585.17,0.0,0.5751,500.0,273.504667,Flat,Main_0_2399
2110,RegionD,375.56,292.94,0.4392,500.0,211.786,Flat,Main_0_2399
2110,RegionE,331.89,258.87,0.23,500.0,222.975,Flat,Main_0_2399
2110,RegionF,349.35,272.49,0.2719,500.0,271.572333,Flat,Main_0_2399
2111,RegionA,628.54,0.0,0.6555,510.22,292.871333,Flat,Main_0_2399
2111,RegionB,602.35,0.0,0.6132,510.22,274.776,Flat,Main_0_2399
2111,RegionC,584.9,0.0,0.5815,510.22,289.064,Flat,Main_0_2399
2111,RegionD,375.38,292.8,0.4441,510.22,174.496,Flat,Main_0_2399
2111,RegionE,331.73,258.75,0.2326,510.22,269.379333,Flat,Main_0_2399
2111,RegionF,349.19,272.37,0.2749,510.22,254.293,Flat,Main_0_2399
2112,RegionA,453.74,0.0,0.6598,540.19,360.810333,Valley,Main_0_2399
2112,RegionB,434.84,0.0,0.6173,540.19,281.713333,Valley,Main_0_2399
2112,RegionC,422.23,0.0,0.5853,540.19,333.833333,Valley,Main_0_2399
2112,RegionD,270.98,211.36,0.447,540.19,247.842,Valley,Main_0_2399
2112,RegionE,239.47,186.79,0.2341,540.19,311.13,Valley,Main_0_2399
2112,RegionF,252.08,196.62,0.2767,540.19,259.7,Valley,Main_0_2399
2113,RegionA,453.54,0.0,0.6609,587.87,360.264,Valley,Main_0_2399
2113,RegionB,434.64,0.0,0.6183,587.87,329.364667,Valley,Main_0_2399
2113,RegionC,422.04,0.0,0.5863,587.87,378.32,Valley,Main_0_2399
2113,RegionD,270.86,211.27,0.4477,587.87,303.836667,Valley,Main_0_2399
2113,RegionE,239.37,186.71,0.2345,587.87,350.305333,Valley,Main_0_2399
2113,RegionF,251.97,196.54,0.2772,587.87,333.693333,Valley,Main_0_2399
2114,RegionA,453.34,0.0,0.6586,650.0,390.170667,Valley,Main_0_2399
2114,RegionB,434.45,0.0,0.6161,650.0,384.228,Valley,Main_0_2399
2114,RegionC,421.86,0.0,0.5843,650.0,367.667,Valley,Main_0_2399
2114,RegionD,270.74,211.18,0.4462,650.0,364.61,Valley,Main_0_2399
2114,RegionE,239.26,186.62,0.2337,650.0,379.104,Valley,Main_0_2399
2114,RegionF,251.86,196.45,0.2762,650.0,301.623333,Valley,Main_0_2399
2115,RegionA,453.15,0.0,0.6531,722.35,394.986667,Valley,Main_0_2399
2115,RegionB,434.27,0.0,0.6109,722.35,361.263333,Valley,Main_0_2399
2115,RegionC,421.68,0.0,0.5793,722.35,372.186667,Valley,Main_0_2399
2115,RegionD,270.63,211.09,0.4424,722.35,340.456667,Valley,Main_0_2399
2115,RegionE,239.16,186.54,0.2317,722.35,416.652667,Valley,Main_0_2399
2115,RegionF,251.75,196.37,0.2739,722.35,349.422667,Valley,Main_0_2399
2116,RegionA,452.96,0.0,0.6446,800.0,393.302667,Valley,Main_0_2399
2116,RegionB,434.09,0.0,0.603,800.0,351.885333,Valley,Main_0_2399
2116,RegionC,421.5,0.0,0.5718,800.0,374.062667,Valley,Main_0_2399
2116,RegionD,270.52,211.01,0.4367,800.0,321.458667,Valley,Main_0_2399
2116,RegionE,239.06,186.47,0.2287,800.0,421.49,Valley,Main_0_2399
2116,RegionF,251.64,196.28,0.2703,800.0,356.083333,Valley,Main_0_2399
2117,RegionA,452.78,0.0,0.6338,877.65,384.766667,Valley,Main_0_2399
2117,RegionB,433.91,0.0,0.5929,877.65,353.781667,Valley,Main_0_2399
2117,RegionC,421.33,0.0,0.5622,877.65,370.42,Valley,Main_0_2399
2117,RegionD,270.41,210.92,0.4293,877.65,359.623667,Valley,Main_0_2399
2117,RegionE,238.96,186.39,0.2249,877.65,380.51,Valley,Main_0_2399
2117,RegionF,251.54,196.2,0.2658,877.65,371.901333,Valley,Main_0_2399
2118,RegionA,452.6,0.0,0.6212,950.0,392.389333,Valley,Main_0_2399
2118,RegionB,433.74,0.0,0.5812,950.0,343.881333,Valley,Main_0_2399
2118,RegionC,421.17,0.0,0.5511,950.0,370.236,Valley,Main_0_2399
2118,RegionD,270.3,210.83,0.4208,950.0,358.323333,Valley,Main_0_2399
2118,RegionE,238.87,186.32,0.2204,950.0,363.950667,Valley,Main_0_2399
2118,RegionF,251.44,196.12,0.2605,950.0,356.227333,Valley,Main_0_2399
2119,RegionA,696.04,0.0,0.6079,1012.13,397.61,Flat,Main_0_2399
2119,RegionB,667.04,0.0,0.5687,1012.13,355.336667,Flat,Main_0_2399
2119,RegionC,647.71,0.0,0.5392,1012.13,362.681333,Flat,Main_0_2399
2119,RegionD,415.69,324.24,0.4118,1012.13,289.778333,Flat,Main_0_2399
2119,RegionE,367.36,286.54,0.2157,1012.13,416.588,Flat,Main_0_2399
2119,RegionF,386.69,301.62,0.2549,1012.13,387.192,Flat,Main_0_2399
2120,RegionA,695.79,0.0,0.5945,1059.81,396.436,Flat,Main_0_2399
2120,RegionB,666.8,0.0,0.5562,1059.81,381.313333,Flat,Main_0_2399
2120,RegionC,647.47,0.0,0.5274,1059.81,372.932,Flat,Main_0_2399
2120,RegionD,415.54,324.12,0.4027,1059.81,281.88,Flat,Main_0_2399
2120,RegionE,367.22,286.43,0.211,1059.81,366.312,Flat,Main_0_2399
2120,RegionF,386.55,301.51,0.2493,1059.81,362.293333,Flat,Main_0_2399
2121,RegionA,695.55,0.0,0.582,1089.78,395.292,Flat,Main_0_2399
2121,RegionB,666.57,0.0,0.5445,1089.78,385.709,Flat,Main_0_2399
2121,RegionC,647.25,0.0,0.5163,1089.78,360.741333,Flat,Main_0_2399
2121,RegionD,415.4,324.01,0.3943,1089.78,347.989,Flat,Main_0_2399
2121,RegionE,367.1,286.34,0.2065,1089.78,357.520667,Flat,Main_0_2399
2121,RegionF,386.42,301.41,0.2441,1089.78,330.453333,Flat,Main_0_2399
2122,RegionA,695.32,0.0,0.5713,1100.0,379.414667,Flat,Main_0_2399
2122,RegionB,666.35,0.0,0.5344,1100.0,385.571667,Flat,Main_0_2399
2122,RegionC,647.03,0.0,0.5068,1100.0,363.238667,Flat,Main_0_2399
2122,RegionD,415.26,323.9,0.387,1100.0,337.367333,Flat,Main_0_2399
2122,RegionE,366.97,286.24,0.2027,1100.0,319.698667,Flat,Main_0_2399
2122,RegionF,386.29,301.31,0.2396,1100.0,255.652667,Flat,Main_0_2399
2123,RegionA,695.1,0.0,0.5629,1089.78,362.026333,Flat,Main_0_2399
2123,RegionB,666.14,0.0,0.5266,1089.78,368.676667,Flat,Main_0_2399
2123,RegionC,646.83,0.0,0.4994,1089.78,335.55,Flat,Main_0_2399
2123,RegionD,415.13,323.8,0.3814,1089.78,379.966,Flat,Main_0_2399
2123,RegionE,366.86,286.15,0.1998,1089.78,310.308,Flat,Main_0_2399
2123,RegionF,386.17,301.21,0.2361,1089.78,302.932,Flat,Main_0_2399
2124,RegionA,694.89,0.0,0.5575,1059.81,336.273333,Flat,Main_0_2399
2124,RegionB,665.94,0.0,0.5216,1059.81,334.144667,Flat,Main_0_2399
2124,RegionC,646.63,0.0,0.4946,1059.81,326.922333,Flat,Main_0_2399
2124,RegionD,415.0,323.7,0.3777,1059.81,310.748,Flat,Main_0_2399
2124,RegionE,366.75,286.06,0.1978,1059.81,301.922,Flat,Main_0_2399
2124,RegionF,386.05,301.12,0.2338,1059.81,303.483333,Flat,Main_0_2399
2125,RegionA,694.69,0.0,0.5554,1012.13,320.490333,Flat,Main_0_2399
2125,RegionB,665.75,0.0,0.5196,1012.13,315.115667,Flat,Main_0_2399
2125,RegionC,646.45,0.0,0.4927,1012.13,303.606333,Flat,Main_0_2399
2125,RegionD,414.89,323.61,0.3763,1012.13,239.530667,Flat,Main_0_2399
2125,RegionE,366.64,285.98,0.1971,1012.13,317.196667,Flat,Main_0_2399
2125,RegionF,385.94,301.03,0.2329,1012.13,273.981333,Flat,Main_0_2399
2126,RegionA,694.51,0.0,0.5567,950.0,297.690333,Flat,Main_0_2399
2126,RegionB,665.57,0.0,0.5208,950.0,299.068,Flat,Main_0_2399
2126,RegionC,646.28,0.0,0.4939,950.0,296.688,Flat,Main_0_2399
2126,RegionD,414.78,323.53,0.3771,950.0,191.44,Flat,Main_0_2399
2126,RegionE,366.55,285.91,0.1975,950.0,297.802,Flat,Main_0_2399
2126,RegionF,385.84,300.96,0.2335,950.0,270.392333,Flat,Main_0_2399
2127,RegionA,694.34,0.0,0.5613,877.65,267.454667,Flat,Main_0_2399
2127,RegionB,665.41,0.0,0.5251,877.65,264.766667,Flat,Main_0_2399
2127,RegionC,646.12,0.0,0.4979,877.65,277.500333,Flat,Main_0_2399
2127,RegionD,414.67,323.44,0.3802,877.65,172.092333,Flat,Main_0_2399
2127,RegionE,366.46,285.84,0.1992,877.65,250.31,Flat,Main_0_2399
2127,RegionF,385.74,300.88,0.2354,877.65,245.22,Flat,Main_0_2399
2128,RegionA,694.18,0.0,0.5688,800.0,232.042,Flat,Main_0_2399
2128,RegionB,665.26,0.0,0.5321,800.0,228.927333,Flat,Main_0_2399
2128,RegionC,645.97,0.0,0.5046,800.0,232.755333,Flat,Main_0_2399
2128,RegionD,414.58,323.37,0.3853,800.0,151.683667,Flat,Main_0_2399
2128,RegionE,366.37,285.77,0.2018,800.0,221.122,Flat,Main_0_2399
2128,RegionF,385.66,300.81,0.2385,800.0,147.646667,Flat,Main_0_2399
2129,RegionA,1006.35,0.0,0.5788,722.35,222.182,Peak,Main_0_2399
2129,RegionB,964.42,0.0,0.5414,722.35,208.410667,Peak,Main_0_2399
2129,RegionC,936.47,0.0,0.5134,722.35,212.956667,Peak,Main_0_2399
2129,RegionD,601.02,468.8,0.3921,722.35,115.202667,Peak,Main_0_2399
2129,RegionE,531.13,414.28,0.2054,722.35,174.16,Peak,Main_0_2399
2129,RegionF,559.08,436.08,0.2427,722.35,174.71,Peak,Main_0_2399
2130,RegionA,1006.16,0.0,0.5904,650.0,205.163333,Peak,Main_0_2399
2130,RegionB,964.24,0.0,0.5523,650.0,189.353333,Peak,Main_0_2399
2130,RegionC,936.29,0.0,0.5237,650.0,204.422,Peak,Main_0_2399
2130,RegionD,600.9,468.7,0.4,650.0,121.464,Peak,Main_0_2399
2130,RegionE,531.03,414.2,0.2095,650.0,172.155333,Peak,Main_0_2399
2130,RegionF,558.98,436.0,0.2476,650.0,138.72,Peak,Main_0_2399
2131,RegionA,1005.99,0.0,0.603,587.87,234.61,Peak,Main_0_2399
2131,RegionB,964.07,0.0,0.5641,587.87,205.844,Peak,Main_0_2399
2131,RegionC,936.13,0.0,0.5349,587.87,246.61,Peak,Main_0_2399
2131,RegionD,600.8,468.62,0.4085,587.87,135.979333,Peak,Main_0_2399
2131,RegionE,530.94,414.13,0.214,587.87,171.09,Peak,Main_0_2399
2131,RegionF,558.88,435.93,0.2529,587.87,150.005333,Peak,Main_0_2399
2132,RegionA,1005.84,0.0,0.6155,540.19,228.349333,Peak,Main_0_2399
2132,RegionB,963.93,0.0,0.5758,540.19,258.29,Peak,Main_0_2399
2132,RegionC,935.99,0.0,0.546,540.19,241.560333,Peak,Main_0_2399
2132,RegionD,600.71,468.55,0.417,540.19,102.646,Peak,Main_0_2399
2132,RegionE,530.86,414.07,0.2184,540.19,147.385333,Peak,Main_0_2399
2132,RegionF,558.8,435.86,0.2581,540.19,169.301667,Peak,Main_0_2399
2133,RegionA,1005.71,0.0,0.6272,510.22,259.692333,Peak,Main_0_2399
2133,RegionB,963.8,0.0,0.5868,510.22,220.926,Peak,Main_0_2399
2133,RegionC,935.87,0.0,0.5564,510.22,263.350667,Peak,Main_0_2399
2133,RegionD,600.63,468.49,0.4249,510.22,152.54,Peak,Main_0_2399
2133,RegionE,530.79,414.02,0.2226,510.22,146.923333,Peak,Main_0_2399
2133,RegionF,558.73,435.81,0.263,510.22,223.899333,Peak,Main_0_2399
2134,RegionA,624.16,0.0,0.6373,500.0,298.014667,Flat,Main_0_2399
2134,RegionB,598.16,0.0,0.5962,500.0,283.872667,Flat,Main_0_2399
2134,RegionC,580.82,0.0,0.5653,500.0,257.476333,Flat,Main_0_2399
2134,RegionD,372.76,290.75,0.4317,500.0,167.412667,Flat,Main_0_2399
2134,RegionE,329.42,256.95,0.2261,500.0,181.917333,Flat,Main_0_2399
2134,RegionF,346.76,270.47,0.2673,500.0,281.364,Flat,Main_0_2399
2135,RegionA,624.11,0.0,0.645,510.22,281.632667,Flat,Main_0_2399
2135,RegionB,598.1,0.0,0.6034,510.22,298.302667,Flat,Main_0_2399
2135,RegionC,580.77,0.0,0.5722,510.22,322.043333,Flat,Main_0_2399
2135,RegionD,372.73,290.73,0.4369,510.22,200.605667,Flat,Main_0_2399
2135,RegionE,329.39,256.92,0.2289,510.22,225.949333,Flat,Main_0_2399
2135,RegionF,346.73,270.45,0.2705,510.22,299.878667,Flat,Main_0_2399
2136,RegionA,450.72,0.0,0.6498,540.19,316.086667,Valley,Main_0_2399
2136,RegionB,431.94,0.0,0.6079,540.19,339.455,Valley,Main_0_2399
2136,RegionC,419.42,0.0,0.5764,540.19,337.59,Valley,Main_0_2399
2136,RegionD,269.18,209.96,0.4402,540.19,276.618667,Valley,Main_0_2399
2136,RegionE,237.88,185.55,0.2306,540.19,235.838667,Valley,Main_0_2399
2136,RegionF,250.4,195.31,0.2725,540.19,331.9,Valley,Main_0_2399
2137,RegionA,450.69,0.0,0.6513,587.87,355.806333,Valley,Main_0_2399
2137,RegionB,431.92,0.0,0.6093,587.87,388.078,Valley,Main_0_2399
2137,RegionC,419.4,0.0,0.5778,587.87,385.86,Valley,Main_0_2399
2137,RegionD,269.16,209.94,0.4412,587.87,289.477667,Valley,Main_0_2399
2137,RegionE,237.87,185.54,0.2311,587.87,319.951333,Valley,Main_0_2399
2137,RegionF,250.39,195.3,0.2731,587.87,347.026667,Valley,Main_0_2399
2138,RegionA,450.68,0.0,0.6495,650.0,375.756333,Valley,Main_0_2399
2138,RegionB,431.91,0.0,0.6076,650.0,386.22,Valley,Main_0_2399
2138,RegionC,419.39,0.0,0.5762,650.0,384.008333,Valley,Main_0_2399
2138,RegionD,269.16,209.94,0.44,650.0,256.503333,Valley,Main_0_2399
2138,RegionE,237.86,185.53,0.2305,650.0,324.231333,Valley,Main_0_2399
2138,RegionF,250.38,195.3,0.2724,650.0,390.088667,Valley,Main_0_2399
2139,RegionA,450.68,0.0,0.6445,722.35,378.553333,Valley,Main_0_2399
2139,RegionB,431.9,0.0,0.6029,722.35,383.46,Valley,Main_0_2399
2139,RegionC,419.39,0.0,0.5717,722.35,385.624,Valley,Main_0_2399
2139,RegionD,269.16,209.94,0.4366,722.35,275.47,Valley,Main_0_2399
2139,RegionE,237.86,185.53,0.2287,722.35,296.422,Valley,Main_0_2399
2139,RegionF,250.38,195.3,0.2703,722.35,385.857333,Valley,Main_0_2399
2140,RegionA,450.69,0.0,0.6365,800.0,387.051,Valley,Main_0_2399
2140,RegionB,431.91,0.0,0.5955,800.0,373.644667,Valley,Main_0_2399
2140,RegionC,419.39,0.0,0.5647,800.0,387.34,Valley,Main_0_2399
2140,RegionD,269.16,209.94,0.4312,800.0,293.850667,Valley,Main_0_2399
2140,RegionE,237.86,185.53,0.2259,800.0,365.776,Valley,Main_0_2399
2140,RegionF,250.38,195.3,0.2669,800.0,355.997333,Valley,Main_0_2399
2141,RegionA,450.71,0.0,0.6262,877.65,388.739667,Valley,Main_0_2399
2141,RegionB,431.93,0.0,0.5858,877.65,371.390667,Valley,Main_0_2399
2141,RegionC,419.41,0.0,0.5555,877.65,386.572333,Valley,Main_0_2399
2141,RegionD,269.17,209.95,0.4242,877.65,331.967,Valley,Main_0_2399
2141,RegionE,237.87,185.54,0.2222,877.65,356.686,Valley,Main_0_2399
2141,RegionF,250.39,195.3,0.2626,877.65,363.698667,Valley,Main_0_2399
2142,RegionA,450.74,0.0,0.6142,950.0,388.387,Valley,Main_0_2399
2142,RegionB,431.96,0.0,0.5746,950.0,368.768667,Valley,Main_0_2399
2142,RegionC,419.44,0.0,0.5449,950.0,387.6,Valley,Main_0_2399
2142,RegionD,269.19,209.97,0.4161,950.0,312.688333,Valley,Main_0_2399
2142,RegionE,237.89,185.55,0.218,950.0,393.671333,Valley,Main_0_2399
2142,RegionF,250.41,195.32,0.2576,950.0,361.524,Valley,Main_0_2399
2143,RegionA,693.5,0.0,0.6014,1012.13,389.422667,Flat,Main_0_2399
2143,RegionB,664.61,0.0,0.5626,1012.13,339.007667,Flat,Main_0_2399
2143,RegionC,645.34,0.0,0.5335,1012.13,387.2,Flat,Main_0_2399
2143,RegionD,414.18,323.06,0.4074,1012.13,301.805,Flat,Main_0_2399
2143,RegionE,366.02,285.5,0.2134,1012.13,411.381333,Flat,Main_0_2399
2143,RegionF,385.28,300.52,0.2522,1012.13,312.867333,Flat,Main_0_2399
2144,RegionA,693.58,0.0,0.5886,1059.81,391.807,Flat,Main_0_2399
2144,RegionB,664.68,0.0,0.5506,1059.81,361.647667,Flat,Main_0_2399
2144,RegionC,645.41,0.0,0.5222,1059.81,369.001333,Flat,Main_0_2399
2144,RegionD,414.22,323.09,0.3987,1059.81,320.784,Flat,Main_0_2399
2144,RegionE,366.05,285.52,0.2089,1059.81,412.59,Flat,Main_0_2399
2144,RegionF,385.32,300.55,0.2468,1059.81,354.283333,Flat,Main_0_2399
2145,RegionA,693.67,0.0,0.5767,1089.78,382.047667,Flat,Main_0_2399
2145,RegionB,664.76,0.0,0.5395,1089.78,366.534333,Flat,Main_0_2399
2145,RegionC,645.5,0.0,0.5116,1089.78,368.321333,Flat,Main_0_2399
2145,RegionD,414.27,323.13,0.3907,1089.78,366.124667,Flat,Main_0_2399
2145,RegionE,366.1,285.56,0.2046,1089.78,371.236,Flat,Main_0_2399
2145,RegionF,385.37,300.59,0.2418,1089.78,347.172667,Flat,Main_0_2399
2146,RegionA,693.77,0.0,0.5665,1100.0,371.228333,Flat,Main_0_2399
2146,RegionB,664.86,0.0,0.53,1100.0,376.744,Flat,Main_0_2399
2146,RegionC,645.59,0.0,0.5026,1100.0,366.72,Flat,Main_0_2399
2146,RegionD,414.34,323.19,0.3838,1100.0,387.159,Flat,Main_0_2399
2146,RegionE,366.16,285.6,0.201,1100.0,363.081333,Flat,Main_0_2399
2146,RegionF,385.43,300.64,0.2376,1100.0,285.608667,Flat,Main_0_2399
2147,RegionA,693.89,0.0,0.5588,1089.78,349.938667,Flat,Main_0_2399
2147,RegionB,664.98,0.0,0.5227,1089.78,386.312,Flat,Main_0_2399
2147,RegionC,645.7,0.0,0.4957,1089.78,347.229333,Flat,Main_0_2399
2147,RegionD,414.41,323.24,0.3785,1089.78,350.25,Flat,Main_0_2399
2147,RegionE,366.22,285.65,0.1983,1089.78,360.21,Flat,Main_0_2399
2147,RegionF,385.49,300.68,0.2343,1089.78,303.112,Flat,Main_0_2399
2148,RegionA,694.03,0.0,0.554,1059.81,334.362667,Flat,Main_0_2399
2148,RegionB,665.11,0.0,0.5182,1059.81,330.65,Flat,Main_0_2399
2148,RegionC,645.83,0.0,0.4914,1059.81,353.672667,Flat,Main_0_2399
2148,RegionD,414.49,323.3,0.3753,1059.81,249.996667,Flat,Main_0_2399
2148,RegionE,366.29,285.71,0.1966,1059.81,298.87,Flat,Main_0_2399
2148,RegionF,385.57,300.74,0.2323,1059.81,267.163667,Flat,Main_0_2399
2149,RegionA,694.17,0.0,0.5524,1012.13,333.334,Flat,Main_0_2399
2149,RegionB,665.25,0.0,0.5168,1012.13,292.632667,Flat,Main_0_2399
2149,RegionC,645.97,0.0,0.4901,1012.13,300.696,Flat,Main_0_2399
2149,RegionD,414.58,323.37,0.3742,1012.13,217.013,Flat,Main_0_2399
2149,RegionE,366.37,285.77,0.196,1012.13,236.328667,Flat,Main_0_2399
2149,RegionF,385.65,300.81,0.2317,1012.13,245.471333,Flat,Main_0_2399
2150,RegionA,694.34,0.0,0.5543,950.0,278.943,Flat,Main_0_2399
2150,RegionB,665.41,0.0,0.5186,950.0,258.131667,Flat,Main_0_2399
2150,RegionC,646.12,0.0,0.4917,950.0,271.980333,Flat,Main_0_2399
2150,RegionD,414.67,323.44,0.3755,950.0,204.372,Flat,Main_0_2399
2150,RegionE,366.46,285.84,0.1967,950.0,218.515,Flat,Main_0_2399
2150,RegionF,385.74,300.88,0.2325,950.0,246.562,Flat,Main_0_2399
2151,RegionA,694.52,0.0,0.5595,877.65,257.953667,Flat,Main_0_2399
2151,RegionB,665.58,0.0,0.5234,877.65,258.324667,Flat,Main_0_2399
2151,RegionC,646.29,0.0,0.4963,877.65,289.256,Flat,Main_0_2399
2151,RegionD,414.78,323.53,0.379,877.65,193.3,Flat,Main_0_2399
2151,RegionE,366.55,285.91,0.1985,877.65,177.187667,Flat,Main_0_2399
2151,RegionF,385.84,300.96,0.2346,877.65,189.914667,Flat,Main_0_2399
2152,RegionA,694.71,0.0,0.5676,800.0,225.633,Flat,Main_0_2399
2152,RegionB,665.76,0.0,0.531,800.0,254.361667,Flat,Main_0_2399
2152,RegionC,646.47,0.0,0.5035,800.0,246.108667,Flat,Main_0_2399
2152,RegionD,414.9,323.62,0.3845,800.0,136.748667,Flat,Main_0_2399
2152,RegionE,366.65,285.99,0.2014,800.0,184.533333,Flat,Main_0_2399
2152,RegionF,385.95,301.04,0.238,800.0,169.515333,Flat,Main_0_2399
2153,RegionA,1007.63,0.0,0.5782,722.35,239.784667,Peak,Main_0_2399
2153,RegionB,965.65,0.0,0.5409,722.35,238.854,Peak,Main_0_2399
2153,RegionC,937.66,0.0,0.5129,722.35,225.436,Peak,Main_0_2399
2153,RegionD,601.78,469.39,0.3917,722.35,160.953,Peak,Main_0_2399
2153,RegionE,531.81,414.81,0.2052,722.35,167.238667,Peak,Main_0_2399
2153,RegionF,559.79,436.64,0.2425,722.35,178.352,Peak,Main_0_2399
2154,RegionA,1007.95,0.0,0.5904,650.0,206.308333,Peak,Main_0_2399
2154,RegionB,965.95,0.0,0.5523,650.0,202.870667,Peak,Main_0_2399
2154,RegionC,937.95,0.0,0.5237,650.0,213.183333,Peak,Main_0_2399
2154,RegionD,601.97,469.54,0.4,650.0,177.776,Peak,Main_0_2399
2154,RegionE,531.97,414.94,0.2095,650.0,139.240667,Peak,Main_0_2399
2154,RegionF,559.97,436.78,0.2476,650.0,139.443333,Peak,Main_0_2399
2155,RegionA,1008.29,0.0,0.6036,587.87,196.621667,Peak,Main_0_2399
2155,RegionB,966.28,0.0,0.5646,587.87,227.252667,Peak,Main_0_2399
2155,RegionC,938.27,0.0,0.5354,587.87,194.176667,Peak,Main_0_2399
2155,RegionD,602.17,469.69,0.4089,587.87,205.842333,Peak,Main_0_2399
2155,RegionE,532.15,415.08,0.2142,587.87,121.939,Peak,Main_0_2399
2155,RegionF,560.16,436.92,0.2531,587.87,131.413333,Peak,Main_0_2399
2156,RegionA,1008.65,0.0,0.6167,540.19,191.284,Peak,Main_0_2399
2156,RegionB,966.62,0.0,0.5769,540.19,227.611667,Peak,Main_0_2399
2156,RegionC,938.61,0.0,0.5471,540.19,221.314667,Peak,Main_0_2399
2156,RegionD,602.39,469.86,0.4178,540.19,228.254,Peak,Main_0_2399
2156,RegionE,532.34,415.23,0.2188,540.19,124.956667,Peak,Main_0_2399
2156,RegionF,560.36,437.08,0.2586,540.19,148.038,Peak,Main_0_2399
2157,RegionA,1009.03,0.0,0.6291,510.22,227.722,Peak,Main_0_2399
2157,RegionB,966.99,0.0,0.5885,510.22,248.859333,Peak,Main_0_2399
2157,RegionC,938.96,0.0,0.558,510.22,242.715333,Peak,Main_0_2399
2157,RegionD,602.62,470.04,0.4261,510.22,213.393333,Peak,Main_0_2399
2157,RegionE,532.54,415.38,0.2232,510.22,204.103333,Peak,Main_0_2399
2157,RegionF,560.57,437.24,0.2638,510.22,158.134,Peak,Main_0_2399
2158,RegionA,626.54,0.0,0.6397,500.0,260.283333,Flat,Main_0_2399
2158,RegionB,600.44,0.0,0.5984,500.0,242.074667,Flat,Main_0_2399
2158,RegionC,583.03,0.0,0.5675,500.0,288.553,Flat,Main_0_2399
2158,RegionD,374.18,291.86,0.4333,500.0,200.757333,Flat,Main_0_2399
2158,RegionE,330.67,257.92,0.227,500.0,265.3,Flat,Main_0_2399
2158,RegionF,348.08,271.5,0.2683,500.0,154.611333,Flat,Main_0_2399
2159,RegionA,626.8,0.0,0.648,510.22,296.040667,Flat,Main_0_2399
2159,RegionB,600.68,0.0,0.6062,510.22,261.555333,Flat,Main_0_2399
2159,RegionC,583.27,0.0,0.5748,510.22,315.305667,Flat,Main_0_2399
2159,RegionD,374.34,291.99,0.439,510.22,235.367667,Flat,Main_0_2399
2159,RegionE,330.81,258.03,0.2299,510.22,278.221333,Flat,Main_0_2399
2159,RegionF,348.22,271.61,0.2717,510.22,258.528,Flat,Main_0_2399
2160,RegionA,452.88,0.0,0.6534,540.19,333.28,Valley,Main_0_2399
2160,RegionB,434.01,0.0,0.6112,540.19,308.704667,Valley,Main_0_2399
2160,RegionC,421.43,0.0,0.5796,540.19,344.954667,Valley,Main_0_2399
2160,RegionD,270.47,210.97,0.4426,540.19,266.4,Valley,Main_0_2399
2160,RegionE,239.02,186.44,0.2318,540.19,314.795667,Valley,Main_0_2399
2160,RegionF,251.6,196.25,0.274,540.19,268.760667,Valley,Main_0_2399
2161,RegionA,453.09,0.0,0.6555,587.87,355.013333,Valley,Main_0_2399
2161,RegionB,434.21,0.0,0.6132,587.87,368.266,Valley,Main_0_2399
2161,RegionC,421.62,0.0,0.5815,587.87,369.642667,Valley,Main_0_2399
2161,RegionD,270.59,211.06,0.444,587.87,293.198,Valley,Main_0_2399
2161,RegionE,239.13,186.52,0.2326,587.87,348.496667,Valley,Main_0_2399
2161,RegionF,251.71,196.33,0.2749,587.87,322.148667,Valley,Main_0_2399
2162,RegionA,453.3,0.0,0.6543,650.0,372.119333,Valley,Main_0_2399
2162,RegionB,434.41,0.0,0.6121,650.0,369.936,Valley,Main_0_2399
2162,RegionC,421.82,0.0,0.5804,650.0,376.572,Valley,Main_0_2399
2162,RegionD,270.72,211.16,0.4432,650.0,319.957,Valley,Main_0_2399
2162,RegionE,239.24,186.61,0.2322,650.0,381.95,Valley,Main_0_2399
2162,RegionF,251.83,196.43,0.2744,650.0,348.518,Valley,Main_0_2399
2163,RegionA,453.51,0.0,0.6498,722.35,397.665333,Valley,Main_0_2399
2163,RegionB,434.62,0.0,0.6079,722.35,371.845,Valley,Main_0_2399
2163,RegionC,422.02,0.0,0.5764,722.35,386.653333,Valley,Main_0_2399
2163,RegionD,270.85,211.26,0.4402,722.35,392.015333,Valley,Main_0_2399
2163,RegionE,239.35,186.69,0.2306,722.35,405.925333,Valley,Main_0_2399
2163,RegionF,251.95,196.52,0.2725,722.35,383.957333,Valley,Main_0_2399
2164,RegionA,453.74,0.0,0.6424,800.0,396.208,Valley,Main_0_2399
2164,RegionB,434.83,0.0,0.601,800.0,367.152,Valley,Main_0_2399
2164,RegionC,422.23,0.0,0.5699,800.0,373.68,Valley,Main_0_2399
2164,RegionD,270.98,211.36,0.4352,800.0,387.803333,Valley,Main_0_2399
2164,RegionE,239.47,186.79,0.228,800.0,385.43,Valley,Main_0_2399
2164,RegionF,252.08,196.62,0.2694,800.0,373.893333,Valley,Main_0_2399
2165,RegionA,453.97,0.0,0.6327,877.65,390.808,Valley,Main_0_2399
2165,RegionB,435.05,0.0,0.5919,877.65,373.933333,Valley,Main_0_2399
2165,RegionC,422.44,0.0,0.5612,877.65,371.793333,Valley,Main_0_2399
2165,RegionD,271.12,211.47,0.4286,877.65,417.088,Valley,Main_0_2399
2165,RegionE,239.59,186.88,0.2245,877.65,362.816667,Valley,Main_0_2399
2165,RegionF,252.2,196.72,0.2653,877.65,405.399333,Valley,Main_0_2399
2166,RegionA,454.2,0.0,0.6212,950.0,388.489667,Valley,Main_0_2399
2166,RegionB,435.28,0.0,0.5812,950.0,382.47,Valley,Main_0_2399
2166,RegionC,422.66,0.0,0.5511,950.0,364.266667,Valley,Main_0_2399
2166,RegionD,271.26,211.58,0.4208,950.0,337.349,Valley,Main_0_2399
2166,RegionE,239.72,186.98,0.2204,950.0,362.733,Valley,Main_0_2399
2166,RegionF,252.34,196.83,0.2605,950.0,375.474333,Valley,Main_0_2399
2167,RegionA,699.15,0.0,0.609,1012.13,390.602667,Flat,Main_0_2399
2167,RegionB,670.02,0.0,0.5697,1012.13,383.441333,Flat,Main_0_2399
2167,RegionC,650.6,0.0,0.5402,1012.13,367.594667,Flat,Main_0_2399
2167,RegionD,417.55,325.69,0.4125,1012.13,349.838667,Flat,Main_0_2399
2167,RegionE,369.0,287.82,0.2161,1012.13,381.446667,Flat,Main_0_2399
2167,RegionF,388.42,302.97,0.2554,1012.13,407.013333,Flat,Main_0_2399
2168,RegionA,699.53,0.0,0.5967,1059.81,389.421333,Flat,Main_0_2399
2168,RegionB,670.39,0.0,0.5582,1059.81,375.258,Flat,Main_0_2399
2168,RegionC,650.96,0.0,0.5293,1059.81,359.18,Flat,Main_0_2399
2168,RegionD,417.78,325.87,0.4042,1059.81,313.874,Flat,Main_0_2399
2168,RegionE,369.2,287.98,0.2117,1059.81,316.389333,Flat,Main_0_2399
2168,RegionF,388.63,303.13,0.2502,1059.81,365.390667,Flat,Main_0_2399
2169,RegionA,699.93,0.0,0.5853,1089.78,384.649333,Flat,Main_0_2399
2169,RegionB,670.76,0.0,0.5475,1089.78,377.118667,Flat,Main_0_2399
2169,RegionC,651.32,0.0,0.5192,1089.78,356.894333,Flat,Main_0_2399
2169,RegionD,418.01,326.05,0.3965,1089.78,339.381667,Flat,Main_0_2399
2169,RegionE,369.41,288.14,0.2077,1089.78,346.409,Flat,Main_0_2399
2169,RegionF,388.85,303.3,0.2455,1089.78,375.9,Flat,Main_0_2399
2170,RegionA,700.33,0.0,0.5756,1100.0,386.104,Flat,Main_0_2399
2170,RegionB,671.15,0.0,0.5385,1100.0,381.490667,Flat,Main_0_2399
2170,RegionC,651.69,0.0,0.5106,1100.0,360.963333,Flat,Main_0_2399
2170,RegionD,418.25,326.24,0.3899,1100.0,315.044,Flat,Main_0_2399
2170,RegionE,369.62,288.3,0.2043,1100.0,292.338333,Flat,Main_0_2399
2170,RegionF,389.07,303.47,0.2414,1100.0,333.058667,Flat,Main_0_2399
2171,RegionA,700.73,0.0,0.5684,1089.78,376.15,Flat,Main_0_2399
2171,RegionB,671.54,0.0,0.5317,1089.78,372.151,Flat,Main_0_2399
2171,RegionC,652.07,0.0,0.5042,1089.78,365.678667,Flat,Main_0_2399
2171,RegionD,418.49,326.42,0.385,1089.78,321.911333,Flat,Main_0_2399
2171,RegionE,369.83,288.47,0.2017,1089.78,314.636,Flat,Main_0_2399
2171,RegionF,389.3,303.65,0.2383,1089.78,338.517667,Flat,Main_0_2399
2172,RegionA,701.15,0.0,0.564,1059.81,341.530333,Flat,Main_0_2399
2172,RegionB,671.93,0.0,0.5276,1059.81,334.726667,Flat,Main_0_2399
2172,RegionC,652.46,0.0,0.5003,1059.81,316.883333,Flat,Main_0_2399
2172,RegionD,418.74,326.62,0.3821,1059.81,285.871667,Flat,Main_0_2399
2172,RegionE,370.05,288.64,0.2001,1059.81,287.468,Flat,Main_0_2399
2172,RegionF,389.53,303.83,0.2365,1059.81,335.673667,Flat,Main_0_2399
2173,RegionA,701.57,0.0,0.563,1012.13,321.439667,Flat,Main_0_2399
2173,RegionB,672.34,0.0,0.5266,1012.13,307.911333,Flat,Main_0_2399
2173,RegionC,652.85,0.0,0.4994,1012.13,320.797333,Flat,Main_0_2399
2173,RegionD,418.99,326.81,0.3814,1012.13,293.17,Flat,Main_0_2399
2173,RegionE,370.27,288.81,0.1998,1012.13,234.371333,Flat,Main_0_2399
2173,RegionF,389.76,304.01,0.2361,1012.13,305.535,Flat,Main_0_2399
2174,RegionA,702.0,0.0,0.5653,950.0,307.124333,Flat,Main_0_2399
2174,RegionB,672.75,0.0,0.5288,950.0,298.440667,Flat,Main_0_2399
2174,RegionC,653.25,0.0,0.5015,950.0,300.899,Flat,Main_0_2399
2174,RegionD,419.25,327.01,0.3829,950.0,235.796333,Flat,Main_0_2399
2174,RegionE,370.5,288.99,0.2006,950.0,251.369667,Flat,Main_0_2399
2174,RegionF,390.0,304.2,0.2371,950.0,207.7,Flat,Main_0_2399
2175,RegionA,702.43,0.0,0.5709,877.65,264.176,Flat,Main_0_2399
2175,RegionB,673.16,0.0,0.5341,877.65,275.18,Flat,Main_0_2399
2175,RegionC,653.65,0.0,0.5064,877.65,262.185667,Flat,Main_0_2399
2175,RegionD,419.51,327.22,0.3867,877.65,186.322,Flat,Main_0_2399
2175,RegionE,370.73,289.17,0.2026,877.65,218.751333,Flat,Main_0_2399
2175,RegionF,390.24,304.39,0.2394,877.65,172.577,Flat,Main_0_2399
2176,RegionA,702.87,0.0,0.5794,800.0,247.974333,Flat,Main_0_2399
2176,RegionB,673.58,0.0,0.5421,800.0,247.843333,Flat,Main_0_2399
2176,RegionC,654.06,0.0,0.514,800.0,235.746,Flat,Main_0_2399
2176,RegionD,419.77,327.42,0.3925,800.0,133.826,Flat,Main_0_2399
2176,RegionE,370.96,289.35,0.2056,800.0,190.325,Flat,Main_0_2399
2176,RegionF,390.48,304.57,0.243,800.0,131.6,Flat,Main_0_2399
2177,RegionA,1019.81,0.0,0.5904,722.35,212.133,Peak,Main_0_2399
2177,RegionB,977.31,0.0,0.5523,722.35,214.749333,Peak,Main_0_2399
2177,RegionC,948.99,0.0,0.5237,722.35,182.336,Peak,Main_0_2399
2177,RegionD,609.05,475.06,0.3999,722.35,183.946,Peak,Main_0_2399
2177,RegionE,538.23,419.82,0.2095,722.35,187.790667,Peak,Main_0_2399
2177,RegionF,566.56,441.92,0.2476,722.35,136.226667,Peak,Main_0_2399
2178,RegionA,1020.45,0.0,0.603,650.0,250.056667,Peak,Main_0_2399
2178,RegionB,977.94,0.0,0.5641,650.0,210.566667,Peak,Main_0_2399
2178,RegionC,949.59,0.0,0.5349,650.0,195.406,Peak,Main_0_2399
2178,RegionD,609.44,475.36,0.4085,650.0,155.326,Peak,Main_0_2399
2178,RegionE,538.57,420.08,0.214,650.0,178.506667,Peak,Main_0_2399
2178,RegionF,566.92,442.2,0.2529,650.0,129.821667,Peak,Main_0_2399
2179,RegionA,1021.11,0.0,0.6165,587.87,221.964,Peak,Main_0_2399
2179,RegionB,978.56,0.0,0.5768,587.87,234.975333,Peak,Main_0_2399
2179,RegionC,950.2,0.0,0.5469,587.87,199.442,Peak,Main_0_2399
2179,RegionD,609.83,475.67,0.4177,587.87,198.750667,Peak,Main_0_2399
2179,RegionE,538.92,420.36,0.2188,587.87,181.804,Peak,Main_0_2399
2179,RegionF,567.28,442.48,0.2585,587.87,121.923,Peak,Main_0_2399
2180,RegionA,1021.76,0.0,0.6301,540.19,257.334667,Peak,Main_0_2399
2180,RegionB,979.19,0.0,0.5894,540.19,234.47,Peak,Main_0_2399
2180,RegionC,950.81,0.0,0.5589,540.19,230.740667,Peak,Main_0_2399
2180,RegionD,610.22,475.97,0.4268,540.19,206.143333,Peak,Main_0_2399
2180,RegionE,539.26,420.62,0.2236,540.19,218.06,Peak,Main_0_2399
2180,RegionF,567.65,442.77,0.2642,540.19,100.492667,Peak,Main_0_2399
2181,RegionA,1022.43,0.0,0.6427,510.22,253.866333,Peak,Main_0_2399
2181,RegionB,979.82,0.0,0.6013,510.22,252.662,Peak,Main_0_2399
2181,RegionC,951.42,0.0,0.5702,510.22,223.399333,Peak,Main_0_2399
2181,RegionD,610.62,476.28,0.4354,510.22,197.008333,Peak,Main_0_2399
2181,RegionE,539.61,420.9,0.2281,510.22,198.262667,Peak,Main_0_2399
2181,RegionF,568.01,443.05,0.2695,510.22,149.459333,Peak,Main_0_2399
2182,RegionA,635.02,0.0,0.6537,500.0,291.943333,Flat,Main_0_2399
2182,RegionB,608.56,0.0,0.6115,500.0,260.563,Flat,Main_0_2399
2182,RegionC,590.92,0.0,0.5799,500.0,283.674,Flat,Main_0_2399
2182,RegionD,379.25,295.81,0.4428,500.0,202.924667,Flat,Main_0_2399
2182,RegionE,335.15,261.42,0.232,500.0,209.572667,Flat,Main_0_2399
2182,RegionF,352.79,275.18,0.2741,500.0,179.084667,Flat,Main_0_2399
2183,RegionA,635.43,0.0,0.6623,510.22,288.628667,Flat,Main_0_2399
2183,RegionB,608.96,0.0,0.6195,510.22,297.272667,Flat,Main_0_2399
2183,RegionC,591.31,0.0,0.5875,510.22,306.26,Flat,Main_0_2399
2183,RegionD,379.5,296.01,0.4486,510.22,257.304667,Flat,Main_0_2399
2183,RegionE,335.37,261.59,0.235,510.22,189.38,Flat,Main_0_2399
2183,RegionF,353.02,275.36,0.2777,510.22,247.737333,Flat,Main_0_2399
2184,RegionA,459.22,0.0,0.6679,540.19,289.333333,Valley,Main_0_2399
2184,RegionB,440.09,0.0,0.6248,540.19,333.321333,Valley,Main_0_2399
2184,RegionC,427.33,0.0,0.5925,540.19,343.892,Valley,Main_0_2399
2184,RegionD,274.26,213.92,0.4525,540.19,260.839333,Valley,Main_0_2399
2184,RegionE,242.37,189.05,0.237,540.19,250.970667,Valley,Main_0_2399
2184,RegionF,255.12,198.99,0.2801,540.19,283.739333,Valley,Main_0_2399
2185,RegionA,459.52,0.0,0.6703,587.87,348.149333,Valley,Main_0_2399
2185,RegionB,440.38,0.0,0.6271,587.87,379.818333,Valley,Main_0_2399
2185,RegionC,427.61,0.0,0.5946,587.87,339.771333,Valley,Main_0_2399
2185,RegionD,274.44,214.06,0.4541,587.87,266.686333,Valley,Main_0_2399
2185,RegionE,242.53,189.17,0.2378,587.87,264.832,Valley,Main_0_2399
2185,RegionF,255.29,199.13,0.2811,587.87,283.86,Valley,Main_0_2399
2186,RegionA,459.82,0.0,0.6693,650.0,364.792,Valley,Main_0_2399
2186,RegionB,440.66,0.0,0.6261,650.0,356.702,Valley,Main_0_2399
2186,RegionC,427.89,0.0,0.5937,650.0,357.44,Valley,Main_0_2399
2186,RegionD,274.61,214.2,0.4534,650.0,270.209,Valley,Main_0_2399
2186,RegionE,242.68,189.29,0.2375,650.0,350.072,Valley,Main_0_2399
2186,RegionF,255.46,199.26,0.2807,650.0,306.702667,Valley,Main_0_2399
2187,RegionA,460.12,0.0,0.665,722.35,368.662,Valley,Main_0_2399
2187,RegionB,440.95,0.0,0.6221,722.35,360.142333,Valley,Main_0_2399
2187,RegionC,428.17,0.0,0.59,722.35,354.750667,Valley,Main_0_2399
2187,RegionD,274.79,214.34,0.4505,722.35,321.308333,Valley,Main_0_2399
2187,RegionE,242.84,189.42,0.236,722.35,345.200667,Valley,Main_0_2399
2187,RegionF,255.62,199.38,0.2789,722.35,355.986,Valley,Main_0_2399
2188,RegionA,460.41,0.0,0.6578,800.0,376.767,Valley,Main_0_2399
2188,RegionB,441.23,0.0,0.6154,800.0,361.003,Valley,Main_0_2399
2188,RegionC,428.44,0.0,0.5836,800.0,338.123,Valley,Main_0_2399
2188,RegionD,274.97,214.48,0.4456,800.0,347.126667,Valley,Main_0_2399
2188,RegionE,243.0,189.54,0.2334,800.0,429.688,Valley,Main_0_2399
2188,RegionF,255.79,199.52,0.2759,800.0,308.203667,Valley,Main_0_2399
2189,RegionA,460.71,0.0,0.6483,877.65,388.168667,Valley,Main_0_2399
2189,RegionB,441.51,0.0,0.6064,877.65,375.09,Valley,Main_0_2399
2189,RegionC,428.72,0.0,0.5751,877.65,344.386,Valley,Main_0_2399
2189,RegionD,275.15,214.62,0.4391,877.65,308.486667,Valley,Main_0_2399
2189,RegionE,243.15,189.66,0.23,877.65,438.22,Valley,Main_0_2399
2189,RegionF,255.95,199.64,0.2719,877.65,372.964,Valley,Main_0_2399
2190,RegionA,461.0,0.0,0.637,950.0,384.281333,Valley,Main_0_2399
2190,RegionB,441.8,0.0,0.5959,950.0,382.094,Valley,Main_0_2399
2190,RegionC,428.99,0.0,0.5651,950.0,338.214,Valley,Main_0_2399
2190,RegionD,275.32,214.75,0.4315,950.0,393.837667,Valley,Main_0_2399
2190,RegionE,243.31,189.78,0.226,950.0,423.200667,Valley,Main_0_2399
2190,RegionF,256.11,199.77,0.2671,950.0,362.97,Valley,Main_0_2399
2191,RegionA,709.68,0.0,0.6248,1012.13,382.148,Flat,Main_0_2399
2191,RegionB,680.11,0.0,0.5845,1012.13,380.928,Flat,Main_0_2399
2191,RegionC,660.4,0.0,0.5543,1012.13,350.479,Flat,Main_0_2399
2191,RegionD,423.84,330.6,0.4233,1012.13,333.127333,Flat,Main_0_2399
2191,RegionE,374.56,292.16,0.2217,1012.13,384.81,Flat,Main_0_2399
2191,RegionF,394.27,307.53,0.262,1012.13,431.056,Flat,Main_0_2399
2192,RegionA,710.13,0.0,0.6126,1059.81,378.705333,Flat,Main_0_2399
2192,RegionB,680.54,0.0,0.5731,1059.81,370.57,Flat,Main_0_2399
2192,RegionC,660.81,0.0,0.5435,1059.81,345.402333,Flat,Main_0_2399
2192,RegionD,424.1,330.8,0.415,1059.81,311.151333,Flat,Main_0_2399
2192,RegionE,374.79,292.34,0.2174,1059.81,333.225333,Flat,Main_0_2399
2192,RegionF,394.52,307.73,0.2569,1059.81,380.827,Flat,Main_0_2399
2193,RegionA,710.57,0.0,0.6013,1089.78,353.039667,Flat,Main_0_2399
2193,RegionB,680.96,0.0,0.5625,1089.78,367.148667,Flat,Main_0_2399
2193,RegionC,661.22,0.0,0.5334,1089.78,359.768,Flat,Main_0_2399
2193,RegionD,424.37,331.01,0.4074,1089.78,272.068,Flat,Main_0_2399
2193,RegionE,375.02,292.52,0.2134,1089.78,354.660667,Flat,Main_0_2399
2193,RegionF,394.76,307.91,0.2522,1089.78,351.8,Flat,Main_0_2399
2194,RegionA,711.0,0.0,0.5917,1100.0,357.285333,Flat,Main_0_2399
2194,RegionB,681.38,0.0,0.5535,1100.0,365.327667,Flat,Main_0_2399
2194,RegionC,661.63,0.0,0.5249,1100.0,377.360667,Flat,Main_0_2399
2194,RegionD,424.63,331.21,0.4008,1100.0,268.234,Flat,Main_0_2399
2194,RegionE,375.25,292.69,0.21,1100.0,346.790667,Flat,Main_0_2399
2194,RegionF,395.0,308.1,0.2481,1100.0,327.056,Flat,Main_0_2399
2195,RegionA,711.43,0.0,0.5845,1089.78,348.265,Flat,Main_0_2399
2195,RegionB,681.79,0.0,0.5468,1089.78,358.062667,Flat,Main_0_2399
2195,RegionC,662.03,0.0,0.5185,1089.78,329.654333,Flat,Main_0_2399
2195,RegionD,424.88,331.41,0.3959,1089.78,236.700667,Flat,Main_0_2399
2195,RegionE,375.48,292.87,0.2074,1089.78,329.121667,Flat,Main_0_2399
2195,RegionF,395.24,308.29,0.2451,1089.78,293.244,Flat,Main_0_2399
2196,RegionA,711.86,0.0,0.5802,1059.81,289.894,Flat,Main_0_2399
2196,RegionB,682.2,0.0,0.5427,1059.81,324.328667,Flat,Main_0_2399
2196,RegionC,662.42,0.0,0.5147,1059.81,344.868333,Flat,Main_0_2399
2196,RegionD,425.14,331.61,0.393,1059.81,206.353333,Flat,Main_0_2399
2196,RegionE,375.7,293.05,0.2059,1059.81,286.764667,Flat,Main_0_2399
2196,RegionF,395.48,308.47,0.2433,1059.81,239.726,Flat,Main_0_2399
2197,RegionA,712.28,0.0,0.5791,1012.13,263.337333,Flat,Main_0_2399
2197,RegionB,682.6,0.0,0.5417,1012.13,320.492,Flat,Main_0_2399
2197,RegionC,662.81,0.0,0.5137,1012.13,291.877333,Flat,Main_0_2399
2197,RegionD,425.39,331.8,0.3923,1012.13,209.457333,Flat,Main_0_2399
2197,RegionE,375.92,293.22,0.2055,1012.13,283.264,Flat,Main_0_2399
2197,RegionF,395.71,308.65,0.2428,1012.13,242.974,Flat,Main_0_2399
2198,RegionA,712.69,0.0,0.5814,950.0,271.711667,Flat,Main_0_2399
2198,RegionB,682.99,0.0,0.5439,950.0,285.859333,Flat,Main_0_2399
2198,RegionC,663.19,0.0,0.5157,950.0,281.465,Flat,Main_0_2399
2198,RegionD,425.63,331.99,0.3938,950.0,194.46,Flat,Main_0_2399
2198,RegionE,376.14,293.39,0.2063,950.0,308.404667,Flat,Main_0_2399
2198,RegionF,395.94,308.83,0.2438,950.0,207.826333,Flat,Main_0_2399
2199,RegionA,713.09,0.0,0.5869,877.65,246.146333,Flat,Main_0_2399
2199,RegionB,683.38,0.0,0.5491,877.65,282.724333,Flat,Main_0_2399
2199,RegionC,663.57,0.0,0.5207,877.65,262.308333,Flat,Main_0_2399
2199,RegionD,425.87,332.18,0.3976,877.65,157.361,Flat,Main_0_2399
2199,RegionE,376.35,293.55,0.2083,877.65,241.73,Flat,Main_0_2399
2199,RegionF,396.16,309.0,0.2461,877.65,182.759667,Flat,Main_0_2399
2200,RegionA,713.48,0.0,0.5954,800.0,231.848667,Flat,Main_0_2399
2200,RegionB,683.76,0.0,0.557,800.0,246.496667,Flat,Main_0_2399
2200,RegionC,663.94,0.0,0.5282,800.0,244.890333,Flat,Main_0_2399
2200,RegionD,426.11,332.37,0.4033,800.0,136.885667,Flat,Main_0_2399
2200,RegionE,376.56,293.72,0.2113,800.0,201.204,Flat,Main_0_2399
2200,RegionF,396.38,309.18,0.2497,800.0,191.358,Flat,Main_0_2399
2201,RegionA,1035.11,0.0,0.6062,722.35,173.244667,Peak,Main_0_2399
2201,RegionB,991.98,0.0,0.5671,722.35,250.957333,Peak,Main_0_2399
2201,RegionC,963.23,0.0,0.5378,722.35,225.881,Peak,Main_0_2399
2201,RegionD,618.19,482.19,0.4107,722.35,149.532,Peak,Main_0_2399
2201,RegionE,546.31,426.12,0.2151,722.35,191.117667,Peak,Main_0_2399
2201,RegionF,575.06,448.55,0.2542,722.35,125.511333,Peak,Main_0_2399
2202,RegionA,1035.66,0.0,0.6188,650.0,186.196,Peak,Main_0_2399
2202,RegionB,992.51,0.0,0.5788,650.0,190.358,Peak,Main_0_2399
2202,RegionC,963.74,0.0,0.5489,650.0,192.565333,Peak,Main_0_2399
2202,RegionD,618.52,482.45,0.4192,650.0,99.400667,Peak,Main_0_2399
2202,RegionE,546.6,426.35,0.2196,650.0,167.957333,Peak,Main_0_2399
2202,RegionF,575.37,448.79,0.2595,650.0,143.758,Peak,Main_0_2399
2203,RegionA,1036.19,0.0,0.6321,587.87,182.490667,Peak,Main_0_2399
2203,RegionB,993.02,0.0,0.5913,587.87,195.231,Peak,Main_0_2399
2203,RegionC,964.24,0.0,0.5608,587.87,217.751,Peak,Main_0_2399
2203,RegionD,618.84,482.7,0.4282,587.87,130.112,Peak,Main_0_2399
2203,RegionE,546.88,426.57,0.2243,587.87,161.282667,Peak,Main_0_2399
2203,RegionF,575.66,449.01,0.2651,587.87,136.869333,Peak,Main_0_2399
2204,RegionA,1036.71,0.0,0.6455,540.19,206.539333,Peak,Main_0_2399
2204,RegionB,993.52,0.0,0.6038,540.19,228.434333,Peak,Main_0_2399
2204,RegionC,964.72,0.0,0.5726,540.19,231.304,Peak,Main_0_2399
2204,RegionD,619.15,482.94,0.4373,540.19,193.618,Peak,Main_0_2399
2204,RegionE,547.15,426.78,0.229,540.19,150.606667,Peak,Main_0_2399
2204,RegionF,575.95,449.24,0.2707,540.19,161.786333,Peak,Main_0_2399
2205,RegionA,1037.22,0.0,0.658,510.22,229.98,Peak,Main_0_2399
2205,RegionB,994.0,0.0,0.6155,510.22,253.444333,Peak,Main_0_2399
2205,RegionC,965.19,0.0,0.5837,510.22,208.806,Peak,Main_0_2399
2205,RegionD,619.45,483.17,0.4457,510.22,181.14,Peak,Main_0_2399
2205,RegionE,547.42,426.99,0.2335,510.22,152.068,Peak,Main_0_2399
2205,RegionF,576.23,449.46,0.2759,510.22,137.386667,Peak,Main_0_2399
2206,RegionA,644.1,0.0,0.6687,500.0,245.367333,Flat,Main_0_2399
2206,RegionB,617.26,0.0,0.6256,500.0,309.085,Flat,Main_0_2399
2206,RegionC,599.37,0.0,0.5932,500.0,248.978667,Flat,Main_0_2399
2206,RegionD,384.67,300.04,0.453,500.0,218.044,Flat,Main_0_2399
2206,RegionE,339.94,265.15,0.2373,500.0,209.243333,Flat,Main_0_2399
2206,RegionF,357.83,279.11,0.2804,500.0,188.318667,Flat,Main_0_2399
2207,RegionA,644.39,0.0,0.6771,510.22,266.406,Flat,Main_0_2399
2207,RegionB,617.54,0.0,0.6334,510.22,296.500667,Flat,Main_0_2399
2207,RegionC,599.64,0.0,0.6006,510.22,272.127333,Flat,Main_0_2399
2207,RegionD,384.84,300.18,0.4586,510.22,216.376667,Flat,Main_0_2399
2207,RegionE,340.09,265.27,0.2402,510.22,210.057333,Flat,Main_0_2399
2207,RegionF,357.99,279.23,0.2839,510.22,233.466667,Flat,Main_0_2399
2208,RegionA,465.6,0.0,0.6825,540.19,339.867,Valley,Main_0_2399
2208,RegionB,446.2,0.0,0.6384,540.19,359.856,Valley,Main_0_2399
2208,RegionC,433.26,0.0,0.6054,540.19,322.184,Valley,Main_0_2399
2208,RegionD,278.07,216.89,0.4623,540.19,220.386,Valley,Main_0_2399
2208,RegionE,245.73,191.67,0.2422,540.19,251.271333,Valley,Main_0_2399
2208,RegionF,258.67,201.76,0.2862,540.19,304.563333,Valley,Main_0_2399
2209,RegionA,465.79,0.0,0.6846,587.87,357.392667,Valley,Main_0_2399
2209,RegionB,446.39,0.0,0.6404,587.87,366.028,Valley,Main_0_2399
2209,RegionC,433.45,0.0,0.6073,587.87,360.222333,Valley,Main_0_2399
2209,RegionD,278.18,216.98,0.4637,587.87,256.047333,Valley,Main_0_2399
2209,RegionE,245.84,191.76,0.2429,587.87,280.39,Valley,Main_0_2399
2209,RegionF,258.77,201.84,0.2871,587.87,317.793333,Valley,Main_0_2399
2210,RegionA,465.98,0.0,0.6833,650.0,377.328667,Valley,Main_0_2399
2210,RegionB,446.57,0.0,0.6392,650.0,373.955,Valley,Main_0_2399
2210,RegionC,433.62,0.0,0.6061,650.0,380.385,Valley,Main_0_2399
2210,RegionD,278.3,217.07,0.4629,650.0,290.95,Valley,Main_0_2399
2210,RegionE,245.94,191.83,0.2425,650.0,235.126,Valley,Main_0_2399
2210,RegionF,258.88,201.93,0.2865,650.0,347.966667,Valley,Main_0_2399
2211,RegionA,466.17,0.0,0.6787,722.35,387.14,Valley,Main_0_2399
2211,RegionB,446.74,0.0,0.6349,722.35,362.374667,Valley,Main_0_2399
2211,RegionC,433.79,0.0,0.6021,722.35,379.78,Valley,Main_0_2399
2211,RegionD,278.4,217.15,0.4598,722.35,353.092667,Valley,Main_0_2399
2211,RegionE,246.03,191.9,0.2408,722.35,305.011667,Valley,Main_0_2399
2211,RegionF,258.98,202.0,0.2846,722.35,356.809,Valley,Main_0_2399
2212,RegionA,466.34,0.0,0.6712,800.0,373.547333,Valley,Main_0_2399
2212,RegionB,446.91,0.0,0.6279,800.0,349.016667,Valley,Main_0_2399
2212,RegionC,433.95,0.0,0.5954,800.0,368.921667,Valley,Main_0_2399
2212,RegionD,278.51,217.24,0.4547,800.0,345.112667,Valley,Main_0_2399
2212,RegionE,246.12,191.97,0.2382,800.0,333.465333,Valley,Main_0_2399
2212,RegionF,259.08,202.08,0.2815,800.0,334.218,Valley,Main_0_2399
2213,RegionA,466.5,0.0,0.6612,877.65,366.692,Valley,Main_0_2399
2213,RegionB,447.07,0.0,0.6186,877.65,353.449333,Valley,Main_0_2399
2213,RegionC,434.11,0.0,0.5866,877.65,370.378667,Valley,Main_0_2399
2213,RegionD,278.61,217.32,0.4479,877.65,377.790667,Valley,Main_0_2399
2213,RegionE,246.21,192.04,0.2346,877.65,333.268,Valley,Main_0_2399
2213,RegionF,259.17,202.15,0.2773,877.65,350.861333,Valley,Main_0_2399
2214,RegionA,466.66,0.0,0.6496,950.0,390.400333,Valley,Main_0_2399
2214,RegionB,447.22,0.0,0.6077,950.0,352.654667,Valley,Main_0_2399
2214,RegionC,434.25,0.0,0.5763,950.0,376.788,Valley,Main_0_2399
2214,RegionD,278.7,217.39,0.44,950.0,387.076667,Valley,Main_0_2399
2214,RegionE,246.29,192.11,0.2305,950.0,387.377333,Valley,Main_0_2399
2214,RegionF,259.26,202.22,0.2724,950.0,399.37,Valley,Main_0_2399
2215,RegionA,718.17,0.0,0.637,1012.13,393.074667,Flat,Main_0_2399
2215,RegionB,688.24,0.0,0.5959,1012.13,347.948,Flat,Main_0_2399
2215,RegionC,668.29,0.0,0.5651,1012.13,383.738667,Flat,Main_0_2399
2215,RegionD,428.9,334.54,0.4315,1012.13,349.979333,Flat,Main_0_2399
2215,RegionE,379.03,295.64,0.226,1012.13,354.137333,Flat,Main_0_2399
2215,RegionF,398.98,311.2,0.2671,1012.13,440.314,Flat,Main_0_2399
2216,RegionA,718.38,0.0,0.6245,1059.81,397.428,Flat,Main_0_2399
2216,RegionB,688.45,0.0,0.5842,1059.81,337.928,Flat,Main_0_2399
2216,RegionC,668.49,0.0,0.554,1059.81,366.971333,Flat,Main_0_2399
2216,RegionD,429.03,334.64,0.423,1059.81,324.441333,Flat,Main_0_2399
2216,RegionE,379.14,295.73,0.2216,1059.81,384.932,Flat,Main_0_2399
2216,RegionF,399.1,311.3,0.2619,1059.81,394.322333,Flat,Main_0_2399
2217,RegionA,718.58,0.0,0.6128,1089.78,396.770667,Flat,Main_0_2399
2217,RegionB,688.64,0.0,0.5732,1089.78,327.756333,Flat,Main_0_2399
2217,RegionC,668.68,0.0,0.5436,1089.78,351.629667,Flat,Main_0_2399
2217,RegionD,429.15,334.74,0.4151,1089.78,324.456333,Flat,Main_0_2399
2217,RegionE,379.25,295.81,0.2174,1089.78,304.788333,Flat,Main_0_2399
2217,RegionF,399.21,311.38,0.257,1089.78,354.666,Flat,Main_0_2399
2218,RegionA,718.76,0.0,0.6027,1100.0,395.732667,Flat,Main_0_2399
2218,RegionB,688.81,0.0,0.5638,1100.0,351.637333,Flat,Main_0_2399
2218,RegionC,668.85,0.0,0.5347,1100.0,364.377333,Flat,Main_0_2399
2218,RegionD,429.26,334.82,0.4083,1100.0,278.388667,Flat,Main_0_2399
2218,RegionE,379.35,295.89,0.2139,1100.0,320.632,Flat,Main_0_2399
2218,RegionF,399.31,311.46,0.2527,1100.0,349.449,Flat,Main_0_2399
2219,RegionA,718.93,0.0,0.595,1089.78,384.92,Flat,Main_0_2399
2219,RegionB,688.98,0.0,0.5566,1089.78,341.8,Flat,Main_0_2399
2219,RegionC,669.01,0.0,0.5278,1089.78,351.93,Flat,Main_0_2399
2219,RegionD,429.36,334.9,0.4031,1089.78,235.134667,Flat,Main_0_2399
2219,RegionE,379.44,295.96,0.2111,1089.78,306.798667,Flat,Main_0_2399
2219,RegionF,399.41,311.54,0.2495,1089.78,300.418333,Flat,Main_0_2399
2220,RegionA,719.09,0.0,0.5902,1059.81,342.239333,Flat,Main_0_2399
2220,RegionB,689.13,0.0,0.5521,1059.81,319.608,Flat,Main_0_2399
2220,RegionC,669.15,0.0,0.5236,1059.81,311.902,Flat,Main_0_2399
2220,RegionD,429.46,334.98,0.3998,1059.81,211.126667,Flat,Main_0_2399
2220,RegionE,379.52,296.03,0.2094,1059.81,264.675,Flat,Main_0_2399
2220,RegionF,399.49,311.6,0.2475,1059.81,248.762667,Flat,Main_0_2399
2221,RegionA,719.23,0.0,0.5887,1012.13,312.164,Flat,Main_0_2399
2221,RegionB,689.26,0.0,0.5507,1012.13,306.885333,Flat,Main_0_2399
2221,RegionC,669.28,0.0,0.5222,1012.13,320.614333,Flat,Main_0_2399
2221,RegionD,429.54,335.04,0.3988,1012.13,215.904667,Flat,Main_0_2399
2221,RegionE,379.59,296.08,0.2089,1012.13,232.984333,Flat,Main_0_2399
2221,RegionF,399.57,311.66,0.2469,1012.13,263.198,Flat,Main_0_2399
2222,RegionA,719.36,0.0,0.5905,950.0,301.14,Flat,Main_0_2399
2222,RegionB,689.38,0.0,0.5524,950.0,303.373333,Flat,Main_0_2399
2222,RegionC,669.4,0.0,0.5238,950.0,290.712667,Flat,Main_0_2399
2222,RegionD,429.62,335.1,0.4,950.0,166.195333,Flat,Main_0_2399
2222,RegionE,379.66,296.13,0.2095,950.0,237.701667,Flat,Main_0_2399
2222,RegionF,399.64,311.72,0.2476,950.0,243.722667,Flat,Main_0_2399
2223,RegionA,719.47,0.0,0.5955,877.65,249.932333,Flat,Main_0_2399
2223,RegionB,689.49,0.0,0.5571,877.65,269.325,Flat,Main_0_2399
2223,RegionC,669.51,0.0,0.5283,877.65,281.542333,Flat,Main_0_2399
2223,RegionD,429.68,335.15,0.4034,877.65,153.160333,Flat,Main_0_2399
2223,RegionE,379.72,296.18,0.2113,877.65,202.707667,Flat,Main_0_2399
2223,RegionF,399.7,311.77,0.2497,877.65,233.366,Flat,Main_0_2399
2224,RegionA,719.56,0.0,0.6035,800.0,244.911333,Flat,Main_0_2399
2224,RegionB,689.58,0.0,0.5645,800.0,253.793667,Flat,Main_0_2399
2224,RegionC,669.6,0.0,0.5353,800.0,233.415,Flat,Main_0_2399
2224,RegionD,429.74,335.2,0.4088,800.0,110.087667,Flat,Main_0_2399
2224,RegionE,379.77,296.22,0.2141,800.0,156.51,Flat,Main_0_2399
2224,RegionF,399.76,311.81,0.2531,800.0,190.19,Flat,Main_0_2399
2225,RegionA,1043.49,0.0,0.6138,722.35,204.982667,Peak,Main_0_2399
2225,RegionB,1000.01,0.0,0.5742,722.35,227.426,Peak,Main_0_2399
2225,RegionC,971.02,0.0,0.5445,722.35,203.216,Peak,Main_0_2399
2225,RegionD,623.19,486.09,0.4158,722.35,101.550667,Peak,Main_0_2399
2225,RegionE,550.73,429.57,0.2178,722.35,183.716,Peak,Main_0_2399
2225,RegionF,579.72,452.18,0.2574,722.35,147.013333,Peak,Main_0_2399
2226,RegionA,1043.58,0.0,0.6258,650.0,218.229667,Peak,Main_0_2399
2226,RegionB,1000.1,0.0,0.5854,650.0,207.953333,Peak,Main_0_2399
2226,RegionC,971.11,0.0,0.5551,650.0,212.764,Peak,Main_0_2399
2226,RegionD,623.25,486.13,0.4239,650.0,76.725,Peak,Main_0_2399
2226,RegionE,550.78,429.61,0.222,650.0,186.230667,Peak,Main_0_2399
2226,RegionF,579.77,452.22,0.2624,650.0,134.399333,Peak,Main_0_2399
2227,RegionA,1043.66,0.0,0.6386,587.87,227.075333,Peak,Main_0_2399
2227,RegionB,1000.17,0.0,0.5974,587.87,228.216,Peak,Main_0_2399
2227,RegionC,971.18,0.0,0.5665,587.87,216.926667,Peak,Main_0_2399
2227,RegionD,623.3,486.17,0.4326,587.87,117.808,Peak,Main_0_2399
2227,RegionE,550.82,429.64,0.2266,587.87,238.584,Peak,Main_0_2399
2227,RegionF,579.81,452.25,0.2678,587.87,170.595667,Peak,Main_0_2399
2228,RegionA,1043.71,0.0,0.6514,540.19,237.278667,Peak,Main_0_2399
2228,RegionB,1000.22,0.0,0.6094,540.19,195.215333,Peak,Main_0_2399
2228,RegionC,971.23,0.0,0.5778,540.19,229.756667,Peak,Main_0_2399
2228,RegionD,623.33,486.2,0.4413,540.19,123.742333,Peak,Main_0_2399
2228,RegionE,550.85,429.66,0.2311,540.19,226.208667,Peak,Main_0_2399
2228,RegionF,579.84,452.28,0.2732,540.19,175.848667,Peak,Main_0_2399
2229,RegionA,1043.74,0.0,0.6633,510.22,262.162333,Peak,Main_0_2399
2229,RegionB,1000.26,0.0,0.6205,510.22,240.47,Peak,Main_0_2399
2229,RegionC,971.26,0.0,0.5884,510.22,201.139333,Peak,Main_0_2399
2229,RegionD,623.35,486.21,0.4493,510.22,177.550667,Peak,Main_0_2399
2229,RegionE,550.87,429.68,0.2354,510.22,225.290667,Peak,Main_0_2399
2229,RegionF,579.86,452.29,0.2782,510.22,182.498667,Peak,Main_0_2399
2230,RegionA,647.85,0.0,0.6735,500.0,287.565667,Flat,Main_0_2399
2230,RegionB,620.85,0.0,0.63,500.0,238.165333,Flat,Main_0_2399
2230,RegionC,602.86,0.0,0.5974,500.0,257.026333,Flat,Main_0_2399
2230,RegionD,386.91,301.79,0.4562,500.0,210.554,Flat,Main_0_2399
2230,RegionE,341.92,266.7,0.239,500.0,260.26,Flat,Main_0_2399
2230,RegionF,359.92,280.74,0.2824,500.0,202.224667,Flat,Main_0_2399
2231,RegionA,647.84,0.0,0.6812,510.22,291.006,Flat,Main_0_2399
2231,RegionB,620.85,0.0,0.6373,510.22,314.424,Flat,Main_0_2399
2231,RegionC,602.85,0.0,0.6043,510.22,268.727667,Flat,Main_0_2399
2231,RegionD,386.9,301.78,0.4615,510.22,270.316333,Flat,Main_0_2399
2231,RegionE,341.92,266.7,0.2417,510.22,295.889667,Flat,Main_0_2399
2231,RegionF,359.91,280.73,0.2857,510.22,235.78,Flat,Main_0_2399
2232,RegionA,467.87,0.0,0.686,540.19,369.424,Valley,Main_0_2399
2232,RegionB,448.38,0.0,0.6418,540.19,340.423333,Valley,Main_0_2399
2232,RegionC,435.38,0.0,0.6086,540.19,357.726,Valley,Main_0_2399
2232,RegionD,279.42,217.95,0.4647,540.19,297.584,Valley,Main_0_2399
2232,RegionE,246.93,192.61,0.2434,540.19,321.232,Valley,Main_0_2399
2232,RegionF,259.93,202.75,0.2877,540.19,212.93,Valley,Main_0_2399
2233,RegionA,467.85,0.0,0.6876,587.87,367.176,Valley,Main_0_2399
2233,RegionB,448.35,0.0,0.6432,587.87,326.302,Valley,Main_0_2399
2233,RegionC,435.36,0.0,0.6099,587.87,377.779333,Valley,Main_0_2399
2233,RegionD,279.41,217.94,0.4658,587.87,340.737333,Valley,Main_0_2399
2233,RegionE,246.92,192.6,0.244,587.87,352.424,Valley,Main_0_2399
2233,RegionF,259.91,202.73,0.2883,587.87,277.657333,Valley,Main_0_2399
2234,RegionA,467.81,0.0,0.6857,650.0,379.914667,Valley,Main_0_2399
2234,RegionB,448.32,0.0,0.6414,650.0,382.506667,Valley,Main_0_2399
2234,RegionC,435.32,0.0,0.6083,650.0,369.259333,Valley,Main_0_2399
2234,RegionD,279.39,217.92,0.4645,650.0,317.928333,Valley,Main_0_2399
2234,RegionE,246.9,192.58,0.2433,650.0,325.38,Valley,Main_0_2399
2234,RegionF,259.9,202.72,0.2875,650.0,345.515,Valley,Main_0_2399
2235,RegionA,467.77,0.0,0.6805,722.35,381.018667,Valley,Main_0_2399
2235,RegionB,448.28,0.0,0.6366,722.35,380.930667,Valley,Main_0_2399
2235,RegionC,435.28,0.0,0.6037,722.35,368.337333,Valley,Main_0_2399
2235,RegionD,279.36,217.9,0.461,722.35,358.247333,Valley,Main_0_2399
2235,RegionE,246.88,192.57,0.2415,722.35,350.28,Valley,Main_0_2399
2235,RegionF,259.87,202.7,0.2854,722.35,365.348667,Valley,Main_0_2399
2236,RegionA,467.72,0.0,0.6724,800.0,377.896667,Valley,Main_0_2399
2236,RegionB,448.23,0.0,0.629,800.0,362.155,Valley,Main_0_2399
2236,RegionC,435.24,0.0,0.5965,800.0,369.553,Valley,Main_0_2399
2236,RegionD,279.33,217.88,0.4555,800.0,374.848667,Valley,Main_0_2399
2236,RegionE,246.85,192.54,0.2386,800.0,412.568,Valley,Main_0_2399
2236,RegionF,259.84,202.68,0.282,800.0,371.246333,Valley,Main_0_2399
2237,RegionA,467.65,0.0,0.6618,877.65,381.589333,Valley,Main_0_2399
2237,RegionB,448.17,0.0,0.6191,877.65,364.58,Valley,Main_0_2399
2237,RegionC,435.18,0.0,0.5871,877.65,372.145,Valley,Main_0_2399
2237,RegionD,279.29,217.85,0.4483,877.65,394.663,Valley,Main_0_2399
2237,RegionE,246.82,192.52,0.2348,877.65,431.34,Valley,Main_0_2399
2237,RegionF,259.81,202.65,0.2775,877.65,358.72,Valley,Main_0_2399
2238,RegionA,467.58,0.0,0.6496,950.0,391.284,Valley,Main_0_2399
2238,RegionB,448.1,0.0,0.6077,950.0,364.728,Valley,Main_0_2399
2238,RegionC,435.11,0.0,0.5763,950.0,359.888,Valley,Main_0_2399
2238,RegionD,279.25,217.81,0.44,950.0,378.444,Valley,Main_0_2399
2238,RegionE,246.78,192.49,0.2305,950.0,412.9,Valley,Main_0_2399
2238,RegionF,259.77,202.62,0.2724,950.0,413.572333,Valley,Main_0_2399
2239,RegionA,719.24,0.0,0.6364,1012.13,385.272667,Flat,Main_0_2399
2239,RegionB,689.27,0.0,0.5954,1012.13,363.874,Flat,Main_0_2399
2239,RegionC,669.29,0.0,0.5646,1012.13,366.407667,Flat,Main_0_2399
2239,RegionD,429.55,335.05,0.4311,1012.13,337.88,Flat,Main_0_2399
2239,RegionE,379.6,296.09,0.2258,1012.13,389.931333,Flat,Main_0_2399
2239,RegionF,399.58,311.67,0.2669,1012.13,408.11,Flat,Main_0_2399
2240,RegionA,719.1,0.0,0.6233,1059.81,386.124333,Flat,Main_0_2399
2240,RegionB,689.14,0.0,0.5831,1059.81,364.255,Flat,Main_0_2399
2240,RegionC,669.17,0.0,0.5529,1059.81,368.74,Flat,Main_0_2399
2240,RegionD,429.46,334.98,0.4222,1059.81,313.627333,Flat,Main_0_2399
2240,RegionE,379.53,296.03,0.2212,1059.81,331.410667,Flat,Main_0_2399
2240,RegionF,399.5,311.61,0.2614,1059.81,432.026667,Flat,Main_0_2399
2241,RegionA,718.96,0.0,0.6109,1089.78,370.317333,Flat,Main_0_2399
2241,RegionB,689.0,0.0,0.5715,1089.78,372.749667,Flat,Main_0_2399
2241,RegionC,669.03,0.0,0.542,1089.78,368.88,Flat,Main_0_2399
2241,RegionD,429.38,334.92,0.4139,1089.78,377.298333,Flat,Main_0_2399
2241,RegionE,379.45,295.97,0.2168,1089.78,335.934667,Flat,Main_0_2399
2241,RegionF,399.42,311.55,0.2562,1089.78,405.48,Flat,Main_0_2399
2242,RegionA,718.79,0.0,0.6003,1100.0,378.852667,Flat,Main_0_2399
2242,RegionB,688.84,0.0,0.5616,1100.0,376.697333,Flat,Main_0_2399
2242,RegionC,668.88,0.0,0.5325,1100.0,366.78,Flat,Main_0_2399
2242,RegionD,429.28,334.84,0.4067,1100.0,310.084,Flat,Main_0_2399
2242,RegionE,379.36,295.9,0.213,1100.0,344.398667,Flat,Main_0_2399
2242,RegionF,399.33,311.48,0.2517,1100.0,357.876,Flat,Main_0_2399
2243,RegionA,718.62,0.0,0.592,1089.78,368.861333,Flat,Main_0_2399
2243,RegionB,688.68,0.0,0.5538,1089.78,356.9,Flat,Main_0_2399
2243,RegionC,668.72,0.0,0.5252,1089.78,351.112667,Flat,Main_0_2399
2243,RegionD,429.18,334.76,0.401,1089.78,324.769333,Flat,Main_0_2399
2243,RegionE,379.27,295.83,0.2101,1089.78,343.304667,Flat,Main_0_2399
2243,RegionF,399.23,311.4,0.2483,1089.78,343.604,Flat,Main_0_2399
2244,RegionA,718.44,0.0,0.5866,1059.81,319.508667,Flat,Main_0_2399
2244,RegionB,688.5,0.0,0.5488,1059.81,336.869,Flat,Main_0_2399
2244,RegionC,668.54,0.0,0.5204,1059.81,348.774,Flat,Main_0_2399
2244,RegionD,429.07,334.67,0.3974,1059.81,304.541667,Flat,Main_0_2399
2244,RegionE,379.17,295.75,0.2082,1059.81,310.271667,Flat,Main_0_2399
2244,RegionF,399.13,311.32,0.246,1059.81,292.579333,Flat,Main_0_2399
2245,RegionA,718.24,0.0,0.5845,1012.13,309.560667,Flat,Main_0_2399
2245,RegionB,688.31,0.0,0.5468,1012.13,319.323,Flat,Main_0_2399
2245,RegionC,668.36,0.0,0.5185,1012.13,330.744,Flat,Main_0_2399
2245,RegionD,428.95,334.58,0.396,1012.13,280.467333,Flat,Main_0_2399
2245,RegionE,379.07,295.67,0.2074,1012.13,293.166,Flat,Main_0_2399
2245,RegionF,399.02,311.24,0.2451,1012.13,239.678667,Flat,Main_0_2399
2246,RegionA,718.03,0.0,0.5857,950.0,270.574333,Flat,Main_0_2399
2246,RegionB,688.11,0.0,0.5479,950.0,280.204333,Flat,Main_0_2399
2246,RegionC,668.17,0.0,0.5196,950.0,298.919667,Flat,Main_0_2399
2246,RegionD,428.82,334.48,0.3968,950.0,212.707,Flat,Main_0_2399
2246,RegionE,378.96,295.59,0.2078,950.0,254.55,Flat,Main_0_2399
2246,RegionF,398.91,311.15,0.2456,950.0,263.209,Flat,Main_0_2399
2247,RegionA,717.81,0.0,0.5902,877.65,243.606667,Flat,Main_0_2399
2247,RegionB,687.9,0.0,0.5521,877.65,242.884,Flat,Main_0_2399
2247,RegionC,667.96,0.0,0.5236,877.65,267.164,Flat,Main_0_2399
2247,RegionD,428.69,334.38,0.3998,877.65,174.586667,Flat,Main_0_2399
2247,RegionE,378.84,295.5,0.2094,877.65,227.176667,Flat,Main_0_2399
2247,RegionF,398.78,311.05,0.2475,877.65,239.380667,Flat,Main_0_2399
2248,RegionA,717.58,0.0,0.5976,800.0,238.342333,Flat,Main_0_2399
2248,RegionB,687.68,0.0,0.559,800.0,244.718,Flat,Main_0_2399
2248,RegionC,667.75,0.0,0.5301,800.0,226.607333,Flat,Main_0_2399
2248,RegionD,428.56,334.28,0.4048,800.0,172.522333,Flat,Main_0_2399
2248,RegionE,378.72,295.4,0.212,800.0,207.082,Flat,Main_0_2399
2248,RegionF,398.66,310.95,0.2506,800.0,202.444667,Flat,Main_0_2399
2249,RegionA,1040.14,0.0,0.6073,722.35,202.662,Peak,Main_0_2399
2249,RegionB,996.8,0.0,0.5681,722.35,222.756,Peak,Main_0_2399
2249,RegionC,967.91,0.0,0.5388,722.35,200.403333,Peak,Main_0_2399
2249,RegionD,621.2,484.54,0.4114,722.35,144.459667,Peak,Main_0_2399
2249,RegionE,548.96,428.19,0.2155,722.35,182.23,Peak,Main_0_2399
2249,RegionF,577.86,450.73,0.2547,722.35,179.212667,Peak,Main_0_2399
2250,RegionA,1039.78,0.0,0.6188,650.0,229.554,Peak,Main_0_2399
2250,RegionB,996.46,0.0,0.5788,650.0,215.273,Peak,Main_0_2399
2250,RegionC,967.57,0.0,0.5489,650.0,198.331667,Peak,Main_0_2399
2250,RegionD,620.98,484.36,0.4192,650.0,150.732,Peak,Main_0_2399
2250,RegionE,548.77,428.04,0.2196,650.0,181.645333,Peak,Main_0_2399
2250,RegionF,577.66,450.57,0.2595,650.0,158.809333,Peak,Main_0_2399
2251,RegionA,1039.4,0.0,0.631,587.87,232.956667,Peak,Main_0_2399
2251,RegionB,996.1,0.0,0.5903,587.87,231.628333,Peak,Main_0_2399
2251,RegionC,967.22,0.0,0.5598,587.87,209.964667,Peak,Main_0_2399
2251,RegionD,620.76,484.19,0.4275,587.87,205.295333,Peak,Main_0_2399
2251,RegionE,548.57,427.88,0.2239,587.87,193.53,Peak,Main_0_2399
2251,RegionF,577.45,450.41,0.2646,587.87,172.478,Peak,Main_0_2399
2252,RegionA,1039.02,0.0,0.6433,540.19,202.239333,Peak,Main_0_2399
2252,RegionB,995.72,0.0,0.6018,540.19,219.177333,Peak,Main_0_2399
2252,RegionC,966.86,0.0,0.5707,540.19,208.395333,Peak,Main_0_2399
2252,RegionD,620.52,484.01,0.4358,540.19,213.1,Peak,Main_0_2399
2252,RegionE,548.37,427.73,0.2283,540.19,213.64,Peak,Main_0_2399
2252,RegionF,577.23,450.24,0.2698,540.19,177.452667,Peak,Main_0_2399
2253,RegionA,1038.61,0.0,0.6547,510.22,238.154667,Peak,Main_0_2399
2253,RegionB,995.34,0.0,0.6125,510.22,256.16,Peak,Main_0_2399
2253,RegionC,966.49,0.0,0.5808,510.22,242.282333,Peak,Main_0_2399
2253,RegionD,620.28,483.82,0.4435,510.22,223.230667,Peak,Main_0_2399
2253,RegionE,548.16,427.56,0.2323,510.22,208.593333,Peak,Main_0_2399
2253,RegionF,577.01,450.07,0.2745,510.22,206.594,Peak,Main_0_2399
2254,RegionA,644.4,0.0,0.6644,500.0,255.997,Flat,Main_0_2399
2254,RegionB,617.55,0.0,0.6215,500.0,279.37,Flat,Main_0_2399
2254,RegionC,599.65,0.0,0.5894,500.0,285.042333,Flat,Main_0_2399
2254,RegionD,384.85,300.18,0.4501,500.0,231.058667,Flat,Main_0_2399
2254,RegionE,340.1,265.28,0.2357,500.0,278.322,Flat,Main_0_2399
2254,RegionF,358.0,279.24,0.2786,500.0,281.262667,Flat,Main_0_2399
2255,RegionA,644.14,0.0,0.6716,510.22,281.983,Flat,Main_0_2399
2255,RegionB,617.3,0.0,0.6283,510.22,286.387333,Flat,Main_0_2399
2255,RegionC,599.41,0.0,0.5958,510.22,330.294,Flat,Main_0_2399
2255,RegionD,384.69,300.06,0.455,510.22,203.246,Flat,Main_0_2399
2255,RegionE,339.96,265.17,0.2383,510.22,297.81,Flat,Main_0_2399
2255,RegionF,357.85,279.12,0.2817,510.22,259.29,Flat,Main_0_2399
2256,RegionA,465.02,0.0,0.676,540.19,283.414,Valley,Main_0_2399
2256,RegionB,445.64,0.0,0.6324,540.19,313.065333,Valley,Main_0_2399
2256,RegionC,432.72,0.0,0.5997,540.19,326.867333,Valley,Main_0_2399
2256,RegionD,277.72,216.62,0.4579,540.19,246.982667,Valley,Main_0_2399
2256,RegionE,245.43,191.44,0.2399,540.19,302.83,Valley,Main_0_2399
2256,RegionF,258.34,201.51,0.2835,540.19,312.775,Valley,Main_0_2399
2257,RegionA,464.82,0.0,0.677,587.87,270.019333,Valley,Main_0_2399
2257,RegionB,445.45,0.0,0.6334,587.87,386.1,Valley,Main_0_2399
2257,RegionC,432.54,0.0,0.6006,587.87,355.018,Valley,Main_0_2399
2257,RegionD,277.6,216.53,0.4586,587.87,306.722,Valley,Main_0_2399
2257,RegionE,245.32,191.35,0.2402,587.87,331.353333,Valley,Main_0_2399
2257,RegionF,258.23,201.42,0.2839,587.87,362.180667,Valley,Main_0_2399
2258,RegionA,464.61,0.0,0.6747,650.0,320.834,Valley,Main_0_2399
2258,RegionB,445.26,0.0,0.6312,650.0,388.079667,Valley,Main_0_2399
2258,RegionC,432.35,0.0,0.5985,650.0,352.944667,Valley,Main_0_2399
2258,RegionD,277.48,216.43,0.4571,650.0,337.728667,Valley,Main_0_2399
2258,RegionE,245.21,191.26,0.2394,650.0,363.268,Valley,Main_0_2399
2258,RegionF,258.12,201.33,0.2829,650.0,345.236667,Valley,Main_0_2399
2259,RegionA,464.41,0.0,0.6691,722.35,353.962667,Valley,Main_0_2399
2259,RegionB,445.06,0.0,0.6259,722.35,374.619,Valley,Main_0_2399
2259,RegionC,432.16,0.0,0.5936,722.35,364.632,Valley,Main_0_2399
2259,RegionD,277.36,216.34,0.4533,722.35,312.307,Valley,Main_0_2399
2259,RegionE,245.1,191.18,0.2374,722.35,377.941333,Valley,Main_0_2399
2259,RegionF,258.0,201.24,0.2806,722.35,405.448,Valley,Main_0_2399
2260,RegionA,464.2,0.0,0.6606,800.0,358.562333,Valley,Main_0_2399
2260,RegionB,444.86,0.0,0.6179,800.0,371.186667,Valley,Main_0_2399
2260,RegionC,431.96,0.0,0.586,800.0,367.289333,Valley,Main_0_2399
2260,RegionD,277.23,216.24,0.4475,800.0,272.01,Valley,Main_0_2399
2260,RegionE,244.99,191.09,0.2344,800.0,380.499333,Valley,Main_0_2399
2260,RegionF,257.89,201.15,0.277,800.0,398.12,Valley,Main_0_2399
2261,RegionA,463.99,0.0,0.6496,877.65,382.670667,Valley,Main_0_2399
2261,RegionB,444.65,0.0,0.6077,877.65,369.56,Valley,Main_0_2399
2261,RegionC,431.77,0.0,0.5763,877.65,361.193,Valley,Main_0_2399
2261,RegionD,277.1,216.14,0.4401,877.65,253.71,Valley,Main_0_2399
2261,RegionE,244.88,191.01,0.2305,877.65,384.233,Valley,Main_0_2399
2261,RegionF,257.77,201.06,0.2724,877.65,407.946667,Valley,Main_0_2399
2262,RegionA,463.77,0.0,0.637,950.0,392.927,Valley,Main_0_2399
2262,RegionB,444.45,0.0,0.5959,950.0,366.645333,Valley,Main_0_2399
2262,RegionC,431.57,0.0,0.5651,950.0,352.216,Valley,Main_0_2399
2262,RegionD,276.98,216.04,0.4315,950.0,306.871,Valley,Main_0_2399
2262,RegionE,244.77,190.92,0.226,950.0,401.180333,Valley,Main_0_2399
2262,RegionF,257.65,200.97,0.2671,950.0,447.262333,Valley,Main_0_2399
2263,RegionA,713.16,0.0,0.6235,1012.13,380.104333,Flat,Main_0_2399
2263,RegionB,683.45,0.0,0.5832,1012.13,380.560667,Flat,Main_0_2399
2263,RegionC,663.64,0.0,0.5531,1012.13,358.746667,Flat,Main_0_2399
2263,RegionD,425.92,332.22,0.4223,1012.13,288.907667,Flat,Main_0_2399
2263,RegionE,376.39,293.58,0.2212,1012.13,388.269667,Flat,Main_0_2399
2263,RegionF,396.2,309.04,0.2615,1012.13,395.65,Flat,Main_0_2399
2264,RegionA,712.83,0.0,0.6099,1059.81,379.141,Flat,Main_0_2399
2264,RegionB,683.12,0.0,0.5706,1059.81,379.333333,Flat,Main_0_2399
2264,RegionC,663.32,0.0,0.5411,1059.81,368.832,Flat,Main_0_2399
2264,RegionD,425.72,332.06,0.4132,1059.81,339.148667,Flat,Main_0_2399
2264,RegionE,376.21,293.44,0.2164,1059.81,376.811333,Flat,Main_0_2399
2264,RegionF,396.01,308.89,0.2558,1059.81,395.216,Flat,Main_0_2399
2265,RegionA,712.49,0.0,0.5973,1089.78,389.453333,Flat,Main_0_2399
2265,RegionB,682.8,0.0,0.5587,1089.78,379.215333,Flat,Main_0_2399
2265,RegionC,663.01,0.0,0.5298,1089.78,369.26,Flat,Main_0_2399
2265,RegionD,425.51,331.9,0.4046,1089.78,320.76,Flat,Main_0_2399
2265,RegionE,376.03,293.3,0.2119,1089.78,425.392667,Flat,Main_0_2399
2265,RegionF,395.83,308.75,0.2505,1089.78,368.238667,Flat,Main_0_2399
2266,RegionA,712.15,0.0,0.5863,1100.0,388.818667,Flat,Main_0_2399
2266,RegionB,682.47,0.0,0.5485,1100.0,372.55,Flat,Main_0_2399
2266,RegionC,662.69,0.0,0.5201,1100.0,359.35,Flat,Main_0_2399
2266,RegionD,425.31,331.74,0.3972,1100.0,321.068667,Flat,Main_0_2399
2266,RegionE,375.86,293.17,0.208,1100.0,335.401667,Flat,Main_0_2399
2266,RegionF,395.64,308.6,0.2459,1100.0,355.885,Flat,Main_0_2399
2267,RegionA,711.81,0.0,0.5777,1089.78,374.217,Flat,Main_0_2399
2267,RegionB,682.15,0.0,0.5405,1089.78,378.904,Flat,Main_0_2399
2267,RegionC,662.37,0.0,0.5125,1089.78,362.609667,Flat,Main_0_2399
2267,RegionD,425.11,331.59,0.3914,1089.78,277.645333,Flat,Main_0_2399
2267,RegionE,375.68,293.03,0.205,1089.78,231.800667,Flat,Main_0_2399
2267,RegionF,395.45,308.45,0.2423,1089.78,336.162,Flat,Main_0_2399
2268,RegionA,711.46,0.0,0.5721,1059.81,330.753,Flat,Main_0_2399
2268,RegionB,681.82,0.0,0.5352,1059.81,314.9,Flat,Main_0_2399
2268,RegionC,662.06,0.0,0.5075,1059.81,349.724,Flat,Main_0_2399
2268,RegionD,424.9,331.42,0.3875,1059.81,249.774,Flat,Main_0_2399
2268,RegionE,375.49,292.88,0.203,1059.81,236.667667,Flat,Main_0_2399
2268,RegionF,395.26,308.3,0.2399,1059.81,275.523333,Flat,Main_0_2399
2269,RegionA,711.12,0.0,0.5697,1012.13,306.864,Flat,Main_0_2399
2269,RegionB,681.49,0.0,0.5329,1012.13,321.863,Flat,Main_0_2399
2269,RegionC,661.74,0.0,0.5054,1012.13,319.649,Flat,Main_0_2399
2269,RegionD,424.7,331.27,0.3859,1012.13,300.051333,Flat,Main_0_2399
2269,RegionE,375.31,292.74,0.2022,1012.13,244.148667,Flat,Main_0_2399
2269,RegionF,395.07,308.15,0.2389,1012.13,314.37,Flat,Main_0_2399
2270,RegionA,710.78,0.0,0.5707,950.0,288.555,Flat,Main_0_2399
2270,RegionB,681.17,0.0,0.5339,950.0,285.314667,Flat,Main_0_2399
2270,RegionC,661.42,0.0,0.5063,950.0,302.153667,Flat,Main_0_2399
2270,RegionD,424.49,331.1,0.3866,950.0,275.210667,Flat,Main_0_2399
2270,RegionE,375.13,292.6,0.2025,950.0,226.214,Flat,Main_0_2399
2270,RegionF,394.88,308.01,0.2393,950.0,253.440333,Flat,Main_0_2399
2271,RegionA,710.44,0.0,0.575,877.65,273.981333,Flat,Main_0_2399
2271,RegionB,680.84,0.0,0.5379,877.65,246.943667,Flat,Main_0_2399
2271,RegionC,661.1,0.0,0.51,877.65,266.125,Flat,Main_0_2399
2271,RegionD,424.29,330.95,0.3895,877.65,258.561667,Flat,Main_0_2399
2271,RegionE,374.96,292.47,0.204,877.65,204.303,Flat,Main_0_2399
2271,RegionF,394.69,307.86,0.2411,877.65,257.175667,Flat,Main_0_2399
2272,RegionA,710.1,0.0,0.5822,800.0,255.784333,Flat,Main_0_2399
2272,RegionB,680.52,0.0,0.5446,800.0,216.039333,Flat,Main_0_2399
2272,RegionC,660.79,0.0,0.5164,800.0,219.968,Flat,Main_0_2399
2272,RegionD,424.09,330.79,0.3944,800.0,202.302,Flat,Main_0_2399
2272,RegionE,374.78,292.33,0.2066,800.0,161.886,Flat,Main_0_2399
2272,RegionF,394.5,307.71,0.2441,800.0,224.06,Flat,Main_0_2399
2273,RegionA,1029.16,0.0,0.5917,722.35,225.173333,Peak,Main_0_2399
2273,RegionB,986.28,0.0,0.5536,722.35,166.775333,Peak,Main_0_2399
2273,RegionC,957.69,0.0,0.5249,722.35,224.452667,Peak,Main_0_2399
2273,RegionD,614.64,479.42,0.4009,722.35,198.151667,Peak,Main_0_2399
2273,RegionE,543.17,423.67,0.21,722.35,163.748,Peak,Main_0_2399
2273,RegionF,571.76,445.97,0.2481,722.35,211.446,Peak,Main_0_2399
2274,RegionA,1028.68,0.0,0.603,650.0,201.841333,Peak,Main_0_2399
2274,RegionB,985.82,0.0,0.5641,650.0,167.984,Peak,Main_0_2399
2274,RegionC,957.24,0.0,0.5349,650.0,206.406667,Peak,Main_0_2399
2274,RegionD,614.35,479.19,0.4085,650.0,170.146667,Peak,Main_0_2399
2274,RegionE,542.91,423.47,0.214,650.0,133.305667,Peak,Main_0_2399
2274,RegionF,571.49,445.76,0.2529,650.0,210.429333,Peak,Main_0_2399
2275,RegionA,1028.2,0.0,0.6152,587.87,184.412,Peak,Main_0_2399
2275,RegionB,985.36,0.0,0.5755,587.87,245.325,Peak,Main_0_2399
2275,RegionC,956.8,0.0,0.5457,587.87,208.951,Peak,Main_0_2399
2275,RegionD,614.06,478.97,0.4167,587.87,194.368,Peak,Main_0_2399
2275,RegionE,542.66,423.27,0.2183,587.87,192.915333,Peak,Main_0_2399
2275,RegionF,571.22,445.55,0.258,587.87,214.72,Peak,Main_0_2399
2276,RegionA,1027.73,0.0,0.6274,540.19,214.604,Peak,Main_0_2399
2276,RegionB,984.91,0.0,0.5869,540.19,226.247667,Peak,Main_0_2399
2276,RegionC,956.36,0.0,0.5565,540.19,241.38,Peak,Main_0_2399
2276,RegionD,613.78,478.75,0.425,540.19,168.4,Peak,Main_0_2399
2276,RegionE,542.41,423.08,0.2226,540.19,128.872,Peak,Main_0_2399
2276,RegionF,570.96,445.35,0.2631,540.19,230.34,Peak,Main_0_2399
2277,RegionA,1027.26,0.0,0.6387,510.22,224.438667,Peak,Main_0_2399
2277,RegionB,984.46,0.0,0.5975,510.22,236.006667,Peak,Main_0_2399
2277,RegionC,955.93,0.0,0.5666,510.22,249.374,Peak,Main_0_2399
2277,RegionD,613.5,478.53,0.4326,510.22,183.107667,Peak,Main_0_2399
2277,RegionE,542.17,422.89,0.2266,510.22,183.180667,Peak,Main_0_2399
2277,RegionF,570.7,445.15,0.2678,510.22,168.071,Peak,Main_0_2399
2278,RegionA,637.33,0.0,0.6483,500.0,257.653333,Flat,Main_0_2399
2278,RegionB,610.77,0.0,0.6065,500.0,265.085333,Flat,Main_0_2399
2278,RegionC,593.07,0.0,0.5751,500.0,266.943333,Flat,Main_0_2399
2278,RegionD,380.63,296.89,0.4392,500.0,203.729667,Flat,Main_0_2399
2278,RegionE,336.37,262.37,0.23,500.0,256.016667,Flat,Main_0_2399
2278,RegionF,354.07,276.17,0.2719,500.0,227.796,Flat,Main_0_2399
2279,RegionA,637.05,0.0,0.6555,510.22,267.128,Flat,Main_0_2399
2279,RegionB,610.5,0.0,0.6132,510.22,296.139,Flat,Main_0_2399
2279,RegionC,592.81,0.0,0.5815,510.22,304.397667,Flat,Main_0_2399
2279,RegionD,380.46,296.76,0.4441,510.22,185.958667,Flat,Main_0_2399
2279,RegionE,336.22,262.25,0.2326,510.22,233.696,Flat,Main_0_2399
2279,RegionF,353.92,276.06,0.2749,510.22,233.713333,Flat,Main_0_2399
2280,RegionA,459.89,0.0,0.6598,540.19,313.262,Valley,Main_0_2399
2280,RegionB,440.73,0.0,0.6173,540.19,317.865,Valley,Main_0_2399
2280,RegionC,427.96,0.0,0.5853,540.19,310.217,Valley,Main_0_2399
2280,RegionD,274.66,214.23,0.447,540.19,201.848667,Valley,Main_0_2399
2280,RegionE,242.72,189.32,0.2341,540.19,228.690667,Valley,Main_0_2399
2280,RegionF,255.5,199.29,0.2767,540.19,229.814,Valley,Main_0_2399
2281,RegionA,459.7,0.0,0.6609,587.87,335.726333,Valley,Main_0_2399
2281,RegionB,440.54,0.0,0.6183,587.87,312.227333,Valley,Main_0_2399
2281,RegionC,427.78,0.0,0.5863,587.87,359.726667,Valley,Main_0_2399
2281,RegionD,274.54,214.14,0.4477,587.87,262.084,Valley,Main_0_2399
2281,RegionE,242.62,189.24,0.2345,587.87,287.122333,Valley,Main_0_2399
2281,RegionF,255.39,199.2,0.2772,587.87,251.03,Valley,Main_0_2399
2282,RegionA,459.51,0.0,0.6586,650.0,370.778,Valley,Main_0_2399
2282,RegionB,440.36,0.0,0.6161,650.0,365.173667,Valley,Main_0_2399
2282,RegionC,427.6,0.0,0.5843,650.0,367.795667,Valley,Main_0_2399
2282,RegionD,274.43,214.06,0.4462,650.0,352.956667,Valley,Main_0_2399
2282,RegionE,242.52,189.17,0.2337,650.0,298.84,Valley,Main_0_2399
2282,RegionF,255.28,199.12,0.2762,650.0,258.567333,Valley,Main_0_2399
2283,RegionA,459.33,0.0,0.6531,722.35,394.032,Valley,Main_0_2399
2283,RegionB,440.19,0.0,0.6109,722.35,357.253333,Valley,Main_0_2399
2283,RegionC,427.43,0.0,0.5793,722.35,367.660667,Valley,Main_0_2399
2283,RegionD,274.32,213.97,0.4424,722.35,411.696667,Valley,Main_0_2399
2283,RegionE,242.42,189.09,0.2317,722.35,317.770667,Valley,Main_0_2399
2283,RegionF,255.18,199.04,0.2739,722.35,323.479333,Valley,Main_0_2399
2284,RegionA,459.15,0.0,0.6446,800.0,391.836,Valley,Main_0_2399
2284,RegionB,440.02,0.0,0.603,800.0,366.691667,Valley,Main_0_2399
2284,RegionC,427.26,0.0,0.5718,800.0,368.260667,Valley,Main_0_2399
2284,RegionD,274.21,213.88,0.4367,800.0,405.539333,Valley,Main_0_2399
2284,RegionE,242.33,189.02,0.2287,800.0,349.280667,Valley,Main_0_2399
2284,RegionF,255.08,198.96,0.2703,800.0,352.960667,Valley,Main_0_2399
2285,RegionA,458.97,0.0,0.6338,877.65,392.842,Valley,Main_0_2399
2285,RegionB,439.85,0.0,0.5929,877.65,380.837333,Valley,Main_0_2399
2285,RegionC,427.1,0.0,0.5622,877.65,378.874,Valley,Main_0_2399
2285,RegionD,274.11,213.81,0.4293,877.65,382.888333,Valley,Main_0_2399
2285,RegionE,242.24,188.95,0.2249,877.65,336.046667,Valley,Main_0_2399
2285,RegionF,254.99,198.89,0.2658,877.65,403.916333,Valley,Main_0_2399
2286,RegionA,458.81,0.0,0.6212,950.0,394.413333,Valley,Main_0_2399
2286,RegionB,439.69,0.0,0.5812,950.0,384.192667,Valley,Main_0_2399
2286,RegionC,426.95,0.0,0.5511,950.0,376.442667,Valley,Main_0_2399
2286,RegionD,274.01,213.73,0.4208,950.0,369.520667,Valley,Main_0_2399
2286,RegionE,242.15,188.88,0.2204,950.0,385.664,Valley,Main_0_2399
2286,RegionF,254.89,198.81,0.2605,950.0,452.538333,Valley,Main_0_2399
2287,RegionA,705.61,0.0,0.6079,1012.13,398.286667,Flat,Main_0_2399
2287,RegionB,676.21,0.0,0.5687,1012.13,385.101333,Flat,Main_0_2399
2287,RegionC,656.61,0.0,0.5392,1012.13,374.993333,Flat,Main_0_2399
2287,RegionD,421.41,328.7,0.4118,1012.13,379.686667,Flat,Main_0_2399
2287,RegionE,372.4,290.47,0.2157,1012.13,333.713,Flat,Main_0_2399
2287,RegionF,392.0,305.76,0.2549,1012.13,431.655,Flat,Main_0_2399
2288,RegionA,705.37,0.0,0.5945,1059.81,397.963667,Flat,Main_0_2399
2288,RegionB,675.98,0.0,0.5562,1059.81,386.122,Flat,Main_0_2399
2288,RegionC,656.39,0.0,0.5274,1059.81,378.190333,Flat,Main_0_2399
2288,RegionD,421.26,328.58,0.4027,1059.81,374.992,Flat,Main_0_2399
2288,RegionE,372.28,290.38,0.211,1059.81,344.323333,Flat,Main_0_2399
2288,RegionF,391.87,305.66,0.2493,1059.81,346.494,Flat,Main_0_2399
2289,RegionA,705.14,0.0,0.582,1089.78,399.638667,Flat,Main_0_2399
2289,RegionB,675.76,0.0,0.5445,1089.78,374.421,Flat,Main_0_2399
2289,RegionC,656.17,0.0,0.5163,1089.78,378.421,Flat,Main_0_2399
2289,RegionD,421.13,328.48,0.3943,1089.78,335.989333,Flat,Main_0_2399
2289,RegionE,372.16,290.28,0.2065,1089.78,330.060333,Flat,Main_0_2399
2289,RegionF,391.75,305.56,0.2441,1089.78,329.008667,Flat,Main_0_2399
2290,RegionA,704.93,0.0,0.5713,1100.0,395.779,Flat,Main_0_2399
2290,RegionB,675.55,0.0,0.5344,1100.0,378.279,Flat,Main_0_2399
2290,RegionC,655.97,0.0,0.5068,1100.0,378.817333,Flat,Main_0_2399
2290,RegionD,421.0,328.38,0.387,1100.0,324.79,Flat,Main_0_2399
2290,RegionE,372.04,290.19,0.2027,1100.0,365.62,Flat,Main_0_2399
2290,RegionF,391.63,305.47,0.2396,1100.0,320.530667,Flat,Main_0_2399
2291,RegionA,704.72,0.0,0.5629,1089.78,366.466667,Flat,Main_0_2399
2291,RegionB,675.36,0.0,0.5266,1089.78,379.210667,Flat,Main_0_2399
2291,RegionC,655.78,0.0,0.4994,1089.78,378.595,Flat,Main_0_2399
2291,RegionD,420.87,328.28,0.3814,1089.78,321.013333,Flat,Main_0_2399
2291,RegionE,371.94,290.11,0.1998,1089.78,301.062667,Flat,Main_0_2399
2291,RegionF,391.51,305.38,0.2361,1089.78,300.495333,Flat,Main_0_2399
2292,RegionA,704.53,0.0,0.5575,1059.81,340.839333,Flat,Main_0_2399
2292,RegionB,675.17,0.0,0.5216,1059.81,322.204667,Flat,Main_0_2399
2292,RegionC,655.6,0.0,0.4946,1059.81,340.790333,Flat,Main_0_2399
2292,RegionD,420.76,328.19,0.3777,1059.81,272.770667,Flat,Main_0_2399
2292,RegionE,371.83,290.03,0.1978,1059.81,307.953333,Flat,Main_0_2399
2292,RegionF,391.4,305.29,0.2338,1059.81,278.896333,Flat,Main_0_2399
2293,RegionA,704.34,0.0,0.5554,1012.13,328.051333,Flat,Main_0_2399
2293,RegionB,675.0,0.0,0.5196,1012.13,315.246667,Flat,Main_0_2399
2293,RegionC,655.43,0.0,0.4927,1012.13,345.194,Flat,Main_0_2399
2293,RegionD,420.65,328.11,0.3763,1012.13,253.031333,Flat,Main_0_2399
2293,RegionE,371.74,289.96,0.1971,1012.13,294.186,Flat,Main_0_2399
2293,RegionF,391.3,305.21,0.2329,1012.13,299.888333,Flat,Main_0_2399
2294,RegionA,704.17,0.0,0.5567,950.0,286.406,Flat,Main_0_2399
2294,RegionB,674.83,0.0,0.5208,950.0,308.457333,Flat,Main_0_2399
2294,RegionC,655.27,0.0,0.4939,950.0,302.857,Flat,Main_0_2399
2294,RegionD,420.55,328.03,0.3771,950.0,226.709333,Flat,Main_0_2399
2294,RegionE,371.65,289.89,0.1975,950.0,223.344333,Flat,Main_0_2399
2294,RegionF,391.21,305.14,0.2335,950.0,256.140667,Flat,Main_0_2399
2295,RegionA,704.02,0.0,0.5613,877.65,244.948333,Flat,Main_0_2399
2295,RegionB,674.68,0.0,0.5251,877.65,265.304,Flat,Main_0_2399
2295,RegionC,655.13,0.0,0.4979,877.65,269.192,Flat,Main_0_2399
2295,RegionD,420.45,327.95,0.3802,877.65,163.554,Flat,Main_0_2399
2295,RegionE,371.56,289.82,0.1992,877.65,167.412667,Flat,Main_0_2399
2295,RegionF,391.12,305.07,0.2354,877.65,255.893333,Flat,Main_0_2399
2296,RegionA,703.87,0.0,0.5688,800.0,213.762,Flat,Main_0_2399
2296,RegionB,674.54,0.0,0.5321,800.0,221.686667,Flat,Main_0_2399
2296,RegionC,654.99,0.0,0.5046,800.0,259.198,Flat,Main_0_2399
2296,RegionD,420.37,327.89,0.3853,800.0,159.622,Flat,Main_0_2399
2296,RegionE,371.49,289.76,0.2018,800.0,161.374,Flat,Main_0_2399
2296,RegionF,391.04,305.01,0.2385,800.0,203.594,Flat,Main_0_2399
2297,RegionA,1020.42,0.0,0.5788,722.35,241.931667,Peak,Main_0_2399
2297,RegionB,977.9,0.0,0.5414,722.35,225.650667,Peak,Main_0_2399
2297,RegionC,949.56,0.0,0.5134,722.35,212.591333,Peak,Main_0_2399
2297,RegionD,609.42,475.35,0.3921,722.35,86.65,Peak,Main_0_2399
2297,RegionE,538.56,420.08,0.2054,722.35,127.687667,Peak,Main_0_2399
2297,RegionF,566.9,442.18,0.2427,722.35,159.994667,Peak,Main_0_2399
2298,RegionA,1020.25,0.0,0.5904,650.0,221.886,Peak,Main_0_2399
2298,RegionB,977.74,0.0,0.5523,650.0,236.368,Peak,Main_0_2399
2298,RegionC,949.4,0.0,0.5237,650.0,202.472,Peak,Main_0_2399
2298,RegionD,609.32,475.27,0.4,650.0,56.394,Peak,Main_0_2399
2298,RegionE,538.46,420.0,0.2095,650.0,147.983,Peak,Main_0_2399
2298,RegionF,566.8,442.1,0.2476,650.0,153.693333,Peak,Main_0_2399
2299,RegionA,1020.1,0.0,0.603,587.87,200.081667,Peak,Main_0_2399
2299,RegionB,977.59,0.0,0.5641,587.87,221.608,Peak,Main_0_2399
2299,RegionC,949.26,0.0,0.5349,587.87,228.843333,Peak,Main_0_2399
2299,RegionD,609.22,475.19,0.4085,587.87,128.014667,Peak,Main_0_2399
2299,RegionE,538.38,419.94,0.214,587.87,135.136,Peak,Main_0_2399
2299,RegionF,566.72,442.04,0.2529,587.87,172.543333,Peak,Main_0_2399
2300,RegionA,1019.97,0.0,0.6155,540.19,208.488667,Peak,Main_0_2399
2300,RegionB,977.47,0.0,0.5758,540.19,248.131333,Peak,Main_0_2399
2300,RegionC,949.13,0.0,0.546,540.19,218.51,Peak,Main_0_2399
2300,RegionD,609.15,475.14,0.417,540.19,159.220333,Peak,Main_0_2399
2300,RegionE,538.32,419.89,0.2184,540.19,184.573333,Peak,Main_0_2399
2300,RegionF,566.65,441.99,0.2581,540.19,115.995667,Peak,Main_0_2399
2301,RegionA,1019.85,0.0,0.6272,510.22,240.88,Peak,Main_0_2399
2301,RegionB,977.36,0.0,0.5868,510.22,257.628667,Peak,Main_0_2399
2301,RegionC,949.03,0.0,0.5564,510.22,246.861333,Peak,Main_0_2399
2301,RegionD,609.08,475.08,0.4249,510.22,163.536667,Peak,Main_0_2399
2301,RegionE,538.26,419.84,0.2226,510.22,213.71,Peak,Main_0_2399
2301,RegionF,566.59,441.94,0.263,510.22,183.578667,Peak,Main_0_2399
2302,RegionA,632.96,0.0,0.6373,500.0,301.127333,Flat,Main_0_2399
2302,RegionB,606.58,0.0,0.5962,500.0,282.876,Flat,Main_0_2399
2302,RegionC,589.0,0.0,0.5653,500.0,274.890667,Flat,Main_0_2399
2302,RegionD,378.02,294.86,0.4317,500.0,218.786,Flat,Main_0_2399
2302,RegionE,334.06,260.57,0.2261,500.0,227.908667,Flat,Main_0_2399
2302,RegionF,351.64,274.28,0.2673,500.0,193.650667,Flat,Main_0_2399
2303,RegionA,632.91,0.0,0.645,510.22,302.005333,Flat,Main_0_2399
2303,RegionB,606.54,0.0,0.6034,510.22,293.236333,Flat,Main_0_2399
2303,RegionC,588.96,0.0,0.5722,510.22,272.006667,Flat,Main_0_2399
2303,RegionD,377.99,294.83,0.4369,510.22,260.279333,Flat,Main_0_2399
2303,RegionE,334.04,260.55,0.2289,510.22,281.46,Flat,Main_0_2399
2303,RegionF,351.62,274.26,0.2705,510.22,219.689667,Flat,Main_0_2399
2304,RegionA,457.08,0.0,0.6498,540.19,337.02,Valley,Main_0_2399
2304,RegionB,438.04,0.0,0.6079,540.19,354.361333,Valley,Main_0_2399
2304,RegionC,425.34,0.0,0.5764,540.19,294.538667,Valley,Main_0_2399
2304,RegionD,272.98,212.92,0.4402,540.19,272.183333,Valley,Main_0_2399
2304,RegionE,241.24,188.17,0.2306,540.19,309.248667,Valley,Main_0_2399
2304,RegionF,253.93,198.07,0.2725,540.19,289.157333,Valley,Main_0_2399
2305,RegionA,457.07,0.0,0.6513,587.87,376.244667,Valley,Main_0_2399
2305,RegionB,438.03,0.0,0.6093,587.87,339.031333,Valley,Main_0_2399
2305,RegionC,425.33,0.0,0.5778,587.87,325.969,Valley,Main_0_2399
2305,RegionD,272.97,212.92,0.4412,587.87,298.942,Valley,Main_0_2399
2305,RegionE,241.23,188.16,0.2311,587.87,366.98,Valley,Main_0_2399
2305,RegionF,253.93,198.07,0.2731,587.87,359.013333,Valley,Main_0_2399
2306,RegionA,457.07,0.0,0.6495,650.0,370.437,Valley,Main_0_2399
2306,RegionB,438.02,0.0,0.6076,650.0,377.562667,Valley,Main_0_2399
2306,RegionC,425.33,0.0,0.5762,650.0,353.790667,Valley,Main_0_2399
2306,RegionD,272.97,212.92,0.44,650.0,330.824,Valley,Main_0_2399
2306,RegionE,241.23,188.16,0.2305,650.0,314.050667,Valley,Main_0_2399
2306,RegionF,253.93,198.07,0.2724,650.0,397.231333,Valley,Main_0_2399
2307,RegionA,457.08,0.0,0.6445,722.35,378.136,Valley,Main_0_2399
2307,RegionB,438.03,0.0,0.6029,722.35,378.478,Valley,Main_0_2399
2307,RegionC,425.33,0.0,0.5717,722.35,362.148,Valley,Main_0_2399
2307,RegionD,272.98,212.92,0.4366,722.35,327.269,Valley,Main_0_2399
2307,RegionE,241.23,188.16,0.2287,722.35,350.343333,Valley,Main_0_2399
2307,RegionF,253.93,198.07,0.2703,722.35,412.7,Valley,Main_0_2399
2308,RegionA,457.09,0.0,0.6365,800.0,395.850667,Valley,Main_0_2399
2308,RegionB,438.05,0.0,0.5955,800.0,384.82,Valley,Main_0_2399
2308,RegionC,425.35,0.0,0.5647,800.0,370.637333,Valley,Main_0_2399
2308,RegionD,272.99,212.93,0.4312,800.0,285.351667,Valley,Main_0_2399
2308,RegionE,241.24,188.17,0.2259,800.0,333.28,Valley,Main_0_2399
2308,RegionF,253.94,198.07,0.2669,800.0,407.259,Valley,Main_0_2399
2309,RegionA,457.12,0.0,0.6262,877.65,397.525333,Valley,Main_0_2399
2309,RegionB,438.07,0.0,0.5858,877.65,382.863333,Valley,Main_0_2399
2309,RegionC,425.37,0.0,0.5555,877.65,372.597333,Valley,Main_0_2399
2309,RegionD,273.0,212.94,0.4242,877.65,303.091333,Valley,Main_0_2399
2309,RegionE,241.26,188.18,0.2222,877.65,409.329333,Valley,Main_0_2399
2309,RegionF,253.96,198.09,0.2626,877.65,354.627,Valley,Main_0_2399
2310,RegionA,457.16,0.0,0.6142,950.0,391.086667,Valley,Main_0_2399
2310,RegionB,438.11,0.0,0.5746,950.0,383.984,Valley,Main_0_2399
2310,RegionC,425.41,0.0,0.5449,950.0,373.755667,Valley,Main_0_2399
2310,RegionD,273.02,212.96,0.4161,950.0,315.903333,Valley,Main_0_2399
2310,RegionE,241.28,188.2,0.218,950.0,447.785,Valley,Main_0_2399
2310,RegionF,253.98,198.1,0.2576,950.0,329.344,Valley,Main_0_2399
2311,RegionA,703.39,0.0,0.6014,1012.13,391.374667,Flat,Main_0_2399
2311,RegionB,674.08,0.0,0.5626,1012.13,386.301667,Flat,Main_0_2399
2311,RegionC,654.54,0.0,0.5335,1012.13,374.896,Flat,Main_0_2399
2311,RegionD,420.08,327.66,0.4074,1012.13,372.501,Flat,Main_0_2399
2311,RegionE,371.23,289.56,0.2134,1012.13,407.507333,Flat,Main_0_2399
2311,RegionF,390.77,304.8,0.2522,1012.13,365.776667,Flat,Main_0_2399
2312,RegionA,703.48,0.0,0.5886,1059.81,392.138667,Flat,Main_0_2399
2312,RegionB,674.16,0.0,0.5506,1059.81,367.539,Flat,Main_0_2399
2312,RegionC,654.62,0.0,0.5222,1059.81,371.32,Flat,Main_0_2399
2312,RegionD,420.13,327.7,0.3987,1059.81,362.903667,Flat,Main_0_2399
2312,RegionE,371.28,289.6,0.2089,1059.81,433.094,Flat,Main_0_2399
2312,RegionF,390.82,304.84,0.2468,1059.81,317.065333,Flat,Main_0_2399
2313,RegionA,703.58,0.0,0.5767,1089.78,391.69,Flat,Main_0_2399
2313,RegionB,674.26,0.0,0.5395,1089.78,368.385,Flat,Main_0_2399
2313,RegionC,654.72,0.0,0.5116,1089.78,373.504,Flat,Main_0_2399
2313,RegionD,420.19,327.75,0.3907,1089.78,381.955,Flat,Main_0_2399
2313,RegionE,371.33,289.64,0.2046,1089.78,384.693333,Flat,Main_0_2399
2313,RegionF,390.88,304.89,0.2418,1089.78,271.952667,Flat,Main_0_2399
2314,RegionA,703.69,0.0,0.5665,1100.0,385.345333,Flat,Main_0_2399
2314,RegionB,674.37,0.0,0.53,1100.0,371.181667,Flat,Main_0_2399
2314,RegionC,654.83,0.0,0.5026,1100.0,383.99,Flat,Main_0_2399
2314,RegionD,420.26,327.8,0.3838,1100.0,313.507333,Flat,Main_0_2399
2314,RegionE,371.39,289.68,0.201,1100.0,379.533333,Flat,Main_0_2399
2314,RegionF,390.94,304.93,0.2376,1100.0,234.373,Flat,Main_0_2399
2315,RegionA,703.83,0.0,0.5588,1089.78,356.366,Flat,Main_0_2399
2315,RegionB,674.5,0.0,0.5227,1089.78,358.533333,Flat,Main_0_2399
2315,RegionC,654.95,0.0,0.4957,1089.78,383.98,Flat,Main_0_2399
2315,RegionD,420.34,327.87,0.3785,1089.78,249.92,Flat,Main_0_2399
2315,RegionE,371.46,289.74,0.1983,1089.78,366.205333,Flat,Main_0_2399
2315,RegionF,391.01,304.99,0.2343,1089.78,265.306333,Flat,Main_0_2399
2316,RegionA,703.97,0.0,0.554,1059.81,334.419333,Flat,Main_0_2399
2316,RegionB,674.64,0.0,0.5182,1059.81,321.638,Flat,Main_0_2399
2316,RegionC,655.09,0.0,0.4914,1059.81,330.159,Flat,Main_0_2399
2316,RegionD,420.43,327.94,0.3753,1059.81,232.715,Flat,Main_0_2399
2316,RegionE,371.54,289.8,0.1966,1059.81,309.75,Flat,Main_0_2399
2316,RegionF,391.1,305.06,0.2323,1059.81,187.822667,Flat,Main_0_2399
2317,RegionA,704.14,0.0,0.5524,1012.13,321.578,Flat,Main_0_2399
2317,RegionB,674.8,0.0,0.5168,1012.13,284.370333,Flat,Main_0_2399
2317,RegionC,655.24,0.0,0.4901,1012.13,326.198,Flat,Main_0_2399
2317,RegionD,420.53,328.01,0.3742,1012.13,201.626667,Flat,Main_0_2399
2317,RegionE,371.63,289.87,0.196,1012.13,295.543,Flat,Main_0_2399
2317,RegionF,391.19,305.13,0.2317,1012.13,219.276333,Flat,Main_0_2399
2318,RegionA,704.31,0.0,0.5543,950.0,311.289333,Flat,Main_0_2399
2318,RegionB,674.97,0.0,0.5186,950.0,253.032333,Flat,Main_0_2399
2318,RegionC,655.4,0.0,0.4917,950.0,313.006667,Flat,Main_0_2399
2318,RegionD,420.63,328.09,0.3755,950.0,201.824,Flat,Main_0_2399
2318,RegionE,371.72,289.94,0.1967,950.0,281.520333,Flat,Main_0_2399
2318,RegionF,391.28,305.2,0.2325,950.0,187.23,Flat,Main_0_2399
2319,RegionA,704.5,0.0,0.5595,877.65,268.040667,Flat,Main_0_2399
2319,RegionB,675.15,0.0,0.5234,877.65,215.175333,Flat,Main_0_2399
2319,RegionC,655.58,0.0,0.4963,877.65,269.766,Flat,Main_0_2399
2319,RegionD,420.74,328.18,0.379,877.65,181.888667,Flat,Main_0_2399
2319,RegionE,371.82,290.02,0.1985,877.65,236.615667,Flat,Main_0_2399
2319,RegionF,391.39,305.28,0.2346,877.65,180.670667,Flat,Main_0_2399
2320,RegionA,704.71,0.0,0.5676,800.0,230.882,Flat,Main_0_2399
2320,RegionB,675.34,0.0,0.531,800.0,211.345333,Flat,Main_0_2399
2320,RegionC,655.77,0.0,0.5035,800.0,243.646,Flat,Main_0_2399
2320,RegionD,420.87,328.28,0.3845,800.0,166.305333,Flat,Main_0_2399
2320,RegionE,371.93,290.11,0.2014,800.0,166.424333,Flat,Main_0_2399
2320,RegionF,391.5,305.37,0.238,800.0,162.403333,Flat,Main_0_2399
2321,RegionA,1022.14,0.0,0.5782,722.35,221.382667,Peak,Main_0_2399
2321,RegionB,979.55,0.0,0.5409,722.35,209.708667,Peak,Main_0_2399
2321,RegionC,951.16,0.0,0.5129,722.35,218.452,Peak,Main_0_2399
2321,RegionD,610.45,476.15,0.3917,722.35,102.535,Peak,Main_0_2399
2321,RegionE,539.46,420.78,0.2052,722.35,130.652667,Peak,Main_0_2399
2321,RegionF,567.86,442.93,0.2425,722.35,139.734667,Peak,Main_0_2399
2322,RegionA,1022.48,0.0,0.5904,650.0,228.439333,Peak,Main_0_2399
2322,RegionB,979.88,0.0,0.5523,650.0,203.844333,Peak,Main_0_2399
2322,RegionC,951.48,0.0,0.5237,650.0,221.772,Peak,Main_0_2399
2322,RegionD,610.65,476.31,0.4,650.0,114.512,Peak,Main_0_2399
2322,RegionE,539.64,420.92,0.2095,650.0,161.61,Peak,Main_0_2399
2322,RegionF,568.04,443.07,0.2476,650.0,118.178333,Peak,Main_0_2399
2323,RegionA,1022.84,0.0,0.6036,587.87,223.88,Peak,Main_0_2399
2323,RegionB,980.22,0.0,0.5646,587.87,195.766667,Peak,Main_0_2399
2323,RegionC,951.81,0.0,0.5354,587.87,215.316667,Peak,Main_0_2399
2323,RegionD,610.86,476.47,0.4089,587.87,166.373,Peak,Main_0_2399
2323,RegionE,539.83,421.07,0.2142,587.87,151.868,Peak,Main_0_2399
2323,RegionF,568.24,443.23,0.2531,587.87,137.578667,Peak,Main_0_2399
2324,RegionA,1023.22,0.0,0.6167,540.19,232.096667,Peak,Main_0_2399
2324,RegionB,980.58,0.0,0.5769,540.19,229.65,Peak,Main_0_2399
2324,RegionC,952.16,0.0,0.5471,540.19,225.404667,Peak,Main_0_2399
2324,RegionD,611.09,476.65,0.4178,540.19,191.994667,Peak,Main_0_2399
2324,RegionE,540.03,421.22,0.2188,540.19,168.138667,Peak,Main_0_2399
2324,RegionF,568.45,443.39,0.2586,540.19,142.303333,Peak,Main_0_2399
2325,RegionA,1023.61,0.0,0.6291,510.22,263.604667,Peak,Main_0_2399
2325,RegionB,980.96,0.0,0.5885,510.22,261.83,Peak,Main_0_2399
2325,RegionC,952.53,0.0,0.558,510.22,264.2,Peak,Main_0_2399
2325,RegionD,611.32,476.83,0.4261,510.22,226.94,Peak,Main_0_2399
2325,RegionE,540.24,421.39,0.2232,510.22,226.098333,Peak,Main_0_2399
2325,RegionF,568.67,443.56,0.2638,510.22,160.735333,Peak,Main_0_2399
2326,RegionA,635.6,0.0,0.6397,500.0,291.847,Flat,Main_0_2399
2326,RegionB,609.12,0.0,0.5984,500.0,259.405,Flat,Main_0_2399
2326,RegionC,591.46,0.0,0.5675,500.0,262.53,Flat,Main_0_2399
2326,RegionD,379.6,296.09,0.4333,500.0,182.754,Flat,Main_0_2399
2326,RegionE,335.46,261.66,0.227,500.0,198.73,Flat,Main_0_2399
2326,RegionF,353.11,275.43,0.2683,500.0,202.214,Flat,Main_0_2399
2327,RegionA,635.87,0.0,0.648,510.22,311.21,Flat,Main_0_2399
2327,RegionB,609.38,0.0,0.6062,510.22,301.144667,Flat,Main_0_2399
2327,RegionC,591.71,0.0,0.5748,510.22,315.397333,Flat,Main_0_2399
2327,RegionD,379.76,296.21,0.439,510.22,163.965667,Flat,Main_0_2399
2327,RegionE,335.6,261.77,0.2299,510.22,245.89,Flat,Main_0_2399
2327,RegionF,353.26,275.54,0.2717,510.22,232.132,Flat,Main_0_2399
2328,RegionA,459.44,0.0,0.6534,540.19,343.678667,Valley,Main_0_2399
2328,RegionB,440.3,0.0,0.6112,540.19,329.599667,Valley,Main_0_2399
2328,RegionC,427.54,0.0,0.5796,540.19,327.339333,Valley,Main_0_2399
2328,RegionD,274.39,214.02,0.4426,540.19,145.16,Valley,Main_0_2399
2328,RegionE,242.48,189.13,0.2318,540.19,263.933667,Valley,Main_0_2399
2328,RegionF,255.25,199.09,0.274,540.19,272.824,Valley,Main_0_2399
2329,RegionA,459.65,0.0,0.6555,587.87,360.921333,Valley,Main_0_2399
2329,RegionB,440.5,0.0,0.6132,587.87,349.961667,Valley,Main_0_2399
2329,RegionC,427.73,0.0,0.5815,587.87,365.020333,Valley,Main_0_2399
2329,RegionD,274.51,214.12,0.444,587.87,200.610667,Valley,Main_0_2399
2329,RegionE,242.59,189.22,0.2326,587.87,310.091333,Valley,Main_0_2399
2329,RegionF,255.36,199.18,0.2749,587.87,336.046,Valley,Main_0_2399
2330,RegionA,459.87,0.0,0.6543,650.0,388.012,Valley,Main_0_2399
2330,RegionB,440.71,0.0,0.6121,650.0,354.209333,Valley,Main_0_2399
2330,RegionC,427.93,0.0,0.5804,650.0,348.058667,Valley,Main_0_2399
2330,RegionD,274.64,214.22,0.4432,650.0,228.195,Valley,Main_0_2399
2330,RegionE,242.71,189.31,0.2322,650.0,353.572,Valley,Main_0_2399
2330,RegionF,255.48,199.27,0.2744,650.0,354.344333,Valley,Main_0_2399
2331,RegionA,460.09,0.0,0.6498,722.35,395.261333,Valley,Main_0_2399
2331,RegionB,440.92,0.0,0.6079,722.35,352.777333,Valley,Main_0_2399
2331,RegionC,428.14,0.0,0.5764,722.35,346.184,Valley,Main_0_2399
2331,RegionD,274.78,214.33,0.4402,722.35,262.839333,Valley,Main_0_2399
2331,RegionE,242.83,189.41,0.2306,722.35,373.745333,Valley,Main_0_2399
2331,RegionF,255.61,199.38,0.2725,722.35,419.14,Valley,Main_0_2399
2332,RegionA,460.32,0.0,0.6424,800.0,391.86,Valley,Main_0_2399
2332,RegionB,441.14,0.0,0.601,800.0,339.100667,Valley,Main_0_2399
2332,RegionC,428.36,0.0,0.5699,800.0,335.274667,Valley,Main_0_2399
2332,RegionD,274.92,214.44,0.4352,800.0,335.328333,Valley,Main_0_2399
2332,RegionE,242.95,189.5,0.228,800.0,412.736333,Valley,Main_0_2399
2332,RegionF,255.74,199.48,0.2694,800.0,423.715,Valley,Main_0_2399
2333,RegionA,460.56,0.0,0.6327,877.65,393.064667,Valley,Main_0_2399
2333,RegionB,441.37,0.0,0.5919,877.65,346.741333,Valley,Main_0_2399
2333,RegionC,428.58,0.0,0.5612,877.65,350.538,Valley,Main_0_2399
2333,RegionD,275.06,214.55,0.4286,877.65,383.35,Valley,Main_0_2399
2333,RegionE,243.07,189.59,0.2245,877.65,399.644,Valley,Main_0_2399
2333,RegionF,255.87,199.58,0.2653,877.65,417.218,Valley,Main_0_2399
2334,RegionA,460.81,0.0,0.6212,950.0,393.832,Valley,Main_0_2399
2334,RegionB,441.61,0.0,0.5812,950.0,364.879333,Valley,Main_0_2399
2334,RegionC,428.81,0.0,0.5511,950.0,361.123333,Valley,Main_0_2399
2334,RegionD,275.2,214.66,0.4208,950.0,394.974333,Valley,Main_0_2399
2334,RegionE,243.2,189.7,0.2204,950.0,382.474667,Valley,Main_0_2399
2334,RegionF,256.0,199.68,0.2605,950.0,431.517333,Valley,Main_0_2399
2335,RegionA,709.32,0.0,0.609,1012.13,375.794667,Flat,Main_0_2399
2335,RegionB,679.76,0.0,0.5697,1012.13,346.489333,Flat,Main_0_2399
2335,RegionC,660.06,0.0,0.5402,1012.13,381.5,Flat,Main_0_2399
2335,RegionD,423.62,330.42,0.4125,1012.13,409.985333,Flat,Main_0_2399
2335,RegionE,374.36,292.0,0.2161,1012.13,404.147667,Flat,Main_0_2399
2335,RegionF,394.07,307.37,0.2554,1012.13,426.491333,Flat,Main_0_2399
2336,RegionA,709.71,0.0,0.5967,1059.81,354.504667,Flat,Main_0_2399
2336,RegionB,680.14,0.0,0.5582,1059.81,358.462333,Flat,Main_0_2399
2336,RegionC,660.43,0.0,0.5293,1059.81,382.404667,Flat,Main_0_2399
2336,RegionD,423.86,330.61,0.4042,1059.81,390.279667,Flat,Main_0_2399
2336,RegionE,374.57,292.16,0.2117,1059.81,395.289,Flat,Main_0_2399
2336,RegionF,394.29,307.55,0.2502,1059.81,421.926667,Flat,Main_0_2399
2337,RegionA,710.12,0.0,0.5853,1089.78,350.470667,Flat,Main_0_2399
2337,RegionB,680.53,0.0,0.5475,1089.78,379.043333,Flat,Main_0_2399
2337,RegionC,660.8,0.0,0.5192,1089.78,379.085333,Flat,Main_0_2399
2337,RegionD,424.1,330.8,0.3965,1089.78,409.412667,Flat,Main_0_2399
2337,RegionE,374.78,292.33,0.2077,1089.78,381.226667,Flat,Main_0_2399
2337,RegionF,394.51,307.72,0.2455,1089.78,377.09,Flat,Main_0_2399
2338,RegionA,710.53,0.0,0.5756,1100.0,340.953333,Flat,Main_0_2399
2338,RegionB,680.92,0.0,0.5385,1100.0,378.132,Flat,Main_0_2399
2338,RegionC,661.19,0.0,0.5106,1100.0,370.088,Flat,Main_0_2399
2338,RegionD,424.34,330.99,0.3899,1100.0,401.039333,Flat,Main_0_2399
2338,RegionE,375.0,292.5,0.2043,1100.0,360.271,Flat,Main_0_2399
2338,RegionF,394.74,307.9,0.2414,1100.0,330.660667,Flat,Main_0_2399
2339,RegionA,710.95,0.0,0.5684,1089.78,318.835333,Flat,Main_0_2399
2339,RegionB,681.32,0.0,0.5317,1089.78,372.823333,Flat,Main_0_2399
2339,RegionC,661.57,0.0,0.5042,1089.78,368.349333,Flat,Main_0_2399
2339,RegionD,424.59,331.18,0.385,1089.78,300.26,Flat,Main_0_2399
2339,RegionE,375.22,292.67,0.2017,1089.78,338.2,Flat,Main_0_2399
2339,RegionF,394.97,308.08,0.2383,1089.78,331.968,Flat,Main_0_2399
2340,RegionA,711.37,0.0,0.564,1059.81,298.105333,Flat,Main_0_2399
2340,RegionB,681.73,0.0,0.5276,1059.81,322.604667,Flat,Main_0_2399
2340,RegionC,661.97,0.0,0.5003,1059.81,352.512,Flat,Main_0_2399
2340,RegionD,424.85,331.38,0.3821,1059.81,254.09,Flat,Main_0_2399
2340,RegionE,375.45,292.85,0.2001,1059.81,260.36,Flat,Main_0_2399
2340,RegionF,395.21,308.26,0.2365,1059.81,275.391667,Flat,Main_0_2399
2341,RegionA,711.8,0.0,0.563,1012.13,285.200667,Flat,Main_0_2399
2341,RegionB,682.15,0.0,0.5266,1012.13,323.337333,Flat,Main_0_2399
2341,RegionC,662.37,0.0,0.4994,1012.13,297.421,Flat,Main_0_2399
2341,RegionD,425.11,331.59,0.3814,1012.13,189.087,Flat,Main_0_2399
2341,RegionE,375.67,293.02,0.1998,1012.13,267.329333,Flat,Main_0_2399
2341,RegionF,395.45,308.45,0.2361,1012.13,240.608667,Flat,Main_0_2399
2342,RegionA,712.24,0.0,0.5653,950.0,306.151667,Flat,Main_0_2399
2342,RegionB,682.57,0.0,0.5288,950.0,276.184,Flat,Main_0_2399
2342,RegionC,662.78,0.0,0.5015,950.0,262.421667,Flat,Main_0_2399
2342,RegionD,425.37,331.79,0.3829,950.0,212.742333,Flat,Main_0_2399
2342,RegionE,375.91,293.21,0.2006,950.0,263.417,Flat,Main_0_2399
2342,RegionF,395.69,308.64,0.2371,950.0,211.152667,Flat,Main_0_2399
2343,RegionA,712.69,0.0,0.5709,877.65,299.759333,Flat,Main_0_2399
2343,RegionB,682.99,0.0,0.5341,877.65,242.699333,Flat,Main_0_2399
2343,RegionC,663.19,0.0,0.5064,877.65,236.347667,Flat,Main_0_2399
2343,RegionD,425.63,331.99,0.3867,877.65,147.915,Flat,Main_0_2399
2343,RegionE,376.14,293.39,0.2026,877.65,258.560333,Flat,Main_0_2399
2343,RegionF,395.94,308.83,0.2394,877.65,197.307,Flat,Main_0_2399
2344,RegionA,713.14,0.0,0.5794,800.0,220.942333,Flat,Main_0_2399
2344,RegionB,683.42,0.0,0.5421,800.0,238.436667,Flat,Main_0_2399
2344,RegionC,663.61,0.0,0.514,800.0,216.343333,Flat,Main_0_2399
2344,RegionD,425.9,332.2,0.3925,800.0,130.301667,Flat,Main_0_2399
2344,RegionE,376.38,293.58,0.2056,800.0,228.408,Flat,Main_0_2399
2344,RegionF,396.19,309.03,0.243,800.0,169.381333,Flat,Main_0_2399
2345,RegionA,1034.7,0.0,0.5904,722.35,194.586667,Peak,Main_0_2399
2345,RegionB,991.59,0.0,0.5523,722.35,219.490333,Peak,Main_0_2399
2345,RegionC,962.85,0.0,0.5237,722.35,239.996,Peak,Main_0_2399
2345,RegionD,617.95,482.0,0.3999,722.35,90.97,Peak,Main_0_2399
2345,RegionE,546.09,425.95,0.2095,722.35,241.192,Peak,Main_0_2399
2345,RegionF,574.84,448.38,0.2476,722.35,114.24,Peak,Main_0_2399
2346,RegionA,1035.37,0.0,0.603,650.0,208.58,Peak,Main_0_2399
2346,RegionB,992.23,0.0,0.5641,650.0,184.253333,Peak,Main_0_2399
2346,RegionC,963.47,0.0,0.5349,650.0,217.086,Peak,Main_0_2399
2346,RegionD,618.34,482.31,0.4085,650.0,96.698,Peak,Main_0_2399
2346,RegionE,546.44,426.22,0.214,650.0,223.376667,Peak,Main_0_2399
2346,RegionF,575.2,448.66,0.2529,650.0,125.898333,Peak,Main_0_2399
2347,RegionA,1036.03,0.0,0.6165,587.87,243.524667,Peak,Main_0_2399
2347,RegionB,992.87,0.0,0.5768,587.87,202.881333,Peak,Main_0_2399
2347,RegionC,964.09,0.0,0.5469,587.87,217.668667,Peak,Main_0_2399
2347,RegionD,618.74,482.62,0.4177,587.87,134.664667,Peak,Main_0_2399
2347,RegionE,546.8,426.5,0.2188,587.87,170.398667,Peak,Main_0_2399
2347,RegionF,575.57,448.94,0.2585,587.87,127.708333,Peak,Main_0_2399
2348,RegionA,1036.71,0.0,0.6301,540.19,230.445333,Peak,Main_0_2399
2348,RegionB,993.51,0.0,0.5894,540.19,200.048,Peak,Main_0_2399
2348,RegionC,964.71,0.0,0.5589,540.19,237.809,Peak,Main_0_2399
2348,RegionD,619.14,482.93,0.4268,540.19,191.255333,Peak,Main_0_2399
2348,RegionE,547.15,426.78,0.2236,540.19,160.055,Peak,Main_0_2399
2348,RegionF,575.95,449.24,0.2642,540.19,125.194667,Peak,Main_0_2399
2349,RegionA,1037.38,0.0,0.6427,510.22,257.28,Peak,Main_0_2399
2349,RegionB,994.16,0.0,0.6013,510.22,242.964,Peak,Main_0_2399
2349,RegionC,965.34,0.0,0.5702,510.22,268.83,Peak,Main_0_2399
2349,RegionD,619.55,483.25,0.4354,510.22,213.748667,Peak,Main_0_2399
2349,RegionE,547.51,427.06,0.2281,510.22,155.844667,Peak,Main_0_2399
2349,RegionF,576.32,449.53,0.2695,510.22,162.691333,Peak,Main_0_2399
2350,RegionA,644.31,0.0,0.6537,500.0,266.843333,Flat,Main_0_2399
2350,RegionB,617.47,0.0,0.6115,500.0,267.692,Flat,Main_0_2399
2350,RegionC,599.57,0.0,0.5799,500.0,207.668,Flat,Main_0_2399
2350,RegionD,384.8,300.14,0.4428,500.0,170.304,Flat,Main_0_2399
2350,RegionE,340.05,265.24,0.232,500.0,144.602,Flat,Main_0_2399
2350,RegionF,357.95,279.2,0.2741,500.0,247.488,Flat,Main_0_2399
2351,RegionA,644.74,0.0,0.6623,510.22,315.127333,Flat,Main_0_2399
2351,RegionB,617.87,0.0,0.6195,510.22,311.786667,Flat,Main_0_2399
2351,RegionC,599.96,0.0,0.5875,510.22,329.118333,Flat,Main_0_2399
2351,RegionD,385.05,300.34,0.4486,510.22,193.310667,Flat,Main_0_2399
2351,RegionE,340.28,265.42,0.235,510.22,156.597333,Flat,Main_0_2399
2351,RegionF,358.19,279.39,0.2777,510.22,234.893333,Flat,Main_0_2399
2352,RegionA,465.95,0.0,0.6679,540.19,320.06,Valley,Main_0_2399
2352,RegionB,446.53,0.0,0.6248,540.19,331.223333,Valley,Main_0_2399
2352,RegionC,433.59,0.0,0.5925,540.19,296.828,Valley,Main_0_2399
2352,RegionD,278.27,217.05,0.4525,540.19,194.566667,Valley,Main_0_2399
2352,RegionE,245.92,191.82,0.237,540.19,190.318,Valley,Main_0_2399
2352,RegionF,258.86,201.91,0.2801,540.19,286.982333,Valley,Main_0_2399
2353,RegionA,466.25,0.0,0.6703,587.87,357.614333,Valley,Main_0_2399
2353,RegionB,446.82,0.0,0.6271,587.87,385.631,Valley,Main_0_2399
2353,RegionC,433.87,0.0,0.5946,587.87,364.772,Valley,Main_0_2399
2353,RegionD,278.46,217.2,0.4541,587.87,190.846,Valley,Main_0_2399
2353,RegionE,246.08,191.94,0.2378,587.87,291.199333,Valley,Main_0_2399
2353,RegionF,259.03,202.04,0.2811,587.87,307.49,Valley,Main_0_2399
2354,RegionA,466.56,0.0,0.6693,650.0,380.174,Valley,Main_0_2399
2354,RegionB,447.12,0.0,0.6261,650.0,384.566667,Valley,Main_0_2399
2354,RegionC,434.16,0.0,0.5937,650.0,373.908667,Valley,Main_0_2399
2354,RegionD,278.64,217.34,0.4534,650.0,260.636,Valley,Main_0_2399
2354,RegionE,246.24,192.07,0.2375,650.0,346.005,Valley,Main_0_2399
2354,RegionF,259.2,202.18,0.2807,650.0,351.118,Valley,Main_0_2399
2355,RegionA,466.86,0.0,0.665,722.35,376.858667,Valley,Main_0_2399
2355,RegionB,447.41,0.0,0.6221,722.35,381.807,Valley,Main_0_2399
2355,RegionC,434.44,0.0,0.59,722.35,383.448,Valley,Main_0_2399
2355,RegionD,278.82,217.48,0.4505,722.35,313.188667,Valley,Main_0_2399
2355,RegionE,246.4,192.19,0.236,722.35,336.97,Valley,Main_0_2399
2355,RegionF,259.37,202.31,0.2789,722.35,368.749,Valley,Main_0_2399
2356,RegionA,467.16,0.0,0.6578,800.0,382.048333,Valley,Main_0_2399
2356,RegionB,447.7,0.0,0.6154,800.0,381.033333,Valley,Main_0_2399
2356,RegionC,434.72,0.0,0.5836,800.0,382.45,Valley,Main_0_2399
2356,RegionD,279.0,217.62,0.4456,800.0,370.535667,Valley,Main_0_2399
2356,RegionE,246.56,192.32,0.2334,800.0,374.490667,Valley,Main_0_2399
2356,RegionF,259.54,202.44,0.2759,800.0,339.500667,Valley,Main_0_2399
2357,RegionA,467.47,0.0,0.6483,877.65,394.315333,Valley,Main_0_2399
2357,RegionB,447.99,0.0,0.6064,877.65,378.878333,Valley,Main_0_2399
2357,RegionC,435.0,0.0,0.5751,877.65,374.548667,Valley,Main_0_2399
2357,RegionD,279.18,217.76,0.4391,877.65,409.832667,Valley,Main_0_2399
2357,RegionE,246.72,192.44,0.23,877.65,389.109667,Valley,Main_0_2399
2357,RegionF,259.7,202.57,0.2719,877.65,378.25,Valley,Main_0_2399
2358,RegionA,467.76,0.0,0.637,950.0,398.168667,Valley,Main_0_2399
2358,RegionB,448.27,0.0,0.5959,950.0,381.236,Valley,Main_0_2399
2358,RegionC,435.28,0.0,0.5651,950.0,374.988,Valley,Main_0_2399
2358,RegionD,279.36,217.9,0.4315,950.0,393.328667,Valley,Main_0_2399
2358,RegionE,246.88,192.57,0.226,950.0,402.543333,Valley,Main_0_2399
2358,RegionF,259.87,202.7,0.2671,950.0,390.549333,Valley,Main_0_2399
2359,RegionA,720.1,0.0,0.6248,1012.13,399.26,Flat,Main_0_2399
2359,RegionB,690.09,0.0,0.5845,1012.13,380.160667,Flat,Main_0_2399
2359,RegionC,670.09,0.0,0.5543,1012.13,373.144,Flat,Main_0_2399
2359,RegionD,430.06,335.45,0.4233,1012.13,361.891667,Flat,Main_0_2399
2359,RegionE,380.05,296.44,0.2217,1012.13,402.316,Flat,Main_0_2399
2359,RegionF,400.05,312.04,0.262,1012.13,364.123333,Flat,Main_0_2399
2360,RegionA,720.55,0.0,0.6126,1059.81,397.653333,Flat,Main_0_2399
2360,RegionB,690.53,0.0,0.5731,1059.81,379.850667,Flat,Main_0_2399
2360,RegionC,670.51,0.0,0.5435,1059.81,375.781,Flat,Main_0_2399
2360,RegionD,430.33,335.66,0.415,1059.81,370.064667,Flat,Main_0_2399
2360,RegionE,380.29,296.63,0.2174,1059.81,346.443,Flat,Main_0_2399
2360,RegionF,400.31,312.24,0.2569,1059.81,317.414667,Flat,Main_0_2399
2361,RegionA,721.0,0.0,0.6013,1089.78,396.584,Flat,Main_0_2399
2361,RegionB,690.96,0.0,0.5625,1089.78,350.211333,Flat,Main_0_2399
2361,RegionC,670.93,0.0,0.5334,1089.78,376.636,Flat,Main_0_2399
2361,RegionD,430.6,335.87,0.4074,1089.78,337.603333,Flat,Main_0_2399
2361,RegionE,380.53,296.81,0.2134,1089.78,291.82,Flat,Main_0_2399
2361,RegionF,400.55,312.43,0.2522,1089.78,323.02,Flat,Main_0_2399
2362,RegionA,721.44,0.0,0.5917,1100.0,397.005333,Flat,Main_0_2399
2362,RegionB,691.38,0.0,0.5535,1100.0,365.454333,Flat,Main_0_2399
2362,RegionC,671.34,0.0,0.5249,1100.0,376.7,Flat,Main_0_2399
2362,RegionD,430.86,336.07,0.4008,1100.0,330.079333,Flat,Main_0_2399
2362,RegionE,380.76,296.99,0.21,1100.0,264.247667,Flat,Main_0_2399
2362,RegionF,400.8,312.62,0.2481,1100.0,322.996667,Flat,Main_0_2399
2363,RegionA,721.88,0.0,0.5845,1089.78,375.234333,Flat,Main_0_2399
2363,RegionB,691.8,0.0,0.5468,1089.78,362.790667,Flat,Main_0_2399
2363,RegionC,671.75,0.0,0.5185,1089.78,369.556,Flat,Main_0_2399
2363,RegionD,431.12,336.27,0.3959,1089.78,318.479333,Flat,Main_0_2399
2363,RegionE,380.99,297.17,0.2074,1089.78,254.41,Flat,Main_0_2399
2363,RegionF,401.05,312.82,0.2451,1089.78,301.386,Flat,Main_0_2399
2364,RegionA,722.31,0.0,0.5802,1059.81,318.145333,Flat,Main_0_2399
2364,RegionB,692.22,0.0,0.5427,1059.81,330.592,Flat,Main_0_2399
2364,RegionC,672.15,0.0,0.5147,1059.81,316.010333,Flat,Main_0_2399
2364,RegionD,431.38,336.48,0.393,1059.81,330.923333,Flat,Main_0_2399
2364,RegionE,381.22,297.35,0.2059,1059.81,254.1,Flat,Main_0_2399
2364,RegionF,401.29,313.01,0.2433,1059.81,317.597333,Flat,Main_0_2399
2365,RegionA,722.74,0.0,0.5791,1012.13,323.712,Flat,Main_0_2399
2365,RegionB,692.63,0.0,0.5417,1012.13,298.355,Flat,Main_0_2399
2365,RegionC,672.55,0.0,0.5137,1012.13,314.036,Flat,Main_0_2399
2365,RegionD,431.64,336.68,0.3923,1012.13,302.102667,Flat,Main_0_2399
2365,RegionE,381.45,297.53,0.2055,1012.13,245.560667,Flat,Main_0_2399
2365,RegionF,401.52,313.19,0.2428,1012.13,307.142,Flat,Main_0_2399
2366,RegionA,723.16,0.0,0.5814,950.0,306.784667,Flat,Main_0_2399
2366,RegionB,693.03,0.0,0.5439,950.0,280.888333,Flat,Main_0_2399
2366,RegionC,672.94,0.0,0.5157,950.0,294.203333,Flat,Main_0_2399
2366,RegionD,431.89,336.87,0.3938,950.0,272.702,Flat,Main_0_2399
2366,RegionE,381.67,297.7,0.2063,950.0,294.720333,Flat,Main_0_2399
2366,RegionF,401.76,313.37,0.2438,950.0,256.319333,Flat,Main_0_2399
2367,RegionA,723.57,0.0,0.5869,877.65,279.265,Flat,Main_0_2399
2367,RegionB,693.42,0.0,0.5491,877.65,256.333,Flat,Main_0_2399
2367,RegionC,673.32,0.0,0.5207,877.65,279.114,Flat,Main_0_2399
2367,RegionD,432.13,337.06,0.3976,877.65,217.241667,Flat,Main_0_2399
2367,RegionE,381.88,297.87,0.2083,877.65,237.489333,Flat,Main_0_2399
2367,RegionF,401.98,313.54,0.2461,877.65,186.483333,Flat,Main_0_2399
2368,RegionA,723.98,0.0,0.5954,800.0,252.677333,Flat,Main_0_2399
2368,RegionB,693.81,0.0,0.557,800.0,200.689333,Flat,Main_0_2399
2368,RegionC,673.7,0.0,0.5282,800.0,232.794,Flat,Main_0_2399
2368,RegionD,432.37,337.25,0.4033,800.0,164.310667,Flat,Main_0_2399
2368,RegionE,382.1,298.04,0.2113,800.0,192.512333,Flat,Main_0_2399
2368,RegionF,402.21,313.72,0.2497,800.0,163.547333,Flat,Main_0_2399
2369,RegionA,1050.34,0.0,0.6062,722.35,244.037,Peak,Main_0_2399
2369,RegionB,1006.57,0.0,0.5671,722.35,190.894667,Peak,Main_0_2399
2369,RegionC,977.4,0.0,0.5378,722.35,225.588667,Peak,Main_0_2399
2369,RegionD,627.28,489.28,0.4107,722.35,147.247,Peak,Main_0_2399
2369,RegionE,554.34,432.39,0.2151,722.35,148.52,Peak,Main_0_2399
2369,RegionF,583.52,455.15,0.2542,722.35,135.331333,Peak,Main_0_2399
2370,RegionA,1050.9,0.0,0.6188,650.0,223.778333,Peak,Main_0_2399
2370,RegionB,1007.11,0.0,0.5788,650.0,178.594667,Peak,Main_0_2399
2370,RegionC,977.92,0.0,0.5489,650.0,232.939333,Peak,Main_0_2399
2370,RegionD,627.62,489.54,0.4192,650.0,141.344,Peak,Main_0_2399
2370,RegionE,554.64,432.62,0.2196,650.0,162.789333,Peak,Main_0_2399
2370,RegionF,583.83,455.39,0.2595,650.0,105.996667,Peak,Main_0_2399
2371,RegionA,1051.44,0.0,0.6321,587.87,211.681333,Peak,Main_0_2399
2371,RegionB,1007.63,0.0,0.5913,587.87,191.327333,Peak,Main_0_2399
2371,RegionC,978.43,0.0,0.5608,587.87,208.954667,Peak,Main_0_2399
2371,RegionD,627.95,489.8,0.4282,587.87,160.785667,Peak,Main_0_2399
2371,RegionE,554.93,432.85,0.2243,587.87,152.108667,Peak,Main_0_2399
2371,RegionF,584.14,455.63,0.2651,587.87,124.43,Peak,Main_0_2399
2372,RegionA,1051.98,0.0,0.6455,540.19,228.347333,Peak,Main_0_2399
2372,RegionB,1008.14,0.0,0.6038,540.19,232.926,Peak,Main_0_2399
2372,RegionC,978.92,0.0,0.5726,540.19,235.86,Peak,Main_0_2399
2372,RegionD,628.26,490.04,0.4373,540.19,144.431333,Peak,Main_0_2399
2372,RegionE,555.21,433.06,0.229,540.19,184.502,Peak,Main_0_2399
2372,RegionF,584.43,455.86,0.2707,540.19,120.669,Peak,Main_0_2399
2373,RegionA,1052.49,0.0,0.658,510.22,261.048667,Peak,Main_0_2399
2373,RegionB,1008.64,0.0,0.6155,510.22,237.536667,Peak,Main_0_2399
2373,RegionC,979.4,0.0,0.5837,510.22,248.680667,Peak,Main_0_2399
2373,RegionD,628.57,490.28,0.4457,510.22,166.727,Peak,Main_0_2399
2373,RegionE,555.48,433.27,0.2335,510.22,210.608667,Peak,Main_0_2399
2373,RegionF,584.72,456.08,0.2759,510.22,138.820667,Peak,Main_0_2399
2374,RegionA,653.58,0.0,0.6687,500.0,271.923333,Flat,Main_0_2399
2374,RegionB,626.35,0.0,0.6256,500.0,296.936,Flat,Main_0_2399
2374,RegionC,608.19,0.0,0.5932,500.0,260.68,Flat,Main_0_2399
2374,RegionD,390.33,304.46,0.453,500.0,168.469,Flat,Main_0_2399
2374,RegionE,344.95,269.06,0.2373,500.0,180.176667,Flat,Main_0_2399
2374,RegionF,363.1,283.22,0.2804,500.0,183.228,Flat,Main_0_2399
2375,RegionA,653.88,0.0,0.6771,510.22,314.171333,Flat,Main_0_2399
2375,RegionB,626.64,0.0,0.6334,510.22,282.975333,Flat,Main_0_2399
2375,RegionC,608.48,0.0,0.6006,510.22,294.251333,Flat,Main_0_2399
2375,RegionD,390.51,304.6,0.4586,510.22,228.954667,Flat,Main_0_2399
2375,RegionE,345.11,269.19,0.2402,510.22,225.865333,Flat,Main_0_2399
2375,RegionF,363.27,283.35,0.2839,510.22,276.706,Flat,Main_0_2399
2376,RegionA,472.46,0.0,0.6825,540.19,309.804667,Valley,Main_0_2399
2376,RegionB,452.77,0.0,0.6384,540.19,326.364667,Valley,Main_0_2399
2376,RegionC,439.65,0.0,0.6054,540.19,344.690333,Valley,Main_0_2399
2376,RegionD,282.16,220.08,0.4623,540.19,306.754667,Valley,Main_0_2399
2376,RegionE,249.35,194.49,0.2422,540.19,284.838667,Valley,Main_0_2399
2376,RegionF,262.48,204.73,0.2862,540.19,294.039333,Valley,Main_0_2399
2377,RegionA,472.66,0.0,0.6846,587.87,365.486667,Valley,Main_0_2399
2377,RegionB,452.97,0.0,0.6404,587.87,352.361333,Valley,Main_0_2399
2377,RegionC,439.84,0.0,0.6073,587.87,328.52,Valley,Main_0_2399
2377,RegionD,282.28,220.18,0.4637,587.87,329.964667,Valley,Main_0_2399
2377,RegionE,249.46,194.58,0.2429,587.87,278.656667,Valley,Main_0_2399
2377,RegionF,262.59,204.82,0.2871,587.87,289.888,Valley,Main_0_2399
2378,RegionA,472.86,0.0,0.6833,650.0,386.013333,Valley,Main_0_2399
2378,RegionB,453.15,0.0,0.6392,650.0,382.850667,Valley,Main_0_2399
2378,RegionC,440.02,0.0,0.6061,650.0,365.282667,Valley,Main_0_2399
2378,RegionD,282.4,220.27,0.4629,650.0,348.947333,Valley,Main_0_2399
2378,RegionE,249.56,194.66,0.2425,650.0,270.491,Valley,Main_0_2399
2378,RegionF,262.7,204.91,0.2865,650.0,288.251333,Valley,Main_0_2399
2379,RegionA,473.04,0.0,0.6787,722.35,393.177333,Valley,Main_0_2399
2379,RegionB,453.33,0.0,0.6349,722.35,383.332,Valley,Main_0_2399
2379,RegionC,440.19,0.0,0.6021,722.35,363.225333,Valley,Main_0_2399
2379,RegionD,282.51,220.36,0.4598,722.35,373.827,Valley,Main_0_2399
2379,RegionE,249.66,194.73,0.2408,722.35,303.226,Valley,Main_0_2399
2379,RegionF,262.8,204.98,0.2846,722.35,297.421333,Valley,Main_0_2399
2380,RegionA,473.22,0.0,0.6712,800.0,376.727333,Valley,Main_0_2399
2380,RegionB,453.5,0.0,0.6279,800.0,361.266667,Valley,Main_0_2399
2380,RegionC,440.36,0.0,0.5954,800.0,367.83,Valley,Main_0_2399
2380,RegionD,282.62,220.44,0.4547,800.0,401.420667,Valley,Main_0_2399
2380,RegionE,249.76,194.81,0.2382,800.0,379.651333,Valley,Main_0_2399
2380,RegionF,262.9,205.06,0.2815,800.0,273.648333,Valley,Main_0_2399
2381,RegionA,473.39,0.0,0.6612,877.65,374.448667,Valley,Main_0_2399
2381,RegionB,453.67,0.0,0.6186,877.65,353.538667,Valley,Main_0_2399
2381,RegionC,440.52,0.0,0.5866,877.65,365.41,Valley,Main_0_2399
2381,RegionD,282.72,220.52,0.4479,877.65,402.656,Valley,Main_0_2399
2381,RegionE,249.85,194.88,0.2346,877.65,357.794667,Valley,Main_0_2399
2381,RegionF,263.0,205.14,0.2773,877.65,299.575333,Valley,Main_0_2399
2382,RegionA,473.55,0.0,0.6496,950.0,376.852,Valley,Main_0_2399
2382,RegionB,453.82,0.0,0.6077,950.0,357.084,Valley,Main_0_2399
2382,RegionC,440.67,0.0,0.5763,950.0,353.62,Valley,Main_0_2399
2382,RegionD,282.82,220.6,0.44,950.0,364.554,Valley,Main_0_2399
2382,RegionE,249.93,194.95,0.2305,950.0,424.756667,Valley,Main_0_2399
2382,RegionF,263.09,205.21,0.2724,950.0,360.613333,Valley,Main_0_2399
2383,RegionA,728.78,0.0,0.637,1012.13,391.778667,Flat,Main_0_2399
2383,RegionB,698.41,0.0,0.5959,1012.13,367.330667,Flat,Main_0_2399
2383,RegionC,678.17,0.0,0.5651,1012.13,365.773333,Flat,Main_0_2399
2383,RegionD,435.24,339.49,0.4315,1012.13,367.476,Flat,Main_0_2399
2383,RegionE,384.63,300.01,0.226,1012.13,381.65,Flat,Main_0_2399
2383,RegionF,404.88,315.81,0.2671,1012.13,399.154667,Flat,Main_0_2399
2384,RegionA,729.0,0.0,0.6245,1059.81,394.555333,Flat,Main_0_2399
2384,RegionB,698.62,0.0,0.5842,1059.81,363.42,Flat,Main_0_2399
2384,RegionC,678.37,0.0,0.554,1059.81,379.268667,Flat,Main_0_2399
2384,RegionD,435.37,339.59,0.423,1059.81,382.357667,Flat,Main_0_2399
2384,RegionE,384.75,300.11,0.2216,1059.81,391.725,Flat,Main_0_2399
2384,RegionF,405.0,315.9,0.2619,1059.81,389.646,Flat,Main_0_2399
2385,RegionA,729.2,0.0,0.6128,1089.78,397.473333,Flat,Main_0_2399
2385,RegionB,698.82,0.0,0.5732,1089.78,361.14,Flat,Main_0_2399
2385,RegionC,678.57,0.0,0.5436,1089.78,380.261333,Flat,Main_0_2399
2385,RegionD,435.5,339.69,0.4151,1089.78,376.262667,Flat,Main_0_2399
2385,RegionE,384.86,300.19,0.2174,1089.78,308.909333,Flat,Main_0_2399
2385,RegionF,405.11,315.99,0.257,1089.78,323.424,Flat,Main_0_2399
2386,RegionA,729.4,0.0,0.6027,1100.0,396.824,Flat,Main_0_2399
2386,RegionB,699.01,0.0,0.5638,1100.0,348.609333,Flat,Main_0_2399
2386,RegionC,678.74,0.0,0.5347,1100.0,381.109333,Flat,Main_0_2399
2386,RegionD,435.61,339.78,0.4083,1100.0,345.526,Flat,Main_0_2399
2386,RegionE,384.96,300.27,0.2139,1100.0,318.36,Flat,Main_0_2399
2386,RegionF,405.22,316.07,0.2527,1100.0,289.396,Flat,Main_0_2399
2387,RegionA,729.57,0.0,0.595,1089.78,369.585,Flat,Main_0_2399
2387,RegionB,699.18,0.0,0.5566,1089.78,357.312667,Flat,Main_0_2399
2387,RegionC,678.91,0.0,0.5278,1089.78,367.186333,Flat,Main_0_2399
2387,RegionD,435.72,339.86,0.4031,1089.78,284.687333,Flat,Main_0_2399
2387,RegionE,385.05,300.34,0.2111,1089.78,237.059,Flat,Main_0_2399
2387,RegionF,405.32,316.15,0.2495,1089.78,268.386667,Flat,Main_0_2399
2388,RegionA,729.74,0.0,0.5902,1059.81,342.459333,Flat,Main_0_2399
2388,RegionB,699.33,0.0,0.5521,1059.81,309.892667,Flat,Main_0_2399
2388,RegionC,679.06,0.0,0.5236,1059.81,304.750667,Flat,Main_0_2399
2388,RegionD,435.82,339.94,0.3998,1059.81,288.34,Flat,Main_0_2399
2388,RegionE,385.14,300.41,0.2094,1059.81,276.284,Flat,Main_0_2399
2388,RegionF,405.41,316.22,0.2475,1059.81,183.54,Flat,Main_0_2399
2389,RegionA,729.89,0.0,0.5887,1012.13,315.173333,Flat,Main_0_2399
2389,RegionB,699.47,0.0,0.5507,1012.13,312.122667,Flat,Main_0_2399
2389,RegionC,679.2,0.0,0.5222,1012.13,323.67,Flat,Main_0_2399
2389,RegionD,435.9,340.0,0.3988,1012.13,276.742333,Flat,Main_0_2399
2389,RegionE,385.22,300.47,0.2089,1012.13,255.563333,Flat,Main_0_2399
2389,RegionF,405.49,316.28,0.2469,1012.13,249.668667,Flat,Main_0_2399
2390,RegionA,730.02,0.0,0.5905,950.0,303.77,Flat,Main_0_2399
2390,RegionB,699.6,0.0,0.5524,950.0,283.511333,Flat,Main_0_2399
2390,RegionC,679.32,0.0,0.5238,950.0,297.518667,Flat,Main_0_2399
2390,RegionD,435.98,340.06,0.4,950.0,220.578667,Flat,Main_0_2399
2390,RegionE,385.29,300.53,0.2095,950.0,162.153,Flat,Main_0_2399
2390,RegionF,405.57,316.34,0.2476,950.0,207.527,Flat,Main_0_2399
2391,RegionA,730.14,0.0,0.5955,877.65,261.085667,Flat,Main_0_2399
2391,RegionB,699.72,0.0,0.5571,877.65,267.384667,Flat,Main_0_2399
2391,RegionC,679.43,0.0,0.5283,877.65,287.315333,Flat,Main_0_2399
2391,RegionD,436.05,340.12,0.4034,877.65,163.742667,Flat,Main_0_2399
2391,RegionE,385.35,300.57,0.2113,877.65,136.862,Flat,Main_0_2399
2391,RegionF,405.63,316.39,0.2497,877.65,176.351333,Flat,Main_0_2399
2392,RegionA,730.24,0.0,0.6035,800.0,246.132333,Flat,Main_0_2399
2392,RegionB,699.82,0.0,0.5645,800.0,246.264,Flat,Main_0_2399
2392,RegionC,679.53,0.0,0.5353,800.0,251.304667,Flat,Main_0_2399
2392,RegionD,436.12,340.17,0.4088,800.0,135.089667,Flat,Main_0_2399
2392,RegionE,385.41,300.62,0.2141,800.0,138.071333,Flat,Main_0_2399
2392,RegionF,405.69,316.44,0.2531,800.0,110.130667,Flat,Main_0_2399
2393,RegionA,1058.98,0.0,0.6138,722.35,205.558333,Peak,Main_0_2399
2393,RegionB,1014.86,0.0,0.5742,722.35,186.761333,Peak,Main_0_2399
2393,RegionC,985.44,0.0,0.5445,722.35,199.5,Peak,Main_0_2399
2393,RegionD,632.45,493.31,0.4158,722.35,162.847333,Peak,Main_0_2399
2393,RegionE,558.91,435.95,0.2178,722.35,122.781333,Peak,Main_0_2399
2393,RegionF,588.32,458.89,0.2574,722.35,114.762667,Peak,Main_0_2399
2394,RegionA,1059.09,0.0,0.6258,650.0,216.963667,Peak,Main_0_2399
2394,RegionB,1014.96,0.0,0.5854,650.0,204.92,Peak,Main_0_2399
2394,RegionC,985.54,0.0,0.5551,650.0,221.473,Peak,Main_0_2399
2394,RegionD,632.51,493.36,0.4239,650.0,152.298667,Peak,Main_0_2399
2394,RegionE,558.96,435.99,0.222,650.0,111.780667,Peak,Main_0_2399
2394,RegionF,588.38,458.94,0.2624,650.0,159.15,Peak,Main_0_2399
2395,RegionA,1059.17,0.0,0.6386,587.87,224.566,Peak,Main_0_2399
2395,RegionB,1015.04,0.0,0.5974,587.87,193.223333,Peak,Main_0_2399
2395,RegionC,985.62,0.0,0.5665,587.87,229.516,Peak,Main_0_2399
2395,RegionD,632.56,493.4,0.4326,587.87,135.815333,Peak,Main_0_2399
2395,RegionE,559.01,436.03,0.2266,587.87,86.956667,Peak,Main_0_2399
2395,RegionF,588.43,458.98,0.2678,587.87,165.802,Peak,Main_0_2399
2396,RegionA,1059.23,0.0,0.6514,540.19,219.676,Peak,Main_0_2399
2396,RegionB,1015.1,0.0,0.6094,540.19,192.422667,Peak,Main_0_2399
2396,RegionC,985.68,0.0,0.5778,540.19,227.382333,Peak,Main_0_2399
2396,RegionD,632.6,493.43,0.4413,540.19,149.052333,Peak,Main_0_2399
2396,RegionE,559.04,436.05,0.2311,540.19,127.568667,Peak,Main_0_2399
2396,RegionF,588.46,459.0,0.2732,540.19,129.38,Peak,Main_0_2399
2397,RegionA,1059.27,0.0,0.6633,510.22,207.508667,Peak,Main_0_2399
2397,RegionB,1015.14,0.0,0.6205,510.22,240.434667,Peak,Main_0_2399
2397,RegionC,985.71,0.0,0.5884,510.22,275.196667,Peak,Main_0_2399
2397,RegionD,632.62,493.44,0.4493,510.22,170.268333,Peak,Main_0_2399
2397,RegionE,559.06,436.07,0.2354,510.22,160.878,Peak,Main_0_2399
2397,RegionF,588.49,459.02,0.2782,510.22,166.16,Peak,Main_0_2399
2398,RegionA,657.49,0.0,0.6735,500.0,260.890667,Flat,Main_0_2399
2398,RegionB,630.1,0.0,0.63,500.0,273.081,Flat,Main_0_2399
2398,RegionC,611.83,0.0,0.5974,500.0,288.158667,Flat,Main_0_2399
2398,RegionD,392.67,306.28,0.4562,500.0,192.122667,Flat,Main_0_2399
2398,RegionE,347.01,270.67,0.239,500.0,202.833333,Flat,Main_0_2399
2398,RegionF,365.27,284.91,0.2824,500.0,179.29,Flat,Main_0_2399
2399,RegionA,657.49,0.0,0.6812,510.22,302.28,Flat,Main_0_2399
2399,RegionB,630.1,0.0,0.6373,510.22,283.883333,Flat,Main_0_2399
2399,RegionC,611.83,0.0,0.6043,510.22,316.006667,Flat,Main_0_2399
2399,RegionD,392.67,306.28,0.4615,510.22,238.008667,Flat,Main_0_2399
2399,RegionE,347.01,270.67,0.2417,510.22,226.501333,Flat,Main_0_2399
2399,RegionF,365.27,284.91,0.2857,510.22,216.338,Flat,Main_0_2399
2400,RegionA,468.0,0.0,0.6679,540.19,367.981667,Valley,Closure_2400_2406
2400,RegionB,448.5,0.0,0.6248,540.19,325.436667,Valley,Closure_2400_2406
2400,RegionC,435.5,0.0,0.5925,540.19,337.659333,Valley,Closure_2400_2406
2400,RegionD,279.5,218.01,0.4525,540.19,296.44,Valley,Closure_2400_2406
2400,RegionE,247.0,192.66,0.237,540.19,346.67,Valley,Closure_2400_2406
2400,RegionF,260.0,202.8,0.2801,540.19,358.41,Valley,Closure_2400_2406
2401,RegionA,468.31,0.0,0.6703,587.87,393.03,Valley,Closure_2400_2406
2401,RegionB,448.79,0.0,0.6271,587.87,381.385333,Valley,Closure_2400_2406
2401,RegionC,435.78,0.0,0.5946,587.87,357.876,Valley,Closure_2400_2406
2401,RegionD,279.68,218.15,0.4541,587.87,304.584,Valley,Closure_2400_2406
2401,RegionE,247.16,192.78,0.2378,587.87,382.138333,Valley,Closure_2400_2406
2401,RegionF,260.17,202.93,0.2811,587.87,314.83,Valley,Closure_2400_2406
2402,RegionA,468.61,0.0,0.6693,650.0,395.664,Valley,Closure_2400_2406
2402,RegionB,449.08,0.0,0.6261,650.0,361.789333,Valley,Closure_2400_2406
2402,RegionC,436.07,0.0,0.5937,650.0,357.1,Valley,Closure_2400_2406
2402,RegionD,279.86,218.29,0.4534,650.0,309.091667,Valley,Closure_2400_2406
2402,RegionE,247.32,192.91,0.2375,650.0,382.82,Valley,Closure_2400_2406
2402,RegionF,260.34,203.07,0.2807,650.0,319.95,Valley,Closure_2400_2406
2403,RegionA,468.91,0.0,0.665,722.35,392.285,Valley,Closure_2400_2406
2403,RegionB,449.38,0.0,0.6221,722.35,363.532,Valley,Closure_2400_2406
2403,RegionC,436.35,0.0,0.59,722.35,357.1,Valley,Closure_2400_2406
2403,RegionD,280.05,218.44,0.4505,722.35,310.994333,Valley,Closure_2400_2406
2403,RegionE,247.48,193.03,0.236,722.35,390.24,Valley,Closure_2400_2406
2403,RegionF,260.51,203.2,0.2789,722.35,331.53,Valley,Closure_2400_2406
2404,RegionA,469.22,0.0,0.6578,800.0,390.553333,Valley,Closure_2400_2406
2404,RegionB,449.67,0.0,0.6154,800.0,364.354667,Valley,Closure_2400_2406
2404,RegionC,436.63,0.0,0.5836,800.0,355.5,Valley,Closure_2400_2406
2404,RegionD,280.23,218.58,0.4456,800.0,357.345667,Valley,Closure_2400_2406
2404,RegionE,247.64,193.16,0.2334,800.0,376.258333,Valley,Closure_2400_2406
2404,RegionF,260.68,203.33,0.2759,800.0,339.75,Valley,Closure_2400_2406
2405,RegionA,469.52,0.0,0.6483,877.65,390.19,Valley,Closure_2400_2406
2405,RegionB,449.96,0.0,0.6064,877.65,376.153333,Valley,Closure_2400_2406
2405,RegionC,436.91,0.0,0.5751,877.65,362.527333,Valley,Closure_2400_2406
2405,RegionD,280.41,218.72,0.4391,877.65,359.761333,Valley,Closure_2400_2406
2405,RegionE,247.8,193.28,0.23,877.65,402.854,Valley,Closure_2400_2406
2405,RegionF,260.84,203.46,0.2719,877.65,374.923333,Valley,Closure_2400_2406
2406,RegionA,469.82,0.0,0.637,950.0,392.482667,Valley,Closure_2400_2406
2406,RegionB,450.24,0.0,0.5959,950.0,379.895,Valley,Closure_2400_2406
2406,RegionC,437.19,0.0,0.5651,950.0,356.012,Valley,Closure_2400_2406
2406,RegionD,280.59,218.86,0.4315,950.0,376.36,Valley,Closure_2400_2406
2406,RegionE,247.96,193.41,0.226,950.0,438.076667,Valley,Closure_2400_2406
2406,RegionF,261.01,203.59,0.2671,950.0,408.834667,Valley,Closure_2400_2406
