Split,Model,SourceRegion,TaskType,Hour,Actual_GPU_Demand,Prediction,FitEndHour,HistoryWindowHours
test,HierarchicalLocalMean,RegionA,AITraining,2376,0,24.8131887655846,2375,72
test,SameHour24Baseline,RegionA,AITraining,2376,0,0,2352,24
test,HierarchicalLocalMean,RegionA,AITraining,2377,0,24.8131887655846,2375,72
test,SameHour24Baseline,RegionA,AITraining,2377,0,0,2352,24
test,HierarchicalLocalMean,RegionA,AITraining,2378,0,24.8131887655846,2375,72
test,SameHour24Baseline,RegionA,AITraining,2378,0,0,2352,24
test,HierarchicalLocalMean,RegionA,AITraining,2379,0,24.8131887655846,2375,72
test,SameHour24Baseline,RegionA,AITraining,2379,0,0,2352,24
test,HierarchicalLocalMean,RegionA,AITraining,2380,122,24.8131887655846,2375,72
test,SameHour24Baseline,RegionA,AITraining,2380,122,95,2352,24
test,HierarchicalLocalMean,RegionA,AITraining,2381,0,24.8131887655846,2375,72
test,SameHour24Baseline,RegionA,AITraining,2381,0,0,2352,24
test,HierarchicalLocalMean,RegionA,AITraining,2382,0,24.8131887655846,2375,72
test,SameHour24Baseline,RegionA,AITraining,2382,0,0,2352,24
test,HierarchicalLocalMean,RegionA,AITraining,2383,0,24.8131887655846,2375,72
test,SameHour24Baseline,RegionA,AITraining,2383,0,0,2352,24
test,HierarchicalLocalMean,RegionA,AITraining,2384,0,24.8131887655846,2375,72
test,SameHour24Baseline,RegionA,AITraining,2384,0,0,2352,24
test,HierarchicalLocalMean,RegionA,AITraining,2385,0,24.8131887655846,2375,72
test,SameHour24Baseline,RegionA,AITraining,2385,0,0,2352,24
test,HierarchicalLocalMean,RegionA,AITraining,2386,0,24.8131887655846,2375,72
test,SameHour24Baseline,RegionA,AITraining,2386,0,0,2352,24
test,HierarchicalLocalMean,RegionA,AITraining,2387,0,24.8131887655846,2375,72
test,SameHour24Baseline,RegionA,AITraining,2387,0,0,2352,24
test,HierarchicalLocalMean,RegionA,AITraining,2388,103,24.8131887655846,2375,72
test,SameHour24Baseline,RegionA,AITraining,2388,103,49,2352,24
test,HierarchicalLocalMean,RegionA,AITraining,2389,0,24.8131887655846,2375,72
test,SameHour24Baseline,RegionA,AITraining,2389,0,0,2352,24
test,HierarchicalLocalMean,RegionA,AITraining,2390,0,24.8131887655846,2375,72
test,SameHour24Baseline,RegionA,AITraining,2390,0,0,2352,24
test,HierarchicalLocalMean,RegionA,AITraining,2391,101,24.8131887655846,2375,72
test,SameHour24Baseline,RegionA,AITraining,2391,101,0,2352,24
test,HierarchicalLocalMean,RegionA,AITraining,2392,0,24.8131887655846,2375,72
test,SameHour24Baseline,RegionA,AITraining,2392,0,0,2352,24
test,HierarchicalLocalMean,RegionA,AITraining,2393,0,24.8131887655846,2375,72
test,SameHour24Baseline,RegionA,AITraining,2393,0,16,2352,24
test,HierarchicalLocalMean,RegionA,AITraining,2394,0,24.8131887655846,2375,72
test,SameHour24Baseline,RegionA,AITraining,2394,0,74,2352,24
test,HierarchicalLocalMean,RegionA,AITraining,2395,0,24.8131887655846,2375,72
test,SameHour24Baseline,RegionA,AITraining,2395,0,0,2352,24
test,HierarchicalLocalMean,RegionA,AITraining,2396,95,24.8131887655846,2375,72
test,SameHour24Baseline,RegionA,AITraining,2396,95,0,2352,24
test,HierarchicalLocalMean,RegionA,AITraining,2397,158,24.8131887655846,2375,72
test,SameHour24Baseline,RegionA,AITraining,2397,158,0,2352,24
test,HierarchicalLocalMean,RegionA,AITraining,2398,0,24.8131887655846,2375,72
test,SameHour24Baseline,RegionA,AITraining,2398,0,143,2352,24
test,HierarchicalLocalMean,RegionA,AITraining,2399,0,24.8131887655846,2375,72
test,SameHour24Baseline,RegionA,AITraining,2399,0,84,2352,24
test,HierarchicalLocalMean,RegionA,BatchInference,2376,11,17.7377031915498,2375,72
test,SameHour24Baseline,RegionA,BatchInference,2376,11,9,2352,24
test,HierarchicalLocalMean,RegionA,BatchInference,2377,35,17.7377031915498,2375,72
test,SameHour24Baseline,RegionA,BatchInference,2377,35,22,2352,24
test,HierarchicalLocalMean,RegionA,BatchInference,2378,0,17.7377031915498,2375,72
test,SameHour24Baseline,RegionA,BatchInference,2378,0,4,2352,24
test,HierarchicalLocalMean,RegionA,BatchInference,2379,38,17.7377031915498,2375,72
test,SameHour24Baseline,RegionA,BatchInference,2379,38,62,2352,24
test,HierarchicalLocalMean,RegionA,BatchInference,2380,0,17.7377031915498,2375,72
test,SameHour24Baseline,RegionA,BatchInference,2380,0,17,2352,24
test,HierarchicalLocalMean,RegionA,BatchInference,2381,43,17.7377031915498,2375,72
test,SameHour24Baseline,RegionA,BatchInference,2381,43,0,2352,24
test,HierarchicalLocalMean,RegionA,BatchInference,2382,19,17.7377031915498,2375,72
test,SameHour24Baseline,RegionA,BatchInference,2382,19,21,2352,24
test,HierarchicalLocalMean,RegionA,BatchInference,2383,25,17.7377031915498,2375,72
test,SameHour24Baseline,RegionA,BatchInference,2383,25,0,2352,24
test,HierarchicalLocalMean,RegionA,BatchInference,2384,0,17.7377031915498,2375,72
test,SameHour24Baseline,RegionA,BatchInference,2384,0,12,2352,24
test,HierarchicalLocalMean,RegionA,BatchInference,2385,0,17.7377031915498,2375,72
test,SameHour24Baseline,RegionA,BatchInference,2385,0,17,2352,24
test,HierarchicalLocalMean,RegionA,BatchInference,2386,15,17.7377031915498,2375,72
test,SameHour24Baseline,RegionA,BatchInference,2386,15,5,2352,24
test,HierarchicalLocalMean,RegionA,BatchInference,2387,16,17.7377031915498,2375,72
test,SameHour24Baseline,RegionA,BatchInference,2387,16,19,2352,24
test,HierarchicalLocalMean,RegionA,BatchInference,2388,85,17.7377031915498,2375,72
test,SameHour24Baseline,RegionA,BatchInference,2388,85,39,2352,24
test,HierarchicalLocalMean,RegionA,BatchInference,2389,21,17.7377031915498,2375,72
test,SameHour24Baseline,RegionA,BatchInference,2389,21,0,2352,24
test,HierarchicalLocalMean,RegionA,BatchInference,2390,16,17.7377031915498,2375,72
test,SameHour24Baseline,RegionA,BatchInference,2390,16,14,2352,24
test,HierarchicalLocalMean,RegionA,BatchInference,2391,34,17.7377031915498,2375,72
test,SameHour24Baseline,RegionA,BatchInference,2391,34,9,2352,24
test,HierarchicalLocalMean,RegionA,BatchInference,2392,53,17.7377031915498,2375,72
test,SameHour24Baseline,RegionA,BatchInference,2392,53,0,2352,24
test,HierarchicalLocalMean,RegionA,BatchInference,2393,15,17.7377031915498,2375,72
test,SameHour24Baseline,RegionA,BatchInference,2393,15,19,2352,24
test,HierarchicalLocalMean,RegionA,BatchInference,2394,16,17.7377031915498,2375,72
test,SameHour24Baseline,RegionA,BatchInference,2394,16,10,2352,24
test,HierarchicalLocalMean,RegionA,BatchInference,2395,19,17.7377031915498,2375,72
test,SameHour24Baseline,RegionA,BatchInference,2395,19,32,2352,24
test,HierarchicalLocalMean,RegionA,BatchInference,2396,6,17.7377031915498,2375,72
test,SameHour24Baseline,RegionA,BatchInference,2396,6,0,2352,24
test,HierarchicalLocalMean,RegionA,BatchInference,2397,46,17.7377031915498,2375,72
test,SameHour24Baseline,RegionA,BatchInference,2397,46,18,2352,24
test,HierarchicalLocalMean,RegionA,BatchInference,2398,0,17.7377031915498,2375,72
test,SameHour24Baseline,RegionA,BatchInference,2398,0,8,2352,24
test,HierarchicalLocalMean,RegionA,BatchInference,2399,0,17.7377031915498,2375,72
test,SameHour24Baseline,RegionA,BatchInference,2399,0,44,2352,24
test,HierarchicalLocalMean,RegionA,RealTimeInference,2376,3,9.24077470915683,2375,72
test,SameHour24Baseline,RegionA,RealTimeInference,2376,3,14,2352,24
test,HierarchicalLocalMean,RegionA,RealTimeInference,2377,20,9.24077470915683,2375,72
test,SameHour24Baseline,RegionA,RealTimeInference,2377,20,2,2352,24
test,HierarchicalLocalMean,RegionA,RealTimeInference,2378,8,9.24077470915683,2375,72
test,SameHour24Baseline,RegionA,RealTimeInference,2378,8,8,2352,24
test,HierarchicalLocalMean,RegionA,RealTimeInference,2379,5,9.24077470915683,2375,72
test,SameHour24Baseline,RegionA,RealTimeInference,2379,5,2,2352,24
test,HierarchicalLocalMean,RegionA,RealTimeInference,2380,0,9.24077470915683,2375,72
test,SameHour24Baseline,RegionA,RealTimeInference,2380,0,13,2352,24
test,HierarchicalLocalMean,RegionA,RealTimeInference,2381,7,9.24077470915683,2375,72
test,SameHour24Baseline,RegionA,RealTimeInference,2381,7,9,2352,24
test,HierarchicalLocalMean,RegionA,RealTimeInference,2382,1,9.24077470915683,2375,72
test,SameHour24Baseline,RegionA,RealTimeInference,2382,1,3,2352,24
test,HierarchicalLocalMean,RegionA,RealTimeInference,2383,17,9.24077470915683,2375,72
test,SameHour24Baseline,RegionA,RealTimeInference,2383,17,5,2352,24
test,HierarchicalLocalMean,RegionA,RealTimeInference,2384,12,9.24077470915683,2375,72
test,SameHour24Baseline,RegionA,RealTimeInference,2384,12,8,2352,24
test,HierarchicalLocalMean,RegionA,RealTimeInference,2385,5,9.24077470915683,2375,72
test,SameHour24Baseline,RegionA,RealTimeInference,2385,5,6,2352,24
test,HierarchicalLocalMean,RegionA,RealTimeInference,2386,6,9.24077470915683,2375,72
test,SameHour24Baseline,RegionA,RealTimeInference,2386,6,3,2352,24
test,HierarchicalLocalMean,RegionA,RealTimeInference,2387,11,9.24077470915683,2375,72
test,SameHour24Baseline,RegionA,RealTimeInference,2387,11,0,2352,24
test,HierarchicalLocalMean,RegionA,RealTimeInference,2388,15,9.24077470915683,2375,72
test,SameHour24Baseline,RegionA,RealTimeInference,2388,15,7,2352,24
test,HierarchicalLocalMean,RegionA,RealTimeInference,2389,14,9.24077470915683,2375,72
test,SameHour24Baseline,RegionA,RealTimeInference,2389,14,14,2352,24
test,HierarchicalLocalMean,RegionA,RealTimeInference,2390,0,9.24077470915683,2375,72
test,SameHour24Baseline,RegionA,RealTimeInference,2390,0,13,2352,24
test,HierarchicalLocalMean,RegionA,RealTimeInference,2391,8,9.24077470915683,2375,72
test,SameHour24Baseline,RegionA,RealTimeInference,2391,8,20,2352,24
test,HierarchicalLocalMean,RegionA,RealTimeInference,2392,6,9.24077470915683,2375,72
test,SameHour24Baseline,RegionA,RealTimeInference,2392,6,11,2352,24
test,HierarchicalLocalMean,RegionA,RealTimeInference,2393,19,9.24077470915683,2375,72
test,SameHour24Baseline,RegionA,RealTimeInference,2393,19,8,2352,24
test,HierarchicalLocalMean,RegionA,RealTimeInference,2394,4,9.24077470915683,2375,72
test,SameHour24Baseline,RegionA,RealTimeInference,2394,4,10,2352,24
test,HierarchicalLocalMean,RegionA,RealTimeInference,2395,12,9.24077470915683,2375,72
test,SameHour24Baseline,RegionA,RealTimeInference,2395,12,17,2352,24
test,HierarchicalLocalMean,RegionA,RealTimeInference,2396,16,9.24077470915683,2375,72
test,SameHour24Baseline,RegionA,RealTimeInference,2396,16,0,2352,24
test,HierarchicalLocalMean,RegionA,RealTimeInference,2397,0,9.24077470915683,2375,72
test,SameHour24Baseline,RegionA,RealTimeInference,2397,0,2,2352,24
test,HierarchicalLocalMean,RegionA,RealTimeInference,2398,15,9.24077470915683,2375,72
test,SameHour24Baseline,RegionA,RealTimeInference,2398,15,0,2352,24
test,HierarchicalLocalMean,RegionA,RealTimeInference,2399,4,9.24077470915683,2375,72
test,SameHour24Baseline,RegionA,RealTimeInference,2399,4,5,2352,24
test,HierarchicalLocalMean,RegionB,AITraining,2376,0,30.2056876963795,2375,72
test,SameHour24Baseline,RegionB,AITraining,2376,0,0,2352,24
test,HierarchicalLocalMean,RegionB,AITraining,2377,0,30.2056876963795,2375,72
test,SameHour24Baseline,RegionB,AITraining,2377,0,0,2352,24
test,HierarchicalLocalMean,RegionB,AITraining,2378,0,30.2056876963795,2375,72
test,SameHour24Baseline,RegionB,AITraining,2378,0,0,2352,24
test,HierarchicalLocalMean,RegionB,AITraining,2379,0,30.2056876963795,2375,72
test,SameHour24Baseline,RegionB,AITraining,2379,0,0,2352,24
test,HierarchicalLocalMean,RegionB,AITraining,2380,142,30.2056876963795,2375,72
test,SameHour24Baseline,RegionB,AITraining,2380,142,0,2352,24
test,HierarchicalLocalMean,RegionB,AITraining,2381,71,30.2056876963795,2375,72
test,SameHour24Baseline,RegionB,AITraining,2381,71,0,2352,24
test,HierarchicalLocalMean,RegionB,AITraining,2382,0,30.2056876963795,2375,72
test,SameHour24Baseline,RegionB,AITraining,2382,0,47,2352,24
test,HierarchicalLocalMean,RegionB,AITraining,2383,0,30.2056876963795,2375,72
test,SameHour24Baseline,RegionB,AITraining,2383,0,0,2352,24
test,HierarchicalLocalMean,RegionB,AITraining,2384,78,30.2056876963795,2375,72
test,SameHour24Baseline,RegionB,AITraining,2384,78,0,2352,24
test,HierarchicalLocalMean,RegionB,AITraining,2385,0,30.2056876963795,2375,72
test,SameHour24Baseline,RegionB,AITraining,2385,0,221,2352,24
test,HierarchicalLocalMean,RegionB,AITraining,2386,113,30.2056876963795,2375,72
test,SameHour24Baseline,RegionB,AITraining,2386,113,0,2352,24
test,HierarchicalLocalMean,RegionB,AITraining,2387,0,30.2056876963795,2375,72
test,SameHour24Baseline,RegionB,AITraining,2387,0,82,2352,24
test,HierarchicalLocalMean,RegionB,AITraining,2388,0,30.2056876963795,2375,72
test,SameHour24Baseline,RegionB,AITraining,2388,0,0,2352,24
test,HierarchicalLocalMean,RegionB,AITraining,2389,59,30.2056876963795,2375,72
test,SameHour24Baseline,RegionB,AITraining,2389,59,58,2352,24
test,HierarchicalLocalMean,RegionB,AITraining,2390,0,30.2056876963795,2375,72
test,SameHour24Baseline,RegionB,AITraining,2390,0,0,2352,24
test,HierarchicalLocalMean,RegionB,AITraining,2391,54,30.2056876963795,2375,72
test,SameHour24Baseline,RegionB,AITraining,2391,54,49,2352,24
test,HierarchicalLocalMean,RegionB,AITraining,2392,0,30.2056876963795,2375,72
test,SameHour24Baseline,RegionB,AITraining,2392,0,113,2352,24
test,HierarchicalLocalMean,RegionB,AITraining,2393,0,30.2056876963795,2375,72
test,SameHour24Baseline,RegionB,AITraining,2393,0,95,2352,24
test,HierarchicalLocalMean,RegionB,AITraining,2394,0,30.2056876963795,2375,72
test,SameHour24Baseline,RegionB,AITraining,2394,0,0,2352,24
test,HierarchicalLocalMean,RegionB,AITraining,2395,110,30.2056876963795,2375,72
test,SameHour24Baseline,RegionB,AITraining,2395,110,0,2352,24
test,HierarchicalLocalMean,RegionB,AITraining,2396,51,30.2056876963795,2375,72
test,SameHour24Baseline,RegionB,AITraining,2396,51,0,2352,24
test,HierarchicalLocalMean,RegionB,AITraining,2397,0,30.2056876963795,2375,72
test,SameHour24Baseline,RegionB,AITraining,2397,0,0,2352,24
test,HierarchicalLocalMean,RegionB,AITraining,2398,44,30.2056876963795,2375,72
test,SameHour24Baseline,RegionB,AITraining,2398,44,24,2352,24
test,HierarchicalLocalMean,RegionB,AITraining,2399,0,30.2056876963795,2375,72
test,SameHour24Baseline,RegionB,AITraining,2399,0,175,2352,24
test,HierarchicalLocalMean,RegionB,BatchInference,2376,26,21.428911300548,2375,72
test,SameHour24Baseline,RegionB,BatchInference,2376,26,26,2352,24
test,HierarchicalLocalMean,RegionB,BatchInference,2377,4,21.428911300548,2375,72
test,SameHour24Baseline,RegionB,BatchInference,2377,4,0,2352,24
test,HierarchicalLocalMean,RegionB,BatchInference,2378,18,21.428911300548,2375,72
test,SameHour24Baseline,RegionB,BatchInference,2378,18,33,2352,24
test,HierarchicalLocalMean,RegionB,BatchInference,2379,15,21.428911300548,2375,72
test,SameHour24Baseline,RegionB,BatchInference,2379,15,21,2352,24
test,HierarchicalLocalMean,RegionB,BatchInference,2380,19,21.428911300548,2375,72
test,SameHour24Baseline,RegionB,BatchInference,2380,19,21,2352,24
test,HierarchicalLocalMean,RegionB,BatchInference,2381,4,21.428911300548,2375,72
test,SameHour24Baseline,RegionB,BatchInference,2381,4,53,2352,24
test,HierarchicalLocalMean,RegionB,BatchInference,2382,8,21.428911300548,2375,72
test,SameHour24Baseline,RegionB,BatchInference,2382,8,0,2352,24
test,HierarchicalLocalMean,RegionB,BatchInference,2383,33,21.428911300548,2375,72
test,SameHour24Baseline,RegionB,BatchInference,2383,33,52,2352,24
test,HierarchicalLocalMean,RegionB,BatchInference,2384,0,21.428911300548,2375,72
test,SameHour24Baseline,RegionB,BatchInference,2384,0,11,2352,24
test,HierarchicalLocalMean,RegionB,BatchInference,2385,33,21.428911300548,2375,72
test,SameHour24Baseline,RegionB,BatchInference,2385,33,9,2352,24
test,HierarchicalLocalMean,RegionB,BatchInference,2386,51,21.428911300548,2375,72
test,SameHour24Baseline,RegionB,BatchInference,2386,51,32,2352,24
test,HierarchicalLocalMean,RegionB,BatchInference,2387,33,21.428911300548,2375,72
test,SameHour24Baseline,RegionB,BatchInference,2387,33,15,2352,24
test,HierarchicalLocalMean,RegionB,BatchInference,2388,10,21.428911300548,2375,72
test,SameHour24Baseline,RegionB,BatchInference,2388,10,0,2352,24
test,HierarchicalLocalMean,RegionB,BatchInference,2389,13,21.428911300548,2375,72
test,SameHour24Baseline,RegionB,BatchInference,2389,13,9,2352,24
test,HierarchicalLocalMean,RegionB,BatchInference,2390,30,21.428911300548,2375,72
test,SameHour24Baseline,RegionB,BatchInference,2390,30,0,2352,24
test,HierarchicalLocalMean,RegionB,BatchInference,2391,29,21.428911300548,2375,72
test,SameHour24Baseline,RegionB,BatchInference,2391,29,0,2352,24
test,HierarchicalLocalMean,RegionB,BatchInference,2392,8,21.428911300548,2375,72
test,SameHour24Baseline,RegionB,BatchInference,2392,8,0,2352,24
test,HierarchicalLocalMean,RegionB,BatchInference,2393,0,21.428911300548,2375,72
test,SameHour24Baseline,RegionB,BatchInference,2393,0,0,2352,24
test,HierarchicalLocalMean,RegionB,BatchInference,2394,61,21.428911300548,2375,72
test,SameHour24Baseline,RegionB,BatchInference,2394,61,5,2352,24
test,HierarchicalLocalMean,RegionB,BatchInference,2395,0,21.428911300548,2375,72
test,SameHour24Baseline,RegionB,BatchInference,2395,0,8,2352,24
test,HierarchicalLocalMean,RegionB,BatchInference,2396,17,21.428911300548,2375,72
test,SameHour24Baseline,RegionB,BatchInference,2396,17,75,2352,24
test,HierarchicalLocalMean,RegionB,BatchInference,2397,19,21.428911300548,2375,72
test,SameHour24Baseline,RegionB,BatchInference,2397,19,0,2352,24
test,HierarchicalLocalMean,RegionB,BatchInference,2398,21,21.428911300548,2375,72
test,SameHour24Baseline,RegionB,BatchInference,2398,21,10,2352,24
test,HierarchicalLocalMean,RegionB,BatchInference,2399,75,21.428911300548,2375,72
test,SameHour24Baseline,RegionB,BatchInference,2399,75,0,2352,24
test,HierarchicalLocalMean,RegionB,RealTimeInference,2376,11,9.62928989155037,2375,72
test,SameHour24Baseline,RegionB,RealTimeInference,2376,11,0,2352,24
test,HierarchicalLocalMean,RegionB,RealTimeInference,2377,6,9.62928989155037,2375,72
test,SameHour24Baseline,RegionB,RealTimeInference,2377,6,3,2352,24
test,HierarchicalLocalMean,RegionB,RealTimeInference,2378,5,9.62928989155037,2375,72
test,SameHour24Baseline,RegionB,RealTimeInference,2378,5,7,2352,24
test,HierarchicalLocalMean,RegionB,RealTimeInference,2379,1,9.62928989155037,2375,72
test,SameHour24Baseline,RegionB,RealTimeInference,2379,1,20,2352,24
test,HierarchicalLocalMean,RegionB,RealTimeInference,2380,9,9.62928989155037,2375,72
test,SameHour24Baseline,RegionB,RealTimeInference,2380,9,9,2352,24
test,HierarchicalLocalMean,RegionB,RealTimeInference,2381,7,9.62928989155037,2375,72
test,SameHour24Baseline,RegionB,RealTimeInference,2381,7,14,2352,24
test,HierarchicalLocalMean,RegionB,RealTimeInference,2382,7,9.62928989155037,2375,72
test,SameHour24Baseline,RegionB,RealTimeInference,2382,7,3,2352,24
test,HierarchicalLocalMean,RegionB,RealTimeInference,2383,9,9.62928989155037,2375,72
test,SameHour24Baseline,RegionB,RealTimeInference,2383,9,9,2352,24
test,HierarchicalLocalMean,RegionB,RealTimeInference,2384,7,9.62928989155037,2375,72
test,SameHour24Baseline,RegionB,RealTimeInference,2384,7,4,2352,24
test,HierarchicalLocalMean,RegionB,RealTimeInference,2385,12,9.62928989155037,2375,72
test,SameHour24Baseline,RegionB,RealTimeInference,2385,12,9,2352,24
test,HierarchicalLocalMean,RegionB,RealTimeInference,2386,18,9.62928989155037,2375,72
test,SameHour24Baseline,RegionB,RealTimeInference,2386,18,13,2352,24
test,HierarchicalLocalMean,RegionB,RealTimeInference,2387,15,9.62928989155037,2375,72
test,SameHour24Baseline,RegionB,RealTimeInference,2387,15,2,2352,24
test,HierarchicalLocalMean,RegionB,RealTimeInference,2388,1,9.62928989155037,2375,72
test,SameHour24Baseline,RegionB,RealTimeInference,2388,1,13,2352,24
test,HierarchicalLocalMean,RegionB,RealTimeInference,2389,0,9.62928989155037,2375,72
test,SameHour24Baseline,RegionB,RealTimeInference,2389,0,18,2352,24
test,HierarchicalLocalMean,RegionB,RealTimeInference,2390,8,9.62928989155037,2375,72
test,SameHour24Baseline,RegionB,RealTimeInference,2390,8,9,2352,24
test,HierarchicalLocalMean,RegionB,RealTimeInference,2391,8,9.62928989155037,2375,72
test,SameHour24Baseline,RegionB,RealTimeInference,2391,8,5,2352,24
test,HierarchicalLocalMean,RegionB,RealTimeInference,2392,3,9.62928989155037,2375,72
test,SameHour24Baseline,RegionB,RealTimeInference,2392,3,11,2352,24
test,HierarchicalLocalMean,RegionB,RealTimeInference,2393,13,9.62928989155037,2375,72
test,SameHour24Baseline,RegionB,RealTimeInference,2393,13,5,2352,24
test,HierarchicalLocalMean,RegionB,RealTimeInference,2394,17,9.62928989155037,2375,72
test,SameHour24Baseline,RegionB,RealTimeInference,2394,17,0,2352,24
test,HierarchicalLocalMean,RegionB,RealTimeInference,2395,4,9.62928989155037,2375,72
test,SameHour24Baseline,RegionB,RealTimeInference,2395,4,6,2352,24
test,HierarchicalLocalMean,RegionB,RealTimeInference,2396,14,9.62928989155037,2375,72
test,SameHour24Baseline,RegionB,RealTimeInference,2396,14,29,2352,24
test,HierarchicalLocalMean,RegionB,RealTimeInference,2397,7,9.62928989155037,2375,72
test,SameHour24Baseline,RegionB,RealTimeInference,2397,7,25,2352,24
test,HierarchicalLocalMean,RegionB,RealTimeInference,2398,7,9.62928989155037,2375,72
test,SameHour24Baseline,RegionB,RealTimeInference,2398,7,14,2352,24
test,HierarchicalLocalMean,RegionB,RealTimeInference,2399,1,9.62928989155037,2375,72
test,SameHour24Baseline,RegionB,RealTimeInference,2399,1,6,2352,24
test,HierarchicalLocalMean,RegionC,AITraining,2376,0,21.0676258474889,2375,72
test,SameHour24Baseline,RegionC,AITraining,2376,0,0,2352,24
test,HierarchicalLocalMean,RegionC,AITraining,2377,110,21.0676258474889,2375,72
test,SameHour24Baseline,RegionC,AITraining,2377,110,44,2352,24
test,HierarchicalLocalMean,RegionC,AITraining,2378,17,21.0676258474889,2375,72
test,SameHour24Baseline,RegionC,AITraining,2378,17,0,2352,24
test,HierarchicalLocalMean,RegionC,AITraining,2379,0,21.0676258474889,2375,72
test,SameHour24Baseline,RegionC,AITraining,2379,0,0,2352,24
test,HierarchicalLocalMean,RegionC,AITraining,2380,0,21.0676258474889,2375,72
test,SameHour24Baseline,RegionC,AITraining,2380,0,0,2352,24
test,HierarchicalLocalMean,RegionC,AITraining,2381,68,21.0676258474889,2375,72
test,SameHour24Baseline,RegionC,AITraining,2381,68,48,2352,24
test,HierarchicalLocalMean,RegionC,AITraining,2382,67,21.0676258474889,2375,72
test,SameHour24Baseline,RegionC,AITraining,2382,67,0,2352,24
test,HierarchicalLocalMean,RegionC,AITraining,2383,0,21.0676258474889,2375,72
test,SameHour24Baseline,RegionC,AITraining,2383,0,0,2352,24
test,HierarchicalLocalMean,RegionC,AITraining,2384,0,21.0676258474889,2375,72
test,SameHour24Baseline,RegionC,AITraining,2384,0,26,2352,24
test,HierarchicalLocalMean,RegionC,AITraining,2385,0,21.0676258474889,2375,72
test,SameHour24Baseline,RegionC,AITraining,2385,0,0,2352,24
test,HierarchicalLocalMean,RegionC,AITraining,2386,0,21.0676258474889,2375,72
test,SameHour24Baseline,RegionC,AITraining,2386,0,0,2352,24
test,HierarchicalLocalMean,RegionC,AITraining,2387,91,21.0676258474889,2375,72
test,SameHour24Baseline,RegionC,AITraining,2387,91,0,2352,24
test,HierarchicalLocalMean,RegionC,AITraining,2388,0,21.0676258474889,2375,72
test,SameHour24Baseline,RegionC,AITraining,2388,0,109,2352,24
test,HierarchicalLocalMean,RegionC,AITraining,2389,0,21.0676258474889,2375,72
test,SameHour24Baseline,RegionC,AITraining,2389,0,0,2352,24
test,HierarchicalLocalMean,RegionC,AITraining,2390,0,21.0676258474889,2375,72
test,SameHour24Baseline,RegionC,AITraining,2390,0,45,2352,24
test,HierarchicalLocalMean,RegionC,AITraining,2391,0,21.0676258474889,2375,72
test,SameHour24Baseline,RegionC,AITraining,2391,0,0,2352,24
test,HierarchicalLocalMean,RegionC,AITraining,2392,18,21.0676258474889,2375,72
test,SameHour24Baseline,RegionC,AITraining,2392,18,0,2352,24
test,HierarchicalLocalMean,RegionC,AITraining,2393,0,21.0676258474889,2375,72
test,SameHour24Baseline,RegionC,AITraining,2393,0,0,2352,24
test,HierarchicalLocalMean,RegionC,AITraining,2394,0,21.0676258474889,2375,72
test,SameHour24Baseline,RegionC,AITraining,2394,0,0,2352,24
test,HierarchicalLocalMean,RegionC,AITraining,2395,0,21.0676258474889,2375,72
test,SameHour24Baseline,RegionC,AITraining,2395,0,186,2352,24
test,HierarchicalLocalMean,RegionC,AITraining,2396,0,21.0676258474889,2375,72
test,SameHour24Baseline,RegionC,AITraining,2396,0,0,2352,24
test,HierarchicalLocalMean,RegionC,AITraining,2397,0,21.0676258474889,2375,72
test,SameHour24Baseline,RegionC,AITraining,2397,0,0,2352,24
test,HierarchicalLocalMean,RegionC,AITraining,2398,16,21.0676258474889,2375,72
test,SameHour24Baseline,RegionC,AITraining,2398,16,0,2352,24
test,HierarchicalLocalMean,RegionC,AITraining,2399,37,21.0676258474889,2375,72
test,SameHour24Baseline,RegionC,AITraining,2399,37,0,2352,24
test,HierarchicalLocalMean,RegionC,BatchInference,2376,0,12.4271562618149,2375,72
test,SameHour24Baseline,RegionC,BatchInference,2376,0,4,2352,24
test,HierarchicalLocalMean,RegionC,BatchInference,2377,0,12.4271562618149,2375,72
test,SameHour24Baseline,RegionC,BatchInference,2377,0,19,2352,24
test,HierarchicalLocalMean,RegionC,BatchInference,2378,21,12.4271562618149,2375,72
test,SameHour24Baseline,RegionC,BatchInference,2378,21,26,2352,24
test,HierarchicalLocalMean,RegionC,BatchInference,2379,28,12.4271562618149,2375,72
test,SameHour24Baseline,RegionC,BatchInference,2379,28,22,2352,24
test,HierarchicalLocalMean,RegionC,BatchInference,2380,22,12.4271562618149,2375,72
test,SameHour24Baseline,RegionC,BatchInference,2380,22,0,2352,24
test,HierarchicalLocalMean,RegionC,BatchInference,2381,37,12.4271562618149,2375,72
test,SameHour24Baseline,RegionC,BatchInference,2381,37,0,2352,24
test,HierarchicalLocalMean,RegionC,BatchInference,2382,19,12.4271562618149,2375,72
test,SameHour24Baseline,RegionC,BatchInference,2382,19,7,2352,24
test,HierarchicalLocalMean,RegionC,BatchInference,2383,0,12.4271562618149,2375,72
test,SameHour24Baseline,RegionC,BatchInference,2383,0,34,2352,24
test,HierarchicalLocalMean,RegionC,BatchInference,2384,17,12.4271562618149,2375,72
test,SameHour24Baseline,RegionC,BatchInference,2384,17,19,2352,24
test,HierarchicalLocalMean,RegionC,BatchInference,2385,35,12.4271562618149,2375,72
test,SameHour24Baseline,RegionC,BatchInference,2385,35,38,2352,24
test,HierarchicalLocalMean,RegionC,BatchInference,2386,14,12.4271562618149,2375,72
test,SameHour24Baseline,RegionC,BatchInference,2386,14,0,2352,24
test,HierarchicalLocalMean,RegionC,BatchInference,2387,0,12.4271562618149,2375,72
test,SameHour24Baseline,RegionC,BatchInference,2387,0,0,2352,24
test,HierarchicalLocalMean,RegionC,BatchInference,2388,18,12.4271562618149,2375,72
test,SameHour24Baseline,RegionC,BatchInference,2388,18,15,2352,24
test,HierarchicalLocalMean,RegionC,BatchInference,2389,6,12.4271562618149,2375,72
test,SameHour24Baseline,RegionC,BatchInference,2389,6,15,2352,24
test,HierarchicalLocalMean,RegionC,BatchInference,2390,0,12.4271562618149,2375,72
test,SameHour24Baseline,RegionC,BatchInference,2390,0,16,2352,24
test,HierarchicalLocalMean,RegionC,BatchInference,2391,0,12.4271562618149,2375,72
test,SameHour24Baseline,RegionC,BatchInference,2391,0,20,2352,24
test,HierarchicalLocalMean,RegionC,BatchInference,2392,14,12.4271562618149,2375,72
test,SameHour24Baseline,RegionC,BatchInference,2392,14,10,2352,24
test,HierarchicalLocalMean,RegionC,BatchInference,2393,18,12.4271562618149,2375,72
test,SameHour24Baseline,RegionC,BatchInference,2393,18,0,2352,24
test,HierarchicalLocalMean,RegionC,BatchInference,2394,0,12.4271562618149,2375,72
test,SameHour24Baseline,RegionC,BatchInference,2394,0,0,2352,24
test,HierarchicalLocalMean,RegionC,BatchInference,2395,8,12.4271562618149,2375,72
test,SameHour24Baseline,RegionC,BatchInference,2395,8,0,2352,24
test,HierarchicalLocalMean,RegionC,BatchInference,2396,25,12.4271562618149,2375,72
test,SameHour24Baseline,RegionC,BatchInference,2396,25,17,2352,24
test,HierarchicalLocalMean,RegionC,BatchInference,2397,16,12.4271562618149,2375,72
test,SameHour24Baseline,RegionC,BatchInference,2397,16,0,2352,24
test,HierarchicalLocalMean,RegionC,BatchInference,2398,0,12.4271562618149,2375,72
test,SameHour24Baseline,RegionC,BatchInference,2398,0,5,2352,24
test,HierarchicalLocalMean,RegionC,BatchInference,2399,11,12.4271562618149,2375,72
test,SameHour24Baseline,RegionC,BatchInference,2399,11,8,2352,24
test,HierarchicalLocalMean,RegionC,RealTimeInference,2376,7,6.04688455712595,2375,72
test,SameHour24Baseline,RegionC,RealTimeInference,2376,7,12,2352,24
test,HierarchicalLocalMean,RegionC,RealTimeInference,2377,4,6.04688455712595,2375,72
test,SameHour24Baseline,RegionC,RealTimeInference,2377,4,4,2352,24
test,HierarchicalLocalMean,RegionC,RealTimeInference,2378,0,6.04688455712595,2375,72
test,SameHour24Baseline,RegionC,RealTimeInference,2378,0,4,2352,24
test,HierarchicalLocalMean,RegionC,RealTimeInference,2379,0,6.04688455712595,2375,72
test,SameHour24Baseline,RegionC,RealTimeInference,2379,0,14,2352,24
test,HierarchicalLocalMean,RegionC,RealTimeInference,2380,12,6.04688455712595,2375,72
test,SameHour24Baseline,RegionC,RealTimeInference,2380,12,27,2352,24
test,HierarchicalLocalMean,RegionC,RealTimeInference,2381,12,6.04688455712595,2375,72
test,SameHour24Baseline,RegionC,RealTimeInference,2381,12,20,2352,24
test,HierarchicalLocalMean,RegionC,RealTimeInference,2382,13,6.04688455712595,2375,72
test,SameHour24Baseline,RegionC,RealTimeInference,2382,13,14,2352,24
test,HierarchicalLocalMean,RegionC,RealTimeInference,2383,2,6.04688455712595,2375,72
test,SameHour24Baseline,RegionC,RealTimeInference,2383,2,3,2352,24
test,HierarchicalLocalMean,RegionC,RealTimeInference,2384,6,6.04688455712595,2375,72
test,SameHour24Baseline,RegionC,RealTimeInference,2384,6,6,2352,24
test,HierarchicalLocalMean,RegionC,RealTimeInference,2385,5,6.04688455712595,2375,72
test,SameHour24Baseline,RegionC,RealTimeInference,2385,5,3,2352,24
test,HierarchicalLocalMean,RegionC,RealTimeInference,2386,5,6.04688455712595,2375,72
test,SameHour24Baseline,RegionC,RealTimeInference,2386,5,8,2352,24
test,HierarchicalLocalMean,RegionC,RealTimeInference,2387,25,6.04688455712595,2375,72
test,SameHour24Baseline,RegionC,RealTimeInference,2387,25,5,2352,24
test,HierarchicalLocalMean,RegionC,RealTimeInference,2388,0,6.04688455712595,2375,72
test,SameHour24Baseline,RegionC,RealTimeInference,2388,0,14,2352,24
test,HierarchicalLocalMean,RegionC,RealTimeInference,2389,7,6.04688455712595,2375,72
test,SameHour24Baseline,RegionC,RealTimeInference,2389,7,14,2352,24
test,HierarchicalLocalMean,RegionC,RealTimeInference,2390,7,6.04688455712595,2375,72
test,SameHour24Baseline,RegionC,RealTimeInference,2390,7,13,2352,24
test,HierarchicalLocalMean,RegionC,RealTimeInference,2391,8,6.04688455712595,2375,72
test,SameHour24Baseline,RegionC,RealTimeInference,2391,8,0,2352,24
test,HierarchicalLocalMean,RegionC,RealTimeInference,2392,2,6.04688455712595,2375,72
test,SameHour24Baseline,RegionC,RealTimeInference,2392,2,9,2352,24
test,HierarchicalLocalMean,RegionC,RealTimeInference,2393,4,6.04688455712595,2375,72
test,SameHour24Baseline,RegionC,RealTimeInference,2393,4,3,2352,24
test,HierarchicalLocalMean,RegionC,RealTimeInference,2394,0,6.04688455712595,2375,72
test,SameHour24Baseline,RegionC,RealTimeInference,2394,0,4,2352,24
test,HierarchicalLocalMean,RegionC,RealTimeInference,2395,5,6.04688455712595,2375,72
test,SameHour24Baseline,RegionC,RealTimeInference,2395,5,6,2352,24
test,HierarchicalLocalMean,RegionC,RealTimeInference,2396,7,6.04688455712595,2375,72
test,SameHour24Baseline,RegionC,RealTimeInference,2396,7,0,2352,24
test,HierarchicalLocalMean,RegionC,RealTimeInference,2397,0,6.04688455712595,2375,72
test,SameHour24Baseline,RegionC,RealTimeInference,2397,0,9,2352,24
test,HierarchicalLocalMean,RegionC,RealTimeInference,2398,12,6.04688455712595,2375,72
test,SameHour24Baseline,RegionC,RealTimeInference,2398,12,0,2352,24
test,HierarchicalLocalMean,RegionC,RealTimeInference,2399,13,6.04688455712595,2375,72
test,SameHour24Baseline,RegionC,RealTimeInference,2399,13,4,2352,24
test,HierarchicalLocalMean,RegionD,AITraining,2376,119,167.08091049714,2375,72
test,SameHour24Baseline,RegionD,AITraining,2376,119,168,2352,24
test,HierarchicalLocalMean,RegionD,AITraining,2377,209,167.08091049714,2375,72
test,SameHour24Baseline,RegionD,AITraining,2377,209,188,2352,24
test,HierarchicalLocalMean,RegionD,AITraining,2378,147,167.08091049714,2375,72
test,SameHour24Baseline,RegionD,AITraining,2378,147,194,2352,24
test,HierarchicalLocalMean,RegionD,AITraining,2379,374,167.08091049714,2375,72
test,SameHour24Baseline,RegionD,AITraining,2379,374,139,2352,24
test,HierarchicalLocalMean,RegionD,AITraining,2380,83,167.08091049714,2375,72
test,SameHour24Baseline,RegionD,AITraining,2380,83,53,2352,24
test,HierarchicalLocalMean,RegionD,AITraining,2381,178,167.08091049714,2375,72
test,SameHour24Baseline,RegionD,AITraining,2381,178,75,2352,24
test,HierarchicalLocalMean,RegionD,AITraining,2382,91,167.08091049714,2375,72
test,SameHour24Baseline,RegionD,AITraining,2382,91,291,2352,24
test,HierarchicalLocalMean,RegionD,AITraining,2383,112,167.08091049714,2375,72
test,SameHour24Baseline,RegionD,AITraining,2383,112,179,2352,24
test,HierarchicalLocalMean,RegionD,AITraining,2384,68,167.08091049714,2375,72
test,SameHour24Baseline,RegionD,AITraining,2384,68,195,2352,24
test,HierarchicalLocalMean,RegionD,AITraining,2385,64,167.08091049714,2375,72
test,SameHour24Baseline,RegionD,AITraining,2385,64,165,2352,24
test,HierarchicalLocalMean,RegionD,AITraining,2386,116,167.08091049714,2375,72
test,SameHour24Baseline,RegionD,AITraining,2386,116,0,2352,24
test,HierarchicalLocalMean,RegionD,AITraining,2387,126,167.08091049714,2375,72
test,SameHour24Baseline,RegionD,AITraining,2387,126,30,2352,24
test,HierarchicalLocalMean,RegionD,AITraining,2388,59,167.08091049714,2375,72
test,SameHour24Baseline,RegionD,AITraining,2388,59,33,2352,24
test,HierarchicalLocalMean,RegionD,AITraining,2389,276,167.08091049714,2375,72
test,SameHour24Baseline,RegionD,AITraining,2389,276,86,2352,24
test,HierarchicalLocalMean,RegionD,AITraining,2390,299,167.08091049714,2375,72
test,SameHour24Baseline,RegionD,AITraining,2390,299,160,2352,24
test,HierarchicalLocalMean,RegionD,AITraining,2391,142,167.08091049714,2375,72
test,SameHour24Baseline,RegionD,AITraining,2391,142,231,2352,24
test,HierarchicalLocalMean,RegionD,AITraining,2392,221,167.08091049714,2375,72
test,SameHour24Baseline,RegionD,AITraining,2392,221,256,2352,24
test,HierarchicalLocalMean,RegionD,AITraining,2393,22,167.08091049714,2375,72
test,SameHour24Baseline,RegionD,AITraining,2393,22,111,2352,24
test,HierarchicalLocalMean,RegionD,AITraining,2394,214,167.08091049714,2375,72
test,SameHour24Baseline,RegionD,AITraining,2394,214,93,2352,24
test,HierarchicalLocalMean,RegionD,AITraining,2395,112,167.08091049714,2375,72
test,SameHour24Baseline,RegionD,AITraining,2395,112,221,2352,24
test,HierarchicalLocalMean,RegionD,AITraining,2396,176,167.08091049714,2375,72
test,SameHour24Baseline,RegionD,AITraining,2396,176,178,2352,24
test,HierarchicalLocalMean,RegionD,AITraining,2397,37,167.08091049714,2375,72
test,SameHour24Baseline,RegionD,AITraining,2397,37,205,2352,24
test,HierarchicalLocalMean,RegionD,AITraining,2398,381,167.08091049714,2375,72
test,SameHour24Baseline,RegionD,AITraining,2398,381,125,2352,24
test,HierarchicalLocalMean,RegionD,AITraining,2399,0,167.08091049714,2375,72
test,SameHour24Baseline,RegionD,AITraining,2399,0,41,2352,24
test,HierarchicalLocalMean,RegionD,BatchInference,2376,10,18.5554453133066,2375,72
test,SameHour24Baseline,RegionD,BatchInference,2376,10,39,2352,24
test,HierarchicalLocalMean,RegionD,BatchInference,2377,0,18.5554453133066,2375,72
test,SameHour24Baseline,RegionD,BatchInference,2377,0,72,2352,24
test,HierarchicalLocalMean,RegionD,BatchInference,2378,23,18.5554453133066,2375,72
test,SameHour24Baseline,RegionD,BatchInference,2378,23,16,2352,24
test,HierarchicalLocalMean,RegionD,BatchInference,2379,14,18.5554453133066,2375,72
test,SameHour24Baseline,RegionD,BatchInference,2379,14,35,2352,24
test,HierarchicalLocalMean,RegionD,BatchInference,2380,22,18.5554453133066,2375,72
test,SameHour24Baseline,RegionD,BatchInference,2380,22,15,2352,24
test,HierarchicalLocalMean,RegionD,BatchInference,2381,0,18.5554453133066,2375,72
test,SameHour24Baseline,RegionD,BatchInference,2381,0,15,2352,24
test,HierarchicalLocalMean,RegionD,BatchInference,2382,19,18.5554453133066,2375,72
test,SameHour24Baseline,RegionD,BatchInference,2382,19,5,2352,24
test,HierarchicalLocalMean,RegionD,BatchInference,2383,17,18.5554453133066,2375,72
test,SameHour24Baseline,RegionD,BatchInference,2383,17,23,2352,24
test,HierarchicalLocalMean,RegionD,BatchInference,2384,6,18.5554453133066,2375,72
test,SameHour24Baseline,RegionD,BatchInference,2384,6,0,2352,24
test,HierarchicalLocalMean,RegionD,BatchInference,2385,34,18.5554453133066,2375,72
test,SameHour24Baseline,RegionD,BatchInference,2385,34,0,2352,24
test,HierarchicalLocalMean,RegionD,BatchInference,2386,60,18.5554453133066,2375,72
test,SameHour24Baseline,RegionD,BatchInference,2386,60,19,2352,24
test,HierarchicalLocalMean,RegionD,BatchInference,2387,15,18.5554453133066,2375,72
test,SameHour24Baseline,RegionD,BatchInference,2387,15,19,2352,24
test,HierarchicalLocalMean,RegionD,BatchInference,2388,33,18.5554453133066,2375,72
test,SameHour24Baseline,RegionD,BatchInference,2388,33,10,2352,24
test,HierarchicalLocalMean,RegionD,BatchInference,2389,0,18.5554453133066,2375,72
test,SameHour24Baseline,RegionD,BatchInference,2389,0,57,2352,24
test,HierarchicalLocalMean,RegionD,BatchInference,2390,54,18.5554453133066,2375,72
test,SameHour24Baseline,RegionD,BatchInference,2390,54,22,2352,24
test,HierarchicalLocalMean,RegionD,BatchInference,2391,0,18.5554453133066,2375,72
test,SameHour24Baseline,RegionD,BatchInference,2391,0,5,2352,24
test,HierarchicalLocalMean,RegionD,BatchInference,2392,29,18.5554453133066,2375,72
test,SameHour24Baseline,RegionD,BatchInference,2392,29,38,2352,24
test,HierarchicalLocalMean,RegionD,BatchInference,2393,21,18.5554453133066,2375,72
test,SameHour24Baseline,RegionD,BatchInference,2393,21,0,2352,24
test,HierarchicalLocalMean,RegionD,BatchInference,2394,41,18.5554453133066,2375,72
test,SameHour24Baseline,RegionD,BatchInference,2394,41,36,2352,24
test,HierarchicalLocalMean,RegionD,BatchInference,2395,42,18.5554453133066,2375,72
test,SameHour24Baseline,RegionD,BatchInference,2395,42,23,2352,24
test,HierarchicalLocalMean,RegionD,BatchInference,2396,59,18.5554453133066,2375,72
test,SameHour24Baseline,RegionD,BatchInference,2396,59,23,2352,24
test,HierarchicalLocalMean,RegionD,BatchInference,2397,27,18.5554453133066,2375,72
test,SameHour24Baseline,RegionD,BatchInference,2397,27,15,2352,24
test,HierarchicalLocalMean,RegionD,BatchInference,2398,11,18.5554453133066,2375,72
test,SameHour24Baseline,RegionD,BatchInference,2398,11,19,2352,24
test,HierarchicalLocalMean,RegionD,BatchInference,2399,0,18.5554453133066,2375,72
test,SameHour24Baseline,RegionD,BatchInference,2399,0,0,2352,24
test,HierarchicalLocalMean,RegionD,RealTimeInference,2376,0,0.808088634401325,2375,72
test,SameHour24Baseline,RegionD,RealTimeInference,2376,0,0,2352,24
test,HierarchicalLocalMean,RegionD,RealTimeInference,2377,0,0.808088634401325,2375,72
test,SameHour24Baseline,RegionD,RealTimeInference,2377,0,0,2352,24
test,HierarchicalLocalMean,RegionD,RealTimeInference,2378,0,0.808088634401325,2375,72
test,SameHour24Baseline,RegionD,RealTimeInference,2378,0,0,2352,24
test,HierarchicalLocalMean,RegionD,RealTimeInference,2379,6,0.808088634401325,2375,72
test,SameHour24Baseline,RegionD,RealTimeInference,2379,6,0,2352,24
test,HierarchicalLocalMean,RegionD,RealTimeInference,2380,0,0.808088634401325,2375,72
test,SameHour24Baseline,RegionD,RealTimeInference,2380,0,0,2352,24
test,HierarchicalLocalMean,RegionD,RealTimeInference,2381,0,0.808088634401325,2375,72
test,SameHour24Baseline,RegionD,RealTimeInference,2381,0,0,2352,24
test,HierarchicalLocalMean,RegionD,RealTimeInference,2382,7,0.808088634401325,2375,72
test,SameHour24Baseline,RegionD,RealTimeInference,2382,7,12,2352,24
test,HierarchicalLocalMean,RegionD,RealTimeInference,2383,0,0.808088634401325,2375,72
test,SameHour24Baseline,RegionD,RealTimeInference,2383,0,0,2352,24
test,HierarchicalLocalMean,RegionD,RealTimeInference,2384,0,0.808088634401325,2375,72
test,SameHour24Baseline,RegionD,RealTimeInference,2384,0,0,2352,24
test,HierarchicalLocalMean,RegionD,RealTimeInference,2385,0,0.808088634401325,2375,72
test,SameHour24Baseline,RegionD,RealTimeInference,2385,0,0,2352,24
test,HierarchicalLocalMean,RegionD,RealTimeInference,2386,4,0.808088634401325,2375,72
test,SameHour24Baseline,RegionD,RealTimeInference,2386,4,2,2352,24
test,HierarchicalLocalMean,RegionD,RealTimeInference,2387,0,0.808088634401325,2375,72
test,SameHour24Baseline,RegionD,RealTimeInference,2387,0,0,2352,24
test,HierarchicalLocalMean,RegionD,RealTimeInference,2388,0,0.808088634401325,2375,72
test,SameHour24Baseline,RegionD,RealTimeInference,2388,0,0,2352,24
test,HierarchicalLocalMean,RegionD,RealTimeInference,2389,0,0.808088634401325,2375,72
test,SameHour24Baseline,RegionD,RealTimeInference,2389,0,0,2352,24
test,HierarchicalLocalMean,RegionD,RealTimeInference,2390,0,0.808088634401325,2375,72
test,SameHour24Baseline,RegionD,RealTimeInference,2390,0,0,2352,24
test,HierarchicalLocalMean,RegionD,RealTimeInference,2391,2,0.808088634401325,2375,72
test,SameHour24Baseline,RegionD,RealTimeInference,2391,2,0,2352,24
test,HierarchicalLocalMean,RegionD,RealTimeInference,2392,0,0.808088634401325,2375,72
test,SameHour24Baseline,RegionD,RealTimeInference,2392,0,0,2352,24
test,HierarchicalLocalMean,RegionD,RealTimeInference,2393,0,0.808088634401325,2375,72
test,SameHour24Baseline,RegionD,RealTimeInference,2393,0,0,2352,24
test,HierarchicalLocalMean,RegionD,RealTimeInference,2394,0,0.808088634401325,2375,72
test,SameHour24Baseline,RegionD,RealTimeInference,2394,0,0,2352,24
test,HierarchicalLocalMean,RegionD,RealTimeInference,2395,3,0.808088634401325,2375,72
test,SameHour24Baseline,RegionD,RealTimeInference,2395,3,0,2352,24
test,HierarchicalLocalMean,RegionD,RealTimeInference,2396,0,0.808088634401325,2375,72
test,SameHour24Baseline,RegionD,RealTimeInference,2396,0,0,2352,24
test,HierarchicalLocalMean,RegionD,RealTimeInference,2397,0,0.808088634401325,2375,72
test,SameHour24Baseline,RegionD,RealTimeInference,2397,0,0,2352,24
test,HierarchicalLocalMean,RegionD,RealTimeInference,2398,8,0.808088634401325,2375,72
test,SameHour24Baseline,RegionD,RealTimeInference,2398,8,0,2352,24
test,HierarchicalLocalMean,RegionD,RealTimeInference,2399,0,0.808088634401325,2375,72
test,SameHour24Baseline,RegionD,RealTimeInference,2399,0,0,2352,24
test,HierarchicalLocalMean,RegionE,AITraining,2376,111,112.631052191583,2375,72
test,SameHour24Baseline,RegionE,AITraining,2376,111,120,2352,24
test,HierarchicalLocalMean,RegionE,AITraining,2377,321,112.631052191583,2375,72
test,SameHour24Baseline,RegionE,AITraining,2377,321,43,2352,24
test,HierarchicalLocalMean,RegionE,AITraining,2378,335,112.631052191583,2375,72
test,SameHour24Baseline,RegionE,AITraining,2378,335,96,2352,24
test,HierarchicalLocalMean,RegionE,AITraining,2379,70,112.631052191583,2375,72
test,SameHour24Baseline,RegionE,AITraining,2379,70,0,2352,24
test,HierarchicalLocalMean,RegionE,AITraining,2380,73,112.631052191583,2375,72
test,SameHour24Baseline,RegionE,AITraining,2380,73,58,2352,24
test,HierarchicalLocalMean,RegionE,AITraining,2381,161,112.631052191583,2375,72
test,SameHour24Baseline,RegionE,AITraining,2381,161,107,2352,24
test,HierarchicalLocalMean,RegionE,AITraining,2382,0,112.631052191583,2375,72
test,SameHour24Baseline,RegionE,AITraining,2382,0,237,2352,24
test,HierarchicalLocalMean,RegionE,AITraining,2383,286,112.631052191583,2375,72
test,SameHour24Baseline,RegionE,AITraining,2383,286,193,2352,24
test,HierarchicalLocalMean,RegionE,AITraining,2384,153,112.631052191583,2375,72
test,SameHour24Baseline,RegionE,AITraining,2384,153,298,2352,24
test,HierarchicalLocalMean,RegionE,AITraining,2385,144,112.631052191583,2375,72
test,SameHour24Baseline,RegionE,AITraining,2385,144,349,2352,24
test,HierarchicalLocalMean,RegionE,AITraining,2386,101,112.631052191583,2375,72
test,SameHour24Baseline,RegionE,AITraining,2386,101,207,2352,24
test,HierarchicalLocalMean,RegionE,AITraining,2387,368,112.631052191583,2375,72
test,SameHour24Baseline,RegionE,AITraining,2387,368,23,2352,24
test,HierarchicalLocalMean,RegionE,AITraining,2388,0,112.631052191583,2375,72
test,SameHour24Baseline,RegionE,AITraining,2388,0,0,2352,24
test,HierarchicalLocalMean,RegionE,AITraining,2389,128,112.631052191583,2375,72
test,SameHour24Baseline,RegionE,AITraining,2389,128,0,2352,24
test,HierarchicalLocalMean,RegionE,AITraining,2390,517,112.631052191583,2375,72
test,SameHour24Baseline,RegionE,AITraining,2390,517,0,2352,24
test,HierarchicalLocalMean,RegionE,AITraining,2391,297,112.631052191583,2375,72
test,SameHour24Baseline,RegionE,AITraining,2391,297,110,2352,24
test,HierarchicalLocalMean,RegionE,AITraining,2392,104,112.631052191583,2375,72
test,SameHour24Baseline,RegionE,AITraining,2392,104,167,2352,24
test,HierarchicalLocalMean,RegionE,AITraining,2393,0,112.631052191583,2375,72
test,SameHour24Baseline,RegionE,AITraining,2393,0,274,2352,24
test,HierarchicalLocalMean,RegionE,AITraining,2394,261,112.631052191583,2375,72
test,SameHour24Baseline,RegionE,AITraining,2394,261,24,2352,24
test,HierarchicalLocalMean,RegionE,AITraining,2395,269,112.631052191583,2375,72
test,SameHour24Baseline,RegionE,AITraining,2395,269,69,2352,24
test,HierarchicalLocalMean,RegionE,AITraining,2396,105,112.631052191583,2375,72
test,SameHour24Baseline,RegionE,AITraining,2396,105,0,2352,24
test,HierarchicalLocalMean,RegionE,AITraining,2397,109,112.631052191583,2375,72
test,SameHour24Baseline,RegionE,AITraining,2397,109,41,2352,24
test,HierarchicalLocalMean,RegionE,AITraining,2398,161,112.631052191583,2375,72
test,SameHour24Baseline,RegionE,AITraining,2398,161,252,2352,24
test,HierarchicalLocalMean,RegionE,AITraining,2399,115,112.631052191583,2375,72
test,SameHour24Baseline,RegionE,AITraining,2399,115,46,2352,24
test,HierarchicalLocalMean,RegionE,BatchInference,2376,34,11.4127440688975,2375,72
test,SameHour24Baseline,RegionE,BatchInference,2376,34,0,2352,24
test,HierarchicalLocalMean,RegionE,BatchInference,2377,55,11.4127440688975,2375,72
test,SameHour24Baseline,RegionE,BatchInference,2377,55,0,2352,24
test,HierarchicalLocalMean,RegionE,BatchInference,2378,42,11.4127440688975,2375,72
test,SameHour24Baseline,RegionE,BatchInference,2378,42,0,2352,24
test,HierarchicalLocalMean,RegionE,BatchInference,2379,0,11.4127440688975,2375,72
test,SameHour24Baseline,RegionE,BatchInference,2379,0,0,2352,24
test,HierarchicalLocalMean,RegionE,BatchInference,2380,20,11.4127440688975,2375,72
test,SameHour24Baseline,RegionE,BatchInference,2380,20,4,2352,24
test,HierarchicalLocalMean,RegionE,BatchInference,2381,7,11.4127440688975,2375,72
test,SameHour24Baseline,RegionE,BatchInference,2381,7,18,2352,24
test,HierarchicalLocalMean,RegionE,BatchInference,2382,23,11.4127440688975,2375,72
test,SameHour24Baseline,RegionE,BatchInference,2382,23,36,2352,24
test,HierarchicalLocalMean,RegionE,BatchInference,2383,14,11.4127440688975,2375,72
test,SameHour24Baseline,RegionE,BatchInference,2383,14,0,2352,24
test,HierarchicalLocalMean,RegionE,BatchInference,2384,6,11.4127440688975,2375,72
test,SameHour24Baseline,RegionE,BatchInference,2384,6,39,2352,24
test,HierarchicalLocalMean,RegionE,BatchInference,2385,0,11.4127440688975,2375,72
test,SameHour24Baseline,RegionE,BatchInference,2385,0,8,2352,24
test,HierarchicalLocalMean,RegionE,BatchInference,2386,17,11.4127440688975,2375,72
test,SameHour24Baseline,RegionE,BatchInference,2386,17,14,2352,24
test,HierarchicalLocalMean,RegionE,BatchInference,2387,68,11.4127440688975,2375,72
test,SameHour24Baseline,RegionE,BatchInference,2387,68,0,2352,24
test,HierarchicalLocalMean,RegionE,BatchInference,2388,0,11.4127440688975,2375,72
test,SameHour24Baseline,RegionE,BatchInference,2388,0,44,2352,24
test,HierarchicalLocalMean,RegionE,BatchInference,2389,22,11.4127440688975,2375,72
test,SameHour24Baseline,RegionE,BatchInference,2389,22,0,2352,24
test,HierarchicalLocalMean,RegionE,BatchInference,2390,16,11.4127440688975,2375,72
test,SameHour24Baseline,RegionE,BatchInference,2390,16,19,2352,24
test,HierarchicalLocalMean,RegionE,BatchInference,2391,14,11.4127440688975,2375,72
test,SameHour24Baseline,RegionE,BatchInference,2391,14,11,2352,24
test,HierarchicalLocalMean,RegionE,BatchInference,2392,9,11.4127440688975,2375,72
test,SameHour24Baseline,RegionE,BatchInference,2392,9,15,2352,24
test,HierarchicalLocalMean,RegionE,BatchInference,2393,0,11.4127440688975,2375,72
test,SameHour24Baseline,RegionE,BatchInference,2393,0,22,2352,24
test,HierarchicalLocalMean,RegionE,BatchInference,2394,17,11.4127440688975,2375,72
test,SameHour24Baseline,RegionE,BatchInference,2394,17,0,2352,24
test,HierarchicalLocalMean,RegionE,BatchInference,2395,0,11.4127440688975,2375,72
test,SameHour24Baseline,RegionE,BatchInference,2395,0,0,2352,24
test,HierarchicalLocalMean,RegionE,BatchInference,2396,16,11.4127440688975,2375,72
test,SameHour24Baseline,RegionE,BatchInference,2396,16,0,2352,24
test,HierarchicalLocalMean,RegionE,BatchInference,2397,39,11.4127440688975,2375,72
test,SameHour24Baseline,RegionE,BatchInference,2397,39,17,2352,24
test,HierarchicalLocalMean,RegionE,BatchInference,2398,30,11.4127440688975,2375,72
test,SameHour24Baseline,RegionE,BatchInference,2398,30,12,2352,24
test,HierarchicalLocalMean,RegionE,BatchInference,2399,13,11.4127440688975,2375,72
test,SameHour24Baseline,RegionE,BatchInference,2399,13,16,2352,24
test,HierarchicalLocalMean,RegionE,RealTimeInference,2376,0,1.01175929534884,2375,72
test,SameHour24Baseline,RegionE,RealTimeInference,2376,0,0,2352,24
test,HierarchicalLocalMean,RegionE,RealTimeInference,2377,5,1.01175929534884,2375,72
test,SameHour24Baseline,RegionE,RealTimeInference,2377,5,0,2352,24
test,HierarchicalLocalMean,RegionE,RealTimeInference,2378,2,1.01175929534884,2375,72
test,SameHour24Baseline,RegionE,RealTimeInference,2378,2,0,2352,24
test,HierarchicalLocalMean,RegionE,RealTimeInference,2379,0,1.01175929534884,2375,72
test,SameHour24Baseline,RegionE,RealTimeInference,2379,0,0,2352,24
test,HierarchicalLocalMean,RegionE,RealTimeInference,2380,0,1.01175929534884,2375,72
test,SameHour24Baseline,RegionE,RealTimeInference,2380,0,0,2352,24
test,HierarchicalLocalMean,RegionE,RealTimeInference,2381,0,1.01175929534884,2375,72
test,SameHour24Baseline,RegionE,RealTimeInference,2381,0,6,2352,24
test,HierarchicalLocalMean,RegionE,RealTimeInference,2382,6,1.01175929534884,2375,72
test,SameHour24Baseline,RegionE,RealTimeInference,2382,6,0,2352,24
test,HierarchicalLocalMean,RegionE,RealTimeInference,2383,0,1.01175929534884,2375,72
test,SameHour24Baseline,RegionE,RealTimeInference,2383,0,0,2352,24
test,HierarchicalLocalMean,RegionE,RealTimeInference,2384,4,1.01175929534884,2375,72
test,SameHour24Baseline,RegionE,RealTimeInference,2384,4,1,2352,24
test,HierarchicalLocalMean,RegionE,RealTimeInference,2385,0,1.01175929534884,2375,72
test,SameHour24Baseline,RegionE,RealTimeInference,2385,0,0,2352,24
test,HierarchicalLocalMean,RegionE,RealTimeInference,2386,0,1.01175929534884,2375,72
test,SameHour24Baseline,RegionE,RealTimeInference,2386,0,2,2352,24
test,HierarchicalLocalMean,RegionE,RealTimeInference,2387,0,1.01175929534884,2375,72
test,SameHour24Baseline,RegionE,RealTimeInference,2387,0,0,2352,24
test,HierarchicalLocalMean,RegionE,RealTimeInference,2388,0,1.01175929534884,2375,72
test,SameHour24Baseline,RegionE,RealTimeInference,2388,0,0,2352,24
test,HierarchicalLocalMean,RegionE,RealTimeInference,2389,0,1.01175929534884,2375,72
test,SameHour24Baseline,RegionE,RealTimeInference,2389,0,0,2352,24
test,HierarchicalLocalMean,RegionE,RealTimeInference,2390,0,1.01175929534884,2375,72
test,SameHour24Baseline,RegionE,RealTimeInference,2390,0,0,2352,24
test,HierarchicalLocalMean,RegionE,RealTimeInference,2391,5,1.01175929534884,2375,72
test,SameHour24Baseline,RegionE,RealTimeInference,2391,5,7,2352,24
test,HierarchicalLocalMean,RegionE,RealTimeInference,2392,5,1.01175929534884,2375,72
test,SameHour24Baseline,RegionE,RealTimeInference,2392,5,0,2352,24
test,HierarchicalLocalMean,RegionE,RealTimeInference,2393,0,1.01175929534884,2375,72
test,SameHour24Baseline,RegionE,RealTimeInference,2393,0,0,2352,24
test,HierarchicalLocalMean,RegionE,RealTimeInference,2394,0,1.01175929534884,2375,72
test,SameHour24Baseline,RegionE,RealTimeInference,2394,0,3,2352,24
test,HierarchicalLocalMean,RegionE,RealTimeInference,2395,0,1.01175929534884,2375,72
test,SameHour24Baseline,RegionE,RealTimeInference,2395,0,0,2352,24
test,HierarchicalLocalMean,RegionE,RealTimeInference,2396,0,1.01175929534884,2375,72
test,SameHour24Baseline,RegionE,RealTimeInference,2396,0,0,2352,24
test,HierarchicalLocalMean,RegionE,RealTimeInference,2397,0,1.01175929534884,2375,72
test,SameHour24Baseline,RegionE,RealTimeInference,2397,0,2,2352,24
test,HierarchicalLocalMean,RegionE,RealTimeInference,2398,0,1.01175929534884,2375,72
test,SameHour24Baseline,RegionE,RealTimeInference,2398,0,0,2352,24
test,HierarchicalLocalMean,RegionE,RealTimeInference,2399,4,1.01175929534884,2375,72
test,SameHour24Baseline,RegionE,RealTimeInference,2399,4,0,2352,24
test,HierarchicalLocalMean,RegionF,AITraining,2376,124,133.312646112935,2375,72
test,SameHour24Baseline,RegionF,AITraining,2376,124,127,2352,24
test,HierarchicalLocalMean,RegionF,AITraining,2377,321,133.312646112935,2375,72
test,SameHour24Baseline,RegionF,AITraining,2377,321,88,2352,24
test,HierarchicalLocalMean,RegionF,AITraining,2378,296,133.312646112935,2375,72
test,SameHour24Baseline,RegionF,AITraining,2378,296,31,2352,24
test,HierarchicalLocalMean,RegionF,AITraining,2379,102,133.312646112935,2375,72
test,SameHour24Baseline,RegionF,AITraining,2379,102,220,2352,24
test,HierarchicalLocalMean,RegionF,AITraining,2380,329,133.312646112935,2375,72
test,SameHour24Baseline,RegionF,AITraining,2380,329,425,2352,24
test,HierarchicalLocalMean,RegionF,AITraining,2381,191,133.312646112935,2375,72
test,SameHour24Baseline,RegionF,AITraining,2381,191,25,2352,24
test,HierarchicalLocalMean,RegionF,AITraining,2382,180,133.312646112935,2375,72
test,SameHour24Baseline,RegionF,AITraining,2382,180,37,2352,24
test,HierarchicalLocalMean,RegionF,AITraining,2383,159,133.312646112935,2375,72
test,SameHour24Baseline,RegionF,AITraining,2383,159,330,2352,24
test,HierarchicalLocalMean,RegionF,AITraining,2384,179,133.312646112935,2375,72
test,SameHour24Baseline,RegionF,AITraining,2384,179,236,2352,24
test,HierarchicalLocalMean,RegionF,AITraining,2385,393,133.312646112935,2375,72
test,SameHour24Baseline,RegionF,AITraining,2385,393,126,2352,24
test,HierarchicalLocalMean,RegionF,AITraining,2386,114,133.312646112935,2375,72
test,SameHour24Baseline,RegionF,AITraining,2386,114,101,2352,24
test,HierarchicalLocalMean,RegionF,AITraining,2387,226,133.312646112935,2375,72
test,SameHour24Baseline,RegionF,AITraining,2387,226,118,2352,24
test,HierarchicalLocalMean,RegionF,AITraining,2388,345,133.312646112935,2375,72
test,SameHour24Baseline,RegionF,AITraining,2388,345,118,2352,24
test,HierarchicalLocalMean,RegionF,AITraining,2389,41,133.312646112935,2375,72
test,SameHour24Baseline,RegionF,AITraining,2389,41,125,2352,24
test,HierarchicalLocalMean,RegionF,AITraining,2390,87,133.312646112935,2375,72
test,SameHour24Baseline,RegionF,AITraining,2390,87,198,2352,24
test,HierarchicalLocalMean,RegionF,AITraining,2391,58,133.312646112935,2375,72
test,SameHour24Baseline,RegionF,AITraining,2391,58,192,2352,24
test,HierarchicalLocalMean,RegionF,AITraining,2392,250,133.312646112935,2375,72
test,SameHour24Baseline,RegionF,AITraining,2392,250,0,2352,24
test,HierarchicalLocalMean,RegionF,AITraining,2393,223,133.312646112935,2375,72
test,SameHour24Baseline,RegionF,AITraining,2393,223,334,2352,24
test,HierarchicalLocalMean,RegionF,AITraining,2394,339,133.312646112935,2375,72
test,SameHour24Baseline,RegionF,AITraining,2394,339,122,2352,24
test,HierarchicalLocalMean,RegionF,AITraining,2395,149,133.312646112935,2375,72
test,SameHour24Baseline,RegionF,AITraining,2395,149,135,2352,24
test,HierarchicalLocalMean,RegionF,AITraining,2396,121,133.312646112935,2375,72
test,SameHour24Baseline,RegionF,AITraining,2396,121,151,2352,24
test,HierarchicalLocalMean,RegionF,AITraining,2397,76,133.312646112935,2375,72
test,SameHour24Baseline,RegionF,AITraining,2397,76,163,2352,24
test,HierarchicalLocalMean,RegionF,AITraining,2398,122,133.312646112935,2375,72
test,SameHour24Baseline,RegionF,AITraining,2398,122,91,2352,24
test,HierarchicalLocalMean,RegionF,AITraining,2399,271,133.312646112935,2375,72
test,SameHour24Baseline,RegionF,AITraining,2399,271,0,2352,24
test,HierarchicalLocalMean,RegionF,BatchInference,2376,17,12.3547065305498,2375,72
test,SameHour24Baseline,RegionF,BatchInference,2376,17,0,2352,24
test,HierarchicalLocalMean,RegionF,BatchInference,2377,0,12.3547065305498,2375,72
test,SameHour24Baseline,RegionF,BatchInference,2377,0,50,2352,24
test,HierarchicalLocalMean,RegionF,BatchInference,2378,9,12.3547065305498,2375,72
test,SameHour24Baseline,RegionF,BatchInference,2378,9,0,2352,24
test,HierarchicalLocalMean,RegionF,BatchInference,2379,9,12.3547065305498,2375,72
test,SameHour24Baseline,RegionF,BatchInference,2379,9,0,2352,24
test,HierarchicalLocalMean,RegionF,BatchInference,2380,16,12.3547065305498,2375,72
test,SameHour24Baseline,RegionF,BatchInference,2380,16,20,2352,24
test,HierarchicalLocalMean,RegionF,BatchInference,2381,0,12.3547065305498,2375,72
test,SameHour24Baseline,RegionF,BatchInference,2381,0,20,2352,24
test,HierarchicalLocalMean,RegionF,BatchInference,2382,0,12.3547065305498,2375,72
test,SameHour24Baseline,RegionF,BatchInference,2382,0,14,2352,24
test,HierarchicalLocalMean,RegionF,BatchInference,2383,0,12.3547065305498,2375,72
test,SameHour24Baseline,RegionF,BatchInference,2383,0,0,2352,24
test,HierarchicalLocalMean,RegionF,BatchInference,2384,0,12.3547065305498,2375,72
test,SameHour24Baseline,RegionF,BatchInference,2384,0,9,2352,24
test,HierarchicalLocalMean,RegionF,BatchInference,2385,0,12.3547065305498,2375,72
test,SameHour24Baseline,RegionF,BatchInference,2385,0,15,2352,24
test,HierarchicalLocalMean,RegionF,BatchInference,2386,12,12.3547065305498,2375,72
test,SameHour24Baseline,RegionF,BatchInference,2386,12,20,2352,24
test,HierarchicalLocalMean,RegionF,BatchInference,2387,0,12.3547065305498,2375,72
test,SameHour24Baseline,RegionF,BatchInference,2387,0,0,2352,24
test,HierarchicalLocalMean,RegionF,BatchInference,2388,0,12.3547065305498,2375,72
test,SameHour24Baseline,RegionF,BatchInference,2388,0,7,2352,24
test,HierarchicalLocalMean,RegionF,BatchInference,2389,7,12.3547065305498,2375,72
test,SameHour24Baseline,RegionF,BatchInference,2389,7,0,2352,24
test,HierarchicalLocalMean,RegionF,BatchInference,2390,15,12.3547065305498,2375,72
test,SameHour24Baseline,RegionF,BatchInference,2390,15,0,2352,24
test,HierarchicalLocalMean,RegionF,BatchInference,2391,21,12.3547065305498,2375,72
test,SameHour24Baseline,RegionF,BatchInference,2391,21,4,2352,24
test,HierarchicalLocalMean,RegionF,BatchInference,2392,0,12.3547065305498,2375,72
test,SameHour24Baseline,RegionF,BatchInference,2392,0,13,2352,24
test,HierarchicalLocalMean,RegionF,BatchInference,2393,23,12.3547065305498,2375,72
test,SameHour24Baseline,RegionF,BatchInference,2393,23,0,2352,24
test,HierarchicalLocalMean,RegionF,BatchInference,2394,17,12.3547065305498,2375,72
test,SameHour24Baseline,RegionF,BatchInference,2394,17,0,2352,24
test,HierarchicalLocalMean,RegionF,BatchInference,2395,0,12.3547065305498,2375,72
test,SameHour24Baseline,RegionF,BatchInference,2395,0,23,2352,24
test,HierarchicalLocalMean,RegionF,BatchInference,2396,14,12.3547065305498,2375,72
test,SameHour24Baseline,RegionF,BatchInference,2396,14,17,2352,24
test,HierarchicalLocalMean,RegionF,BatchInference,2397,39,12.3547065305498,2375,72
test,SameHour24Baseline,RegionF,BatchInference,2397,39,9,2352,24
test,HierarchicalLocalMean,RegionF,BatchInference,2398,36,12.3547065305498,2375,72
test,SameHour24Baseline,RegionF,BatchInference,2398,36,14,2352,24
test,HierarchicalLocalMean,RegionF,BatchInference,2399,0,12.3547065305498,2375,72
test,SameHour24Baseline,RegionF,BatchInference,2399,0,7,2352,24
test,HierarchicalLocalMean,RegionF,RealTimeInference,2376,0,0.902091801305564,2375,72
test,SameHour24Baseline,RegionF,RealTimeInference,2376,0,0,2352,24
test,HierarchicalLocalMean,RegionF,RealTimeInference,2377,2,0.902091801305564,2375,72
test,SameHour24Baseline,RegionF,RealTimeInference,2377,2,0,2352,24
test,HierarchicalLocalMean,RegionF,RealTimeInference,2378,0,0.902091801305564,2375,72
test,SameHour24Baseline,RegionF,RealTimeInference,2378,0,0,2352,24
test,HierarchicalLocalMean,RegionF,RealTimeInference,2379,0,0.902091801305564,2375,72
test,SameHour24Baseline,RegionF,RealTimeInference,2379,0,0,2352,24
test,HierarchicalLocalMean,RegionF,RealTimeInference,2380,0,0.902091801305564,2375,72
test,SameHour24Baseline,RegionF,RealTimeInference,2380,0,0,2352,24
test,HierarchicalLocalMean,RegionF,RealTimeInference,2381,0,0.902091801305564,2375,72
test,SameHour24Baseline,RegionF,RealTimeInference,2381,0,0,2352,24
test,HierarchicalLocalMean,RegionF,RealTimeInference,2382,1,0.902091801305564,2375,72
test,SameHour24Baseline,RegionF,RealTimeInference,2382,1,0,2352,24
test,HierarchicalLocalMean,RegionF,RealTimeInference,2383,0,0.902091801305564,2375,72
test,SameHour24Baseline,RegionF,RealTimeInference,2383,0,0,2352,24
test,HierarchicalLocalMean,RegionF,RealTimeInference,2384,0,0.902091801305564,2375,72
test,SameHour24Baseline,RegionF,RealTimeInference,2384,0,0,2352,24
test,HierarchicalLocalMean,RegionF,RealTimeInference,2385,7,0.902091801305564,2375,72
test,SameHour24Baseline,RegionF,RealTimeInference,2385,7,7,2352,24
test,HierarchicalLocalMean,RegionF,RealTimeInference,2386,0,0.902091801305564,2375,72
test,SameHour24Baseline,RegionF,RealTimeInference,2386,0,6,2352,24
test,HierarchicalLocalMean,RegionF,RealTimeInference,2387,0,0.902091801305564,2375,72
test,SameHour24Baseline,RegionF,RealTimeInference,2387,0,0,2352,24
test,HierarchicalLocalMean,RegionF,RealTimeInference,2388,0,0.902091801305564,2375,72
test,SameHour24Baseline,RegionF,RealTimeInference,2388,0,0,2352,24
test,HierarchicalLocalMean,RegionF,RealTimeInference,2389,0,0.902091801305564,2375,72
test,SameHour24Baseline,RegionF,RealTimeInference,2389,0,1,2352,24
test,HierarchicalLocalMean,RegionF,RealTimeInference,2390,0,0.902091801305564,2375,72
test,SameHour24Baseline,RegionF,RealTimeInference,2390,0,0,2352,24
test,HierarchicalLocalMean,RegionF,RealTimeInference,2391,0,0.902091801305564,2375,72
test,SameHour24Baseline,RegionF,RealTimeInference,2391,0,0,2352,24
test,HierarchicalLocalMean,RegionF,RealTimeInference,2392,1,0.902091801305564,2375,72
test,SameHour24Baseline,RegionF,RealTimeInference,2392,1,0,2352,24
test,HierarchicalLocalMean,RegionF,RealTimeInference,2393,0,0.902091801305564,2375,72
test,SameHour24Baseline,RegionF,RealTimeInference,2393,0,0,2352,24
test,HierarchicalLocalMean,RegionF,RealTimeInference,2394,0,0.902091801305564,2375,72
test,SameHour24Baseline,RegionF,RealTimeInference,2394,0,0,2352,24
test,HierarchicalLocalMean,RegionF,RealTimeInference,2395,0,0.902091801305564,2375,72
test,SameHour24Baseline,RegionF,RealTimeInference,2395,0,0,2352,24
test,HierarchicalLocalMean,RegionF,RealTimeInference,2396,0,0.902091801305564,2375,72
test,SameHour24Baseline,RegionF,RealTimeInference,2396,0,8,2352,24
test,HierarchicalLocalMean,RegionF,RealTimeInference,2397,0,0.902091801305564,2375,72
test,SameHour24Baseline,RegionF,RealTimeInference,2397,0,0,2352,24
test,HierarchicalLocalMean,RegionF,RealTimeInference,2398,3,0.902091801305564,2375,72
test,SameHour24Baseline,RegionF,RealTimeInference,2398,3,0,2352,24
test,HierarchicalLocalMean,RegionF,RealTimeInference,2399,1,0.902091801305564,2375,72
test,SameHour24Baseline,RegionF,RealTimeInference,2399,1,1,2352,24
validation,HierarchicalLocalMean,RegionA,AITraining,2352,0,24.2923607773767,2351,72
validation,SameHour24Baseline,RegionA,AITraining,2352,0,0,2328,24
validation,HierarchicalLocalMean,RegionA,AITraining,2353,0,24.2923607773767,2351,72
validation,SameHour24Baseline,RegionA,AITraining,2353,0,0,2328,24
validation,HierarchicalLocalMean,RegionA,AITraining,2354,0,24.2923607773767,2351,72
validation,SameHour24Baseline,RegionA,AITraining,2354,0,0,2328,24
validation,HierarchicalLocalMean,RegionA,AITraining,2355,0,24.2923607773767,2351,72
validation,SameHour24Baseline,RegionA,AITraining,2355,0,0,2328,24
validation,HierarchicalLocalMean,RegionA,AITraining,2356,95,24.2923607773767,2351,72
validation,SameHour24Baseline,RegionA,AITraining,2356,95,0,2328,24
validation,HierarchicalLocalMean,RegionA,AITraining,2357,0,24.2923607773767,2351,72
validation,SameHour24Baseline,RegionA,AITraining,2357,0,0,2328,24
validation,HierarchicalLocalMean,RegionA,AITraining,2358,0,24.2923607773767,2351,72
validation,SameHour24Baseline,RegionA,AITraining,2358,0,0,2328,24
validation,HierarchicalLocalMean,RegionA,AITraining,2359,0,24.2923607773767,2351,72
validation,SameHour24Baseline,RegionA,AITraining,2359,0,105,2328,24
validation,HierarchicalLocalMean,RegionA,AITraining,2360,0,24.2923607773767,2351,72
validation,SameHour24Baseline,RegionA,AITraining,2360,0,163,2328,24
validation,HierarchicalLocalMean,RegionA,AITraining,2361,0,24.2923607773767,2351,72
validation,SameHour24Baseline,RegionA,AITraining,2361,0,123,2328,24
validation,HierarchicalLocalMean,RegionA,AITraining,2362,0,24.2923607773767,2351,72
validation,SameHour24Baseline,RegionA,AITraining,2362,0,44,2328,24
validation,HierarchicalLocalMean,RegionA,AITraining,2363,0,24.2923607773767,2351,72
validation,SameHour24Baseline,RegionA,AITraining,2363,0,212,2328,24
validation,HierarchicalLocalMean,RegionA,AITraining,2364,49,24.2923607773767,2351,72
validation,SameHour24Baseline,RegionA,AITraining,2364,49,114,2328,24
validation,HierarchicalLocalMean,RegionA,AITraining,2365,0,24.2923607773767,2351,72
validation,SameHour24Baseline,RegionA,AITraining,2365,0,0,2328,24
validation,HierarchicalLocalMean,RegionA,AITraining,2366,0,24.2923607773767,2351,72
validation,SameHour24Baseline,RegionA,AITraining,2366,0,0,2328,24
validation,HierarchicalLocalMean,RegionA,AITraining,2367,0,24.2923607773767,2351,72
validation,SameHour24Baseline,RegionA,AITraining,2367,0,0,2328,24
validation,HierarchicalLocalMean,RegionA,AITraining,2368,0,24.2923607773767,2351,72
validation,SameHour24Baseline,RegionA,AITraining,2368,0,102,2328,24
validation,HierarchicalLocalMean,RegionA,AITraining,2369,16,24.2923607773767,2351,72
validation,SameHour24Baseline,RegionA,AITraining,2369,16,0,2328,24
validation,HierarchicalLocalMean,RegionA,AITraining,2370,74,24.2923607773767,2351,72
validation,SameHour24Baseline,RegionA,AITraining,2370,74,0,2328,24
validation,HierarchicalLocalMean,RegionA,AITraining,2371,0,24.2923607773767,2351,72
validation,SameHour24Baseline,RegionA,AITraining,2371,0,0,2328,24
validation,HierarchicalLocalMean,RegionA,AITraining,2372,0,24.2923607773767,2351,72
validation,SameHour24Baseline,RegionA,AITraining,2372,0,0,2328,24
validation,HierarchicalLocalMean,RegionA,AITraining,2373,0,24.2923607773767,2351,72
validation,SameHour24Baseline,RegionA,AITraining,2373,0,0,2328,24
validation,HierarchicalLocalMean,RegionA,AITraining,2374,143,24.2923607773767,2351,72
validation,SameHour24Baseline,RegionA,AITraining,2374,143,103,2328,24
validation,HierarchicalLocalMean,RegionA,AITraining,2375,84,24.2923607773767,2351,72
validation,SameHour24Baseline,RegionA,AITraining,2375,84,0,2328,24
validation,HierarchicalLocalMean,RegionA,BatchInference,2352,9,18.7098994240142,2351,72
validation,SameHour24Baseline,RegionA,BatchInference,2352,9,0,2328,24
validation,HierarchicalLocalMean,RegionA,BatchInference,2353,22,18.7098994240142,2351,72
validation,SameHour24Baseline,RegionA,BatchInference,2353,22,8,2328,24
validation,HierarchicalLocalMean,RegionA,BatchInference,2354,4,18.7098994240142,2351,72
validation,SameHour24Baseline,RegionA,BatchInference,2354,4,15,2328,24
validation,HierarchicalLocalMean,RegionA,BatchInference,2355,62,18.7098994240142,2351,72
validation,SameHour24Baseline,RegionA,BatchInference,2355,62,15,2328,24
validation,HierarchicalLocalMean,RegionA,BatchInference,2356,17,18.7098994240142,2351,72
validation,SameHour24Baseline,RegionA,BatchInference,2356,17,44,2328,24
validation,HierarchicalLocalMean,RegionA,BatchInference,2357,0,18.7098994240142,2351,72
validation,SameHour24Baseline,RegionA,BatchInference,2357,0,0,2328,24
validation,HierarchicalLocalMean,RegionA,BatchInference,2358,21,18.7098994240142,2351,72
validation,SameHour24Baseline,RegionA,BatchInference,2358,21,12,2328,24
validation,HierarchicalLocalMean,RegionA,BatchInference,2359,0,18.7098994240142,2351,72
validation,SameHour24Baseline,RegionA,BatchInference,2359,0,44,2328,24
validation,HierarchicalLocalMean,RegionA,BatchInference,2360,12,18.7098994240142,2351,72
validation,SameHour24Baseline,RegionA,BatchInference,2360,12,5,2328,24
validation,HierarchicalLocalMean,RegionA,BatchInference,2361,17,18.7098994240142,2351,72
validation,SameHour24Baseline,RegionA,BatchInference,2361,17,17,2328,24
validation,HierarchicalLocalMean,RegionA,BatchInference,2362,5,18.7098994240142,2351,72
validation,SameHour24Baseline,RegionA,BatchInference,2362,5,23,2328,24
validation,HierarchicalLocalMean,RegionA,BatchInference,2363,19,18.7098994240142,2351,72
validation,SameHour24Baseline,RegionA,BatchInference,2363,19,47,2328,24
validation,HierarchicalLocalMean,RegionA,BatchInference,2364,39,18.7098994240142,2351,72
validation,SameHour24Baseline,RegionA,BatchInference,2364,39,18,2328,24
validation,HierarchicalLocalMean,RegionA,BatchInference,2365,0,18.7098994240142,2351,72
validation,SameHour24Baseline,RegionA,BatchInference,2365,0,32,2328,24
validation,HierarchicalLocalMean,RegionA,BatchInference,2366,14,18.7098994240142,2351,72
validation,SameHour24Baseline,RegionA,BatchInference,2366,14,43,2328,24
validation,HierarchicalLocalMean,RegionA,BatchInference,2367,9,18.7098994240142,2351,72
validation,SameHour24Baseline,RegionA,BatchInference,2367,9,30,2328,24
validation,HierarchicalLocalMean,RegionA,BatchInference,2368,0,18.7098994240142,2351,72
validation,SameHour24Baseline,RegionA,BatchInference,2368,0,21,2328,24
validation,HierarchicalLocalMean,RegionA,BatchInference,2369,19,18.7098994240142,2351,72
validation,SameHour24Baseline,RegionA,BatchInference,2369,19,22,2328,24
validation,HierarchicalLocalMean,RegionA,BatchInference,2370,10,18.7098994240142,2351,72
validation,SameHour24Baseline,RegionA,BatchInference,2370,10,18,2328,24
validation,HierarchicalLocalMean,RegionA,BatchInference,2371,32,18.7098994240142,2351,72
validation,SameHour24Baseline,RegionA,BatchInference,2371,32,5,2328,24
validation,HierarchicalLocalMean,RegionA,BatchInference,2372,0,18.7098994240142,2351,72
validation,SameHour24Baseline,RegionA,BatchInference,2372,0,0,2328,24
validation,HierarchicalLocalMean,RegionA,BatchInference,2373,18,18.7098994240142,2351,72
validation,SameHour24Baseline,RegionA,BatchInference,2373,18,37,2328,24
validation,HierarchicalLocalMean,RegionA,BatchInference,2374,8,18.7098994240142,2351,72
validation,SameHour24Baseline,RegionA,BatchInference,2374,8,28,2328,24
validation,HierarchicalLocalMean,RegionA,BatchInference,2375,44,18.7098994240142,2351,72
validation,SameHour24Baseline,RegionA,BatchInference,2375,44,0,2328,24
validation,HierarchicalLocalMean,RegionA,RealTimeInference,2352,14,9.73385090985676,2351,72
validation,SameHour24Baseline,RegionA,RealTimeInference,2352,14,18,2328,24
validation,HierarchicalLocalMean,RegionA,RealTimeInference,2353,2,9.73385090985676,2351,72
validation,SameHour24Baseline,RegionA,RealTimeInference,2353,2,19,2328,24
validation,HierarchicalLocalMean,RegionA,RealTimeInference,2354,8,9.73385090985676,2351,72
validation,SameHour24Baseline,RegionA,RealTimeInference,2354,8,7,2328,24
validation,HierarchicalLocalMean,RegionA,RealTimeInference,2355,2,9.73385090985676,2351,72
validation,SameHour24Baseline,RegionA,RealTimeInference,2355,2,18,2328,24
validation,HierarchicalLocalMean,RegionA,RealTimeInference,2356,13,9.73385090985676,2351,72
validation,SameHour24Baseline,RegionA,RealTimeInference,2356,13,15,2328,24
validation,HierarchicalLocalMean,RegionA,RealTimeInference,2357,9,9.73385090985676,2351,72
validation,SameHour24Baseline,RegionA,RealTimeInference,2357,9,9,2328,24
validation,HierarchicalLocalMean,RegionA,RealTimeInference,2358,3,9.73385090985676,2351,72
validation,SameHour24Baseline,RegionA,RealTimeInference,2358,3,4,2328,24
validation,HierarchicalLocalMean,RegionA,RealTimeInference,2359,5,9.73385090985676,2351,72
validation,SameHour24Baseline,RegionA,RealTimeInference,2359,5,9,2328,24
validation,HierarchicalLocalMean,RegionA,RealTimeInference,2360,8,9.73385090985676,2351,72
validation,SameHour24Baseline,RegionA,RealTimeInference,2360,8,9,2328,24
validation,HierarchicalLocalMean,RegionA,RealTimeInference,2361,6,9.73385090985676,2351,72
validation,SameHour24Baseline,RegionA,RealTimeInference,2361,6,9,2328,24
validation,HierarchicalLocalMean,RegionA,RealTimeInference,2362,3,9.73385090985676,2351,72
validation,SameHour24Baseline,RegionA,RealTimeInference,2362,3,23,2328,24
validation,HierarchicalLocalMean,RegionA,RealTimeInference,2363,0,9.73385090985676,2351,72
validation,SameHour24Baseline,RegionA,RealTimeInference,2363,0,4,2328,24
validation,HierarchicalLocalMean,RegionA,RealTimeInference,2364,7,9.73385090985676,2351,72
validation,SameHour24Baseline,RegionA,RealTimeInference,2364,7,8,2328,24
validation,HierarchicalLocalMean,RegionA,RealTimeInference,2365,14,9.73385090985676,2351,72
validation,SameHour24Baseline,RegionA,RealTimeInference,2365,14,12,2328,24
validation,HierarchicalLocalMean,RegionA,RealTimeInference,2366,13,9.73385090985676,2351,72
validation,SameHour24Baseline,RegionA,RealTimeInference,2366,13,10,2328,24
validation,HierarchicalLocalMean,RegionA,RealTimeInference,2367,20,9.73385090985676,2351,72
validation,SameHour24Baseline,RegionA,RealTimeInference,2367,20,6,2328,24
validation,HierarchicalLocalMean,RegionA,RealTimeInference,2368,11,9.73385090985676,2351,72
validation,SameHour24Baseline,RegionA,RealTimeInference,2368,11,11,2328,24
validation,HierarchicalLocalMean,RegionA,RealTimeInference,2369,8,9.73385090985676,2351,72
validation,SameHour24Baseline,RegionA,RealTimeInference,2369,8,26,2328,24
validation,HierarchicalLocalMean,RegionA,RealTimeInference,2370,10,9.73385090985676,2351,72
validation,SameHour24Baseline,RegionA,RealTimeInference,2370,10,4,2328,24
validation,HierarchicalLocalMean,RegionA,RealTimeInference,2371,17,9.73385090985676,2351,72
validation,SameHour24Baseline,RegionA,RealTimeInference,2371,17,7,2328,24
validation,HierarchicalLocalMean,RegionA,RealTimeInference,2372,0,9.73385090985676,2351,72
validation,SameHour24Baseline,RegionA,RealTimeInference,2372,0,9,2328,24
validation,HierarchicalLocalMean,RegionA,RealTimeInference,2373,2,9.73385090985676,2351,72
validation,SameHour24Baseline,RegionA,RealTimeInference,2373,2,19,2328,24
validation,HierarchicalLocalMean,RegionA,RealTimeInference,2374,0,9.73385090985676,2351,72
validation,SameHour24Baseline,RegionA,RealTimeInference,2374,0,7,2328,24
validation,HierarchicalLocalMean,RegionA,RealTimeInference,2375,5,9.73385090985676,2351,72
validation,SameHour24Baseline,RegionA,RealTimeInference,2375,5,10,2328,24
validation,HierarchicalLocalMean,RegionB,AITraining,2352,0,26.6771464606876,2351,72
validation,SameHour24Baseline,RegionB,AITraining,2352,0,114,2328,24
validation,HierarchicalLocalMean,RegionB,AITraining,2353,0,26.6771464606876,2351,72
validation,SameHour24Baseline,RegionB,AITraining,2353,0,0,2328,24
validation,HierarchicalLocalMean,RegionB,AITraining,2354,0,26.6771464606876,2351,72
validation,SameHour24Baseline,RegionB,AITraining,2354,0,79,2328,24
validation,HierarchicalLocalMean,RegionB,AITraining,2355,0,26.6771464606876,2351,72
validation,SameHour24Baseline,RegionB,AITraining,2355,0,0,2328,24
validation,HierarchicalLocalMean,RegionB,AITraining,2356,0,26.6771464606876,2351,72
validation,SameHour24Baseline,RegionB,AITraining,2356,0,106,2328,24
validation,HierarchicalLocalMean,RegionB,AITraining,2357,0,26.6771464606876,2351,72
validation,SameHour24Baseline,RegionB,AITraining,2357,0,0,2328,24
validation,HierarchicalLocalMean,RegionB,AITraining,2358,47,26.6771464606876,2351,72
validation,SameHour24Baseline,RegionB,AITraining,2358,47,0,2328,24
validation,HierarchicalLocalMean,RegionB,AITraining,2359,0,26.6771464606876,2351,72
validation,SameHour24Baseline,RegionB,AITraining,2359,0,140,2328,24
validation,HierarchicalLocalMean,RegionB,AITraining,2360,0,26.6771464606876,2351,72
validation,SameHour24Baseline,RegionB,AITraining,2360,0,0,2328,24
validation,HierarchicalLocalMean,RegionB,AITraining,2361,221,26.6771464606876,2351,72
validation,SameHour24Baseline,RegionB,AITraining,2361,221,0,2328,24
validation,HierarchicalLocalMean,RegionB,AITraining,2362,0,26.6771464606876,2351,72
validation,SameHour24Baseline,RegionB,AITraining,2362,0,0,2328,24
validation,HierarchicalLocalMean,RegionB,AITraining,2363,82,26.6771464606876,2351,72
validation,SameHour24Baseline,RegionB,AITraining,2363,82,40,2328,24
validation,HierarchicalLocalMean,RegionB,AITraining,2364,0,26.6771464606876,2351,72
validation,SameHour24Baseline,RegionB,AITraining,2364,0,23,2328,24
validation,HierarchicalLocalMean,RegionB,AITraining,2365,58,26.6771464606876,2351,72
validation,SameHour24Baseline,RegionB,AITraining,2365,58,0,2328,24
validation,HierarchicalLocalMean,RegionB,AITraining,2366,0,26.6771464606876,2351,72
validation,SameHour24Baseline,RegionB,AITraining,2366,0,77,2328,24
validation,HierarchicalLocalMean,RegionB,AITraining,2367,49,26.6771464606876,2351,72
validation,SameHour24Baseline,RegionB,AITraining,2367,49,0,2328,24
validation,HierarchicalLocalMean,RegionB,AITraining,2368,113,26.6771464606876,2351,72
validation,SameHour24Baseline,RegionB,AITraining,2368,113,127,2328,24
validation,HierarchicalLocalMean,RegionB,AITraining,2369,95,26.6771464606876,2351,72
validation,SameHour24Baseline,RegionB,AITraining,2369,95,0,2328,24
validation,HierarchicalLocalMean,RegionB,AITraining,2370,0,26.6771464606876,2351,72
validation,SameHour24Baseline,RegionB,AITraining,2370,0,210,2328,24
validation,HierarchicalLocalMean,RegionB,AITraining,2371,0,26.6771464606876,2351,72
validation,SameHour24Baseline,RegionB,AITraining,2371,0,0,2328,24
validation,HierarchicalLocalMean,RegionB,AITraining,2372,0,26.6771464606876,2351,72
validation,SameHour24Baseline,RegionB,AITraining,2372,0,68,2328,24
validation,HierarchicalLocalMean,RegionB,AITraining,2373,0,26.6771464606876,2351,72
validation,SameHour24Baseline,RegionB,AITraining,2373,0,0,2328,24
validation,HierarchicalLocalMean,RegionB,AITraining,2374,24,26.6771464606876,2351,72
validation,SameHour24Baseline,RegionB,AITraining,2374,24,0,2328,24
validation,HierarchicalLocalMean,RegionB,AITraining,2375,175,26.6771464606876,2351,72
validation,SameHour24Baseline,RegionB,AITraining,2375,175,0,2328,24
validation,HierarchicalLocalMean,RegionB,BatchInference,2352,26,20.5245962746943,2351,72
validation,SameHour24Baseline,RegionB,BatchInference,2352,26,18,2328,24
validation,HierarchicalLocalMean,RegionB,BatchInference,2353,0,20.5245962746943,2351,72
validation,SameHour24Baseline,RegionB,BatchInference,2353,0,20,2328,24
validation,HierarchicalLocalMean,RegionB,BatchInference,2354,33,20.5245962746943,2351,72
validation,SameHour24Baseline,RegionB,BatchInference,2354,33,14,2328,24
validation,HierarchicalLocalMean,RegionB,BatchInference,2355,21,20.5245962746943,2351,72
validation,SameHour24Baseline,RegionB,BatchInference,2355,21,17,2328,24
validation,HierarchicalLocalMean,RegionB,BatchInference,2356,21,20.5245962746943,2351,72
validation,SameHour24Baseline,RegionB,BatchInference,2356,21,46,2328,24
validation,HierarchicalLocalMean,RegionB,BatchInference,2357,53,20.5245962746943,2351,72
validation,SameHour24Baseline,RegionB,BatchInference,2357,53,10,2328,24
validation,HierarchicalLocalMean,RegionB,BatchInference,2358,0,20.5245962746943,2351,72
validation,SameHour24Baseline,RegionB,BatchInference,2358,0,0,2328,24
validation,HierarchicalLocalMean,RegionB,BatchInference,2359,52,20.5245962746943,2351,72
validation,SameHour24Baseline,RegionB,BatchInference,2359,52,30,2328,24
validation,HierarchicalLocalMean,RegionB,BatchInference,2360,11,20.5245962746943,2351,72
validation,SameHour24Baseline,RegionB,BatchInference,2360,11,42,2328,24
validation,HierarchicalLocalMean,RegionB,BatchInference,2361,9,20.5245962746943,2351,72
validation,SameHour24Baseline,RegionB,BatchInference,2361,9,0,2328,24
validation,HierarchicalLocalMean,RegionB,BatchInference,2362,32,20.5245962746943,2351,72
validation,SameHour24Baseline,RegionB,BatchInference,2362,32,18,2328,24
validation,HierarchicalLocalMean,RegionB,BatchInference,2363,15,20.5245962746943,2351,72
validation,SameHour24Baseline,RegionB,BatchInference,2363,15,16,2328,24
validation,HierarchicalLocalMean,RegionB,BatchInference,2364,0,20.5245962746943,2351,72
validation,SameHour24Baseline,RegionB,BatchInference,2364,0,50,2328,24
validation,HierarchicalLocalMean,RegionB,BatchInference,2365,9,20.5245962746943,2351,72
validation,SameHour24Baseline,RegionB,BatchInference,2365,9,31,2328,24
validation,HierarchicalLocalMean,RegionB,BatchInference,2366,0,20.5245962746943,2351,72
validation,SameHour24Baseline,RegionB,BatchInference,2366,0,15,2328,24
validation,HierarchicalLocalMean,RegionB,BatchInference,2367,0,20.5245962746943,2351,72
validation,SameHour24Baseline,RegionB,BatchInference,2367,0,11,2328,24
validation,HierarchicalLocalMean,RegionB,BatchInference,2368,0,20.5245962746943,2351,72
validation,SameHour24Baseline,RegionB,BatchInference,2368,0,26,2328,24
validation,HierarchicalLocalMean,RegionB,BatchInference,2369,0,20.5245962746943,2351,72
validation,SameHour24Baseline,RegionB,BatchInference,2369,0,0,2328,24
validation,HierarchicalLocalMean,RegionB,BatchInference,2370,5,20.5245962746943,2351,72
validation,SameHour24Baseline,RegionB,BatchInference,2370,5,28,2328,24
validation,HierarchicalLocalMean,RegionB,BatchInference,2371,8,20.5245962746943,2351,72
validation,SameHour24Baseline,RegionB,BatchInference,2371,8,0,2328,24
validation,HierarchicalLocalMean,RegionB,BatchInference,2372,75,20.5245962746943,2351,72
validation,SameHour24Baseline,RegionB,BatchInference,2372,75,25,2328,24
validation,HierarchicalLocalMean,RegionB,BatchInference,2373,0,20.5245962746943,2351,72
validation,SameHour24Baseline,RegionB,BatchInference,2373,0,11,2328,24
validation,HierarchicalLocalMean,RegionB,BatchInference,2374,10,20.5245962746943,2351,72
validation,SameHour24Baseline,RegionB,BatchInference,2374,10,5,2328,24
validation,HierarchicalLocalMean,RegionB,BatchInference,2375,0,20.5245962746943,2351,72
validation,SameHour24Baseline,RegionB,BatchInference,2375,0,24,2328,24
validation,HierarchicalLocalMean,RegionB,RealTimeInference,2352,0,9.1732572647536,2351,72
validation,SameHour24Baseline,RegionB,RealTimeInference,2352,0,4,2328,24
validation,HierarchicalLocalMean,RegionB,RealTimeInference,2353,3,9.1732572647536,2351,72
validation,SameHour24Baseline,RegionB,RealTimeInference,2353,3,3,2328,24
validation,HierarchicalLocalMean,RegionB,RealTimeInference,2354,7,9.1732572647536,2351,72
validation,SameHour24Baseline,RegionB,RealTimeInference,2354,7,12,2328,24
validation,HierarchicalLocalMean,RegionB,RealTimeInference,2355,20,9.1732572647536,2351,72
validation,SameHour24Baseline,RegionB,RealTimeInference,2355,20,7,2328,24
validation,HierarchicalLocalMean,RegionB,RealTimeInference,2356,9,9.1732572647536,2351,72
validation,SameHour24Baseline,RegionB,RealTimeInference,2356,9,0,2328,24
validation,HierarchicalLocalMean,RegionB,RealTimeInference,2357,14,9.1732572647536,2351,72
validation,SameHour24Baseline,RegionB,RealTimeInference,2357,14,0,2328,24
validation,HierarchicalLocalMean,RegionB,RealTimeInference,2358,3,9.1732572647536,2351,72
validation,SameHour24Baseline,RegionB,RealTimeInference,2358,3,13,2328,24
validation,HierarchicalLocalMean,RegionB,RealTimeInference,2359,9,9.1732572647536,2351,72
validation,SameHour24Baseline,RegionB,RealTimeInference,2359,9,5,2328,24
validation,HierarchicalLocalMean,RegionB,RealTimeInference,2360,4,9.1732572647536,2351,72
validation,SameHour24Baseline,RegionB,RealTimeInference,2360,4,10,2328,24
validation,HierarchicalLocalMean,RegionB,RealTimeInference,2361,9,9.1732572647536,2351,72
validation,SameHour24Baseline,RegionB,RealTimeInference,2361,9,11,2328,24
validation,HierarchicalLocalMean,RegionB,RealTimeInference,2362,13,9.1732572647536,2351,72
validation,SameHour24Baseline,RegionB,RealTimeInference,2362,13,16,2328,24
validation,HierarchicalLocalMean,RegionB,RealTimeInference,2363,2,9.1732572647536,2351,72
validation,SameHour24Baseline,RegionB,RealTimeInference,2363,2,4,2328,24
validation,HierarchicalLocalMean,RegionB,RealTimeInference,2364,13,9.1732572647536,2351,72
validation,SameHour24Baseline,RegionB,RealTimeInference,2364,13,12,2328,24
validation,HierarchicalLocalMean,RegionB,RealTimeInference,2365,18,9.1732572647536,2351,72
validation,SameHour24Baseline,RegionB,RealTimeInference,2365,18,4,2328,24
validation,HierarchicalLocalMean,RegionB,RealTimeInference,2366,9,9.1732572647536,2351,72
validation,SameHour24Baseline,RegionB,RealTimeInference,2366,9,2,2328,24
validation,HierarchicalLocalMean,RegionB,RealTimeInference,2367,5,9.1732572647536,2351,72
validation,SameHour24Baseline,RegionB,RealTimeInference,2367,5,4,2328,24
validation,HierarchicalLocalMean,RegionB,RealTimeInference,2368,11,9.1732572647536,2351,72
validation,SameHour24Baseline,RegionB,RealTimeInference,2368,11,0,2328,24
validation,HierarchicalLocalMean,RegionB,RealTimeInference,2369,5,9.1732572647536,2351,72
validation,SameHour24Baseline,RegionB,RealTimeInference,2369,5,19,2328,24
validation,HierarchicalLocalMean,RegionB,RealTimeInference,2370,0,9.1732572647536,2351,72
validation,SameHour24Baseline,RegionB,RealTimeInference,2370,0,1,2328,24
validation,HierarchicalLocalMean,RegionB,RealTimeInference,2371,6,9.1732572647536,2351,72
validation,SameHour24Baseline,RegionB,RealTimeInference,2371,6,7,2328,24
validation,HierarchicalLocalMean,RegionB,RealTimeInference,2372,29,9.1732572647536,2351,72
validation,SameHour24Baseline,RegionB,RealTimeInference,2372,29,10,2328,24
validation,HierarchicalLocalMean,RegionB,RealTimeInference,2373,25,9.1732572647536,2351,72
validation,SameHour24Baseline,RegionB,RealTimeInference,2373,25,7,2328,24
validation,HierarchicalLocalMean,RegionB,RealTimeInference,2374,14,9.1732572647536,2351,72
validation,SameHour24Baseline,RegionB,RealTimeInference,2374,14,13,2328,24
validation,HierarchicalLocalMean,RegionB,RealTimeInference,2375,6,9.1732572647536,2351,72
validation,SameHour24Baseline,RegionB,RealTimeInference,2375,6,9,2328,24
validation,HierarchicalLocalMean,RegionC,AITraining,2352,0,20.298239748216,2351,72
validation,SameHour24Baseline,RegionC,AITraining,2352,0,0,2328,24
validation,HierarchicalLocalMean,RegionC,AITraining,2353,44,20.298239748216,2351,72
validation,SameHour24Baseline,RegionC,AITraining,2353,44,0,2328,24
validation,HierarchicalLocalMean,RegionC,AITraining,2354,0,20.298239748216,2351,72
validation,SameHour24Baseline,RegionC,AITraining,2354,0,223,2328,24
validation,HierarchicalLocalMean,RegionC,AITraining,2355,0,20.298239748216,2351,72
validation,SameHour24Baseline,RegionC,AITraining,2355,0,0,2328,24
validation,HierarchicalLocalMean,RegionC,AITraining,2356,0,20.298239748216,2351,72
validation,SameHour24Baseline,RegionC,AITraining,2356,0,76,2328,24
validation,HierarchicalLocalMean,RegionC,AITraining,2357,48,20.298239748216,2351,72
validation,SameHour24Baseline,RegionC,AITraining,2357,48,0,2328,24
validation,HierarchicalLocalMean,RegionC,AITraining,2358,0,20.298239748216,2351,72
validation,SameHour24Baseline,RegionC,AITraining,2358,0,0,2328,24
validation,HierarchicalLocalMean,RegionC,AITraining,2359,0,20.298239748216,2351,72
validation,SameHour24Baseline,RegionC,AITraining,2359,0,24,2328,24
validation,HierarchicalLocalMean,RegionC,AITraining,2360,26,20.298239748216,2351,72
validation,SameHour24Baseline,RegionC,AITraining,2360,26,0,2328,24
validation,HierarchicalLocalMean,RegionC,AITraining,2361,0,20.298239748216,2351,72
validation,SameHour24Baseline,RegionC,AITraining,2361,0,0,2328,24
validation,HierarchicalLocalMean,RegionC,AITraining,2362,0,20.298239748216,2351,72
validation,SameHour24Baseline,RegionC,AITraining,2362,0,50,2328,24
validation,HierarchicalLocalMean,RegionC,AITraining,2363,0,20.298239748216,2351,72
validation,SameHour24Baseline,RegionC,AITraining,2363,0,0,2328,24
validation,HierarchicalLocalMean,RegionC,AITraining,2364,109,20.298239748216,2351,72
validation,SameHour24Baseline,RegionC,AITraining,2364,109,29,2328,24
validation,HierarchicalLocalMean,RegionC,AITraining,2365,0,20.298239748216,2351,72
validation,SameHour24Baseline,RegionC,AITraining,2365,0,69,2328,24
validation,HierarchicalLocalMean,RegionC,AITraining,2366,45,20.298239748216,2351,72
validation,SameHour24Baseline,RegionC,AITraining,2366,45,69,2328,24
validation,HierarchicalLocalMean,RegionC,AITraining,2367,0,20.298239748216,2351,72
validation,SameHour24Baseline,RegionC,AITraining,2367,0,41,2328,24
validation,HierarchicalLocalMean,RegionC,AITraining,2368,0,20.298239748216,2351,72
validation,SameHour24Baseline,RegionC,AITraining,2368,0,0,2328,24
validation,HierarchicalLocalMean,RegionC,AITraining,2369,0,20.298239748216,2351,72
validation,SameHour24Baseline,RegionC,AITraining,2369,0,0,2328,24
validation,HierarchicalLocalMean,RegionC,AITraining,2370,0,20.298239748216,2351,72
validation,SameHour24Baseline,RegionC,AITraining,2370,0,0,2328,24
validation,HierarchicalLocalMean,RegionC,AITraining,2371,186,20.298239748216,2351,72
validation,SameHour24Baseline,RegionC,AITraining,2371,186,0,2328,24
validation,HierarchicalLocalMean,RegionC,AITraining,2372,0,20.298239748216,2351,72
validation,SameHour24Baseline,RegionC,AITraining,2372,0,0,2328,24
validation,HierarchicalLocalMean,RegionC,AITraining,2373,0,20.298239748216,2351,72
validation,SameHour24Baseline,RegionC,AITraining,2373,0,93,2328,24
validation,HierarchicalLocalMean,RegionC,AITraining,2374,0,20.298239748216,2351,72
validation,SameHour24Baseline,RegionC,AITraining,2374,0,66,2328,24
validation,HierarchicalLocalMean,RegionC,AITraining,2375,0,20.298239748216,2351,72
validation,SameHour24Baseline,RegionC,AITraining,2375,0,0,2328,24
validation,HierarchicalLocalMean,RegionC,BatchInference,2352,4,12.9135290630209,2351,72
validation,SameHour24Baseline,RegionC,BatchInference,2352,4,0,2328,24
validation,HierarchicalLocalMean,RegionC,BatchInference,2353,19,12.9135290630209,2351,72
validation,SameHour24Baseline,RegionC,BatchInference,2353,19,22,2328,24
validation,HierarchicalLocalMean,RegionC,BatchInference,2354,26,12.9135290630209,2351,72
validation,SameHour24Baseline,RegionC,BatchInference,2354,26,14,2328,24
validation,HierarchicalLocalMean,RegionC,BatchInference,2355,22,12.9135290630209,2351,72
validation,SameHour24Baseline,RegionC,BatchInference,2355,22,19,2328,24
validation,HierarchicalLocalMean,RegionC,BatchInference,2356,0,12.9135290630209,2351,72
validation,SameHour24Baseline,RegionC,BatchInference,2356,0,0,2328,24
validation,HierarchicalLocalMean,RegionC,BatchInference,2357,0,12.9135290630209,2351,72
validation,SameHour24Baseline,RegionC,BatchInference,2357,0,16,2328,24
validation,HierarchicalLocalMean,RegionC,BatchInference,2358,7,12.9135290630209,2351,72
validation,SameHour24Baseline,RegionC,BatchInference,2358,7,0,2328,24
validation,HierarchicalLocalMean,RegionC,BatchInference,2359,34,12.9135290630209,2351,72
validation,SameHour24Baseline,RegionC,BatchInference,2359,34,0,2328,24
validation,HierarchicalLocalMean,RegionC,BatchInference,2360,19,12.9135290630209,2351,72
validation,SameHour24Baseline,RegionC,BatchInference,2360,19,25,2328,24
validation,HierarchicalLocalMean,RegionC,BatchInference,2361,38,12.9135290630209,2351,72
validation,SameHour24Baseline,RegionC,BatchInference,2361,38,43,2328,24
validation,HierarchicalLocalMean,RegionC,BatchInference,2362,0,12.9135290630209,2351,72
validation,SameHour24Baseline,RegionC,BatchInference,2362,0,14,2328,24
validation,HierarchicalLocalMean,RegionC,BatchInference,2363,0,12.9135290630209,2351,72
validation,SameHour24Baseline,RegionC,BatchInference,2363,0,28,2328,24
validation,HierarchicalLocalMean,RegionC,BatchInference,2364,15,12.9135290630209,2351,72
validation,SameHour24Baseline,RegionC,BatchInference,2364,15,8,2328,24
validation,HierarchicalLocalMean,RegionC,BatchInference,2365,15,12.9135290630209,2351,72
validation,SameHour24Baseline,RegionC,BatchInference,2365,15,15,2328,24
validation,HierarchicalLocalMean,RegionC,BatchInference,2366,16,12.9135290630209,2351,72
validation,SameHour24Baseline,RegionC,BatchInference,2366,16,0,2328,24
validation,HierarchicalLocalMean,RegionC,BatchInference,2367,20,12.9135290630209,2351,72
validation,SameHour24Baseline,RegionC,BatchInference,2367,20,21,2328,24
validation,HierarchicalLocalMean,RegionC,BatchInference,2368,10,12.9135290630209,2351,72
validation,SameHour24Baseline,RegionC,BatchInference,2368,10,0,2328,24
validation,HierarchicalLocalMean,RegionC,BatchInference,2369,0,12.9135290630209,2351,72
validation,SameHour24Baseline,RegionC,BatchInference,2369,0,29,2328,24
validation,HierarchicalLocalMean,RegionC,BatchInference,2370,0,12.9135290630209,2351,72
validation,SameHour24Baseline,RegionC,BatchInference,2370,0,16,2328,24
validation,HierarchicalLocalMean,RegionC,BatchInference,2371,0,12.9135290630209,2351,72
validation,SameHour24Baseline,RegionC,BatchInference,2371,0,11,2328,24
validation,HierarchicalLocalMean,RegionC,BatchInference,2372,17,12.9135290630209,2351,72
validation,SameHour24Baseline,RegionC,BatchInference,2372,17,20,2328,24
validation,HierarchicalLocalMean,RegionC,BatchInference,2373,0,12.9135290630209,2351,72
validation,SameHour24Baseline,RegionC,BatchInference,2373,0,14,2328,24
validation,HierarchicalLocalMean,RegionC,BatchInference,2374,5,12.9135290630209,2351,72
validation,SameHour24Baseline,RegionC,BatchInference,2374,5,16,2328,24
validation,HierarchicalLocalMean,RegionC,BatchInference,2375,8,12.9135290630209,2351,72
validation,SameHour24Baseline,RegionC,BatchInference,2375,8,32,2328,24
validation,HierarchicalLocalMean,RegionC,RealTimeInference,2352,12,6.24656452218129,2351,72
validation,SameHour24Baseline,RegionC,RealTimeInference,2352,12,10,2328,24
validation,HierarchicalLocalMean,RegionC,RealTimeInference,2353,4,6.24656452218129,2351,72
validation,SameHour24Baseline,RegionC,RealTimeInference,2353,4,2,2328,24
validation,HierarchicalLocalMean,RegionC,RealTimeInference,2354,4,6.24656452218129,2351,72
validation,SameHour24Baseline,RegionC,RealTimeInference,2354,4,0,2328,24
validation,HierarchicalLocalMean,RegionC,RealTimeInference,2355,14,6.24656452218129,2351,72
validation,SameHour24Baseline,RegionC,RealTimeInference,2355,14,8,2328,24
validation,HierarchicalLocalMean,RegionC,RealTimeInference,2356,27,6.24656452218129,2351,72
validation,SameHour24Baseline,RegionC,RealTimeInference,2356,27,2,2328,24
validation,HierarchicalLocalMean,RegionC,RealTimeInference,2357,20,6.24656452218129,2351,72
validation,SameHour24Baseline,RegionC,RealTimeInference,2357,20,3,2328,24
validation,HierarchicalLocalMean,RegionC,RealTimeInference,2358,14,6.24656452218129,2351,72
validation,SameHour24Baseline,RegionC,RealTimeInference,2358,14,3,2328,24
validation,HierarchicalLocalMean,RegionC,RealTimeInference,2359,3,6.24656452218129,2351,72
validation,SameHour24Baseline,RegionC,RealTimeInference,2359,3,2,2328,24
validation,HierarchicalLocalMean,RegionC,RealTimeInference,2360,6,6.24656452218129,2351,72
validation,SameHour24Baseline,RegionC,RealTimeInference,2360,6,9,2328,24
validation,HierarchicalLocalMean,RegionC,RealTimeInference,2361,3,6.24656452218129,2351,72
validation,SameHour24Baseline,RegionC,RealTimeInference,2361,3,18,2328,24
validation,HierarchicalLocalMean,RegionC,RealTimeInference,2362,8,6.24656452218129,2351,72
validation,SameHour24Baseline,RegionC,RealTimeInference,2362,8,17,2328,24
validation,HierarchicalLocalMean,RegionC,RealTimeInference,2363,5,6.24656452218129,2351,72
validation,SameHour24Baseline,RegionC,RealTimeInference,2363,5,11,2328,24
validation,HierarchicalLocalMean,RegionC,RealTimeInference,2364,14,6.24656452218129,2351,72
validation,SameHour24Baseline,RegionC,RealTimeInference,2364,14,0,2328,24
validation,HierarchicalLocalMean,RegionC,RealTimeInference,2365,14,6.24656452218129,2351,72
validation,SameHour24Baseline,RegionC,RealTimeInference,2365,14,26,2328,24
validation,HierarchicalLocalMean,RegionC,RealTimeInference,2366,13,6.24656452218129,2351,72
validation,SameHour24Baseline,RegionC,RealTimeInference,2366,13,21,2328,24
validation,HierarchicalLocalMean,RegionC,RealTimeInference,2367,0,6.24656452218129,2351,72
validation,SameHour24Baseline,RegionC,RealTimeInference,2367,0,8,2328,24
validation,HierarchicalLocalMean,RegionC,RealTimeInference,2368,9,6.24656452218129,2351,72
validation,SameHour24Baseline,RegionC,RealTimeInference,2368,9,14,2328,24
validation,HierarchicalLocalMean,RegionC,RealTimeInference,2369,3,6.24656452218129,2351,72
validation,SameHour24Baseline,RegionC,RealTimeInference,2369,3,16,2328,24
validation,HierarchicalLocalMean,RegionC,RealTimeInference,2370,4,6.24656452218129,2351,72
validation,SameHour24Baseline,RegionC,RealTimeInference,2370,4,2,2328,24
validation,HierarchicalLocalMean,RegionC,RealTimeInference,2371,6,6.24656452218129,2351,72
validation,SameHour24Baseline,RegionC,RealTimeInference,2371,6,3,2328,24
validation,HierarchicalLocalMean,RegionC,RealTimeInference,2372,0,6.24656452218129,2351,72
validation,SameHour24Baseline,RegionC,RealTimeInference,2372,0,7,2328,24
validation,HierarchicalLocalMean,RegionC,RealTimeInference,2373,9,6.24656452218129,2351,72
validation,SameHour24Baseline,RegionC,RealTimeInference,2373,9,6,2328,24
validation,HierarchicalLocalMean,RegionC,RealTimeInference,2374,0,6.24656452218129,2351,72
validation,SameHour24Baseline,RegionC,RealTimeInference,2374,0,3,2328,24
validation,HierarchicalLocalMean,RegionC,RealTimeInference,2375,4,6.24656452218129,2351,72
validation,SameHour24Baseline,RegionC,RealTimeInference,2375,4,16,2328,24
validation,HierarchicalLocalMean,RegionD,AITraining,2352,168,171.680736156128,2351,72
validation,SameHour24Baseline,RegionD,AITraining,2352,168,415,2328,24
validation,HierarchicalLocalMean,RegionD,AITraining,2353,188,171.680736156128,2351,72
validation,SameHour24Baseline,RegionD,AITraining,2353,188,165,2328,24
validation,HierarchicalLocalMean,RegionD,AITraining,2354,194,171.680736156128,2351,72
validation,SameHour24Baseline,RegionD,AITraining,2354,194,110,2328,24
validation,HierarchicalLocalMean,RegionD,AITraining,2355,139,171.680736156128,2351,72
validation,SameHour24Baseline,RegionD,AITraining,2355,139,75,2328,24
validation,HierarchicalLocalMean,RegionD,AITraining,2356,53,171.680736156128,2351,72
validation,SameHour24Baseline,RegionD,AITraining,2356,53,34,2328,24
validation,HierarchicalLocalMean,RegionD,AITraining,2357,75,171.680736156128,2351,72
validation,SameHour24Baseline,RegionD,AITraining,2357,75,0,2328,24
validation,HierarchicalLocalMean,RegionD,AITraining,2358,291,171.680736156128,2351,72
validation,SameHour24Baseline,RegionD,AITraining,2358,291,112,2328,24
validation,HierarchicalLocalMean,RegionD,AITraining,2359,179,171.680736156128,2351,72
validation,SameHour24Baseline,RegionD,AITraining,2359,179,50,2328,24
validation,HierarchicalLocalMean,RegionD,AITraining,2360,195,171.680736156128,2351,72
validation,SameHour24Baseline,RegionD,AITraining,2360,195,168,2328,24
validation,HierarchicalLocalMean,RegionD,AITraining,2361,165,171.680736156128,2351,72
validation,SameHour24Baseline,RegionD,AITraining,2361,165,0,2328,24
validation,HierarchicalLocalMean,RegionD,AITraining,2362,0,171.680736156128,2351,72
validation,SameHour24Baseline,RegionD,AITraining,2362,0,142,2328,24
validation,HierarchicalLocalMean,RegionD,AITraining,2363,30,171.680736156128,2351,72
validation,SameHour24Baseline,RegionD,AITraining,2363,30,289,2328,24
validation,HierarchicalLocalMean,RegionD,AITraining,2364,33,171.680736156128,2351,72
validation,SameHour24Baseline,RegionD,AITraining,2364,33,275,2328,24
validation,HierarchicalLocalMean,RegionD,AITraining,2365,86,171.680736156128,2351,72
validation,SameHour24Baseline,RegionD,AITraining,2365,86,313,2328,24
validation,HierarchicalLocalMean,RegionD,AITraining,2366,160,171.680736156128,2351,72
validation,SameHour24Baseline,RegionD,AITraining,2366,160,39,2328,24
validation,HierarchicalLocalMean,RegionD,AITraining,2367,231,171.680736156128,2351,72
validation,SameHour24Baseline,RegionD,AITraining,2367,231,349,2328,24
validation,HierarchicalLocalMean,RegionD,AITraining,2368,256,171.680736156128,2351,72
validation,SameHour24Baseline,RegionD,AITraining,2368,256,106,2328,24
validation,HierarchicalLocalMean,RegionD,AITraining,2369,111,171.680736156128,2351,72
validation,SameHour24Baseline,RegionD,AITraining,2369,111,265,2328,24
validation,HierarchicalLocalMean,RegionD,AITraining,2370,93,171.680736156128,2351,72
validation,SameHour24Baseline,RegionD,AITraining,2370,93,83,2328,24
validation,HierarchicalLocalMean,RegionD,AITraining,2371,221,171.680736156128,2351,72
validation,SameHour24Baseline,RegionD,AITraining,2371,221,0,2328,24
validation,HierarchicalLocalMean,RegionD,AITraining,2372,178,171.680736156128,2351,72
validation,SameHour24Baseline,RegionD,AITraining,2372,178,26,2328,24
validation,HierarchicalLocalMean,RegionD,AITraining,2373,205,171.680736156128,2351,72
validation,SameHour24Baseline,RegionD,AITraining,2373,205,156,2328,24
validation,HierarchicalLocalMean,RegionD,AITraining,2374,125,171.680736156128,2351,72
validation,SameHour24Baseline,RegionD,AITraining,2374,125,460,2328,24
validation,HierarchicalLocalMean,RegionD,AITraining,2375,41,171.680736156128,2351,72
validation,SameHour24Baseline,RegionD,AITraining,2375,41,149,2328,24
validation,HierarchicalLocalMean,RegionD,BatchInference,2352,39,20.5077187773307,2351,72
validation,SameHour24Baseline,RegionD,BatchInference,2352,39,26,2328,24
validation,HierarchicalLocalMean,RegionD,BatchInference,2353,72,20.5077187773307,2351,72
validation,SameHour24Baseline,RegionD,BatchInference,2353,72,21,2328,24
validation,HierarchicalLocalMean,RegionD,BatchInference,2354,16,20.5077187773307,2351,72
validation,SameHour24Baseline,RegionD,BatchInference,2354,16,7,2328,24
validation,HierarchicalLocalMean,RegionD,BatchInference,2355,35,20.5077187773307,2351,72
validation,SameHour24Baseline,RegionD,BatchInference,2355,35,23,2328,24
validation,HierarchicalLocalMean,RegionD,BatchInference,2356,15,20.5077187773307,2351,72
validation,SameHour24Baseline,RegionD,BatchInference,2356,15,40,2328,24
validation,HierarchicalLocalMean,RegionD,BatchInference,2357,15,20.5077187773307,2351,72
validation,SameHour24Baseline,RegionD,BatchInference,2357,15,0,2328,24
validation,HierarchicalLocalMean,RegionD,BatchInference,2358,5,20.5077187773307,2351,72
validation,SameHour24Baseline,RegionD,BatchInference,2358,5,14,2328,24
validation,HierarchicalLocalMean,RegionD,BatchInference,2359,23,20.5077187773307,2351,72
validation,SameHour24Baseline,RegionD,BatchInference,2359,23,0,2328,24
validation,HierarchicalLocalMean,RegionD,BatchInference,2360,0,20.5077187773307,2351,72
validation,SameHour24Baseline,RegionD,BatchInference,2360,0,27,2328,24
validation,HierarchicalLocalMean,RegionD,BatchInference,2361,0,20.5077187773307,2351,72
validation,SameHour24Baseline,RegionD,BatchInference,2361,0,4,2328,24
validation,HierarchicalLocalMean,RegionD,BatchInference,2362,19,20.5077187773307,2351,72
validation,SameHour24Baseline,RegionD,BatchInference,2362,19,0,2328,24
validation,HierarchicalLocalMean,RegionD,BatchInference,2363,19,20.5077187773307,2351,72
validation,SameHour24Baseline,RegionD,BatchInference,2363,19,56,2328,24
validation,HierarchicalLocalMean,RegionD,BatchInference,2364,10,20.5077187773307,2351,72
validation,SameHour24Baseline,RegionD,BatchInference,2364,10,32,2328,24
validation,HierarchicalLocalMean,RegionD,BatchInference,2365,57,20.5077187773307,2351,72
validation,SameHour24Baseline,RegionD,BatchInference,2365,57,22,2328,24
validation,HierarchicalLocalMean,RegionD,BatchInference,2366,22,20.5077187773307,2351,72
validation,SameHour24Baseline,RegionD,BatchInference,2366,22,0,2328,24
validation,HierarchicalLocalMean,RegionD,BatchInference,2367,5,20.5077187773307,2351,72
validation,SameHour24Baseline,RegionD,BatchInference,2367,5,23,2328,24
validation,HierarchicalLocalMean,RegionD,BatchInference,2368,38,20.5077187773307,2351,72
validation,SameHour24Baseline,RegionD,BatchInference,2368,38,9,2328,24
validation,HierarchicalLocalMean,RegionD,BatchInference,2369,0,20.5077187773307,2351,72
validation,SameHour24Baseline,RegionD,BatchInference,2369,0,40,2328,24
validation,HierarchicalLocalMean,RegionD,BatchInference,2370,36,20.5077187773307,2351,72
validation,SameHour24Baseline,RegionD,BatchInference,2370,36,18,2328,24
validation,HierarchicalLocalMean,RegionD,BatchInference,2371,23,20.5077187773307,2351,72
validation,SameHour24Baseline,RegionD,BatchInference,2371,23,53,2328,24
validation,HierarchicalLocalMean,RegionD,BatchInference,2372,23,20.5077187773307,2351,72
validation,SameHour24Baseline,RegionD,BatchInference,2372,23,31,2328,24
validation,HierarchicalLocalMean,RegionD,BatchInference,2373,15,20.5077187773307,2351,72
validation,SameHour24Baseline,RegionD,BatchInference,2373,15,11,2328,24
validation,HierarchicalLocalMean,RegionD,BatchInference,2374,19,20.5077187773307,2351,72
validation,SameHour24Baseline,RegionD,BatchInference,2374,19,12,2328,24
validation,HierarchicalLocalMean,RegionD,BatchInference,2375,0,20.5077187773307,2351,72
validation,SameHour24Baseline,RegionD,BatchInference,2375,0,22,2328,24
validation,HierarchicalLocalMean,RegionD,RealTimeInference,2352,0,0.894878399731901,2351,72
validation,SameHour24Baseline,RegionD,RealTimeInference,2352,0,0,2328,24
validation,HierarchicalLocalMean,RegionD,RealTimeInference,2353,0,0.894878399731901,2351,72
validation,SameHour24Baseline,RegionD,RealTimeInference,2353,0,0,2328,24
validation,HierarchicalLocalMean,RegionD,RealTimeInference,2354,0,0.894878399731901,2351,72
validation,SameHour24Baseline,RegionD,RealTimeInference,2354,0,0,2328,24
validation,HierarchicalLocalMean,RegionD,RealTimeInference,2355,0,0.894878399731901,2351,72
validation,SameHour24Baseline,RegionD,RealTimeInference,2355,0,0,2328,24
validation,HierarchicalLocalMean,RegionD,RealTimeInference,2356,0,0.894878399731901,2351,72
validation,SameHour24Baseline,RegionD,RealTimeInference,2356,0,7,2328,24
validation,HierarchicalLocalMean,RegionD,RealTimeInference,2357,0,0.894878399731901,2351,72
validation,SameHour24Baseline,RegionD,RealTimeInference,2357,0,0,2328,24
validation,HierarchicalLocalMean,RegionD,RealTimeInference,2358,12,0.894878399731901,2351,72
validation,SameHour24Baseline,RegionD,RealTimeInference,2358,12,0,2328,24
validation,HierarchicalLocalMean,RegionD,RealTimeInference,2359,0,0.894878399731901,2351,72
validation,SameHour24Baseline,RegionD,RealTimeInference,2359,0,0,2328,24
validation,HierarchicalLocalMean,RegionD,RealTimeInference,2360,0,0.894878399731901,2351,72
validation,SameHour24Baseline,RegionD,RealTimeInference,2360,0,0,2328,24
validation,HierarchicalLocalMean,RegionD,RealTimeInference,2361,0,0.894878399731901,2351,72
validation,SameHour24Baseline,RegionD,RealTimeInference,2361,0,5,2328,24
validation,HierarchicalLocalMean,RegionD,RealTimeInference,2362,2,0.894878399731901,2351,72
validation,SameHour24Baseline,RegionD,RealTimeInference,2362,2,0,2328,24
validation,HierarchicalLocalMean,RegionD,RealTimeInference,2363,0,0.894878399731901,2351,72
validation,SameHour24Baseline,RegionD,RealTimeInference,2363,0,0,2328,24
validation,HierarchicalLocalMean,RegionD,RealTimeInference,2364,0,0.894878399731901,2351,72
validation,SameHour24Baseline,RegionD,RealTimeInference,2364,0,5,2328,24
validation,HierarchicalLocalMean,RegionD,RealTimeInference,2365,0,0.894878399731901,2351,72
validation,SameHour24Baseline,RegionD,RealTimeInference,2365,0,0,2328,24
validation,HierarchicalLocalMean,RegionD,RealTimeInference,2366,0,0.894878399731901,2351,72
validation,SameHour24Baseline,RegionD,RealTimeInference,2366,0,1,2328,24
validation,HierarchicalLocalMean,RegionD,RealTimeInference,2367,0,0.894878399731901,2351,72
validation,SameHour24Baseline,RegionD,RealTimeInference,2367,0,0,2328,24
validation,HierarchicalLocalMean,RegionD,RealTimeInference,2368,0,0.894878399731901,2351,72
validation,SameHour24Baseline,RegionD,RealTimeInference,2368,0,0,2328,24
validation,HierarchicalLocalMean,RegionD,RealTimeInference,2369,0,0.894878399731901,2351,72
validation,SameHour24Baseline,RegionD,RealTimeInference,2369,0,0,2328,24
validation,HierarchicalLocalMean,RegionD,RealTimeInference,2370,0,0.894878399731901,2351,72
validation,SameHour24Baseline,RegionD,RealTimeInference,2370,0,0,2328,24
validation,HierarchicalLocalMean,RegionD,RealTimeInference,2371,0,0.894878399731901,2351,72
validation,SameHour24Baseline,RegionD,RealTimeInference,2371,0,0,2328,24
validation,HierarchicalLocalMean,RegionD,RealTimeInference,2372,0,0.894878399731901,2351,72
validation,SameHour24Baseline,RegionD,RealTimeInference,2372,0,0,2328,24
validation,HierarchicalLocalMean,RegionD,RealTimeInference,2373,0,0.894878399731901,2351,72
validation,SameHour24Baseline,RegionD,RealTimeInference,2373,0,0,2328,24
validation,HierarchicalLocalMean,RegionD,RealTimeInference,2374,0,0.894878399731901,2351,72
validation,SameHour24Baseline,RegionD,RealTimeInference,2374,0,0,2328,24
validation,HierarchicalLocalMean,RegionD,RealTimeInference,2375,0,0.894878399731901,2351,72
validation,SameHour24Baseline,RegionD,RealTimeInference,2375,0,6,2328,24
validation,HierarchicalLocalMean,RegionE,AITraining,2352,120,120.409554119302,2351,72
validation,SameHour24Baseline,RegionE,AITraining,2352,120,37,2328,24
validation,HierarchicalLocalMean,RegionE,AITraining,2353,43,120.409554119302,2351,72
validation,SameHour24Baseline,RegionE,AITraining,2353,43,51,2328,24
validation,HierarchicalLocalMean,RegionE,AITraining,2354,96,120.409554119302,2351,72
validation,SameHour24Baseline,RegionE,AITraining,2354,96,127,2328,24
validation,HierarchicalLocalMean,RegionE,AITraining,2355,0,120.409554119302,2351,72
validation,SameHour24Baseline,RegionE,AITraining,2355,0,116,2328,24
validation,HierarchicalLocalMean,RegionE,AITraining,2356,58,120.409554119302,2351,72
validation,SameHour24Baseline,RegionE,AITraining,2356,58,123,2328,24
validation,HierarchicalLocalMean,RegionE,AITraining,2357,107,120.409554119302,2351,72
validation,SameHour24Baseline,RegionE,AITraining,2357,107,86,2328,24
validation,HierarchicalLocalMean,RegionE,AITraining,2358,237,120.409554119302,2351,72
validation,SameHour24Baseline,RegionE,AITraining,2358,237,110,2328,24
validation,HierarchicalLocalMean,RegionE,AITraining,2359,193,120.409554119302,2351,72
validation,SameHour24Baseline,RegionE,AITraining,2359,193,0,2328,24
validation,HierarchicalLocalMean,RegionE,AITraining,2360,298,120.409554119302,2351,72
validation,SameHour24Baseline,RegionE,AITraining,2360,298,124,2328,24
validation,HierarchicalLocalMean,RegionE,AITraining,2361,349,120.409554119302,2351,72
validation,SameHour24Baseline,RegionE,AITraining,2361,349,158,2328,24
validation,HierarchicalLocalMean,RegionE,AITraining,2362,207,120.409554119302,2351,72
validation,SameHour24Baseline,RegionE,AITraining,2362,207,63,2328,24
validation,HierarchicalLocalMean,RegionE,AITraining,2363,23,120.409554119302,2351,72
validation,SameHour24Baseline,RegionE,AITraining,2363,23,18,2328,24
validation,HierarchicalLocalMean,RegionE,AITraining,2364,0,120.409554119302,2351,72
validation,SameHour24Baseline,RegionE,AITraining,2364,0,277,2328,24
validation,HierarchicalLocalMean,RegionE,AITraining,2365,0,120.409554119302,2351,72
validation,SameHour24Baseline,RegionE,AITraining,2365,0,0,2328,24
validation,HierarchicalLocalMean,RegionE,AITraining,2366,0,120.409554119302,2351,72
validation,SameHour24Baseline,RegionE,AITraining,2366,0,0,2328,24
validation,HierarchicalLocalMean,RegionE,AITraining,2367,110,120.409554119302,2351,72
validation,SameHour24Baseline,RegionE,AITraining,2367,110,0,2328,24
validation,HierarchicalLocalMean,RegionE,AITraining,2368,167,120.409554119302,2351,72
validation,SameHour24Baseline,RegionE,AITraining,2368,167,243,2328,24
validation,HierarchicalLocalMean,RegionE,AITraining,2369,274,120.409554119302,2351,72
validation,SameHour24Baseline,RegionE,AITraining,2369,274,68,2328,24
validation,HierarchicalLocalMean,RegionE,AITraining,2370,24,120.409554119302,2351,72
validation,SameHour24Baseline,RegionE,AITraining,2370,24,41,2328,24
validation,HierarchicalLocalMean,RegionE,AITraining,2371,69,120.409554119302,2351,72
validation,SameHour24Baseline,RegionE,AITraining,2371,69,270,2328,24
validation,HierarchicalLocalMean,RegionE,AITraining,2372,0,120.409554119302,2351,72
validation,SameHour24Baseline,RegionE,AITraining,2372,0,156,2328,24
validation,HierarchicalLocalMean,RegionE,AITraining,2373,41,120.409554119302,2351,72
validation,SameHour24Baseline,RegionE,AITraining,2373,41,137,2328,24
validation,HierarchicalLocalMean,RegionE,AITraining,2374,252,120.409554119302,2351,72
validation,SameHour24Baseline,RegionE,AITraining,2374,252,356,2328,24
validation,HierarchicalLocalMean,RegionE,AITraining,2375,46,120.409554119302,2351,72
validation,SameHour24Baseline,RegionE,AITraining,2375,46,295,2328,24
validation,HierarchicalLocalMean,RegionE,BatchInference,2352,0,13.1608240045977,2351,72
validation,SameHour24Baseline,RegionE,BatchInference,2352,0,7,2328,24
validation,HierarchicalLocalMean,RegionE,BatchInference,2353,0,13.1608240045977,2351,72
validation,SameHour24Baseline,RegionE,BatchInference,2353,0,20,2328,24
validation,HierarchicalLocalMean,RegionE,BatchInference,2354,0,13.1608240045977,2351,72
validation,SameHour24Baseline,RegionE,BatchInference,2354,0,18,2328,24
validation,HierarchicalLocalMean,RegionE,BatchInference,2355,0,13.1608240045977,2351,72
validation,SameHour24Baseline,RegionE,BatchInference,2355,0,0,2328,24
validation,HierarchicalLocalMean,RegionE,BatchInference,2356,4,13.1608240045977,2351,72
validation,SameHour24Baseline,RegionE,BatchInference,2356,4,25,2328,24
validation,HierarchicalLocalMean,RegionE,BatchInference,2357,18,13.1608240045977,2351,72
validation,SameHour24Baseline,RegionE,BatchInference,2357,18,20,2328,24
validation,HierarchicalLocalMean,RegionE,BatchInference,2358,36,13.1608240045977,2351,72
validation,SameHour24Baseline,RegionE,BatchInference,2358,36,24,2328,24
validation,HierarchicalLocalMean,RegionE,BatchInference,2359,0,13.1608240045977,2351,72
validation,SameHour24Baseline,RegionE,BatchInference,2359,0,37,2328,24
validation,HierarchicalLocalMean,RegionE,BatchInference,2360,39,13.1608240045977,2351,72
validation,SameHour24Baseline,RegionE,BatchInference,2360,39,24,2328,24
validation,HierarchicalLocalMean,RegionE,BatchInference,2361,8,13.1608240045977,2351,72
validation,SameHour24Baseline,RegionE,BatchInference,2361,8,7,2328,24
validation,HierarchicalLocalMean,RegionE,BatchInference,2362,14,13.1608240045977,2351,72
validation,SameHour24Baseline,RegionE,BatchInference,2362,14,0,2328,24
validation,HierarchicalLocalMean,RegionE,BatchInference,2363,0,13.1608240045977,2351,72
validation,SameHour24Baseline,RegionE,BatchInference,2363,0,18,2328,24
validation,HierarchicalLocalMean,RegionE,BatchInference,2364,44,13.1608240045977,2351,72
validation,SameHour24Baseline,RegionE,BatchInference,2364,44,0,2328,24
validation,HierarchicalLocalMean,RegionE,BatchInference,2365,0,13.1608240045977,2351,72
validation,SameHour24Baseline,RegionE,BatchInference,2365,0,0,2328,24
validation,HierarchicalLocalMean,RegionE,BatchInference,2366,19,13.1608240045977,2351,72
validation,SameHour24Baseline,RegionE,BatchInference,2366,19,0,2328,24
validation,HierarchicalLocalMean,RegionE,BatchInference,2367,11,13.1608240045977,2351,72
validation,SameHour24Baseline,RegionE,BatchInference,2367,11,20,2328,24
validation,HierarchicalLocalMean,RegionE,BatchInference,2368,15,13.1608240045977,2351,72
validation,SameHour24Baseline,RegionE,BatchInference,2368,15,0,2328,24
validation,HierarchicalLocalMean,RegionE,BatchInference,2369,22,13.1608240045977,2351,72
validation,SameHour24Baseline,RegionE,BatchInference,2369,22,16,2328,24
validation,HierarchicalLocalMean,RegionE,BatchInference,2370,0,13.1608240045977,2351,72
validation,SameHour24Baseline,RegionE,BatchInference,2370,0,48,2328,24
validation,HierarchicalLocalMean,RegionE,BatchInference,2371,0,13.1608240045977,2351,72
validation,SameHour24Baseline,RegionE,BatchInference,2371,0,0,2328,24
validation,HierarchicalLocalMean,RegionE,BatchInference,2372,0,13.1608240045977,2351,72
validation,SameHour24Baseline,RegionE,BatchInference,2372,0,21,2328,24
validation,HierarchicalLocalMean,RegionE,BatchInference,2373,17,13.1608240045977,2351,72
validation,SameHour24Baseline,RegionE,BatchInference,2373,17,0,2328,24
validation,HierarchicalLocalMean,RegionE,BatchInference,2374,12,13.1608240045977,2351,72
validation,SameHour24Baseline,RegionE,BatchInference,2374,12,27,2328,24
validation,HierarchicalLocalMean,RegionE,BatchInference,2375,16,13.1608240045977,2351,72
validation,SameHour24Baseline,RegionE,BatchInference,2375,16,17,2328,24
validation,HierarchicalLocalMean,RegionE,RealTimeInference,2352,0,1.16573298711051,2351,72
validation,SameHour24Baseline,RegionE,RealTimeInference,2352,0,0,2328,24
validation,HierarchicalLocalMean,RegionE,RealTimeInference,2353,0,1.16573298711051,2351,72
validation,SameHour24Baseline,RegionE,RealTimeInference,2353,0,0,2328,24
validation,HierarchicalLocalMean,RegionE,RealTimeInference,2354,0,1.16573298711051,2351,72
validation,SameHour24Baseline,RegionE,RealTimeInference,2354,0,0,2328,24
validation,HierarchicalLocalMean,RegionE,RealTimeInference,2355,0,1.16573298711051,2351,72
validation,SameHour24Baseline,RegionE,RealTimeInference,2355,0,4,2328,24
validation,HierarchicalLocalMean,RegionE,RealTimeInference,2356,0,1.16573298711051,2351,72
validation,SameHour24Baseline,RegionE,RealTimeInference,2356,0,0,2328,24
validation,HierarchicalLocalMean,RegionE,RealTimeInference,2357,6,1.16573298711051,2351,72
validation,SameHour24Baseline,RegionE,RealTimeInference,2357,6,0,2328,24
validation,HierarchicalLocalMean,RegionE,RealTimeInference,2358,0,1.16573298711051,2351,72
validation,SameHour24Baseline,RegionE,RealTimeInference,2358,0,0,2328,24
validation,HierarchicalLocalMean,RegionE,RealTimeInference,2359,0,1.16573298711051,2351,72
validation,SameHour24Baseline,RegionE,RealTimeInference,2359,0,0,2328,24
validation,HierarchicalLocalMean,RegionE,RealTimeInference,2360,1,1.16573298711051,2351,72
validation,SameHour24Baseline,RegionE,RealTimeInference,2360,1,0,2328,24
validation,HierarchicalLocalMean,RegionE,RealTimeInference,2361,0,1.16573298711051,2351,72
validation,SameHour24Baseline,RegionE,RealTimeInference,2361,0,0,2328,24
validation,HierarchicalLocalMean,RegionE,RealTimeInference,2362,2,1.16573298711051,2351,72
validation,SameHour24Baseline,RegionE,RealTimeInference,2362,2,0,2328,24
validation,HierarchicalLocalMean,RegionE,RealTimeInference,2363,0,1.16573298711051,2351,72
validation,SameHour24Baseline,RegionE,RealTimeInference,2363,0,0,2328,24
validation,HierarchicalLocalMean,RegionE,RealTimeInference,2364,0,1.16573298711051,2351,72
validation,SameHour24Baseline,RegionE,RealTimeInference,2364,0,0,2328,24
validation,HierarchicalLocalMean,RegionE,RealTimeInference,2365,0,1.16573298711051,2351,72
validation,SameHour24Baseline,RegionE,RealTimeInference,2365,0,0,2328,24
validation,HierarchicalLocalMean,RegionE,RealTimeInference,2366,0,1.16573298711051,2351,72
validation,SameHour24Baseline,RegionE,RealTimeInference,2366,0,3,2328,24
validation,HierarchicalLocalMean,RegionE,RealTimeInference,2367,7,1.16573298711051,2351,72
validation,SameHour24Baseline,RegionE,RealTimeInference,2367,7,0,2328,24
validation,HierarchicalLocalMean,RegionE,RealTimeInference,2368,0,1.16573298711051,2351,72
validation,SameHour24Baseline,RegionE,RealTimeInference,2368,0,0,2328,24
validation,HierarchicalLocalMean,RegionE,RealTimeInference,2369,0,1.16573298711051,2351,72
validation,SameHour24Baseline,RegionE,RealTimeInference,2369,0,0,2328,24
validation,HierarchicalLocalMean,RegionE,RealTimeInference,2370,3,1.16573298711051,2351,72
validation,SameHour24Baseline,RegionE,RealTimeInference,2370,3,5,2328,24
validation,HierarchicalLocalMean,RegionE,RealTimeInference,2371,0,1.16573298711051,2351,72
validation,SameHour24Baseline,RegionE,RealTimeInference,2371,0,0,2328,24
validation,HierarchicalLocalMean,RegionE,RealTimeInference,2372,0,1.16573298711051,2351,72
validation,SameHour24Baseline,RegionE,RealTimeInference,2372,0,0,2328,24
validation,HierarchicalLocalMean,RegionE,RealTimeInference,2373,2,1.16573298711051,2351,72
validation,SameHour24Baseline,RegionE,RealTimeInference,2373,2,1,2328,24
validation,HierarchicalLocalMean,RegionE,RealTimeInference,2374,0,1.16573298711051,2351,72
validation,SameHour24Baseline,RegionE,RealTimeInference,2374,0,0,2328,24
validation,HierarchicalLocalMean,RegionE,RealTimeInference,2375,0,1.16573298711051,2351,72
validation,SameHour24Baseline,RegionE,RealTimeInference,2375,0,0,2328,24
validation,HierarchicalLocalMean,RegionF,AITraining,2352,127,126.905851627178,2351,72
validation,SameHour24Baseline,RegionF,AITraining,2352,127,187,2328,24
validation,HierarchicalLocalMean,RegionF,AITraining,2353,88,126.905851627178,2351,72
validation,SameHour24Baseline,RegionF,AITraining,2353,88,0,2328,24
validation,HierarchicalLocalMean,RegionF,AITraining,2354,31,126.905851627178,2351,72
validation,SameHour24Baseline,RegionF,AITraining,2354,31,45,2328,24
validation,HierarchicalLocalMean,RegionF,AITraining,2355,220,126.905851627178,2351,72
validation,SameHour24Baseline,RegionF,AITraining,2355,220,70,2328,24
validation,HierarchicalLocalMean,RegionF,AITraining,2356,425,126.905851627178,2351,72
validation,SameHour24Baseline,RegionF,AITraining,2356,425,98,2328,24
validation,HierarchicalLocalMean,RegionF,AITraining,2357,25,126.905851627178,2351,72
validation,SameHour24Baseline,RegionF,AITraining,2357,25,176,2328,24
validation,HierarchicalLocalMean,RegionF,AITraining,2358,37,126.905851627178,2351,72
validation,SameHour24Baseline,RegionF,AITraining,2358,37,59,2328,24
validation,HierarchicalLocalMean,RegionF,AITraining,2359,330,126.905851627178,2351,72
validation,SameHour24Baseline,RegionF,AITraining,2359,330,0,2328,24
validation,HierarchicalLocalMean,RegionF,AITraining,2360,236,126.905851627178,2351,72
validation,SameHour24Baseline,RegionF,AITraining,2360,236,32,2328,24
validation,HierarchicalLocalMean,RegionF,AITraining,2361,126,126.905851627178,2351,72
validation,SameHour24Baseline,RegionF,AITraining,2361,126,173,2328,24
validation,HierarchicalLocalMean,RegionF,AITraining,2362,101,126.905851627178,2351,72
validation,SameHour24Baseline,RegionF,AITraining,2362,101,117,2328,24
validation,HierarchicalLocalMean,RegionF,AITraining,2363,118,126.905851627178,2351,72
validation,SameHour24Baseline,RegionF,AITraining,2363,118,0,2328,24
validation,HierarchicalLocalMean,RegionF,AITraining,2364,118,126.905851627178,2351,72
validation,SameHour24Baseline,RegionF,AITraining,2364,118,230,2328,24
validation,HierarchicalLocalMean,RegionF,AITraining,2365,125,126.905851627178,2351,72
validation,SameHour24Baseline,RegionF,AITraining,2365,125,191,2328,24
validation,HierarchicalLocalMean,RegionF,AITraining,2366,198,126.905851627178,2351,72
validation,SameHour24Baseline,RegionF,AITraining,2366,198,234,2328,24
validation,HierarchicalLocalMean,RegionF,AITraining,2367,192,126.905851627178,2351,72
validation,SameHour24Baseline,RegionF,AITraining,2367,192,0,2328,24
validation,HierarchicalLocalMean,RegionF,AITraining,2368,0,126.905851627178,2351,72
validation,SameHour24Baseline,RegionF,AITraining,2368,0,125,2328,24
validation,HierarchicalLocalMean,RegionF,AITraining,2369,334,126.905851627178,2351,72
validation,SameHour24Baseline,RegionF,AITraining,2369,334,173,2328,24
validation,HierarchicalLocalMean,RegionF,AITraining,2370,122,126.905851627178,2351,72
validation,SameHour24Baseline,RegionF,AITraining,2370,122,80,2328,24
validation,HierarchicalLocalMean,RegionF,AITraining,2371,135,126.905851627178,2351,72
validation,SameHour24Baseline,RegionF,AITraining,2371,135,26,2328,24
validation,HierarchicalLocalMean,RegionF,AITraining,2372,151,126.905851627178,2351,72
validation,SameHour24Baseline,RegionF,AITraining,2372,151,270,2328,24
validation,HierarchicalLocalMean,RegionF,AITraining,2373,163,126.905851627178,2351,72
validation,SameHour24Baseline,RegionF,AITraining,2373,163,35,2328,24
validation,HierarchicalLocalMean,RegionF,AITraining,2374,91,126.905851627178,2351,72
validation,SameHour24Baseline,RegionF,AITraining,2374,91,212,2328,24
validation,HierarchicalLocalMean,RegionF,AITraining,2375,0,126.905851627178,2351,72
validation,SameHour24Baseline,RegionF,AITraining,2375,0,119,2328,24
validation,HierarchicalLocalMean,RegionF,BatchInference,2352,0,12.7250991230088,2351,72
validation,SameHour24Baseline,RegionF,BatchInference,2352,0,0,2328,24
validation,HierarchicalLocalMean,RegionF,BatchInference,2353,50,12.7250991230088,2351,72
validation,SameHour24Baseline,RegionF,BatchInference,2353,50,35,2328,24
validation,HierarchicalLocalMean,RegionF,BatchInference,2354,0,12.7250991230088,2351,72
validation,SameHour24Baseline,RegionF,BatchInference,2354,0,0,2328,24
validation,HierarchicalLocalMean,RegionF,BatchInference,2355,0,12.7250991230088,2351,72
validation,SameHour24Baseline,RegionF,BatchInference,2355,0,0,2328,24
validation,HierarchicalLocalMean,RegionF,BatchInference,2356,20,12.7250991230088,2351,72
validation,SameHour24Baseline,RegionF,BatchInference,2356,20,0,2328,24
validation,HierarchicalLocalMean,RegionF,BatchInference,2357,20,12.7250991230088,2351,72
validation,SameHour24Baseline,RegionF,BatchInference,2357,20,0,2328,24
validation,HierarchicalLocalMean,RegionF,BatchInference,2358,14,12.7250991230088,2351,72
validation,SameHour24Baseline,RegionF,BatchInference,2358,14,20,2328,24
validation,HierarchicalLocalMean,RegionF,BatchInference,2359,0,12.7250991230088,2351,72
validation,SameHour24Baseline,RegionF,BatchInference,2359,0,28,2328,24
validation,HierarchicalLocalMean,RegionF,BatchInference,2360,9,12.7250991230088,2351,72
validation,SameHour24Baseline,RegionF,BatchInference,2360,9,22,2328,24
validation,HierarchicalLocalMean,RegionF,BatchInference,2361,15,12.7250991230088,2351,72
validation,SameHour24Baseline,RegionF,BatchInference,2361,15,0,2328,24
validation,HierarchicalLocalMean,RegionF,BatchInference,2362,20,12.7250991230088,2351,72
validation,SameHour24Baseline,RegionF,BatchInference,2362,20,33,2328,24
validation,HierarchicalLocalMean,RegionF,BatchInference,2363,0,12.7250991230088,2351,72
validation,SameHour24Baseline,RegionF,BatchInference,2363,0,0,2328,24
validation,HierarchicalLocalMean,RegionF,BatchInference,2364,7,12.7250991230088,2351,72
validation,SameHour24Baseline,RegionF,BatchInference,2364,7,0,2328,24
validation,HierarchicalLocalMean,RegionF,BatchInference,2365,0,12.7250991230088,2351,72
validation,SameHour24Baseline,RegionF,BatchInference,2365,0,26,2328,24
validation,HierarchicalLocalMean,RegionF,BatchInference,2366,0,12.7250991230088,2351,72
validation,SameHour24Baseline,RegionF,BatchInference,2366,0,23,2328,24
validation,HierarchicalLocalMean,RegionF,BatchInference,2367,4,12.7250991230088,2351,72
validation,SameHour24Baseline,RegionF,BatchInference,2367,4,28,2328,24
validation,HierarchicalLocalMean,RegionF,BatchInference,2368,13,12.7250991230088,2351,72
validation,SameHour24Baseline,RegionF,BatchInference,2368,13,34,2328,24
validation,HierarchicalLocalMean,RegionF,BatchInference,2369,0,12.7250991230088,2351,72
validation,SameHour24Baseline,RegionF,BatchInference,2369,0,42,2328,24
validation,HierarchicalLocalMean,RegionF,BatchInference,2370,0,12.7250991230088,2351,72
validation,SameHour24Baseline,RegionF,BatchInference,2370,0,8,2328,24
validation,HierarchicalLocalMean,RegionF,BatchInference,2371,23,12.7250991230088,2351,72
validation,SameHour24Baseline,RegionF,BatchInference,2371,23,29,2328,24
validation,HierarchicalLocalMean,RegionF,BatchInference,2372,17,12.7250991230088,2351,72
validation,SameHour24Baseline,RegionF,BatchInference,2372,17,11,2328,24
validation,HierarchicalLocalMean,RegionF,BatchInference,2373,9,12.7250991230088,2351,72
validation,SameHour24Baseline,RegionF,BatchInference,2373,9,4,2328,24
validation,HierarchicalLocalMean,RegionF,BatchInference,2374,14,12.7250991230088,2351,72
validation,SameHour24Baseline,RegionF,BatchInference,2374,14,0,2328,24
validation,HierarchicalLocalMean,RegionF,BatchInference,2375,7,12.7250991230088,2351,72
validation,SameHour24Baseline,RegionF,BatchInference,2375,7,21,2328,24
validation,HierarchicalLocalMean,RegionF,RealTimeInference,2352,0,0.924604805254823,2351,72
validation,SameHour24Baseline,RegionF,RealTimeInference,2352,0,0,2328,24
validation,HierarchicalLocalMean,RegionF,RealTimeInference,2353,0,0.924604805254823,2351,72
validation,SameHour24Baseline,RegionF,RealTimeInference,2353,0,0,2328,24
validation,HierarchicalLocalMean,RegionF,RealTimeInference,2354,0,0.924604805254823,2351,72
validation,SameHour24Baseline,RegionF,RealTimeInference,2354,0,0,2328,24
validation,HierarchicalLocalMean,RegionF,RealTimeInference,2355,0,0.924604805254823,2351,72
validation,SameHour24Baseline,RegionF,RealTimeInference,2355,0,0,2328,24
validation,HierarchicalLocalMean,RegionF,RealTimeInference,2356,0,0.924604805254823,2351,72
validation,SameHour24Baseline,RegionF,RealTimeInference,2356,0,0,2328,24
validation,HierarchicalLocalMean,RegionF,RealTimeInference,2357,0,0.924604805254823,2351,72
validation,SameHour24Baseline,RegionF,RealTimeInference,2357,0,0,2328,24
validation,HierarchicalLocalMean,RegionF,RealTimeInference,2358,0,0.924604805254823,2351,72
validation,SameHour24Baseline,RegionF,RealTimeInference,2358,0,0,2328,24
validation,HierarchicalLocalMean,RegionF,RealTimeInference,2359,0,0.924604805254823,2351,72
validation,SameHour24Baseline,RegionF,RealTimeInference,2359,0,0,2328,24
validation,HierarchicalLocalMean,RegionF,RealTimeInference,2360,0,0.924604805254823,2351,72
validation,SameHour24Baseline,RegionF,RealTimeInference,2360,0,0,2328,24
validation,HierarchicalLocalMean,RegionF,RealTimeInference,2361,7,0.924604805254823,2351,72
validation,SameHour24Baseline,RegionF,RealTimeInference,2361,7,0,2328,24
validation,HierarchicalLocalMean,RegionF,RealTimeInference,2362,6,0.924604805254823,2351,72
validation,SameHour24Baseline,RegionF,RealTimeInference,2362,6,0,2328,24
validation,HierarchicalLocalMean,RegionF,RealTimeInference,2363,0,0.924604805254823,2351,72
validation,SameHour24Baseline,RegionF,RealTimeInference,2363,0,0,2328,24
validation,HierarchicalLocalMean,RegionF,RealTimeInference,2364,0,0.924604805254823,2351,72
validation,SameHour24Baseline,RegionF,RealTimeInference,2364,0,0,2328,24
validation,HierarchicalLocalMean,RegionF,RealTimeInference,2365,1,0.924604805254823,2351,72
validation,SameHour24Baseline,RegionF,RealTimeInference,2365,1,0,2328,24
validation,HierarchicalLocalMean,RegionF,RealTimeInference,2366,0,0.924604805254823,2351,72
validation,SameHour24Baseline,RegionF,RealTimeInference,2366,0,0,2328,24
validation,HierarchicalLocalMean,RegionF,RealTimeInference,2367,0,0.924604805254823,2351,72
validation,SameHour24Baseline,RegionF,RealTimeInference,2367,0,0,2328,24
validation,HierarchicalLocalMean,RegionF,RealTimeInference,2368,0,0.924604805254823,2351,72
validation,SameHour24Baseline,RegionF,RealTimeInference,2368,0,0,2328,24
validation,HierarchicalLocalMean,RegionF,RealTimeInference,2369,0,0.924604805254823,2351,72
validation,SameHour24Baseline,RegionF,RealTimeInference,2369,0,0,2328,24
validation,HierarchicalLocalMean,RegionF,RealTimeInference,2370,0,0.924604805254823,2351,72
validation,SameHour24Baseline,RegionF,RealTimeInference,2370,0,0,2328,24
validation,HierarchicalLocalMean,RegionF,RealTimeInference,2371,0,0.924604805254823,2351,72
validation,SameHour24Baseline,RegionF,RealTimeInference,2371,0,0,2328,24
validation,HierarchicalLocalMean,RegionF,RealTimeInference,2372,8,0.924604805254823,2351,72
validation,SameHour24Baseline,RegionF,RealTimeInference,2372,8,0,2328,24
validation,HierarchicalLocalMean,RegionF,RealTimeInference,2373,0,0.924604805254823,2351,72
validation,SameHour24Baseline,RegionF,RealTimeInference,2373,0,0,2328,24
validation,HierarchicalLocalMean,RegionF,RealTimeInference,2374,0,0.924604805254823,2351,72
validation,SameHour24Baseline,RegionF,RealTimeInference,2374,0,0,2328,24
validation,HierarchicalLocalMean,RegionF,RealTimeInference,2375,1,0.924604805254823,2351,72
validation,SameHour24Baseline,RegionF,RealTimeInference,2375,1,0,2328,24
