WindowStart,ForecastHour,Region,Predicted_AI_IT_Load_MW
96,120,RegionA,42.666861405704
96,120,RegionB,39.6605833333334
96,120,RegionC,43.4106173468249
96,120,RegionD,51.35
96,120,RegionE,4.675
96,120,RegionF,2.7389260808926
96,121,RegionA,48.299472811408
96,121,RegionB,26.9111666666666
96,121,RegionC,47.3695163178014
96,121,RegionD,51.7356666666667
96,121,RegionE,6.155
96,121,RegionF,4.8191021617852
96,122,RegionA,43.337667
96,122,RegionB,28.6794166666666
96,122,RegionC,50.2833414922341
96,122,RegionD,50.2011586781914
96,122,RegionE,6.30666666666666
96,122,RegionF,6.80136157601113
96,123,RegionA,41.942667
96,123,RegionB,21.481
96,123,RegionC,44.838
96,123,RegionD,40.3973173563828
96,123,RegionE,6.983
96,123,RegionF,8.98362099023707
96,124,RegionA,34.2014343504121
96,124,RegionB,28.6429905415938
96,124,RegionC,25.697215614035
96,124,RegionD,82.88857347328
96,124,RegionE,7.32583333333333
96,124,RegionF,44.0843064853556
96,125,RegionA,32.1240000000001
96,125,RegionB,43.5672636056645
96,125,RegionC,21.238083
96,125,RegionD,115.941157743061
96,125,RegionE,6.15033333333334
96,125,RegionF,76.5635376569038
96,126,RegionA,31.6322226447412
96,126,RegionB,50.887728651682
96,126,RegionC,21.993333
96,126,RegionD,153.077926638751
96,126,RegionE,4.92633333333334
96,126,RegionF,105.285018828452
96,127,RegionA,30.814667
96,127,RegionB,52.586667
96,127,RegionC,25.021333
96,127,RegionD,230.565583333333
96,127,RegionE,4.58833333333334
96,127,RegionF,146.50675
96,128,RegionA,27.468
96,128,RegionB,36.2588938248181
96,128,RegionC,27.248
96,128,RegionD,231.086
96,128,RegionE,1.06075000000001
96,128,RegionF,118.981434100418
96,129,RegionA,25.276
96,129,RegionB,25.5512039829697
96,129,RegionC,26.8319933840687
96,129,RegionD,230.43825
96,129,RegionE,0.78291666666667
96,129,RegionF,85.8793601813111
96,130,RegionA,24.9221684374622
96,130,RegionB,24.369333
96,130,RegionC,27.465333
96,130,RegionD,226.35565842711
96,130,RegionE,0.78291666666667
96,130,RegionF,56.2101473733147
96,131,RegionA,25.915333
96,131,RegionB,46.2296662222222
96,131,RegionC,28.351667
96,131,RegionD,229.47075
96,131,RegionE,6.65758333333333
96,131,RegionF,41.0101567875407
96,132,RegionA,48.9169377050458
96,132,RegionB,64.330847016691
96,132,RegionC,46.346
96,132,RegionD,174.991391592528
96,132,RegionE,6.89083333333333
96,132,RegionF,27.3883611111111
96,133,RegionA,68.7737840479952
96,133,RegionB,75.7025350084535
96,133,RegionC,60.8618410355432
96,133,RegionD,159.89827540061
96,133,RegionE,6.94666666666667
96,133,RegionF,19.09625
96,134,RegionA,83.0254766238188
96,134,RegionB,84.1905500529845
96,134,RegionC,71.9715465500063
96,134,RegionD,147.416749745492
96,134,RegionE,6.94666666666667
96,134,RegionF,15.0285
96,135,RegionA,96.1565
96,135,RegionB,92.0462500000001
96,135,RegionC,83.7530338007205
96,135,RegionD,159.640902055705
96,135,RegionE,6.3386666666667
96,135,RegionF,10.6044999999999
96,136,RegionA,98.2321666666667
96,136,RegionB,83.956128598647
96,136,RegionC,84.4
96,136,RegionD,130.191888888889
96,136,RegionE,0.150500000000001
96,136,RegionF,1.11333333333334
96,137,RegionA,98.3846666666667
96,137,RegionB,91.0453333333333
96,137,RegionC,84.288
96,137,RegionD,109.463388888889
96,137,RegionE,0
96,137,RegionF,0.463999999999996
96,138,RegionA,96.8393283930313
96,138,RegionB,92.5813333333333
96,138,RegionC,84.9946666666667
96,138,RegionD,129.050722222222
96,138,RegionE,0
96,138,RegionF,0.4
96,139,RegionA,99.2933333333333
96,139,RegionB,92.24
96,139,RegionC,84.9333333333334
96,139,RegionD,138.310638888889
96,139,RegionE,0
96,139,RegionF,0.34666666666667
96,140,RegionA,97.907724254035
96,140,RegionB,91.6339999999999
96,140,RegionC,85.512
96,140,RegionD,74.2203333333335
96,140,RegionE,0
96,140,RegionF,0.24
96,141,RegionA,98.1093712201551
96,141,RegionB,91.4399999999999
96,141,RegionC,83.8697954860947
96,141,RegionD,20.9983333333334
96,141,RegionE,0
96,141,RegionF,0.24
96,142,RegionA,99.1946666666668
96,142,RegionB,91.7466666666665
96,142,RegionC,78.2694460273432
96,142,RegionD,0.2
96,142,RegionE,0.4
96,142,RegionF,0.24
96,143,RegionA,98.6200000000002
96,143,RegionB,91.2705891392237
96,143,RegionC,67.4904624429506
96,143,RegionD,0
96,143,RegionE,0.4
96,143,RegionF,0.235999999999997
96,144,RegionA,75.1269959667043
96,144,RegionB,71.5347912580316
96,144,RegionC,42.275333
96,144,RegionD,0.08
96,144,RegionE,6.36
96,144,RegionF,0
96,145,RegionA,45.1310006161774
96,145,RegionB,49.1458199416069
96,145,RegionC,31.0407740630126
96,145,RegionD,0.0733333333333326
96,145,RegionE,11.4473333333333
96,145,RegionF,0
96,146,RegionA,28.068
96,146,RegionB,32.4166669999998
96,146,RegionC,26.9192967495817
96,146,RegionD,9.632598142038
96,146,RegionE,12.3113333333334
96,146,RegionF,0.24
96,147,RegionA,25.462333
96,147,RegionB,41.6333329999998
96,147,RegionC,28.159
96,147,RegionD,36.8495158567511
96,147,RegionE,12.3113333333334
96,147,RegionF,17.427103580755
96,148,RegionA,32.6045289192056
96,148,RegionB,45.7041110498243
96,148,RegionC,33.12
96,148,RegionD,92.0877686088827
96,148,RegionE,48.2254166666667
96,148,RegionF,64.9161236680978
96,149,RegionA,44.1095060925284
96,149,RegionB,54.5123782490347
96,149,RegionC,36.437
96,149,RegionD,144.519064818212
96,149,RegionE,68.6105833333333
96,149,RegionF,104.538560422107
96,150,RegionA,52.1233054240097
96,150,RegionB,63.858
96,150,RegionC,37.8118391861628
96,150,RegionD,183.119136094972
96,150,RegionE,86.7443333333333
96,150,RegionF,126.884913842783
96,151,RegionA,53.5493329999999
96,151,RegionB,83.130667
96,151,RegionC,40.307
96,151,RegionD,227.63825
96,151,RegionE,96.7424999999999
96,151,RegionF,148.231
96,152,RegionA,46.1912301432499
96,152,RegionB,81.496667
96,152,RegionC,34.153333
96,152,RegionD,227.262
96,152,RegionE,57.3037773144416
96,152,RegionF,140.926667
96,153,RegionA,48.5536747281007
96,153,RegionB,76.6643976751413
96,153,RegionC,31.1221719150531
96,153,RegionD,227.882
96,153,RegionE,39.3036090040512
96,153,RegionF,137.674064717906
96,154,RegionA,57.9733329999998
96,154,RegionB,76.6902982504358
96,154,RegionC,31.0212529872096
96,154,RegionD,224.959585174943
96,154,RegionE,24.6068590040513
96,154,RegionF,132.441453918021
96,155,RegionA,84.9159999999998
96,155,RegionB,74.266667
96,155,RegionC,30.0006670000003
96,155,RegionD,224.485
96,155,RegionE,29.9636923373846
96,155,RegionF,134.34538178094
96,156,RegionA,87.5736787637948
96,156,RegionB,76.7299138740422
96,156,RegionC,43.685228727048
96,156,RegionD,205.68509848142
96,156,RegionE,23.7981650229429
96,156,RegionF,92.9764779504089
96,157,RegionA,93.391922609742
96,157,RegionB,83.3716429890296
96,157,RegionC,61.8544325691617
96,157,RegionD,188.345007795697
96,157,RegionE,20.9098888888889
96,157,RegionF,65.9276075104099
96,158,RegionA,93.1260680788726
96,158,RegionB,88.8434999999998
96,158,RegionC,70.3974165467743
96,158,RegionD,199.998198342293
96,158,RegionE,26.9107222222223
96,158,RegionF,53.2608596772749
96,159,RegionA,92.6623333333333
96,159,RegionB,89.6728573663077
96,159,RegionC,78.1033333333334
96,159,RegionD,226.746166666667
96,159,RegionE,38.1128888888891
96,159,RegionF,63.9596842924469
96,160,RegionA,70.2799337277235
96,160,RegionB,56.1598737293565
96,160,RegionC,68.3799588423108
96,160,RegionD,162.074211985144
96,160,RegionE,10.2906666666668
96,160,RegionF,51.6425228483989
96,161,RegionA,52.4773224568704
96,161,RegionB,39.3389693001213
96,161,RegionC,67.512727194249
96,161,RegionD,116.2746045
96,161,RegionE,3.67599999999999
96,161,RegionF,27.4637678387863
96,162,RegionA,50.2403393043224
96,162,RegionB,44.5242038622362
96,162,RegionC,69.3441500213045
96,162,RegionD,93.2133783649505
96,162,RegionE,7.99809888712017
96,162,RegionF,18.5279370248538
96,163,RegionA,89.1784946130849
96,163,RegionB,87.3227379835124
96,163,RegionC,79.899255386915
96,163,RegionD,98.5850166598195
96,163,RegionE,11.8161977742403
96,163,RegionF,17.2469832148942
96,164,RegionA,88.0289540221766
96,164,RegionB,84.8496903241994
96,164,RegionC,69.9512478531333
96,164,RegionD,66.8254150664605
96,164,RegionE,10.6386882564883
96,164,RegionF,11.8839166666667
96,165,RegionA,89.2563023201572
96,165,RegionB,88.6
96,165,RegionC,74.1916590572692
96,165,RegionD,30.771572991363
96,165,RegionE,8.61025603603476
96,165,RegionF,6.06836541704643
96,166,RegionA,89.1184946130849
96,166,RegionB,89.2176666666666
96,166,RegionC,81.687005386915
96,166,RegionD,11.1189913881291
96,166,RegionE,36.5725813680503
96,166,RegionF,21.3109827993758
96,167,RegionA,84.0778279464183
96,167,RegionB,89.557
96,167,RegionC,80.3350053869151
96,167,RegionD,22.336598193305
96,167,RegionE,78.791996069434
96,167,RegionF,32.776516848372
552,576,RegionA,86.2077377820875
552,576,RegionB,72.6242292916665
552,576,RegionC,45.1593020833333
552,576,RegionD,79.8128141762453
552,576,RegionE,61.7623333333332
552,576,RegionF,44.6449166666667
552,577,RegionA,83.1536316944438
552,577,RegionB,58.3859585833333
552,577,RegionC,24.3898541666663
552,577,RegionD,84.1712222222224
552,577,RegionE,55.8452500000003
552,577,RegionF,55.570333333334
552,578,RegionA,42.2754441111111
552,578,RegionB,46.2750003333331
552,578,RegionC,19.5653333333332
552,578,RegionD,100.653222222222
552,578,RegionE,52.6212499999995
552,578,RegionF,68.1066666666666
552,579,RegionA,43.671333
552,579,RegionB,49.886667
552,579,RegionC,22.056
552,579,RegionD,103.684222222222
552,579,RegionE,61.4520277777775
552,579,RegionF,144.819
552,580,RegionA,21.882595217912
552,580,RegionB,37.3744377083334
552,580,RegionC,12.3766979166667
552,580,RegionD,65.80374137931
552,580,RegionE,54.7063611111108
552,580,RegionF,113.221944444445
552,581,RegionA,14.4138309351852
552,581,RegionB,13.8338750833328
552,581,RegionC,16.6956968257791
552,581,RegionD,46.8232777777772
552,581,RegionE,51.981344444444
552,581,RegionF,105.067447155703
552,582,RegionA,21.4577592592595
552,582,RegionB,19.458
552,582,RegionC,26.8726086628897
552,582,RegionD,32.3699099886687
552,582,RegionE,47.2699
552,582,RegionF,91.2998498669599
552,583,RegionA,38.969667
552,583,RegionB,38.0647496666672
552,583,RegionC,40.127333
552,583,RegionD,55.0484033106709
552,583,RegionE,33.5512333333333
552,583,RegionF,74.9774470226613
552,584,RegionA,35.0260003333333
552,584,RegionB,34.8989996666671
552,584,RegionC,38.4157549949008
552,584,RegionD,46.6982035379918
552,584,RegionE,19.5285666666668
552,584,RegionF,47.2474748004396
552,585,RegionA,31.155667
552,585,RegionB,31.9069996666666
552,585,RegionC,34.4332483169029
552,585,RegionD,47.6909879937674
552,585,RegionE,10.0280000000003
552,585,RegionF,21.7980414671064
552,586,RegionA,32.454667
552,586,RegionB,22.895333
552,586,RegionC,30.268
552,586,RegionD,46.5440974217815
552,586,RegionE,25.0113333333335
552,586,RegionF,36.7643192448842
552,587,RegionA,30.0434614444444
552,587,RegionB,14.4093330000004
552,587,RegionC,42.5281942049727
552,587,RegionD,47.6995281768971
552,587,RegionE,40.3533333333338
552,587,RegionF,69.2329831736851
552,588,RegionA,17.5250774092591
552,588,RegionB,7.26025407222207
552,588,RegionC,34.6033585144884
552,588,RegionD,53.1127017638237
552,588,RegionE,32.8570000000003
552,588,RegionF,71.0418304624274
552,589,RegionA,12.6730351851853
552,589,RegionB,4.91916666666666
552,589,RegionC,40.8999672684498
552,589,RegionD,69.1976531285282
552,589,RegionE,25.9106666666667
552,589,RegionF,66.8991777511695
552,590,RegionA,13.0393055555556
552,590,RegionB,14.6168333333334
552,590,RegionC,57.3251455067672
552,590,RegionD,88.7834933821215
552,590,RegionE,22.6906666666667
552,590,RegionF,71.0017499999996
552,591,RegionA,12.4869074074074
552,591,RegionB,28.8027415106286
552,591,RegionC,81.9964166666667
552,591,RegionD,124.137351081964
552,591,RegionE,23.1506666666667
552,591,RegionF,75.4309166666662
552,592,RegionA,9.31787962962957
552,592,RegionB,20.316574843962
552,592,RegionC,81.61975
552,592,RegionD,95.5812381597907
552,592,RegionE,23.9586666666665
552,592,RegionF,50.0300018110621
552,593,RegionA,8.62824999999998
552,593,RegionB,22.1367415106286
552,593,RegionC,74.1536662735246
552,593,RegionD,79.8952830381667
552,593,RegionE,30.9295555555555
552,593,RegionF,38.1757258443472
552,594,RegionA,9.7280465792932
552,594,RegionB,27.980074843962
552,594,RegionC,71.9146525812067
552,594,RegionD,81.3123872290179
552,594,RegionE,52.7868888888889
552,594,RegionF,42.0935887665207
552,595,RegionA,40.8320749734017
552,595,RegionB,35.9751485847022
552,595,RegionC,76.1165
552,595,RegionD,112.113435864313
552,595,RegionE,92.3042222222223
552,595,RegionF,51.2489794664713
552,596,RegionA,34.4922416400686
552,596,RegionB,31.3965930291469
552,596,RegionC,67.5747136420907
552,596,RegionD,91.3580688885512
552,596,RegionE,75.2026533336716
552,596,RegionF,39.9794239109159
552,597,RegionA,35.0487971956239
552,597,RegionB,22.7427509525605
552,597,RegionC,60.2822032832062
552,597,RegionD,69.879637777101
552,597,RegionE,52.0923344451208
552,597,RegionF,42.8139985686104
552,598,RegionA,37.3272138622905
552,598,RegionB,28.9656015185186
552,598,RegionC,69.1488569141794
552,598,RegionD,92.5158733323184
552,598,RegionE,35.3916544454586
552,598,RegionF,45.4294943716787
552,599,RegionA,39.6492138622905
552,599,RegionB,32.027407074074
552,599,RegionC,76.6619166666667
552,599,RegionD,164.15743888762
552,599,RegionE,23.6084222234905
552,599,RegionF,66.0839901747471
552,600,RegionA,37.3828852030983
552,600,RegionB,21.780851518518
552,600,RegionC,60.3273026924773
552,600,RegionD,148.90536999907
552,600,RegionE,18.5484355564858
552,600,RegionF,65.4222939192402
552,601,RegionA,26.7296100065217
552,601,RegionB,22.5212823441996
552,601,RegionC,40.3418170152848
552,601,RegionD,131.047737791011
552,601,RegionE,22.0256155561475
552,601,RegionF,68.2755483979482
552,602,RegionA,25.1927222222224
552,602,RegionB,29.3400594375319
552,602,RegionC,34.442518803537
552,602,RegionD,118.014550027396
552,602,RegionE,29.9210733335871
552,602,RegionF,58.0959928423926
552,603,RegionA,38.882
552,603,RegionB,38.231
552,603,RegionC,40.944333
552,603,RegionD,186.458754485919
552,603,RegionE,63.2762222222223
552,603,RegionF,82.0498569585254
552,604,RegionA,32.3590605648147
552,604,RegionB,30.4023279064922
552,604,RegionC,26.239333
552,604,RegionD,142.366696962077
552,604,RegionE,42.9499166666669
552,604,RegionF,64.9197482332836
552,605,RegionA,31.0288452037037
552,605,RegionB,30.5176265715523
552,605,RegionC,15.6233607166306
552,605,RegionD,97.5022502222944
552,605,RegionE,37.8922777777779
552,605,RegionF,55.8620839524865
552,606,RegionA,31.6753539166672
552,606,RegionB,35.0272759670443
552,606,RegionC,15.4954860293485
552,606,RegionD,121.062189642496
552,606,RegionE,38.0896111111114
552,606,RegionF,76.466777777778
552,607,RegionA,36.458333
552,607,RegionB,42.161333
552,607,RegionC,24.163
552,607,RegionD,152.386306222223
552,607,RegionE,46.8620277777782
552,607,RegionF,95.9107777777785
552,608,RegionA,34.2901663333333
552,608,RegionB,39.5072696804917
552,608,RegionC,18.8736666666666
552,608,RegionD,130.09236954173
552,608,RegionE,38.4821111111112
552,608,RegionF,59.2179166666678
552,609,RegionA,38.9687496666666
552,609,RegionB,38.625667
552,609,RegionC,22.5524808802929
552,609,RegionD,105.96010245304
552,609,RegionE,38.3017777777775
552,609,RegionF,35.7378055555557
552,610,RegionA,53.8602646484529
552,610,RegionB,56.6946349270158
552,610,RegionC,22.767
552,610,RegionD,101.761099561067
552,610,RegionE,40.7109166666666
552,610,RegionF,42.8752230856865
552,611,RegionA,71.8864794166667
552,611,RegionB,68.858667
552,611,RegionC,36.66
552,611,RegionD,127.99915741196
552,611,RegionE,62.2449166666666
552,611,RegionF,101.624307282485
552,612,RegionA,62.700667
552,612,RegionB,64.5200466475357
552,612,RegionC,44.2269862255787
552,612,RegionD,103.730437288845
552,612,RegionE,50.0532500000003
552,612,RegionF,90.5868350602621
552,613,RegionA,45.2420768055556
552,613,RegionB,63.7590929617381
552,613,RegionC,60.3228614708664
552,613,RegionD,72.4526059237992
552,613,RegionE,39.021138888889
552,613,RegionF,82.0946683935965
552,614,RegionA,31.7796452331941
552,614,RegionB,55.453601552151
552,614,RegionC,66.3985559375059
552,614,RegionD,70.3583722701024
552,614,RegionE,48.6668888888889
552,614,RegionF,84.2641583403794
552,615,RegionA,22.2038810746984
552,615,RegionB,57.0039611150542
552,615,RegionC,79.9981666666666
552,615,RegionD,106.718250333333
552,615,RegionE,71.3903888888889
552,615,RegionF,91.423407476915
552,616,RegionA,11.7345805524281
552,616,RegionB,39.7701774326085
552,616,RegionC,71.8737416816301
552,616,RegionD,88.8542503333338
552,616,RegionE,55.6308333333331
552,616,RegionF,67.7954999999995
552,617,RegionA,6.36510294328852
552,617,RegionB,26.7955918205501
552,617,RegionC,71.2178604583837
552,617,RegionD,50.0578336666672
552,617,RegionE,38.5686666666666
552,617,RegionF,48.6515555555554
552,618,RegionA,5.63890095777997
552,618,RegionB,49.4821985621639
552,618,RegionC,70.1157890356123
552,618,RegionD,45.379167
552,618,RegionE,35.9013333333332
552,618,RegionF,43.145222222222
552,619,RegionA,18.8468852488932
552,619,RegionB,80.9946699733291
552,619,RegionC,78.7411666666667
552,619,RegionD,60.3621669999997
552,619,RegionE,30.4746111111111
552,619,RegionF,36.8862222222217
552,620,RegionA,22.6371908044488
552,620,RegionB,72.999496230403
552,620,RegionC,75.3659709890886
552,620,RegionD,43.8778141982817
552,620,RegionE,13.9602777777777
552,620,RegionF,12.9101666666666
552,621,RegionA,36.5314869600309
552,621,RegionB,68.7914070740741
552,621,RegionC,70.5939734553567
552,621,RegionD,27.2020769549833
552,621,RegionE,3.82677777777787
552,621,RegionF,3.09616666666666
552,622,RegionA,53.720202482446
552,622,RegionB,77.0329178929098
552,622,RegionC,78.38
552,622,RegionD,21.1411824290897
552,622,RegionE,10.727086084443
552,622,RegionF,14.9045
552,623,RegionA,71.5237407507125
552,623,RegionB,87.1016666666667
552,623,RegionC,78.5523333333333
552,623,RegionD,33.5841426359561
552,623,RegionE,55.5675055022195
552,623,RegionF,33.2418333333328
624,648,RegionA,37.1960830000001
624,648,RegionB,45.7215210833333
624,648,RegionC,42.2386237107848
624,648,RegionD,56.1221419350493
624,648,RegionE,35.8726666666667
624,648,RegionF,25.4402969374997
624,649,RegionA,26.738333
624,649,RegionB,32.2267918333326
624,649,RegionC,39.5788540833335
624,649,RegionD,91.8049549861116
624,649,RegionE,48.3082031597208
624,649,RegionF,47.7468073819455
624,650,RegionA,23.694332999999
624,650,RegionB,28.17222925
624,650,RegionC,35.64
624,650,RegionD,132.810408048612
624,650,RegionE,67.4019896527744
624,650,RegionF,68.9159011597248
624,651,RegionA,14.8637292499999
624,651,RegionB,27.956
624,651,RegionC,46.515333
624,651,RegionD,227.710083333334
624,651,RegionE,99.5771094791614
624,651,RegionF,96.4506616041707
624,652,RegionA,17.6376462499999
624,652,RegionB,7.19312298750035
624,652,RegionC,28.8866359583129
624,652,RegionD,180.505462609743
624,652,RegionE,67.8652483680502
624,652,RegionF,92.4452449375041
624,653,RegionA,26.6800629166664
624,653,RegionB,8.76051890416669
624,653,RegionC,26.0765041034723
624,653,RegionD,137.63579369514
624,653,RegionE,47.5718905243017
624,653,RegionF,93.227340967364
624,654,RegionA,30.2057138541665
624,654,RegionB,21.4037481541667
624,654,RegionC,25.0451946559028
624,654,RegionD,115.925297670487
624,654,RegionE,47.9723818090259
624,654,RegionF,98.4470249673626
624,655,RegionA,56.079333
624,655,RegionB,45.7133100708335
624,655,RegionC,21.236
624,655,RegionD,137.022302645834
624,655,RegionE,90.2592619826385
624,655,RegionF,110.996931189584
624,656,RegionA,48.9928331666667
624,656,RegionB,44.3286663333335
624,656,RegionC,24.2153657930556
624,656,RegionD,104.778794027778
624,656,RegionE,57.5193333333327
624,656,RegionF,82.9896740124997
624,657,RegionA,44.144
624,657,RegionB,39.532
624,657,RegionC,26.3367088487329
624,657,RegionD,89.6922078179334
624,657,RegionE,40.5561388888883
624,657,RegionF,66.4213333333327
624,658,RegionA,47.9740001666667
624,658,RegionB,31.172667
624,658,RegionC,25.6530542754691
624,658,RegionD,95.5388618911974
624,658,RegionE,36.57825
624,658,RegionF,41.3326666666664
624,659,RegionA,59.4141029472224
624,659,RegionB,29.6867974216498
624,659,RegionC,37.258667
624,659,RegionD,164.389071520017
624,659,RegionE,58.5487499999998
624,659,RegionF,23.6593333333334
624,660,RegionA,33.6466416805567
624,660,RegionB,25.9364674809094
624,660,RegionC,38.1788286441273
624,660,RegionD,118.663682967354
624,660,RegionE,46.8285277777775
624,660,RegionF,22.2557681159423
624,661,RegionA,18.5312696138888
624,661,RegionB,13.0156307549829
624,661,RegionC,44.7683097760557
624,661,RegionD,98.0387777777775
624,661,RegionE,42.4625314009666
624,661,RegionF,21.6588695652183
624,662,RegionA,17.5279361138889
624,662,RegionB,13.120136268929
624,662,RegionC,65.0304493563119
624,662,RegionD,88.5587777777774
624,662,RegionE,34.3460350241543
624,662,RegionF,26.4386376811603
624,663,RegionA,22.0333333333333
624,663,RegionB,24.7074166666666
624,663,RegionC,77.1921666666666
624,663,RegionD,114.647333333333
624,663,RegionE,57.3023442028981
624,663,RegionF,58.5210724637689
624,664,RegionA,14.0027499999995
624,664,RegionB,20.7460833333332
624,664,RegionC,74.168799516908
624,664,RegionD,105.262833333334
624,664,RegionE,44.5384891304345
624,664,RegionF,56.2104057971018
624,665,RegionA,11.2194722222223
624,665,RegionB,17.5400833333333
624,665,RegionC,77.7630893719805
624,665,RegionD,91.2505000000002
624,665,RegionE,22.1790688405802
624,665,RegionF,66.9662028985509
624,666,RegionA,13.6117485795249
624,666,RegionB,17.3034166666666
624,666,RegionC,82.44525
624,666,RegionD,83.9433333333331
624,666,RegionE,17.2108985507248
624,666,RegionF,83.0076584253062
624,667,RegionA,17.8504138257165
624,667,RegionB,21.3560000000003
624,667,RegionC,82.29825
624,667,RegionD,112.906666666668
624,667,RegionE,20.1353333333335
624,667,RegionF,95.5475583965059
624,668,RegionA,17.1724416034942
624,668,RegionB,16.5653755413196
624,668,RegionC,57.791518115942
624,668,RegionD,86.3472355697916
624,668,RegionE,16.6883333333333
624,668,RegionF,65.5271236138968
624,669,RegionA,15.9391638257164
624,669,RegionB,13.1404177493056
624,669,RegionC,38.1734166666664
624,669,RegionD,71.0096655840277
624,669,RegionE,23.3679523666817
624,669,RegionF,49.9289949187124
624,670,RegionA,13.5246638257165
624,670,RegionB,18.0644599572917
624,670,RegionC,27.0310000000002
624,670,RegionD,60.8649011538191
624,670,RegionE,43.0201825111418
624,670,RegionF,42.1324869964745
624,671,RegionA,42.2051223072765
624,671,RegionB,46.9271438257653
624,671,RegionC,20.9281555555556
624,671,RegionD,68.0277478347219
624,671,RegionE,76.6097459889354
624,671,RegionF,65.3683344877456
624,672,RegionA,37.2264570610849
624,672,RegionB,45.1829632341217
624,672,RegionC,11.1802260405158
624,672,RegionD,51.5385395374761
624,672,RegionE,54.2034672834768
624,672,RegionF,58.6235412877689
624,673,RegionA,32.7582750061791
624,673,RegionB,47.1376710261354
624,673,RegionC,7.33461319214248
624,673,RegionD,43.4598873010185
624,673,RegionE,36.8622851483788
624,673,RegionF,52.4086294372569
624,674,RegionA,31.5378893084357
624,674,RegionB,46.9555145158937
624,674,RegionC,13.9520565960712
624,674,RegionD,68.3080961756712
624,674,RegionE,41.6159867128253
624,674,RegionF,72.1848733577703
624,675,RegionA,38.9723616163428
624,675,RegionB,50.156
624,675,RegionC,24.94
624,675,RegionD,128.073082828101
624,675,RegionE,58.2981327217164
624,675,RegionF,84.2604506116169
624,676,RegionA,25.7670282830086
624,676,RegionB,42.3376383836576
624,676,RegionC,25.3317395659914
624,676,RegionD,98.1361111111121
624,676,RegionE,56.4159722260615
624,676,RegionF,57.8735937635032
624,677,RegionA,13.562147371322
624,677,RegionB,38.5383007996182
624,677,RegionC,25.7555301921424
624,677,RegionD,69.5336073846154
624,677,RegionE,48.9870564870754
624,677,RegionF,37.2019133207825
624,678,RegionA,15.8898222678062
624,678,RegionB,36.848074074074
624,678,RegionC,34.6004041516267
624,678,RegionD,83.3804369914529
624,678,RegionE,45.764529636978
624,678,RegionF,30.1262328780619
624,679,RegionA,36.354667
624,679,RegionB,48.246
624,679,RegionC,42.175667
624,679,RegionD,94.9692665982907
624,679,RegionE,47.0080583424362
624,679,RegionF,97.588007725939
624,680,RegionA,38.4602225555557
624,680,RegionB,39.3930000000002
624,680,RegionC,32.9559522598219
624,680,RegionD,76.126599931624
624,680,RegionE,26.7798255179559
624,680,RegionF,86.7233719572648
624,681,RegionA,42.8474685127804
624,681,RegionB,44.7849762649973
624,681,RegionC,25.5998847297424
624,681,RegionD,82.0370018618233
624,681,RegionE,22.9268095480356
624,681,RegionF,85.6129979715101
624,682,RegionA,46.9988283569947
624,682,RegionB,43.162897591723
624,682,RegionC,19.221333
624,682,RegionD,102.364511509971
624,682,RegionE,22.4545555555557
624,682,RegionF,99.0932906524213
624,683,RegionA,50.038
624,683,RegionB,38.383
624,683,RegionC,18.239667
624,683,RegionD,169.582777444444
624,683,RegionE,34.1705555555558
624,683,RegionF,150.61625
624,684,RegionA,48.7328429088721
624,684,RegionB,17.7948200312991
624,684,RegionC,20.7575003333333
624,684,RegionD,128.472225615384
624,684,RegionE,31.0888888888891
624,684,RegionF,111.324666666668
624,685,RegionA,34.2192676005547
624,685,RegionB,8.22013944531384
624,685,RegionC,29.5205003333332
624,685,RegionD,115.04101051282
624,685,RegionE,39.0726666666667
624,685,RegionF,69.7916932190902
624,686,RegionA,36.1442777777778
624,686,RegionB,4.78033333333334
624,686,RegionC,39.069143097222
624,686,RegionD,134.894839971151
624,686,RegionE,57.0876666666667
624,686,RegionF,50.7273780427356
624,687,RegionA,37.1259444444446
624,687,RegionB,14.0838888888889
624,687,RegionC,46.0723968166661
624,687,RegionD,140.662263215336
624,687,RegionE,96.6686666666668
624,687,RegionF,72.7327010791084
624,688,RegionA,27.9901111111113
624,688,RegionB,13.5042222222222
624,688,RegionC,42.901717431523
624,688,RegionD,106.255568614725
624,688,RegionE,53.1970000000003
624,688,RegionF,54.0486861759739
624,689,RegionA,17.4540277777779
624,689,RegionB,13.1188888888889
624,689,RegionC,32.7944269352685
624,689,RegionD,84.803596236336
624,689,RegionE,39.652833333333
624,689,RegionF,40.9961434950615
624,690,RegionA,15.2283611111111
624,690,RegionB,17.664
624,690,RegionC,32.958874267291
624,690,RegionD,81.6277886554297
624,690,RegionE,27.0058333333329
624,690,RegionF,40.9787537439454
624,691,RegionA,19.1845833333333
624,691,RegionB,55.6671843344136
624,691,RegionC,35.2493854159798
624,691,RegionD,109.448811650604
624,691,RegionE,26.7814999999999
624,691,RegionF,45.0062574878911
624,692,RegionA,19.4115352141362
624,692,RegionB,57.399732453611
624,692,RegionC,28.0413384505198
624,692,RegionD,72.3638030605081
624,692,RegionE,14.4644999999998
624,692,RegionF,31.7337574878913
624,693,RegionA,32.8626259838275
624,693,RegionB,59.3342805728082
624,693,RegionC,31.3559107398419
624,693,RegionD,57.2330403420317
624,693,RegionE,12.7196665
624,693,RegionF,21.4940314170464
624,694,RegionA,57.3266050426218
624,694,RegionB,68.7243893418067
624,694,RegionC,44.797339386915
624,694,RegionD,51.0080000000001
624,694,RegionE,17.279333
624,694,RegionF,19.9391387842121
624,695,RegionA,75.8097407507125
624,695,RegionB,51.2895080497153
624,695,RegionC,66.1774694883643
624,695,RegionD,60.9724766556516
624,695,RegionE,57.291888388889
624,695,RegionF,65.0955555555556
672,696,RegionA,38.1368993725499
672,696,RegionB,48.6930586274503
672,696,RegionC,45.5091666666667
672,696,RegionD,133.518327273204
672,696,RegionE,16.4659143768539
672,696,RegionF,60.9012170166087
672,697,RegionA,29.967
672,697,RegionB,45.0139996666662
672,697,RegionC,41.101333
672,697,RegionD,150.000904546409
672,697,RegionE,33.9444120870409
672,697,RegionF,103.479350699885
672,698,RegionA,38.7664373528902
672,698,RegionB,22.732333
672,698,RegionC,54.6024486101692
672,698,RegionD,184.740314179085
672,698,RegionE,71.2992709083391
672,698,RegionF,136.448640393962
672,699,RegionA,44.054
672,699,RegionB,38.9613330000001
672,699,RegionC,55.394667
672,699,RegionD,219.727535257833
672,699,RegionE,126.613659186611
672,699,RegionF,150.16025
672,700,RegionA,25.5715195794184
672,700,RegionB,28.1926077058831
672,700,RegionC,41.678667
672,700,RegionD,145.77241909361
672,700,RegionE,88.891411476424
672,700,RegionF,104.553958477998
672,701,RegionA,27.0006647115577
672,701,RegionB,30.7421850740752
672,701,RegionC,36.4251589934091
672,701,RegionD,133.44321605428
672,701,RegionE,60.0468026551263
672,701,RegionF,80.1567502893297
672,702,RegionA,32.7750087055446
672,702,RegionB,35.0979145925932
672,702,RegionC,26.182667
672,702,RegionD,119.590725794114
672,702,RegionE,54.0631660560503
672,702,RegionF,51.0283511850312
672,703,RegionA,52.478667
672,703,RegionB,29.049333
672,703,RegionC,28.214667
672,703,RegionD,107.85014689331
672,703,RegionE,44.9942777777775
672,703,RegionF,53.947463884467
672,704,RegionA,41.3275855652266
672,704,RegionB,22.5121109444445
672,704,RegionC,19.0935149104679
672,704,RegionD,75.4080279677787
672,704,RegionE,12.6149444444445
672,704,RegionF,33.5392050565267
672,705,RegionA,41.552
672,705,RegionB,23.684
672,705,RegionC,13.0311568683379
672,705,RegionD,68.6327302364086
672,705,RegionE,7.39333333333332
672,705,RegionF,24.7149462285864
672,706,RegionA,52.2869259372898
672,706,RegionB,24.926
672,706,RegionC,23.3757918671989
672,706,RegionD,73.5178932233709
672,706,RegionE,13.1083333333333
672,706,RegionF,28.1405000832517
672,707,RegionA,55.309333
672,707,RegionB,74.8808336249999
672,707,RegionC,31.528
672,707,RegionD,105.135055513972
672,707,RegionE,26.7503333333334
672,707,RegionF,49.1305000832517
672,708,RegionA,59.3885315534928
672,708,RegionB,67.796667
672,708,RegionC,34.807634738173
672,708,RegionD,89.9353888473051
672,708,RegionE,28.4940000000003
672,708,RegionF,46.3878334165851
672,709,RegionA,53.6867132404912
672,709,RegionB,70.1702779444447
672,709,RegionC,46.8143014048397
672,709,RegionD,72.9321110695272
672,709,RegionE,29.4829999999998
672,709,RegionF,33.0202074518082
672,710,RegionA,47.6359764145215
672,710,RegionB,77.2143889722224
672,710,RegionC,64.2479679881735
672,710,RegionD,63.3421110695272
672,710,RegionE,44.0449999999998
672,710,RegionF,28.0423333333333
672,711,RegionA,64.8605000415839
672,711,RegionB,86.3523333333333
672,711,RegionC,79.9945
672,711,RegionD,63.4932777361938
672,711,RegionE,60.5291666666664
672,711,RegionF,22.8536666666661
672,712,RegionA,58.5266350973377
672,712,RegionB,49.1476113574284
672,712,RegionC,70.5288119125281
672,712,RegionD,45.3001082993732
672,712,RegionE,50.5669166666666
672,712,RegionF,18.4731666666666
672,713,RegionA,53.630691141471
672,713,RegionB,51.1332902716045
672,713,RegionC,68.8386852535916
672,713,RegionD,43.3329999999999
672,713,RegionE,47.3345
672,713,RegionF,23.3438888888887
672,714,RegionA,29.1375555555554
672,714,RegionB,73.0113258121067
672,714,RegionC,70.881451965671
672,714,RegionD,54.4441111111108
672,714,RegionE,49.1399444444439
672,714,RegionF,34.0133888888887
672,715,RegionA,23.3088888888891
672,715,RegionB,87.2556666666667
672,715,RegionC,84.2265
672,715,RegionD,72.5132777777776
672,715,RegionE,81.6789444444446
672,715,RegionF,37.8822222222221
672,716,RegionA,19.6799494949487
672,716,RegionB,72.8106124484532
672,716,RegionC,73.835493612154
672,716,RegionD,53.3008611111111
672,716,RegionE,60.6358611111109
672,716,RegionF,31.8624999999998
672,717,RegionA,19.6006161616155
672,717,RegionB,59.9870370898334
672,717,RegionC,69.0950024334271
672,717,RegionD,45.5194166666669
672,717,RegionE,64.0799999999999
672,717,RegionF,26.2701220929019
672,718,RegionA,38.7643383838379
672,718,RegionB,50.0051741741436
672,718,RegionC,66.2230210339927
672,718,RegionD,53.5445277777779
672,718,RegionE,60.8059999999994
672,718,RegionF,26.8611886302486
672,719,RegionA,78.2312476388866
672,719,RegionB,48.6948193787229
672,719,RegionC,79.5106666666667
672,719,RegionD,117.065177814796
672,719,RegionE,63.096111111111
672,719,RegionF,29.6221440564841
672,720,RegionA,67.6989698611089
672,720,RegionB,36.2222613519214
672,720,RegionC,45.285667
672,720,RegionD,109.679927814795
672,720,RegionE,50.5963333333338
672,720,RegionF,33.2600906388407
672,721,RegionA,65.944176369317
672,721,RegionB,37.155952544371
672,721,RegionC,24.579674984218
672,721,RegionD,116.338964436452
672,721,RegionE,46.9430833333335
672,721,RegionF,44.5480927767529
672,722,RegionA,55.451
672,722,RegionB,37.364
672,722,RegionC,19.646333
672,722,RegionD,124.891056613664
672,722,RegionE,45.3813055555556
672,722,RegionF,64.4441659418919
672,723,RegionA,44.204
672,723,RegionB,39.171333
672,723,RegionC,19.188
672,723,RegionD,147.067926568654
672,723,RegionE,64.3139166666678
672,723,RegionF,86.8642682091244
672,724,RegionA,25.7941171394261
672,724,RegionB,24.375333
672,724,RegionC,17.2897762277305
672,724,RegionD,118.720655294399
672,724,RegionE,39.0162500000002
672,724,RegionF,66.5551461162223
672,725,RegionA,21.9216509455193
672,725,RegionB,25.744333
672,725,RegionC,19.4456779601293
672,725,RegionD,84.2322926481941
672,725,RegionE,22.0500833333338
672,725,RegionF,55.0578232239361
672,726,RegionA,30.3556807694352
672,726,RegionB,33.0536730784156
672,726,RegionC,22.9645943209301
672,726,RegionD,62.3004251896393
672,726,RegionE,15.8935833333333
672,726,RegionF,66.6749321971348
672,727,RegionA,41.2228494822399
672,727,RegionB,42.44
672,727,RegionC,26.117667
672,727,RegionD,148.376609014093
672,727,RegionE,14.3569166666666
672,727,RegionF,74.152485614778
672,728,RegionA,39.2152661489065
672,728,RegionB,43.4656755111357
672,728,RegionC,24.336
672,728,RegionD,144.442297085314
672,728,RegionE,12.6469166666667
672,728,RegionF,56.5587056990883
672,729,RegionA,35.997667
672,729,RegionB,44.0082092879102
672,729,RegionC,32.4870097674675
672,729,RegionD,133.621697277956
672,729,RegionE,16.571722222222
672,729,RegionF,50.2948888888893
672,730,RegionA,35.5627443050181
672,730,RegionB,41.998667
672,730,RegionC,49.7862978661754
672,730,RegionD,133.60837416214
672,730,RegionE,15.6625555555551
672,730,RegionF,65.6633888888888
672,731,RegionA,43.903
672,731,RegionB,50.21
672,731,RegionC,79.2726666666667
672,731,RegionD,144.820416666668
672,731,RegionE,18.6558888888884
672,731,RegionF,92.3633888888885
672,732,RegionA,30.9079242632264
672,732,RegionB,42.147471129186
672,732,RegionC,79.3953231617239
672,732,RegionD,116.171300525204
672,732,RegionE,10.9623333333332
672,732,RegionF,66.9913975873265
672,733,RegionA,25.0158785693401
672,733,RegionB,36.3435873993488
672,733,RegionC,81.5996666666667
672,733,RegionD,75.5810444122123
672,733,RegionE,12.0788888888887
672,733,RegionF,46.6799062857648
672,734,RegionA,30.0801666666669
672,734,RegionB,36.2399087441942
672,734,RegionC,81.4732983755084
672,734,RegionD,42.0547945627602
672,734,RegionE,17.9048888888889
672,734,RegionF,36.1005260953139
672,735,RegionA,33.943666666667
672,735,RegionB,39.8374938881692
672,735,RegionC,81.196
672,735,RegionD,54.6511420834085
672,735,RegionE,28.0206146546877
672,735,RegionF,41.4358049292893
672,736,RegionA,25.9397500000005
672,736,RegionB,33.0623673344704
672,736,RegionC,66.4339905259955
672,736,RegionD,46.219667
672,736,RegionE,23.1588924324657
672,736,RegionF,28.8158049292893
672,737,RegionA,24.2969166666671
672,737,RegionB,24.695210545709
672,737,RegionC,66.4400061649582
672,737,RegionD,52.0541037886261
672,737,RegionE,20.5416702102434
672,737,RegionF,41.4901204015748
672,738,RegionA,54.7511646624545
672,738,RegionB,28.8579448967882
672,738,RegionC,70.3163264188498
672,738,RegionD,68.0031152097746
672,738,RegionE,31.1930035435775
672,738,RegionF,57.3546119352225
672,739,RegionA,93.6685833333334
672,739,RegionB,84.60975
672,739,RegionC,81.0146666666667
672,739,RegionD,137.509781876441
672,739,RegionE,32.424225765799
672,739,RegionF,73.7447701355369
672,740,RegionA,89.9378333333333
672,740,RegionB,78.1300192605792
672,740,RegionC,77.2418511326066
672,740,RegionD,89.5082841151838
672,740,RegionE,12.3808857357493
672,740,RegionF,61.013987533658
672,741,RegionA,91.8019999999999
672,741,RegionB,82.4754551878251
672,741,RegionC,78.0712397895242
672,741,RegionD,61.2252664439265
672,741,RegionE,2.698888888889
672,741,RegionF,62.1738996898359
672,742,RegionA,92.5398333333334
672,742,RegionB,86.06075
672,742,RegionC,82.2898333333333
672,742,RegionD,63.2438494290898
672,742,RegionE,8.94666666666665
672,742,RegionF,64.0045394598
672,743,RegionA,84.8040747507124
672,743,RegionB,82.8435080497154
672,743,RegionC,81.0185
672,743,RegionD,74.8976841110512
672,743,RegionE,49.1333333333333
672,743,RegionF,66.6119275329665
720,744,RegionA,58.6749163333338
720,744,RegionB,53.9548614444453
720,744,RegionC,65.4744445277791
720,744,RegionD,67.4508998823522
720,744,RegionE,14.8890444787588
720,744,RegionF,73.6348333333337
720,745,RegionA,43.3966663333335
720,745,RegionB,20.7442225555556
720,745,RegionC,37.6919446111115
720,745,RegionD,88.0570497647046
720,745,RegionE,31.8497556241841
720,745,RegionF,112.683916666667
720,746,RegionA,25.549333
720,746,RegionB,23.8100003333333
720,746,RegionC,33.6428058055555
720,746,RegionD,116.304998091501
720,746,RegionE,75.8524183251651
720,746,RegionF,140.987750000001
720,747,RegionA,22.463333
720,747,RegionB,28.496667
720,747,RegionC,36.842667
720,747,RegionD,181.87267656332
720,747,RegionE,131.965573103346
720,747,RegionF,149.2985
720,748,RegionA,9.32683333333362
720,748,RegionB,21.0507500000001
720,748,RegionC,23.0787364444446
720,748,RegionD,151.597221042078
720,748,RegionE,108.21636195792
720,748,RegionF,114.619180555556
720,749,RegionA,12.3221666666667
720,749,RegionB,23.8351666666668
720,749,RegionC,19.074667
720,749,RegionD,143.223015520837
720,749,RegionE,91.3565813680503
720,749,RegionF,102.020847222223
720,750,RegionA,17.7929166666666
720,750,RegionB,26.5577499999999
720,750,RegionC,18.9079752624999
720,750,RegionD,127.994680648871
720,750,RegionE,60.915232977516
720,750,RegionF,100.755694444445
720,751,RegionA,24.086
720,751,RegionB,32.002667
720,751,RegionC,20.345333
720,751,RegionD,167.421346888887
720,751,RegionE,50.350667
720,751,RegionF,132.458069444445
720,752,RegionA,25.2594999166665
720,752,RegionB,26.315417
720,752,RegionC,20.478333
720,752,RegionD,123.209482053703
720,752,RegionE,43.5945596962964
720,752,RegionF,100.503347222223
720,753,RegionA,25.321624833333
720,753,RegionB,25.3309666881946
720,753,RegionC,29.3491860895834
720,753,RegionD,94.9017114703689
720,753,RegionE,56.3339553629629
720,753,RegionF,77.3511388888891
720,754,RegionA,23.7512080833327
720,754,RegionB,26.1995858208339
720,754,RegionC,37.827333
720,754,RegionD,92.4185446236114
720,754,RegionE,65.5203055555554
720,754,RegionF,77.6326062500002
720,755,RegionA,26.0477913333325
720,755,RegionB,46.1257605090286
720,755,RegionC,55.6337590463197
720,755,RegionD,137.841346750208
720,755,RegionE,87.1565277777776
720,755,RegionF,95.0465923611113
720,756,RegionA,14.382383037499
720,756,RegionB,39.906088003473
720,756,RegionC,55.14
720,756,RegionD,97.7701171534716
720,756,RegionE,68.2497777777774
720,756,RegionF,87.191772916667
720,757,RegionA,14.0500081208327
720,757,RegionB,26.2560366165517
720,757,RegionC,54.423977441574
720,757,RegionD,79.9518021265956
720,757,RegionE,42.1502222222219
720,757,RegionF,63.0689812500004
720,758,RegionA,15.0088415374996
720,758,RegionB,18.3579452616903
720,758,RegionC,63.7074666297687
720,758,RegionD,60.1939687932636
720,758,RegionE,31.6776388888888
720,758,RegionF,48.5032222222222
720,759,RegionA,20.8423416208334
720,759,RegionB,13.735853906829
720,759,RegionC,68.746327717472
720,759,RegionD,99.2187823104226
720,759,RegionE,21.0438611111113
720,759,RegionF,39.1715555555554
720,760,RegionA,17.8195555555557
720,760,RegionB,5.86599999999978
720,760,RegionC,56.5401036407782
720,760,RegionD,86.3178130258887
720,760,RegionE,16.7158611111113
720,760,RegionF,26.8495277777778
720,761,RegionA,20.4517222222223
720,761,RegionB,5.89
720,761,RegionC,45.8977425296669
720,761,RegionD,82.2593130258889
720,761,RegionE,18.7969722222223
720,761,RegionF,36.6730277777778
720,762,RegionA,26.4112777777778
720,762,RegionB,9.10499999999999
720,762,RegionC,46.0142703074448
720,762,RegionD,74.1515352481117
720,762,RegionE,27.907
720,762,RegionF,61.8906944444444
720,763,RegionA,38.753934851852
720,763,RegionB,23.4081151986533
720,763,RegionC,78.97975
720,763,RegionD,102.696201914776
720,763,RegionE,40.6982480347171
720,763,RegionF,92.8532499999998
720,764,RegionA,37.0816015185187
720,764,RegionB,22.0079485319867
720,764,RegionC,68.8961165385646
720,764,RegionD,66.8525020428795
720,764,RegionE,32.5025813680505
720,764,RegionF,96.7782500000001
720,765,RegionA,37.701184851852
720,765,RegionB,24.8206151986534
720,765,RegionC,58.8906460258884
720,765,RegionD,58.1426666666667
720,765,RegionE,32.0799147013838
720,765,RegionF,108.996222555556
720,766,RegionA,31.6376292962962
720,766,RegionB,34.1781382024191
720,766,RegionC,64.0728403869998
720,766,RegionD,74.9521048733229
720,766,RegionE,38.6144254631837
720,766,RegionF,115.514222888889
720,767,RegionA,24.1326292962962
720,767,RegionB,44.9318278728514
720,767,RegionC,71.308534748111
720,767,RegionD,97.7572097466459
720,767,RegionE,84.729826113873
720,767,RegionF,149.297666666667
720,768,RegionA,10.0190737407408
720,768,RegionB,42.7606056506293
720,768,RegionC,53.2001171643119
720,768,RegionD,81.6398764133133
720,768,RegionE,67.422577031006
720,768,RegionF,102.593444444445
720,769,RegionA,5.42304092716055
720,769,RegionB,39.0705914297125
720,769,RegionC,32.683333
720,769,RegionD,66.6518764133127
720,769,RegionE,73.5752447458228
720,769,RegionF,82.0181634839922
720,770,RegionA,5.74174999999998
720,770,RegionB,47.9589412617699
720,770,RegionC,26.272333
720,770,RegionD,60.2742097466461
720,770,RegionE,83.3536891902675
720,770,RegionF,94.7521879124285
720,771,RegionA,30.2131944444444
720,771,RegionB,62.279
720,771,RegionC,26.226
720,771,RegionD,52.9033208577572
720,771,RegionE,89.7774070921178
720,771,RegionF,102.687466494568
720,772,RegionA,29.3026373780366
720,772,RegionB,50.8348159344969
720,772,RegionC,10.287496030297
720,772,RegionD,39.5363960481871
720,772,RegionE,53.225608434784
720,772,RegionF,73.9777961741981
720,773,RegionA,36.0444434372097
720,773,RegionB,42.0125948043183
720,773,RegionC,10.9573981377905
720,773,RegionD,33.9116847213958
720,773,RegionE,39.0365976729846
720,773,RegionF,42.2838367818566
720,774,RegionA,40.0735550519384
720,774,RegionB,45.6016046458731
720,774,RegionC,17.0332363647286
720,774,RegionD,36.7054306395944
720,774,RegionE,43.5347777777784
720,774,RegionF,40.8585899645313
720,775,RegionA,37.98
720,775,RegionB,54.081333
720,775,RegionC,22.997333
720,775,RegionD,80.7198241861255
720,775,RegionE,56.0721111111117
720,775,RegionF,61.3059820360954
720,776,RegionA,20.3917798310775
720,776,RegionB,50.2187045348922
720,776,RegionC,21.3157883652197
720,776,RegionD,66.3431439354775
720,776,RegionE,42.5593333333337
720,776,RegionF,52.0200000000002
720,777,RegionA,14.9764202308187
720,777,RegionB,38.9539729980904
720,777,RegionC,26.4866619377005
720,777,RegionD,66.3666392778344
720,777,RegionE,41.63625
720,777,RegionF,37.2697777777779
720,778,RegionA,20.2723384083376
720,778,RegionB,32.7382414612888
720,778,RegionC,31.3520355101814
720,778,RegionD,54.1358012868593
720,778,RegionE,47.1652500000003
720,778,RegionF,52.7864444444443
720,779,RegionA,19.5700412868386
720,779,RegionB,30.1163710355985
720,779,RegionC,62.604
720,779,RegionD,55.0710744069933
720,779,RegionE,57.288263270569
720,779,RegionF,80.299111111111
720,780,RegionA,11.389288729922
720,780,RegionB,20.5414722222222
720,780,RegionC,50.2440313328417
720,780,RegionD,32.3005555555553
720,780,RegionE,46.0979299372357
720,780,RegionF,82.1826666666665
720,781,RegionA,11.083425604341
720,781,RegionB,15.8633055555556
720,781,RegionC,48.17256112509
720,781,RegionD,25.2926666666664
720,781,RegionE,43.5273466039024
720,781,RegionF,74.537333333334
720,782,RegionA,18.1027499999996
720,782,RegionB,14.5908055555556
720,782,RegionC,57.0417645072089
720,782,RegionD,35.3449999999999
720,782,RegionE,41.0289021594576
720,782,RegionF,71.4111666666671
720,783,RegionA,21.7895833333329
720,783,RegionB,14.6985555555556
720,783,RegionC,81.6716666666667
720,783,RegionD,99.5582089516535
720,783,RegionE,53.7751243816799
720,783,RegionF,91.0794999999994
720,784,RegionA,14.1370978260872
720,784,RegionB,12.9850802450324
720,784,RegionC,79.2899575001273
720,784,RegionD,94.8722089516535
720,784,RegionE,39.8145688261246
720,784,RegionF,68.6416144287527
720,785,RegionA,21.6471123188408
720,785,RegionB,12.9961604900648
720,785,RegionC,68.5538151691274
720,785,RegionD,79.8758200627648
720,785,RegionE,28.2205575461411
720,785,RegionF,51.4065621908396
720,786,RegionA,39.9525434782613
720,786,RegionB,25.5072407350973
720,786,RegionC,56.7573302153947
720,786,RegionD,57.780153396098
720,786,RegionE,32.1918678163527
720,786,RegionF,52.0153088032404
720,787,RegionA,96.1145
720,787,RegionB,88.751
720,787,RegionC,80.536
720,787,RegionD,58.096820062765
720,787,RegionE,47.4776245215932
720,787,RegionF,53.7490554156416
720,788,RegionA,93.5884589371981
720,788,RegionB,86.7047042198316
720,788,RegionC,74.0766902997646
720,788,RegionD,45.1682520545501
720,788,RegionE,27.7521155177358
720,788,RegionF,26.2549456375861
720,789,RegionA,94.9785
720,789,RegionB,87.0383739747985
720,789,RegionC,70.9411081026776
720,789,RegionD,50.6374270910551
720,789,RegionE,9.39591436805043
720,789,RegionF,16.5704820189733
720,790,RegionA,87.5468588447419
720,790,RegionB,64.1515870589374
720,790,RegionC,75.7766241667939
720,790,RegionD,80.0375164290897
720,790,RegionE,9.58399999999995
720,790,RegionF,17.0031079448819
720,791,RegionA,88.0072878939563
720,791,RegionB,48.7408410497154
720,791,RegionC,83.52075
720,791,RegionD,120.338849762423
720,791,RegionE,44.6681666666671
720,791,RegionF,42.7888268494621
792,816,RegionA,48.188472222223
792,816,RegionB,84.2471945555551
792,816,RegionC,28.6243055555555
792,816,RegionD,52.0202144707205
792,816,RegionE,14.0222259726112
792,816,RegionF,61.8463372233348
792,817,RegionA,26.7097777777777
792,817,RegionB,59.3588057777773
792,817,RegionC,32.1169444444443
792,817,RegionD,74.3477926621695
792,817,RegionE,22.6886715578274
792,817,RegionF,68.7217577800032
792,818,RegionA,27.608
792,818,RegionB,49.586667
792,818,RegionC,24.552
792,818,RegionD,113.979287520285
792,818,RegionE,30.6128671430435
792,818,RegionF,80.5432616700041
792,819,RegionA,35.006667
792,819,RegionB,64.323
792,819,RegionC,36.119
792,819,RegionD,224.349434492402
792,819,RegionE,82.3742718364802
792,819,RegionF,103.091765560006
792,820,RegionA,27.7750250133669
792,820,RegionB,49.5476666666663
792,820,RegionC,23.8717925413943
792,820,RegionD,174.77284942909
792,820,RegionE,73.7961843637582
792,820,RegionF,56.4352597635031
792,821,RegionA,28.3818830267337
792,821,RegionB,45.2619999999995
792,821,RegionC,23.22
792,821,RegionD,129.320608518788
792,821,RegionE,55.6088170473092
792,821,RegionF,36.4882469627243
792,822,RegionA,29.3384371323172
792,822,RegionB,54.1461775018516
792,822,RegionC,27.6066556338054
792,822,RegionD,117.695165392069
792,822,RegionE,35.6671770176488
792,822,RegionF,41.02849843342
792,823,RegionA,31.465333
792,823,RegionB,66.888667
792,823,RegionC,41.644
792,823,RegionD,103.779961969866
792,823,RegionE,57.3292167686563
792,823,RegionF,71.4298212614772
792,824,RegionA,32.6662935563508
792,824,RegionB,52.009667
792,824,RegionC,30.644
792,824,RegionD,59.8930218312256
792,824,RegionE,53.9896388888889
792,824,RegionF,50.3399898346456
792,825,RegionA,24.748333
792,825,RegionB,40.5632518681344
792,825,RegionC,27.8833068517093
792,825,RegionD,43.7134368232107
792,825,RegionE,49.3503333333334
792,825,RegionF,31.9945603458339
792,826,RegionA,33.4418259386477
792,826,RegionB,40.292
792,826,RegionC,24.581333
792,826,RegionD,51.9656878559362
792,826,RegionE,35.3793333333327
792,826,RegionF,25.9829309831926
792,827,RegionA,75.12
792,827,RegionB,52.67
792,827,RegionC,21.383667
792,827,RegionD,58.4050646524342
792,827,RegionE,41.6765555555555
792,827,RegionF,26.3357405697879
792,828,RegionA,70.7976473861054
792,828,RegionB,33.4103194656724
792,828,RegionC,23.4670609281046
792,828,RegionD,48.0361543618523
792,828,RegionE,20.0535555555556
792,828,RegionF,19.95976230271
792,829,RegionA,63.0476642382432
792,829,RegionB,39.9315943291187
792,829,RegionC,37.0131057988924
792,829,RegionD,42.8802886822075
792,829,RegionE,13.9152222222222
792,829,RegionF,15.5747636182048
792,830,RegionA,67.8931693610547
792,830,RegionB,52.4326782990581
792,830,RegionC,45.9076472727303
792,830,RegionD,54.4312944202726
792,830,RegionE,14.2663333333333
792,830,RegionF,19.5164606468838
792,831,RegionA,90.668
792,831,RegionB,83.0000833333333
792,831,RegionC,78.1149387465682
792,831,RegionD,75.7175334756541
792,831,RegionE,28.361
792,831,RegionF,35.349
792,832,RegionA,75.9140737311184
792,832,RegionB,79.8149205710061
792,832,RegionC,78.2626666666666
792,832,RegionD,58.4198112534321
792,832,RegionE,18.8753333333341
792,832,RegionF,32.3606666666671
792,833,RegionA,47.5294450045329
792,833,RegionB,72.1059856911806
792,833,RegionC,72.1236271074799
792,833,RegionD,38.9237199745859
792,833,RegionE,16.9376666666666
792,833,RegionF,32.9156666666672
792,834,RegionA,37.9221486708964
792,834,RegionB,67.0163382185885
792,834,RegionC,73.9889246648507
792,834,RegionD,33.1310328901086
792,834,RegionE,20.6612222222221
792,834,RegionF,51.7633333333333
792,835,RegionA,38.8240928352976
792,835,RegionB,57.834339136849
792,835,RegionC,78.8536666666667
792,835,RegionD,35.473845805632
792,835,RegionE,30.8632222222218
792,835,RegionF,89.6146666666653
792,836,RegionA,23.9823333333338
792,836,RegionB,41.3842212010528
792,836,RegionC,72.2673899100581
792,836,RegionD,46.3371666666668
792,836,RegionE,17.0885555555554
792,836,RegionF,49.0926666666667
792,837,RegionA,21.1347381615019
792,837,RegionB,25.5733074857125
792,837,RegionC,62.3215654638961
792,837,RegionD,48.7404999999999
792,837,RegionE,19.732
792,837,RegionF,36.8746666666666
792,838,RegionA,30.1581429896705
792,838,RegionB,15.543838214818
792,838,RegionC,60.0687590743686
792,838,RegionD,63.887731943365
792,838,RegionE,29.6176666666668
792,838,RegionF,52.9801111111111
792,839,RegionA,44.8668811511723
792,839,RegionB,28.0897442547194
792,839,RegionC,65.9713693515076
792,839,RegionD,110.54533381582
792,839,RegionE,63.939333333333
792,839,RegionF,75.9886436490024
792,840,RegionA,43.978797817839
792,840,RegionB,24.5587588750709
792,840,RegionC,50.3378992210698
792,840,RegionD,70.9061226592398
792,840,RegionE,47.9256666666663
792,840,RegionF,68.5569769823356
792,841,RegionA,47.1387135492782
792,841,RegionB,21.0916764769649
792,841,RegionC,30.1991311644348
792,841,RegionD,36.8543907158753
792,841,RegionE,49.3787009865995
792,841,RegionF,67.2489426624023
792,842,RegionA,57.3661811996852
792,842,RegionB,19.552
792,842,RegionC,20.557333
792,842,RegionD,31.5163699290898
792,842,RegionE,62.8815686398661
792,842,RegionF,75.6571861202477
792,843,RegionA,69.765333
792,843,RegionB,22.225333
792,843,RegionC,23.372
792,843,RegionD,47.0251199290898
792,843,RegionE,88.4742696264651
792,843,RegionF,152.097333333333
792,844,RegionA,52.0832460300786
792,844,RegionB,16.4816991235153
792,844,RegionC,17.0230025732924
792,844,RegionD,39.2468792602841
792,844,RegionE,76.195436293132
792,844,RegionF,137.997653386363
792,845,RegionA,48.2244960300782
792,845,RegionB,19.1365193278295
792,845,RegionC,16.4952407644715
792,845,RegionD,34.3468401223797
792,845,RegionE,63.4245627624791
792,845,RegionF,127.454396548318
792,846,RegionA,49.2181071411895
792,846,RegionB,21.9116710429406
792,846,RegionC,20.9958773215042
792,846,RegionD,39.2300518502363
792,846,RegionE,37.4636951092132
792,846,RegionF,141.958486423806
792,847,RegionA,58.384333
792,847,RegionB,23.84
792,847,RegionC,38.777333
792,847,RegionD,97.5161802447591
792,847,RegionE,38.6156607892794
792,847,RegionF,134.035576299294
792,848,RegionA,35.6834100267933
792,848,RegionB,19.3062315506132
792,848,RegionC,33.932667
792,848,RegionD,74.6760376673531
792,848,RegionE,19.6373333333331
792,848,RegionF,94.2294037552405
792,849,RegionA,30.3911560427192
792,849,RegionB,17.3352905047669
792,849,RegionC,31.6599696305198
792,849,RegionD,56.3251173121681
792,849,RegionE,8.53166666666665
792,849,RegionF,74.3731053987146
792,850,RegionA,43.3302493732139
792,850,RegionB,19.1981033813431
792,850,RegionC,38.088
792,850,RegionD,56.4824528009986
792,850,RegionE,13.1449444444444
792,850,RegionF,79.4146666666668
792,851,RegionA,60.1227073931542
792,851,RegionB,48.02
792,851,RegionC,48.479333
792,851,RegionD,75.7714318290678
792,851,RegionE,23.9066111111111
792,851,RegionF,114.306055555556
792,852,RegionA,57.7335407264873
792,852,RegionB,46.2765149515556
792,852,RegionC,54.1073631096343
792,852,RegionD,59.4804423234334
792,852,RegionE,21.1811111111111
792,852,RegionF,76.9151666666671
792,853,RegionA,56.7728740598207
792,853,RegionB,49.2978653657606
792,853,RegionC,66.6644324948685
792,853,RegionD,48.7336058573275
792,853,RegionE,21.3858333333335
792,853,RegionF,43.8245555555563
792,854,RegionA,50.9241518375984
792,854,RegionB,63.9511492599357
792,854,RegionC,74.427014836896
792,854,RegionD,35.4919062877909
792,854,RegionE,22.8785000000001
792,854,RegionF,29.3430000000002
792,855,RegionA,37.4359368209814
792,855,RegionB,86.9106666666666
792,855,RegionC,80.134
792,855,RegionD,57.8441187345722
792,855,RegionE,28.8325000000001
792,855,RegionF,37.7538888888887
792,856,RegionA,26.5904111612542
792,856,RegionB,66.0878856835164
792,856,RegionC,76.6848742034619
792,856,RegionD,46.0415946453127
792,856,RegionE,19.3324999999998
792,856,RegionF,29.3724009731205
792,857,RegionA,29.5547743904159
792,857,RegionB,56.666779664877
792,857,RegionC,69.2461566125666
792,857,RegionD,38.2812651636777
792,857,RegionE,9.00600000000006
792,857,RegionF,34.4379686129076
792,858,RegionA,48.3972982199345
792,858,RegionB,54.6582139243774
792,858,RegionC,62.6825764519247
792,858,RegionD,37.2853751510693
792,858,RegionE,21.0835000000001
792,858,RegionF,33.9290362526946
792,859,RegionA,94.212
792,859,RegionB,89.1093333333334
792,859,RegionC,81.272
792,859,RegionD,61.9904699436304
792,859,RegionE,39.4388333333332
792,859,RegionF,36.5336689452587
792,860,RegionA,81.6915301907197
792,860,RegionB,67.6815555555551
792,860,RegionC,72.5126254249294
792,860,RegionD,54.1959375233238
792,860,RegionE,27.5533333333332
792,860,RegionF,29.2556013054715
792,861,RegionA,65.5380411512315
792,861,RegionB,66.1445765350908
792,861,RegionC,76.5341397387477
792,861,RegionD,55.7234436293354
792,861,RegionE,19.6006819465765
792,861,RegionF,46.8295336656843
792,862,RegionA,54.9115154761468
792,862,RegionB,62.8357901072181
792,862,RegionC,72.1127386488241
792,862,RegionD,100.880614854982
792,862,RegionE,13.9525813680504
792,862,RegionF,73.0047873225582
792,863,RegionA,45.7737407507125
792,863,RegionB,68.2461740497154
792,863,RegionC,58.2624694883643
792,863,RegionD,196.917502860946
792,863,RegionE,18.5792480347171
792,863,RegionF,110.444975926655
840,864,RegionA,49.0026386870472
840,864,RegionB,52.4425624166678
840,864,RegionC,33.8699165833342
840,864,RegionD,128.057769356125
840,864,RegionE,27.729029623494
840,864,RegionF,95.5811666666664
840,865,RegionA,24.6634440407614
840,865,RegionB,24.7122081666667
840,865,RegionC,25.8559998333337
840,865,RegionD,149.497069327796
840,865,RegionE,47.2587786314427
840,865,RegionF,89.2674166666664
840,866,RegionA,22.5688327278086
840,866,RegionB,30.3041039166666
840,866,RegionC,19.8476664166667
840,866,RegionD,162.533451640749
840,866,RegionE,71.005334186998
840,866,RegionF,63.2570833333331
840,867,RegionA,47.452667
840,867,RegionB,35.353333
840,867,RegionC,22.656333
840,867,RegionD,182.545833953702
840,867,RegionE,123.706221935187
840,867,RegionF,19.0570833333332
840,868,RegionA,33.7689443785326
840,868,RegionB,25.0733662666666
840,868,RegionC,14.8777108486111
840,868,RegionD,101.022730239697
840,868,RegionE,95.451998266494
840,868,RegionF,16.17625
840,869,RegionA,25.1653218905779
840,869,RegionB,23.6420498615715
840,869,RegionC,14.7994553805556
840,869,RegionD,99.2253579413693
840,869,RegionE,71.318777777778
840,869,RegionF,36.3828704814817
840,870,RegionA,26.0279548779922
840,870,RegionB,24.9346752758604
840,870,RegionC,17.2335054680555
840,870,RegionD,154.122067859574
840,870,RegionE,59.1521111111113
840,870,RegionF,61.9267409629634
840,871,RegionA,27.332
840,871,RegionB,27.661333
840,871,RegionC,23.725
840,871,RegionD,231.243
840,871,RegionE,52.4044444444441
840,871,RegionF,117.473278111113
840,872,RegionA,25.7658289752427
840,872,RegionB,25.9309741806159
840,872,RegionC,22.8212000166666
840,872,RegionD,179.687385383031
840,872,RegionE,32.8323333333334
840,872,RegionF,90.5476114444452
840,873,RegionA,28.2229168545785
840,873,RegionB,24.671333
840,873,RegionC,25.5745801355864
840,873,RegionD,145.908419676501
840,873,RegionE,26.996222222222
840,873,RegionF,82.0735558888892
840,874,RegionA,35.198
840,874,RegionB,31.96
840,874,RegionC,27.2967900677932
840,874,RegionD,119.035391158132
840,874,RegionE,29.8428888888886
840,874,RegionF,74.6730687740748
840,875,RegionA,42.1536630297286
840,875,RegionB,52.9555826862687
840,875,RegionC,34.1
840,875,RegionD,99.5701393247428
840,875,RegionE,31.7467777777778
840,875,RegionF,79.2524482925942
840,876,RegionA,35.355262564575
840,876,RegionB,42.4308625454628
840,876,RegionC,27.8168388847223
840,876,RegionD,70.8707915274622
840,876,RegionE,24.3016388888891
840,876,RegionF,35.2464667000009
840,877,RegionA,26.9967878377858
840,877,RegionB,35.0691454628175
840,877,RegionC,40.4063390638664
840,877,RegionD,46.7907868902762
840,877,RegionE,22.1803055555555
840,877,RegionF,39.9540240785869
840,878,RegionA,21.8482254548496
840,878,RegionB,32.3247243387261
840,878,RegionC,54.4900555567413
840,878,RegionD,45.988168714731
840,878,RegionE,26.7093055555555
840,878,RegionF,48.8936870460632
840,879,RegionA,16.8479988884666
840,879,RegionB,83.98025
840,879,RegionC,82.999
840,879,RegionD,77.001324000659
840,879,RegionE,48.3384722222223
840,879,RegionF,67.5920659997641
840,880,RegionA,10.7428500892927
840,880,RegionB,79.9391290709998
840,880,RegionC,80.7653892699527
840,880,RegionD,39.8336452041326
840,880,RegionE,31.2261666666673
840,880,RegionF,55.9998474767328
840,881,RegionA,6.61600000000003
840,881,RegionB,42.2420112972343
840,881,RegionC,72.1499546351096
840,881,RegionD,21.774155113953
840,881,RegionE,34.6737777777777
840,881,RegionF,50.3445178425898
840,882,RegionA,20.563829157949
840,882,RegionB,46.9804885213953
840,882,RegionC,71.4906529055165
840,882,RegionD,19.9286666666669
840,882,RegionE,45.4679460818051
840,882,RegionF,46.7925000000004
840,883,RegionA,36.1078249825644
840,883,RegionB,70.2367272982688
840,883,RegionC,80.2716666666667
840,883,RegionD,61.0959999999995
840,883,RegionE,53.5010032747216
840,883,RegionF,57.378277777778
840,884,RegionA,38.729700889743
840,884,RegionB,57.6968384093791
840,884,RegionC,75.549916742564
840,884,RegionD,36.3698333333336
840,884,RegionE,40.7522254969441
840,884,RegionF,51.9528184613696
840,885,RegionA,47.1180342230763
840,885,RegionB,20.1900234645458
840,885,RegionC,66.2503497625229
840,885,RegionD,28.1915704926858
840,885,RegionE,23.2258295788751
840,885,RegionF,53.302248033849
840,886,RegionA,60.2893980367176
840,886,RegionB,20.7142487942871
840,886,RegionC,60.4603733024473
840,886,RegionD,19.799696540927
840,886,RegionE,11.3279946081811
840,886,RegionF,59.0114553841071
840,887,RegionA,74.3409961579488
840,887,RegionB,28.804074074074
840,887,RegionC,81.313
840,887,RegionD,48.3926559225017
840,887,RegionE,18.9435555555558
840,887,RegionF,84.8484960676982
840,888,RegionA,60.520667
840,888,RegionB,27.3277269795909
840,888,RegionC,48.4742294852153
840,888,RegionD,38.5557691824457
840,888,RegionE,16.9663333333333
840,888,RegionF,68.359385130526
840,889,RegionA,42.6410003333333
840,889,RegionB,26.5605120855269
840,889,RegionC,27.743
840,889,RegionD,52.3139285691406
840,889,RegionE,26.7116590095075
840,889,RegionF,54.3178444469347
840,890,RegionA,40.284667
840,890,RegionB,31.3500756549448
840,890,RegionC,22.8286517022912
840,890,RegionD,64.4340394159608
840,890,RegionE,45.2984291301262
840,890,RegionF,47.2286370966768
840,891,RegionA,40.706667
840,891,RegionB,41.443667
840,891,RegionC,52.04
840,891,RegionD,130.659425891725
840,891,RegionE,53.6094214729671
840,891,RegionF,47.6330964130858
840,892,RegionA,32.6214013401883
840,892,RegionB,33.6719734192998
840,892,RegionC,48.2048056535975
840,892,RegionD,118.250759225058
840,892,RegionE,33.971977028523
840,892,RegionF,42.8436666666666
840,893,RegionA,26.889521508966
840,893,RegionB,22.6251589041205
840,893,RegionC,32.168
840,893,RegionD,104.467442498697
840,893,RegionE,25.2145159771065
840,893,RegionF,52.4180833333334
840,894,RegionA,23.1430833333337
840,894,RegionB,22.8139774237908
840,894,RegionC,27.4378696559618
840,894,RegionD,136.804823730427
840,894,RegionE,25.4075236342653
840,894,RegionF,69.4417499999999
840,895,RegionA,23.801333
840,895,RegionB,28.216
840,895,RegionC,29.24
840,895,RegionD,188.813163819688
840,895,RegionE,51.460309069202
840,895,RegionF,86.480333
840,896,RegionA,20.8530829999997
840,896,RegionB,23.4207318605833
840,896,RegionC,29.9360724757477
840,896,RegionD,161.138724108115
840,896,RegionE,51.5156666666665
840,896,RegionF,73.1226663333332
840,897,RegionA,25.178416333333
840,897,RegionB,29.9255144113636
840,897,RegionC,21.3661815281729
840,897,RegionD,126.223665838242
840,897,RegionE,56.2266666666667
840,897,RegionF,60.5952496666665
840,898,RegionA,32.954333
840,898,RegionB,31.599
840,898,RegionC,24.84
840,898,RegionD,126.623364411111
840,898,RegionE,50.8314444444441
840,898,RegionF,44.3808859222221
840,899,RegionA,46.4615126997482
840,899,RegionB,42.009667
840,899,RegionC,35.72
840,899,RegionD,139.910087968029
840,899,RegionE,80.9113156655558
840,899,RegionF,42.0753333333336
840,900,RegionA,40.8043460330815
840,900,RegionB,34.2539104122905
840,900,RegionC,42.8232186999313
840,900,RegionD,110.719792522474
840,900,RegionE,53.5609823322222
840,900,RegionF,24.2466666666665
840,901,RegionA,27.0118393497488
840,901,RegionB,29.3108058864332
840,901,RegionC,47.4750838188433
840,901,RegionD,80.4848441683088
840,901,RegionE,33.5775378877781
840,901,RegionF,24.5199999999999
840,902,RegionA,21.6405130330816
840,902,RegionB,47.4740871752858
840,902,RegionC,53.9644479667351
840,902,RegionD,73.3122750482307
840,902,RegionE,32.0410378877779
840,902,RegionF,28.8693333333329
840,903,RegionA,17.3808463664146
840,903,RegionB,86.4165833333333
840,903,RegionC,80.724
840,903,RegionD,79.0943935235853
840,903,RegionE,26.4032045544446
840,903,RegionF,29.6759999999995
840,904,RegionA,8.01020347548824
840,904,RegionB,72.3757036104227
840,904,RegionC,80.703
840,904,RegionD,52.5193605818665
840,904,RegionE,15.9703712211112
840,904,RegionF,16.3246666666666
840,905,RegionA,6.59950000000011
840,905,RegionB,62.4945911632473
840,905,RegionC,77.8544267081777
840,905,RegionD,49.4051266940381
840,905,RegionE,8.86285543453741
840,905,RegionF,9.52533333333355
840,906,RegionA,22.6380000000001
840,906,RegionB,53.9672994386802
840,906,RegionC,72.107087516648
840,906,RegionD,45.3277499999997
840,906,RegionE,4.97583333333345
840,906,RegionF,13.5501130446714
840,907,RegionA,40.3531666666666
840,907,RegionB,72.7571627995458
840,907,RegionC,79.6490000000001
840,907,RegionD,48.4577499999998
840,907,RegionE,12.1
840,907,RegionF,35.6351149782316
840,908,RegionA,34.3959444444443
840,908,RegionB,54.9172527205885
840,908,RegionC,68.3601600789574
840,908,RegionD,23.3069166666665
840,908,RegionE,12.1166666666666
840,908,RegionF,35.8151149782316
840,909,RegionA,35.4935428975588
840,909,RegionB,48.3504884852596
840,909,RegionC,67.6138230223413
840,909,RegionD,13.2006944444444
840,909,RegionE,20.6933333333333
840,909,RegionF,35.7015622615052
840,910,RegionA,51.5599103376683
840,910,RegionB,64.0106728839232
840,910,RegionC,70.5893706650678
840,910,RegionD,6.27011111111119
840,910,RegionE,44.4397310130054
840,910,RegionF,44.3947873225582
840,911,RegionA,93.0025
840,911,RegionB,79.1428410497153
840,911,RegionC,82.01775
840,911,RegionD,72.7451111111112
840,911,RegionE,74.6474064704549
840,911,RegionF,124.440308035386
888,912,RegionA,64.4405629917529
888,912,RegionB,71.2704879674803
888,912,RegionC,43.7903333333334
888,912,RegionD,57.3359490407671
888,912,RegionE,54.9510000000002
888,912,RegionF,136.068166666668
888,913,RegionA,27.3676259835046
888,913,RegionB,48.072392601625
888,913,RegionC,46.268
888,913,RegionD,97.8904814148679
888,913,RegionE,90.1745833333334
888,913,RegionF,107.362416666665
888,914,RegionA,28.0849996666667
888,914,RegionB,31.132667
888,914,RegionC,33.594749999999
888,914,RegionD,153.597666666667
888,914,RegionE,127.783583333333
888,914,RegionF,122.08075
888,915,RegionA,30.385333
888,915,RegionB,36.084667
888,915,RegionC,29.5960833333333
888,915,RegionD,220.859583333334
888,915,RegionE,155.98625
888,915,RegionF,148.43375
888,916,RegionA,15.662436674914
888,916,RegionB,23.9178120524632
888,916,RegionC,19.5803461467235
888,916,RegionD,191.868821792567
888,916,RegionE,138.365916666667
888,916,RegionF,110.557472222221
888,917,RegionA,14.7247070164944
888,917,RegionB,20.1458293271484
888,917,RegionC,14.254896460114
888,917,RegionD,156.703983862911
888,917,RegionE,126.256
888,917,RegionF,102.431222222221
888,918,RegionA,17.0420000000002
888,918,RegionB,18.5308712820507
888,918,RegionC,9.91366344017147
888,918,RegionD,122.867576388889
888,918,RegionE,104.446444444444
888,918,RegionF,119.672888888888
888,919,RegionA,42.8518333333335
888,919,RegionB,21.0685043019936
888,919,RegionC,10.993551253562
888,919,RegionD,131.548972222223
888,919,RegionE,80.2834444444443
888,919,RegionF,140.908166666665
888,920,RegionA,37.0396111111118
888,920,RegionB,20.5828376353269
888,920,RegionC,9.17288458689532
888,920,RegionD,82.6235277777785
888,920,RegionE,54.2324444444444
888,920,RegionF,103.617055555555
888,921,RegionA,29.147111111111
888,921,RegionB,24.7495990398855
888,921,RegionC,8.54409540455915
888,921,RegionD,57.1293333333328
888,921,RegionE,40.7106666666667
888,921,RegionF,78.0163333333334
888,922,RegionA,32.185861111111
888,922,RegionB,25.6531049088317
888,922,RegionC,6.7006450911687
888,922,RegionD,61.9646666666667
888,922,RegionE,47.7853333333331
888,922,RegionF,64.410666666667
888,923,RegionA,39.0680833333331
888,923,RegionB,22.657333
888,923,RegionC,20.1455281111119
888,923,RegionD,75.2813333333332
888,923,RegionE,114.148222222223
888,923,RegionF,84.0453333333336
888,924,RegionA,33.7280833333333
888,924,RegionB,13.0178110911682
888,924,RegionC,10.835077797721
888,924,RegionD,61.6685000000004
888,924,RegionE,85.5125555555562
888,924,RegionF,71.5782222222223
888,925,RegionA,32.3390833333333
888,925,RegionB,4.97799999999992
888,925,RegionC,11.61
888,925,RegionD,52.9785000000005
888,925,RegionE,75.8133888888897
888,925,RegionF,48.3093333333338
888,926,RegionA,30.9393333333333
888,926,RegionB,4.75933333333328
888,926,RegionC,12.2363333333333
888,926,RegionD,63.9441666666668
888,926,RegionE,52.1084999999999
888,926,RegionF,35.2104444444443
888,927,RegionA,23.5660000000002
888,927,RegionB,6.27666666666666
888,927,RegionC,13.3230000000001
888,927,RegionD,102.418833333333
888,927,RegionE,73.2868333333332
888,927,RegionF,55.3071111111108
888,928,RegionA,17.1873333333333
888,928,RegionB,6.25899999999999
888,928,RegionC,15.061
888,928,RegionD,78.5843333333332
888,928,RegionE,66.3521666666669
888,928,RegionF,53.4877777777775
888,929,RegionA,20.1413333333333
888,929,RegionB,8.51833333333331
888,929,RegionC,16.91
888,929,RegionD,74.6616666666668
888,929,RegionE,54.8151111111108
888,929,RegionF,41.7891111111109
888,930,RegionA,27.3174444444445
888,930,RegionB,10.9607777777778
888,930,RegionC,19.2575
888,930,RegionD,76.6113333333333
888,930,RegionE,59.8034444444445
888,930,RegionF,49.0774444444442
888,931,RegionA,33.2274444444445
888,931,RegionB,15.4891111111111
888,931,RegionC,19.4751666666668
888,931,RegionD,120.13763888889
888,931,RegionE,72.7467777777778
888,931,RegionF,66.4933333333331
888,932,RegionA,28.2602777777778
888,932,RegionB,17.1757777777778
888,932,RegionC,16.8207222222224
888,932,RegionD,81.7560833333338
888,932,RegionE,63.8253333333342
888,932,RegionF,57.8783333333332
888,933,RegionA,23.7353888888889
888,933,RegionB,21.8582222222222
888,933,RegionC,14.0829444444447
888,933,RegionD,77.3927500000001
888,933,RegionE,40.6106666666665
888,933,RegionF,50.8326666666672
888,934,RegionA,17.8000555555555
888,934,RegionB,28.6022222222222
888,934,RegionC,11.0424444444447
888,934,RegionD,83.3877500000011
888,934,RegionE,37.4719999999998
888,934,RegionF,50.2734444444445
888,935,RegionA,16.4427222222221
888,935,RegionB,29.6334444444441
888,935,RegionC,8.65488888888896
888,935,RegionD,119.381429200917
888,935,RegionE,42.8426666666667
888,935,RegionF,101.17023746575
888,936,RegionA,14.4894999999999
888,936,RegionB,20.5718888888886
888,936,RegionC,4.0016666666667
888,936,RegionD,107.976095867583
888,936,RegionE,29.7546666666672
888,936,RegionF,73.2374041324166
888,937,RegionA,10.8894999999999
888,937,RegionB,14.7657777777775
888,937,RegionC,2.43225000000002
888,937,RegionD,99.2435403120283
888,937,RegionE,21.603666666667
888,937,RegionF,66.7337096879717
888,938,RegionA,8.72016666666671
888,938,RegionB,11.5670555555553
888,938,RegionC,5.4554166666667
888,938,RegionD,105.856012534251
888,938,RegionE,36.7133333333334
888,938,RegionF,66.6509319101938
888,939,RegionA,9.49250000000002
888,939,RegionB,10.6868333333333
888,939,RegionC,10.66675
888,939,RegionD,135.403568089806
888,939,RegionE,59.9400000000001
888,939,RegionF,76.748931910194
888,940,RegionA,6.9993333333334
888,940,RegionB,8.02711111111111
888,940,RegionC,8.92791666666665
888,940,RegionD,133.68951253425
888,940,RegionE,60.4462500000001
888,940,RegionF,57.8635430213051
888,941,RegionA,5.99333333333336
888,941,RegionB,8.74427777777781
888,941,RegionC,9.15466666666667
888,941,RegionD,123.884988200152
888,941,RegionE,60.5641388888891
888,941,RegionF,57.2254284665134
888,942,RegionA,16.4548331666667
888,942,RegionB,7.06638888888904
888,942,RegionC,17.4388335
888,942,RegionD,135.546222222222
888,942,RegionE,59.9931388888885
888,942,RegionF,68.0113611111111
888,943,RegionA,28.4716663333333
888,943,RegionB,18.540388888889
888,943,RegionC,25.686667
888,943,RegionD,231.469833333334
888,943,RegionE,81.1885277777773
888,943,RegionF,110.036916666666
888,944,RegionA,25.3293330000001
888,944,RegionB,15.9327222222224
888,944,RegionC,28.8210003333333
888,944,RegionD,202.298277777779
888,944,RegionE,57.0137222222222
888,944,RegionF,108.532194444445
888,945,RegionA,21.4603330000001
888,945,RegionB,16.22
888,945,RegionC,30.9913336666666
888,945,RegionD,188.112222222223
888,945,RegionE,52.1368888888888
888,945,RegionF,89.1611944444443
888,946,RegionA,19.1736663333336
888,946,RegionB,17.8221666666667
888,946,RegionC,34.9116669999999
888,946,RegionD,178.311666666667
888,946,RegionE,53.1992222222229
888,946,RegionF,87.232888888889
888,947,RegionA,23.436791441667
888,947,RegionB,19.6741666666667
888,947,RegionC,34.3438752250001
888,947,RegionD,199.9345
888,947,RegionE,82.1143333333338
888,947,RegionF,117.560777777777
888,948,RegionA,16.4572916083332
888,948,RegionB,21.7241666666663
888,948,RegionC,24.6940417250001
888,948,RegionD,140.123499999999
888,948,RegionE,53.5133333333333
888,948,RegionF,79.1527777777781
888,949,RegionA,13.0073333333333
888,949,RegionB,18.4999444444445
888,949,RegionC,20.6316666666666
888,949,RegionD,92.7830000000006
888,949,RegionE,52.1397777777777
888,949,RegionF,77.187888888889
888,950,RegionA,13.836
888,950,RegionB,24.1147777777778
888,950,RegionC,19.0809999999999
888,950,RegionD,96.9034444444442
888,950,RegionE,47.5386666666665
888,950,RegionF,86.6555555555556
888,951,RegionA,10.2320000000004
888,951,RegionB,33.3691111111111
888,951,RegionC,18.2596666666665
888,951,RegionD,114.226444444444
888,951,RegionE,108.312666666667
888,951,RegionF,98.3014444444444
888,952,RegionA,8.91596421800029
888,952,RegionB,41.4100913375552
888,952,RegionC,22.9532777777777
888,952,RegionD,84.7441111111114
888,952,RegionE,100.434416067146
888,952,RegionF,72.9453061550758
888,953,RegionA,12.1247062137784
888,953,RegionB,52.6918215639992
888,953,RegionC,33.0069722222221
888,953,RegionD,57.9407222222219
888,953,RegionE,102.958221023181
888,953,RegionF,61.8787234212627
888,954,RegionA,16.1182259873343
888,954,RegionB,63.7239129015544
888,954,RegionC,51.90425
888,954,RegionD,57.7248333333333
888,954,RegionE,78.7228037569949
888,954,RegionF,52.9115851318938
888,955,RegionA,31.0763013164458
888,955,RegionB,79.4826709057765
888,955,RegionC,76.7204166666667
888,955,RegionD,58.1345000000001
888,955,RegionE,89.8233864908075
888,955,RegionF,36.9300023980811
888,956,RegionA,31.2958568720013
888,956,RegionB,50.8737820168873
888,956,RegionC,75.4713333333334
888,956,RegionD,33.5208611111111
888,956,RegionE,47.8439160671471
888,956,RegionF,27.0414172661864
888,957,RegionA,34.1615090903159
888,957,RegionB,39.0280540106827
888,957,RegionC,73.3572095850778
888,957,RegionD,16.2412500000001
888,957,RegionE,22.7300000000001
888,957,RegionF,17.0297550917007
888,958,RegionA,42.9318623131083
888,958,RegionB,49.3217037037037
888,958,RegionC,72.5233960220077
888,958,RegionD,8.87525000000019
888,958,RegionE,13.4764172661872
888,958,RegionF,12.3114262505484
888,959,RegionA,48.7047710914565
888,959,RegionB,73.4812422856139
888,959,RegionC,71.6413046811595
888,959,RegionD,4.35347222222229
888,959,RegionE,29.6371678657075
888,959,RegionF,59.7947640760626
936,960,RegionA,56.3439108347477
936,960,RegionB,74.6224316939899
936,960,RegionC,46.7114074712635
936,960,RegionD,16.5707288383684
936,960,RegionE,14.5866666666669
936,960,RegionF,29.3765211616315
936,961,RegionA,34.0959609319459
936,961,RegionB,68.6784467213118
936,961,RegionC,45.6486202356312
936,961,RegionD,31.0965964545144
936,961,RegionE,25.5495833333336
936,961,RegionF,46.6584589899294
936,962,RegionA,22.3722610291447
936,962,RegionB,52.3992117486341
936,962,RegionC,35.633333
936,962,RegionD,55.9490474039937
936,962,RegionE,56.346916666667
936,962,RegionF,61.2109801515608
936,963,RegionA,25.845
936,963,RegionB,41.036
936,963,RegionC,24.715667
936,963,RegionD,106.164831686807
936,963,RegionE,122.478916666667
936,963,RegionF,78.0803346465255
936,964,RegionA,14.5337558319196
936,964,RegionB,15.3570683060113
936,964,RegionC,7.26192619540352
936,964,RegionD,77.3697483534735
936,964,RegionE,96.259583333333
936,964,RegionF,70.8583346465257
936,965,RegionA,12.4481293040419
936,965,RegionB,12.6432961991645
936,965,RegionC,12.4821809317702
936,965,RegionD,71.9888872423624
936,965,RegionE,99.0338105650243
936,965,RegionF,69.7967513131922
936,966,RegionA,21.5808548048668
936,966,RegionB,16.3648817671595
936,966,RegionC,18.4015884590372
936,966,RegionD,64.2429034937218
936,966,RegionE,106.984621130049
936,966,RegionF,67.1643725673884
936,967,RegionA,55.0835424660391
936,967,RegionB,24.220333
936,967,RegionC,29.654
936,967,RegionD,80.4276192109086
936,967,RegionE,122.222765028407
936,967,RegionF,90.6370180724237
936,968,RegionA,50.3710698702545
936,968,RegionB,25.8241663333334
936,968,RegionC,28.0242780402289
936,968,RegionD,64.9822793725413
936,968,RegionE,75.1547650284064
936,968,RegionF,69.0726635774597
936,969,RegionA,49.4617448078588
936,969,RegionB,32.2410527086666
936,969,RegionC,28.2314259341513
936,969,RegionD,64.1422024384235
936,969,RegionE,70.8855428061839
936,969,RegionF,43.6225313047165
936,970,RegionA,52.832667
936,970,RegionB,36.3001284448573
936,970,RegionC,39.071333
936,970,RegionD,76.5007174862799
936,970,RegionE,80.7240429577522
936,970,RegionF,48.8415555555555
936,971,RegionA,58.601333
936,971,RegionB,35.11
936,971,RegionC,48.3779278222969
936,971,RegionD,114.968506784975
936,971,RegionE,85.331121281618
936,971,RegionF,70.4975555555551
936,972,RegionA,37.8152397013056
936,972,RegionB,24.4925539082376
936,972,RegionC,52.302
936,972,RegionD,95.9061734516415
936,972,RegionE,51.4181162721484
936,972,RegionF,54.6503333333322
936,973,RegionA,35.2017383774665
936,973,RegionB,16.8222893033324
936,973,RegionC,62.8017542994138
936,973,RegionD,80.4047567849753
936,973,RegionE,41.1660167903679
936,973,RegionF,28.4273333333333
936,974,RegionA,33.2366360838954
936,974,RegionB,11.9370445714619
936,974,RegionC,70.8701627091838
936,974,RegionD,44.7206786102794
936,974,RegionE,38.2754502474026
936,974,RegionF,20.8213333333331
936,975,RegionA,31.7089455136288
936,975,RegionB,11.2294203592401
936,975,RegionC,81.676
936,975,RegionD,32.049333756028
936,975,RegionE,50.7576059266592
936,975,RegionF,15.824111111111
936,976,RegionA,15.1566716100286
936,976,RegionB,7.41679614701822
936,976,RegionC,65.2340286245891
936,976,RegionD,17.4795444573325
936,976,RegionE,43.8972091610314
936,976,RegionF,17.7994444444444
936,977,RegionA,13.2787500000001
936,977,RegionB,9.42291666666665
936,977,RegionC,56.0902034027563
936,977,RegionD,14.2694653376908
936,977,RegionE,46.2240534817747
936,977,RegionF,25.0721111111111
936,978,RegionA,16.6335833333333
936,978,RegionB,12.1179166666667
936,978,RegionC,54.8751715221003
936,978,RegionD,27.211041786493
936,978,RegionE,42.8485644691847
936,978,RegionF,33.9029999999996
936,979,RegionA,21.0394722222222
936,979,RegionB,24.9041317647049
936,979,RegionC,81.69
936,979,RegionD,54.1639515686285
936,979,RegionE,41.064888888889
936,979,RegionF,60.0479999999996
936,980,RegionA,20.7530622227285
936,980,RegionB,25.8519096823723
936,980,RegionC,71.3730998946199
936,980,RegionD,52.1448380224094
936,980,RegionE,24.5316424130505
936,980,RegionF,45.3981977648197
936,981,RegionA,20.9126522232346
936,981,RegionB,27.1089376000399
936,981,RegionC,63.7992568723919
936,981,RegionD,62.6585562819267
936,981,RegionE,13.5450626038785
936,981,RegionF,28.5180621963057
936,982,RegionA,32.9354366681853
936,982,RegionB,34.1747710732629
936,982,RegionC,61.2942471834967
936,982,RegionD,74.0764412081117
936,982,RegionE,9.88926057248429
936,982,RegionF,27.5819266277928
936,983,RegionA,46.4611666716566
936,983,RegionB,58.3152706535939
936,983,RegionC,53.9511625733966
936,983,RegionD,141.177567167651
936,983,RegionE,12.2176807633124
936,983,RegionF,30.7801243926125
936,984,RegionA,41.8533333383232
936,984,RegionB,50.581333
936,984,RegionC,33.4561030910944
936,984,RegionD,102.492067149351
936,984,RegionE,8.50768076331238
936,984,RegionF,24.5741215468099
936,985,RegionA,39.2359166716564
936,985,RegionB,41.22
936,985,RegionC,32.8508325991014
936,985,RegionD,99.8325913285327
936,985,RegionE,7.64920736636969
936,985,RegionF,23.1332298121178
936,986,RegionA,42.8935906136184
936,986,RegionB,30.0286807024397
936,986,RegionC,37.2587633515963
936,986,RegionD,88.3184583657406
936,986,RegionE,6.67578717554158
936,986,RegionF,34.1248309021752
936,987,RegionA,45.112667
936,987,RegionB,38.68
936,987,RegionC,50.546
936,987,RegionD,99.5505715480722
936,987,RegionE,13.0299143680504
936,987,RegionF,58.2109026394336
936,988,RegionA,27.3368407497534
936,988,RegionB,29.257055415666
936,988,RegionC,45.7497337843005
936,988,RegionD,72.1883654428893
936,988,RegionE,11.7336052883334
936,988,RegionF,49.8785937635026
936,989,RegionA,14.5085420000253
936,989,RegionB,24.2351108313321
936,989,RegionC,42.6061850358075
936,989,RegionD,61.4213020841492
936,989,RegionE,10.6881307166702
936,989,RegionF,38.3963126653503
936,990,RegionA,16.25575
936,990,RegionB,34.5437569677247
936,990,RegionC,49.1231994318719
936,990,RegionD,71.6336337820663
936,990,RegionE,17.1450772459608
936,990,RegionF,59.2627214612654
936,991,RegionA,30.867
936,991,RegionB,45.022667
936,991,RegionC,81.038
936,991,RegionD,157.085448113637
936,991,RegionE,30.2220237752515
936,991,RegionF,96.68
936,992,RegionA,28.1965051458638
936,992,RegionB,42.5933464220456
936,992,RegionC,66.0268721212074
936,992,RegionD,140.769151334096
936,992,RegionE,33.8210892710843
936,992,RegionF,97.9710357057014
936,993,RegionA,22.035928113588
936,993,RegionB,32.3265074211645
936,993,RegionC,59.2262485649981
936,993,RegionD,141.684467275721
936,993,RegionE,24.4690070966972
936,993,RegionF,97.3302859722752
936,994,RegionA,26.1736792687821
936,994,RegionB,31.419667
936,994,RegionC,51.9933449555548
936,994,RegionD,142.263725442329
936,994,RegionE,24.7386161229622
936,994,RegionF,94.1695227659266
936,995,RegionA,28.9644968229094
936,995,RegionB,23.9096646802639
936,995,RegionC,44.268667
936,995,RegionD,132.039477052384
936,995,RegionE,38.88975
936,995,RegionF,69.298222222222
936,996,RegionA,21.006073855185
936,996,RegionB,14.2326713146549
936,996,RegionC,46.07
936,996,RegionD,82.263838163494
936,996,RegionE,32.6831666666667
936,996,RegionF,41.7053333333335
936,997,RegionA,14.636777777778
936,997,RegionB,13.2987051349542
936,997,RegionC,49.9550882903703
936,997,RegionD,65.6620399080088
936,997,RegionE,22.3954444444442
936,997,RegionF,39.3065555555557
936,998,RegionA,13.1685000000002
936,998,RegionB,20.1407647790815
936,998,RegionC,66.5342524785184
936,998,RegionD,62.0718438535111
936,998,RegionE,24.1902777777777
936,998,RegionF,51.8938888888891
936,999,RegionA,29.4686666666665
936,999,RegionB,33.2223825189653
936,999,RegionC,78.2785
936,999,RegionD,67.7458700212357
936,999,RegionE,68.9616272772695
936,999,RegionF,77.310981293641
936,1000,RegionA,28.2533333333332
936,1000,RegionB,32.9582187639043
936,1000,RegionC,67.5785059985191
936,1000,RegionD,42.6022222222225
936,1000,RegionE,65.4098494994918
936,1000,RegionF,64.7087590714186
936,1001,RegionA,28.3961388888889
936,1001,RegionB,37.2302187639043
936,1001,RegionC,62.4947736703037
936,1001,RegionD,33.5079267726599
936,1001,RegionE,46.782071721713
936,1001,RegionF,59.3821757380853
936,1002,RegionA,59.1282754847922
936,1002,RegionB,51.4228689835243
936,1002,RegionC,76.4331156376766
936,1002,RegionD,43.0000757675415
936,1002,RegionE,41.4449050550474
936,1002,RegionF,60.9739535158635
936,1003,RegionA,91.4335833333334
936,1003,RegionB,85.6220833333333
936,1003,RegionC,81.9613333333333
936,1003,RegionD,53.2012525402009
936,1003,RegionE,57.6296828328251
936,1003,RegionF,61.5538701825303
936,1004,RegionA,80.5506753487108
936,1004,RegionB,72.4892085367461
936,1004,RegionC,59.5509656378775
936,1004,RegionD,51.3162247624229
936,1004,RegionE,37.3311124582916
936,1004,RegionF,33.816813255952
936,1005,RegionA,77.3224530364466
936,1005,RegionB,50.4963618003015
936,1005,RegionC,48.8541826230512
936,1005,RegionD,53.3858914290898
936,1005,RegionE,21.1074444444442
936,1005,RegionF,16.35275
936,1006,RegionA,86.9894626293345
936,1006,RegionB,55.940803679345
936,1006,RegionC,48.5946362275137
936,1006,RegionD,62.1305164290898
936,1006,RegionE,18.2259143680504
936,1006,RegionF,12.6917499999999
936,1007,RegionA,94.6379166666667
936,1007,RegionB,73.6225393006354
936,1007,RegionC,44.0808024883643
936,1007,RegionD,85.4977183637876
936,1007,RegionE,23.4224954027679
936,1007,RegionF,43.357
984,1008,RegionA,86.5234580000004
984,1008,RegionB,57.961260085107
984,1008,RegionC,34.5411152482267
984,1008,RegionD,24.0504166666665
984,1008,RegionE,69.6683333333334
984,1008,RegionF,25.4818333333334
984,1009,RegionA,65.5057493333332
984,1009,RegionB,40.612000666667
984,1009,RegionC,25.15
984,1009,RegionD,23.0078611111107
984,1009,RegionE,79.3432500000006
984,1009,RegionF,48.0730833333331
984,1010,RegionA,52.3012911666668
984,1010,RegionB,29.800667
984,1010,RegionC,25.644
984,1010,RegionD,41.8830164290897
984,1010,RegionE,100.214446479901
984,1010,RegionF,76.5631900354543
984,1011,RegionA,58.963333
984,1011,RegionB,25.5
984,1011,RegionC,22.06
984,1011,RegionD,93.8187869290899
984,1011,RegionE,153.77025
984,1011,RegionF,113.152630070909
984,1012,RegionA,41.318583
984,1012,RegionB,15.2981985815603
984,1012,RegionC,13.1182180851069
984,1012,RegionD,76.0979144779592
984,1012,RegionE,113.49776134002
984,1012,RegionF,99.3931300709084
984,1013,RegionA,34.2836010009258
984,1013,RegionB,14.4660423111111
984,1013,RegionC,15.9098704814818
984,1013,RegionD,62.7642191470876
984,1013,RegionE,79.8915536551516
984,1013,RegionF,88.1808800709086
984,1014,RegionA,31.4090973157407
984,1014,RegionB,13.2481613166668
984,1014,RegionC,16.3737965185187
984,1014,RegionD,78.9298050796295
984,1014,RegionE,61.308426174298
984,1014,RegionF,79.4906024840356
984,1015,RegionA,31.411333
984,1015,RegionB,28.745
984,1015,RegionC,18.326667
984,1015,RegionD,113.280040952779
984,1015,RegionE,66.1154077097533
984,1015,RegionF,64.9136068930262
984,1016,RegionA,27.7069804972223
984,1016,RegionB,24.6813115499998
984,1016,RegionC,22.6290447989198
984,1016,RegionD,96.3937909527786
984,1016,RegionE,50.269777777778
984,1016,RegionF,38.7140388677471
984,1017,RegionA,27.5055925861113
984,1017,RegionB,28.2283088999998
984,1017,RegionC,19.8355337089504
984,1017,RegionD,89.8950704027777
984,1017,RegionE,46.58
984,1017,RegionF,27.0754388466051
984,1018,RegionA,30.0010925861113
984,1018,RegionB,36.2858627833333
984,1018,RegionC,22.8729948412034
984,1018,RegionD,103.592044297222
984,1018,RegionE,54.8073333333336
984,1018,RegionF,30.2569499365739
984,1019,RegionA,36.1122897607563
984,1019,RegionB,54.54
984,1019,RegionC,24.986
984,1019,RegionD,136.497026990478
984,1019,RegionE,75.7556666666666
984,1019,RegionF,82.0766832487651
984,1020,RegionA,31.5667757497891
984,1020,RegionB,49.9304740802786
984,1020,RegionC,24.3007202482824
984,1020,RegionD,113.260485561774
984,1020,RegionE,51.4019999999994
984,1020,RegionF,74.6425999154319
984,1021,RegionA,22.1224649160434
984,1021,RegionB,26.0541616500003
984,1021,RegionC,37.1222738298981
984,1021,RegionD,97.5392219108483
984,1021,RegionE,26.4532222222226
984,1021,RegionF,68.9192665820984
984,1022,RegionA,31.5616877788164
984,1022,RegionB,23.366062631667
984,1022,RegionC,57.4579279526501
984,1022,RegionD,96.3745484794447
984,1022,RegionE,22.0943333333334
984,1022,RegionF,65.2101342685338
984,1023,RegionA,34.7095950753737
984,1023,RegionB,27.4209809705558
984,1023,RegionC,79.999
984,1023,RegionD,109.187741251667
984,1023,RegionE,22.7055833333336
984,1023,RegionF,83.4192382579601
984,1024,RegionA,18.4939406628227
984,1024,RegionB,21.0653437538892
984,1024,RegionC,79.3448333333334
984,1024,RegionD,83.5775451350021
984,1024,RegionE,23.4255266136326
984,1024,RegionF,55.0192827235453
984,1025,RegionA,13.4029148587232
984,1025,RegionB,20.7782777777776
984,1025,RegionC,73.0774269471016
984,1025,RegionD,81.1942222222221
984,1025,RegionE,29.8109143383765
984,1025,RegionF,55.1117716335763
984,1026,RegionA,11.4513718278115
984,1026,RegionB,26.6048194214694
984,1026,RegionC,81.7435
984,1026,RegionD,102.873555555554
984,1026,RegionE,48.9940798408974
984,1026,RegionF,82.5433400209317
984,1027,RegionA,16.3479903353531
984,1027,RegionB,50.6628055096056
984,1027,RegionC,80.7512499999999
984,1027,RegionD,148.644722222222
984,1027,RegionE,65.7857731211975
984,1027,RegionF,107.837097700511
984,1028,RegionA,14.6858588428944
984,1028,RegionB,44.4303888429396
984,1028,RegionC,59.2488299051866
984,1028,RegionD,131.231111111112
984,1028,RegionE,50.3444397878643
984,1028,RegionF,79.5835937322281
984,1029,RegionA,15.714472250479
984,1029,RegionB,34.7747777318281
984,1029,RegionC,48.113759775367
984,1029,RegionD,119.031055555555
984,1029,RegionE,41.926881629153
984,1029,RegionF,69.8282197242846
984,1030,RegionA,16.9309064667533
984,1030,RegionB,33.700346485274
984,1030,RegionC,45.6687278637229
984,1030,RegionD,112.655888888888
984,1030,RegionE,36.8649383488535
984,1030,RegionF,64.7430530576182
984,1031,RegionA,15.6912347001294
984,1031,RegionB,26.1684715082471
984,1031,RegionC,41.2331747122262
984,1031,RegionD,137.793666666666
984,1031,RegionE,42.1887728463317
984,1031,RegionF,68.3345128997309
984,1032,RegionA,16.0114569223517
984,1032,RegionB,4.49066666666666
984,1032,RegionC,26.3968607927121
984,1032,RegionD,122.361477459093
984,1032,RegionE,29.2059406771441
984,1032,RegionF,42.2349030375865
984,1033,RegionA,21.4750680334629
984,1033,RegionB,4.16716666666668
984,1033,RegionC,20.1825603816821
984,1033,RegionD,132.854899362633
984,1033,RegionE,16.419333333333
984,1033,RegionF,40.0286666666663
984,1034,RegionA,37.6174009560508
984,1034,RegionB,16.76
984,1034,RegionC,21.636
984,1034,RegionD,157.90546015506
984,1034,RegionE,23.2433333333332
984,1034,RegionF,40.0196666666671
984,1035,RegionA,52.7971453858459
984,1035,RegionB,53.556
984,1035,RegionC,21.566667
984,1035,RegionD,217.874538628429
984,1035,RegionE,46.6746666666671
984,1035,RegionF,61.0103434301697
984,1036,RegionA,45.7360671524695
984,1036,RegionB,51.396439833208
984,1036,RegionC,20.9460276223887
984,1036,RegionD,172.466760850653
984,1036,RegionE,43.9273333333339
984,1036,RegionF,52.964926763503
984,1037,RegionA,36.3341000302039
984,1037,RegionB,32.5959907775313
984,1037,RegionC,19.5634624299626
984,1037,RegionD,131.046686665467
984,1037,RegionE,47.9375000000006
984,1037,RegionF,52.0232600968365
984,1038,RegionA,28.6588880673981
984,1038,RegionB,28.7375417218526
984,1038,RegionC,20.7866803522707
984,1038,RegionD,96.5777905346622
984,1038,RegionE,51.6733888888913
984,1038,RegionF,49.6834048793719
984,1039,RegionA,20.5892214007315
984,1039,RegionB,32.9128704439518
984,1039,RegionC,27.4076810522287
984,1039,RegionD,98.22894932531
984,1039,RegionE,37.7186388888897
984,1039,RegionF,60.6603611111112
984,1040,RegionA,15.405768800943
984,1040,RegionB,25.2838704439519
984,1040,RegionC,31.306
984,1040,RegionD,67.7791940884359
984,1040,RegionE,28.056972222223
984,1040,RegionF,47.7431111111105
984,1041,RegionA,7.23907476724377
984,1041,RegionB,33.1523907464625
984,1041,RegionC,33.2087067458378
984,1041,RegionD,46.4110499626774
984,1041,RegionE,24.6942500000002
984,1041,RegionF,49.0017777777773
984,1042,RegionA,4.82166666666667
984,1042,RegionB,38.704
984,1042,RegionC,34.606667
984,1042,RegionD,66.1016663333333
984,1042,RegionE,33.8255833333339
984,1042,RegionF,41.853777777776
984,1043,RegionA,26.1673333333336
984,1043,RegionB,45.4406163184815
984,1043,RegionC,37.2944209407777
984,1043,RegionD,101.010240518519
984,1043,RegionE,45.2029999999998
984,1043,RegionF,60.807111111111
984,1044,RegionA,17.6343333333331
984,1044,RegionB,35.5475718429683
984,1044,RegionC,35.1863912311056
984,1044,RegionD,75.6126480370375
984,1044,RegionE,28.5863333333328
984,1044,RegionF,68.3706666666667
984,1045,RegionA,15.6766666666666
984,1045,RegionB,27.495370966506
984,1045,RegionC,50.2584068112714
984,1045,RegionD,43.6436666666663
984,1045,RegionE,21.0804444444439
984,1045,RegionF,70.859999999999
984,1046,RegionA,23.3022222222223
984,1046,RegionB,35.6567407407393
984,1046,RegionC,63.6753703703703
984,1046,RegionD,41.9734444444448
984,1046,RegionE,30.5897777777777
984,1046,RegionF,69.6220000000002
984,1047,RegionA,29.4276666666667
984,1047,RegionB,59.9351111111096
984,1047,RegionC,80.6136666666667
984,1047,RegionD,87.0641111111115
984,1047,RegionE,56.8311111111119
984,1047,RegionF,104.131555555555
984,1048,RegionA,34.7818055555556
984,1048,RegionB,45.3734444444436
984,1048,RegionC,69.1259444444448
984,1048,RegionD,80.5558333333333
984,1048,RegionE,33.8956666666676
984,1048,RegionF,77.1142222222229
984,1049,RegionA,38.6340000000001
984,1049,RegionB,35.4258885802467
984,1049,RegionC,67.4106666666662
984,1049,RegionD,80.3891391975294
984,1049,RegionE,22.5439166666672
984,1049,RegionF,59.8228888888892
984,1050,RegionA,39.9782222222225
984,1050,RegionB,51.1896660493826
984,1050,RegionC,70.0588333333337
984,1050,RegionD,91.7452228395041
984,1050,RegionE,23.3590000000001
984,1050,RegionF,50.5206666666669
984,1051,RegionA,47.0287212962968
984,1051,RegionB,86.718
984,1051,RegionC,81.1786666666667
984,1051,RegionD,85.2293620370357
984,1051,RegionE,46.7115833333343
984,1051,RegionF,24.4668333333337
984,1052,RegionA,36.0058796296299
984,1052,RegionB,70.2726296296284
984,1052,RegionC,67.2284694111857
984,1052,RegionD,66.913320920462
984,1052,RegionE,41.2187837424243
984,1052,RegionF,6.50483333333303
984,1053,RegionA,32.4330185185185
984,1053,RegionB,61.2438020421815
984,1053,RegionC,68.4044027112595
984,1053,RegionD,63.0880300765231
984,1053,RegionE,23.7466355404045
984,1053,RegionF,4.21633333333336
984,1054,RegionA,35.2602962962963
984,1054,RegionB,62.2863059826772
984,1054,RegionC,78.0239391461095
984,1054,RegionD,79.7745164290897
984,1054,RegionE,26.9039143680504
984,1054,RegionF,5.46666666666677
984,1055,RegionA,50.1997407507125
984,1055,RegionB,72.2188410497154
984,1055,RegionC,83.7912500000001
984,1055,RegionD,117.47855833721
984,1055,RegionE,41.7460265290294
984,1055,RegionF,19.2400000000001
1032,1056,RegionA,52.2329166666669
1032,1056,RegionB,40.6347616279073
1032,1056,RegionC,56.5893217054281
1032,1056,RegionD,90.8382500000006
1032,1056,RegionE,41.4204999999994
1032,1056,RegionF,26.6348333333341
1032,1057,RegionA,53.3413333333335
1032,1057,RegionB,26.0089399224811
1032,1057,RegionC,51.9827553008873
1032,1057,RegionD,124.231554776633
1032,1057,RegionE,77.9039166666665
1032,1057,RegionF,23.8537499999999
1032,1058,RegionA,44.585
1032,1058,RegionB,23.859
1032,1058,RegionC,57.278667
1032,1058,RegionD,153.131416333334
1032,1058,RegionE,116.123416666666
1032,1058,RegionF,37.1220833333334
1032,1059,RegionA,27.696333
1032,1059,RegionB,28.26
1032,1059,RegionC,43.493333
1032,1059,RegionD,170.626916333335
1032,1059,RegionE,152.75775
1032,1059,RegionF,102.227834333334
1032,1060,RegionA,11.2857496666669
1032,1060,RegionB,16.5035717054262
1032,1060,RegionC,16.8162327378714
1032,1060,RegionD,117.961889334478
1032,1060,RegionE,120.406861111111
1032,1060,RegionF,73.1836676666683
1032,1061,RegionA,12.7089996666669
1032,1061,RegionB,12.7107267441861
1032,1061,RegionC,22.3564115891465
1032,1061,RegionD,74.9428054444446
1032,1061,RegionE,93.7884999999997
1032,1061,RegionF,45.3517509999999
1032,1062,RegionA,13.0309999481475
1032,1062,RegionB,13.3683333333334
1032,1062,RegionC,28.0682214962966
1032,1062,RegionD,53.3719858888886
1032,1062,RegionE,68.6755694444432
1032,1062,RegionF,43.7776954444448
1032,1063,RegionA,25.9563052222221
1032,1063,RegionB,33.279
1032,1063,RegionC,45.870833
1032,1063,RegionD,77.8582080000014
1032,1063,RegionE,79.1434583333318
1032,1063,RegionF,41.7426954444447
1032,1064,RegionA,25.163333
1032,1064,RegionB,30.4333055555556
1032,1064,RegionC,40.729333
1032,1064,RegionD,63.7017079999999
1032,1064,RegionE,55.2414027777764
1032,1064,RegionF,30.4470287777783
1032,1065,RegionA,26.8203475758763
1032,1065,RegionB,29.8384678744939
1032,1065,RegionC,42.2407994051863
1032,1065,RegionD,60.0212085851851
1032,1065,RegionE,33.0429027777773
1032,1065,RegionF,37.2127460037053
1032,1066,RegionA,27.138667
1032,1066,RegionB,33.578333
1032,1066,RegionC,45.0878333740747
1032,1066,RegionD,51.0466666259246
1032,1066,RegionE,29.3475277777775
1032,1066,RegionF,47.6412222222222
1032,1067,RegionA,28.7104447777777
1032,1067,RegionB,53.042333
1032,1067,RegionC,55.358667
1032,1067,RegionD,61.2213885555549
1032,1067,RegionE,42.8571944444442
1032,1067,RegionF,73.3493333333331
1032,1068,RegionA,25.6068518648652
1032,1068,RegionB,36.6530609828687
1032,1068,RegionC,47.9281527152289
1032,1068,RegionD,52.9414344370367
1032,1068,RegionE,35.8155277777773
1032,1068,RegionF,57.238888888889
1032,1069,RegionA,17.5602964740739
1032,1069,RegionB,29.6119843799668
1032,1069,RegionC,45.2898465912051
1032,1069,RegionD,47.5420947769745
1032,1069,RegionE,33.5000833333333
1032,1069,RegionF,53.0305555555553
1032,1070,RegionA,17.9376111111111
1032,1070,RegionB,28.066122290111
1032,1070,RegionC,50.9325047514322
1032,1070,RegionD,45.1396229584565
1032,1070,RegionE,41.9873333333326
1032,1070,RegionF,52.3981111111108
1032,1071,RegionA,17.8675277777776
1032,1071,RegionB,25.016793304506
1032,1071,RegionC,79.6345833333333
1032,1071,RegionD,54.7228733621607
1032,1071,RegionE,60.0129999999993
1032,1071,RegionF,87.550666666666
1032,1072,RegionA,12.10075
1032,1072,RegionB,9.23143234050066
1032,1072,RegionC,79.5308176594995
1032,1072,RegionD,52.5214999999999
1032,1072,RegionE,57.1748333333333
1032,1072,RegionF,76.3883333333336
1032,1073,RegionA,8.41386111111111
1032,1073,RegionB,9.17041666666677
1032,1073,RegionC,72.792888888889
1032,1073,RegionD,44.7354444444439
1032,1073,RegionE,62.0791666666675
1032,1073,RegionF,70.3316666666665
1032,1074,RegionA,8.06336111111105
1032,1074,RegionB,15.3752500000002
1032,1074,RegionC,65.014333333333
1032,1074,RegionD,58.4002499999996
1032,1074,RegionE,70.3177777777775
1032,1074,RegionF,66.8273333333329
1032,1075,RegionA,18.1865833333333
1032,1075,RegionB,33.3484537037036
1032,1075,RegionC,81.1193333333333
1032,1075,RegionD,84.9044351851856
1032,1075,RegionE,90.1501388888883
1032,1075,RegionF,64.1453333333315
1032,1076,RegionA,15.4937657599136
1032,1076,RegionB,30.3417870370368
1032,1076,RegionC,74.9622509067522
1032,1076,RegionD,67.6123351851851
1032,1076,RegionE,60.5624722222214
1032,1076,RegionF,49.3476666666667
1032,1077,RegionA,10.5319481864951
1032,1077,RegionB,29.4362037037038
1032,1077,RegionC,67.5829573690597
1032,1077,RegionD,65.6629462962959
1032,1077,RegionE,38.2553611111095
1032,1077,RegionF,53.0840000000003
1032,1078,RegionA,15.5799399957557
1032,1078,RegionB,32.1477037037037
1032,1078,RegionC,65.9561082758123
1032,1078,RegionD,83.3589740740739
1032,1078,RegionE,35.9974722222222
1032,1078,RegionF,59.0812183950981
1032,1079,RegionA,18.7893576542472
1032,1079,RegionB,38.6658703703711
1032,1079,RegionC,80.8333333333334
1032,1079,RegionD,136.299335185185
1032,1079,RegionE,69.0747222222209
1032,1079,RegionF,77.2980479013077
1032,1080,RegionA,18.727939157352
1032,1080,RegionB,24.0828333333327
1032,1080,RegionC,58.5681222222236
1032,1080,RegionD,91.1971129413403
1032,1080,RegionE,45.0613888888885
1032,1080,RegionF,64.9440479013075
1032,1081,RegionA,19.1588765993263
1032,1081,RegionB,16.4980833333327
1032,1081,RegionC,52.1868773944657
1032,1081,RegionD,65.6538647715674
1032,1081,RegionE,38.4724166666664
1032,1081,RegionF,51.6863256790854
1032,1082,RegionA,19.733333
1032,1082,RegionB,10.2786944444444
1032,1082,RegionC,50.3424191635635
1032,1082,RegionD,67.6344499351292
1032,1082,RegionE,38.9129166666666
1032,1082,RegionF,48.6987701235294
1032,1083,RegionA,20.866667
1032,1083,RegionB,30.423
1032,1083,RegionC,33.572
1032,1083,RegionD,78.6408406542469
1032,1083,RegionE,55.9014444444439
1032,1083,RegionF,84.5821034568627
1032,1084,RegionA,15.1894218113606
1032,1084,RegionB,28.2131666666667
1032,1084,RegionC,21.3231625812911
1032,1084,RegionD,67.383671348036
1032,1084,RegionE,46.2447777777774
1032,1084,RegionF,65.0022720370903
1032,1085,RegionA,9.14401118975537
1032,1085,RegionB,28.3826481481482
1032,1085,RegionC,19.2024786134071
1032,1085,RegionD,63.4492528511404
1032,1085,RegionE,30.9549722222213
1032,1085,RegionF,51.5968314197701
1032,1086,RegionA,16.6075495559112
1032,1086,RegionB,28.2221574074075
1032,1086,RegionC,28.8914442222222
1032,1086,RegionD,77.9531265922366
1032,1086,RegionE,40.278027777778
1032,1086,RegionF,56.8999999999998
1032,1087,RegionA,27.26
1032,1087,RegionB,38.268
1032,1087,RegionC,39.069333
1032,1087,RegionD,115.727278111111
1032,1087,RegionE,51.4326944444456
1032,1087,RegionF,64.3653333333348
1032,1088,RegionA,29.7009158573501
1032,1088,RegionB,33.3383333333333
1032,1088,RegionC,35.4903329999998
1032,1088,RegionD,93.5756955870943
1032,1088,RegionE,34.1579166666664
1032,1088,RegionF,51.262222222222
1032,1089,RegionA,35.5809321324956
1032,1089,RegionB,24.7997117961397
1032,1089,RegionC,38.8435329740741
1032,1089,RegionD,98.7345985602521
1032,1089,RegionE,15.9608078703689
1032,1089,RegionF,60.0404444444446
1032,1090,RegionA,44.551333
1032,1090,RegionB,26.3509047406626
1032,1090,RegionC,45.5137329481483
1032,1090,RegionD,121.953307088966
1032,1090,RegionE,13.3216666666666
1032,1090,RegionF,68.6864444444441
1032,1091,RegionA,55.48
1032,1091,RegionB,32.31
1032,1091,RegionC,43.470333
1032,1091,RegionD,152.925055888885
1032,1091,RegionE,30.4249999999998
1032,1091,RegionF,104.061555555555
1032,1092,RegionA,45.3843847194733
1032,1092,RegionB,26.0951574074083
1032,1092,RegionC,34.803379789012
1032,1092,RegionD,112.031485873117
1032,1092,RegionE,20.9286666666657
1032,1092,RegionF,75.2840644332095
1032,1093,RegionA,36.9238652657096
1032,1093,RegionB,17.5199814814812
1032,1093,RegionC,37.1784265780243
1032,1093,RegionD,76.45862558614
1032,1093,RegionE,24.606000000001
1032,1093,RegionF,75.5236288664199
1032,1094,RegionA,38.705191447893
1032,1094,RegionB,13.4007197555978
1032,1094,RegionC,51.0653755183948
1032,1094,RegionD,67.4805199784835
1032,1094,RegionE,30.3626666666676
1032,1094,RegionF,92.502026632964
1032,1095,RegionA,75.2708418394142
1032,1095,RegionB,15.4903945335313
1032,1095,RegionC,79.5976666666666
1032,1095,RegionD,64.3953947831031
1032,1095,RegionE,42.9582222222228
1032,1095,RegionF,120.175424399506
1032,1096,RegionA,53.4249278657283
1032,1096,RegionB,13.2555465082815
1032,1096,RegionC,72.4056371943146
1032,1096,RegionD,54.0036862543883
1032,1096,RegionE,30.2526666666671
1032,1096,RegionF,90.5750910661741
1032,1097,RegionA,40.5767091160414
1032,1097,RegionB,12.9732832138467
1032,1097,RegionC,68.6742221594938
1032,1097,RegionD,36.7401944444429
1032,1097,RegionE,18.4591111111114
1032,1097,RegionF,72.1965910661736
1032,1098,RegionA,44.4236666666669
1032,1098,RegionB,18.2644935017076
1032,1098,RegionC,67.5353866808921
1032,1098,RegionD,34.9260833333328
1032,1098,RegionE,12.0202222222223
1032,1098,RegionF,55.7437309285105
1032,1099,RegionA,49.8546111111111
1032,1099,RegionB,47.4504946735269
1032,1099,RegionC,75.678
1032,1099,RegionD,59.1337499999984
1032,1099,RegionE,33.7797277200604
1032,1099,RegionF,71.3351109397458
1032,1100,RegionA,40.9689444444444
1032,1100,RegionB,42.2463392804029
1032,1100,RegionC,59.8333031596682
1032,1100,RegionD,35.413888888889
1032,1100,RegionE,29.2604499422827
1032,1100,RegionF,48.6362131732034
1032,1101,RegionA,42.0704444444443
1032,1101,RegionB,53.8577597821255
1032,1101,RegionC,54.9512804244898
1032,1101,RegionD,25.3653333333333
1032,1101,RegionE,22.7221166089493
1032,1101,RegionF,18.1517042955473
1032,1102,RegionA,50.0867777777776
1032,1102,RegionB,73.1027237273751
1032,1102,RegionC,61.5393815525637
1032,1102,RegionD,27.301667
1032,1102,RegionE,39.94
1032,1102,RegionF,9.5861721645052
1032,1103,RegionA,91.0213333333333
1032,1103,RegionB,87.6984166666668
1032,1103,RegionC,72.2533271688277
1032,1103,RegionD,83.2286951111116
1032,1103,RegionE,78.0340758823928
1032,1103,RegionF,37.7796796154455
1080,1104,RegionA,90.9349166666666
1080,1104,RegionB,84.2357598357496
1080,1104,RegionC,47.3088470555546
1080,1104,RegionD,121.810809775362
1080,1104,RegionE,15.5353333333332
1080,1104,RegionF,43.0175000000003
1080,1105,RegionA,74.0341439216872
1080,1105,RegionB,59.126667
1080,1105,RegionC,47.163333
1080,1105,RegionD,149.359055555553
1080,1105,RegionE,18.5795833333332
1080,1105,RegionF,60.041828300535
1080,1106,RegionA,61.0544545100451
1080,1106,RegionB,53.443111444445
1080,1106,RegionC,37.3126940960268
1080,1106,RegionD,153.058395243664
1080,1106,RegionE,24.7999166666669
1080,1106,RegionF,96.3631224836012
1080,1107,RegionA,65.3929317650616
1080,1107,RegionB,60.786667
1080,1107,RegionC,35.3453051920556
1080,1107,RegionD,206.67640159844
1080,1107,RegionE,41.5765833333333
1080,1107,RegionF,148.936416666667
1080,1108,RegionA,53.2354400705925
1080,1108,RegionB,41.2492834799931
1080,1108,RegionC,24.242
1080,1108,RegionD,152.043463464745
1080,1108,RegionE,30.0112500000004
1080,1108,RegionF,127.719257429116
1080,1109,RegionA,53.1633545656468
1080,1109,RegionB,21.286667
1080,1109,RegionC,19.9363465255379
1080,1109,RegionD,122.139133471135
1080,1109,RegionE,29.5350000000003
1080,1109,RegionF,84.272109548792
1080,1110,RegionA,61.1768022828232
1080,1110,RegionB,20.6829564574084
1080,1110,RegionC,18.3834998334828
1080,1110,RegionD,110.222960449693
1080,1110,RegionE,34.5683333333336
1080,1110,RegionF,76.6081976432595
1080,1111,RegionA,92.1375833333333
1080,1111,RegionB,50.5790236925948
1080,1111,RegionC,20.176667
1080,1111,RegionD,132.755704975
1080,1111,RegionE,49.9105555555553
1080,1111,RegionF,70.6034376657359
1080,1112,RegionA,78.3978387776775
1080,1112,RegionB,41.8467778516258
1080,1112,RegionC,24.8837704421645
1080,1112,RegionD,131.653666666667
1080,1112,RegionE,45.1662222222227
1080,1112,RegionF,50.384307372978
1080,1113,RegionA,65.8201955836952
1080,1113,RegionB,27.480547996972
1080,1113,RegionC,30.360930530386
1080,1113,RegionD,135.871500000001
1080,1113,RegionE,44.1322222222219
1080,1113,RegionF,50.8863536667227
1080,1114,RegionA,55.8307706114994
1080,1114,RegionB,18.3073550397842
1080,1114,RegionC,35.501667
1080,1114,RegionD,129.475500000001
1080,1114,RegionE,61.8963333333356
1080,1114,RegionF,74.1327906820508
1080,1115,RegionA,66.7474011948571
1080,1115,RegionB,18.9457954886288
1080,1115,RegionC,43.666667
1080,1115,RegionD,144.960214174692
1080,1115,RegionE,78.7113333333354
1080,1115,RegionF,89.0398943640451
1080,1116,RegionA,48.6148095559925
1080,1116,RegionB,16.7457838089988
1080,1116,RegionC,47.7428333031661
1080,1116,RegionD,96.2047419524698
1080,1116,RegionE,53.5203333333347
1080,1116,RegionF,68.1343313793725
1080,1117,RegionA,27.1473333333327
1080,1117,RegionB,17.2988504651038
1080,1117,RegionC,53.1639353602054
1080,1117,RegionD,64.2124086191366
1080,1117,RegionE,43.188666666667
1080,1117,RegionF,60.0706666666668
1080,1118,RegionA,26.9644999999998
1080,1118,RegionB,27.1593015148896
1080,1118,RegionC,57.7064843104192
1080,1118,RegionD,83.4971863969148
1080,1118,RegionE,37.8459999999991
1080,1118,RegionF,67.5303333333335
1080,1119,RegionA,42.9945000000009
1080,1119,RegionB,65.0280358253086
1080,1119,RegionC,82.3955
1080,1119,RegionD,191.126075285803
1080,1119,RegionE,47.3426666666663
1080,1119,RegionF,79.0853333333341
1080,1120,RegionA,25.0618333333333
1080,1120,RegionB,62.3414130033205
1080,1120,RegionC,76.3972061553218
1080,1120,RegionD,174.299603063581
1080,1120,RegionE,39.234333333333
1080,1120,RegionF,62.6452777777788
1080,1121,RegionA,24.4695000000001
1080,1121,RegionB,65.5757734852096
1080,1121,RegionC,55.0737662698941
1080,1121,RegionD,154.779184916936
1080,1121,RegionE,45.2967777777777
1080,1121,RegionF,58.42455310574
1080,1122,RegionA,19.4330000000001
1080,1122,RegionB,67.273852791695
1080,1122,RegionC,57.1352924257266
1080,1122,RegionD,114.735944444444
1080,1122,RegionE,49.2102207933199
1080,1122,RegionF,75.1341617670353
1080,1123,RegionA,16.2613333333333
1080,1123,RegionB,82.4280379850284
1080,1123,RegionC,80.2420833333333
1080,1123,RegionD,90.4136111111097
1080,1123,RegionE,37.9616638088626
1080,1123,RegionF,92.8739926505524
1080,1124,RegionA,21.772262416667
1080,1124,RegionB,60.9776518168288
1080,1124,RegionC,70.7274015293108
1080,1124,RegionD,27.0172777777771
1080,1124,RegionE,21.468274919973
1080,1124,RegionF,72.077492650553
1080,1125,RegionA,24.6933581666675
1080,1125,RegionB,46.7137190714484
1080,1125,RegionC,66.4311312182083
1080,1125,RegionD,21.398564459203
1080,1125,RegionE,24.0126716211076
1080,1125,RegionF,52.5609165744765
1080,1126,RegionA,28.8517872500013
1080,1126,RegionB,47.7184304392216
1080,1126,RegionC,66.3047771569492
1080,1126,RegionD,26.9394066961842
1080,1126,RegionE,31.5700127666863
1080,1126,RegionF,49.0993079131814
1080,1127,RegionA,40.9329659611125
1080,1127,RegionB,53.0185733938459
1080,1127,RegionC,60.9600910237188
1080,1127,RegionD,75.9838600442754
1080,1127,RegionE,51.6086992140503
1080,1127,RegionF,45.1776992518852
1080,1128,RegionA,36.8506326277791
1080,1128,RegionB,38.2763601500004
1080,1128,RegionC,32.2178354238813
1080,1128,RegionD,76.6971933776084
1080,1128,RegionE,46.3910339762856
1080,1128,RegionF,28.9586666666666
1080,1129,RegionA,33.8704696111118
1080,1129,RegionB,35.8234437777778
1080,1129,RegionC,27.498
1080,1129,RegionD,82.504727149975
1080,1129,RegionE,42.1919705722455
1080,1129,RegionF,22.0426666666668
1080,1130,RegionA,28.0665960833338
1080,1130,RegionB,34.488333
1080,1130,RegionC,29.1108611111111
1080,1130,RegionD,92.1263947749134
1080,1130,RegionE,45.2667960933336
1080,1130,RegionF,22.7508522706402
1080,1131,RegionA,26.376667
1080,1131,RegionB,37.404
1080,1131,RegionC,31.768
1080,1131,RegionD,93.5916179554077
1080,1131,RegionE,71.8692882810884
1080,1131,RegionF,36.9732600968363
1080,1132,RegionA,17.3004045833329
1080,1132,RegionB,28.3076669999998
1080,1132,RegionC,24.3414819293244
1080,1132,RegionD,83.5531308349504
1080,1132,RegionE,59.657
1080,1132,RegionF,34.109926763503
1080,1133,RegionA,7.92925180222289
1080,1133,RegionB,9.68947042000131
1080,1133,RegionC,18.3363312904363
1080,1133,RegionD,77.8130346224104
1080,1133,RegionE,20.5236666666659
1080,1133,RegionF,33.0811340871526
1080,1134,RegionA,8.5481666666667
1080,1134,RegionB,14.0025555555554
1080,1134,RegionC,25.8595408118848
1080,1134,RegionD,77.6451091152742
1080,1134,RegionE,19.8063333333338
1080,1134,RegionF,49.0810167395081
1080,1135,RegionA,9.72983333333341
1080,1135,RegionB,25.2335555555557
1080,1135,RegionC,45.705667
1080,1135,RegionD,78.4001687095648
1080,1135,RegionE,35.4456666666672
1080,1135,RegionF,58.1009142904367
1080,1136,RegionA,7.57516666666665
1080,1136,RegionB,13.8481666666668
1080,1136,RegionC,46.2202372956521
1080,1136,RegionD,50.9408206361354
1080,1136,RegionE,14.3616666666667
1080,1136,RegionF,47.4195809571025
1080,1137,RegionA,5.7778333333332
1080,1137,RegionB,4.70066666666672
1080,1137,RegionC,45.0342598250765
1080,1137,RegionD,51.3225973924641
1080,1137,RegionE,27.1851666666667
1080,1137,RegionF,49.4814761157942
1080,1138,RegionA,8.68322222222205
1080,1138,RegionB,4.77566666666672
1080,1138,RegionC,45.2583976960915
1080,1138,RegionD,77.8332500000006
1080,1138,RegionE,41.3775
1080,1138,RegionF,47.7555189705773
1080,1139,RegionA,28.4218888888904
1080,1139,RegionB,24.942667
1080,1139,RegionC,43.872
1080,1139,RegionD,139.56219411111
1080,1139,RegionE,66.4116666666666
1080,1139,RegionF,80.1920000000003
1080,1140,RegionA,15.4385555555556
1080,1140,RegionB,22.7796670000001
1080,1140,RegionC,29.1632914893603
1080,1140,RegionD,115.311569288415
1080,1140,RegionE,54.4462222222212
1080,1140,RegionF,62.4880000000015
1080,1141,RegionA,14.3887500000001
1080,1141,RegionB,23.2541670000001
1080,1141,RegionC,41.0485246453905
1080,1141,RegionD,100.071836132389
1080,1141,RegionE,38.1864722222209
1080,1141,RegionF,55.3133333333332
1080,1142,RegionA,15.2350833333337
1080,1142,RegionB,33.6363336666667
1080,1142,RegionC,63.0176494680852
1080,1142,RegionD,84.6503224208047
1080,1142,RegionE,21.4718055555546
1080,1142,RegionF,41.4893333333316
1080,1143,RegionA,13.0109166666669
1080,1143,RegionB,36.2873335222213
1080,1143,RegionC,83.439
1080,1143,RegionD,90.6650831444461
1080,1143,RegionE,28.9325833333335
1080,1143,RegionF,51.631333333333
1080,1144,RegionA,9.80008333333324
1080,1144,RegionB,24.2737738459998
1080,1144,RegionC,72.3602728381239
1080,1144,RegionD,69.0241477603218
1080,1144,RegionE,27.8542499999999
1080,1144,RegionF,32.0636666666663
1080,1145,RegionA,8.22533333333329
1080,1145,RegionB,23.5663254697775
1080,1145,RegionC,68.9928262318035
1080,1145,RegionD,72.20384829842
1080,1145,RegionE,29.6175833333332
1080,1145,RegionF,30.9683333333326
1080,1146,RegionA,7.1357894736833
1080,1146,RegionB,46.8496431754274
1080,1146,RegionC,66.2200435143718
1080,1146,RegionD,84.6809682809621
1080,1146,RegionE,29.1652499999994
1080,1146,RegionF,43.7673333333322
1080,1147,RegionA,9.27024561403325
1080,1147,RegionB,84.9448061118769
1080,1147,RegionC,78.1825
1080,1147,RegionD,112.797114940755
1080,1147,RegionE,22.5655833333318
1080,1147,RegionF,71.6337777777781
1080,1148,RegionA,8.51024561403317
1080,1148,RegionB,62.0992544880999
1080,1148,RegionC,63.8245467836251
1080,1148,RegionD,87.2012864475742
1080,1148,RegionE,4.16574999999947
1080,1148,RegionF,38.9827777777792
1080,1149,RegionA,13.3455789473666
1080,1149,RegionB,60.8137028643222
1080,1149,RegionC,68.5380935672512
1080,1149,RegionD,53.000180176615
1080,1149,RegionE,1.37666666666669
1080,1149,RegionF,19.4448611111121
1080,1150,RegionA,36.4889122806999
1080,1150,RegionB,80.0574845738777
1080,1150,RegionC,80.5254736842107
1080,1150,RegionD,50.6001294612118
1080,1150,RegionE,1.37083333333327
1080,1150,RegionF,6.59758333333309
1080,1151,RegionA,85.3810747507125
1080,1151,RegionB,89.948
1080,1151,RegionC,82.6696666666667
1080,1151,RegionD,63.6556666666669
1080,1151,RegionE,8.9461666666655
1080,1151,RegionF,15.498841915952
1128,1152,RegionA,42.7568442028999
1128,1152,RegionB,65.0289891304351
1128,1152,RegionC,22.2635000000013
1128,1152,RegionD,51.3994621604552
1128,1152,RegionE,49.1076211728781
1128,1152,RegionF,9.36583333333339
1128,1153,RegionA,40.22
1128,1153,RegionB,44.7049630740746
1128,1153,RegionC,17.5790000000001
1128,1153,RegionD,87.9289890246134
1128,1153,RegionE,54.5428256790899
1128,1153,RegionF,19.1870833333332
1128,1154,RegionA,36.071499833335
1128,1154,RegionB,53.4664400370377
1128,1154,RegionC,28.4067362777777
1128,1154,RegionD,138.928654777661
1128,1154,RegionE,67.1664468519681
1128,1154,RegionF,39.3104166666667
1128,1155,RegionA,34.089333
1128,1155,RegionB,54.816667
1128,1155,RegionC,37.462667
1128,1155,RegionD,202.876320530709
1128,1155,RegionE,78.3480958026243
1128,1155,RegionF,79.2995277777776
1128,1156,RegionA,25.8143406489531
1128,1156,RegionB,31.1018016745039
1128,1156,RegionC,25.6692549907405
1128,1156,RegionD,159.852367994289
1128,1156,RegionE,56.0740958026234
1128,1156,RegionF,55.8343611111098
1128,1157,RegionA,24.8553700370368
1128,1157,RegionB,23.037443443827
1128,1157,RegionC,23.5828429814816
1128,1157,RegionD,118.676328764894
1128,1157,RegionE,22.7237369949816
1128,1157,RegionF,54.0071111111105
1128,1158,RegionA,25.673333
1128,1158,RegionB,20.7154571938268
1128,1158,RegionC,28.4941531944446
1128,1158,RegionD,85.2056630118492
1128,1158,RegionE,20.1018380443247
1128,1158,RegionF,54.300333333333
1128,1159,RegionA,35.694667
1128,1159,RegionB,29.66
1128,1159,RegionC,36.3248245185187
1128,1159,RegionD,127.327430498924
1128,1159,RegionE,51.7749668714463
1128,1159,RegionF,77.2963333333337
1128,1160,RegionA,34.3350004444444
1128,1160,RegionB,26.9424074074075
1128,1160,RegionC,29.295667
1128,1160,RegionD,90.471273894024
1128,1160,RegionE,48.3538456985682
1128,1160,RegionF,51.0893888888906
1128,1161,RegionA,32.262387161188
1128,1161,RegionB,25.1674271097222
1128,1161,RegionC,23.22
1128,1161,RegionD,63.862341814814
1128,1161,RegionE,47.7856666666653
1128,1161,RegionF,41.881205025386
1128,1162,RegionA,43.642667
1128,1162,RegionB,24.2088147918211
1128,1162,RegionC,28.9506274537037
1128,1162,RegionD,68.216119592592
1128,1162,RegionE,38.2506666666673
1128,1162,RegionF,52.994965606327
1128,1163,RegionA,51.7888714746142
1128,1163,RegionB,20.8525046344134
1128,1163,RegionC,56.832667
1128,1163,RegionD,61.6280362592586
1128,1163,RegionE,45.0596666666672
1128,1163,RegionF,80.472448409492
1128,1164,RegionA,33.6453529560962
1128,1164,RegionB,13.6054120412037
1128,1164,RegionC,58.3249123425927
1128,1164,RegionD,60.2241520283944
1128,1164,RegionE,27.3267777777779
1128,1164,RegionF,59.1426150761571
1128,1165,RegionA,12.980415357446
1128,1165,RegionB,7.10677340123424
1128,1165,RegionC,69.7879367951604
1128,1165,RegionD,50.6521388888905
1128,1165,RegionE,25.3277871477805
1128,1165,RegionF,35.8589484094913
1128,1166,RegionA,8.1429912045135
1128,1166,RegionB,7.25308333333316
1128,1166,RegionC,74.1134860904359
1128,1166,RegionD,53.15263888889
1128,1166,RegionE,27.0613520733384
1128,1166,RegionF,28.4228928539353
1128,1167,RegionA,12.4251063165466
1128,1167,RegionB,12.3096666666666
1128,1167,RegionC,75.7397202714025
1128,1167,RegionD,79.354527777777
1128,1167,RegionE,47.2870281100068
1128,1167,RegionF,24.6178675242632
1128,1168,RegionA,12.5241086553584
1128,1168,RegionB,10.7906666666667
1128,1168,RegionC,73.1941130962008
1128,1168,RegionD,42.0888888888899
1128,1168,RegionE,25.4546713051161
1128,1168,RegionF,21.3292736099883
1128,1169,RegionA,11.0567776608371
1128,1169,RegionB,10.7453333333334
1128,1169,RegionC,72.1266029305551
1128,1169,RegionD,30.9484444444448
1128,1169,RegionE,17.7605508240046
1128,1169,RegionF,26.4842908068248
1128,1170,RegionA,14.3324444444444
1128,1170,RegionB,13.6500000000004
1128,1170,RegionC,69.3568196571087
1128,1170,RegionD,35.0425555555568
1128,1170,RegionE,27.4062081206692
1128,1170,RegionF,40.3138333333334
1128,1171,RegionA,18.445277777778
1128,1171,RegionB,13.5411666666674
1128,1171,RegionC,81.75525
1128,1171,RegionD,39.0972222222233
1128,1171,RegionE,42.8008888888888
1128,1171,RegionF,70.4578333333329
1128,1172,RegionA,15.5109444444445
1128,1172,RegionB,5.47227777777799
1128,1172,RegionC,55.7955833333334
1128,1172,RegionD,23.1393333333341
1128,1172,RegionE,32.6939999999995
1128,1172,RegionF,63.0891666666663
1128,1173,RegionA,17.5571608665549
1128,1173,RegionB,10.1254499442991
1128,1173,RegionC,47.2105498871569
1128,1173,RegionD,17.2623115242115
1128,1173,RegionE,27.6579999999995
1128,1173,RegionF,57.1956111111108
1128,1174,RegionA,19.9095995108874
1128,1174,RegionB,23.3707487365867
1128,1174,RegionC,52.0967231485479
1128,1174,RegionD,31.3619315564446
1128,1174,RegionE,24.6396914919794
1128,1174,RegionF,43.075888888888
1128,1175,RegionA,33.2093159329976
1128,1175,RegionB,47.8430197510965
1128,1175,RegionC,49.7304797432717
1128,1175,RegionD,54.8985515886773
1128,1175,RegionE,55.4407163172895
1128,1175,RegionF,73.619388888889
1128,1176,RegionA,31.1678159329976
1128,1176,RegionB,43.7689086399853
1128,1176,RegionC,31.9058130766046
1128,1176,RegionD,47.6514349824477
1128,1176,RegionE,59.6997163172897
1128,1176,RegionF,65.8577277173411
1128,1177,RegionA,33.2636564540473
1128,1177,RegionB,41.28
1128,1177,RegionC,24.144667
1128,1177,RegionD,59.4852825717585
1128,1177,RegionE,62.0351607617343
1128,1177,RegionF,44.5507332124592
1128,1178,RegionA,34.901333
1128,1178,RegionB,37.126
1128,1178,RegionC,22.267
1128,1178,RegionD,98.3976115272259
1128,1178,RegionE,58.2343403712707
1128,1178,RegionF,42.5200206570593
1128,1179,RegionA,45.933333
1128,1179,RegionB,39.816
1128,1179,RegionC,20.750333
1128,1179,RegionD,205.494531462792
1128,1179,RegionE,82.0376488792922
1128,1179,RegionF,58.3518481023622
1128,1180,RegionA,40.2401721334451
1128,1180,RegionB,19.1633308621079
1128,1180,RegionC,13.2386967508791
1128,1180,RegionD,178.770647380345
1128,1180,RegionE,50.722666666668
1128,1180,RegionF,11.8232362065582
1128,1181,RegionA,35.6443419086549
1128,1181,RegionB,14.7674396998593
1128,1181,RegionC,12.5483556604557
1128,1181,RegionD,136.453575286432
1128,1181,RegionE,46.1584166666671
1128,1181,RegionF,15.8019541112668
1128,1182,RegionA,31.37695057851
1128,1182,RegionB,14.3339588444207
1128,1182,RegionC,16.9077944156504
1128,1182,RegionD,90.830768383639
1128,1182,RegionE,71.810064381328
1128,1182,RegionF,30.6926300631167
1128,1183,RegionA,30.338333
1128,1183,RegionB,28.748
1128,1183,RegionC,22.454
1128,1183,RegionD,98.8234068737648
1128,1183,RegionE,113.03
1128,1183,RegionF,77.8982601262329
1128,1184,RegionA,23.1748604778003
1128,1184,RegionB,23.132667
1128,1184,RegionC,27.75922553348
1128,1184,RegionD,56.2009868624871
1128,1184,RegionE,101.136944444444
1128,1184,RegionF,74.1189267928998
1128,1185,RegionA,23.0725271444666
1128,1185,RegionB,29.8791126575168
1128,1185,RegionC,38.3513781828925
1128,1185,RegionD,47.3707774444466
1128,1185,RegionE,91.1283404991457
1128,1185,RegionF,72.4616696270883
1128,1186,RegionA,34.6150475822621
1128,1186,RegionB,34.2516092915042
1128,1186,RegionC,50.128
1128,1186,RegionD,58.3181107777799
1128,1186,RegionE,96.6818594511511
1128,1186,RegionF,65.6442617861944
1128,1187,RegionA,64.116
1128,1187,RegionB,38.13
1128,1187,RegionC,66.157667
1128,1187,RegionD,101.363444111112
1128,1187,RegionE,157.945
1128,1187,RegionF,54.9217777777774
1128,1188,RegionA,56.8890303712992
1128,1188,RegionB,23.672980983767
1128,1188,RegionC,63.2239369986354
1128,1188,RegionD,63.2299127574114
1128,1188,RegionE,123.092666666666
1128,1188,RegionF,38.9644444444452
1128,1189,RegionA,43.8349610227999
1128,1189,RegionB,17.2755604078437
1128,1189,RegionC,66.5515484710628
1128,1189,RegionD,50.2629440831283
1128,1189,RegionE,100.721180459608
1128,1189,RegionF,34.4035555555556
1128,1190,RegionA,33.8912627197537
1128,1190,RegionB,31.4793122103555
1128,1190,RegionC,70.4240748076445
1128,1190,RegionD,55.4414437218125
1128,1190,RegionE,84.2831009848774
1128,1190,RegionF,52.8749444444448
1128,1191,RegionA,41.6512627197555
1128,1191,RegionB,50.0553596015385
1128,1191,RegionC,80.70475
1128,1191,RegionD,92.1286378049408
1128,1191,RegionE,67.465323207099
1128,1191,RegionF,74.2146111111116
1128,1192,RegionA,29.3078569740338
1128,1192,RegionB,47.7428306106887
1128,1192,RegionC,73.602663855264
1128,1192,RegionD,95.0685266938293
1128,1192,RegionE,49.3370107550734
1128,1192,RegionF,40.9281111111115
1128,1193,RegionA,20.9308333333332
1128,1193,RegionB,41.9571627309499
1128,1193,RegionC,69.8819491630125
1128,1193,RegionD,123.212499217149
1128,1193,RegionE,29.4385555555554
1128,1193,RegionF,14.6122777777766
1128,1194,RegionA,28.4005
1128,1194,RegionB,37.3535149206141
1128,1194,RegionC,77.1656244500302
1128,1194,RegionD,151.598916184912
1128,1194,RegionE,16.2426666666667
1128,1194,RegionF,8.68827777777785
1128,1195,RegionA,42.5851666666668
1128,1195,RegionB,84.0772499999999
1128,1195,RegionC,83.3223333333334
1128,1195,RegionD,229.211333333333
1128,1195,RegionE,10.2659999999998
1128,1195,RegionF,9.62494444444452
1128,1196,RegionA,32.0775747527631
1128,1196,RegionB,65.0483200647814
1128,1196,RegionC,69.9386048211385
1128,1196,RegionD,165.030055916869
1128,1196,RegionE,4.29799999999974
1128,1196,RegionF,4.49749999999996
1128,1197,RegionA,35.1251495055265
1128,1197,RegionB,63.6867949845048
1128,1197,RegionC,54.9912770095593
1128,1197,RegionD,122.371000722631
1128,1197,RegionE,1.57466666666666
1128,1197,RegionF,3.12999999999996
1128,1198,RegionA,44.4285575916231
1128,1198,RegionB,82.0525164824514
1128,1198,RegionC,43.3080764968355
1128,1198,RegionD,93.2358494290897
1128,1198,RegionE,1.76666666666672
1128,1198,RegionF,4.27666666666658
1128,1199,RegionA,54.0487407407407
1128,1199,RegionB,88.5931666666666
1128,1199,RegionC,30.2104934645984
1128,1199,RegionD,98.4565435724382
1128,1199,RegionE,32.6866666666667
1128,1199,RegionF,29.5666666666666
1152,1176,RegionA,63.1974660919536
1152,1176,RegionB,44.7399166666672
1152,1176,RegionC,39.9304339080453
1152,1176,RegionD,134.479634772586
1152,1176,RegionE,14.6833333333334
1152,1176,RegionF,22.7730485607485
1152,1177,RegionA,53.0877655172394
1152,1177,RegionB,41.28
1152,1177,RegionC,24.1413678160922
1152,1177,RegionD,170.612436211838
1152,1177,RegionE,20.9710277777778
1152,1177,RegionF,29.625347121497
1152,1178,RegionA,34.901333
1152,1178,RegionB,35.2464526333338
1152,1178,RegionC,22.267
1152,1178,RegionD,199.890200015575
1152,1178,RegionE,40.9780251600203
1152,1178,RegionF,63.7549336355176
1152,1179,RegionA,45.933333
1152,1179,RegionB,39.8160000000006
1152,1179,RegionC,20.750333
1152,1179,RegionD,225.823
1152,1179,RegionE,121.539732831206
1152,1179,RegionF,131.29254561324
1152,1180,RegionA,28.9748669080466
1152,1180,RegionB,25.6086670000006
1152,1180,RegionC,10.4468990919538
1152,1180,RegionD,176.752365227413
1152,1180,RegionE,81.1782883867626
1152,1180,RegionF,74.2849133858268
1152,1181,RegionA,22.4625674827598
1152,1181,RegionB,18.8392392666674
1152,1181,RegionC,7.24696518390783
1152,1181,RegionD,142.853166769589
1152,1181,RegionE,47.8247699319965
1152,1181,RegionF,79.6999302539709
1152,1182,RegionA,21.8345833333341
1152,1182,RegionB,14.5655944888904
1152,1182,RegionC,14.9590774555554
1152,1182,RegionD,117.023933654737
1152,1182,RegionE,23.9783110674815
1152,1182,RegionF,94.7636666666666
1152,1183,RegionA,30.338333
1152,1183,RegionB,28.7479999999977
1152,1183,RegionC,22.454
1152,1183,RegionD,136.232639222223
1152,1183,RegionE,15.8240277777776
1152,1183,RegionF,152.191
1152,1184,RegionA,28.1621122333339
1152,1184,RegionB,20.7328499083311
1152,1184,RegionC,28.7294237805556
1152,1184,RegionD,81.5725863000021
1152,1184,RegionE,20.3198611111111
1152,1184,RegionF,132.694777777778
1152,1185,RegionA,28.0831581555556
1152,1185,RegionB,25.0641248605526
1152,1185,RegionC,39.1441364277776
1152,1185,RegionD,65.2316083338919
1152,1185,RegionE,37.792333333333
1152,1185,RegionF,109.076444444445
1152,1186,RegionA,39.8638429666669
1152,1186,RegionB,31.5205068747203
1152,1186,RegionC,50.1280000000002
1152,1186,RegionD,72.9680636366641
1152,1186,RegionE,69.7524754108385
1152,1186,RegionF,75.4059999999994
1152,1187,RegionA,64.116
1152,1187,RegionB,38.129999999999
1152,1187,RegionC,61.7662523466768
1152,1187,RegionD,116.242858764436
1152,1187,RegionE,157.945
1152,1187,RegionF,44.4337777777759
1152,1188,RegionA,59.2516666666664
1152,1188,RegionB,27.4041946846574
1152,1188,RegionC,56.1389164507433
1152,1188,RegionD,67.8616705714479
1152,1188,RegionE,142.500079404266
1152,1188,RegionF,15.9164444444437
1152,1189,RegionA,41.4755301659245
1152,1189,RegionB,22.9894319406154
1152,1189,RegionC,59.9623499627164
1152,1189,RegionD,41.2343222171026
1152,1189,RegionE,139.240382380307
1152,1189,RegionF,8.147733333332
1152,1190,RegionA,26.1254423324061
1152,1190,RegionB,27.9291297201623
1152,1190,RegionC,70.4068383901986
1152,1190,RegionD,40.1641173350097
1152,1190,RegionE,159.003
1152,1190,RegionF,4.76561111111118
1152,1191,RegionA,33.8620630768525
1152,1191,RegionB,45.1188008984538
1152,1191,RegionC,80.7047500000019
1152,1191,RegionD,74.4807193580252
1152,1191,RegionE,155.763
1152,1191,RegionF,16.2906111111112
1152,1192,RegionA,23.3268504879627
1152,1192,RegionB,50.0331048996245
1152,1192,RegionC,66.0843006855511
1152,1192,RegionD,81.3677253409463
1152,1192,RegionE,102.238907474804
1152,1192,RegionF,12.9361111111112
1152,1193,RegionA,20.9444712324072
1152,1193,RegionB,46.7790504250753
1152,1193,RegionC,72.3218765999068
1152,1193,RegionD,100.326629035805
1152,1193,RegionE,49.8501920856325
1152,1193,RegionF,9.81105839894904
1152,1194,RegionA,29.3808333333333
1152,1194,RegionB,49.1951894543584
1152,1194,RegionC,82.7890000000011
1152,1194,RegionD,107.527526747741
1152,1194,RegionE,38.154667
1152,1194,RegionF,12.4022834645665
1152,1195,RegionA,91.1631666666666
1152,1195,RegionB,84.0772499999993
1152,1195,RegionC,83.3223333333339
1152,1195,RegionD,130.540107691467
1152,1195,RegionE,45.2726615561272
1152,1195,RegionF,24.711508530183
1152,1196,RegionA,74.4737563360538
1152,1196,RegionB,78.8882671445161
1152,1196,RegionC,57.865382245754
1152,1196,RegionD,77.9205271098013
1152,1196,RegionE,32.7838960461987
1152,1196,RegionF,18.9582266732278
1152,1197,RegionA,66.8017199445756
1152,1197,RegionB,74.5050445978658
1152,1197,RegionC,47.5599366851243
1152,1197,RegionD,53.3226456891258
1152,1197,RegionE,23.628707031252
1152,1197,RegionF,15.0608349409445
1152,1198,RegionA,79.5515847937124
1152,1198,RegionB,75.1327220945319
1152,1198,RegionC,39.6463911220862
1152,1198,RegionD,50.0540926392916
1152,1198,RegionE,12.8619328083827
1152,1198,RegionF,11.821609875328
1152,1199,RegionA,82.8933234498856
1152,1199,RegionB,88.5931666666667
1152,1199,RegionC,38.254507079684
1152,1199,RegionD,70.4160480356326
1152,1199,RegionE,34.1585658792414
1152,1199,RegionF,19.2466666666667
1152,1200,RegionA,53.6623560027194
1152,1200,RegionB,83.7201385125115
1152,1200,RegionC,36.6010929675315
1152,1200,RegionD,57.7300688602171
1152,1200,RegionE,32.4505658792415
1152,1200,RegionF,8.86866666666742
1152,1201,RegionA,34.651333
1152,1201,RegionB,79.3110458486682
1152,1201,RegionC,39.7183344505518
1152,1201,RegionD,60.8523597104288
1152,1201,RegionE,46.0585658792413
1152,1201,RegionF,5.28566666666667
1152,1202,RegionA,31.604
1152,1202,RegionB,62.264
1152,1202,RegionC,36.527667
1152,1202,RegionD,67.1518041548732
1152,1202,RegionE,74.1376121784592
1152,1202,RegionF,6.78999999999996
1152,1203,RegionA,23.268333
1152,1203,RegionB,57.1680000000009
1152,1203,RegionC,36.3959999999992
1152,1203,RegionD,126.007250333337
1152,1203,RegionE,158.419999999995
1152,1203,RegionF,14.4249999999999
1152,1204,RegionA,14.240031101632
1152,1204,RegionB,51.4016418360752
1152,1204,RegionC,24.9774888219449
1152,1204,RegionD,123.140186648049
1152,1204,RegionE,127.630790481188
1152,1204,RegionF,12.8366666666666
1152,1205,RegionA,13.4719295846661
1152,1205,RegionB,46.9987449446893
1152,1205,RegionC,20.393333
1152,1205,RegionD,113.474353581756
1152,1205,RegionE,101.426666666666
1152,1205,RegionF,13.4802222222227
1152,1206,RegionA,24.2308124940524
1152,1206,RegionB,43.7468010302561
1152,1206,RegionC,21.5451183711425
1152,1206,RegionD,131.79645338664
1152,1206,RegionE,83.4176666666662
1152,1206,RegionF,45.4831202734695
1152,1207,RegionA,49.7090000000054
1152,1207,RegionB,42.705333
1152,1207,RegionC,21.5186670000021
1152,1207,RegionD,135.205676119725
1152,1207,RegionE,77.7330000000003
1152,1207,RegionF,74.7744627691601
1152,1208,RegionA,49.376667
1152,1208,RegionB,33.3958175298146
1152,1208,RegionC,21.9134539730667
1152,1208,RegionD,100.24857095018
1152,1208,RegionE,42.3984444444451
1152,1208,RegionF,73.7319072136039
1152,1209,RegionA,45.938667
1152,1209,RegionB,20.7979054816474
1152,1209,RegionC,21.7356670000025
1152,1209,RegionD,73.2379644158559
1152,1209,RegionE,13.9658333333335
1152,1209,RegionF,79.6635738802702
1152,1210,RegionA,49.381333
1152,1210,RegionB,24.8947517762688
1152,1210,RegionC,26.2450001666679
1152,1210,RegionD,88.0471745101245
1152,1210,RegionE,9.53416666666674
1152,1210,RegionF,77.5625461024919
1152,1211,RegionA,62.8940595067161
1152,1211,RegionB,52.328667
1152,1211,RegionC,27.758
1152,1211,RegionD,150.683662382172
1152,1211,RegionE,12.6171666666668
1152,1211,RegionF,150.192749999999
1152,1212,RegionA,50.6298630720274
1152,1212,RegionB,41.799417
1152,1212,RegionC,19.5371897634671
1152,1212,RegionD,124.155455993529
1152,1212,RegionE,9.88583333333297
1152,1212,RegionF,123.584685282086
1152,1213,RegionA,42.9276362339253
1152,1213,RegionB,36.5820716557876
1152,1213,RegionC,28.170025370053
1152,1213,RegionD,92.936332965825
1152,1213,RegionE,8.57833333333296
1152,1213,RegionF,110.674767107742
1152,1214,RegionA,36.5844359481293
1152,1214,RegionB,35.4199992526533
1152,1214,RegionC,46.3797980589877
1152,1214,RegionD,61.3418885213831
1152,1214,RegionE,9.66555555555547
1152,1214,RegionF,103.81518377441
1152,1215,RegionA,41.6419095848653
1152,1215,RegionB,56.6776290467025
1152,1215,RegionC,79.554333333335
1152,1215,RegionD,76.9303331495784
1152,1215,RegionE,34.0640555555558
1152,1215,RegionF,80.6331837744098
1152,1216,RegionA,30.791015497911
1152,1216,RegionB,56.4191663531017
1152,1216,RegionC,72.1755232634699
1152,1216,RegionD,43.2418888888881
1152,1216,RegionE,25.2190555555554
1152,1216,RegionF,62.2965171077416
1152,1217,RegionA,32.5209489376212
1152,1217,RegionB,45.8894567343013
1152,1217,RegionC,74.1166914062492
1152,1217,RegionD,44.8179814814803
1152,1217,RegionE,21.5155555555555
1152,1217,RegionF,31.6084492181243
1152,1218,RegionA,52.6487321306261
1152,1218,RegionB,48.8081787230622
1152,1218,RegionC,77.8639317389074
1152,1218,RegionD,58.4080907793443
1152,1218,RegionE,20.181222222223
1152,1218,RegionF,14.499761072507
1152,1219,RegionA,88.8294999999999
1152,1219,RegionB,86.0777500000011
1152,1219,RegionC,82.5640000000038
1152,1219,RegionD,72.1713667438742
1152,1219,RegionE,20.49538888889
1152,1219,RegionF,8.60852214501259
1152,1220,RegionA,76.7951915769245
1152,1220,RegionB,73.9043422566949
1152,1220,RegionC,76.1460991002409
1152,1220,RegionD,51.1275611883185
1152,1220,RegionE,6.93483333333336
1152,1220,RegionF,13.7449169889371
1152,1221,RegionA,90.8351666666699
1152,1221,RegionB,54.5865085838732
1152,1221,RegionC,53.246188945905
1152,1221,RegionD,52.6731850818127
1152,1221,RegionE,1.65833333333319
1152,1221,RegionF,23.8727562773069
1152,1222,RegionA,91.9031666666729
1152,1222,RegionB,35.7070854904105
1152,1222,RegionC,48.2561251586566
1152,1222,RegionD,85.7906669999989
1152,1222,RegionE,0.521666666666692
1152,1222,RegionF,70.7467890176144
1152,1223,RegionA,94.9095000000101
1152,1223,RegionB,17.6258410497095
1152,1223,RegionC,43.9536376811714
1152,1223,RegionD,205.880576824677
1152,1223,RegionE,1.33000000000006
1152,1223,RegionF,149.682500000011
1176,1200,RegionA,48.1459996666651
1176,1200,RegionB,70.2647159010972
1176,1200,RegionC,33.132731577829
1176,1200,RegionD,91.2205104918424
1176,1200,RegionE,63.4483333333332
1176,1200,RegionF,21.5267090292323
1176,1201,RegionA,34.651333
1176,1201,RegionB,74.5794996666661
1176,1201,RegionC,37.4430062356335
1176,1201,RegionD,121.225326372573
1176,1201,RegionE,78.8162499999998
1176,1201,RegionF,47.3218347251304
1176,1202,RegionA,23.3793329999993
1176,1202,RegionB,53.3019720555549
1176,1202,RegionC,36.527667
1176,1202,RegionD,147.757928634529
1176,1202,RegionE,97.0589166666653
1176,1202,RegionF,77.7547104210286
1176,1203,RegionA,23.268333
1176,1203,RegionB,57.168
1176,1203,RegionC,36.396
1176,1203,RegionD,222.644858660851
1176,1203,RegionE,154.53025
1176,1203,RegionF,117.615030561371
1176,1204,RegionA,22.9713793941853
1176,1204,RegionB,31.106663507235
1176,1204,RegionC,21.3394120667446
1176,1204,RegionD,180.635847803797
1176,1204,RegionE,140.558583333334
1176,1204,RegionF,93.2565305613707
1176,1205,RegionA,26.2906760605939
1176,1205,RegionB,20.1897683916674
1176,1205,RegionC,16.4474476868477
1176,1205,RegionD,146.758466188408
1176,1205,RegionE,113.997555555557
1176,1205,RegionF,83.0261694502598
1176,1206,RegionA,30.1286297441857
1176,1206,RegionB,23.0523423191864
1176,1206,RegionC,18.8353102945735
1176,1206,RegionD,143.969838018694
1176,1206,RegionE,94.9676666666667
1176,1206,RegionF,96.3851851789181
1176,1207,RegionA,49.709
1176,1207,RegionB,32.137231710594
1176,1207,RegionC,21.518667
1176,1207,RegionD,135.088041806387
1176,1207,RegionE,93.0030000000008
1176,1207,RegionF,101.592198371908
1176,1208,RegionA,41.3151035224811
1176,1208,RegionB,35.9198983772608
1176,1208,RegionC,23.0205469108528
1176,1208,RegionD,97.7747674022852
1176,1208,RegionE,52.8284444444456
1176,1208,RegionF,86.1041004537874
1176,1209,RegionA,23.8459071782942
1176,1209,RegionB,35.5434821804053
1176,1209,RegionC,21.735667
1176,1209,RegionD,79.2358299945222
1176,1209,RegionE,26.3034888888888
1176,1209,RegionF,73.2665692023336
1176,1210,RegionA,25.1085738449614
1176,1210,RegionB,43.0745382057713
1176,1210,RegionC,23.3650001666667
1176,1210,RegionD,96.2906100048222
1176,1210,RegionE,26.6541666666667
1176,1210,RegionF,61.1720833333331
1176,1211,RegionA,28.8095010760985
1176,1211,RegionB,52.328667
1176,1211,RegionC,27.758
1176,1211,RegionD,182.526887479456
1176,1211,RegionE,48.1558333333326
1176,1211,RegionF,116.895416666667
1176,1212,RegionA,21.4346308202846
1176,1212,RegionB,39.2984539224807
1176,1212,RegionC,17.3516432945737
1176,1212,RegionD,153.600633073772
1176,1212,RegionE,36.8644999999987
1176,1212,RegionF,101.042583333333
1176,1213,RegionA,19.0703333333333
1176,1213,RegionB,31.7457514094312
1176,1213,RegionC,18.1070696162792
1176,1213,RegionD,119.870095640956
1176,1213,RegionE,28.8183333333335
1176,1213,RegionF,102.257583333333
1176,1214,RegionA,16.1549999999999
1176,1214,RegionB,26.0022958068945
1176,1214,RegionC,30.3457267045144
1176,1214,RegionD,87.8802830441489
1176,1214,RegionE,21.5055555555555
1176,1214,RegionF,111.318000000002
1176,1215,RegionA,29.255485130087
1176,1215,RegionB,20.2102397815285
1176,1215,RegionC,79.5543333333333
1176,1215,RegionD,98.9213306439383
1176,1215,RegionE,41.5627222222237
1176,1215,RegionF,99.9973333333336
1176,1216,RegionA,25.282485130088
1176,1216,RegionB,15.305267089496
1176,1216,RegionC,71.8619767945734
1176,1216,RegionD,60.1250487636198
1176,1216,RegionE,28.4090555555554
1176,1216,RegionF,89.1593333333332
1176,1217,RegionA,28.7882073523102
1176,1217,RegionB,8.46808333333301
1176,1217,RegionC,74.2371892430231
1176,1217,RegionD,47.5349367379987
1176,1217,RegionE,31.2022222222222
1176,1217,RegionF,60.2384444444431
1176,1218,RegionA,31.9058740189769
1176,1218,RegionB,9.07974999999995
1176,1218,RegionC,79.9767860505768
1176,1218,RegionD,64.4343348134862
1176,1218,RegionE,37.2545555555563
1176,1218,RegionF,49.7586162280722
1176,1219,RegionA,34.4446342695647
1176,1219,RegionB,17.9610833333334
1176,1219,RegionC,82.564
1176,1219,RegionD,107.228522163183
1176,1219,RegionE,74.1980555555566
1176,1219,RegionF,42.3502324561426
1176,1220,RegionA,15.5210555555556
1176,1220,RegionB,14.5437499999999
1176,1220,RegionC,72.9440300522893
1176,1220,RegionD,91.4492097137917
1176,1220,RegionE,78.559777777778
1176,1220,RegionF,25.6351213450312
1176,1221,RegionA,23.5058333333333
1176,1221,RegionB,13.2830000000001
1176,1221,RegionC,44.5445484425575
1176,1221,RegionD,94.375580212412
1176,1221,RegionE,81.2217222222226
1176,1221,RegionF,19.9414546783641
1176,1222,RegionA,30.7738333333334
1176,1222,RegionB,14.4270000000001
1176,1222,RegionC,45.8484279439376
1176,1222,RegionD,106.933895155476
1176,1222,RegionE,92.6946666666661
1176,1222,RegionF,42.2476769005863
1176,1223,RegionA,35.5508333333333
1176,1223,RegionB,13.3763333333336
1176,1223,RegionC,46.2320296675395
1176,1223,RegionD,164.779412577155
1176,1223,RegionE,157.63
1176,1223,RegionF,95.8134466441932
1176,1224,RegionA,33.1594999999999
1176,1224,RegionB,13.2106666666669
1176,1224,RegionC,35.25642283101
1176,1224,RegionD,154.46186423581
1176,1224,RegionE,124.014666666666
1176,1224,RegionF,84.9604907109574
1176,1225,RegionA,26.7036666666664
1176,1225,RegionB,21.2682777777781
1176,1225,RegionC,26.554667
1176,1225,RegionD,141.880458517114
1176,1225,RegionE,94.2331111111108
1176,1225,RegionF,67.6346522606632
1176,1226,RegionA,23.1049999999998
1176,1226,RegionB,31.8531498333336
1176,1226,RegionC,22.4136773737918
1176,1226,RegionD,110.856366938154
1176,1226,RegionE,83.9809527777786
1176,1226,RegionF,57.8121030769407
1176,1227,RegionA,21.6457777777774
1176,1227,RegionB,52.8453552222225
1176,1227,RegionC,25.925
1176,1227,RegionD,111.825846606203
1176,1227,RegionE,127.869083983524
1176,1227,RegionF,51.4443252991623
1176,1228,RegionA,20.8392783758626
1176,1228,RegionB,45.6097774444448
1176,1228,RegionC,25.5227254560907
1176,1228,RegionD,78.8948649964742
1176,1228,RegionE,92.4690284279676
1176,1228,RegionF,43.0444364102733
1176,1229,RegionA,23.0434456406144
1176,1229,RegionB,36.078333
1176,1229,RegionC,23.5291509121812
1176,1229,RegionD,70.5792234123928
1176,1229,RegionE,84.0200839835232
1176,1229,RegionF,38.2414297179566
1176,1230,RegionA,27.5101684609217
1176,1230,RegionB,30.509333
1176,1230,RegionC,24.033667
1176,1230,RegionD,69.9944225555563
1176,1230,RegionE,84.8482978724116
1176,1230,RegionF,45.581555555555
1176,1231,RegionA,39.1670457446561
1176,1231,RegionB,40.392333
1176,1231,RegionC,36
1176,1231,RegionD,108.278589222221
1176,1231,RegionE,114.757893144231
1176,1231,RegionF,95.9711111111111
1176,1232,RegionA,36.1891568557674
1176,1232,RegionB,35.0107278794173
1176,1232,RegionC,34.695333
1176,1232,RegionD,91.0041711537023
1176,1232,RegionE,76.78488888889
1176,1232,RegionF,93.2556111111117
1176,1233,RegionA,31.6505547846751
1176,1233,RegionB,20.5799971355617
1176,1233,RegionC,42.7439604260605
1176,1233,RegionD,98.0084320981469
1176,1233,RegionE,75.9000000000007
1176,1233,RegionF,87.5731666666667
1176,1234,RegionA,26.137333
1176,1234,RegionB,13.1937506666666
1176,1234,RegionC,50.669333
1176,1234,RegionD,118.74725
1176,1234,RegionE,87.9689166666667
1176,1234,RegionF,99.3544999999997
1176,1235,RegionA,22.2152288857455
1176,1235,RegionB,24.3640488920328
1176,1235,RegionC,80.0166666666666
1176,1235,RegionD,165.913583333334
1176,1235,RegionE,109.672416666667
1176,1235,RegionF,150.745166666667
1176,1236,RegionA,15.6932419359773
1176,1236,RegionB,19.1092981922444
1176,1236,RegionC,53.8539043162228
1176,1236,RegionD,127.043166666668
1176,1236,RegionE,80.4678055555547
1176,1236,RegionF,107.55816666667
1176,1237,RegionA,16.4191857823364
1176,1237,RegionB,11.6799295976078
1176,1237,RegionC,37.5927735089455
1176,1237,RegionD,97.1029999999979
1176,1237,RegionE,63.0485277777783
1176,1237,RegionF,88.9851666666669
1176,1238,RegionA,19.6836367272988
1176,1238,RegionB,11.0651428664266
1176,1238,RegionC,28.3247849888444
1176,1238,RegionD,78.3728888888891
1176,1238,RegionE,50.3089444444449
1176,1238,RegionF,79.6212131952067
1176,1239,RegionA,25.2045721317245
1176,1239,RegionB,9.6202381001357
1176,1239,RegionC,37.9868744888356
1176,1239,RegionD,138.652388888891
1176,1239,RegionE,55.3289444444438
1176,1239,RegionF,113.373093057082
1176,1240,RegionA,21.2631742028169
1176,1240,RegionB,6.25133333384492
1176,1240,RegionC,41.8895105173674
1176,1240,RegionD,116.553333333334
1176,1240,RegionE,22.4046666666659
1176,1240,RegionF,100.370315279303
1176,1241,RegionA,23.9723870263156
1176,1241,RegionB,9.68230592472978
1176,1241,RegionC,60.7437417696511
1176,1241,RegionD,88.6678055555549
1176,1241,RegionE,18.9466666666667
1176,1241,RegionF,92.6047597237492
1176,1242,RegionA,29.9281496063923
1176,1242,RegionB,26.6635974068096
1176,1242,RegionC,70.7972432630501
1176,1242,RegionD,86.7611388888891
1176,1242,RegionE,21.7093333333332
1176,1242,RegionF,75.0912597237472
1176,1243,RegionA,36.4745788531363
1176,1243,RegionB,85.5053333333334
1176,1243,RegionC,84.53
1176,1243,RegionD,92.0554722222217
1176,1243,RegionE,20.0830833333331
1176,1243,RegionF,55.8151155913041
1176,1244,RegionA,29.0940788531361
1176,1244,RegionB,79.8238888888887
1176,1244,RegionC,82.7678798618741
1176,1244,RegionD,58.5440833333331
1176,1244,RegionE,9.76874999999976
1176,1244,RegionF,32.6837912849878
1176,1245,RegionA,31.8878746288829
1176,1245,RegionB,87.1533432500008
1176,1245,RegionC,83.236
1176,1245,RegionD,59.4856686319484
1176,1245,RegionE,11.9265813680504
1176,1245,RegionF,32.6900043433385
1176,1246,RegionA,37.6264204046295
1176,1246,RegionB,83.1174974676973
1176,1246,RegionC,81.310339386915
1176,1246,RegionD,76.6691824290898
1176,1246,RegionE,35.8357460694341
1176,1246,RegionF,44.7123420200102
1176,1247,RegionA,39.9430747507125
1176,1247,RegionB,74.169333
1176,1247,RegionC,82.6
1176,1247,RegionD,125.435091843473
1176,1247,RegionE,66.2224873757981
1176,1247,RegionF,89.1315130300154
1224,1248,RegionA,47.4761944444442
1224,1248,RegionB,40.5370416666667
1224,1248,RegionC,47.8912084166663
1224,1248,RegionD,114.928138805555
1224,1248,RegionE,32.8189999999999
1224,1248,RegionF,78.4705
1224,1249,RegionA,31.9326388888896
1224,1249,RegionB,43.168
1224,1249,RegionC,21.8570001666671
1224,1249,RegionD,135.172833166669
1224,1249,RegionE,45.0015833333332
1224,1249,RegionF,84.2617500000001
1224,1250,RegionA,21.66
1224,1250,RegionB,58.9516473299311
1224,1250,RegionC,21.1327085833335
1224,1250,RegionD,181.813361093876
1224,1250,RegionE,49.4522500000001
1224,1250,RegionF,95.7357552150856
1224,1251,RegionA,32.306
1224,1251,RegionB,59.710333
1224,1251,RegionC,22.835667
1224,1251,RegionD,226.6775
1224,1251,RegionE,79.1850451253868
1224,1251,RegionF,100.078427096837
1224,1252,RegionA,23.9894320803249
1224,1252,RegionB,33.551102336735
1224,1252,RegionC,22.0215020465276
1224,1252,RegionD,184.317241314189
1224,1252,RegionE,65.9099340142758
1224,1252,RegionF,55.1705937635033
1224,1253,RegionA,26.1390206421313
1224,1253,RegionB,29.4560626790496
1224,1253,RegionC,25.8072884013886
1224,1253,RegionD,150.631517166318
1224,1253,RegionE,56.1719062364983
1224,1253,RegionF,50.098010430171
1224,1254,RegionA,36.2797120603033
1224,1254,RegionB,37.387401658969
1224,1254,RegionC,34.2030469784721
1224,1254,RegionD,150.723063259238
1224,1254,RegionE,46.5088489461828
1224,1254,RegionF,54.378677096838
1224,1255,RegionA,52.1752590340277
1224,1255,RegionB,46.357333
1224,1255,RegionC,44.672
1224,1255,RegionD,155.949701620951
1224,1255,RegionE,38.5984444444435
1224,1255,RegionF,89.1331507894658
1224,1256,RegionA,49.250443293287
1224,1256,RegionB,44.5368329999992
1224,1256,RegionC,44.6817013083334
1224,1256,RegionD,107.661126823998
1224,1256,RegionE,23.2008888888885
1224,1256,RegionF,74.48914557438
1224,1257,RegionA,53.1440121223729
1224,1257,RegionB,39.9841734390888
1224,1257,RegionC,44.065333
1224,1257,RegionD,76.7370369940922
1224,1257,RegionE,19.9659999999995
1224,1257,RegionF,65.8782222222221
1224,1258,RegionA,55.302667
1224,1258,RegionB,33.912
1224,1258,RegionC,46.0351470420545
1224,1258,RegionD,80.8203804023891
1224,1258,RegionE,20.5909999999995
1224,1258,RegionF,46.6063333333345
1224,1259,RegionA,50.5671764147649
1224,1259,RegionB,34.484333
1224,1259,RegionC,47.35
1224,1259,RegionD,101.904685029679
1224,1259,RegionE,72.5943333333329
1224,1259,RegionF,53.7851666666686
1224,1260,RegionA,29.8306516227568
1224,1260,RegionB,22.4222785809904
1224,1260,RegionC,35.8357302689764
1224,1260,RegionD,73.2266450828323
1224,1260,RegionE,56.1533333333331
1224,1260,RegionF,27.5696111111114
1224,1261,RegionA,17.3203979089698
1224,1261,RegionB,13.2181854243635
1224,1261,RegionC,40.4808880206242
1224,1261,RegionD,67.5527786460428
1224,1261,RegionE,36.6203333333334
1224,1261,RegionF,16.1133333333333
1224,1262,RegionA,23.7643979089698
1224,1262,RegionB,12.7936854243635
1224,1262,RegionC,53.9920208332046
1224,1262,RegionD,63.3004791667952
1224,1262,RegionE,40.9729166666666
1224,1262,RegionF,17.9139999999997
1224,1263,RegionA,40.9703390895291
1224,1263,RegionB,30.834175667367
1224,1263,RegionC,77.5355
1224,1263,RegionD,81.1969019097702
1224,1263,RegionE,53.5865833333353
1224,1263,RegionF,30.9424999999995
1224,1264,RegionA,41.0168892460605
1224,1264,RegionB,18.6865551774094
1224,1264,RegionC,74.0544722431989
1224,1264,RegionD,64.7944444444446
1224,1264,RegionE,27.7235833333338
1224,1264,RegionF,20.8030555555569
1224,1265,RegionA,49.0243910622524
1224,1265,RegionB,12.9826774722312
1224,1265,RegionC,73.8242333378507
1224,1265,RegionD,61.9778092387767
1224,1265,RegionE,19.5556944444444
1224,1265,RegionF,6.71372222222203
1224,1266,RegionA,56.2342866882391
1224,1266,RegionB,37.4131448319492
1224,1266,RegionC,77.9751722244808
1224,1266,RegionD,78.9341740331075
1224,1266,RegionE,17.8085555555554
1224,1266,RegionF,6.21313888888881
1224,1267,RegionA,79.4825434253361
1224,1267,RegionB,88.483278858334
1224,1267,RegionC,82.0785000000001
1224,1267,RegionD,112.427205494105
1224,1267,RegionE,23.6685555555556
1224,1267,RegionF,6.00508333333329
1224,1268,RegionA,60.1265124746479
1224,1268,RegionB,88.3926666666666
1224,1268,RegionC,78.0908402085524
1224,1268,RegionD,60.1907862056899
1224,1268,RegionE,20.2494444444444
1224,1268,RegionF,3.94416666666674
1224,1269,RegionA,34.2179563777347
1224,1269,RegionB,88.9166666666667
1224,1269,RegionC,76.1968747638976
1224,1269,RegionD,31.6827521917019
1224,1269,RegionE,18.4208888888889
1224,1269,RegionF,4.17083333333342
1224,1270,RegionA,19.6570607043133
1224,1270,RegionB,87.8666666666667
1224,1270,RegionC,76.76648796924
1224,1270,RegionD,31.2131457708936
1224,1270,RegionE,25.9559684987917
1224,1270,RegionF,25.6360037234307
1224,1271,RegionA,52.6905087439656
1224,1271,RegionB,83.6786594975054
1224,1271,RegionC,81.0598333333332
1224,1271,RegionD,71.6582294972588
1224,1271,RegionE,65.5195670366313
1224,1271,RegionF,46.0178407801945
1224,1272,RegionA,49.7456069739572
1224,1272,RegionB,66.5478293265834
1224,1272,RegionC,58.880562721276
1224,1272,RegionD,68.3583431613587
1224,1272,RegionE,53.9166781477411
1224,1272,RegionF,26.4860907801942
1224,1273,RegionA,41.9561024834432
1224,1273,RegionB,54.324
1224,1273,RegionC,37.9140145685036
1224,1273,RegionD,79.2471665523834
1224,1273,RegionE,50.1226781477428
1224,1273,RegionF,29.6339826923724
1224,1274,RegionA,37.98
1224,1274,RegionB,55.889333
1224,1274,RegionC,21.286667
1224,1274,RegionD,103.552033750795
1224,1274,RegionE,46.4077027557664
1224,1274,RegionF,46.2812079378837
1224,1275,RegionA,26.696
1224,1275,RegionB,53.045333
1224,1275,RegionC,20.834667
1224,1275,RegionD,144.77878692909
1224,1275,RegionE,42.8577165335086
1224,1275,RegionF,68.6652187596229
1224,1276,RegionA,17.8380605921252
1224,1276,RegionB,32.8730978979461
1224,1276,RegionC,17.3906485199888
1224,1276,RegionD,115.120257696808
1224,1276,RegionE,22.8675813680503
1224,1276,RegionF,58.4176317028601
1224,1277,RegionA,13.995271838633
1224,1277,RegionB,28.1736112222219
1224,1277,RegionC,16.1848425988597
1224,1277,RegionD,100.548005713822
1224,1277,RegionE,20.7723151121529
1224,1277,RegionF,48.8483424032015
1224,1278,RegionA,23.2107501666666
1224,1278,RegionB,37.8241389444444
1224,1278,RegionC,13.285124197531
1224,1278,RegionD,127.540481493501
1224,1278,RegionE,29.0136916305843
1224,1278,RegionF,41.57498023394
1224,1279,RegionA,48.660667
1224,1279,RegionB,49.415
1224,1279,RegionC,27.2166666666669
1224,1279,RegionD,200.654182825953
1224,1279,RegionE,50.7231729633975
1224,1279,RegionF,46.8195327662049
1224,1280,RegionA,47.5650003333332
1224,1280,RegionB,44.8115
1224,1280,RegionC,22.762
1224,1280,RegionD,163.562747701528
1224,1280,RegionE,44.5520000000008
1224,1280,RegionF,27.1368908540271
1224,1281,RegionA,48.3475003333334
1224,1281,RegionB,41.8149387888895
1224,1281,RegionC,19.0107774444442
1224,1281,RegionD,141.5074501
1224,1281,RegionE,38.7034444444451
1224,1281,RegionF,28.4943055555549
1224,1282,RegionA,56.7065710234577
1224,1282,RegionB,37.868667
1224,1282,RegionC,23.559333
1224,1282,RegionD,124.822234532099
1224,1282,RegionE,44.6617777777782
1224,1282,RegionF,46.8702499999997
1224,1283,RegionA,62.0937250469138
1224,1283,RegionB,52.9450618777776
1224,1283,RegionC,27.132333
1224,1283,RegionD,146.689907853089
1224,1283,RegionE,49.386444444445
1224,1283,RegionF,72.4881944444439
1224,1284,RegionA,50.5447235108022
1224,1284,RegionB,45.0817356249986
1224,1284,RegionC,38.4288569208627
1224,1284,RegionD,85.7640196296306
1224,1284,RegionE,33.5730254248168
1224,1284,RegionF,48.2399999999998
1224,1285,RegionA,30.2743066774683
1224,1285,RegionB,49.4898798731467
1224,1285,RegionC,45.7380619454288
1224,1285,RegionD,53.3962012521112
1224,1285,RegionE,36.4893002518426
1224,1285,RegionF,38.3286111111112
1224,1286,RegionA,15.6568636024683
1224,1286,RegionB,64.1399948074074
1224,1286,RegionC,63.8667597601186
1224,1286,RegionD,42.9253067511378
1224,1286,RegionE,41.975241745535
1224,1286,RegionF,30.7373333333335
1224,1287,RegionA,13.0333080469134
1224,1287,RegionB,88.4777500000001
1224,1287,RegionC,81.0953333333333
1224,1287,RegionD,67.8200573489272
1224,1287,RegionE,100.259743471358
1224,1287,RegionF,27.3172522439136
1224,1288,RegionA,11.7086427274901
1224,1288,RegionB,89.51125
1224,1288,RegionC,79.4426907442402
1224,1288,RegionD,54.3632780128874
1224,1288,RegionE,72.9259418270277
1224,1288,RegionF,13.1712522439126
1224,1289,RegionA,13.7051828014613
1224,1289,RegionB,85.804544609979
1224,1289,RegionC,74.4206870406616
1224,1289,RegionD,36.0436107484305
1224,1289,RegionE,32.9266670000001
1224,1289,RegionF,12.4847522439125
1224,1290,RegionA,31.0122503470172
1224,1290,RegionB,85.0261211660703
1224,1290,RegionC,72.8092350304989
1224,1290,RegionD,29.1175268173067
1224,1290,RegionE,19.8733921729748
1224,1290,RegionF,11.8222522439125
1224,1291,RegionA,64.6608333333342
1224,1291,RegionB,89.0820833333334
1224,1291,RegionC,77.5520833333334
1224,1291,RegionD,37.3955000000007
1224,1291,RegionE,27.055414422754
1224,1291,RegionF,25.7314189105792
1224,1292,RegionA,57.8888593231537
1224,1292,RegionB,62.5792240101806
1224,1292,RegionC,59.5595277777777
1224,1292,RegionD,31.964388888889
1224,1292,RegionE,7.43726171462984
1224,1292,RegionF,20.7862382853692
1224,1293,RegionA,52.1024410773779
1224,1293,RegionB,34.7419750512291
1224,1293,RegionC,62.5464296223704
1224,1293,RegionD,38.9374875823562
1224,1293,RegionE,2.75133333333342
1224,1293,RegionF,17.5285
1224,1294,RegionA,50.9934805397574
1224,1294,RegionB,30.7806498656049
1224,1294,RegionC,62.4468388743702
1224,1294,RegionD,45.6485862758233
1224,1294,RegionE,1.31799999999992
1224,1294,RegionF,4.73166666666672
1224,1295,RegionA,47.5384077507126
1224,1295,RegionB,88.58775
1224,1295,RegionC,64.1094694883644
1224,1295,RegionD,82.6335574290898
1224,1295,RegionE,7.98917644294346
1224,1295,RegionF,3.27833333333341
1248,1272,RegionA,39.2015987877046
1248,1272,RegionB,64.7018321978021
1248,1272,RegionC,32.6706877500011
1248,1272,RegionD,88.7447830373351
1248,1272,RegionE,54.1327349860778
1248,1272,RegionF,22.0013228732744
1248,1273,RegionA,40.5029999999992
1248,1273,RegionB,53.707333
1248,1273,RegionC,28.5566670000008
1248,1273,RegionD,119.174321990246
1248,1273,RegionE,72.189857734203
1248,1273,RegionF,21.1636562066078
1248,1274,RegionA,37.98
1248,1274,RegionB,55.889333
1248,1274,RegionC,21.286667
1248,1274,RegionD,164.642930898865
1248,1274,RegionE,82.6536300088224
1248,1274,RegionF,26.982984655562
1248,1275,RegionA,26.696
1248,1275,RegionB,53.045333
1248,1275,RegionC,20.834667
1248,1275,RegionD,201.694629740218
1248,1275,RegionE,84.9250901284872
1248,1275,RegionF,54.9873964378476
1248,1276,RegionA,28.012442962296
1248,1276,RegionB,32.4930008021981
1248,1276,RegionC,18.5845487777776
1248,1276,RegionD,156.309667
1248,1276,RegionE,51.8826884757433
1248,1276,RegionF,63.109781814574
1248,1277,RegionA,33.3478835000015
1248,1277,RegionB,34.6463125
1248,1277,RegionC,22.4096279444446
1248,1277,RegionD,142.866297096179
1248,1277,RegionE,64.2956768387294
1248,1277,RegionF,70.1408571332916
1248,1278,RegionA,39.5831252499999
1248,1278,RegionB,39.7679166666666
1248,1278,RegionC,25.1001530277776
1248,1278,RegionD,182.498709285654
1248,1278,RegionE,101.132354306044
1248,1278,RegionF,79.6986994343375
1248,1279,RegionA,48.660667
1248,1279,RegionB,49.415
1248,1279,RegionC,28.641667
1248,1279,RegionD,234.426166666667
1248,1279,RegionE,160.971333333333
1248,1279,RegionF,94.558333
1248,1280,RegionA,54.1854659055555
1248,1280,RegionB,47.1187794839507
1248,1280,RegionC,22.762
1248,1280,RegionD,206.475011381669
1248,1280,RegionE,142.547666666666
1248,1280,RegionF,73.9014513733622
1248,1281,RegionA,56.1643577861112
1248,1281,RegionB,44.7447711333338
1248,1281,RegionC,18.2062120861113
1248,1281,RegionD,196.698026447928
1248,1281,RegionE,126.217135975268
1248,1281,RegionF,65.3206947745018
1248,1282,RegionA,63.886333
1248,1282,RegionB,37.868667
1248,1282,RegionC,22.0201553506254
1248,1282,RegionD,203.846334125218
1248,1282,RegionE,107.329464011112
1248,1282,RegionF,72.1792069972392
1248,1283,RegionA,76.1837248805558
1248,1283,RegionB,52.2394395929165
1248,1283,RegionC,27.132333
1248,1283,RegionD,230.117
1248,1283,RegionE,87.1897671827963
1248,1283,RegionF,92.4552747755318
1248,1284,RegionA,59.8148734111114
1248,1284,RegionB,43.7461709228543
1248,1284,RegionC,33.2391056858969
1248,1284,RegionD,140.711210771808
1248,1284,RegionE,55.5076560716864
1248,1284,RegionF,61.6206775810877
1248,1285,RegionA,39.9183349638421
1248,1285,RegionB,41.7644588643896
1248,1285,RegionC,47.6656300670331
1248,1285,RegionD,85.3033257852922
1248,1285,RegionE,37.7078440912785
1248,1285,RegionF,55.4866220255324
1248,1286,RegionA,19.6596513332862
1248,1286,RegionB,38.1677099941509
1248,1286,RegionC,63.9043766703914
1248,1286,RegionD,71.8919883109719
1248,1286,RegionE,40.0233333333333
1248,1286,RegionF,53.1053206146158
1248,1287,RegionA,11.4653288138421
1248,1287,RegionB,42.3805843976618
1248,1287,RegionC,81.0953333333333
1248,1287,RegionD,99.1510954330238
1248,1287,RegionE,91.0133333333333
1248,1287,RegionF,63.2648134079213
1248,1288,RegionA,7.54289518328677
1248,1288,RegionB,43.0980860239124
1248,1288,RegionC,80.5684258842484
1248,1288,RegionD,81.2872111020858
1248,1288,RegionE,66.2256601403738
1248,1288,RegionF,46.2086521809092
1248,1289,RegionA,8.60166666666667
1248,1289,RegionB,41.3096880917828
1248,1289,RegionC,80.3391651716897
1248,1289,RegionD,59.9456494207201
1248,1289,RegionE,29.7006536140778
1248,1289,RegionF,35.5119937900216
1248,1290,RegionA,21.0941666666667
1248,1290,RegionB,49.8913567785104
1248,1290,RegionC,77.6423739907201
1248,1290,RegionD,42.8543247863268
1248,1290,RegionE,28.2816470877841
1248,1290,RegionF,29.8969084677724
1248,1291,RegionA,30.4006111111111
1248,1291,RegionB,89.0820833333334
1248,1291,RegionC,77.5520833333334
1248,1291,RegionD,27.3357222222238
1248,1291,RegionE,52.0919738948225
1248,1291,RegionF,45.0148594385106
1248,1292,RegionA,24.3476111111111
1248,1292,RegionB,74.0677778644829
1248,1292,RegionC,55.121102477398
1248,1292,RegionD,11.335508547009
1248,1292,RegionE,50.3119738948225
1248,1292,RegionF,25.0315261051766
1248,1293,RegionA,16.1786111111111
1248,1293,RegionB,50.347430391973
1248,1293,RegionC,53.580056337191
1248,1293,RegionD,12.8022354930584
1248,1293,RegionE,48.1488566760929
1248,1293,RegionF,27.5509766572407
1248,1294,RegionA,16.9205130932146
1248,1294,RegionB,43.0224286248198
1248,1294,RegionC,52.6516428514044
1248,1294,RegionD,20.5914154305611
1248,1294,RegionE,28.8634187579429
1248,1294,RegionF,33.8698034642797
1248,1295,RegionA,17.5186928530953
1248,1295,RegionB,58.9420935243336
1248,1295,RegionC,56.0697015878394
1248,1295,RegionD,90.9858731458415
1248,1295,RegionE,35.7077586175705
1248,1295,RegionF,34.9125747157631
1248,1296,RegionA,16.3593595197621
1248,1296,RegionB,44.3622951121748
1248,1296,RegionC,37.566
1248,1296,RegionD,65.6179842569512
1248,1296,RegionE,31.0517651438628
1248,1296,RegionF,24.6352348561353
1248,1297,RegionA,16.845359519762
1248,1297,RegionB,21.5668784455074
1248,1297,RegionC,30.1436111111111
1248,1297,RegionD,50.4249842569527
1248,1297,RegionE,19.4353333333338
1248,1297,RegionF,24.4299999999998
1248,1298,RegionA,28.9943047598809
1248,1298,RegionB,37.7830146087486
1248,1298,RegionC,26.7171849640047
1248,1298,RegionD,66.5330586928885
1248,1298,RegionE,27.8770758633666
1248,1298,RegionF,44.5897222222222
1248,1299,RegionA,39.863
1248,1299,RegionB,65.076
1248,1299,RegionC,27.392
1248,1299,RegionD,117.246126051044
1248,1299,RegionE,70.5209017267328
1248,1299,RegionF,60.4792777777779
1248,1300,RegionA,32.2667021011059
1248,1300,RegionB,57.1444728462326
1248,1300,RegionC,22.7257806474871
1248,1300,RegionD,91.9704482339965
1248,1300,RegionE,66.082235060066
1248,1300,RegionF,49.9980555555557
1248,1301,RegionA,20.652667
1248,1301,RegionB,34.566667
1248,1301,RegionC,20.71837655215
1248,1301,RegionD,85.7620543877833
1248,1301,RegionE,45.3415683934004
1248,1301,RegionF,57.2964999999997
1248,1302,RegionA,25.2627411232297
1248,1302,RegionB,25.2997360347557
1248,1302,RegionC,23.3928701625999
1248,1302,RegionD,91.7238898415713
1248,1302,RegionE,33.893957282288
1248,1302,RegionF,71.1116111111107
1248,1303,RegionA,56.33615451021
1248,1303,RegionB,28.854
1248,1303,RegionC,24.169333
1248,1303,RegionD,159.373715571616
1248,1303,RegionE,62.4005746959511
1248,1303,RegionF,76.6676111111098
1248,1304,RegionA,37.3639592700927
1248,1304,RegionB,25.0044630647696
1248,1304,RegionC,17.7988327788196
1248,1304,RegionD,134.339357164846
1248,1304,RegionE,44.3397488325859
1248,1304,RegionF,69.4386666666657
1248,1305,RegionA,39.6533286350998
1248,1305,RegionB,26.287667
1248,1305,RegionC,20.1299125497491
1248,1305,RegionD,122.037008481816
1248,1305,RegionE,21.7013055555558
1248,1305,RegionF,66.3980000000003
1248,1306,RegionA,34.778667
1248,1306,RegionB,32.634
1248,1306,RegionC,22.11
1248,1306,RegionD,119.396666333335
1248,1306,RegionE,15.2438888888885
1248,1306,RegionF,71.0843333333346
1248,1307,RegionA,29.7996813999388
1248,1307,RegionB,58.730333
1248,1307,RegionC,35.771333
1248,1307,RegionD,168.81812586706
1248,1307,RegionE,15.4168888888887
1248,1307,RegionF,76.4544433996695
1248,1308,RegionA,17.9187943491162
1248,1308,RegionB,42.5649935595059
1248,1308,RegionC,32.2326449451056
1248,1308,RegionD,120.272290413272
1248,1308,RegionE,15.294666666666
1248,1308,RegionF,52.8276100663358
1248,1309,RegionA,15.477483023674
1248,1309,RegionB,37.6661061714074
1248,1309,RegionC,35.3896235568777
1248,1309,RegionD,91.7377327372634
1248,1309,RegionE,16.6333333333329
1248,1309,RegionF,35.9612767330008
1248,1310,RegionA,20.376611111111
1248,1310,RegionB,33.8590964512913
1248,1310,RegionC,39.6197655640856
1248,1310,RegionD,73.2934964767993
1248,1310,RegionE,39.970670330379
1248,1310,RegionF,42.4713322885549
1248,1311,RegionA,37.4402777777777
1248,1311,RegionB,44.9617625683693
1248,1311,RegionC,80.43975
1248,1311,RegionD,99.1926478156506
1248,1311,RegionE,67.0777851052028
1248,1311,RegionF,78.0064989552216
1248,1312,RegionA,37.7619430312521
1248,1312,RegionB,39.1534108993332
1248,1312,RegionC,80.2733425141863
1248,1312,RegionD,67.3611861614694
1248,1312,RegionE,51.5796393798807
1248,1312,RegionF,72.8817557916561
1248,1313,RegionA,37.9791101689833
1248,1313,RegionB,41.2864158357454
1248,1313,RegionC,73.7414148798902
1248,1313,RegionD,46.80522967021
1248,1313,RegionE,36.4750492101128
1248,1313,RegionF,58.7554469017217
1248,1314,RegionA,53.0747217511582
1248,1314,RegionB,61.7095690289843
1248,1314,RegionC,81.6701666666667
1248,1314,RegionD,41.4290630035415
1248,1314,RegionE,46.594667
1248,1314,RegionF,53.1956736607558
1248,1315,RegionA,93.2966666666667
1248,1315,RegionB,84.8593333333333
1248,1315,RegionC,80.2655
1248,1315,RegionD,46.5623701861087
1248,1315,RegionE,62.5023794985764
1248,1315,RegionF,69.3197225375345
1248,1316,RegionA,76.8789999999991
1248,1316,RegionB,82.0483888888888
1248,1316,RegionC,80.8486879432629
1248,1316,RegionD,39.0377970176705
1248,1316,RegionE,39.9640364773912
1248,1316,RegionF,34.4839507838965
1248,1317,RegionA,70.2946647605647
1248,1317,RegionB,72.2190895038534
1248,1317,RegionC,68.3991346244697
1248,1317,RegionD,39.2137171164984
1248,1317,RegionE,32.951380976382
1248,1317,RegionF,13.8855130182301
1248,1318,RegionA,76.9625360889725
1248,1318,RegionB,68.2873588386138
1248,1318,RegionC,72.6034384057474
1248,1318,RegionD,52.532850899664
1248,1318,RegionE,36.954
1248,1318,RegionF,7.91412132255819
1248,1319,RegionA,75.9397407507126
1248,1319,RegionB,83.4400000000002
1248,1319,RegionC,82.6060000000001
1248,1319,RegionD,86.1262346828287
1248,1319,RegionE,75.3179100803336
1248,1319,RegionF,27.3635311527909
1272,1296,RegionA,48.1582838612878
1272,1296,RegionB,70.7291613605597
1272,1296,RegionC,35.2148784093341
1272,1296,RegionD,118.134021837243
1272,1296,RegionE,25.1140711982397
1272,1296,RegionF,8.12583333333339
1272,1297,RegionA,32.488
1272,1297,RegionB,63.9296404436986
1272,1297,RegionC,34.0760068186676
1272,1297,RegionD,139.622377007822
1272,1297,RegionE,38.1123923964797
1272,1297,RegionF,17.21375
1272,1298,RegionA,39.7899712268812
1272,1298,RegionB,62.621333
1272,1298,RegionC,27.7123333333333
1272,1298,RegionD,181.923553481423
1272,1298,RegionE,77.9258337386152
1272,1298,RegionF,51.6707102183299
1272,1299,RegionA,39.863
1272,1299,RegionB,65.076
1272,1299,RegionC,27.392
1272,1299,RegionD,223.113833333333
1272,1299,RegionE,155.0195
1272,1299,RegionF,114.499636663832
1272,1300,RegionA,25.3002579720462
1272,1300,RegionB,45.3523482152375
1272,1300,RegionC,20.2769775979805
1272,1300,RegionD,170.109007048777
1272,1300,RegionE,135.341833333333
1272,1300,RegionF,100.670303330498
1272,1301,RegionA,20.652667
1272,1301,RegionB,34.566667
1272,1301,RegionC,17.0400385292942
1272,1301,RegionD,151.188096024286
1272,1301,RegionE,93.5230555138898
1272,1301,RegionF,103.361725682506
1272,1302,RegionA,28.7559042731185
1272,1302,RegionB,31.127333
1272,1302,RegionC,20.3153735774982
1272,1302,RegionD,137.181020652657
1272,1302,RegionE,64.1379703121682
1272,1302,RegionF,115.504864881104
1272,1303,RegionA,61.209333
1272,1303,RegionB,28.854
1272,1303,RegionC,24.169333
1272,1303,RegionD,151.294219489662
1272,1303,RegionE,122.104233137727
1272,1303,RegionF,114.65284844419
1272,1304,RegionA,41.9264547727354
1272,1304,RegionB,21.9162434848001
1272,1304,RegionC,17.9071436593524
1272,1304,RegionD,120.23545263395
1272,1304,RegionE,95.6950267941757
1272,1304,RegionF,88.704610448082
1272,1305,RegionA,41.8611341564021
1272,1305,RegionB,19.1167201844636
1272,1305,RegionC,12.6753987631493
1272,1305,RegionD,110.897143410593
1272,1305,RegionE,75.6213055555558
1272,1305,RegionF,67.869999999999
1272,1306,RegionA,33.95109232307
1272,1306,RegionB,18.9092514344629
1272,1306,RegionC,6.64307053361291
1272,1306,RegionD,109.409391389421
1272,1306,RegionE,70.9785555555562
1272,1306,RegionF,71.0843333333346
1272,1307,RegionA,27.1762177300766
1272,1307,RegionB,32.5636989365909
1272,1307,RegionC,17.9874444444428
1272,1307,RegionD,131.364888888887
1272,1307,RegionE,98.2795555555554
1272,1307,RegionF,85.7023333333361
1272,1308,RegionA,15.9319086530532
1272,1308,RegionB,27.1732580136136
1272,1308,RegionC,6.74377777777791
1272,1308,RegionD,93.1925555555555
1272,1308,RegionE,79.0773333333314
1272,1308,RegionF,62.0755000000024
1272,1309,RegionA,14.3133333333333
1272,1309,RegionB,24.5184444444446
1272,1309,RegionC,7.87044444444439
1272,1309,RegionD,64.4181666666668
1272,1309,RegionE,76.5359999999997
1272,1309,RegionF,45.2091666666675
1272,1310,RegionA,20.376611111111
1272,1310,RegionB,23.5932222222225
1272,1310,RegionC,9.71536111111114
1272,1310,RegionD,49.1089999999993
1272,1310,RegionE,95.0775555555558
1272,1310,RegionF,51.7192222222216
1272,1311,RegionA,37.4402777777777
1272,1311,RegionB,24.6063055555557
1272,1311,RegionC,28.7195277777777
1272,1311,RegionD,100.052
1272,1311,RegionE,129.046222222223
1272,1311,RegionF,87.2543888888883
1272,1312,RegionA,37.3361111111107
1272,1312,RegionB,19.6745277777778
1272,1312,RegionC,36.8854166666666
1272,1312,RegionD,94.9148333333335
1272,1312,RegionE,80.4080000000008
1272,1312,RegionF,79.7923888888885
1272,1313,RegionA,38.0157310601454
1272,1313,RegionB,19.2454356065206
1272,1313,RegionC,46.7216944444445
1272,1313,RegionD,89.6560833333327
1272,1313,RegionE,46.3980000000012
1272,1313,RegionF,55.0057222222191
1272,1314,RegionA,45.2336988634058
1272,1314,RegionB,44.5290789143718
1272,1314,RegionC,58.5923888888889
1272,1314,RegionD,109.78125
1272,1314,RegionE,39.8568842531229
1272,1314,RegionF,39.6805601913172
1272,1315,RegionA,65.2579999999997
1272,1315,RegionB,84.8593333333333
1272,1315,RegionC,80.2655
1272,1315,RegionD,112.063138888888
1272,1315,RegionE,45.8759907284725
1272,1315,RegionF,48.484009271526
1272,1316,RegionA,48.8403333333322
1272,1316,RegionB,83.0109108632462
1272,1316,RegionC,80.889
1272,1316,RegionD,81.1704722222223
1272,1316,RegionE,34.7090243096706
1272,1316,RegionF,24.6421203826379
1272,1317,RegionA,35.3795790830107
1272,1317,RegionB,86.7426666666667
1272,1317,RegionC,61.9361315323697
1272,1317,RegionD,40.691888888888
1272,1317,RegionE,45.6278356686468
1272,1317,RegionF,26.5853981604163
1272,1318,RegionA,39.9606163412689
1272,1318,RegionB,77.0706865170624
1272,1318,RegionC,60.5482630647407
1272,1318,RegionD,40.856935173418
1272,1318,RegionE,62.2622396319828
1272,1318,RegionF,34.555564827083
1272,1319,RegionA,44.6993605121179
1272,1319,RegionB,65.0797031585709
1272,1319,RegionC,64.5056908934068
1272,1319,RegionD,72.9271203468354
1272,1319,RegionE,142.953088039763
1272,1319,RegionF,40.6284537159722
1272,1320,RegionA,40.613358144551
1272,1320,RegionB,53.4537055261378
1272,1320,RegionC,50.5612464489626
1272,1320,RegionD,52.8232870135029
1272,1320,RegionE,113.666684495491
1272,1320,RegionF,27.4591905935765
1272,1321,RegionA,40.764358144551
1272,1321,RegionB,40.5034572164279
1272,1321,RegionC,38.14
1272,1321,RegionD,54.0211749220064
1272,1321,RegionE,99.6194408750678
1272,1321,RegionF,24.7887632863881
1272,1322,RegionA,41.029
1272,1322,RegionB,28.156
1272,1322,RegionC,38.6971330882094
1272,1322,RegionD,63.3726560517612
1272,1322,RegionE,86.0409450917656
1272,1322,RegionF,37.9354879904839
1272,1323,RegionA,33.4
1272,1323,RegionB,28.5952838154362
1272,1323,RegionC,43.022667
1272,1323,RegionD,102.872693353961
1272,1323,RegionE,93.3321794004285
1272,1323,RegionF,56.7322597635038
1272,1324,RegionA,22.4064546925571
1272,1324,RegionB,21.3890414192344
1272,1324,RegionC,38.8409001359557
1272,1324,RegionD,97.4263370584041
1272,1324,RegionE,60.1088680414529
1272,1324,RegionF,38.1052597635032
1272,1325,RegionA,15.8706008629991
1272,1325,RegionB,18.9397400610914
1272,1325,RegionC,38.2537518828889
1272,1325,RegionD,92.945536318403
1272,1325,RegionE,35.5215555555542
1272,1325,RegionF,28.8971486523927
1272,1326,RegionA,20.735
1272,1326,RegionB,18.6377777777773
1272,1326,RegionC,35.5691157692035
1272,1326,RegionD,94.8076244672903
1272,1326,RegionE,22.7077777777768
1272,1326,RegionF,43.9258153190593
1272,1327,RegionA,29.7648888888889
1272,1327,RegionB,26.2933333333338
1272,1327,RegionC,30.017333
1272,1327,RegionD,93.9203046099895
1272,1327,RegionE,47.0357777777776
1272,1327,RegionF,98.8571679455643
1272,1328,RegionA,26.891138888889
1272,1328,RegionB,14.5548312896674
1272,1328,RegionC,22.1098842309697
1272,1328,RegionD,76.6795271957068
1272,1328,RegionE,33.1371111111105
1272,1328,RegionF,81.7378128392112
1272,1329,RegionA,33.7098055555556
1272,1329,RegionB,15.5074403571125
1272,1329,RegionC,20.0972132397172
1272,1329,RegionD,79.0354164480893
1272,1329,RegionE,29.9146666666663
1272,1329,RegionF,69.4863466217445
1272,1330,RegionA,40.6669166666663
1272,1330,RegionB,15.7426049801132
1272,1330,RegionC,19.550076474113
1272,1330,RegionD,87.9357907679952
1272,1330,RegionE,34.264
1272,1330,RegionF,57.2275555555586
1272,1331,RegionA,47.7854166666661
1272,1331,RegionB,15.7858807142251
1272,1331,RegionC,38.58
1272,1331,RegionD,134.914035952439
1272,1331,RegionE,78.1880000000002
1272,1331,RegionF,52.6886666666671
1272,1332,RegionA,34.5014999999994
1272,1332,RegionB,12.9798852689042
1272,1332,RegionC,46.9266113719859
1272,1332,RegionD,91.0691978035538
1272,1332,RegionE,65.9989999999995
1272,1332,RegionF,34.3114444444442
1272,1333,RegionA,30.9720000000001
1272,1333,RegionB,19.5214174588415
1272,1333,RegionC,53.5620562198255
1272,1333,RegionD,66.7873596546664
1272,1333,RegionE,68.9446666666663
1272,1333,RegionF,35.1444444444435
1272,1334,RegionA,28.3889999999993
1272,1334,RegionB,35.3283962794094
1272,1334,RegionC,71.9827703872572
1272,1334,RegionD,56.7652323707765
1272,1334,RegionE,86.5401668333323
1272,1334,RegionF,39.8294896847786
1272,1335,RegionA,20.9653333333329
1272,1335,RegionB,48.2669306555333
1272,1335,RegionC,77.2694582333548
1272,1335,RegionD,71.587131408219
1272,1335,RegionE,97.2323336666652
1272,1335,RegionF,47.0164238140018
1272,1336,RegionA,9.54983333333354
1272,1336,RegionB,40.8986497679074
1272,1336,RegionC,61.4316557876484
1272,1336,RegionD,42.6111314082214
1272,1336,RegionE,80.6380003333331
1272,1336,RegionF,31.282423814003
1272,1337,RegionA,8.68416666666699
1272,1337,RegionB,30.2372307327478
1272,1337,RegionC,59.4498248228084
1272,1337,RegionD,33.0055758526645
1272,1337,RegionE,73.514667
1272,1337,RegionF,18.0212015917797
1272,1338,RegionA,15.9838333333336
1272,1338,RegionB,27.2786151362622
1272,1338,RegionC,60.404912411404
1272,1338,RegionD,46.1583590691079
1272,1338,RegionE,57.4171919638882
1272,1338,RegionF,14.5127547526701
1272,1339,RegionA,52.732501405156
1272,1339,RegionB,58.7256648012878
1272,1339,RegionC,80.7853333333333
1272,1339,RegionD,60.4563105947884
1272,1339,RegionE,48.2911917972232
1272,1339,RegionF,18.7669980682125
1272,1340,RegionA,53.4580014051559
1272,1340,RegionB,53.8228320667886
1272,1340,RegionC,70.4003327344996
1272,1340,RegionD,57.6192119043467
1272,1340,RegionE,33.1058333333344
1272,1340,RegionF,11.883177444766
1272,1341,RegionA,59.9803347384893
1272,1341,RegionB,50.7102842453251
1272,1341,RegionC,71.9991169671512
1272,1341,RegionD,55.619899298656
1272,1341,RegionE,26.8163333333336
1272,1341,RegionF,14.2320314170464
1272,1342,RegionA,67.0255569607116
1272,1342,RegionB,49.9545952492236
1272,1342,RegionC,76.1341846229609
1272,1342,RegionD,65.082
1272,1342,RegionE,30.2589444444442
1272,1342,RegionF,25.3744409448819
1272,1343,RegionA,67.2200747507126
1272,1343,RegionB,43.8795080497153
1272,1343,RegionC,65.8628024883643
1272,1343,RegionD,82.2238435628593
1272,1343,RegionE,34.9089444444442
1272,1343,RegionF,51.6897155927936
1296,1320,RegionA,61.2326240842424
1296,1320,RegionB,72.3217023809579
1296,1320,RegionC,55.5285416666667
1296,1320,RegionD,106.718308022433
1296,1320,RegionE,53.6637777777771
1296,1320,RegionF,55.7617960679228
1296,1321,RegionA,55.9402916666609
1296,1321,RegionB,47.202
1296,1321,RegionC,38.14
1296,1321,RegionD,149.444477308601
1296,1321,RegionE,83.4871388888892
1296,1321,RegionF,79.6223421358447
1296,1322,RegionA,41.029
1296,1322,RegionB,28.156
1296,1322,RegionC,30.5331250000007
1296,1322,RegionD,184.3694034629
1296,1322,RegionE,115.827416666666
1296,1322,RegionF,98.766304870431
1296,1323,RegionA,33.4
1296,1323,RegionB,35.881333
1296,1323,RegionC,30.5492919999971
1296,1323,RegionD,219.311551839421
1296,1323,RegionE,157.25475
1296,1323,RegionF,118.486350938356
1296,1324,RegionA,15.9987092490923
1296,1324,RegionB,23.8968389523748
1296,1324,RegionC,23.9666368069424
1296,1324,RegionD,169.228019608787
1296,1324,RegionE,113.205916666667
1296,1324,RegionF,90.4868509383551
1296,1325,RegionA,15.9537083333396
1296,1325,RegionB,19.5810031388848
1296,1325,RegionC,28.6291170305539
1296,1325,RegionD,129.277582199714
1296,1325,RegionE,76.8773333333327
1296,1325,RegionF,73.0615337419476
1296,1326,RegionA,21.5570000000028
1296,1326,RegionB,16.6046698055552
1296,1326,RegionC,31.0979201708321
1296,1326,RegionD,104.61217234958
1296,1326,RegionE,48.3677277777776
1296,1326,RegionF,78.4902876740254
1296,1327,RegionA,29.9274545138895
1296,1327,RegionB,22.8988972694468
1296,1327,RegionC,30.017333
1296,1327,RegionD,91.8575402772248
1296,1327,RegionE,58.2502833333332
1296,1327,RegionF,122.196797161659
1296,1328,RegionA,26.891138888889
1296,1328,RegionB,14.6821827698383
1296,1328,RegionC,21.7387242357196
1296,1328,RegionD,71.4245863451487
1296,1328,RegionE,36.224172222222
1296,1328,RegionF,93.3521677604033
1296,1329,RegionA,33.7098055555556
1296,1329,RegionB,15.7287752618989
1296,1329,RegionC,20.5062984103258
1296,1329,RegionD,77.8585652166633
1296,1329,RegionE,30.6476166666665
1296,1329,RegionF,70.9738277777753
1296,1330,RegionA,40.6669166666663
1296,1330,RegionB,16.0746073372929
1296,1330,RegionC,19.8402046601168
1296,1330,RegionD,87.3136602248117
1296,1330,RegionE,34.264
1296,1330,RegionF,57.2275555555586
1296,1331,RegionA,47.7854166666661
1296,1331,RegionB,16.228550523798
1296,1331,RegionC,38.58
1296,1331,RegionD,134.471366142866
1296,1331,RegionE,78.1880000000002
1296,1331,RegionF,52.6886666666671
1296,1332,RegionA,34.5014999999994
1296,1332,RegionB,12.6783005237974
1296,1332,RegionC,47.491405193055
1296,1332,RegionD,90.8059887275915
1296,1332,RegionE,65.9989999999995
1296,1332,RegionF,34.3114444444442
1296,1333,RegionA,30.9720000000001
1296,1333,RegionB,17.9728714369835
1296,1333,RegionC,55.1943505840351
1296,1333,RegionD,66.7036113123148
1296,1333,RegionE,65.0513333333329
1296,1333,RegionF,39.0377777777769
1296,1334,RegionA,28.3889999999993
1296,1334,RegionB,32.4646440518245
1296,1334,RegionC,74.8465226148421
1296,1334,RegionD,55.073333333333
1296,1334,RegionE,77.308999999999
1296,1334,RegionF,50.7525555555553
1296,1335,RegionA,20.9653333333329
1296,1335,RegionB,44.0879722222215
1296,1335,RegionC,81.4484166666667
1296,1335,RegionD,68.203333333332
1296,1335,RegionE,82.663333333332
1296,1335,RegionF,64.9692222222218
1296,1336,RegionA,9.54983333333354
1296,1336,RegionB,36.7702790357164
1296,1336,RegionC,65.5600265198395
1296,1336,RegionD,39.2273333333344
1296,1336,RegionE,66.069
1296,1336,RegionF,49.235222222223
1296,1337,RegionA,8.68416666666699
1296,1337,RegionB,26.7848696262606
1296,1337,RegionC,62.9021859292955
1296,1337,RegionD,29.6217777777776
1296,1337,RegionE,58.9456666666669
1296,1337,RegionF,35.9739999999998
1296,1338,RegionA,6.86383333333359
1296,1338,RegionB,21.1957692726128
1296,1338,RegionC,57.8454529496095
1296,1338,RegionD,48.1034444444443
1296,1338,RegionE,43.1611666666663
1296,1338,RegionF,44.5859999999996
1296,1339,RegionA,8.50783333333331
1296,1339,RegionB,23.1057222222226
1296,1339,RegionC,80.7853333333333
1296,1339,RegionD,79.1467777777779
1296,1339,RegionE,69.2272222222229
1296,1339,RegionF,58.9851111111111
1296,1340,RegionA,9.23333333333331
1296,1340,RegionB,19.2461730875432
1296,1340,RegionC,62.4370491346798
1296,1340,RegionD,84.5550000000002
1296,1340,RegionE,59.0667222222229
1296,1340,RegionF,45.7511111111118
1296,1341,RegionA,15.7556666666667
1296,1341,RegionB,14.8211687509558
1296,1341,RegionC,50.2314982490451
1296,1341,RegionD,89.3453333333338
1296,1341,RegionE,56.6705555555554
1296,1341,RegionF,52.533777444445
1296,1342,RegionA,22.8008888888889
1296,1342,RegionB,14.1039465287334
1296,1342,RegionC,42.4631652490444
1296,1342,RegionD,102.467888888889
1296,1342,RegionE,62.5789444444442
1296,1342,RegionF,69.4148882222218
1296,1343,RegionA,28.861222222222
1296,1343,RegionB,16.6959311461042
1296,1343,RegionC,27.0268476316732
1296,1343,RegionD,114.397722222224
1296,1343,RegionE,64.7356111111111
1296,1343,RegionF,94.0675545555547
1296,1344,RegionA,21.2031388888883
1296,1344,RegionB,16.6981111111111
1296,1344,RegionC,22.5970007930555
1296,1344,RegionD,83.7948890958334
1296,1344,RegionE,47.9856111111107
1296,1344,RegionF,79.9162212222225
1296,1345,RegionA,15.5355833333329
1296,1345,RegionB,25.7712500000001
1296,1345,RegionC,17.9093339194436
1296,1345,RegionD,68.1786670805553
1296,1345,RegionE,46.4281666666659
1296,1345,RegionF,80.4159989999998
1296,1346,RegionA,6.80024999999905
1296,1346,RegionB,40.6715833333335
1296,1346,RegionC,14.3800003791667
1296,1346,RegionD,79.4359450652771
1296,1346,RegionE,59.4944999999997
1296,1346,RegionF,99.0246656666669
1296,1347,RegionA,6.36858333333331
1296,1347,RegionB,52.976916666667
1296,1347,RegionC,19.48
1296,1347,RegionD,105.469278605556
1296,1347,RegionE,92.5641666666664
1296,1347,RegionF,128.194888061112
1296,1348,RegionA,6.367
1296,1348,RegionB,46.0565833333337
1296,1348,RegionC,20.329333
1296,1348,RegionD,87.7486952722219
1296,1348,RegionE,71.2696666666661
1296,1348,RegionF,101.666888394444
1296,1349,RegionA,5.27666666666645
1296,1349,RegionB,39.947166666667
1296,1349,RegionC,17.4841661379626
1296,1349,RegionD,81.6617506898145
1296,1349,RegionE,72.1906666666658
1296,1349,RegionF,86.462888727779
1296,1350,RegionA,4.62622222222225
1296,1350,RegionB,38.0018333333332
1296,1350,RegionC,22.0566664884258
1296,1350,RegionD,97.0119168449075
1296,1350,RegionE,74.5587777777768
1296,1350,RegionF,97.0111111111113
1296,1351,RegionA,8.33888888888889
1296,1351,RegionB,33.2151666666672
1296,1351,RegionC,21.736667
1296,1351,RegionD,118.259416333332
1296,1351,RegionE,79.9091111111102
1296,1351,RegionF,127.868777777776
1296,1352,RegionA,9.90288888888906
1296,1352,RegionB,19.6702777777782
1296,1352,RegionC,11.8559218771209
1296,1352,RegionD,97.8839994597212
1296,1352,RegionE,59.071856440934
1296,1352,RegionF,72.5837777777766
1296,1353,RegionA,13.5758333333333
1296,1353,RegionB,13.4843333333332
1296,1353,RegionC,10.3545099496125
1296,1353,RegionD,75.8633327240737
1296,1353,RegionE,62.1882684374251
1296,1353,RegionF,59.9086666666672
1296,1354,RegionA,17.2351666666666
1296,1354,RegionB,15.4717777777779
1296,1354,RegionC,20.8433201753445
1296,1354,RegionD,94.5093327240745
1296,1354,RegionE,72.6981248783603
1296,1354,RegionF,57.2180000000022
1296,1355,RegionA,21.5671666666665
1296,1355,RegionB,19.0173333333335
1296,1355,RegionC,32.6975748455209
1296,1355,RegionD,113.774249390742
1296,1355,RegionE,109.427870208183
1296,1355,RegionF,91.7033333333339
1296,1356,RegionA,18.1606666666667
1296,1356,RegionB,13.7797777777779
1296,1356,RegionC,30.2179210456769
1296,1356,RegionD,85.103916301112
1296,1356,RegionE,79.9690793198778
1296,1356,RegionF,78.3213333333343
1296,1357,RegionA,17.2280555555558
1296,1357,RegionB,13.3128333333333
1296,1357,RegionC,25.3879438486481
1296,1357,RegionD,67.836416605741
1296,1357,RegionE,86.5728895456108
1296,1357,RegionF,65.8913333333324
1296,1358,RegionA,13.9302222222224
1296,1358,RegionB,27.4706666666666
1296,1358,RegionC,32.3715224508787
1296,1358,RegionD,76.6645833333332
1296,1358,RegionE,103.201255326898
1296,1358,RegionF,50.1708888888887
1296,1359,RegionA,12.2102222222225
1296,1359,RegionB,51.7668333333332
1296,1359,RegionC,41.0429344473689
1296,1359,RegionD,168.020666666666
1296,1359,RegionE,104.375509997073
1296,1359,RegionF,62.0582222222223
1296,1360,RegionA,7.81691666666683
1296,1360,RegionB,47.690277777778
1296,1360,RegionC,39.284333333333
1296,1360,RegionD,161.983
1296,1360,RegionE,68.7339444444413
1296,1360,RegionF,44.9268888888882
1296,1361,RegionA,9.95093061403277
1296,1361,RegionB,48.1705971637452
1296,1361,RegionC,43.8833333333333
1296,1361,RegionD,150.560333333332
1296,1361,RegionE,36.1094999999997
1296,1361,RegionF,26.7446666666667
1296,1362,RegionA,18.5177223391769
1296,1362,RegionB,53.3829721052682
1296,1362,RegionC,63.0690000000003
1296,1362,RegionD,119.514333333334
1296,1362,RegionE,32.9370555555557
1296,1362,RegionF,23.2379999999994
1296,1363,RegionA,44.8604029532098
1296,1363,RegionB,80.9154026023462
1296,1363,RegionC,77.6853333333333
1296,1363,RegionD,91.5555000000019
1296,1363,RegionE,40.9035118653512
1296,1363,RegionF,27.3068770235373
1296,1364,RegionA,46.566375175432
1296,1364,RegionB,66.4480692690129
1296,1364,RegionC,67.3467499999994
1296,1364,RegionD,40.6668888888889
1296,1364,RegionE,32.5206785320176
1296,1364,RegionF,27.5118770235375
1296,1365,RegionA,48.4570418420987
1296,1365,RegionB,61.2666248245685
1296,1365,RegionC,71.6088611111107
1296,1365,RegionD,18.3637222222231
1296,1365,RegionE,19.0577896431286
1296,1365,RegionF,30.2938770235377
1296,1366,RegionA,53.7700273534225
1296,1366,RegionB,64.5479581579019
1296,1366,RegionC,82.4290833333333
1296,1366,RegionD,20.3756388888893
1296,1366,RegionE,16.0029493883408
1296,1366,RegionF,54.7827873225583
1296,1367,RegionA,77.0464077507125
1296,1367,RegionB,61.6028410497153
1296,1367,RegionC,82.8612500000001
1296,1367,RegionD,52.8277499999989
1296,1367,RegionE,17.0782222222221
1296,1367,RegionF,113.592140088465
1320,1344,RegionA,46.26308974359
1320,1344,RegionB,67.7514680512818
1320,1344,RegionC,55.7401388888894
1320,1344,RegionD,69.1362408995719
1320,1344,RegionE,48.693666666667
1320,1344,RegionF,52.1381666666665
1320,1345,RegionA,38.6940961538444
1320,1345,RegionB,75.0705194358978
1320,1345,RegionC,29.0949444444451
1320,1345,RegionD,118.017981799144
1320,1345,RegionE,78.4042499999998
1320,1345,RegionF,77.8764166666664
1320,1346,RegionA,22.3891858974357
1320,1346,RegionB,73.5724041538467
1320,1346,RegionC,19.08
1320,1346,RegionD,173.404139365383
1320,1346,RegionE,116.429583333333
1320,1346,RegionF,108.20875
1320,1347,RegionA,22.624
1320,1347,RegionB,58.194667
1320,1347,RegionC,19.48
1320,1347,RegionD,226.036
1320,1347,RegionE,155.24425
1320,1347,RegionF,148.66775
1320,1348,RegionA,16.0908893397438
1320,1348,RegionB,20.5766292147582
1320,1348,RegionC,15.7834308450706
1320,1348,RegionD,185.050263908719
1320,1348,RegionE,111.004583333332
1320,1348,RegionF,118.90518277504
1320,1349,RegionA,15.9115286794878
1320,1349,RegionB,17.1087553184046
1320,1349,RegionC,14.7608644679187
1320,1349,RegionD,156.579580910494
1320,1349,RegionE,95.2840666666657
1320,1349,RegionF,112.063126661193
1320,1350,RegionA,17.5339041303422
1320,1350,RegionB,24.6235300550726
1320,1350,RegionC,20.7593230907672
1320,1350,RegionD,148.819053047304
1320,1350,RegionE,82.0251777777768
1320,1350,RegionF,127.697837214012
1320,1351,RegionA,24.283333
1320,1351,RegionB,31.4199858215954
1320,1351,RegionC,21.736667
1320,1351,RegionD,180.999536215903
1320,1351,RegionE,58.0731777777772
1320,1351,RegionF,152.017667
1320,1352,RegionA,25.6973330000002
1320,1352,RegionB,26.099
1320,1352,RegionC,14.2072734768832
1320,1352,RegionD,151.986188530102
1320,1352,RegionE,30.4931111111107
1320,1352,RegionF,84.9721342249598
1320,1353,RegionA,28.1889799069439
1320,1353,RegionB,25.8078225117378
1320,1353,RegionC,13.8566512500646
1320,1353,RegionD,117.625569232724
1320,1353,RegionE,25.6661111111116
1320,1353,RegionF,66.4277625610312
1320,1354,RegionA,28.7666674902768
1320,1354,RegionB,26.1370984541274
1320,1354,RegionC,25.185333
1320,1354,RegionD,134.879210982109
1320,1354,RegionE,26.9452222222228
1320,1354,RegionF,59.0244964526576
1320,1355,RegionA,30.0170217402764
1320,1355,RegionB,28.0592041273464
1320,1355,RegionC,45.8849738129182
1320,1355,RegionD,161.108099837516
1320,1355,RegionE,41.8568888888891
1320,1355,RegionF,91.7033333333339
1320,1356,RegionA,22.1417315458325
1320,1356,RegionB,19.207287443152
1320,1356,RegionC,53.366
1320,1356,RegionD,106.319579223515
1320,1356,RegionE,28.5171111111113
1320,1356,RegionF,78.3213333333343
1320,1357,RegionA,18.1451477699471
1320,1357,RegionB,16.2566080709091
1320,1357,RegionC,64.86874564732
1320,1357,RegionD,76.3259707340462
1320,1357,RegionE,39.8616666666667
1320,1357,RegionF,60.7713333333324
1320,1358,RegionA,15.070834428783
1320,1358,RegionB,41.0650676050829
1320,1358,RegionC,76.8657135168624
1320,1358,RegionD,74.7285233381599
1320,1358,RegionE,56.1481111111108
1320,1358,RegionF,39.9308888888887
1320,1359,RegionA,33.6011405320634
1320,1359,RegionB,76.91545075475
1320,1359,RegionC,82.9366666666667
1320,1359,RegionD,124.582464268741
1320,1359,RegionE,74.7404444444429
1320,1359,RegionF,46.6982222222223
1320,1360,RegionA,33.2078349765077
1320,1360,RegionB,72.837403206091
1320,1360,RegionC,73.8422895951791
1320,1360,RegionD,113.663
1320,1360,RegionE,47.3179444444416
1320,1360,RegionF,29.5668888888882
1320,1361,RegionA,37.3888349765076
1320,1361,RegionB,69.6718753390618
1320,1361,RegionC,64.3468174622086
1320,1361,RegionD,101.320333333332
1320,1361,RegionE,28.1601666666667
1320,1361,RegionF,14.5313333333334
1320,1362,RegionA,43.3472548232711
1320,1362,RegionB,65.3625403260201
1320,1362,RegionC,70.2545659618198
1320,1362,RegionD,79.4130000000019
1320,1362,RegionE,37.3423888888888
1320,1362,RegionF,14.9393333333332
1320,1363,RegionA,46.9248033711362
1320,1363,RegionB,86.0380000000001
1320,1363,RegionC,77.6853333333334
1320,1363,RegionD,68.0461666666682
1320,1363,RegionE,63.9825021844198
1320,1363,RegionF,20.5502222222222
1320,1364,RegionA,34.6124694900768
1320,1364,RegionB,60.6511168503323
1320,1364,RegionC,60.6606059196142
1320,1364,RegionD,40.0135555555561
1320,1364,RegionE,64.0076688510864
1320,1364,RegionF,21.1152222222224
1320,1365,RegionA,34.0183759689553
1320,1365,RegionB,53.7405883953377
1320,1365,RegionC,59.7462107149704
1320,1365,RegionD,21.7237222222231
1320,1365,RegionE,51.285891073309
1320,1365,RegionF,28.5331282918718
1320,1366,RegionA,35.5200907951726
1320,1366,RegionB,57.0219217286711
1320,1366,RegionC,71.6273048119871
1320,1366,RegionD,27.0956388888893
1320,1366,RegionE,39.4283355177541
1320,1366,RegionF,61.2151527019718
1320,1367,RegionA,54.6369472717798
1320,1367,RegionB,61.6672511108279
1320,1367,RegionC,73.5530263729596
1320,1367,RegionD,61.6041035561792
1320,1367,RegionE,29.7414742246073
1320,1367,RegionF,123.805808574759
1320,1368,RegionA,44.3612525002338
1320,1368,RegionB,47.2832136607006
1320,1368,RegionC,50.29
1320,1368,RegionD,49.9386035561804
1320,1368,RegionE,17.5722222222225
1320,1368,RegionF,86.6215691717749
1320,1369,RegionA,37.7399647219624
1320,1369,RegionB,35.0091879071479
1320,1369,RegionC,31.6171362681402
1320,1369,RegionD,50.7199792640249
1320,1369,RegionE,28.5699576254886
1320,1369,RegionF,51.5675519910157
1320,1370,RegionA,22.3583466989608
1320,1370,RegionB,47.0453960639613
1320,1370,RegionC,19.263667
1320,1370,RegionD,78.4317716385363
1320,1370,RegionE,56.3405819176441
1320,1370,RegionF,43.123236680898
1320,1371,RegionA,21.073333
1320,1371,RegionB,85.3399999999999
1320,1371,RegionC,22.218667
1320,1371,RegionD,175.031390442638
1320,1371,RegionE,107.255872876466
1320,1371,RegionF,61.0562366808987
1320,1372,RegionA,17.9148196750898
1320,1372,RegionB,72.160525769183
1320,1372,RegionC,22.423814243056
1320,1372,RegionD,124.75218242909
1320,1372,RegionE,98.2748728764666
1320,1372,RegionF,44.9196738960047
1320,1373,RegionA,15.6845640300233
1320,1373,RegionB,60.9416972755326
1320,1373,RegionC,19.4729336388889
1320,1373,RegionD,117.752571067977
1320,1373,RegionE,83.3065395431328
1320,1373,RegionF,40.1332499999999
1320,1374,RegionA,16.1490015914007
1320,1374,RegionB,36.7770849155421
1320,1374,RegionC,20.2361920208327
1320,1374,RegionD,133.974400620101
1320,1374,RegionE,88.7317652965645
1320,1374,RegionF,51.1682500000002
1320,1375,RegionA,38.486667
1320,1375,RegionB,31.938667
1320,1375,RegionC,39.721667
1320,1375,RegionD,166.429746884477
1320,1375,RegionE,97.0022521155198
1320,1375,RegionF,101.055583333333
1320,1376,RegionA,34.3492286441159
1320,1376,RegionB,20.2059386892184
1320,1376,RegionC,38.7778336666666
1320,1376,RegionD,143.412148954409
1320,1376,RegionE,62.5206278233651
1320,1376,RegionF,75.8245833333335
1320,1377,RegionA,35.4792293107832
1320,1377,RegionB,23.0670498003295
1320,1377,RegionC,31.129333
1320,1377,RegionD,119.033332333331
1320,1377,RegionE,36.4287777777791
1320,1377,RegionF,63.1849999999994
1320,1378,RegionA,39.1267846764211
1320,1378,RegionB,41.4208423302802
1320,1378,RegionC,36.2002682877443
1320,1378,RegionD,131.39252137222
1320,1378,RegionE,25.2114444444453
1320,1378,RegionF,58.1916666666661
1320,1379,RegionA,40.8912219945602
1320,1379,RegionB,79.7903949387757
1320,1379,RegionC,58.144667
1320,1379,RegionD,168.532577177777
1320,1379,RegionE,41.7747777777777
1320,1379,RegionF,58.5790000000003
1320,1380,RegionA,25.2901037571396
1320,1380,RegionB,58.9671324886926
1320,1380,RegionC,49.2162418819446
1320,1380,RegionD,130.522188538889
1320,1380,RegionE,31.9834444444445
1320,1380,RegionF,49.1831111111116
1320,1381,RegionA,14.352818853055
1320,1381,RegionB,40.5218700386107
1320,1381,RegionC,49.9551223194446
1320,1381,RegionD,83.8929110111107
1320,1381,RegionE,31.5283333333328
1320,1381,RegionF,41.3964444444446
1320,1382,RegionA,8.20655555555524
1320,1382,RegionB,32.7136483919113
1320,1382,RegionC,56.6316758040443
1320,1382,RegionD,81.0340369151579
1320,1382,RegionE,21.6978333333333
1320,1382,RegionF,42.5346666666673
1320,1383,RegionA,23.9266666666667
1320,1383,RegionB,30.1346483919113
1320,1383,RegionC,78.59525
1320,1383,RegionD,94.5641293858678
1320,1383,RegionE,42.4234999999988
1320,1383,RegionF,71.2488888888888
1320,1384,RegionA,24.9947305575197
1320,1384,RegionB,27.1453772783126
1320,1384,RegionC,77.7526238894125
1320,1384,RegionD,78.8789071636452
1320,1384,RegionE,26.4100555555552
1320,1384,RegionF,55.2817222222235
1320,1385,RegionA,27.0892388928172
1320,1385,RegionB,30.4168611111114
1320,1385,RegionC,79.245689076496
1320,1385,RegionD,62.4405164751311
1320,1385,RegionE,20.4610555555555
1320,1385,RegionF,38.9578333333341
1320,1386,RegionA,32.6696361170036
1320,1386,RegionB,54.833638888889
1320,1386,RegionC,77.8934417330467
1320,1386,RegionD,67.0216165943946
1320,1386,RegionE,21.8334444444445
1320,1386,RegionF,33.9120000000008
1320,1387,RegionA,37.4789777856329
1320,1387,RegionB,88.0440833333334
1320,1387,RegionC,82.67425
1320,1387,RegionD,118.707577769921
1320,1387,RegionE,26.5474444444448
1320,1387,RegionF,37.8390000000003
1320,1388,RegionA,25.7943111189676
1320,1388,RegionB,80.3288668144422
1320,1388,RegionC,75.5467658395738
1320,1388,RegionD,98.1596395603504
1320,1388,RegionE,14.0997777777782
1320,1388,RegionF,18.9146666666675
1320,1389,RegionA,29.5183670906334
1320,1389,RegionB,80.7472759193553
1320,1389,RegionC,64.8888689767726
1320,1389,RegionD,67.2991269021282
1320,1389,RegionE,2.53922222222228
1320,1389,RegionF,15.0339166666673
1320,1390,RegionA,55.3883635261914
1320,1390,RegionB,84.7707183449145
1320,1390,RegionC,65.3020131442491
1320,1390,RegionD,42.0338494290897
1320,1390,RegionE,1.88333333333337
1320,1390,RegionF,3.91291666666673
1320,1391,RegionA,93.3516666666666
1320,1391,RegionB,81.0628410497154
1320,1391,RegionC,69.8548024883643
1320,1391,RegionD,42.5776342396961
1320,1391,RegionE,9.25199999999928
1320,1391,RegionF,18.9654166666667
1368,1392,RegionA,23.5779226224236
1368,1392,RegionB,27.5790386178869
1368,1392,RegionC,37.0429550256417
1368,1392,RegionD,81.1430150079822
1368,1392,RegionE,18.2708333333328
1368,1392,RegionF,49.6770687260661
1368,1393,RegionA,27.4829502583976
1368,1393,RegionB,23.1272222222223
1368,1393,RegionC,30.5918267179483
1368,1393,RegionD,123.162280015966
1368,1393,RegionE,34.4427499999992
1368,1393,RegionF,54.5813318965772
1368,1394,RegionA,31.2114670542635
1368,1394,RegionB,24.5028888888889
1368,1394,RegionC,34.9006984102556
1368,1394,RegionD,157.537322801728
1368,1394,RegionE,51.6294166666655
1368,1394,RegionF,76.1085672893103
1368,1395,RegionA,32.859
1368,1395,RegionB,25.562
1368,1395,RegionC,34.081333
1368,1395,RegionD,194.421836540178
1368,1395,RegionE,111.322749999999
1368,1395,RegionF,99.3241360153771
1368,1396,RegionA,17.8542440442428
1368,1396,RegionB,10.7442947154472
1368,1396,RegionC,10.8557113076918
1368,1396,RegionD,130.422527375103
1368,1396,RegionE,100.65325
1368,1396,RegionF,80.6890281130728
1368,1397,RegionA,20.2886608527134
1368,1397,RegionB,6.02086111111127
1368,1397,RegionC,5.84883961538422
1368,1397,RegionD,100.769817922675
1368,1397,RegionE,97.5573333333332
1368,1397,RegionF,54.3865427203373
1368,1398,RegionA,25.7216996124032
1368,1398,RegionB,4.90541666666658
1368,1398,RegionC,4.80319014529917
1368,1398,RegionD,104.090136248027
1368,1398,RegionE,103.2
1368,1398,RegionF,35.1879739942704
1368,1399,RegionA,31.6353888888888
1368,1399,RegionB,5.44041666666661
1368,1399,RegionC,5.62800000000004
1368,1399,RegionD,170.078289176242
1368,1399,RegionE,122.458
1368,1399,RegionF,61.9479608237593
1368,1400,RegionA,22.9019999999995
1368,1400,RegionB,4.06708333333335
1368,1400,RegionC,4.54566666666674
1368,1400,RegionD,128.443250000001
1368,1400,RegionE,99.271333333334
1368,1400,RegionF,58.7366666666659
1368,1401,RegionA,20.8433333333329
1368,1401,RegionB,5.02666666666671
1368,1401,RegionC,4.76244444444444
1368,1401,RegionD,115.732583333334
1368,1401,RegionE,80.9866666666678
1368,1401,RegionF,55.3140000000006
1368,1402,RegionA,19.7520277777773
1368,1402,RegionB,4.6988888888889
1368,1402,RegionC,11.4513333333335
1368,1402,RegionD,109.168666666668
1368,1402,RegionE,70.6663333333345
1368,1402,RegionF,47.8759166666681
1368,1403,RegionA,41.5096944444444
1368,1403,RegionB,5.0375555555555
1368,1403,RegionC,20.6250000000011
1368,1403,RegionD,121.155166666668
1368,1403,RegionE,53.3496666666681
1368,1403,RegionF,61.8905833333334
1368,1404,RegionA,39.849361111111
1368,1404,RegionB,5.16655555555561
1368,1404,RegionC,10.5975833333331
1368,1404,RegionD,67.5543888888898
1368,1404,RegionE,35.6870000000002
1368,1404,RegionF,52.1797500000007
1368,1405,RegionA,38.7220277777776
1368,1405,RegionB,4.3813333333332
1368,1405,RegionC,8.37958333333329
1368,1405,RegionD,60.6705555555569
1368,1405,RegionE,17.6526666666667
1368,1405,RegionF,53.1900833333342
1368,1406,RegionA,34.9394166666666
1368,1406,RegionB,12.1453333333332
1368,1406,RegionC,8.32125000000011
1368,1406,RegionD,81.5335555555554
1368,1406,RegionE,18.2606666666668
1368,1406,RegionF,69.6953333333337
1368,1407,RegionA,23.3930833333315
1368,1407,RegionB,19.7999999999999
1368,1407,RegionC,19.6466666666668
1368,1407,RegionD,118.086
1368,1407,RegionE,25.7683333333334
1368,1407,RegionF,105.539166666669
1368,1408,RegionA,9.47341666666674
1368,1408,RegionB,19.9013333333332
1368,1408,RegionC,19.479
1368,1408,RegionD,83.4629999999999
1368,1408,RegionE,20.4014444444445
1368,1408,RegionF,82.1816666666673
1368,1409,RegionA,9.15786111111102
1368,1409,RegionB,25.1346666666667
1368,1409,RegionC,20.606
1368,1409,RegionD,69.3200833333323
1368,1409,RegionE,13.2007777777773
1368,1409,RegionF,74.7082222222219
1368,1410,RegionA,12.5524444444444
1368,1410,RegionB,34.0531111111114
1368,1410,RegionC,12.3656666666663
1368,1410,RegionD,68.3958611111107
1368,1410,RegionE,14.2466666666661
1368,1410,RegionF,85.7042222222218
1368,1411,RegionA,16.0677777777777
1368,1411,RegionB,48.3852222222228
1368,1411,RegionC,15.2339166666667
1368,1411,RegionD,81.987527777778
1368,1411,RegionE,29.6805555555557
1368,1411,RegionF,110.950888888888
1368,1412,RegionA,18.0413333333334
1368,1412,RegionB,33.5072222222225
1368,1412,RegionC,13.3970000000001
1368,1412,RegionD,66.7618611111113
1368,1412,RegionE,30.3018888888892
1368,1412,RegionF,69.4838333333305
1368,1413,RegionA,17.6825
1368,1413,RegionB,25.6571111111113
1368,1413,RegionC,10.9693333333335
1368,1413,RegionD,73.4678416809306
1368,1413,RegionE,35.7499800964479
1368,1413,RegionF,42.5840671115101
1368,1414,RegionA,23.0991666666667
1368,1414,RegionB,29.74
1368,1414,RegionC,9.44100000000016
1368,1414,RegionD,92.708905584083
1368,1414,RegionE,41.6361824151171
1368,1414,RegionF,51.2696897785782
1368,1415,RegionA,25.3825000000001
1368,1415,RegionB,42.1209999999997
1368,1415,RegionC,21.0305000000001
1368,1415,RegionD,99.2342194872352
1368,1415,RegionE,42.8591625115636
1368,1415,RegionF,77.7300902234238
1368,1416,RegionA,26.7235
1368,1416,RegionB,25.3579999999994
1368,1416,RegionC,15.4964999999994
1368,1416,RegionD,64.1641083761243
1368,1416,RegionE,26.0057180671192
1368,1416,RegionF,70.4380902234233
1368,1417,RegionA,28.9939166666666
1368,1417,RegionB,12.1213333333323
1368,1417,RegionC,3.48216666666668
1368,1417,RegionD,59.0874972650139
1368,1417,RegionE,19.7110514004521
1368,1417,RegionF,69.8087846678679
1368,1418,RegionA,38.1352499999994
1368,1418,RegionB,24.009
1368,1418,RegionC,15.3311666666667
1368,1418,RegionD,54.3282685085946
1368,1418,RegionE,28.9712103570509
1368,1418,RegionF,79.9765211343541
1368,1419,RegionA,51.5599166666662
1368,1419,RegionB,35.1643333333337
1368,1419,RegionC,26.6703333333333
1368,1419,RegionD,64.4712879387754
1368,1419,RegionE,53.4580080383816
1368,1419,RegionF,102.297454022842
1368,1420,RegionA,45.9949166666665
1368,1420,RegionB,23.0703333333333
1368,1420,RegionC,26.1160000000001
1368,1420,RegionD,55.8516684800674
1368,1420,RegionE,49.4922501641569
1368,1420,RegionF,76.3393869113303
1368,1421,RegionA,39.7200000000005
1368,1421,RegionB,14.0193333333335
1368,1421,RegionC,24.0388333333334
1368,1421,RegionD,60.8399999999999
1368,1421,RegionE,41.5161111111111
1368,1421,RegionF,63.0144444444441
1368,1422,RegionA,31.2092222222221
1368,1422,RegionB,22.9320000000003
1368,1422,RegionC,21.2645833333334
1368,1422,RegionD,62.9730000000002
1368,1422,RegionE,43.5869444444441
1368,1422,RegionF,57.4228888888888
1368,1423,RegionA,49.6742222222215
1368,1423,RegionB,31.860777777778
1368,1423,RegionC,15.8567499999997
1368,1423,RegionD,115.63275
1368,1423,RegionE,50.0974999999999
1368,1423,RegionF,73.6533888888888
1368,1424,RegionA,42.5295555555551
1368,1424,RegionB,31.7934444444444
1368,1424,RegionC,9.20774999999949
1368,1424,RegionD,100.665333333334
1368,1424,RegionE,39.7219999999994
1368,1424,RegionF,42.4799444444451
1368,1425,RegionA,33.5118888888884
1368,1425,RegionB,31.5026111111112
1368,1425,RegionC,8.45075000000016
1368,1425,RegionD,89.1160000000014
1368,1425,RegionE,42.1989999999993
1368,1425,RegionF,25.3848333333362
1368,1426,RegionA,31.9202222222225
1368,1426,RegionB,25.2291666666668
1368,1426,RegionC,8.46750000000033
1368,1426,RegionD,82.0873333333343
1368,1426,RegionE,61.3804444444448
1368,1426,RegionF,33.3065000000004
1368,1427,RegionA,17.2286666666668
1368,1427,RegionB,25.6376666666665
1368,1427,RegionC,9.16866666666692
1368,1427,RegionD,123.390916666666
1368,1427,RegionE,80.9588888888892
1368,1427,RegionF,90.5690000000002
1368,1428,RegionA,9.6271111111109
1368,1428,RegionB,27.5043333333331
1368,1428,RegionC,5.13833333333332
1368,1428,RegionD,111.241333333333
1368,1428,RegionE,66.2442222222223
1368,1428,RegionF,91.8432222222217
1368,1429,RegionA,10.7404444444445
1368,1429,RegionB,26.0506666666666
1368,1429,RegionC,5.19802777777803
1368,1429,RegionD,86.4974444444438
1368,1429,RegionE,60.0791111111112
1368,1429,RegionF,85.5925555555552
1368,1430,RegionA,12.372
1368,1430,RegionB,20.2640000000001
1368,1430,RegionC,2.99886111111135
1368,1430,RegionD,88.1401111111106
1368,1430,RegionE,62.4933333333332
1368,1430,RegionF,71.720222222222
1368,1431,RegionA,17.4844444444445
1368,1431,RegionB,18.9283333333333
1368,1431,RegionC,1.89902777777801
1368,1431,RegionD,108.076111111111
1368,1431,RegionE,81.9831111111106
1368,1431,RegionF,74.5566666666668
1368,1432,RegionA,10.4049444444437
1368,1432,RegionB,12.849
1368,1432,RegionC,6.29691666666664
1368,1432,RegionD,78.2969999999999
1368,1432,RegionE,69.8337645498617
1368,1432,RegionF,57.7190132279171
1368,1433,RegionA,7.81336595625075
1368,1433,RegionB,19.1280221151377
1368,1433,RegionC,28.3422441831933
1368,1433,RegionD,74.4837844120858
1368,1433,RegionE,67.1817513219468
1368,1433,RegionF,36.4176931224994
1368,1434,RegionA,13.9142874680573
1368,1434,RegionB,24.7245997858312
1368,1434,RegionC,51.1191550330533
1368,1434,RegionD,59.1519854908357
1368,1434,RegionE,74.3332936495866
1368,1434,RegionF,28.7890396837468
1368,1435,RegionA,22.1463200909748
1368,1435,RegionB,32.7028441231909
1368,1435,RegionC,79.7607854311499
1368,1435,RegionD,73.187186569587
1368,1435,RegionE,49.2652219122192
1368,1435,RegionF,38.8390585395447
1368,1436,RegionA,19.6107645354193
1368,1436,RegionB,42.2169628876741
1368,1436,RegionC,82.253
1368,1436,RegionD,55.1670754584756
1368,1436,RegionE,26.0079018068022
1368,1436,RegionF,39.2993786449623
1368,1437,RegionA,19.8215978687526
1368,1437,RegionB,55.6641782490583
1368,1437,RegionC,81.4566666666666
1368,1437,RegionD,26.7918323193158
1368,1437,RegionE,17.4972483680504
1368,1437,RegionF,32.8103654170464
1368,1438,RegionA,22.4540915809744
1368,1438,RegionB,64.0546792877441
1368,1438,RegionC,80.807
1368,1438,RegionD,16.8922979072315
1368,1438,RegionE,18.0052615959663
1368,1438,RegionF,28.8480029614201
1368,1439,RegionA,25.762058958057
1368,1439,RegionB,69.3216528362104
1368,1439,RegionC,73.5408024883643
1368,1439,RegionD,25.6925412729243
1368,1439,RegionE,71.5216666666667
1368,1439,RegionF,43.162666666667
1392,1416,RegionA,75.2452762870375
1392,1416,RegionB,52.393592913044
1392,1416,RegionC,23.2383749999994
1392,1416,RegionD,43.7350137967448
1392,1416,RegionE,15.0030753365065
1392,1416,RegionF,39.8008333333334
1392,1417,RegionA,70.472636240741
1392,1417,RegionB,53.9195076111128
1392,1417,RegionC,19.088
1392,1417,RegionD,79.7508443640221
1392,1417,RegionE,19.6482340063467
1392,1417,RegionF,43.9354166666668
1392,1418,RegionA,59.3693329999999
1392,1418,RegionB,52.140667
1392,1418,RegionC,32.8208368055554
1392,1418,RegionD,136.060576073811
1392,1418,RegionE,21.8194760095199
1392,1418,RegionF,55.7904166666667
1392,1419,RegionA,57.564946425928
1392,1419,RegionB,46.476
1392,1419,RegionC,42.182
1392,1419,RegionD,194.594974450268
1392,1419,RegionE,36.3163846793599
1392,1419,RegionF,80.4944166666666
1392,1420,RegionA,36.1286964259283
1392,1420,RegionB,21.2797404202884
1392,1420,RegionC,31.9366250000001
1392,1420,RegionD,165.568803474423
1392,1420,RegionE,23.5366624571377
1392,1420,RegionF,59.0375833333331
1392,1421,RegionA,34.2653961425945
1392,1421,RegionB,18.7996554296281
1392,1421,RegionC,25.8605556666666
1392,1421,RegionD,138.646280528311
1392,1421,RegionE,12.2774733439107
1392,1421,RegionF,61.0864444444441
1392,1422,RegionA,32.8268337001547
1392,1422,RegionB,32.1393591314808
1392,1422,RegionC,21.757854388889
1392,1422,RegionD,104.088054772071
1392,1422,RegionE,16.8133980074041
1392,1422,RegionF,57.4228888888888
1392,1423,RegionA,50.3016427279317
1392,1423,RegionB,45.941667
1392,1423,RegionC,19.357824407407
1392,1423,RegionD,132.75882097154
1392,1423,RegionE,26.03404489312
1392,1423,RegionF,73.6533888888888
1392,1424,RegionA,41.9335795853392
1392,1424,RegionB,45.9000337166665
1392,1424,RegionC,14.5501612129622
1392,1424,RegionD,98.6710059284171
1392,1424,RegionE,24.5033028899465
1392,1424,RegionF,42.4799444444451
1392,1425,RegionA,33.436797511265
1392,1425,RegionB,45.6092003833333
1392,1425,RegionC,13.9159169999998
1392,1425,RegionD,72.4146684387358
1392,1425,RegionE,39.4036666666666
1392,1425,RegionF,25.3848333333362
1392,1426,RegionA,31.9202222222225
1392,1426,RegionB,39.3357559388889
1392,1426,RegionC,22.972667
1392,1426,RegionD,62.5155770611125
1392,1426,RegionE,52.3404444444448
1392,1426,RegionF,33.3065000000004
1392,1427,RegionA,17.2286666666668
1392,1427,RegionB,35.1987993956168
1392,1427,RegionC,44.534667
1392,1427,RegionD,110.125615193272
1392,1427,RegionE,62.8788888888892
1392,1427,RegionF,76.9871684111113
1392,1428,RegionA,9.6271111111109
1392,1428,RegionB,32.3632696382094
1392,1428,RegionC,38.6826113333332
1392,1428,RegionD,104.499950617346
1392,1428,RegionE,48.1642222222223
1392,1428,RegionF,78.2613906333328
1392,1429,RegionA,10.7404444444445
1392,1429,RegionB,26.2074065474689
1392,1429,RegionC,36.9205834444447
1392,1429,RegionD,86.2799804858638
1392,1429,RegionE,41.9991111111112
1392,1429,RegionF,72.0107239666663
1392,1430,RegionA,12.372
1392,1430,RegionB,20.2640000000001
1392,1430,RegionC,44.5006927000003
1392,1430,RegionD,88.1401111111106
1392,1430,RegionE,34.5733333333332
1392,1430,RegionF,58.138390633333
1392,1431,RegionA,17.4844444444445
1392,1431,RegionB,18.9283333333333
1392,1431,RegionC,76.9246094866954
1392,1431,RegionD,88.0761111111106
1392,1431,RegionE,40.5393609910822
1392,1431,RegionF,60.9748350777778
1392,1432,RegionA,10.4049444444437
1392,1432,RegionB,8.72900000000004
1392,1432,RegionC,67.7443101562062
1392,1432,RegionD,62.4984165555556
1392,1432,RegionE,35.5766111021931
1392,1432,RegionF,50.4473566304905
1392,1433,RegionA,6.53616666666655
1392,1433,RegionB,13.9003620378906
1392,1433,RegionC,68.6148151637509
1392,1433,RegionD,72.9704164444458
1392,1433,RegionE,38.1525278799711
1392,1433,RegionF,33.1925729183889
1392,1434,RegionA,11.3598888888889
1392,1434,RegionB,18.389279631337
1392,1434,RegionC,82.9573333333333
1392,1434,RegionD,71.923833
1392,1434,RegionE,43.4506668799706
1392,1434,RegionF,23.9513593775811
1392,1435,RegionA,18.3147222222222
1392,1435,RegionB,25.2598638914496
1392,1435,RegionC,82.9893333333334
1392,1435,RegionD,100.803544564721
1392,1435,RegionE,31.0684198143678
1392,1435,RegionF,37.4655328405726
1392,1436,RegionA,15.7791666666667
1392,1436,RegionB,23.403419447005
1392,1436,RegionC,72.1727258089493
1392,1436,RegionD,93.1392813608812
1392,1436,RegionE,19.7866238759255
1392,1436,RegionF,40.2738661739056
1392,1437,RegionA,15.99
1392,1437,RegionB,21.5394194470058
1392,1437,RegionC,65.9983451135283
1392,1437,RegionD,74.1513237125959
1392,1437,RegionE,14.9333737648146
1392,1437,RegionF,41.4294268509456
1392,1438,RegionA,19.3036666666667
1392,1438,RegionB,17.7798189527234
1392,1438,RegionC,71.7318009375116
1392,1438,RegionD,63.2598785393821
1392,1438,RegionE,15.2064178651005
1392,1438,RegionF,43.7797503719522
1392,1439,RegionA,23.8888333333334
1392,1439,RegionB,26.4652529977134
1392,1439,RegionC,78.6786666666666
1392,1439,RegionD,77.290168962415
1392,1439,RegionE,37.9049217561264
1392,1439,RegionF,64.7735451726349
1392,1440,RegionA,19.0067500000003
1392,1440,RegionB,21.2181687375999
1392,1440,RegionC,66.5656922528369
1392,1440,RegionD,53.1441807622181
1392,1440,RegionE,32.8232550894595
1392,1440,RegionF,49.3207587134418
1392,1441,RegionA,20.2937591481484
1392,1441,RegionB,21.3075122034018
1392,1441,RegionC,58.2557099921563
1392,1441,RegionD,49.1019908785161
1392,1441,RegionE,43.4699217561262
1392,1441,RegionF,38.0195504660967
1392,1442,RegionA,32.3277405185189
1392,1442,RegionB,22.4633394350341
1392,1442,RegionC,54.747313496078
1392,1442,RegionD,70.2166898837027
1392,1442,RegionE,40.5536429338934
1392,1442,RegionF,44.0808292883283
1392,1443,RegionA,45.3215830000001
1392,1443,RegionB,24.34
1392,1443,RegionC,60.520667
1392,1443,RegionD,141.361555555555
1392,1443,RegionE,64.6595709447191
1392,1443,RegionF,50.4695401663915
1392,1444,RegionA,36.579333
1392,1444,RegionB,25.2965833333334
1392,1444,RegionC,46.544943262629
1392,1444,RegionD,134.322945959591
1392,1444,RegionE,52.4931666666658
1392,1444,RegionF,47.439333333333
1392,1445,RegionA,36.5757774444445
1392,1445,RegionB,22.6852331136139
1392,1445,RegionC,39.67951570457
1392,1445,RegionD,123.052279292925
1392,1445,RegionE,47.1022222222215
1392,1445,RegionF,54.8149722222225
1392,1446,RegionA,42.1987496666671
1392,1446,RegionB,15.7155650282309
1392,1446,RegionC,37.5330726788432
1392,1446,RegionD,130.280945959593
1392,1446,RegionE,44.5539999999996
1392,1446,RegionF,61.2066388888895
1392,1447,RegionA,45.4913500382715
1392,1447,RegionB,16.2597629303059
1392,1447,RegionC,32.906
1392,1447,RegionD,153.81952592031
1392,1447,RegionE,50.2673888888891
1392,1447,RegionF,62.3882222222235
1392,1448,RegionA,33.8945075567898
1392,1448,RegionB,9.64868569867306
1392,1448,RegionC,21.7265776255715
1392,1448,RegionD,125.192895785634
1392,1448,RegionE,37.176444444444
1392,1448,RegionF,34.2243333333344
1392,1449,RegionA,24.3704150753081
1392,1449,RegionB,10.505691800374
1392,1449,RegionC,19.7604238807708
1392,1449,RegionD,112.754330354659
1392,1449,RegionE,32.521444444444
1392,1449,RegionF,17.786
1392,1450,RegionA,24.2233055555548
1392,1450,RegionB,11.8359166666668
1392,1450,RegionC,38.7537317037032
1392,1450,RegionD,98.7682960740755
1392,1450,RegionE,34.4097777777778
1392,1450,RegionF,25.351
1392,1451,RegionA,25.6606388888881
1392,1451,RegionB,16.8000000000002
1392,1451,RegionC,61.026667
1392,1451,RegionD,114.574805222224
1392,1451,RegionE,60.4623333333337
1392,1451,RegionF,47.1222222222226
1392,1452,RegionA,27.1065833333332
1392,1452,RegionB,16.0116666666667
1392,1452,RegionC,50.9993336666666
1392,1452,RegionD,96.8281385555567
1392,1452,RegionE,46.5406666666673
1392,1452,RegionF,38.2340555555563
1392,1453,RegionA,31.1628333333333
1392,1453,RegionB,16.9741111111111
1392,1453,RegionC,41.8453336666662
1392,1453,RegionD,80.7623607777783
1392,1453,RegionE,38.4378888888894
1392,1453,RegionF,30.1296388888894
1392,1454,RegionA,34.1027499999998
1392,1454,RegionB,17.7749999999999
1392,1454,RegionC,57.0235925078747
1392,1454,RegionD,79.1955274444454
1392,1454,RegionE,34.3262133810139
1392,1454,RegionF,35.0830833333341
1392,1455,RegionA,37.5690833333327
1392,1455,RegionB,26.7766942021689
1392,1455,RegionC,83.0453333333334
1392,1455,RegionD,89.816573480247
1392,1455,RegionE,40.9649823175842
1392,1455,RegionF,34.3503055555561
1392,1456,RegionA,29.7948611111108
1392,1456,RegionB,25.1390159167218
1392,1456,RegionC,75.5854096558178
1392,1456,RegionD,67.2298143321
1392,1456,RegionE,27.2337600953608
1392,1456,RegionF,16.3568055555551
1392,1457,RegionA,23.7362289460486
1392,1457,RegionB,32.5328586852257
1392,1457,RegionC,81.2625415338585
1392,1457,RegionD,68.8929718506181
1392,1457,RegionE,29.5924267620276
1392,1457,RegionF,12.2866666666667
1392,1458,RegionA,29.5126801143198
1392,1458,RegionB,55.1471682051927
1392,1458,RegionC,80.0221666666667
1392,1458,RegionD,73.9923611111107
1392,1458,RegionE,46.7740127916002
1392,1458,RegionF,12.3944444444445
1392,1459,RegionA,39.4450201714798
1392,1459,RegionB,86.3826666666666
1392,1459,RegionC,77.7235
1392,1459,RegionD,73.6792666991898
1392,1459,RegionE,65.4314353515516
1392,1459,RegionF,7.62844444444419
1392,1460,RegionA,37.2826035048132
1392,1460,RegionB,74.4144343113856
1392,1460,RegionC,68.0034206547573
1392,1460,RegionD,38.0631833658561
1392,1460,RegionE,42.8304137187428
1392,1460,RegionF,2.84566666666637
1392,1461,RegionA,37.2859368381466
1392,1461,RegionB,63.3458001109404
1392,1461,RegionC,60.8234575871063
1392,1461,RegionD,9.87055742908978
1392,1461,RegionE,26.0235813680504
1392,1461,RegionF,7.33166666666667
1392,1462,RegionA,57.917211458712
1392,1462,RegionB,69.2321677302101
1392,1462,RegionC,59.1172874777433
1392,1462,RegionD,10.51275
1392,1462,RegionE,18.8760833333335
1392,1462,RegionF,12.6516666666667
1392,1463,RegionA,93.6334999999999
1392,1463,RegionB,85.2584999999999
1392,1463,RegionC,60.5074694883643
1392,1463,RegionD,27.5822805116362
1392,1463,RegionE,37.1810833333333
1392,1463,RegionF,36.1803333333342
1416,1440,RegionA,32.2669236111116
1416,1440,RegionB,16.766743055556
1416,1440,RegionC,73.2497709166676
1416,1440,RegionD,103.803308286723
1416,1440,RegionE,18.7549892261636
1416,1440,RegionF,20.2990982371135
1416,1441,RegionA,42.4635777260989
1416,1441,RegionB,17.5375694444442
1416,1441,RegionC,73.0744585000017
1416,1441,RegionD,123.567052736237
1416,1441,RegionE,35.9270617856607
1416,1441,RegionF,37.8948631408933
1416,1442,RegionA,47.5947040633079
1416,1442,RegionB,21.2826736111109
1416,1442,RegionC,55.3943127499993
1416,1442,RegionD,137.09196149985
1416,1442,RegionE,69.1478843451578
1416,1442,RegionF,71.7727692861279
1416,1443,RegionA,49.485333
1416,1443,RegionB,24.34
1416,1443,RegionC,60.520667
1416,1443,RegionD,169.491885127867
1416,1443,RegionE,108.866447872132
1416,1443,RegionF,142.321667
1416,1444,RegionA,30.4831677553007
1416,1444,RegionB,16.2028333333335
1416,1444,RegionC,43.6816040142361
1416,1444,RegionD,138.412138404938
1416,1444,RegionE,101.798271062635
1416,1444,RegionF,121.840346540664
1416,1445,RegionA,27.7659469550456
1416,1445,RegionB,19.8458888888896
1416,1445,RegionC,40.8329576951387
1416,1445,RegionD,113.006587782338
1416,1445,RegionE,114.32556647536
1416,1445,RegionF,90.5302744254468
1416,1446,RegionA,33.4711951988263
1416,1446,RegionB,20.1172228009265
1416,1446,RegionC,37.3264450135417
1416,1446,RegionD,106.692186652678
1416,1446,RegionE,134.257090333224
1416,1446,RegionF,49.2161655563597
1416,1447,RegionA,42.6488368468921
1416,1447,RegionB,19.1613686342597
1416,1447,RegionC,32.906
1416,1447,RegionD,121.391822296624
1416,1447,RegionE,133.636
1416,1447,RegionF,38.7855555555568
1416,1448,RegionA,39.3448299024477
1416,1448,RegionB,11.1462922453703
1416,1448,RegionC,22.3656457500007
1416,1448,RegionD,93.454255247957
1416,1448,RegionE,85.8880879653361
1416,1448,RegionF,21.1016666666678
1416,1449,RegionA,32.411
1416,1449,RegionB,10.5992991898146
1416,1449,RegionC,21.3793305184259
1416,1449,RegionD,92.9644290479506
1416,1449,RegionE,47.222913466031
1416,1449,RegionF,13.6873333333332
1416,1450,RegionA,30.7413450417493
1416,1450,RegionB,12.874449104718
1416,1450,RegionC,39.6675398453055
1416,1450,RegionD,90.2979160082275
1416,1450,RegionE,34.4097777777778
1416,1450,RegionF,25.351
1416,1451,RegionA,29.7940297825725
1416,1451,RegionB,18.8078293802327
1416,1451,RegionC,61.026667
1416,1451,RegionD,125.073584948307
1416,1451,RegionE,43.8223333333337
1416,1451,RegionF,47.1222222222226
1416,1452,RegionA,28.8553256345074
1416,1452,RegionB,16.9809636088479
1416,1452,RegionC,51.6488457571484
1416,1452,RegionD,110.100587221719
1416,1452,RegionE,29.9006666666673
1416,1452,RegionF,38.2340555555563
1416,1453,RegionA,31.1628333333333
1416,1453,RegionB,16.9741111111111
1416,1453,RegionC,43.1788611111116
1416,1453,RegionD,96.0688333333329
1416,1453,RegionE,21.7978888888894
1416,1453,RegionF,30.1296388888894
1416,1454,RegionA,40.8618377192983
1416,1454,RegionB,17.7749999999999
1416,1454,RegionC,61.5433567251464
1416,1454,RegionD,86.262
1416,1454,RegionE,15.9808888888891
1416,1454,RegionF,35.0830833333341
1416,1455,RegionA,51.0872587719296
1416,1455,RegionB,34.2900745614026
1416,1455,RegionC,83.0453333333334
1416,1455,RegionD,87.7263333333336
1416,1455,RegionE,22.0236666666669
1416,1455,RegionF,34.3503055555561
1416,1456,RegionA,43.3130365497077
1416,1456,RegionB,28.0102967836252
1416,1456,RegionC,79.7829999999996
1416,1456,RegionD,50.0534166666675
1416,1456,RegionE,18.2231111111112
1416,1456,RegionF,21.9568055555551
1416,1457,RegionA,40.9250891812866
1416,1457,RegionB,26.4830745614033
1416,1457,RegionC,82.7460029239766
1416,1457,RegionD,56.2677500000007
1416,1457,RegionE,20.8911111111112
1416,1457,RegionF,20.9906666666669
1416,1458,RegionA,55.9675584795323
1416,1458,RegionB,31.9513026315799
1416,1458,RegionC,80.0221666666667
1416,1458,RegionD,65.725694444444
1416,1458,RegionE,33.7576666666671
1416,1458,RegionF,30.4184444444446
1416,1459,RegionA,92.1259166666667
1416,1459,RegionB,36.5919999999996
1416,1459,RegionC,77.7235
1416,1459,RegionD,67.1254722222208
1416,1459,RegionE,41.7510000000005
1416,1459,RegionF,34.9724444444443
1416,1460,RegionA,81.8295668128653
1416,1460,RegionB,25.6201635964917
1416,1460,RegionC,60.5872695906441
1416,1460,RegionD,41.4693888888871
1416,1460,RegionE,27.8436666666674
1416,1460,RegionF,26.0896666666658
1416,1461,RegionA,65.6948488304098
1416,1461,RegionB,14.9576271929838
1416,1461,RegionC,54.3651897351546
1416,1461,RegionD,21.3385520914986
1416,1461,RegionE,26.4931154832874
1416,1461,RegionF,21.8316666666659
1416,1462,RegionA,57.4898208333317
1416,1462,RegionB,15.7269089912293
1416,1462,RegionC,51.6068239147541
1416,1462,RegionD,22.9953541829986
1416,1462,RegionE,32.7559254110192
1416,1462,RegionF,47.7323333333328
1416,1463,RegionA,93.6334999999999
1416,1463,RegionB,16.497575657896
1416,1463,RegionC,59.5974200719744
1416,1463,RegionD,40.868480244669
1416,1463,RegionE,48.6456242276397
1416,1463,RegionF,81.1005664644889
1416,1464,RegionA,66.1326609649116
1416,1464,RegionB,17.3741120614042
1416,1464,RegionC,34.8980282591094
1416,1464,RegionD,41.2087024668913
1416,1464,RegionE,41.2906242276396
1416,1464,RegionF,49.2285664644888
1416,1465,RegionA,47.155
1416,1465,RegionB,19.5541640941299
1416,1465,RegionC,24.57
1416,1465,RegionD,46.2205063248534
1416,1465,RegionE,31.7370964498625
1416,1465,RegionF,40.9893442422673
1416,1466,RegionA,46.617333
1416,1466,RegionB,31.1128458152268
1416,1466,RegionC,25.7385408012812
1416,1466,RegionD,62.4127439780223
1416,1466,RegionE,34.3446921632021
1416,1466,RegionF,45.020122020045
1416,1467,RegionA,56.757333
1416,1467,RegionB,47.378667
1416,1467,RegionC,30.464
1416,1467,RegionD,155.601134633373
1416,1467,RegionE,48.2069933465822
1416,1467,RegionF,62.3863442422672
1416,1468,RegionA,50.6220929093561
1416,1468,RegionB,41.999852443208
1416,1468,RegionC,26.285
1416,1468,RegionD,138.400523067105
1416,1468,RegionE,51.2836278632936
1416,1468,RegionF,43.6904314948157
1416,1469,RegionA,24.7064860782157
1416,1469,RegionB,34.9485891606219
1416,1469,RegionC,23.0578130699793
1416,1469,RegionD,118.395833913404
1416,1469,RegionE,57.4419999999999
1416,1469,RegionF,36.2652222222226
1416,1470,RegionA,23.7864166666667
1416,1470,RegionB,29.5513235314045
1416,1470,RegionC,18.296667
1416,1470,RegionD,105.698065024148
1416,1470,RegionE,89.456583333334
1416,1470,RegionF,36.5243333333335
1416,1471,RegionA,31.6600833333334
1416,1471,RegionB,39.234
1416,1471,RegionC,21.6
1416,1471,RegionD,113.302580986701
1416,1471,RegionE,157.986666666667
1416,1471,RegionF,49.8206412355204
1416,1472,RegionA,21.6623194444446
1416,1472,RegionB,25.1153920652086
1416,1472,RegionC,17.8620097155097
1416,1472,RegionD,84.5558319837614
1416,1472,RegionE,141.84
1416,1472,RegionF,39.7231412355206
1416,1473,RegionA,19.5400555555554
1416,1473,RegionB,18.1573698103819
1416,1473,RegionC,15.2856156797379
1416,1473,RegionD,73.8019288299142
1416,1473,RegionE,132.302944444444
1416,1473,RegionF,32.9064190132985
1416,1474,RegionA,24.9050555555555
1416,1474,RegionB,30.454667
1416,1474,RegionC,16.7272216439659
1416,1474,RegionD,75.4201090094013
1416,1474,RegionE,101.838638888889
1416,1474,RegionF,57.1104745688545
1416,1475,RegionA,30.0713888888888
1416,1475,RegionB,41.520667
1416,1475,RegionC,33.94
1416,1475,RegionD,109.311330653367
1416,1475,RegionE,95.0226111111116
1416,1475,RegionF,77.8413634577431
1416,1476,RegionA,26.0961111111112
1416,1476,RegionB,39.1335003333333
1416,1476,RegionC,46.222222222222
1416,1476,RegionD,77.5819973200344
1416,1476,RegionE,48.8450000000006
1416,1476,RegionF,63.1710301244112
1416,1477,RegionA,27.5677777777778
1416,1477,RegionB,41.9902683138809
1416,1477,RegionC,57.1888804662234
1416,1477,RegionD,61.6234641246562
1416,1477,RegionE,32.1716666666674
1416,1477,RegionF,40.4708593174608
1416,1478,RegionA,27.9957777777778
1416,1478,RegionB,44.898823282053
1416,1478,RegionC,66.4433568997781
1416,1478,RegionD,60.6946253737248
1416,1478,RegionE,32.277527777778
1416,1478,RegionF,29.7865833333338
1416,1479,RegionA,38.8244444444449
1416,1479,RegionB,45.8694355994301
1416,1479,RegionC,79.0730833333332
1416,1479,RegionD,89.0111199561254
1416,1479,RegionE,62.8380833333337
1416,1479,RegionF,33.7142499999998
1416,1480,RegionA,26.8615555555562
1416,1480,RegionB,40.5321151222315
1416,1480,RegionC,69.8508995991993
1416,1480,RegionD,60.61434638968
1416,1480,RegionE,53.6373055555571
1416,1480,RegionF,25.1342499999994
1416,1481,RegionA,32.5813333333331
1416,1481,RegionB,48.2178504324856
1416,1481,RegionC,53.2466425301081
1416,1481,RegionD,50.7788959262953
1416,1481,RegionE,25.1898888888896
1416,1481,RegionF,28.931
1416,1482,RegionA,36.2306851625064
1416,1482,RegionB,55.977142275432
1416,1482,RegionC,56.9732660393222
1416,1482,RegionD,60.0364343005163
1416,1482,RegionE,14.0886388888897
1416,1482,RegionF,47.446
1416,1483,RegionA,65.3567036583466
1416,1483,RegionB,85.6329999999999
1416,1483,RegionC,76.1344166666666
1416,1483,RegionD,85.3249074527645
1416,1483,RegionE,8.10275000000036
1416,1483,RegionF,63.8009999999997
1416,1484,RegionA,60.544481436125
1416,1484,RegionB,71.1397790076967
1416,1484,RegionC,71.5507155747038
1416,1484,RegionD,57.5493573148073
1416,1484,RegionE,5.24875000000002
1416,1484,RegionF,42.5629444444446
1416,1485,RegionA,53.2134814361253
1416,1485,RegionB,55.3800752229366
1416,1485,RegionC,74.1522975406365
1416,1485,RegionD,49.5429235780817
1416,1485,RegionE,4.6697222222224
1416,1485,RegionF,18.9502777777783
1416,1486,RegionA,58.1801467503686
1416,1486,RegionB,62.9138930427666
1416,1486,RegionC,79.8443333333334
1416,1486,RegionD,43.4871824290898
1416,1486,RegionE,4.68222222222234
1416,1486,RegionF,5.85777777777825
1416,1487,RegionA,62.3167407407407
1416,1487,RegionB,75.8934077407406
1416,1487,RegionC,79.2819999999999
1416,1487,RegionD,56.7990181851879
1416,1487,RegionE,34.1625555555549
1416,1487,RegionF,25.3116666666667
1440,1464,RegionA,45.8601385555577
1440,1464,RegionB,52.495333
1440,1464,RegionC,26.4056487892721
1440,1464,RegionD,74.9777243091876
1440,1464,RegionE,15.9141666666666
1440,1464,RegionF,45.0411553459852
1440,1465,RegionA,41.1405552222225
1440,1465,RegionB,49.930333
1440,1465,RegionC,24.57
1440,1465,RegionD,100.468384419142
1440,1465,RegionE,34.1700833333333
1440,1465,RegionF,65.2903940253039
1440,1466,RegionA,46.617333
1440,1466,RegionB,50.743333
1440,1466,RegionC,29.7911666666662
1440,1466,RegionD,137.755562406488
1440,1466,RegionE,59.9277499999999
1440,1466,RegionF,79.4554938157331
1440,1467,RegionA,56.757333
1440,1467,RegionB,47.378667
1440,1467,RegionC,30.464
1440,1467,RegionD,225.996300005636
1440,1467,RegionE,100.900694466324
1440,1467,RegionF,127.344644416929
1440,1468,RegionA,47.3033611111107
1440,1468,RegionB,31.325833999998
1440,1468,RegionC,19.0540179885058
1440,1468,RegionD,179.40484942909
1440,1468,RegionE,96.2934565008091
1440,1468,RegionF,97.7892865260438
1440,1469,RegionA,27.275833333331
1440,1469,RegionB,24.8256673333316
1440,1469,RegionC,17.9981668888891
1440,1469,RegionD,153.474877949395
1440,1469,RegionE,80.2313333333342
1440,1469,RegionF,68.236287828385
1440,1470,RegionA,28.1809999999998
1440,1470,RegionB,28.3139860962955
1440,1470,RegionC,18.296667
1440,1470,RegionD,138.579898243102
1440,1470,RegionE,70.7384166666678
1440,1470,RegionF,63.5869208828216
1440,1471,RegionA,48.5659441111113
1440,1471,RegionB,39.234
1440,1471,RegionC,21.6
1440,1471,RegionD,177.042540381682
1440,1471,RegionE,68.5802222222229
1440,1471,RegionF,80.3382655072059
1440,1472,RegionA,37.707333
1440,1472,RegionB,24.9433828222239
1440,1472,RegionC,20.7621665555555
1440,1472,RegionD,145.481312905444
1440,1472,RegionE,49.938388888889
1440,1472,RegionF,58.702110272332
1440,1473,RegionA,33.241333
1440,1473,RegionB,16.9547771111128
1440,1473,RegionC,21.0657263781475
1440,1473,RegionD,127.801264028835
1440,1473,RegionE,47.9949444444445
1440,1473,RegionF,45.5072883707916
1440,1474,RegionA,41.8966663333334
1440,1474,RegionB,24.7793136451855
1440,1474,RegionC,22.773333
1440,1474,RegionD,123.088992606665
1440,1474,RegionE,39.9439722222233
1440,1474,RegionF,53.973888859259
1440,1475,RegionA,50.353333
1440,1475,RegionB,41.520667
1440,1475,RegionC,33.94
1440,1475,RegionD,155.75375
1440,1475,RegionE,37.0123888888891
1440,1475,RegionF,69.127222222222
1440,1476,RegionA,46.3780552222224
1440,1476,RegionB,36.4107413046953
1440,1476,RegionC,49.1019680434517
1440,1476,RegionD,98.2158743185195
1440,1476,RegionE,16.4863333333337
1440,1476,RegionF,54.4568888888901
1440,1477,RegionA,42.5975655351839
1440,1477,RegionB,44.176743780625
1440,1477,RegionC,59.757259374188
1440,1477,RegionD,70.3965424211124
1440,1477,RegionE,8.98766666666675
1440,1477,RegionF,35.0971388888904
1440,1478,RegionA,43.6964444444444
1440,1478,RegionB,63.6888308633461
1440,1478,RegionC,67.7187619786466
1440,1478,RegionD,56.9703238246744
1440,1478,RegionE,9.35575000000006
1440,1478,RegionF,20.6665833333338
1440,1479,RegionA,61.4515555555558
1440,1479,RegionB,79.9633384638452
1440,1479,RegionC,79.0730833333332
1440,1479,RegionD,79.8101059805994
1440,1479,RegionE,33.5580833333337
1440,1479,RegionF,15.4742499999998
1440,1480,RegionA,46.1983333333337
1440,1480,RegionB,78.9268075643467
1440,1480,RegionC,64.8590542991291
1440,1480,RegionD,49.4793881365247
1440,1480,RegionE,30.2726388888898
1440,1480,RegionF,6.8942499999994
1440,1481,RegionA,51.8299769129889
1440,1481,RegionB,69.5908222706367
1440,1481,RegionC,59.7993668279468
1440,1481,RegionD,42.5025562106504
1440,1481,RegionE,10.3985555555556
1440,1481,RegionF,4.8243333333333
1440,1482,RegionA,64.4756551231612
1440,1482,RegionB,72.6105189483226
1440,1482,RegionC,62.7840190627718
1440,1482,RegionD,46.7386679768553
1440,1482,RegionE,15.470638888889
1440,1482,RegionF,8.67266666666663
1440,1483,RegionA,96.214
1440,1483,RegionB,85.6329999999999
1440,1483,RegionC,76.1344166666666
1440,1483,RegionD,83.4947797430607
1440,1483,RegionE,26.1315813680503
1440,1483,RegionF,16.7450000000001
1440,1484,RegionA,82.2817777777784
1440,1484,RegionB,61.5258293445326
1440,1484,RegionC,71.1930039888004
1440,1484,RegionD,54.4933352986157
1440,1484,RegionE,24.1395813680504
1440,1484,RegionF,14.9624999999999
1440,1485,RegionA,66.2984023563142
1440,1485,RegionB,48.831742022399
1440,1485,RegionC,66.8951902190145
1440,1485,RegionD,41.0097229231137
1440,1485,RegionE,22.4272202569394
1440,1485,RegionF,10.4464999999998
1440,1486,RegionA,57.3177435783592
1440,1486,RegionB,42.1210695624378
1440,1486,RegionC,72.1345221120256
1440,1486,RegionD,35.5931667124639
1440,1486,RegionE,28.7911651240326
1440,1486,RegionF,19.0078884662399
1440,1487,RegionA,61.9198817933061
1440,1487,RegionB,46.9773473405531
1440,1487,RegionC,79.2819999999999
1440,1487,RegionD,48.7044422208179
1440,1487,RegionE,68.4082739350671
1440,1487,RegionF,28.4734435991466
1440,1488,RegionA,55.0647330917876
1440,1488,RegionB,41.0430135784716
1440,1488,RegionC,60.1828254471213
1440,1488,RegionD,43.9327761634479
1440,1488,RegionE,54.9820692311345
1440,1488,RegionF,24.9031102658142
1440,1489,RegionA,49.8239830917875
1440,1489,RegionB,27.690333
1440,1489,RegionC,44.112
1440,1489,RegionD,70.7771710779301
1440,1489,RegionE,54.494402564468
1440,1489,RegionF,21.430776932481
1440,1490,RegionA,44.668
1440,1490,RegionB,34.3448124463335
1440,1490,RegionC,34.5031728358151
1440,1490,RegionD,96.1171215479688
1440,1490,RegionE,66.292921792957
1440,1490,RegionF,27.87077693248
1440,1491,RegionA,35.226
1440,1491,RegionB,39.9380823103629
1440,1491,RegionC,26.141333
1440,1491,RegionD,115.941806911859
1440,1491,RegionE,90.2232230041218
1440,1491,RegionF,50.0801103292105
1440,1492,RegionA,30.4183714444441
1440,1492,RegionB,31.649
1440,1492,RegionC,22.6010784459928
1440,1492,RegionD,107.222661220674
1440,1492,RegionE,44.8237781370296
1440,1492,RegionF,43.6864440851921
1440,1493,RegionA,28.799409555555
1440,1493,RegionB,26.1264386337865
1440,1493,RegionC,24.1052363349802
1440,1493,RegionD,98.876554364567
1440,1493,RegionE,36.4472499999999
1440,1493,RegionF,46.7945277777778
1440,1494,RegionA,28.9333226666663
1440,1494,RegionB,25.6573760045096
1440,1494,RegionC,26.3333825582338
1440,1494,RegionD,101.728224326144
1440,1494,RegionE,40.998777777778
1440,1494,RegionF,51.7528611111118
1440,1495,RegionA,33.013333
1440,1495,RegionB,28.141667
1440,1495,RegionC,29.069333
1440,1495,RegionD,133.794083666665
1440,1495,RegionE,47.7104444444449
1440,1495,RegionF,89.1146666666669
1440,1496,RegionA,32.1339894608774
1440,1496,RegionB,22.8445224903363
1440,1496,RegionC,25.2462267535452
1440,1496,RegionD,107.351688752182
1440,1496,RegionE,37.8941111111114
1440,1496,RegionF,81.2878225430567
1440,1497,RegionA,33.740667
1440,1497,RegionB,30.4340860945386
1440,1497,RegionC,20.321307021554
1440,1497,RegionD,99.83682257557
1440,1497,RegionE,39.3433333333344
1440,1497,RegionF,70.6720339750021
1440,1498,RegionA,34.4016846039373
1440,1498,RegionB,38.851333
1440,1498,RegionC,20.322667
1440,1498,RegionD,122.567347766892
1440,1498,RegionE,46.3408888888893
1440,1498,RegionF,72.6246342958367
1440,1499,RegionA,40.1510494300965
1440,1499,RegionB,56.348
1440,1499,RegionC,60.718
1440,1499,RegionD,132.659760178554
1440,1499,RegionE,60.6106779968998
1440,1499,RegionF,58.9948457277833
1440,1500,RegionA,35.5209557634298
1440,1500,RegionB,44.9736654537268
1440,1500,RegionC,63.1616269123884
1440,1500,RegionD,104.372950367995
1440,1500,RegionE,25.9720113302324
1440,1500,RegionF,33.9146235055595
1440,1501,RegionA,29.8362556865871
1440,1501,RegionB,34.1890759156351
1440,1501,RegionC,66.0360212295276
1440,1501,RegionD,64.4625572241034
1440,1501,RegionE,13.2270391080091
1440,1501,RegionF,31.8501619472494
1440,1502,RegionA,25.2078492257097
1440,1502,RegionB,36.733971023872
1440,1502,RegionC,55.4496623493264
1440,1502,RegionD,50.0841111111115
1440,1502,RegionE,19.2240946635649
1440,1502,RegionF,39.0919505153036
1440,1503,RegionA,19.4808441742747
1440,1503,RegionB,69.2976831899105
1440,1503,RegionC,81.0685
1440,1503,RegionD,61.9910000000008
1440,1503,RegionE,38.8944279968984
1440,1503,RegionF,42.240405750024
1440,1504,RegionA,9.90677457033771
1440,1504,RegionB,55.9337392856214
1440,1504,RegionC,74.2805582735068
1440,1504,RegionD,51.4303333333338
1440,1504,RegionE,37.123594663565
1440,1504,RegionF,23.1151943180781
1440,1505,RegionA,9.99117566361357
1440,1505,RegionB,62.8310706009671
1440,1505,RegionC,61.786369726012
1440,1505,RegionD,48.8786111111114
1440,1505,RegionE,37.4849395649605
1440,1505,RegionF,11.7531111111109
1440,1506,RegionA,8.65011111111123
1440,1506,RegionB,79.5121297897661
1440,1506,RegionC,70.5555368769007
1440,1506,RegionD,53.2603888888888
1440,1506,RegionE,31.8491666666681
1440,1506,RegionF,5.60633333333328
1440,1507,RegionA,55.5451111111106
1440,1507,RegionB,82.2280000000024
1440,1507,RegionC,84.2126666666666
1440,1507,RegionD,107.134555555555
1440,1507,RegionE,29.8909999999998
1440,1507,RegionF,5.27333333333336
1440,1508,RegionA,50.9575833333329
1440,1508,RegionB,70.9325930421415
1440,1508,RegionC,80.0212958467487
1440,1508,RegionD,95.1836111111093
1440,1508,RegionE,9.13400000000008
1440,1508,RegionF,3.67333333333336
1440,1509,RegionA,64.0057499999995
1440,1509,RegionB,65.513866065898
1440,1509,RegionC,76.9206339341031
1440,1509,RegionD,65.7141666666668
1440,1509,RegionE,2.46133333333334
1440,1509,RegionF,3.01666666666664
1440,1510,RegionA,88.5977499999994
1440,1510,RegionB,71.1527193282555
1440,1510,RegionC,70.6374473384131
1440,1510,RegionD,68.877222222223
1440,1510,RegionE,2.73333333333333
1440,1510,RegionF,3.85499999999993
1440,1511,RegionA,97.7760833333334
1440,1511,RegionB,85.1456666666667
1440,1511,RegionC,62.7868024883643
1440,1511,RegionD,163.173308622749
1440,1511,RegionE,61.4040000000015
1440,1511,RegionF,37.2461111111111
1464,1488,RegionA,49.2920879361534
1464,1488,RegionB,56.2450970555525
1464,1488,RegionC,54.7448828427113
1464,1488,RegionD,68.0587654989147
1464,1488,RegionE,23.9254999999999
1464,1488,RegionF,42.4188333333334
1464,1489,RegionA,46.8372484048595
1464,1489,RegionB,27.690333
1464,1489,RegionC,44.112
1464,1489,RegionD,131.470585372919
1464,1489,RegionE,30.0720833333332
1464,1489,RegionF,70.4674721111114
1464,1490,RegionA,41.7080037982823
1464,1490,RegionB,34.401703737481
1464,1490,RegionC,37.561333
1464,1490,RegionD,187.060320464239
1464,1490,RegionE,46.5327503333309
1464,1490,RegionF,99.9581942222226
1464,1491,RegionA,35.226
1464,1491,RegionB,41.016
1464,1491,RegionC,26.141333
1464,1491,RegionD,228.3265
1464,1491,RegionE,79.6846117777747
1464,1491,RegionF,135.452333
1464,1492,RegionA,24.7606614704594
1464,1492,RegionB,25.8376215586025
1464,1492,RegionC,23.8713459072885
1464,1492,RegionD,174.987446887724
1464,1492,RegionE,42.6885198777765
1464,1492,RegionF,102.666793187036
1464,1493,RegionA,20.2932504083621
1464,1493,RegionB,22.4149553779336
1464,1493,RegionC,26.282791166668
1464,1493,RegionD,144.51246798222
1464,1493,RegionE,36.6931862111105
1464,1493,RegionF,86.452043298148
1464,1494,RegionA,23.0565777548847
1464,1494,RegionB,22.5801460378771
1464,1494,RegionC,27.8113539166663
1464,1494,RegionD,125.095267770199
1464,1494,RegionE,40.998777777778
1464,1494,RegionF,71.6546545203707
1464,1495,RegionA,31.5765531819993
1464,1495,RegionB,27.4558100231648
1464,1495,RegionC,29.069333
1464,1495,RegionD,146.246053794834
1464,1495,RegionE,47.7104444444449
1464,1495,RegionF,92.6479999999999
1464,1496,RegionA,32.9065024273861
1464,1496,RegionB,25.048333
1464,1496,RegionC,21.8400830000002
1464,1496,RegionD,108.700387128167
1464,1496,RegionE,41.9741111111114
1464,1496,RegionF,81.5382777777776
1464,1497,RegionA,33.740667
1464,1497,RegionB,32.8883825419695
1464,1497,RegionC,18.6151466631944
1464,1497,RegionD,90.5971093503902
1464,1497,RegionE,47.5033333333344
1464,1497,RegionF,71.1729444444439
1464,1498,RegionA,30.609477949887
1464,1498,RegionB,38.851333
1464,1498,RegionC,20.322667
1464,1498,RegionD,113.368188716779
1464,1498,RegionE,58.5808888888893
1464,1498,RegionF,73.3759999999993
1464,1499,RegionA,32.3241777886629
1464,1499,RegionB,52.0466261099327
1464,1499,RegionC,60.718
1464,1499,RegionD,127.374862768071
1464,1499,RegionE,77.0220000000012
1464,1499,RegionF,59.9966666666668
1464,1500,RegionA,26.7803728264965
1464,1500,RegionB,39.4851527708087
1464,1500,RegionC,60.3082153611108
1464,1500,RegionD,108.122314597139
1464,1500,RegionE,38.3033333333338
1464,1500,RegionF,34.9164444444429
1464,1501,RegionA,20.4298221302972
1464,1501,RegionB,27.485989408772
1464,1501,RegionC,60.529310923612
1464,1501,RegionD,77.0301830928761
1464,1501,RegionE,21.4783611111104
1464,1501,RegionF,32.6474444444442
1464,1502,RegionA,16.0167062182437
1464,1502,RegionB,26.0377425917092
1464,1502,RegionC,53.7148845233794
1464,1502,RegionD,62.908111111112
1464,1502,RegionE,23.3954166666663
1464,1502,RegionF,43.7187777777775
1464,1503,RegionA,11.6672569728568
1464,1503,RegionB,29.6595763604735
1464,1503,RegionC,81.0685
1464,1503,RegionD,110.655000000001
1464,1503,RegionE,29.22575
1464,1503,RegionF,50.696777777777
1464,1504,RegionA,5.21414106080342
1464,1504,RegionB,24.2606523217412
1464,1504,RegionC,67.2690399507874
1464,1504,RegionD,96.2703333333339
1464,1504,RegionE,27.4549166666667
1464,1504,RegionF,31.3211111111103
1464,1505,RegionA,8.24777777777802
1464,1505,RegionB,35.6907657903229
1464,1505,RegionC,54.5478453207861
1464,1505,RegionD,80.4146111111113
1464,1505,RegionE,28.7901511304138
1464,1505,RegionF,25.0341266473634
1464,1506,RegionA,8.65011111111123
1464,1506,RegionB,48.5899939856009
1464,1506,RegionC,66.7115407403221
1464,1506,RegionD,67.5263888888896
1464,1506,RegionE,28.7571355941622
1464,1506,RegionF,29.1984963465823
1464,1507,RegionA,35.2284444444445
1464,1507,RegionB,70.9484027851795
1464,1507,RegionC,84.2126666666666
1464,1507,RegionD,81.8905555555558
1464,1507,RegionE,38.1079533912423
1464,1507,RegionF,53.896643823579
1464,1508,RegionA,33.9085081130617
1464,1508,RegionB,62.7800015322304
1464,1508,RegionC,79.5626986954432
1464,1508,RegionD,57.1702777777762
1464,1508,RegionE,23.6605406086389
1464,1508,RegionF,52.8203899395157
1464,1509,RegionA,35.1309328927899
1464,1509,RegionB,62.3672600327795
1464,1509,RegionC,77.9820754036768
1464,1509,RegionD,30.5547733448219
1464,1509,RegionE,25.025333922669
1464,1509,RegionF,46.5720410699303
1464,1510,RegionA,38.2971910058514
1464,1510,RegionB,61.376368513394
1464,1510,RegionC,74.6866576874008
1464,1510,RegionD,54.999324467423
1464,1510,RegionE,31.5739050144772
1464,1510,RegionF,44.920025533678
1464,1511,RegionA,60.7889146245639
1464,1511,RegionB,57.7173258730154
1464,1511,RegionC,55.4858145849586
1464,1511,RegionD,167.177765190719
1464,1511,RegionE,89.5526103993067
1464,1511,RegionF,76.8095415496629
1464,1512,RegionA,54.305997957898
1464,1512,RegionB,50.7754925396818
1464,1512,RegionC,30.959280834666
1464,1512,RegionD,137.655593951183
1464,1512,RegionE,63.8037215104171
1464,1512,RegionF,63.3863020950482
1464,1513,RegionA,38.2078133352843
1464,1513,RegionB,48.9347762460314
1464,1513,RegionC,21.03
1464,1513,RegionD,101.422591663883
1464,1513,RegionE,46.0663326215274
1464,1513,RegionF,65.4839861332732
1464,1514,RegionA,38.124
1464,1514,RegionB,40.791667
1464,1514,RegionC,19.3314746795466
1464,1514,RegionD,118.153619301745
1464,1514,RegionE,37.6799992881927
1464,1514,RegionF,66.0287675082925
1464,1515,RegionA,38.385333
1464,1515,RegionB,41.688333
1464,1515,RegionC,22.43
1464,1515,RegionD,144.876091384054
1464,1515,RegionE,47.543777065971
1464,1515,RegionF,91.5939933277528
1464,1516,RegionA,34.8435020594276
1464,1516,RegionB,28.3198912568423
1464,1516,RegionC,20.1624485450443
1464,1516,RegionD,97.1380670597932
1464,1516,RegionE,32.238025759838
1464,1516,RegionF,78.8932597635031
1464,1517,RegionA,19.0009251130601
1464,1517,RegionB,23.4717769184467
1464,1517,RegionC,25.6579102114459
1464,1517,RegionD,64.2503723560176
1464,1517,RegionE,40.7901111111107
1464,1517,RegionF,62.1264598454749
1464,1518,RegionA,13.8216046994802
1464,1518,RegionB,26.2629540474947
1464,1518,RegionC,35.4961366898888
1464,1518,RegionD,62.8285158177751
1464,1518,RegionE,47.4531111111096
1464,1518,RegionF,56.2755943009161
1464,1519,RegionA,34.4013336666662
1464,1519,RegionB,27.8354163641077
1464,1519,RegionC,40.987667
1464,1519,RegionD,92.2083259462007
1464,1519,RegionE,75.1719999999988
1464,1519,RegionF,95.495895911913
1464,1520,RegionA,26.192
1464,1520,RegionB,25.0867496974412
1464,1520,RegionC,30.4909719132586
1464,1520,RegionD,78.3381360746277
1464,1520,RegionE,38.8868888888882
1464,1520,RegionF,70.4401145368944
1464,1521,RegionA,26.199333
1464,1521,RegionB,24.466667
1464,1521,RegionC,25.0531139670529
1464,1521,RegionD,67.057888888888
1464,1521,RegionE,9.16180555555553
1464,1521,RegionF,60.5046082551688
1464,1522,RegionA,27.6410935397852
1464,1522,RegionB,23.998
1464,1522,RegionC,26.090333
1464,1522,RegionD,82.6474444444451
1464,1522,RegionE,23.6651388888888
1464,1522,RegionF,61.9004623491019
1464,1523,RegionA,31.0370209017926
1464,1523,RegionB,28.9726300662788
1464,1523,RegionC,34.0558025132846
1464,1523,RegionD,112.219000000001
1464,1523,RegionE,49.0201388888888
1464,1523,RegionF,76.6961020741998
1464,1524,RegionA,21.2851182299402
1464,1524,RegionB,26.8599903411823
1464,1524,RegionC,28.0742469577286
1464,1524,RegionD,72.8690000000016
1464,1524,RegionE,42.3546388888886
1464,1524,RegionF,64.164311137816
1464,1525,RegionA,6.24418805734765
1464,1525,RegionB,26.6966839494191
1464,1525,RegionC,30.8494134116437
1464,1525,RegionD,60.5837224349741
1464,1525,RegionE,14.0997222222217
1464,1525,RegionF,40.2715477021712
1464,1526,RegionA,6.59414168924711
1464,1526,RegionB,26.4037341936336
1464,1526,RegionC,44.8019570249493
1464,1526,RegionD,71.2990004255042
1464,1526,RegionE,6.44433333333368
1464,1526,RegionF,48.4440000000003
1464,1527,RegionA,24.8847143272399
1464,1527,RegionB,20.5421739233939
1464,1527,RegionC,76.5013333333333
1464,1527,RegionD,96.0925006382561
1464,1527,RegionE,22.0746666666688
1464,1527,RegionF,65.5235555555558
1464,1528,RegionA,11.8516911932469
1464,1528,RegionB,23.957622087539
1464,1528,RegionC,64.2656417930597
1464,1528,RegionD,76.878211592822
1464,1528,RegionE,15.8410000000004
1464,1528,RegionF,60.2072222222226
1464,1529,RegionA,17.2397207675246
1464,1529,RegionB,29.7821886195227
1464,1529,RegionC,66.3118764520857
1464,1529,RegionD,60.6667697164242
1464,1529,RegionE,18.4178333333338
1464,1529,RegionF,51.9355555555559
1464,1530,RegionA,26.1764170084696
1464,1530,RegionB,49.2205329292846
1464,1530,RegionC,76.2171666666669
1464,1530,RegionD,43.5716611733573
1464,1530,RegionE,29.1265833333338
1464,1530,RegionF,50.4656666666668
1464,1531,RegionA,87.3979617267376
1464,1531,RegionB,66.3574854901694
1464,1531,RegionC,76.907
1464,1531,RegionD,56.2409694497598
1464,1531,RegionE,38.1109166666678
1464,1531,RegionF,63.7180000000006
1464,1532,RegionA,90.0838489496191
1464,1532,RegionB,62.0794144190691
1464,1532,RegionC,79.6316032956819
1464,1532,RegionD,46.7365777800743
1464,1532,RegionE,31.2664166666673
1464,1532,RegionF,21.7455833333334
1464,1533,RegionA,91.3649495936736
1464,1533,RegionB,58.6770188156848
1464,1533,RegionC,76.5247343691408
1464,1533,RegionD,35.0199638881662
1464,1533,RegionE,36.0279166666664
1464,1533,RegionF,7.07041666666652
1464,1534,RegionA,85.7307043803421
1464,1534,RegionB,65.258470679345
1464,1534,RegionC,75.070672386915
1464,1534,RegionD,27.9208494290898
1464,1534,RegionE,48.7104697909743
1464,1534,RegionF,4.4054166666666
1464,1535,RegionA,68.1717407507125
1464,1535,RegionB,70.6115080497154
1464,1535,RegionC,64.1378024883642
1464,1535,RegionD,35.1760793375455
1464,1535,RegionE,67.887952706995
1464,1535,RegionF,4.04458333333325
1488,1512,RegionA,74.9559649234235
1488,1512,RegionB,80.8040000000006
1488,1512,RegionC,32.389993243245
1488,1512,RegionD,109.632200821987
1488,1512,RegionE,63.1187732964829
1488,1512,RegionF,62.5306510481978
1488,1513,RegionA,69.011333
1488,1513,RegionB,43.7751666666645
1488,1513,RegionC,18.6258333333334
1488,1513,RegionD,147.226744940387
1488,1513,RegionE,71.6759632596328
1488,1513,RegionF,86.740042133315
1488,1514,RegionA,38.124
1488,1514,RegionB,39.5316666666656
1488,1514,RegionC,20.8441666666667
1488,1514,RegionD,183.561372714944
1488,1514,RegionE,78.6005698894486
1488,1514,RegionF,107.632807395607
1488,1515,RegionA,38.385333
1488,1515,RegionB,41.688333
1488,1515,RegionC,22.43
1488,1515,RegionD,213.938379702954
1488,1515,RegionE,100.0285098526
1488,1515,RegionF,148.50175
1488,1516,RegionA,24.2492375887986
1488,1516,RegionB,32.260630154446
1488,1516,RegionC,13.5370996577811
1488,1516,RegionD,161.998409005462
1488,1516,RegionE,59.0450198587419
1488,1516,RegionF,112.516159290328
1488,1517,RegionA,22.3157571990622
1488,1517,RegionB,31.0515939755571
1488,1517,RegionC,17.0004454052096
1488,1517,RegionD,104.684797923765
1488,1517,RegionE,58.3158298955912
1488,1517,RegionF,71.2647144897027
1488,1518,RegionA,20.6500834192758
1488,1518,RegionB,35.1464730192603
1488,1518,RegionC,30.0207344818991
1488,1518,RegionD,82.8005135915667
1488,1518,RegionE,51.2413914614921
1488,1518,RegionF,59.5137206931701
1488,1519,RegionA,34.5036254899516
1488,1519,RegionB,37.214667
1488,1519,RegionC,40.987667
1488,1519,RegionD,84.7784516518662
1488,1519,RegionE,34.0440610804019
1488,1519,RegionF,152.480666666667
1488,1520,RegionA,26.192
1488,1520,RegionB,30.4007924899518
1488,1520,RegionC,32.7487963211986
1488,1520,RegionD,64.8393834110716
1488,1520,RegionE,14.6646095820588
1488,1520,RegionF,106.063612640162
1488,1521,RegionA,26.199333
1488,1521,RegionB,24.466667
1488,1521,RegionC,31.2075514656813
1488,1521,RegionD,51.0727263120953
1488,1521,RegionE,9.16180555555553
1488,1521,RegionF,70.5046666666664
1488,1522,RegionA,36.796
1488,1522,RegionB,23.998
1488,1522,RegionC,26.090333
1488,1522,RegionD,62.2016669999999
1488,1522,RegionE,23.6651388888888
1488,1522,RegionF,73.1913333333323
1488,1523,RegionA,46.798667
1488,1523,RegionB,29.49
1488,1523,RegionC,28.9133040929092
1488,1523,RegionD,87.0255844626469
1488,1523,RegionE,49.0201388888888
1488,1523,RegionF,90.7530000000004
1488,1524,RegionA,37.8610868216342
1488,1524,RegionB,25.1432440222704
1488,1524,RegionC,23.3414180267818
1488,1524,RegionD,58.0435844626472
1488,1524,RegionE,42.3546388888886
1488,1524,RegionF,68.8633333333351
1488,1525,RegionA,27.8236011639835
1488,1525,RegionB,20.2964855366271
1488,1525,RegionC,30.5074180267819
1488,1525,RegionD,47.2217174948294
1488,1525,RegionE,14.0997222222217
1488,1525,RegionF,38.7963333333339
1488,1526,RegionA,25.3412625692716
1488,1526,RegionB,24.7595893863081
1488,1526,RegionC,48.1268152469142
1488,1526,RegionD,56.4711661308404
1488,1526,RegionE,6.44433333333368
1488,1526,RegionF,42.8440000000003
1488,1527,RegionA,33.8491792173999
1488,1527,RegionB,42.3336168257112
1488,1527,RegionC,76.5013333333333
1488,1527,RegionD,76.5365928457788
1488,1527,RegionE,22.0746666666688
1488,1527,RegionF,54.3235555555558
1488,1528,RegionA,9.27577777777844
1488,1528,RegionB,30.4348936304746
1488,1528,RegionC,70.752569079303
1488,1528,RegionD,82.4499261791115
1488,1528,RegionE,15.8410000000004
1488,1528,RegionF,44.2472222222226
1488,1529,RegionA,6.50838683434271
1488,1529,RegionB,22.3081704352379
1488,1529,RegionC,63.2943615571102
1488,1529,RegionD,101.578303395533
1488,1529,RegionE,18.4178333333338
1488,1529,RegionF,32.2468888888893
1488,1530,RegionA,7.28966255757432
1488,1530,RegionB,25.2708333333333
1488,1530,RegionC,58.0021051657414
1488,1530,RegionD,124.311843387796
1488,1530,RegionE,27.8465833333338
1488,1530,RegionF,32.0570000000002
1488,1531,RegionA,24.5436605030281
1488,1531,RegionB,38.7034166666665
1488,1531,RegionC,76.907
1488,1531,RegionD,166.438006163639
1488,1531,RegionE,35.5509166666678
1488,1531,RegionF,46.589333333334
1488,1532,RegionA,24.6838271696947
1488,1532,RegionB,38.6667499999999
1488,1532,RegionC,70.8780881642771
1488,1532,RegionD,140.578112443806
1488,1532,RegionE,36.5864166666673
1488,1532,RegionF,20.1502500000004
1488,1533,RegionA,24.1490493919169
1488,1533,RegionB,26.4825833333325
1488,1533,RegionC,74.7647384094947
1488,1533,RegionD,109.896962198588
1488,1533,RegionE,47.4145833333331
1488,1533,RegionF,21.9770833333334
1488,1534,RegionA,23.1464269957231
1488,1534,RegionB,33.9674506644077
1488,1534,RegionC,80.1227500000001
1488,1534,RegionD,77.3650390065355
1488,1534,RegionE,65.8228333333332
1488,1534,RegionF,26.6720833333333
1488,1535,RegionA,12.533984605824
1488,1535,RegionB,45.221567995482
1488,1535,RegionC,80.7574166666666
1488,1535,RegionD,57.7459473986928
1488,1535,RegionE,84.0408333333338
1488,1535,RegionF,29.7299166666666
1488,1536,RegionA,9.19881999370354
1488,1536,RegionB,43.0769228866303
1488,1536,RegionC,62.6658057467602
1488,1536,RegionD,40.2921395973855
1488,1536,RegionE,62.7266666666675
1488,1536,RegionF,32.8277562199627
1488,1537,RegionA,16.1446375485598
1488,1537,RegionB,38.364
1488,1537,RegionC,40.9523210587203
1488,1537,RegionD,39.966564538562
1488,1537,RegionE,54.6692699697851
1488,1537,RegionF,39.0940124399253
1488,1538,RegionA,25.4976521076131
1488,1538,RegionB,34.121333
1488,1538,RegionC,38.210667
1488,1538,RegionD,48.5400115151495
1488,1538,RegionE,54.9741788284582
1488,1538,RegionF,49.5877686598877
1488,1539,RegionA,39.505
1488,1539,RegionB,32.788333
1488,1539,RegionC,41.842667
1488,1539,RegionD,101.215637433016
1488,1539,RegionE,71.8324487982427
1488,1539,RegionF,65.2739693242956
1488,1540,RegionA,37.3174166666667
1488,1540,RegionB,29.9241664448848
1488,1540,RegionC,32.2348985971095
1488,1540,RegionD,98.2368501687986
1488,1540,RegionE,53.3344487982428
1488,1540,RegionF,44.4429693242962
1488,1541,RegionA,42.0248872157472
1488,1541,RegionB,35.9135700054095
1488,1541,RegionC,25.7934051182756
1488,1541,RegionD,99.4681673598762
1488,1541,RegionE,66.7329554540588
1488,1541,RegionF,33.0846815132971
1488,1542,RegionA,44.0385802714475
1488,1542,RegionB,51.409666973522
1488,1542,RegionC,22.424
1488,1542,RegionD,94.6296431295977
1488,1542,RegionE,87.1178232209856
1488,1542,RegionF,29.9318141822242
1488,1543,RegionA,50.253333
1488,1543,RegionB,66.702667
1488,1543,RegionC,30.245667
1488,1543,RegionD,91.6577475932931
1488,1543,RegionE,149.279333
1488,1543,RegionF,38.6413912955947
1488,1544,RegionA,40.7317395098286
1488,1544,RegionB,64.2548224169266
1488,1544,RegionC,21.9141810761824
1488,1544,RegionD,65.7288008906737
1488,1544,RegionE,121.989876586312
1488,1544,RegionF,30.4896350756319
1488,1545,RegionA,35.719
1488,1545,RegionB,63.2691045
1488,1545,RegionC,12.2749759436144
1488,1545,RegionD,57.8485418178958
1488,1545,RegionE,86.9166555162667
1488,1545,RegionF,33.112
1488,1546,RegionA,33.8395107168234
1488,1546,RegionB,66.947667
1488,1546,RegionC,20.373333
1488,1546,RegionD,93.3800024045957
1488,1546,RegionE,73.5381535452477
1488,1546,RegionF,60.4975555555556
1488,1547,RegionA,29.0130283780913
1488,1547,RegionB,62.649667
1488,1547,RegionC,48.6565280745142
1488,1547,RegionD,142.488776547393
1488,1547,RegionE,88.2807777777784
1488,1547,RegionF,92.0577777777783
1488,1548,RegionA,23.6612783780916
1488,1548,RegionB,42.6625741802267
1488,1548,RegionC,47.5672977086327
1488,1548,RegionD,99.0796275108256
1488,1548,RegionE,63.5570555555554
1488,1548,RegionF,73.0508888888897
1488,1549,RegionA,22.6712436558693
1488,1549,RegionB,29.2501497331427
1488,1549,RegionC,52.3270084804995
1488,1549,RegionD,77.1012647971548
1488,1549,RegionE,35.4386111111103
1488,1549,RegionF,59.8133333333337
1488,1550,RegionA,21.6762436558695
1488,1550,RegionB,27.3062703883515
1488,1550,RegionC,67.149789694802
1488,1550,RegionD,70.7576962609778
1488,1550,RegionE,24.9542777777774
1488,1550,RegionF,55.5297777777782
1488,1551,RegionA,31.5915769892027
1488,1551,RegionB,25.6717952859979
1488,1551,RegionC,76.8796666666668
1488,1551,RegionD,89.3480166136884
1488,1551,RegionE,28.1562777777779
1488,1551,RegionF,69.5160000000001
1488,1552,RegionA,30.1312573048197
1488,1552,RegionB,16.013739254873
1488,1552,RegionC,60.7323757155091
1488,1552,RegionD,61.7608499470211
1488,1552,RegionE,30.0124444444442
1488,1552,RegionF,56.5309999999993
1488,1553,RegionA,28.7757136218895
1488,1553,RegionB,11.1088573810046
1488,1553,RegionC,60.0077863866141
1488,1553,RegionD,46.0780870549368
1488,1553,RegionE,29.0057777777773
1488,1553,RegionF,34.0504444444434
1488,1554,RegionA,26.9998229566742
1488,1554,RegionB,26.8161580029212
1488,1554,RegionC,62.329544565966
1488,1554,RegionD,38.1528633633269
1488,1554,RegionE,26.592
1488,1554,RegionF,20.2171111111107
1488,1555,RegionA,58.1039011016782
1488,1555,RegionB,56.116459226604
1488,1555,RegionC,79.6165
1488,1555,RegionD,65.0411118939407
1488,1555,RegionE,38.5580000000002
1488,1555,RegionF,14.9052777777773
1488,1556,RegionA,59.4185677683447
1488,1556,RegionB,62.9934592266045
1488,1556,RegionC,65.2485163550806
1488,1556,RegionD,48.4642066499696
1488,1556,RegionE,22.6246666666664
1488,1556,RegionF,4.78124999999994
1488,1557,RegionA,70.0314727872861
1488,1557,RegionB,75.2955985817364
1488,1557,RegionC,62.1265275365615
1488,1557,RegionD,45.1485085662579
1488,1557,RegionE,21.7680000000005
1488,1557,RegionF,2.33703141704636
1488,1558,RegionA,81.905711139561
1488,1558,RegionB,86.4996666666667
1488,1558,RegionC,62.5611422086124
1488,1558,RegionD,61.0698494290898
1488,1558,RegionE,32.45
1488,1558,RegionF,11.9052416671807
1488,1559,RegionA,91.6525
1488,1559,RegionB,86.135
1488,1559,RegionC,82.3466666666667
1488,1559,RegionD,90.8670480826841
1488,1559,RegionE,51.7606666666664
1488,1559,RegionF,71.8018685839817
1512,1536,RegionA,34.588
1512,1536,RegionB,40.9270833333324
1512,1536,RegionC,46.5385508985492
1512,1536,RegionD,61.5541991014493
1512,1536,RegionE,54.5878137442158
1512,1536,RegionF,27.0701862557844
1512,1537,RegionA,39.4089027777768
1512,1537,RegionB,29.7602499999989
1512,1537,RegionC,36.5771808888892
1512,1537,RegionD,96.6813607777777
1512,1537,RegionE,87.6500441550975
1512,1537,RegionF,46.3387891782354
1512,1538,RegionA,32.0133472222222
1512,1538,RegionB,28.7993192777777
1512,1538,RegionC,33.4937364444444
1512,1538,RegionD,123.026833441386
1512,1538,RegionE,106.626055608609
1512,1538,RegionF,80.8010968944468
1512,1539,RegionA,39.505
1512,1539,RegionB,32.788333
1512,1539,RegionC,41.842667
1512,1539,RegionD,166.663139438329
1512,1539,RegionE,126.941147410884
1512,1539,RegionF,137.12379648412
1512,1540,RegionA,26.9968848124998
1512,1540,RegionB,22.2786941111114
1512,1540,RegionC,29.2278146222825
1512,1540,RegionD,142.317107003547
1512,1540,RegionE,87.864667
1512,1540,RegionF,106.124276895002
1512,1541,RegionA,28.1658529583332
1512,1541,RegionB,24.8195274444446
1512,1541,RegionC,24.620091486111
1512,1541,RegionD,131.788834216106
1512,1541,RegionE,73.4929921446753
1512,1541,RegionF,96.3626739725499
1512,1542,RegionA,32.5765643703126
1512,1542,RegionB,45.881873812037
1512,1542,RegionC,21.5337323680556
1512,1542,RegionD,113.529468887923
1512,1542,RegionE,71.2967578139391
1512,1542,RegionF,81.8973805255096
1512,1543,RegionA,44.6956764767363
1512,1543,RegionB,66.702667
1512,1543,RegionC,30.245667
1512,1543,RegionD,123.908682255245
1512,1543,RegionE,83.7217777777784
1512,1543,RegionF,94.548335045795
1512,1544,RegionA,41.6430236989586
1512,1544,RegionB,64.15842784321
1512,1544,RegionC,22.9239586666658
1512,1544,RegionD,90.548823915095
1512,1544,RegionE,55.3992777777775
1512,1544,RegionF,75.6848769871811
1512,1545,RegionA,35.719
1512,1545,RegionB,66.246797421605
1512,1545,RegionC,12.8722601434024
1512,1545,RegionD,74.3758313238802
1512,1545,RegionE,40.5170555555554
1512,1545,RegionF,59.5786666666673
1512,1546,RegionA,28.4859207430554
1512,1546,RegionB,66.9476669999998
1512,1546,RegionC,20.373333
1512,1546,RegionD,94.0887395232643
1512,1546,RegionE,61.5647777777782
1512,1546,RegionF,77.1157841781249
1512,1547,RegionA,20.5409383767792
1512,1547,RegionB,53.3620726892941
1512,1547,RegionC,30.4784058565976
1512,1547,RegionD,161.371459165523
1512,1547,RegionE,86.1474444444449
1512,1547,RegionF,111.246235022917
1512,1548,RegionA,16.3540068259115
1512,1548,RegionB,28.8553213346641
1512,1548,RegionC,26.999874002431
1512,1548,RegionD,123.706451702965
1512,1548,RegionE,63.5570555555554
1512,1548,RegionF,90.1060128006947
1512,1549,RegionA,15.5946666666667
1512,1549,RegionB,14.1646449802457
1512,1549,RegionC,27.0162094215284
1512,1549,RegionD,107.519021686421
1512,1549,RegionE,35.4386111111103
1512,1549,RegionF,76.8684572451387
1512,1550,RegionA,14.5996666666669
1512,1550,RegionB,12.3294171974166
1512,1550,RegionC,36.9754316437504
1512,1550,RegionD,105.930360580362
1512,1550,RegionE,24.9542777777774
1512,1550,RegionF,72.5849016895832
1512,1551,RegionA,24.5150000000001
1512,1551,RegionB,10.9783809523552
1512,1551,RegionC,49.9294316437505
1512,1551,RegionD,120.213119047645
1512,1551,RegionE,40.3162777777779
1512,1551,RegionF,75.2111239118051
1512,1552,RegionA,21.8713333333332
1512,1552,RegionB,12.4708447072937
1512,1552,RegionC,39.76909484989
1512,1552,RegionD,81.13048862604
1512,1552,RegionE,42.1724444444442
1512,1552,RegionF,57.7674607056653
1512,1553,RegionA,19.2126666666672
1512,1553,RegionB,20.6153320804044
1512,1553,RegionC,42.0519665209534
1512,1553,RegionD,56.8215804266565
1512,1553,RegionE,41.1657777777774
1512,1553,RegionF,29.1593431942069
1512,1554,RegionA,13.0769999999999
1512,1554,RegionB,33.9507895868641
1512,1554,RegionC,56.9859102602319
1512,1554,RegionD,42.3883363535576
1512,1554,RegionE,38.752
1512,1554,RegionF,15.9534637993455
1512,1555,RegionA,15.81006636086
1512,1555,RegionB,87.395666666667
1512,1555,RegionC,79.6164999999988
1512,1555,RegionD,61.6123671515606
1512,1555,RegionE,50.7180000000002
1512,1555,RegionF,17.1886498209138
1512,1556,RegionA,21.1647330275263
1512,1556,RegionB,82.8248055109076
1512,1556,RegionC,68.6427471463368
1512,1556,RegionD,42.3370922720924
1512,1556,RegionE,25.8673333333329
1512,1556,RegionF,22.6939553764696
1512,1557,RegionA,41.5981924767907
1512,1557,RegionB,81.7232776884802
1512,1557,RegionC,61.1358155994538
1512,1557,RegionD,42.5693977476935
1512,1557,RegionE,16.6740000000005
1512,1557,RegionF,33.0064553764696
1512,1558,RegionA,63.1116519260555
1512,1558,RegionB,86.4996666666666
1512,1558,RegionC,58.5488869508816
1512,1558,RegionD,53.8790951789003
1512,1558,RegionE,14.3770773683052
1512,1558,RegionF,59.9752330203008
1512,1559,RegionA,83.5265558197643
1512,1559,RegionB,86.1349999999999
1512,1559,RegionC,82.3466666666661
1512,1559,RegionD,70.2982707508647
1512,1559,RegionE,20.7088214032766
1512,1559,RegionF,131.548435359427
1512,1560,RegionA,67.8339686950372
1512,1560,RegionB,73.0603191629149
1512,1560,RegionC,74.8736561613911
1512,1560,RegionD,64.5011354357085
1512,1560,RegionE,13.8288214032765
1512,1560,RegionF,112.119099141668
1512,1561,RegionA,43.9197349640456
1512,1561,RegionB,54.2453364467026
1512,1561,RegionC,68.7563033462433
1512,1561,RegionD,87.8741045000006
1512,1561,RegionE,18.863488069943
1512,1561,RegionF,87.1896160063961
1512,1562,RegionA,25.3319999999996
1512,1562,RegionB,51.6959999999999
1512,1562,RegionC,65.2106670000004
1512,1562,RegionD,127.732241423549
1512,1562,RegionE,37.012570210687
1512,1562,RegionF,79.5919102546539
1512,1563,RegionA,23.128333
1512,1563,RegionB,66.869
1512,1563,RegionC,64.7046670000001
1512,1563,RegionD,171.688118000073
1512,1563,RegionE,57.8487700181708
1512,1563,RegionF,78.5971953150895
1512,1564,RegionA,16.29642754676
1512,1564,RegionB,46.6686943551471
1512,1564,RegionC,50.8281070056839
1512,1564,RegionD,146.645667
1512,1564,RegionE,56.7944919767087
1512,1564,RegionF,43.4520010045933
1512,1565,RegionA,22.2805580263459
1512,1565,RegionB,36.5801731759523
1512,1565,RegionC,39.7473806469331
1512,1565,RegionD,103.814214693048
1512,1565,RegionE,65.5974296018388
1512,1565,RegionF,27.455966078103
1512,1566,RegionA,35.4624662837098
1512,1566,RegionB,43.7757865538313
1512,1566,RegionC,25.2621320838236
1512,1566,RegionD,62.1577717361944
1512,1566,RegionE,74.7621992903736
1512,1566,RegionF,27.4204218298456
1512,1567,RegionA,53.66
1512,1567,RegionB,52.6200749934937
1512,1567,RegionC,22.457333
1512,1567,RegionD,51.1535491296432
1512,1567,RegionE,94.231859739715
1512,1567,RegionF,45.7553775815899
1512,1568,RegionA,52.1005581054249
1512,1568,RegionB,39.7691036086242
1512,1568,RegionC,16.939595865597
1512,1568,RegionD,32.6693252531641
1512,1568,RegionE,74.5934171671891
1512,1568,RegionF,39.3483333333335
1512,1569,RegionA,54.5972247720916
1512,1569,RegionB,34.486623306233
1512,1569,RegionC,14.5353736433744
1512,1569,RegionD,29.7482222222227
1512,1569,RegionE,57.400417167188
1512,1569,RegionF,42.1425000000003
1512,1570,RegionA,54.8513603479072
1512,1570,RegionB,22.0000000000001
1512,1570,RegionC,32.2217554055319
1512,1570,RegionD,43.8333888888888
1512,1570,RegionE,42.5308564687843
1512,1570,RegionF,54.8908333333334
1512,1571,RegionA,39.7498965349874
1512,1571,RegionB,15.9475792682929
1512,1571,RegionC,59.1370000000001
1512,1571,RegionD,84.219555555555
1512,1571,RegionE,42.7788853078324
1512,1571,RegionF,66.8545
1512,1572,RegionA,23.8496549442895
1512,1572,RegionB,11.3409363143632
1512,1572,RegionC,55.7105721697578
1512,1572,RegionD,62.4052222222218
1512,1572,RegionE,32.8389476827013
1512,1572,RegionF,58.6672222222216
1512,1573,RegionA,15.5952777777779
1512,1573,RegionB,16.3303333333335
1512,1573,RegionC,54.351295497985
1512,1573,RegionD,58.3692777777778
1512,1573,RegionE,29.6460100575705
1512,1573,RegionF,44.0842222222228
1512,1574,RegionA,32.2317042055631
1512,1574,RegionB,30.3725209036111
1512,1574,RegionC,68.6105364069146
1512,1574,RegionD,74.4162777777772
1512,1574,RegionE,57.1980440394663
1512,1574,RegionF,35.9995555555473
1512,1575,RegionA,50.5239084111264
1512,1575,RegionB,56.0520924177886
1512,1575,RegionC,79.4884166666667
1512,1575,RegionD,89.0196111111119
1512,1575,RegionE,88.6897213933054
1512,1575,RegionF,36.6373333333176
1512,1576,RegionA,47.8810750777933
1512,1576,RegionB,55.1767825866516
1512,1576,RegionC,53.9691096286464
1512,1576,RegionD,64.6347222222229
1512,1576,RegionE,82.6831993735719
1512,1576,RegionF,35.4441666666511
1512,1577,RegionA,49.9578528555714
1512,1577,RegionB,54.3160418072223
1512,1577,RegionC,44.8407720038737
1512,1577,RegionD,42.4376666666662
1512,1577,RegionE,64.4503333333317
1512,1577,RegionF,39.1591666666509
1512,1578,RegionA,61.4980349948004
1512,1578,RegionB,63.2056042369511
1512,1578,RegionC,58.645497113048
1512,1578,RegionD,31.8381692107561
1512,1578,RegionE,37.1192222222213
1512,1578,RegionF,53.7349999999842
1512,1579,RegionA,86.3878838006957
1512,1579,RegionB,85.0573333333455
1512,1579,RegionC,80.3450000000002
1512,1579,RegionD,31.9163106437376
1512,1579,RegionE,27.6112222222229
1512,1579,RegionF,68.1128888888728
1512,1580,RegionA,75.5078430089312
1512,1580,RegionB,75.9074933524236
1512,1580,RegionC,73.8658529949084
1512,1580,RegionD,23.4851995326253
1512,1580,RegionE,10.1105555555575
1512,1580,RegionF,47.7213055555435
1512,1581,RegionA,66.2040368447728
1512,1581,RegionB,70.4427410740744
1512,1581,RegionC,73.0685266654137
1512,1581,RegionD,24.019695415739
1512,1581,RegionE,0.85
1512,1581,RegionF,26.8089722222182
1512,1582,RegionA,73.4990005547358
1512,1582,RegionB,62.0116453229559
1512,1582,RegionC,80.9116666666669
1512,1582,RegionD,27.6459999999848
1512,1582,RegionE,13.4350000000006
1512,1582,RegionF,41.6906319001012
1512,1583,RegionA,76.1764077407433
1512,1583,RegionB,34.701073740711
1512,1583,RegionC,79.2213333333331
1512,1583,RegionD,35.0690880516765
1512,1583,RegionE,62.1280000000011
1512,1583,RegionF,92.6331804668697
1536,1560,RegionA,67.4053327686708
1536,1560,RegionB,84.5633333333331
1536,1560,RegionC,70.8633338979948
1536,1560,RegionD,41.3703478202021
1536,1560,RegionE,92.1142345904956
1536,1560,RegionF,64.8138342559676
1536,1561,RegionA,49.2047627595653
1536,1561,RegionB,61.406
1536,1561,RegionC,56.3876539071048
1536,1561,RegionD,80.8133623070714
1536,1561,RegionE,106.769552514326
1536,1561,RegionF,97.8037518452683
1536,1562,RegionA,22.6981649726779
1536,1562,RegionB,47.3181666666664
1536,1562,RegionC,62.9382378051009
1536,1562,RegionD,135.675989152339
1536,1562,RegionE,137.551151257164
1536,1562,RegionF,127.112151257163
1536,1563,RegionA,23.128333
1536,1563,RegionB,66.869
1536,1563,RegionC,64.704667
1536,1563,RegionD,195.460194444442
1536,1563,RegionE,152.435416666667
1536,1563,RegionF,147.33075
1536,1564,RegionA,11.9258335646627
1536,1564,RegionB,47.5419583333369
1536,1564,RegionC,44.0096803242255
1536,1564,RegionD,148.367815304848
1536,1564,RegionE,123.554436252151
1536,1564,RegionF,119.839248443001
1536,1565,RegionA,11.8065748513218
1536,1565,RegionB,46.0948288335622
1536,1565,RegionC,32.889457426227
1536,1565,RegionD,92.9809119290899
1536,1565,RegionE,115.992782515351
1536,1565,RegionF,94.014
1536,1566,RegionA,20.7106964620554
1536,1566,RegionB,52.8874583615644
1536,1566,RegionC,19.298984528233
1536,1566,RegionD,48.0078474824487
1536,1566,RegionE,113.407334717159
1536,1566,RegionF,68.7961228929822
1536,1567,RegionA,38.6523300363594
1536,1567,RegionB,56.9323790932682
1536,1567,RegionC,22.457333
1536,1567,RegionD,41.8759755236784
1536,1567,RegionE,119.871735974322
1536,1567,RegionF,64.7443574834788
1536,1568,RegionA,42.1622381382114
1536,1568,RegionB,39.6650399728997
1536,1568,RegionC,21.0212496666666
1536,1568,RegionD,29.7680555555555
1536,1568,RegionE,84.0028085488217
1536,1568,RegionF,45.8231914511773
1536,1569,RegionA,44.6589048048781
1536,1569,RegionB,34.4866233062329
1536,1569,RegionC,21.8641107777774
1536,1569,RegionD,29.7482222222227
1536,1569,RegionE,60.0388110284552
1536,1569,RegionF,42.2830223048769
1536,1570,RegionA,45.7964466000015
1536,1570,RegionB,22
1536,1570,RegionC,35.1191922888887
1536,1570,RegionD,43.8333888888888
1536,1570,RegionE,48.6883333333333
1536,1570,RegionF,54.8908333333334
1536,1571,RegionA,34.0077561094862
1536,1571,RegionB,15.9475792682928
1536,1571,RegionC,53.1335812888887
1536,1571,RegionD,84.219555555555
1536,1571,RegionE,54.5244444444451
1536,1571,RegionF,66.8545
1536,1572,RegionA,21.4202878411928
1536,1572,RegionB,11.3409363143632
1536,1572,RegionC,46.5247758444446
1536,1572,RegionD,62.4052222222218
1536,1572,RegionE,44.4541111111112
1536,1572,RegionF,58.6672222222216
1536,1573,RegionA,15.5952777777779
1536,1573,RegionB,10.5703333333335
1536,1573,RegionC,42.8665277777778
1536,1573,RegionD,64.1292777777778
1536,1573,RegionE,41.1307777777781
1536,1573,RegionF,44.0842222222228
1536,1574,RegionA,19.5074999999999
1536,1574,RegionB,10.576
1536,1574,RegionC,63.7743055555561
1536,1574,RegionD,108.858944444444
1536,1574,RegionE,65.4723333333335
1536,1574,RegionF,30.6395555555552
1536,1575,RegionA,25.0754999999999
1536,1575,RegionB,27.7005555555559
1536,1575,RegionC,79.4884166666667
1536,1575,RegionD,152.144944444445
1536,1575,RegionE,90.0843333333329
1536,1575,RegionF,25.9173333333333
1536,1576,RegionA,22.4326666666668
1536,1576,RegionB,20.473625925925
1536,1576,RegionC,57.2392074074068
1536,1576,RegionD,127.760055555556
1536,1576,RegionE,84.3593333333329
1536,1576,RegionF,27.5241666666669
1536,1577,RegionA,18.5361111111112
1536,1577,RegionB,14.723
1536,1577,RegionC,48.2724444444446
1536,1577,RegionD,108.282999999999
1536,1577,RegionE,70.125
1536,1577,RegionF,35.2222777777778
1536,1578,RegionA,15.9044444444445
1536,1578,RegionB,15.0184166666667
1536,1578,RegionC,51.5613333333333
1536,1578,RegionD,103.942222222221
1536,1578,RegionE,56.0738888888893
1536,1578,RegionF,63.5412222222222
1536,1579,RegionA,12.7024444444442
1536,1579,RegionB,12.4039999999999
1536,1579,RegionC,80.3449999999999
1536,1579,RegionD,115.604416666668
1536,1579,RegionE,66.7125555555565
1536,1579,RegionF,91.6622222222219
1536,1580,RegionA,8.81341666666676
1536,1580,RegionB,16.9136666666665
1536,1580,RegionC,65.455333333333
1536,1580,RegionD,82.3058388888893
1536,1580,RegionE,50.3580222222234
1536,1580,RegionF,82.751972222222
1536,1581,RegionA,6.03841666666677
1536,1581,RegionB,22.0354999999995
1536,1581,RegionC,55.0366666666663
1536,1581,RegionD,68.1156166666667
1536,1581,RegionE,34.0681333333332
1536,1581,RegionF,76.0996388888889
1536,1582,RegionA,6.81008333333349
1536,1582,RegionB,22.8829166666661
1536,1582,RegionC,69.2632215956384
1536,1582,RegionD,67.1173055555559
1536,1582,RegionE,44.8607754331455
1536,1582,RegionF,88.259641860106
1536,1583,RegionA,10.049
1536,1583,RegionB,22.3272222222217
1536,1583,RegionC,68.2305024505343
1536,1583,RegionD,68.9938888888906
1536,1583,RegionE,84.6064397551798
1536,1583,RegionF,125.722030016508
1536,1584,RegionA,8.03791666666657
1536,1584,RegionB,13.8588888888884
1536,1584,RegionC,60.1549468949781
1536,1584,RegionD,55.9926666666674
1536,1584,RegionE,63.3647730885133
1536,1584,RegionF,91.3945022387306
1536,1585,RegionA,6.17891666666671
1536,1585,RegionB,6.83544444444428
1536,1585,RegionC,52.4544228209032
1536,1585,RegionD,64.616111111112
1536,1585,RegionE,31.8499953107367
1536,1585,RegionF,86.9725540905827
1536,1586,RegionA,4.98458333333338
1536,1586,RegionB,18.2404383193505
1536,1586,RegionC,49.7555400571087
1536,1586,RegionD,84.3284444444449
1536,1586,RegionE,26.4472175329587
1536,1586,RegionF,101.575887423915
1536,1587,RegionA,7.47733333333326
1536,1587,RegionB,40.197237749812
1536,1587,RegionC,50.792333
1536,1587,RegionD,108.298222222222
1536,1587,RegionE,63.9460418262721
1536,1587,RegionF,122.526554090581
1536,1588,RegionA,6.09000000000004
1536,1588,RegionB,43.2443210401741
1536,1588,RegionC,29.483333
1536,1588,RegionD,86.2613888888893
1536,1588,RegionE,46.6497108375711
1536,1588,RegionF,100.210357344476
1536,1589,RegionA,6.164
1536,1589,RegionB,39.7992716097124
1536,1589,RegionC,21.6296758688794
1536,1589,RegionD,73.429611111112
1536,1589,RegionE,34.5433333333333
1536,1589,RegionF,72.5166914102956
1536,1590,RegionA,7.54183333333334
1536,1590,RegionB,34.2950833333341
1536,1590,RegionC,21.8711111111115
1536,1590,RegionD,78.8802222222222
1536,1590,RegionE,45.8363333333347
1536,1590,RegionF,52.4387777777787
1536,1591,RegionA,19.2179444444445
1536,1591,RegionB,28.0471666666673
1536,1591,RegionC,43.295
1536,1591,RegionD,131.761222222222
1536,1591,RegionE,54.7485833333336
1536,1591,RegionF,50.4003888888886
1536,1592,RegionA,17.9511111111112
1536,1592,RegionB,19.9008333333332
1536,1592,RegionC,46.489638888889
1536,1592,RegionD,120.918666666667
1536,1592,RegionE,47.8622500000005
1536,1592,RegionF,34.9018611111102
1536,1593,RegionA,19.4168611111111
1536,1593,RegionB,14.7781111111109
1536,1593,RegionC,52.1617777777781
1536,1593,RegionD,121.47
1536,1593,RegionE,59.1914999999997
1536,1593,RegionF,38.9833333333323
1536,1594,RegionA,26.2394166666668
1536,1594,RegionB,14.5609444444443
1536,1594,RegionC,54.0757500000001
1536,1594,RegionD,129.823333333335
1536,1594,RegionE,68.7701666666667
1536,1594,RegionF,80.6366111111096
1536,1595,RegionA,65.3700833333334
1536,1595,RegionB,20.3962777777778
1536,1595,RegionC,43.8898333333334
1536,1595,RegionD,168.454666666665
1536,1595,RegionE,80.4278055555552
1536,1595,RegionF,150.067861111109
1536,1596,RegionA,64.7245833333346
1536,1596,RegionB,15.0333333333333
1536,1596,RegionC,38.584
1536,1596,RegionD,135.60438056668
1536,1596,RegionE,58.4689805444316
1536,1596,RegionF,136.584805555554
1536,1597,RegionA,41.6575118975479
1536,1597,RegionB,13.3577777777778
1536,1597,RegionC,40.3450992135617
1536,1597,RegionD,131.07703891114
1536,1597,RegionE,51.9159888666406
1536,1597,RegionF,117.574416666665
1536,1598,RegionA,37.0322460173207
1536,1598,RegionB,12.8982222222223
1536,1598,RegionC,56.3125007641883
1536,1598,RegionD,153.429102788903
1536,1598,RegionE,58.7331638555153
1536,1598,RegionF,82.4682643518498
1536,1599,RegionA,32.4885912482045
1536,1599,RegionB,34.2408888888885
1536,1599,RegionC,78.9838333333333
1536,1599,RegionD,228.931666666667
1536,1599,RegionE,95.7587832888343
1536,1599,RegionF,152.151125462963
1536,1600,RegionA,19.3082579148704
1536,1600,RegionB,30.1892270453054
1536,1600,RegionC,72.5621618435827
1536,1600,RegionD,165.345498837958
1536,1600,RegionE,79.321534450876
1536,1600,RegionF,125.938875462962
1536,1601,RegionA,22.7295267694862
1536,1601,RegionB,32.1109818683898
1536,1601,RegionC,65.8732214992169
1536,1601,RegionD,135.152673826831
1536,1601,RegionE,56.5098872397795
1536,1601,RegionF,100.864847685185
1536,1602,RegionA,30.5245148719368
1536,1602,RegionB,23.591681135918
1536,1602,RegionC,62.8876318144233
1536,1602,RegionD,99.3767419046742
1536,1602,RegionE,51.0871566953495
1536,1602,RegionF,88.9126624665905
1536,1603,RegionA,39.0688363077207
1536,1603,RegionB,24.3357137367796
1536,1603,RegionC,77.2711666666667
1536,1603,RegionD,74.2431433158449
1536,1603,RegionE,48.3567594842521
1536,1603,RegionF,62.5586582665142
1536,1604,RegionA,31.3696666666672
1536,1604,RegionB,22.8151094219735
1536,1604,RegionC,68.2966843938347
1536,1604,RegionD,56.9026590287879
1536,1604,RegionE,21.3408333333341
1536,1604,RegionF,34.3266582665139
1536,1605,RegionA,37.0970000000004
1536,1605,RegionB,29.3648662182783
1536,1605,RegionC,60.2526805359905
1536,1605,RegionD,51.254680998052
1536,1605,RegionE,7.01200000000021
1536,1605,RegionF,16.7041611365654
1536,1606,RegionA,56.3678371814272
1536,1606,RegionB,46.3057407903308
1536,1606,RegionC,54.8531291513964
1536,1606,RegionD,63.1135164290898
1536,1606,RegionE,5.20933333333352
1536,1606,RegionF,6.85016533664207
1536,1607,RegionA,90.7944077507126
1536,1607,RegionB,60.6895080497154
1536,1607,RegionC,43.5588024883642
1536,1607,RegionD,94.3759483778738
1536,1607,RegionE,18.0666666666667
1536,1607,RegionF,9.23333333333305
1560,1584,RegionA,28.4627123004707
1560,1584,RegionB,33.8509186168772
1560,1584,RegionC,59.1519029902682
1560,1584,RegionD,68.7567031941465
1560,1584,RegionE,40.7456235524128
1560,1584,RegionF,80.3016393458278
1560,1585,RegionA,21.5987579342725
1560,1585,RegionB,26.336
1560,1585,RegionC,54.815667
1560,1585,RegionD,94.1580492692441
1560,1585,RegionE,63.1083304381591
1560,1585,RegionF,91.8446953583224
1560,1586,RegionA,21.3529163333335
1560,1586,RegionB,34.1610212201947
1560,1586,RegionC,39.7976869464725
1560,1586,RegionD,133.842086805277
1560,1586,RegionE,87.7726215711154
1560,1586,RegionF,118.360889345828
1560,1587,RegionA,24.277333
1560,1587,RegionB,49.798333
1560,1587,RegionC,50.792333
1560,1587,RegionD,173.391306249754
1560,1587,RegionE,143.47088919469
1560,1587,RegionF,148.05775
1560,1588,RegionA,11.2819540328639
1560,1588,RegionB,42.2680810497914
1560,1588,RegionC,29.483333
1560,1588,RegionD,138.01152838826
1560,1588,RegionE,107.941989503113
1560,1588,RegionF,106.302391803748
1560,1589,RegionA,11.8739269175794
1560,1589,RegionB,35.6631112576572
1560,1589,RegionC,20.7797019424174
1560,1589,RegionD,114.491641473724
1560,1589,RegionE,70.206781703489
1560,1589,RegionF,89.7951700384646
1560,1590,RegionA,18.104287037037
1560,1590,RegionB,30.0253665221482
1560,1590,RegionC,21.5068345612334
1560,1590,RegionD,115.764434146979
1560,1590,RegionE,50.0933222652528
1560,1590,RegionF,67.0120332451294
1560,1591,RegionA,34.996
1560,1591,RegionB,28.245333
1560,1591,RegionC,43.295
1560,1591,RegionD,165.056161989588
1560,1591,RegionE,34.9465833333329
1560,1591,RegionF,55.8878938993006
1560,1592,RegionA,34.5652083333334
1560,1592,RegionB,27.3848362841896
1560,1592,RegionC,47.2707901554489
1560,1592,RegionD,145.799943004806
1560,1592,RegionE,16.4602499999997
1560,1592,RegionF,30.406666666666
1560,1593,RegionA,36.867
1560,1593,RegionB,28.536640364317
1560,1593,RegionC,53.7240803108979
1560,1593,RegionD,145.551276338139
1560,1593,RegionE,15.7394999999994
1560,1593,RegionF,26.9404196533117
1560,1594,RegionA,49.889
1560,1594,RegionB,34.594
1560,1594,RegionC,55.576
1560,1594,RegionD,153.290480137821
1560,1594,RegionE,21.3781666666666
1560,1594,RegionF,59.3785754177352
1560,1595,RegionA,93.4014166666666
1560,1595,RegionB,56.849333
1560,1595,RegionC,43.6416232008549
1560,1595,RegionD,185.579534839205
1560,1595,RegionE,28.8491388888885
1560,1595,RegionF,120.285481182159
1560,1596,RegionA,90.124412831158
1560,1596,RegionB,50.9817618913989
1560,1596,RegionC,38.584
1560,1596,RegionD,144.732288539727
1560,1596,RegionE,16.0482500000008
1560,1596,RegionF,108.529370071048
1560,1597,RegionA,69.3598256623121
1560,1597,RegionB,47.3202463383539
1560,1597,RegionC,36.5025250432694
1560,1597,RegionD,139.139449551682
1560,1597,RegionE,12.3598611111121
1560,1597,RegionF,91.2459256266038
1560,1598,RegionA,82.3267280702554
1560,1598,RegionB,57.251541375516
1560,1598,RegionC,53.5518476855671
1560,1598,RegionD,140.313436613271
1560,1598,RegionE,19.6990435741133
1560,1598,RegionF,47.7309026812774
1560,1599,RegionA,93.8656666666667
1560,1599,RegionB,89.2186666666666
1560,1599,RegionC,78.9838333333334
1560,1599,RegionD,213.037923674859
1560,1599,RegionE,38.8466704815589
1560,1599,RegionF,108.602128065805
1560,1600,RegionA,65.6723987658241
1560,1600,RegionB,71.8372507251124
1560,1600,RegionC,78.3480706580943
1560,1600,RegionD,157.403442623584
1560,1600,RegionE,27.7993927037805
1560,1600,RegionF,91.605000079159
1560,1601,RegionA,54.2587610917099
1560,1601,RegionB,67.8907007128086
1560,1601,RegionC,75.9527744758648
1560,1601,RegionD,122.830060106824
1560,1601,RegionE,17.6582538148925
1560,1601,RegionF,74.6505886867894
1560,1602,RegionA,54.3943748809236
1560,1602,RegionB,63.6605405460276
1560,1602,RegionC,79.8911666666667
1560,1602,RegionD,65.7024365158149
1560,1602,RegionE,33.2722538148926
1560,1602,RegionF,59.4596164645669
1560,1603,RegionA,55.376860197915
1560,1603,RegionB,84.33625
1560,1603,RegionC,77.2711666666667
1560,1603,RegionD,25.9038201412826
1560,1603,RegionE,50.2719204815598
1560,1603,RegionF,32.6742602903541
1560,1604,RegionA,40.1772597577956
1560,1604,RegionB,65.547070628721
1560,1604,RegionC,59.5797755164617
1560,1604,RegionD,17.6079683086632
1560,1604,RegionE,37.5270848413989
1560,1604,RegionF,14.6124520580708
1560,1605,RegionA,32.5529396625556
1560,1605,RegionB,53.2999764935472
1560,1605,RegionC,48.3956949550067
1560,1605,RegionD,22.5939309549369
1560,1605,RegionE,35.6268468228406
1560,1605,RegionF,9.21599999999966
1560,1606,RegionA,32.2160681355941
1560,1606,RegionB,51.8892147783028
1560,1606,RegionC,47.2077660160519
1560,1606,RegionD,44.3942802348194
1560,1606,RegionE,49.1717579902026
1560,1606,RegionF,7.82063506724886
1560,1607,RegionA,38.0996022033906
1560,1607,RegionB,54.8623841392672
1560,1607,RegionC,60.2387226283552
1560,1607,RegionD,85.7538382474161
1560,1607,RegionE,64.316182647072
1560,1607,RegionF,13.4479368011647
1560,1608,RegionA,34.3899710800383
1560,1608,RegionB,51.6598402844602
1560,1608,RegionC,50.2515130235843
1560,1608,RegionD,75.6761950525687
1560,1608,RegionE,51.4361826470723
1560,1608,RegionF,10.0146034678316
1560,1609,RegionA,28.3195481233519
1560,1609,RegionB,44.83673359632
1560,1609,RegionC,43.7116858632583
1560,1609,RegionD,89.2558296354986
1560,1609,RegionE,34.0881826470731
1560,1609,RegionF,28.3544923567203
1560,1610,RegionA,26.548
1560,1610,RegionB,38.268
1560,1610,RegionC,40.409333
1560,1610,RegionD,99.5087975517624
1560,1610,RegionE,53.3241826470726
1560,1610,RegionF,59.3061590233869
1560,1611,RegionA,34.658333
1560,1611,RegionB,51.9858166723254
1560,1611,RegionC,40.140667
1560,1611,RegionD,109.887542017285
1560,1611,RegionE,83.0480680437238
1560,1611,RegionF,111.780378822223
1560,1612,RegionA,28.5500930435442
1560,1612,RegionB,43.3033788534849
1560,1612,RegionC,37.4892680675677
1560,1612,RegionD,61.2853173380195
1560,1612,RegionE,49.1826433868542
1560,1612,RegionF,110.737521532752
1560,1613,RegionA,30.7619265805557
1560,1613,RegionB,31.799333
1560,1613,RegionC,32.7719900861101
1560,1613,RegionD,50.4320938872773
1560,1613,RegionE,22.8666666666674
1560,1613,RegionF,103.339378668278
1560,1614,RegionA,39.8752599138891
1560,1614,RegionB,21.4283412636873
1560,1614,RegionC,26.8935213361108
1560,1614,RegionD,80.7088877069232
1560,1614,RegionE,15.6433333333333
1560,1614,RegionF,105.280878668279
1560,1615,RegionA,55.386667
1560,1615,RegionB,29.653333
1560,1615,RegionC,22.329333
1560,1615,RegionD,146.521343887279
1560,1615,RegionE,19.2555555555554
1560,1615,RegionF,134.271434223833
1560,1616,RegionA,45.3211710120114
1560,1616,RegionB,20.1055513353739
1560,1616,RegionC,13.6131503732536
1560,1616,RegionD,121.494561530192
1560,1616,RegionE,12.5905555555553
1560,1616,RegionF,87.5869546380584
1560,1617,RegionA,37.2808784722208
1560,1617,RegionB,11.5974113896947
1560,1617,RegionC,11.7540976316427
1560,1617,RegionD,115.067668061996
1560,1617,RegionE,15.4409722222221
1560,1617,RegionF,74.2108888888884
1560,1618,RegionA,38.2912171805548
1560,1618,RegionB,9.55448760446904
1560,1618,RegionC,25.6583699963768
1560,1618,RegionD,98.083647440821
1560,1618,RegionE,26.3904166666667
1560,1618,RegionF,89.4943333333324
1560,1619,RegionA,56.353667
1560,1619,RegionB,47.487
1560,1619,RegionC,42.776
1560,1619,RegionD,132.115166333333
1560,1619,RegionE,30.1927499999998
1560,1619,RegionF,112.6635
1560,1620,RegionA,50.3904170000001
1560,1620,RegionB,46.0840000000001
1560,1620,RegionC,38.8898888888885
1560,1620,RegionD,101.459721888889
1560,1620,RegionE,18.9068333333331
1560,1620,RegionF,96.6716666666637
1560,1621,RegionA,37.2881526481476
1560,1621,RegionB,32.8384564716578
1560,1621,RegionC,37.079950667149
1560,1621,RegionD,76.2721902130431
1560,1621,RegionE,13.9854166666666
1560,1621,RegionF,68.0598888888883
1560,1622,RegionA,29.6134274166672
1560,1622,RegionB,23.2686359021732
1560,1622,RegionC,57.0586484696378
1560,1622,RegionD,69.6984948992756
1560,1622,RegionE,10.2637499999998
1560,1622,RegionF,62.44087664558
1560,1623,RegionA,29.8388266104167
1560,1623,RegionB,35.5052496472163
1560,1623,RegionC,79.9576666666667
1560,1623,RegionD,66.7668648956525
1560,1623,RegionE,12.1199162805818
1560,1623,RegionF,70.0197536772434
1560,1624,RegionA,17.1435712354167
1560,1624,RegionB,31.7419747217147
1560,1624,RegionC,78.8560769707904
1560,1624,RegionD,33.6915682253609
1560,1624,RegionE,8.01033294724843
1560,1624,RegionF,59.0680314550199
1560,1625,RegionA,12.5064166666668
1560,1625,RegionB,17.1729433222127
1560,1625,RegionC,76.7497024122724
1560,1625,RegionD,21.5990638100416
1560,1625,RegionE,7.76699961391528
1560,1625,RegionF,54.1575130637793
1560,1626,RegionA,18.3319490535609
1560,1626,RegionB,32.8604817386828
1560,1626,RegionC,81.8433333333334
1560,1626,RegionD,23.6117387311947
1560,1626,RegionE,12.5003329472486
1560,1626,RegionF,48.7198030848681
1560,1627,RegionA,25.1268147737886
1560,1627,RegionB,67.0004867801049
1560,1627,RegionC,82.6601666666668
1560,1627,RegionD,35.8843025412364
1560,1627,RegionE,19.8302290770889
1560,1627,RegionF,70.005583494446
1560,1628,RegionA,26.4316779597499
1560,1628,RegionB,65.4175845836395
1560,1628,RegionC,76.1746395873247
1560,1628,RegionD,26.9348132396235
1560,1628,RegionE,19.0764290030811
1560,1628,RegionF,52.865577848804
1560,1629,RegionA,33.485374479045
1560,1629,RegionB,76.1512967497967
1560,1629,RegionC,76.4587393204537
1560,1629,RegionD,28.6996383184706
1560,1629,RegionE,20.6002899500978
1560,1629,RegionF,34.4069111821393
1560,1630,RegionA,45.2073337468074
1560,1630,RegionB,87.0823422492873
1560,1630,RegionC,75.949672386915
1560,1630,RegionD,39.9871856195396
1560,1630,RegionE,28.267539786003
1560,1630,RegionF,61.7547873225582
1560,1631,RegionA,92.3704077507126
1560,1631,RegionB,87.080008915954
1560,1631,RegionC,76.7701364883643
1560,1631,RegionD,107.789054563312
1560,1631,RegionE,60.3648966355177
1560,1631,RegionF,84.9738845350267
1584,1608,RegionA,15.9562506666666
1584,1608,RegionB,18.6891660000002
1584,1608,RegionC,19.6818216230426
1584,1608,RegionD,114.850329696855
1584,1608,RegionE,37.0630035228739
1584,1608,RegionF,77.8974840461166
1584,1609,RegionA,21.9623346666663
1584,1609,RegionB,28.121998666667
1584,1609,RegionC,30.769393246085
1584,1609,RegionD,171.456770504822
1584,1609,RegionE,63.9472345004884
1584,1609,RegionF,126.677879526381
1584,1610,RegionA,26.548
1584,1610,RegionB,38.268
1584,1610,RegionC,37.1737115725303
1584,1610,RegionD,202.501296996469
1584,1610,RegionE,90.5004973664083
1584,1610,RegionF,142.633744064591
1584,1611,RegionA,34.658333
1584,1611,RegionB,52.72
1584,1611,RegionC,40.140667
1584,1611,RegionD,220.48840810758
1584,1611,RegionE,114.382008559086
1584,1611,RegionF,149.045416666667
1584,1612,RegionA,33.040667
1584,1612,RegionB,38.348899616389
1584,1612,RegionC,33.7119028317881
1584,1612,RegionD,189.409418738851
1584,1612,RegionE,114.241667
1584,1612,RegionF,131.046098544774
1584,1613,RegionA,43.982333
1584,1613,RegionB,31.799333
1584,1613,RegionC,27.6275401107928
1584,1613,RegionD,209.671226121825
1584,1613,RegionE,128.623257384476
1584,1613,RegionF,141.07239562429
1584,1614,RegionA,53.0475249630835
1584,1614,RegionB,23.322667
1584,1614,RegionC,24.1706717725753
1584,1614,RegionD,225.960505827018
1584,1614,RegionE,144.20461941051
1584,1614,RegionF,154.295
1584,1615,RegionA,55.386667
1584,1615,RegionB,29.653333
1584,1615,RegionC,22.329333
1584,1615,RegionD,234.323
1584,1615,RegionE,152.986474498888
1584,1615,RegionF,154.371
1584,1616,RegionA,45.7705053517722
1584,1616,RegionB,25.6261617681413
1584,1616,RegionC,20.3249757690064
1584,1616,RegionD,221.791147145062
1584,1616,RegionE,154.160295669911
1584,1616,RegionF,136.324831492779
1584,1617,RegionA,42.0181922964166
1584,1617,RegionB,23.2777512207392
1584,1617,RegionC,28.903333
1584,1617,RegionD,222.13936812204
1584,1617,RegionE,157.542662237895
1584,1617,RegionF,131.291956204698
1584,1618,RegionA,42.411333
1584,1618,RegionB,23.98
1584,1618,RegionC,40.3360490114804
1584,1618,RegionD,231.438376013607
1584,1618,RegionE,160.065612193239
1584,1618,RegionF,139.310833482478
1584,1619,RegionA,56.353667
1584,1619,RegionB,47.487
1584,1619,RegionC,42.776
1584,1619,RegionD,234.694
1584,1619,RegionE,160.252612193239
1584,1619,RegionF,153.073
1584,1620,RegionA,70.7973879808542
1584,1620,RegionB,59.154
1584,1620,RegionC,45.399910303816
1584,1620,RegionD,207.523934080233
1584,1620,RegionE,148.035264154965
1584,1620,RegionF,141.836642614107
1584,1621,RegionA,82.6486182965798
1584,1621,RegionB,71.031337363435
1584,1621,RegionC,54.4974655534951
1584,1621,RegionD,195.491925590919
1584,1621,RegionE,144.963225004951
1584,1621,RegionF,139.739574200187
1584,1622,RegionA,88.4468725004511
1584,1622,RegionB,79.2156976905866
1584,1622,RegionC,68.5835998293504
1584,1622,RegionD,199.040722417414
1584,1622,RegionE,147.125531656633
1584,1622,RegionF,138.667505786265
1584,1623,RegionA,92.1440833333334
1584,1623,RegionB,85.7191666666666
1584,1623,RegionC,80.9621666666667
1584,1623,RegionD,230.73
1584,1623,RegionE,160.60975
1584,1623,RegionF,150.100666666667
1584,1624,RegionA,88.0821317352664
1584,1624,RegionB,85.714549077338
1584,1624,RegionC,79.8958450424451
1584,1624,RegionD,230.444
1584,1624,RegionE,161.2195
1584,1624,RegionF,150.733
1584,1625,RegionA,89.5103253801622
1584,1625,RegionB,87.9668888888894
1584,1625,RegionC,78.3598935530638
1584,1625,RegionD,225.296108924918
1584,1625,RegionE,158.276065513854
1584,1625,RegionF,151.576333333333
1584,1626,RegionA,90.1935679952204
1584,1626,RegionB,87.6226666666667
1584,1626,RegionC,77.2586134431987
1584,1626,RegionD,219.349378654199
1584,1626,RegionE,153.174408805487
1584,1626,RegionF,152.439
1584,1627,RegionA,95.4397499999999
1584,1627,RegionB,85.9013333333332
1584,1627,RegionC,82.6601666666668
1584,1627,RegionD,225.941833333333
1584,1627,RegionE,156.5685
1584,1627,RegionF,152.175333333333
1584,1628,RegionA,95.0669892881478
1584,1628,RegionB,86.6673333333334
1584,1628,RegionC,83.8875
1584,1628,RegionD,180.457719540997
1584,1628,RegionE,121.404742594274
1584,1628,RegionF,120.093625935697
1584,1629,RegionA,96.13375
1584,1629,RegionB,87.0233333333334
1584,1629,RegionC,82.6679999999999
1584,1629,RegionD,167.940032335802
1584,1629,RegionE,87.939547313478
1584,1629,RegionF,108.985527541597
1584,1630,RegionA,94.73475
1584,1630,RegionB,87.334
1584,1630,RegionC,81.0786666666666
1584,1630,RegionD,164.608726162019
1584,1630,RegionE,64.9115261067538
1584,1630,RegionF,124.306556422103
1584,1631,RegionA,94.1078319223831
1584,1631,RegionB,86.4825847442835
1584,1631,RegionC,78.86
1584,1631,RegionD,230.969
1584,1631,RegionE,70.171895640771
1584,1631,RegionF,138.430479223674
1584,1632,RegionA,74.3464855099
1584,1632,RegionB,64.342333
1584,1632,RegionC,57.164
1584,1632,RegionD,178.802505182683
1584,1632,RegionE,41.9149722222202
1584,1632,RegionF,103.784835558895
1584,1633,RegionA,50.1029800762209
1584,1633,RegionB,51.2082552651099
1584,1633,RegionC,46.9931150052738
1584,1633,RegionD,145.177823858633
1584,1633,RegionE,28.7224166666655
1584,1633,RegionF,70.0723446382853
1584,1634,RegionA,35.444667
1584,1634,RegionB,42.049333
1584,1634,RegionC,42.138667
1584,1634,RegionD,144.245794432332
1584,1634,RegionE,37.1814218726772
1584,1634,RegionF,71.1965543671846
1584,1635,RegionA,74.288
1584,1635,RegionB,33.884
1584,1635,RegionC,39.701667
1584,1635,RegionD,233.13925
1584,1635,RegionE,77.8642357776729
1584,1635,RegionF,86.8285504412435
1584,1636,RegionA,68.4285000450132
1584,1636,RegionB,26.7792562835407
1584,1636,RegionC,33.6724120795254
1584,1636,RegionD,170.743667
1584,1636,RegionE,65.9
1584,1636,RegionF,63.2910157269647
1584,1637,RegionA,67.7904992433063
1584,1637,RegionB,22.4187905548367
1584,1637,RegionC,29.1264978415245
1584,1637,RegionD,112.961529975873
1584,1637,RegionE,60.4613967859104
1584,1637,RegionF,46.9792592088878
1584,1638,RegionA,55.2069996216507
1584,1638,RegionB,23.1470297337175
1584,1638,RegionC,29.5766938502995
1584,1638,RegionD,76.8380148461661
1584,1638,RegionE,50.1533333333334
1584,1638,RegionF,45.8981314278172
1584,1639,RegionA,59.066
1584,1639,RegionB,25.34
1584,1639,RegionC,33.548667
1584,1639,RegionD,147.204762568495
1584,1639,RegionE,47.3893333333345
1584,1639,RegionF,84.4450991301498
1584,1640,RegionA,43.2353789668706
1584,1640,RegionB,22.295136932949
1584,1640,RegionC,22.6995406188337
1584,1640,RegionD,110.213111111109
1584,1640,RegionE,40.5156666666661
1584,1640,RegionF,71.6910839208658
1584,1641,RegionA,32.0593189792251
1584,1641,RegionB,22.3191666666669
1584,1641,RegionC,17.0966481234673
1584,1641,RegionD,75.4016666666677
1584,1641,RegionE,58.3890000000012
1584,1641,RegionF,69.0195283653104
1584,1642,RegionA,40.6654097492541
1584,1642,RegionB,24.9491666666668
1584,1642,RegionC,14.8167570395147
1584,1642,RegionD,77.5562777777777
1584,1642,RegionE,87.1938888888885
1584,1642,RegionF,65.8589355615036
1584,1643,RegionA,49.9424550044479
1584,1643,RegionB,29.9288333333335
1584,1643,RegionC,13.4006852864257
1584,1643,RegionD,58.1898333333322
1584,1643,RegionE,125.474888888889
1584,1643,RegionF,56.9136645812883
1584,1644,RegionA,50.2125002596416
1584,1644,RegionB,34.1216666666666
1584,1644,RegionC,10.1249746444478
1584,1644,RegionD,33.8724444444445
1584,1644,RegionE,108.222555555555
1584,1644,RegionF,37.9466158232926
1584,1645,RegionA,45.6765455148349
1584,1645,RegionB,32.2837777777774
1584,1645,RegionC,6.31973622469209
1584,1645,RegionD,45.5012362906016
1584,1645,RegionE,108.310763709397
1584,1645,RegionF,30.5303448430756
1584,1646,RegionA,41.6898333333326
1584,1646,RegionB,33.4827777777777
1584,1646,RegionC,5.64344444444449
1584,1646,RegionD,92.9854725812033
1584,1646,RegionE,122.721416307686
1584,1646,RegionF,39.3011111111111
1584,1647,RegionA,47.5330555555553
1584,1647,RegionB,32.2094722222226
1584,1647,RegionC,7.67066666666668
1584,1647,RegionD,148.597826388888
1584,1647,RegionE,124.13784668375
1584,1647,RegionF,103.726493594028
1584,1648,RegionA,34.8285555555549
1584,1648,RegionB,20.3265277777777
1584,1648,RegionC,6.99966666666671
1584,1648,RegionD,129.503270833334
1584,1648,RegionE,93.5240689059727
1584,1648,RegionF,76.9649380384707
1584,1649,RegionA,23.2497222222217
1584,1649,RegionB,14.1021944444447
1584,1649,RegionC,16.8345
1584,1649,RegionD,122.0219375
1584,1649,RegionE,57.3481244615278
1584,1649,RegionF,54.6418269273606
1584,1650,RegionA,16.3874999999996
1584,1650,RegionB,10.9263333333335
1584,1650,RegionC,38.2152777777778
1584,1650,RegionD,116.342993055556
1584,1650,RegionE,49.2142355726389
1584,1650,RegionF,44.7764935940272
1584,1651,RegionA,30.9934999999996
1584,1651,RegionB,28.613749999999
1584,1651,RegionC,57.9577777777777
1584,1651,RegionD,145.397191552992
1584,1651,RegionE,44.3720370752051
1584,1651,RegionF,51.2758824829167
1584,1652,RegionA,25.1456666666666
1584,1652,RegionB,23.4657499999998
1584,1652,RegionC,57.3503333333335
1584,1652,RegionD,114.431575242519
1584,1652,RegionE,25.6053289213623
1584,1652,RegionF,26.7031236138969
1584,1653,RegionA,20.9983333333335
1584,1653,RegionB,33.9120833333333
1584,1653,RegionC,53.9648333333329
1584,1653,RegionD,85.1239625658131
1584,1653,RegionE,15.0521207675194
1584,1653,RegionF,11.7316666666668
1584,1654,RegionA,31.8229444444439
1584,1654,RegionB,59.3693333333333
1584,1654,RegionC,52.2337222222221
1584,1654,RegionD,60.1655277777775
1584,1654,RegionE,17.6172500000002
1584,1654,RegionF,21.0017777777771
1584,1655,RegionA,46.4127222222213
1584,1655,RegionB,88.936
1584,1655,RegionC,78.1283333333333
1584,1655,RegionD,75.7255277777774
1584,1655,RegionE,48.2967499999992
1584,1655,RegionF,61.098444444444
1632,1656,RegionA,79.9541985641031
1632,1656,RegionB,39.1978641025658
1632,1656,RegionC,66.3341039999998
1632,1656,RegionD,60.6373817571602
1632,1656,RegionE,62.7024999999999
1632,1656,RegionF,87.9101111111111
1632,1657,RegionA,39.096897128204
1632,1657,RegionB,39.3008948717982
1632,1657,RegionC,27.549333
1632,1657,RegionD,94.7004586421757
1632,1657,RegionE,113.1645
1632,1657,RegionF,121.952972222222
1632,1658,RegionA,40.6731663333323
1632,1658,RegionB,41.811667
1632,1658,RegionC,19.26
1632,1658,RegionD,146.630118860524
1632,1658,RegionE,143.21
1632,1658,RegionF,140.674138888889
1632,1659,RegionA,30.761333
1632,1659,RegionB,44.4
1632,1659,RegionC,29.348
1632,1659,RegionD,223.022754166665
1632,1659,RegionE,155.69675
1632,1659,RegionF,146.711083333333
1632,1660,RegionA,14.5867404047232
1632,1660,RegionB,33.4030790378954
1632,1660,RegionC,30.0441804020657
1632,1660,RegionD,179.067972637185
1632,1660,RegionE,148.757423798395
1632,1660,RegionF,117.637857543554
1632,1661,RegionA,16.3916478094475
1632,1661,RegionB,29.0929914091246
1632,1661,RegionC,38.5286941374653
1632,1661,RegionD,154.258102377051
1632,1661,RegionE,148.451930930124
1632,1661,RegionF,94.1447299019223
1632,1662,RegionA,22.2190869574908
1632,1662,RegionB,41.4574757432315
1632,1662,RegionC,45.416
1632,1662,RegionD,147.405140764212
1632,1662,RegionE,149.638501831878
1632,1662,RegionF,85.163333
1632,1663,RegionA,25.041333
1632,1663,RegionB,55.240333
1632,1663,RegionC,57.914667
1632,1663,RegionD,189.691340207558
1632,1663,RegionE,159.66
1632,1663,RegionF,99.91
1632,1664,RegionA,18.019893697841
1632,1664,RegionB,49.8995431231947
1632,1664,RegionC,45.1489831250144
1632,1664,RegionD,159.156690359813
1632,1664,RegionE,114.445801449587
1632,1664,RegionF,78.9936128463969
1632,1665,RegionA,13.2689543956812
1632,1665,RegionB,44.1646592463868
1632,1665,RegionC,28.805667
1632,1665,RegionD,140.591093768561
1632,1665,RegionE,72.92009229694
1632,1665,RegionF,58.1070203996739
1632,1666,RegionA,8.52791270917588
1632,1666,RegionB,38.489333
1632,1666,RegionC,20.5498377428366
1632,1666,RegionD,158.574638253961
1632,1666,RegionE,52.5969771884645
1632,1666,RegionF,48.4989728571516
1632,1667,RegionA,12.6328126270325
1632,1667,RegionB,50.271333
1632,1667,RegionC,22.223333
1632,1667,RegionD,227.7605
1632,1667,RegionE,41.4316367234029
1632,1667,RegionF,76.9736324840798
1632,1668,RegionA,12.4163126270326
1632,1668,RegionB,44.8288506086631
1632,1668,RegionC,19.9289820580034
1632,1668,RegionD,178.105175132276
1632,1668,RegionE,25.198296258341
1632,1668,RegionF,60.3907906851352
1632,1669,RegionA,18.9430348492551
1632,1669,RegionB,38.0798725026746
1632,1669,RegionC,16.9076268306584
1632,1669,RegionD,127.055436613763
1632,1669,RegionE,20.9566224599462
1632,1669,RegionF,56.3530569814313
1632,1670,RegionA,17.4046753959189
1632,1670,RegionB,27.1017817286053
1632,1670,RegionC,21.9923548358441
1632,1670,RegionD,94.9775755026509
1632,1670,RegionE,30.9177777777777
1632,1670,RegionF,54.6752792036517
1632,1671,RegionA,30.6121111111115
1632,1671,RegionB,41.587824696649
1632,1671,RegionC,30.6052650414946
1632,1671,RegionD,120.038908835984
1632,1671,RegionE,39.391444444444
1632,1671,RegionF,73.4400569814303
1632,1672,RegionA,26.8201538163799
1632,1672,RegionB,37.9722478243321
1632,1672,RegionC,35.213188097432
1632,1672,RegionD,65.9555073652554
1632,1672,RegionE,27.5971111111109
1632,1672,RegionF,39.4652917854883
1632,1673,RegionA,31.5739187438708
1632,1673,RegionB,44.2954369662203
1632,1673,RegionC,47.1991364519741
1632,1673,RegionD,33.203674504601
1632,1673,RegionE,22.2560000000004
1632,1673,RegionF,24.675444444444
1632,1674,RegionA,35.5856757913748
1632,1674,RegionB,59.8458851497768
1632,1674,RegionC,64.799103632887
1632,1674,RegionD,39.5990298704052
1632,1674,RegionE,24.0840000000003
1632,1674,RegionF,27.6736666666665
1632,1675,RegionA,41.1292458147441
1632,1675,RegionB,86.2925
1632,1675,RegionC,81.5866666666667
1632,1675,RegionD,63.2249486296997
1632,1675,RegionE,34.4469999999999
1632,1675,RegionF,33.742
1632,1676,RegionA,36.7627586650309
1632,1676,RegionB,73.6429999999999
1632,1676,RegionC,74.1431712372421
1632,1676,RegionD,58.7347089866155
1632,1676,RegionE,30.1629999999999
1632,1676,RegionF,22.2063333333325
1632,1677,RegionA,23.5548681586165
1632,1677,RegionB,69.6504589122586
1632,1677,RegionC,76.3447869189288
1632,1677,RegionD,59.5258026768649
1632,1677,RegionE,29.482
1632,1677,RegionF,16.6917777777776
1632,1678,RegionA,11.4258888888888
1632,1678,RegionB,70.9687702995534
1632,1678,RegionC,82.1023333333333
1632,1678,RegionD,72.2008963671143
1632,1678,RegionE,32.014111111112
1632,1678,RegionF,30.8041111111115
1632,1679,RegionA,19.1302315065913
1632,1679,RegionB,84.0431666666666
1632,1679,RegionC,81.309
1632,1679,RegionD,87.3206018267433
1632,1679,RegionE,48.6681111111108
1632,1679,RegionF,43.4924444444449
1632,1680,RegionA,21.0474745621467
1632,1680,RegionB,68.6810644288649
1632,1680,RegionC,57.2258431564691
1632,1680,RegionD,62.5285622969645
1632,1680,RegionE,35.0581111111111
1632,1680,RegionF,38.1420000000002
1632,1681,RegionA,22.7761898399246
1632,1681,RegionB,40.645971524679
1632,1681,RegionC,32.7920110101971
1632,1681,RegionD,63.0602165140878
1632,1681,RegionE,23.6496666666672
1632,1681,RegionF,42.1778333333335
1632,1682,RegionA,27.598667
1632,1682,RegionB,32.25
1632,1682,RegionC,26.110667
1632,1682,RegionD,75.5541935773314
1632,1682,RegionE,32.5123125835172
1632,1682,RegionF,63.3816042835949
1632,1683,RegionA,38.296
1632,1683,RegionB,28.795
1632,1683,RegionC,24.849667
1632,1683,RegionD,133.434055555556
1632,1683,RegionE,65.9395133216982
1632,1683,RegionF,77.5657085671906
1632,1684,RegionA,34.1637777777772
1632,1684,RegionB,28.7309444444444
1632,1684,RegionC,24.1735108917971
1632,1684,RegionD,119.721489441537
1632,1684,RegionE,72.049846655032
1632,1684,RegionF,55.9794863449682
1632,1685,RegionA,29.4141614583332
1632,1685,RegionB,23.7196111111109
1632,1685,RegionC,33.0790266585936
1632,1685,RegionD,94.4790899941837
1632,1685,RegionE,87.7228466550319
1632,1685,RegionF,46.4709863449672
1632,1686,RegionA,26.818751736111
1632,1686,RegionB,20.5514166666663
1632,1686,RegionC,36.469413348967
1632,1686,RegionD,48.4143572134971
1632,1686,RegionE,109.938213578679
1632,1686,RegionF,42.0729863449668
1632,1687,RegionA,37.267
1632,1687,RegionB,25.6914166666664
1632,1687,RegionC,35.878667
1632,1687,RegionD,72.4907355439254
1632,1687,RegionE,154.78
1632,1687,RegionF,41.8370974560785
1632,1688,RegionA,31.4713153935186
1632,1688,RegionB,15.8907499999996
1632,1688,RegionC,22.7505249167296
1632,1688,RegionD,69.9701679891438
1632,1688,RegionE,97.2290297503066
1632,1688,RegionF,46.4232675058561
1632,1689,RegionA,28.1341082175926
1632,1689,RegionB,16.3199166666666
1632,1689,RegionC,21.5493132337332
1632,1689,RegionD,64.6722341031624
1632,1689,RegionE,49.343405297503
1632,1689,RegionF,64.1306335924535
1632,1690,RegionA,33.052
1632,1690,RegionB,19.8698333333333
1632,1690,RegionC,36.9057664478845
1632,1690,RegionD,62.3585224394038
1632,1690,RegionE,32.923292594016
1632,1690,RegionF,101.724779629807
1632,1691,RegionA,83.206667
1632,1691,RegionB,40.595667
1632,1691,RegionC,72.811333
1632,1691,RegionD,100.856144108977
1632,1691,RegionE,25.485522224357
1632,1691,RegionF,152.66325
1632,1692,RegionA,60.1892999571767
1632,1692,RegionB,40.2195836666664
1632,1692,RegionC,67.9228997073577
1632,1692,RegionD,76.5090000000001
1632,1692,RegionE,20.8690614831174
1632,1692,RegionF,128.636127407905
1632,1693,RegionA,47.109014998668
1632,1693,RegionB,42.9893614444445
1632,1693,RegionC,67.7251785551883
1632,1693,RegionD,44.1312222222228
1632,1693,RegionE,24.66366518611
1632,1693,RegionF,100.730029815587
1632,1694,RegionA,42.448721305942
1632,1694,RegionB,48.9065558888888
1632,1694,RegionC,64.3832278040054
1632,1694,RegionD,39.2092222222207
1632,1694,RegionE,52.2622966668799
1632,1694,RegionF,80.4901150009521
1632,1695,RegionA,71.3907605549251
1632,1695,RegionB,83.0713333333334
1632,1695,RegionC,80.9395
1632,1695,RegionD,47.1275555555546
1632,1695,RegionE,81.9171944444452
1632,1695,RegionF,78.4881838895205
1632,1696,RegionA,47.1769798836273
1632,1696,RegionB,61.4550693019426
1632,1696,RegionC,71.3142447032205
1632,1696,RegionD,28.2830000000002
1632,1696,RegionE,67.0711944444439
1632,1696,RegionF,44.9864838889869
1632,1697,RegionA,52.1992366668857
1632,1697,RegionB,35.5054524852756
1632,1697,RegionC,64.5919498166663
1632,1697,RegionD,30.2851110311709
1632,1697,RegionE,61.1774166666657
1632,1697,RegionF,31.445
1632,1698,RegionA,72.2681183334427
1632,1698,RegionB,27.4677984931033
1632,1698,RegionC,62.0955555555565
1632,1698,RegionD,48.8476387290088
1632,1698,RegionE,57.9983333333324
1632,1698,RegionF,29.5550555555555
1632,1699,RegionA,95.0343333333333
1632,1699,RegionB,26.0019446842637
1632,1699,RegionC,82.8420000000001
1632,1699,RegionD,71.6730553157358
1632,1699,RegionE,61.5236111111102
1632,1699,RegionF,44.2942222222222
1632,1700,RegionA,81.9442388918778
1632,1700,RegionB,10.2323493636826
1632,1700,RegionC,66.5542864339654
1632,1700,RegionD,62.2480975326959
1632,1700,RegionE,26.8636111111101
1632,1700,RegionF,29.5311111111115
1632,1701,RegionA,60.8762809763347
1632,1701,RegionB,17.8896350804714
1632,1701,RegionC,74.7858288398167
1632,1701,RegionD,54.3740408379586
1632,1701,RegionE,7.41594444444432
1632,1701,RegionF,16.1891864876412
1632,1702,RegionA,54.1722483577792
1632,1702,RegionB,47.4106445237191
1632,1702,RegionC,84.3608333333334
1632,1702,RegionD,49.6140000000001
1632,1702,RegionE,7.69916666666679
1632,1702,RegionF,4.96757934072461
1632,1703,RegionA,82.3647407407406
1632,1703,RegionB,76.0040737407408
1632,1703,RegionC,82.6515000000001
1632,1703,RegionD,66.6121339555721
1632,1703,RegionE,6.92833333333331
1632,1703,RegionF,4.59402378516908
1656,1680,RegionA,26.717719094506
1656,1680,RegionB,57.6680384615395
1656,1680,RegionC,47.549947062878
1656,1680,RegionD,123.009159469087
1656,1680,RegionE,53.4106666666664
1656,1680,RegionF,27.4907453029954
1656,1681,RegionA,25.1004585218576
1656,1681,RegionB,39.7212435897449
1656,1681,RegionC,39.0885003333325
1656,1681,RegionD,179.224692397752
1656,1681,RegionE,53.0254408069568
1656,1681,RegionF,60.354966465701
1656,1682,RegionA,27.5986669999999
1656,1682,RegionB,32.25
1656,1682,RegionC,26.110667
1656,1682,RegionD,220.446224692054
1656,1682,RegionE,81.1087496909062
1656,1682,RegionF,103.989686456722
1656,1683,RegionA,38.2959999999999
1656,1683,RegionB,28.795
1656,1683,RegionC,24.849667
1656,1683,RegionD,225.049569607773
1656,1683,RegionE,153.698597058894
1656,1683,RegionF,147.04475
1656,1684,RegionA,33.146894181265
1656,1684,RegionB,25.809154273504
1656,1684,RegionC,22.6671931678768
1656,1684,RegionD,167.217
1656,1684,RegionE,148.66401110991
1656,1684,RegionF,108.795333680104
1656,1685,RegionA,36.333667
1656,1685,RegionB,28.5459752136746
1656,1685,RegionC,27.0570589841225
1656,1685,RegionD,122.624506862643
1656,1685,RegionE,158.310164474587
1656,1685,RegionF,82.3567426320259
1656,1686,RegionA,34.3802036744537
1656,1686,RegionB,30.485161538461
1656,1686,RegionC,33.2348412991894
1656,1686,RegionD,113.720952753223
1656,1686,RegionE,152.589943841095
1656,1686,RegionF,63.6201337521153
1656,1687,RegionA,37.267
1656,1687,RegionB,34.402
1656,1687,RegionC,35.878667
1656,1687,RegionD,187.916218154158
1656,1687,RegionE,154.78
1656,1687,RegionF,53.8575190035164
1656,1688,RegionA,27.7724574066066
1656,1688,RegionB,20.8838086538468
1656,1688,RegionC,23.7457328090874
1656,1688,RegionD,167.489451519077
1656,1688,RegionE,102.562888888889
1656,1688,RegionF,40.331528998986
1656,1689,RegionA,26.8278505651239
1656,1689,RegionB,16.391615918804
1656,1689,RegionC,17.1981340424388
1656,1689,RegionD,151.384816298622
1656,1689,RegionE,56.8231666666658
1656,1689,RegionF,34.2875857757508
1656,1690,RegionA,33.052
1656,1690,RegionB,15.0201731837607
1656,1690,RegionC,21.1150053807581
1656,1690,RegionD,154.004687535324
1656,1690,RegionE,41.1081666666668
1656,1690,RegionF,53.6249758858497
1656,1691,RegionA,40.0837882850772
1656,1691,RegionB,40.595667
1656,1691,RegionC,72.811333
1656,1691,RegionD,231.1
1656,1691,RegionE,29.1178333333335
1656,1691,RegionF,77.9650326626147
1656,1692,RegionA,37.1036216184108
1656,1692,RegionB,27.2275836666676
1656,1692,RegionC,75.3233329999998
1656,1692,RegionD,175.404738762526
1656,1692,RegionE,20.548166666666
1656,1692,RegionF,64.0512731998205
1656,1693,RegionA,34.6704766490967
1656,1693,RegionB,19.5226947777778
1656,1693,RegionC,75.9927001915347
1656,1693,RegionD,121.675273069646
1656,1693,RegionE,24.2053333333334
1656,1693,RegionF,51.2819942008319
1656,1694,RegionA,32.9442379111609
1656,1694,RegionB,22.4034447777779
1656,1694,RegionC,72.8279944850282
1656,1694,RegionD,93.8727742908532
1656,1694,RegionE,52.1565277777776
1656,1694,RegionF,53.4951596462911
1656,1695,RegionA,92.3788333333334
1656,1695,RegionB,37.092279577333
1656,1695,RegionC,80.9395
1656,1695,RegionD,82.3162842198072
1656,1695,RegionE,81.9171944444452
1656,1695,RegionF,68.2904362028599
1656,1696,RegionA,76.6903715464001
1656,1696,RegionB,14.6490833611105
1656,1696,RegionC,65.0257052248679
1656,1696,RegionD,54.5110620898432
1656,1696,RegionE,67.911194444444
1656,1696,RegionF,41.4995555555558
1656,1697,RegionA,73.5649194840473
1656,1697,RegionB,10.8310555555555
1656,1697,RegionC,57.3376767589337
1656,1697,RegionD,30.3534315347955
1656,1697,RegionE,66.1640833333323
1656,1697,RegionF,36.9530000000001
1656,1698,RegionA,75.4740611903167
1656,1698,RegionB,8.32808333333342
1656,1698,RegionC,56.0722020932347
1656,1698,RegionD,36.3550443773115
1656,1698,RegionE,76.0213867835805
1656,1698,RegionF,45.9817222222221
1656,1699,RegionA,76.2405362299187
1656,1699,RegionB,10.7310833333334
1656,1699,RegionC,82.8420000000003
1656,1699,RegionD,40.7582735362503
1656,1699,RegionE,99.9430513449397
1656,1699,RegionF,70.8542222222222
1656,1700,RegionA,38.1464251188078
1656,1700,RegionB,8.46166666666649
1656,1700,RegionC,77.2592621897722
1656,1700,RegionD,30.4601068695835
1656,1700,RegionE,65.7711224885011
1656,1700,RegionF,57.2751111111117
1656,1701,RegionA,18.827027749116
1656,1701,RegionB,14.1366995270134
1656,1701,RegionC,83.2741666666669
1656,1701,RegionD,24.5074062867058
1656,1701,RegionE,43.9552275482748
1656,1701,RegionF,46.8303888888895
1656,1702,RegionA,9.23671937618051
1656,1702,RegionB,29.7765596732112
1656,1702,RegionC,84.3608333333337
1656,1702,RegionD,27.4966235449429
1656,1702,RegionE,49.7572452415885
1656,1702,RegionF,47.5964910529653
1656,1703,RegionA,15.6203531943487
1656,1703,RegionB,58.1547531527422
1656,1703,RegionC,82.6515000000004
1656,1703,RegionD,49.8333750000003
1656,1703,RegionE,48.5622031105113
1656,1703,RegionF,64.3326210979518
1656,1704,RegionA,12.9227755244377
1656,1704,RegionB,59.9277504814516
1656,1704,RegionC,61.2082674272837
1656,1704,RegionD,39.5129812797022
1656,1704,RegionE,33.14513196695
1656,1704,RegionF,52.9191210979518
1656,1705,RegionA,19.112442191104
1656,1705,RegionB,63.5819999999989
1656,1705,RegionC,45.7443161059299
1656,1705,RegionD,45.4983931149598
1656,1705,RegionE,31.5339497122769
1656,1705,RegionF,45.0442044312847
1656,1706,RegionA,30.1272755244374
1656,1706,RegionB,48.3199999999995
1656,1706,RegionC,30.3856670000001
1656,1706,RegionD,69.4167800311176
1656,1706,RegionE,38.3569896798271
1656,1706,RegionF,42.738787764618
1656,1707,RegionA,40.669333
1656,1707,RegionB,37.3586669999999
1656,1707,RegionC,23.258667
1656,1707,RegionD,122.019613364451
1656,1707,RegionE,71.9633639004269
1656,1707,RegionF,94.4239668462331
1656,1708,RegionA,29.201333
1656,1708,RegionB,24.7227360321843
1656,1708,RegionC,8.84303635767271
1656,1708,RegionD,113.615891142229
1656,1708,RegionE,50.9717777777775
1656,1708,RegionF,70.3123368012464
1656,1709,RegionA,19.8052607114452
1656,1709,RegionB,17.0616333568934
1656,1709,RegionC,14.706875752486
1656,1709,RegionD,118.927452401399
1656,1709,RegionE,19.7134444444439
1656,1709,RegionF,71.5740277777772
1656,1710,RegionA,15.8992570207073
1656,1710,RegionB,18.2306344306398
1656,1710,RegionC,27.8356685866028
1656,1710,RegionD,134.597551073163
1656,1710,RegionE,21.6553333333331
1656,1710,RegionF,76.2224444444438
1656,1711,RegionA,36.29
1656,1711,RegionB,26.830667
1656,1711,RegionC,40.4781869458132
1656,1711,RegionD,164.785923831966
1656,1711,RegionE,44.7096666666674
1656,1711,RegionF,59.9741388888905
1656,1712,RegionA,30.416
1656,1712,RegionB,24.7346317235911
1656,1712,RegionC,22.68
1656,1712,RegionD,135.353816437127
1656,1712,RegionE,23.4677740615087
1656,1712,RegionF,31.4693611111129
1656,1713,RegionA,27.297667
1656,1713,RegionB,26.5259133229797
1656,1713,RegionC,10.407266231274
1656,1713,RegionD,133.909105322732
1656,1713,RegionE,15.6137703452364
1656,1713,RegionF,34.072361111111
1656,1714,RegionA,27.194667
1656,1714,RegionB,27.326667
1656,1714,RegionC,11.4603107182505
1656,1714,RegionD,162.804144208339
1656,1714,RegionE,36.282433295632
1656,1714,RegionF,42.855583333333
1656,1715,RegionA,60.2500760234456
1656,1715,RegionB,34.991716286081
1656,1715,RegionC,31.256667
1656,1715,RegionD,229.364333333333
1656,1715,RegionE,58.2662073571395
1656,1715,RegionF,56.769333333333
1656,1716,RegionA,49.1900407470356
1656,1716,RegionB,23.38030934717
1656,1716,RegionC,35.5718153074563
1656,1716,RegionD,169.621180938618
1656,1716,RegionE,36.9432647708311
1656,1716,RegionF,37.2693333333331
1656,1717,RegionA,39.4260741642847
1656,1717,RegionB,22.003385818261
1656,1717,RegionC,40.1101832367446
1656,1717,RegionD,123.535004960276
1656,1717,RegionE,30.2556018204351
1656,1717,RegionF,25.3139999999998
1656,1718,RegionA,18.3210338000007
1656,1718,RegionB,30.9305256576992
1656,1718,RegionC,46.3258617076821
1656,1718,RegionD,95.4176097431448
1656,1718,RegionE,30.8413833144831
1656,1718,RegionF,27.3191135547695
1656,1719,RegionA,32.0320136654428
1656,1719,RegionB,47.2420943514437
1656,1719,RegionC,72.2502625408386
1656,1719,RegionD,96.4340430797592
1656,1719,RegionE,44.5768314751982
1656,1719,RegionF,29.4575604428721
1656,1720,RegionA,28.5378333333334
1656,1720,RegionB,42.5078022362086
1656,1720,RegionC,65.1928317653633
1656,1720,RegionD,60.1338888888912
1656,1720,RegionE,19.8771111111114
1656,1720,RegionF,28.865671553983
1656,1721,RegionA,23.5293333333335
1656,1721,RegionB,34.9577189028757
1656,1721,RegionC,46.8029428764746
1656,1721,RegionD,41.1916666666672
1656,1721,RegionE,10.9082222222225
1656,1721,RegionF,38.4863382206497
1656,1722,RegionA,43.9501224704539
1656,1722,RegionB,36.0097900928798
1656,1722,RegionC,46.9609436604595
1656,1722,RegionD,35.8208888888887
1656,1722,RegionE,13.1566666666666
1656,1722,RegionF,56.1275048873163
1656,1723,RegionA,63.0776338297974
1656,1723,RegionB,85.75225
1656,1723,RegionC,81.0533333333333
1656,1723,RegionD,39.6340279495517
1656,1723,RegionE,43.2293333333333
1656,1723,RegionF,82.5132826650939
1656,1724,RegionA,61.4593838297973
1656,1724,RegionB,79.5078789395499
1656,1724,RegionC,70.8936557377974
1656,1724,RegionD,28.6182501717736
1656,1724,RegionE,19.2879999999988
1656,1724,RegionF,60.0345535433041
1656,1725,RegionA,55.3402458220458
1656,1725,RegionB,81.3883357715417
1656,1725,RegionC,73.7339782461016
1656,1725,RegionD,36.9354168384396
1656,1725,RegionE,3.02133333333336
1656,1725,RegionF,26.0721899885338
1656,1726,RegionA,51.176813338059
1656,1726,RegionB,86.0841146772922
1656,1726,RegionC,81.9844166666667
1656,1726,RegionD,49.7485164290898
1656,1726,RegionE,3.7066666666664
1656,1726,RegionF,5.85886111111079
1656,1727,RegionA,72.0064077507126
1656,1727,RegionB,82.370667
1656,1727,RegionC,61.4942814517707
1656,1727,RegionD,81.0665049086285
1656,1727,RegionE,80.1286760717406
1656,1727,RegionF,30.7736850393701
1680,1704,RegionA,35.3337386376804
1680,1704,RegionB,55.0592506666685
1680,1704,RegionC,77.1959166666666
1680,1704,RegionD,116.974759546743
1680,1704,RegionE,34.1333659644705
1680,1704,RegionF,33.9768727360607
1680,1705,RegionA,44.0352496666665
1680,1705,RegionB,54.6082506666669
1680,1705,RegionC,69.0076666666678
1680,1705,RegionD,177.735189773083
1680,1705,RegionE,43.2288985956077
1680,1705,RegionF,66.6386086234416
1680,1706,RegionA,46.5013329999998
1680,1706,RegionB,48.32
1680,1706,RegionC,29.2465840000008
1680,1706,RegionD,210.021075472854
1680,1706,RegionE,80.1936485065199
1680,1706,RegionF,100.664960564383
1680,1707,RegionA,40.669333
1680,1707,RegionB,37.358667
1680,1707,RegionC,23.258667
1680,1707,RegionD,226.46475
1680,1707,RegionE,153.06075
1680,1707,RegionF,146.1655
1680,1708,RegionA,20.5507417440286
1680,1708,RegionB,22.1537287333325
1680,1708,RegionC,22.266667
1680,1708,RegionD,170.450748863837
1680,1708,RegionE,97.0773330000001
1680,1708,RegionF,128.916667
1680,1709,RegionA,21.7183705856412
1680,1709,RegionB,21.1447077999989
1680,1709,RegionC,29.649333
1680,1709,RegionD,140.7639746169
1680,1709,RegionE,74.8313698603645
1680,1709,RegionF,113.99465537505
1680,1710,RegionA,28.527646489575
1680,1710,RegionB,24.9345205999993
1680,1710,RegionC,38.4617306666677
1680,1710,RegionD,140.635355463617
1680,1710,RegionE,75.1452261181161
1680,1710,RegionF,107.094401241179
1680,1711,RegionA,36.29
1680,1711,RegionB,26.830667
1680,1711,RegionC,42.976667
1680,1711,RegionD,175.918873680913
1680,1711,RegionE,69.6207919857551
1680,1711,RegionF,128.975
1680,1712,RegionA,28.4292608071775
1680,1712,RegionB,24.3608339333337
1680,1712,RegionC,22.68
1680,1712,RegionD,139.673980121656
1680,1712,RegionE,23.1757777518461
1680,1712,RegionF,93.9279679376138
1680,1713,RegionA,21.9217085210222
1680,1713,RegionB,24.2668138322211
1680,1713,RegionC,9.62134141666729
1680,1713,RegionD,121.927611
1680,1713,RegionE,9.71755555555552
1680,1713,RegionF,94.7376944444443
1680,1714,RegionA,16.8259695393128
1680,1714,RegionB,21.6970761155543
1680,1714,RegionC,9.53744466666674
1680,1714,RegionD,142.655999777777
1680,1714,RegionE,27.4381111111107
1680,1714,RegionF,106.877583333333
1680,1715,RegionA,46.0961251733352
1680,1715,RegionB,27.5896526044437
1680,1715,RegionC,31.256667
1680,1715,RegionD,204.81344411111
1680,1715,RegionE,46.4737777777777
1680,1715,RegionF,123.404666666666
1680,1716,RegionA,32.7114375733338
1680,1716,RegionB,16.0776735377772
1680,1716,RegionC,31.076667
1680,1716,RegionD,151.196610777778
1680,1716,RegionE,29.8248888888895
1680,1716,RegionF,94.7846666666657
1680,1717,RegionA,31.4505555555556
1680,1717,RegionB,18.0121388888891
1680,1717,RegionC,30.8823151277776
1680,1717,RegionD,111.635240427777
1680,1717,RegionE,29.2853333333339
1680,1717,RegionF,59.3786666666679
1680,1718,RegionA,17.2276666666689
1680,1718,RegionB,30.3885833333332
1680,1718,RegionC,35.100800693255
1680,1718,RegionD,89.8989627611106
1680,1718,RegionE,36.0192222222224
1680,1718,RegionF,40.5202921011893
1680,1719,RegionA,31.5405000000001
1680,1719,RegionB,41.1016944444443
1680,1719,RegionC,64.0469529253989
1680,1719,RegionD,95.7849628722211
1680,1719,RegionE,55.902777777778
1680,1719,RegionF,33.6159175357123
1680,1720,RegionA,28.5378333333334
1680,1720,RegionB,36.6110277777775
1680,1720,RegionC,56.4645824642879
1680,1720,RegionD,60.1338888888912
1680,1720,RegionE,35.9837777777778
1680,1720,RegionF,27.3840286468232
1680,1721,RegionA,23.5293333333335
1680,1721,RegionB,29.0609444444446
1680,1721,RegionC,41.2746935753991
1680,1721,RegionD,41.1916666666672
1680,1721,RegionE,27.6548888888889
1680,1721,RegionF,33.1646953134899
1680,1722,RegionA,18.8012777777775
1680,1722,RegionB,32.1336624968211
1680,1722,RegionC,47.3568190099218
1680,1722,RegionD,35.8208888888887
1680,1722,RegionE,58.063333333333
1680,1722,RegionF,39.8499351599235
1680,1723,RegionA,12.7799444444445
1680,1723,RegionB,53.940408326976
1680,1723,RegionC,81.0533333333333
1680,1723,RegionD,49.7503888888895
1680,1723,RegionE,126.119999999999
1680,1723,RegionF,71.6157861174683
1680,1724,RegionA,11.1616944444445
1680,1724,RegionB,49.7599083269764
1680,1724,RegionC,71.8649995445447
1680,1724,RegionD,33.7346111111114
1680,1724,RegionE,90.7839999999981
1680,1724,RegionF,62.4965087951477
1680,1725,RegionA,9.56691666666735
1680,1725,RegionB,50.3455751722132
1680,1725,RegionC,66.9682636893839
1680,1725,RegionD,34.0331111111108
1680,1725,RegionE,62.6173333333316
1680,1725,RegionF,52.9603000272906
1680,1726,RegionA,21.179180722223
1680,1726,RegionB,48.6277321954059
1680,1726,RegionC,73.165000511903
1680,1726,RegionD,37.042888888889
1680,1726,RegionE,43.883999999999
1680,1726,RegionF,54.6605865704658
1680,1727,RegionA,54.3234447777786
1680,1727,RegionB,38.0072225519347
1680,1727,RegionC,67.027667
1680,1727,RegionD,51.7202222222224
1680,1727,RegionE,67.5200000000004
1680,1727,RegionF,129.241665670287
1680,1728,RegionA,55.9545281111119
1680,1728,RegionB,28.2407692908533
1680,1728,RegionC,53.1793849032076
1680,1728,RegionD,45.4102222222218
1680,1728,RegionE,66.9483333333333
1680,1728,RegionF,115.801067694826
1680,1729,RegionA,41.7658614444442
1680,1729,RegionB,26.6866067940322
1680,1729,RegionC,39.6298983575739
1680,1729,RegionD,44.4739999999999
1680,1729,RegionE,49.7555555555561
1680,1729,RegionF,94.3342445150592
1680,1730,RegionA,32.690667
1680,1730,RegionB,27.4833656898601
1680,1730,RegionC,33.4326661547624
1680,1730,RegionD,71.1856985112893
1680,1730,RegionE,60.0260555555572
1680,1730,RegionF,85.6358526440865
1680,1731,RegionA,29.128667
1680,1731,RegionB,23.076667
1680,1731,RegionC,26.525333
1680,1731,RegionD,135.240063689245
1680,1731,RegionE,64.585277777778
1680,1731,RegionF,114.819352644086
1680,1732,RegionA,20.1687087842586
1680,1732,RegionB,20.0464853721371
1680,1732,RegionC,22.7865185618151
1680,1732,RegionD,106.530730355914
1680,1732,RegionE,44.6040555555563
1680,1732,RegionF,89.9325291480975
1680,1733,RegionA,12.5685558398143
1680,1733,RegionB,19.1326429895081
1680,1733,RegionC,21.7467040998218
1680,1733,RegionD,82.4492303559147
1680,1733,RegionE,37.4497222222213
1680,1733,RegionF,93.811616714943
1680,1734,RegionA,16.4895277777777
1680,1734,RegionB,24.9451579387996
1680,1734,RegionC,26.7748894830661
1680,1734,RegionD,86.2678970225794
1680,1734,RegionE,42.8240000000004
1680,1734,RegionF,100.257166666667
1680,1735,RegionA,31.88
1680,1735,RegionB,36.097667
1680,1735,RegionC,31.4367415329771
1680,1735,RegionD,106.620563689245
1680,1735,RegionE,47.585777777778
1680,1735,RegionF,118.758055555556
1680,1736,RegionA,27.9931666666662
1680,1736,RegionB,32.8019641230391
1680,1736,RegionC,24.372
1680,1736,RegionD,73.4738692102951
1680,1736,RegionE,36.4097777777775
1680,1736,RegionF,112.493222222223
1680,1737,RegionA,31.8096111111112
1680,1737,RegionB,31.6265090858287
1680,1737,RegionC,26.1895146596101
1680,1737,RegionD,58.5561706990064
1680,1737,RegionE,38.5764444444442
1680,1737,RegionF,92.4310833333315
1680,1738,RegionA,46.9311089629626
1680,1738,RegionB,28.753698501411
1680,1738,RegionC,33.666
1680,1738,RegionD,69.7964703134046
1680,1738,RegionE,47.8768888888886
1680,1738,RegionF,92.669083333334
1680,1739,RegionA,59.502667
1680,1739,RegionB,24.3420459216927
1680,1739,RegionC,40.2539853403892
1680,1739,RegionD,87.7236906268072
1680,1739,RegionE,60.6293333333327
1680,1739,RegionF,97.8249722222227
1680,1740,RegionA,48.9143058888894
1680,1740,RegionB,12.4592453703708
1680,1740,RegionC,46.421333
1680,1740,RegionD,66.5830795156965
1680,1740,RegionE,41.762666666666
1680,1740,RegionF,71.2420362250457
1680,1741,RegionA,44.92966237037
1680,1741,RegionB,10.8833333333336
1680,1741,RegionC,58.5346578860662
1680,1741,RegionD,45.13391284903
1680,1741,RegionE,42.248444444444
1680,1741,RegionF,49.8987391167566
1680,1742,RegionA,41.5205163296299
1680,1742,RegionB,13.6161111111113
1680,1742,RegionC,71.0477888741342
1680,1742,RegionD,41.0813916766575
1680,1742,RegionE,55.6220000000002
1680,1742,RegionF,43.231858675135
1680,1743,RegionA,43.6886947501785
1680,1743,RegionB,16.6953333333334
1680,1743,RegionC,81.9305
1680,1743,RegionD,68.598550646409
1680,1743,RegionE,72.5786666666668
1680,1743,RegionF,80.4668657145242
1680,1744,RegionA,35.8367873835118
1680,1744,RegionB,14.9665555555556
1680,1744,RegionC,72.1241189351856
1680,1744,RegionD,45.6685141918235
1680,1744,RegionE,53.3370000000009
1680,1744,RegionF,55.2866906005918
1680,1745,RegionA,28.8443984946232
1680,1745,RegionB,18.1284444444443
1680,1745,RegionC,67.8475480293392
1680,1745,RegionD,44.3297602116036
1680,1745,RegionE,45.885
1680,1745,RegionF,44.3433488199899
1680,1746,RegionA,31.1716017817358
1680,1746,RegionB,33.088165992062
1680,1746,RegionC,69.3276356220959
1680,1746,RegionD,47.1347840091621
1680,1746,RegionE,50.4515555555556
1680,1746,RegionF,47.5474514838337
1680,1747,RegionA,90.1398333333332
1680,1747,RegionB,76.9181088599478
1680,1747,RegionC,82.715
1680,1747,RegionD,49.9673633622755
1680,1747,RegionE,54.1062222222215
1680,1747,RegionF,60.7567777777777
1680,1748,RegionA,82.7439996666667
1680,1748,RegionB,76.6286644155029
1680,1748,RegionC,76.1803333333337
1680,1748,RegionD,34.9706970289422
1680,1748,RegionE,32.9294444444436
1680,1748,RegionF,34.686777777778
1680,1749,RegionA,75.795441192072
1680,1749,RegionB,78.6596644155029
1680,1749,RegionC,71.2085300105332
1680,1749,RegionD,27.3561802008359
1680,1749,RegionE,22.5790654856112
1680,1749,RegionF,26.3058686954433
1680,1750,RegionA,66.7430156827367
1680,1750,RegionB,80.7741376793449
1680,1750,RegionC,72.7993393869149
1680,1750,RegionD,31.09
1680,1750,RegionE,40.927333
1680,1750,RegionF,22.8187575843336
1680,1751,RegionA,54.2494077407407
1680,1751,RegionB,74.4040737407408
1680,1751,RegionC,62.7001461761852
1680,1751,RegionD,43.7268976475855
1680,1751,RegionE,112.67613377708
1680,1751,RegionF,57.7846464732222
1704,1728,RegionA,66.5357327375309
1704,1728,RegionB,43.3625590958013
1704,1728,RegionC,64.371667
1704,1728,RegionD,86.8243119434639
1704,1728,RegionE,57.9540812782709
1704,1728,RegionF,118.158653120287
1704,1729,RegionA,42.5647988083986
1704,1729,RegionB,27.4905348582667
1704,1729,RegionC,53.8817778888885
1704,1729,RegionD,150.459097735088
1704,1729,RegionE,64.4945232822927
1704,1729,RegionF,146.84375
1704,1730,RegionA,29.4018339999999
1704,1730,RegionB,26.9376248333337
1704,1730,RegionC,42.1902221111077
1704,1730,RegionD,200.050443721888
1704,1730,RegionE,96.4030575264024
1704,1730,RegionF,146.3295
1704,1731,RegionA,29.128667
1704,1731,RegionB,23.076667
1704,1731,RegionC,26.525333
1704,1731,RegionD,225.4534512
1704,1731,RegionE,155.98025
1704,1731,RegionF,146.7575
1704,1732,RegionA,19.9495294828373
1704,1732,RegionB,14.2217309616209
1704,1732,RegionC,32.6141629133332
1704,1732,RegionD,179.54577254997
1704,1732,RegionE,108.490315486508
1704,1732,RegionF,109.038290899466
1704,1733,RegionA,21.5893837490082
1704,1733,RegionB,18.4546896204638
1704,1733,RegionC,36.0779177099999
1704,1733,RegionD,167.686603236613
1704,1733,RegionE,105.780736151554
1704,1733,RegionF,105.044433697605
1704,1734,RegionA,24.976333
1704,1734,RegionB,25.6218674000413
1704,1734,RegionC,38.7289700677774
1704,1734,RegionD,175.011705507056
1704,1734,RegionE,109.287331995356
1704,1734,RegionF,118.303295844301
1704,1735,RegionA,31.88
1704,1735,RegionB,36.097667
1704,1735,RegionC,36.8987741355554
1704,1735,RegionD,215.705946477121
1704,1735,RegionE,107.852
1704,1735,RegionF,136.706521965101
1704,1736,RegionA,24.0168438676127
1704,1736,RegionB,31.5524449450901
1704,1736,RegionC,24.372
1704,1736,RegionD,178.745047192294
1704,1736,RegionE,81.0743344037154
1704,1736,RegionF,113.860105455531
1704,1737,RegionA,15.2329448818589
1704,1737,RegionB,41.878782260573
1704,1737,RegionC,22.6418682456431
1704,1737,RegionD,155.425884524071
1704,1737,RegionE,65.1194670377075
1704,1737,RegionF,106.029584089744
1704,1738,RegionA,9.84107155037737
1704,1738,RegionB,47.2931689080643
1704,1738,RegionC,28.1228839301761
1704,1738,RegionD,159.05408276401
1704,1738,RegionE,67.3919945478908
1704,1738,RegionF,95.6049178477705
1704,1739,RegionA,8.82682431751377
1704,1739,RegionB,51.727
1704,1739,RegionC,35.6913145713749
1704,1739,RegionD,157.267250000001
1704,1739,RegionE,71.8116331691841
1704,1739,RegionF,99.7786723863707
1704,1740,RegionA,8.59555555555561
1704,1740,RegionB,35.9810743175151
1704,1740,RegionC,41.4740367935966
1704,1740,RegionD,112.80663888889
1704,1740,RegionE,44.6121606793665
1704,1740,RegionF,71.7392004317442
1704,1741,RegionA,10.9733848639519
1704,1741,RegionB,30.1200743175152
1704,1741,RegionC,54.0993185963112
1704,1741,RegionD,72.9014722222226
1704,1741,RegionE,42.248444444444
1704,1741,RegionF,47.1660555555555
1704,1742,RegionA,12.5892141723485
1704,1742,RegionB,25.875166476946
1704,1742,RegionC,68.4222304618175
1704,1742,RegionD,64.7872222222222
1704,1742,RegionE,55.6220000000002
1704,1742,RegionF,38.8238333333336
1704,1743,RegionA,19.1290990363005
1704,1743,RegionB,22.8769565192555
1704,1743,RegionC,81.9305
1704,1743,RegionD,92.609
1704,1743,RegionE,72.5786666666668
1704,1743,RegionF,74.8343888888893
1704,1744,RegionA,17.7770990363004
1704,1744,RegionB,20.5436486548184
1704,1744,RegionC,70.2910300866597
1704,1744,RegionD,60.7073333333324
1704,1744,RegionE,53.3370000000009
1704,1744,RegionF,54.5635555555573
1704,1745,RegionA,15.7792724660039
1704,1745,RegionB,17.2786930753947
1704,1745,RegionC,61.9966455697133
1704,1745,RegionD,53.1359999999991
1704,1745,RegionE,45.885
1704,1745,RegionF,55.3028888888892
1704,1746,RegionA,13.4587209353852
1704,1746,RegionB,18.0320673908698
1704,1746,RegionC,54.3207394515233
1704,1746,RegionD,54.0284444444443
1704,1746,RegionE,58.5315555555556
1704,1746,RegionF,80.3496666666668
1704,1747,RegionA,18.9695582936556
1704,1747,RegionB,37.3206361507895
1704,1747,RegionC,82.715
1704,1747,RegionD,65.6951111111113
1704,1747,RegionE,70.2662222222215
1704,1747,RegionF,139.636777777778
1704,1748,RegionA,15.5422222222223
1704,1748,RegionB,39.8534139285674
1704,1748,RegionC,73.3785027380999
1704,1748,RegionD,49.5317777777785
1704,1748,RegionE,49.0894444444436
1704,1748,RegionF,110.744555555555
1704,1749,RegionA,13.4335555555558
1704,1749,RegionB,42.5425433005916
1704,1749,RegionC,65.171373366076
1704,1749,RegionD,41.4812874496578
1704,1749,RegionE,40.5375555555557
1704,1749,RegionF,98.7384347725614
1704,1750,RegionA,13.0314999999998
1704,1750,RegionB,43.8174685190413
1704,1750,RegionC,66.8790182648835
1704,1750,RegionD,55.0117415659826
1704,1750,RegionE,55.1786521049639
1704,1750,RegionF,81.234202878459
1704,1751,RegionA,13.9028333333328
1704,1751,RegionB,51.3445604041564
1704,1751,RegionC,71.2711631636919
1704,1751,RegionD,73.6716956823071
1704,1751,RegionE,95.0391930988185
1704,1751,RegionF,100.311859873248
1704,1752,RegionA,15.261268259587
1704,1752,RegionB,49.0905011624284
1704,1752,RegionC,46.9521208124997
1704,1752,RegionD,61.4566554213102
1704,1752,RegionE,55.650859765485
1704,1752,RegionF,83.9186779120232
1704,1753,RegionA,20.3962031858413
1704,1753,RegionB,53.4822014375639
1704,1753,RegionC,27.3350411666648
1704,1753,RegionD,62.7792013049849
1704,1753,RegionE,36.7906375432626
1704,1753,RegionF,54.244465361682
1704,1754,RegionA,27.010804778762
1704,1754,RegionB,50.496
1704,1754,RegionC,21.933333
1704,1754,RegionD,66.3747471886625
1704,1754,RegionE,38.0335288879038
1704,1754,RegionF,33.3420305891171
1704,1755,RegionA,46.2948325565387
1704,1755,RegionB,42.068848873156
1704,1755,RegionC,22.435
1704,1755,RegionD,121.188684926255
1704,1755,RegionE,55.7405780884956
1704,1755,RegionF,39.5628888888887
1704,1756,RegionA,42.968101259587
1704,1756,RegionB,35.9962415919357
1704,1756,RegionC,19.8035418333333
1704,1756,RegionD,90.8316849262549
1704,1756,RegionE,40.7642915000004
1704,1756,RegionF,48.9542222222222
1704,1757,RegionA,38.567333
1704,1757,RegionB,29.6773987404123
1704,1757,RegionC,21.5235973888888
1704,1757,RegionD,61.3784627040323
1704,1757,RegionE,42.4771803888893
1704,1757,RegionF,56.4318888888898
1704,1758,RegionA,44.1449328438847
1704,1758,RegionB,21.216667
1704,1758,RegionC,38.3738126187501
1704,1758,RegionD,72.3887960373668
1704,1758,RegionE,44.2858470555553
1704,1758,RegionF,83.8230000000003
1704,1759,RegionA,50.1863711428665
1704,1759,RegionB,16.5686019262541
1704,1759,RegionC,50.693333
1704,1759,RegionD,97.464235360048
1704,1759,RegionE,64.2757919041653
1704,1759,RegionF,123.982666666667
1704,1760,RegionA,38.6447362069441
1704,1760,RegionB,8.44866666666714
1704,1760,RegionC,38.0705898611108
1704,1760,RegionD,54.5137222222248
1704,1760,RegionE,55.445757265278
1704,1760,RegionF,96.6007500000009
1704,1761,RegionA,37.027847318055
1704,1761,RegionB,5.49721522986148
1704,1761,RegionC,26.6552985631941
1704,1761,RegionD,43.0196111111116
1704,1761,RegionE,46.1039999999995
1704,1761,RegionF,75.0144166666662
1704,1762,RegionA,31.2354584291661
1704,1762,RegionB,8.38376379305632
1704,1762,RegionC,23.77
1704,1762,RegionD,54.7489999999998
1704,1762,RegionE,53.960111111111
1704,1762,RegionF,56.2280833333329
1704,1763,RegionA,21.7256616283798
1704,1763,RegionB,21.7976456895845
1704,1763,RegionC,21.784667
1704,1763,RegionD,138.426747904259
1704,1763,RegionE,72.9936111111115
1704,1763,RegionF,93.7833055555558
1704,1764,RegionA,11.2478490804635
1704,1764,RegionB,23.9656456895845
1704,1764,RegionC,24.318035103472
1704,1764,RegionD,125.665525682037
1704,1764,RegionE,67.5373888888888
1704,1764,RegionF,74.9358888888901
1704,1765,RegionA,6.75133333333371
1704,1765,RegionB,28.5488741665981
1704,1765,RegionC,30.2162945958097
1704,1765,RegionD,110.746414570926
1704,1765,RegionE,59.5699444444442
1704,1765,RegionF,64.3842222222226
1704,1766,RegionA,4.99233333333328
1704,1766,RegionB,23.5403256034035
1704,1766,RegionC,32.3820098256713
1704,1766,RegionD,105.156164570925
1704,1766,RegionE,61.6136111111114
1704,1766,RegionF,69.9421666666668
1704,1767,RegionA,18.0373333333333
1704,1767,RegionB,29.3331103735417
1704,1767,RegionC,34.9847806110883
1704,1767,RegionD,129.108803459815
1704,1767,RegionE,89.088000000001
1704,1767,RegionF,80.2755000000003
1704,1768,RegionA,18.9089073240741
1704,1768,RegionB,22.0135277777776
1704,1768,RegionC,36.3829003272225
1704,1768,RegionD,121.527247904258
1704,1768,RegionE,75.452333333334
1704,1768,RegionF,51.7531666666665
1704,1769,RegionA,11.0684813148162
1704,1769,RegionB,29.1431976419755
1704,1769,RegionC,49.7059660465186
1704,1769,RegionD,88.6140772189117
1704,1769,RegionE,56.1175555555555
1704,1769,RegionF,40.5883333333338
1704,1770,RegionA,27.2446851018519
1704,1770,RegionB,42.9256543765435
1704,1770,RegionC,63.3067716327157
1704,1770,RegionD,47.8913055555538
1704,1770,RegionE,35.4559999999996
1704,1770,RegionF,40.1245
1704,1771,RegionA,55.0988888888889
1704,1771,RegionB,84.0894999999999
1704,1771,RegionC,79.4303333333333
1704,1771,RegionD,34.7235555555542
1704,1771,RegionE,18.9801111111108
1704,1771,RegionF,91.3216111111113
1704,1772,RegionA,63.7213980036558
1704,1772,RegionB,69.1051316779845
1704,1772,RegionC,70.9053521127515
1704,1772,RegionD,16.7977777777777
1704,1772,RegionE,19.6865626500531
1704,1772,RegionF,50.7633888888903
1704,1773,RegionA,74.3570321559226
1704,1773,RegionB,60.915211813787
1704,1773,RegionC,58.542575174628
1704,1773,RegionD,11.6131666666665
1704,1773,RegionE,14.7484586334403
1704,1773,RegionF,22.3538888888888
1704,1774,RegionA,75.3979672799491
1704,1774,RegionB,50.5801252829239
1704,1774,RegionC,57.104339386915
1704,1774,RegionD,27.2817134333869
1704,1774,RegionE,15.935299061272
1704,1774,RegionF,19.6361111111109
1704,1775,RegionA,90.5680000000001
1704,1775,RegionB,36.0040737407407
1704,1775,RegionC,79.0506376811594
1704,1775,RegionD,92.1305379778849
1704,1775,RegionE,28.0701394891035
1704,1775,RegionF,51.3700000000016
1728,1752,RegionA,91.4664999999999
1728,1752,RegionB,63.3595433043484
1728,1752,RegionC,25.4619166666661
1728,1752,RegionD,66.6729421708731
1728,1752,RegionE,82.5283422654843
1728,1752,RegionF,54.4467689440229
1728,1753,RegionA,55.5954444444409
1728,1753,RegionB,46.6989996666683
1728,1753,RegionC,23.465888888889
1728,1753,RegionD,106.971717675079
1728,1753,RegionE,116.839598650599
1728,1753,RegionF,87.8921551548888
1728,1754,RegionA,55.6177888888853
1728,1754,RegionB,40.1586830000025
1728,1754,RegionC,20.1697777777778
1728,1754,RegionD,154.663369982701
1728,1754,RegionE,140.256254737777
1728,1754,RegionF,106.474665667041
1728,1755,RegionA,58.27
1728,1755,RegionB,42.637333
1728,1755,RegionC,22.435
1728,1755,RegionD,230.013
1728,1755,RegionE,156.852494780921
1728,1755,RegionF,119.291667
1728,1756,RegionA,44.6474461296293
1728,1756,RegionB,24.8128041220358
1728,1756,RegionC,22.4027760925924
1728,1756,RegionD,156.556428186767
1728,1756,RegionE,134.002230420341
1728,1756,RegionF,110.104588682321
1728,1757,RegionA,38.567333
1728,1757,RegionB,19.6023344083223
1728,1757,RegionC,30.314667
1728,1757,RegionD,118.18691192909
1728,1757,RegionE,117.448163051244
1728,1757,RegionF,111.005309764466
1728,1758,RegionA,45.4646218888904
1728,1758,RegionB,19.2597198369521
1728,1758,RegionC,42.0751845548789
1728,1758,RegionD,114.585040422868
1728,1758,RegionE,105.515439783743
1728,1758,RegionF,121.283574851889
1728,1759,RegionA,60.753333
1728,1759,RegionB,21.742333
1728,1759,RegionC,50.693333
1728,1759,RegionD,154.417495398287
1728,1759,RegionE,105.367983043016
1728,1759,RegionF,148.12625
1728,1760,RegionA,55.1213132911235
1728,1760,RegionB,17.0882988302646
1728,1760,RegionC,42.3690495511816
1728,1760,RegionD,104.733265173256
1728,1760,RegionE,74.2521047336165
1728,1760,RegionF,112.948598102146
1728,1761,RegionA,52.5905825154654
1728,1761,RegionB,16.1028430718214
1728,1761,RegionC,30.247667
1728,1761,RegionD,69.9236063091243
1728,1761,RegionE,47.3164778926309
1728,1761,RegionF,89.8738829106015
1728,1762,RegionA,45.520333
1728,1762,RegionB,17.9595079333851
1728,1762,RegionC,18.247350479005
1728,1762,RegionD,69.3994357487007
1728,1762,RegionE,35.3802391438163
1728,1762,RegionF,85.1218178572428
1728,1763,RegionA,32.3776271251037
1728,1763,RegionB,51.1897218821401
1728,1763,RegionC,21.784667
1728,1763,RegionD,110.786666666667
1728,1763,RegionE,21.3165395483124
1728,1763,RegionF,154.46975
1728,1764,RegionA,16.5234915416943
1728,1764,RegionB,51.4794924733628
1728,1764,RegionC,34.1215758717368
1728,1764,RegionD,90.9987777777778
1728,1764,RegionE,11.8237843972528
1728,1764,RegionF,128.213877938177
1728,1765,RegionA,9.61352677641224
1728,1765,RegionB,54.4715035708974
1728,1765,RegionC,47.9174900857004
1728,1765,RegionD,71.4796666666669
1728,1765,RegionE,10.2259444444443
1728,1765,RegionF,106.508951789213
1728,1766,RegionA,6.73630026934812
1728,1766,RegionB,47.3244635439429
1728,1766,RegionC,60.92891161038
1728,1766,RegionD,61.2894166666656
1728,1766,RegionE,11.0696111111111
1728,1766,RegionF,110.277907909663
1728,1767,RegionA,18.7458266812858
1728,1767,RegionB,50.2844788742704
1728,1767,RegionC,81.483
1728,1767,RegionD,61.4420555555557
1728,1767,RegionE,17.9406666666673
1728,1767,RegionF,150.9315
1728,1768,RegionA,17.1514960388787
1728,1768,RegionB,41.0402539611222
1728,1768,RegionC,81.915
1728,1768,RegionD,56.6971666666656
1728,1768,RegionE,12.9643333333336
1728,1768,RegionF,116.269833333333
1728,1769,RegionA,7.55365874442533
1728,1769,RegionB,31.8697857000201
1728,1769,RegionC,81.4593333333333
1728,1769,RegionD,45.3369444444439
1728,1769,RegionE,19.1520000000001
1728,1769,RegionF,89.8658888888885
1728,1770,RegionA,26.9612229733451
1728,1770,RegionB,27.7391664683931
1728,1770,RegionC,76.4764772249289
1728,1770,RegionD,30.6479722222212
1728,1770,RegionE,26.0144444444444
1728,1770,RegionF,69.1096333333318
1728,1771,RegionA,86.0467872022661
1728,1771,RegionB,29.8349350199565
1728,1771,RegionC,79.4303333333333
1728,1771,RegionD,39.5202222222204
1728,1771,RegionE,29.2852222222223
1728,1771,RegionF,99.5264999999998
1728,1772,RegionA,89.3781205355995
1728,1772,RegionB,20.1736370962826
1728,1772,RegionC,67.8979645903412
1728,1772,RegionD,23.3577777777777
1728,1772,RegionE,29.0987222222217
1728,1772,RegionF,61.0733888888903
1728,1773,RegionA,93.082
1728,1773,RegionB,22.1923548440031
1728,1773,RegionC,57.453478489331
1728,1773,RegionD,14.8931666666665
1728,1773,RegionE,24.527444444444
1728,1773,RegionF,30.3818888888886
1728,1774,RegionA,80.6487427910731
1728,1774,RegionB,41.0682757635351
1728,1774,RegionC,59.2312592231721
1728,1774,RegionD,17.4420555555559
1728,1774,RegionE,21.4411111111109
1728,1774,RegionF,26.1041111111107
1728,1775,RegionA,90.5680000000001
1728,1775,RegionB,68.063333
1728,1775,RegionC,79.8225
1728,1775,RegionD,57.7365558888894
1728,1775,RegionE,15.6049999999994
1728,1775,RegionF,65.3980000000014
1728,1776,RegionA,70.4460707685631
1728,1776,RegionB,63.327410161449
1728,1776,RegionC,62.0239635144339
1728,1776,RegionD,55.6929444444434
1728,1776,RegionE,14.9081666666662
1728,1776,RegionF,53.8616666666674
1728,1777,RegionA,47.6489551455391
1728,1777,RegionB,51.4522120088141
1728,1777,RegionC,53.1322217345379
1728,1777,RegionD,81.0980164015032
1728,1777,RegionE,22.2977058207188
1728,1777,RegionF,46.4599999999999
1728,1778,RegionA,41.562667
1728,1778,RegionB,45.2678888888885
1728,1778,RegionC,45.441333
1728,1778,RegionD,120.313116136339
1728,1778,RegionE,49.1128440040801
1728,1778,RegionF,48.466456526247
1728,1779,RegionA,81.828
1728,1779,RegionB,41.28
1728,1779,RegionC,43.396
1728,1779,RegionD,208.227632537842
1728,1779,RegionE,74.4632044096636
1728,1779,RegionF,64.5442463858268
1728,1780,RegionA,69.6599476513277
1728,1780,RegionB,20.9832401087341
1728,1780,RegionC,32.250667
1728,1780,RegionD,173.099
1728,1780,RegionE,73.0412044096643
1728,1780,RegionF,51.2712463858268
1728,1781,RegionA,58.2927570456871
1728,1781,RegionB,15.1272087987169
1728,1781,RegionC,21.9469177497928
1728,1781,RegionD,131.872637832532
1728,1781,RegionE,75.9332392573727
1728,1781,RegionF,56.425794871452
1728,1782,RegionA,57.1357867171855
1728,1782,RegionB,19.1123583293158
1728,1782,RegionC,24.0142651024474
1728,1782,RegionD,127.923636970413
1728,1782,RegionE,100.246788725657
1728,1782,RegionF,59.0097197105338
1728,1783,RegionA,48.449333
1728,1783,RegionB,47.006667
1728,1783,RegionC,32.185333
1728,1783,RegionD,160.401043586628
1728,1783,RegionE,156.88425
1728,1783,RegionF,61.8653734133755
1728,1784,RegionA,23.9408450093716
1728,1784,RegionB,20.1850609807417
1728,1784,RegionC,32.144760343219
1728,1784,RegionD,137.676860518459
1728,1784,RegionE,128.839972927748
1728,1784,RegionF,44.3385835537944
1728,1785,RegionA,19.412745532395
1728,1785,RegionB,19.6168100231584
1728,1785,RegionC,34.606333
1728,1785,RegionD,93.1868865153084
1728,1785,RegionE,87.4597434320127
1728,1785,RegionF,34.4327314971237
1728,1786,RegionA,33.444
1728,1786,RegionB,27.7868546167528
1728,1786,RegionC,40.7017667974183
1728,1786,RegionD,90.6614869900247
1728,1786,RegionE,67.4784262605557
1728,1786,RegionF,31.76432644636
1728,1787,RegionA,45.4428009262457
1728,1787,RegionB,52.6334379500862
1728,1787,RegionC,44.311
1728,1787,RegionD,77.1517861945331
1728,1787,RegionE,65.1144747461799
1728,1787,RegionF,32.738277960735
1728,1788,RegionA,37.7029818497593
1728,1788,RegionB,47.5155729461263
1728,1788,RegionC,36.2753081191627
1728,1788,RegionD,37.5197520657026
1728,1788,RegionE,30.2005510095835
1728,1788,RegionF,30.3860284541117
1728,1789,RegionA,26.9126512520143
1728,1789,RegionB,41.0588193403844
1728,1789,RegionC,40.4238839149758
1728,1789,RegionD,31.2009701601685
1728,1789,RegionE,14.578888888889
1728,1789,RegionF,27.4564531102371
1728,1790,RegionA,24.8017777777781
1728,1790,RegionB,46.3674862941559
1728,1790,RegionC,57.2567037037036
1728,1790,RegionD,36.5885600021402
1728,1790,RegionE,13.5026666666668
1728,1790,RegionF,34.9206666666669
1728,1791,RegionA,34.0375
1728,1791,RegionB,52.2709099967892
1728,1791,RegionC,79.0536666666666
1728,1791,RegionD,56.2699233365439
1728,1791,RegionE,14.7090000000001
1728,1791,RegionF,39.3286666666666
1728,1792,RegionA,36.2733333333334
1728,1792,RegionB,52.2934377745666
1728,1792,RegionC,78.0957777777786
1728,1792,RegionD,56.0005900032107
1728,1792,RegionE,9.84944444444445
1728,1792,RegionF,37.023
1728,1793,RegionA,44.1810000000006
1728,1793,RegionB,56.9291081449372
1728,1793,RegionC,72.7990518518535
1728,1793,RegionD,60.9299233365444
1728,1793,RegionE,12.2087500000001
1728,1793,RegionF,48.6116666666664
1728,1794,RegionA,56.2830268322103
1728,1794,RegionB,66.3011072386534
1728,1794,RegionC,75.5021370370379
1728,1794,RegionD,66.2779233365437
1728,1794,RegionE,14.8141666666665
1728,1794,RegionF,51.1233333333337
1728,1795,RegionA,83.5229703310861
1728,1795,RegionB,87.7024166666667
1728,1795,RegionC,83.1006666666666
1728,1795,RegionD,69.0376130022467
1728,1795,RegionE,14.4144444444443
1728,1795,RegionF,48.4056666666664
1728,1796,RegionA,69.5983036644195
1728,1796,RegionB,72.4369892603292
1728,1796,RegionC,80.6652187705993
1728,1796,RegionD,58.6076271935402
1728,1796,RegionE,7.98177777777763
1728,1796,RegionF,24.8739999999997
1728,1797,RegionA,62.3028592199745
1728,1797,RegionB,69.6528058285099
1728,1797,RegionC,82.2666666666667
1728,1797,RegionD,55.4202809790738
1728,1797,RegionE,2.01719444444418
1728,1797,RegionF,16.3446373057744
1728,1798,RegionA,72.6394147755307
1728,1798,RegionB,72.2459787290602
1728,1798,RegionC,70.3538451606299
1728,1798,RegionD,82.3395700565655
1728,1798,RegionE,1.89583333333333
1728,1798,RegionF,14.1291079448819
1728,1799,RegionA,77.7097407507125
1728,1799,RegionB,84.608
1728,1799,RegionC,56.4086376811593
1728,1799,RegionD,120.141663105072
1728,1799,RegionE,11.4525
1728,1799,RegionF,20.687291796391
1752,1776,RegionA,87.4593445253449
1752,1776,RegionB,71.3514371451352
1752,1776,RegionC,56.3574956989917
1752,1776,RegionD,63.0669843636691
1752,1776,RegionE,84.7921398262089
1752,1776,RegionF,62.9557434433995
1752,1777,RegionA,46.2618315990798
1752,1777,RegionB,61.4350000000004
1752,1777,RegionC,55.844
1752,1777,RegionD,115.334283116041
1752,1777,RegionE,112.034216181356
1752,1777,RegionF,95.5189035534631
1752,1778,RegionA,41.562667
1752,1778,RegionB,52.58
1752,1778,RegionC,44.6624512405513
1752,1778,RegionD,165.243604983056
1752,1778,RegionE,139.393295124772
1752,1778,RegionF,126.293861104304
1752,1779,RegionA,81.828
1752,1779,RegionB,41.28
1752,1779,RegionC,43.396
1752,1779,RegionD,224.8175
1752,1779,RegionE,155.83975
1752,1779,RegionF,147.92375
1752,1780,RegionA,78.112
1752,1780,RegionB,14.2324615262304
1752,1780,RegionC,30.6608641835474
1752,1780,RegionD,173.099
1752,1780,RegionE,136.257265867664
1752,1780,RegionF,105.449665116681
1752,1781,RegionA,72.210608850673
1752,1781,RegionB,12.6370157087467
1752,1781,RegionC,26.88
1752,1781,RegionD,147.006112781739
1752,1781,RegionE,127.337801061299
1752,1781,RegionF,80.99949690003
1752,1782,RegionA,67.55695216735
1752,1782,RegionB,25.1354028452323
1752,1782,RegionC,27.3257152594471
1752,1782,RegionD,155.603378729552
1752,1782,RegionE,136.105667
1752,1782,RegionF,99.5210312378371
1752,1783,RegionA,48.449333
1752,1783,RegionB,47.006667
1752,1783,RegionC,32.185333
1752,1783,RegionD,232.694
1752,1783,RegionE,158.526059858919
1752,1783,RegionF,151.157333333333
1752,1784,RegionA,30.588
1752,1784,RegionB,27.597333
1752,1784,RegionC,32.471667
1752,1784,RegionD,188.443663613846
1752,1784,RegionE,136.268600016531
1752,1784,RegionF,132.512008106585
1752,1785,RegionA,15.504062408927
1752,1785,RegionB,32.2770644532309
1752,1785,RegionC,32.921513008654
1752,1785,RegionD,150.044935051037
1752,1785,RegionE,103.202069619374
1752,1785,RegionF,112.593713948416
1752,1786,RegionA,11.8181045755592
1752,1786,RegionB,51.1679544375525
1752,1786,RegionC,35.9194763775308
1752,1786,RegionD,132.345695583755
1752,1786,RegionE,74.1284785583299
1752,1786,RegionF,94.3310864569132
1752,1787,RegionA,10.9696931041936
1752,1787,RegionB,85.3795833333333
1752,1787,RegionC,36.8857655840571
1752,1787,RegionD,104.889461220089
1752,1787,RegionE,64.3075496912239
1752,1787,RegionF,81.0547222222221
1752,1788,RegionA,9.92566728254077
1752,1788,RegionB,68.8260803456145
1752,1788,RegionC,29.038156569596
1752,1788,RegionD,54.8833399092324
1752,1788,RegionE,38.3779357435518
1752,1788,RegionF,45.4857222222232
1752,1789,RegionA,9.94064901733242
1752,1789,RegionB,37.2420613712145
1752,1789,RegionC,37.0261428964412
1752,1789,RegionD,45.869817111312
1752,1789,RegionE,26.1049962703684
1752,1789,RegionF,25.5800000000006
1752,1790,RegionA,11.4474017826296
1752,1790,RegionB,23.8409166666674
1752,1790,RegionC,55.8374089034784
1752,1790,RegionD,60.7574999999997
1752,1790,RegionE,33.3539670916696
1752,1790,RegionF,28.2006666666669
1752,1791,RegionA,19.7753690435061
1752,1791,RegionB,14.4943888888892
1752,1791,RegionC,78.3744152657452
1752,1791,RegionD,89.7713333333329
1752,1791,RegionE,42.8854934685262
1752,1791,RegionF,30.3686666666666
1752,1792,RegionA,22.0112023768396
1752,1792,RegionB,10.5569166666666
1752,1792,RegionC,79.0539999999999
1752,1792,RegionD,88.0432403647508
1752,1792,RegionE,42.5072239250768
1752,1792,RegionF,27.363
1752,1793,RegionA,27.6839950966191
1752,1793,RegionB,14.8589771256038
1752,1793,RegionC,79.9874444444452
1752,1793,RegionD,91.1138140628359
1752,1793,RegionE,44.2636026038319
1752,1793,RegionF,37.7516666666664
1752,1794,RegionA,43.0262124154597
1752,1794,RegionB,20.7743153623186
1752,1794,RegionC,82.3603333333333
1752,1794,RegionD,92.0876513215542
1752,1794,RegionE,45.1997789057474
1752,1794,RegionF,46.8534031060323
1752,1795,RegionA,53.8263464009666
1752,1795,RegionB,64.8376535990336
1752,1795,RegionC,83.1006666666666
1752,1795,RegionD,89.9331552469394
1752,1795,RegionE,42.7148163187736
1752,1795,RegionF,51.771139545397
1752,1796,RegionA,43.4672124734234
1752,1796,RegionB,67.3217875845409
1752,1796,RegionC,65.730805497591
1752,1796,RegionD,69.6651552469393
1752,1796,RegionE,32.9319829854406
1752,1796,RegionF,35.0469728787303
1752,1797,RegionA,36.6471723941953
1752,1797,RegionB,76.2472271256039
1752,1797,RegionC,62.3888504802005
1752,1797,RegionD,57.5398063796595
1752,1797,RegionE,20.4827485193869
1752,1797,RegionF,34.6986395453973
1752,1798,RegionA,37.0637279497514
1752,1798,RegionB,84.1113333333334
1752,1798,RegionC,60.9255776058046
1752,1798,RegionD,64.8939851569721
1752,1798,RegionE,25.1139810053167
1752,1798,RegionF,41.4951449488233
1752,1799,RegionA,50.2094567814842
1752,1799,RegionB,84.608
1752,1799,RegionC,59.9121494262453
1752,1799,RegionD,82.7881459702367
1752,1799,RegionE,39.9039079356911
1752,1799,RegionF,53.5861732196771
1752,1800,RegionA,41.1680343768521
1752,1800,RegionB,51.8586617632844
1752,1800,RegionC,44.06468784537
1752,1800,RegionD,62.2403699233193
1752,1800,RegionE,31.9140761372814
1752,1800,RegionF,51.0445310650038
1752,1801,RegionA,25.341491107248
1752,1801,RegionB,42.3988369893721
1752,1801,RegionC,31.742667
1752,1801,RegionD,55.1991045
1752,1801,RegionE,26.6342208453401
1752,1801,RegionF,55.4998740024844
1752,1802,RegionA,15.7501388888887
1752,1802,RegionB,31.521333
1752,1802,RegionC,26.779667
1752,1802,RegionD,63.954167
1752,1802,RegionE,31.7584294353966
1752,1802,RegionF,71.8799035646024
1752,1803,RegionA,17.9389444444439
1752,1803,RegionB,50.163667
1752,1803,RegionC,28.730667
1752,1803,RegionD,94.4050486526527
1752,1803,RegionE,59.3293951251256
1752,1803,RegionF,153.255
1752,1804,RegionA,13.5806944444438
1752,1804,RegionB,40.1734690724633
1752,1804,RegionC,25.1606620966182
1752,1804,RegionD,60.9183036124777
1752,1804,RegionE,52.9201061771754
1752,1804,RegionF,136.25115348571
1752,1805,RegionA,21.5370555555549
1752,1805,RegionB,35.2206961980672
1752,1805,RegionC,20.7608238599037
1752,1805,RegionD,43.2695664272149
1752,1805,RegionE,56.4668450070035
1752,1805,RegionF,133.094568507811
1752,1806,RegionA,31.067
1752,1806,RegionB,25.7780658067616
1752,1806,RegionC,19.1851161811597
1752,1806,RegionD,37.745693666666
1752,1806,RegionE,52.5344727257212
1752,1806,RegionF,141.393707175246
1752,1807,RegionA,47.303
1752,1807,RegionB,13.3899824734297
1752,1807,RegionC,20.676667
1752,1807,RegionD,104.97413811111
1752,1807,RegionE,62.606906859904
1752,1807,RegionF,152.014166666667
1752,1808,RegionA,41.9869926785716
1752,1808,RegionB,11.8882981281917
1752,1808,RegionC,15.0587080120771
1752,1808,RegionD,76.6662214444442
1752,1808,RegionE,46.925335292271
1752,1808,RegionF,113.888416666667
1752,1809,RegionA,41.0339746666661
1752,1809,RegionB,7.08113586570008
1752,1809,RegionC,10.2847031086954
1752,1809,RegionD,53.0386733388897
1752,1809,RegionE,42.3161457512081
1752,1809,RegionF,83.5221728243956
1752,1810,RegionA,41.7514996666662
1752,1810,RegionB,4.37433366666658
1752,1810,RegionC,9.19264269420307
1752,1810,RegionD,44.5618055555556
1752,1810,RegionE,50.9902873956527
1752,1810,RegionF,100.233347687923
1752,1811,RegionA,49.176166333333
1752,1811,RegionB,21.804667
1752,1811,RegionC,10.0197585420292
1752,1811,RegionD,107.050361111111
1752,1811,RegionE,67.4436303468595
1752,1811,RegionF,152.07
1752,1812,RegionA,28.5948153214281
1752,1812,RegionB,23.6182680119047
1752,1812,RegionC,7.92483333333332
1752,1812,RegionD,102.504777777777
1752,1812,RegionE,47.4974255547738
1752,1812,RegionF,108.286796667445
1752,1813,RegionA,20.3200000000001
1752,1813,RegionB,30.3894722222222
1752,1813,RegionC,21.1965
1752,1813,RegionD,107.599888888887
1752,1813,RegionE,46.3633048257882
1752,1813,RegionF,88.5041396186547
1752,1814,RegionA,26.6853333333333
1752,1814,RegionB,37.4400277777771
1752,1814,RegionC,49.3333888888889
1752,1814,RegionD,104.022666666667
1752,1814,RegionE,62.2567777777773
1752,1814,RegionF,85.2622222222214
1752,1815,RegionA,34.8958333333334
1752,1815,RegionB,42.8230277777772
1752,1815,RegionC,76.9641666666667
1752,1815,RegionD,87.4874444444418
1752,1815,RegionE,69.6667777777761
1752,1815,RegionF,85.2954444444449
1752,1816,RegionA,31.2725000000003
1752,1816,RegionB,28.6130841470298
1752,1816,RegionC,76.6614714085265
1752,1816,RegionD,65.3357777777776
1752,1816,RegionE,35.3301111111096
1752,1816,RegionF,55.5526666666659
1752,1817,RegionA,28.8321111111115
1752,1817,RegionB,23.1466127385024
1752,1817,RegionC,77.4972761503864
1752,1817,RegionD,60.3458055601787
1752,1817,RegionE,18.6271111111108
1752,1817,RegionF,44.6217499953768
1752,1818,RegionA,38.438944444445
1752,1818,RegionB,34.3508079966426
1752,1818,RegionC,79.2909142255795
1752,1818,RegionD,61.3294444536899
1752,1818,RegionE,18.2267777777774
1752,1818,RegionF,58.8194444351985
1752,1819,RegionA,64.8937814814797
1752,1819,RegionB,86.3259999999999
1752,1819,RegionC,83.8151666666667
1752,1819,RegionD,78.0299641542597
1752,1819,RegionE,24.5429999999996
1752,1819,RegionF,88.2936432531478
1752,1820,RegionA,53.3496533037727
1752,1820,RegionB,74.1248756793559
1752,1820,RegionC,69.4395302761312
1752,1820,RegionD,72.1784085987039
1752,1820,RegionE,12.2046666666666
1752,1820,RegionF,62.3991988087045
1752,1821,RegionA,45.186834637455
1752,1821,RegionB,81.401810030195
1752,1821,RegionC,69.1264294064233
1752,1821,RegionD,92.128929430112
1752,1821,RegionE,6.47366666666645
1752,1821,RegionF,44.0441353847043
1752,1822,RegionA,65.4923703703709
1752,1822,RegionB,86.8001666666667
1752,1822,RegionC,81.708
1752,1822,RegionD,118.243883129192
1752,1822,RegionE,7.57666666666667
1752,1822,RegionF,59.5044409448818
1752,1823,RegionA,95.6561666666666
1752,1823,RegionB,82.4838333333334
1752,1823,RegionC,80.4199999999999
1752,1823,RegionD,203.135383697269
1752,1823,RegionE,57.9879999999988
1752,1823,RegionF,70.0089774138441
1800,1824,RegionA,86.2738379026216
1800,1824,RegionB,64.357941610265
1800,1824,RegionC,61.7661686256357
1800,1824,RegionD,80.1533083333374
1800,1824,RegionE,84.1604460912339
1800,1824,RegionF,74.6491666666668
1800,1825,RegionA,69.3415091385776
1800,1825,RegionB,46.7093874718003
1800,1825,RegionC,53.337333
1800,1825,RegionD,76.1686053013132
1800,1825,RegionE,93.5823757700578
1800,1825,RegionF,126.634416666667
1800,1826,RegionA,47.321333
1800,1826,RegionB,27.32
1800,1826,RegionC,51.915
1800,1826,RegionD,83.7431081292955
1800,1826,RegionE,114.224694337769
1800,1826,RegionF,148.046416666667
1800,1827,RegionA,46.009333
1800,1827,RegionB,45.844333
1800,1827,RegionC,50.449333
1800,1827,RegionD,136.383740994387
1800,1827,RegionE,122.321348035771
1800,1827,RegionF,150.21775
1800,1828,RegionA,30.7017727640445
1800,1828,RegionB,37.0495323213072
1800,1828,RegionC,37.649333
1800,1828,RegionD,98.9129999999999
1800,1828,RegionE,84.8904694318256
1800,1828,RegionF,93.2811668387763
1800,1829,RegionA,26.6545180836453
1800,1829,RegionB,39.3326962930253
1800,1829,RegionC,25.2008398060744
1800,1829,RegionD,96.287723496064
1800,1829,RegionE,57.9528730863361
1800,1829,RegionF,60.761389233109
1800,1830,RegionA,25.373333
1800,1830,RegionB,38.7650200296191
1800,1830,RegionC,26.3221867329961
1800,1830,RegionD,109.285623407827
1800,1830,RegionE,31.7517767408464
1800,1830,RegionF,71.2708616274405
1800,1831,RegionA,41.993333
1800,1831,RegionB,39.592
1800,1831,RegionC,24.443667
1800,1831,RegionD,122.075090168545
1800,1831,RegionE,35.399305555555
1800,1831,RegionF,114.204111799551
1800,1832,RegionA,41.3299157905659
1800,1832,RegionB,34.4782208051323
1800,1832,RegionC,18.206945526394
1800,1832,RegionD,101.7619999278
1800,1832,RegionE,29.1466666666666
1800,1832,RegionF,106.715278466217
1800,1833,RegionA,42.6748341579564
1800,1833,RegionB,26.8472785678283
1800,1833,RegionC,13.8647775896541
1800,1833,RegionD,92.8618611111115
1800,1833,RegionE,32.8237777777798
1800,1833,RegionF,104.417525671228
1800,1834,RegionA,44.742938904695
1800,1834,RegionB,20.0400729839762
1800,1834,RegionC,17.4096922730828
1800,1834,RegionD,93.4711666666673
1800,1834,RegionE,33.3661111111111
1800,1834,RegionF,95.3536643880077
1800,1835,RegionA,68.2893254000001
1800,1835,RegionB,23.5928589414037
1800,1835,RegionC,25.070667
1800,1835,RegionD,113.443416666667
1800,1835,RegionE,76.320777777779
1800,1835,RegionF,108.179580882563
1800,1836,RegionA,57.1731310666665
1800,1836,RegionB,14.7370893432754
1800,1836,RegionC,31.1135003333334
1800,1836,RegionD,81.1911388888879
1800,1836,RegionE,62.4556666666666
1800,1836,RegionF,85.0189140437873
1800,1837,RegionA,49.5076566844025
1800,1837,RegionB,8.62488888888856
1800,1837,RegionC,35.6475655378194
1800,1837,RegionD,65.2831666666663
1800,1837,RegionE,39.5258055555561
1800,1837,RegionF,84.0630277777769
1800,1838,RegionA,37.4573765685959
1800,1838,RegionB,8.11125000000001
1800,1838,RegionC,60.621116102243
1800,1838,RegionD,76.7860833333348
1800,1838,RegionE,30.5656462180495
1800,1838,RegionF,103.918249999999
1800,1839,RegionA,30.7268186750121
1800,1839,RegionB,9.69691666666668
1800,1839,RegionC,81.594
1800,1839,RegionD,92.6816111111126
1800,1839,RegionE,34.0285979916541
1800,1839,RegionF,152.78725
1800,1840,RegionA,19.4554017946654
1800,1840,RegionB,7.7389166666668
1800,1840,RegionC,71.9854168803464
1800,1840,RegionD,63.9617777777797
1800,1840,RegionE,24.4719424360975
1800,1840,RegionF,130.880655555556
1800,1841,RegionA,10.2549417260691
1800,1841,RegionB,6.0079166666666
1800,1841,RegionC,69.798376948943
1800,1841,RegionD,39.2940833333334
1800,1841,RegionE,30.8594591027648
1800,1841,RegionF,120.176333333333
1800,1842,RegionA,14.5274999999999
1800,1842,RegionB,5.04466666666672
1800,1842,RegionC,76.4958260041732
1800,1842,RegionD,40.9540000000005
1800,1842,RegionE,56.1179035472096
1800,1842,RegionF,121.385826004174
1800,1843,RegionA,23.5528333333333
1800,1843,RegionB,24.9146666666668
1800,1843,RegionC,82.0245
1800,1843,RegionD,53.1015833333346
1800,1843,RegionE,72.1525702138774
1800,1843,RegionF,105.87398534168
1800,1844,RegionA,19.1414444444445
1800,1844,RegionB,22.7491005479453
1800,1844,RegionC,61.7220531789156
1800,1844,RegionD,40.3472127589668
1800,1844,RegionE,52.6445648391596
1800,1844,RegionF,65.2726520083475
1800,1845,RegionA,12.6611944444445
1800,1845,RegionB,22.9892010958905
1800,1845,RegionC,48.6501083122771
1800,1845,RegionD,50.7796199623762
1800,1845,RegionE,48.2188352877758
1800,1845,RegionF,40.9534297861236
1800,1846,RegionA,10.804638888889
1800,1846,RegionB,32.9968245464607
1800,1846,RegionC,53.5884067581548
1800,1846,RegionD,89.95580625633
1800,1846,RegionE,56.7738333333333
1800,1846,RegionF,44.6259068834989
1800,1847,RegionA,17.4081663333335
1800,1847,RegionB,39.32147610814
1800,1847,RegionC,71.5283328497114
1800,1847,RegionD,145.454334034108
1800,1847,RegionE,93.9927789160537
1800,1847,RegionF,55.4519395364293
1800,1848,RegionA,16.0979996666667
1800,1848,RegionB,31.0528094414753
1800,1848,RegionC,59.713333
1800,1848,RegionD,106.922537941809
1800,1848,RegionE,80.4005566938322
1800,1848,RegionF,53.7340132562175
1800,1849,RegionA,19.6001385555556
1800,1849,RegionB,34.7994761081419
1800,1849,RegionC,36.3420626213721
1800,1849,RegionD,93.3989085161762
1800,1849,RegionE,49.1918380578186
1800,1849,RegionF,53.7648539187108
1800,1850,RegionA,34.1460828333328
1800,1850,RegionB,45.4870466385838
1800,1850,RegionC,25.473333
1800,1850,RegionD,95.2421111111107
1800,1850,RegionE,49.3397222222216
1800,1850,RegionF,57.4728153058609
1800,1851,RegionA,51.6115688777766
1800,1851,RegionB,48.158667
1800,1851,RegionC,35.097333
1800,1851,RegionD,133.665222222222
1800,1851,RegionE,58.0539444444437
1800,1851,RegionF,97.9880144555563
1800,1852,RegionA,44.4008885555548
1800,1852,RegionB,33.8366127605407
1800,1852,RegionC,31.5757668812783
1800,1852,RegionD,77.1576666666663
1800,1852,RegionE,50.1824444444445
1800,1852,RegionF,91.734787358181
1800,1853,RegionA,35.267333
1800,1853,RegionB,27.9898101339434
1800,1853,RegionC,24.3532659932999
1800,1853,RegionD,64.0478236581461
1800,1853,RegionE,44.8379999999998
1800,1853,RegionF,87.4835727701666
1800,1854,RegionA,23.6988144842593
1800,1854,RegionB,22.820796626853
1800,1854,RegionC,31.5284465802071
1800,1854,RegionD,68.1013139829582
1800,1854,RegionE,42.6779999999999
1800,1854,RegionF,82.2602672146108
1800,1855,RegionA,17.9688146509257
1800,1855,RegionB,14.5576853490744
1800,1855,RegionC,60.3258451442835
1800,1855,RegionD,82.6294154188815
1800,1855,RegionE,46.7080000000001
1800,1855,RegionF,96.8664894368336
1800,1856,RegionA,17.7719637614826
1800,1856,RegionB,5.11791666666664
1800,1856,RegionC,40.759333
1800,1856,RegionD,53.5971931966595
1800,1856,RegionE,40.3873333333336
1800,1856,RegionF,87.1569822640778
1800,1857,RegionA,21.6483997451875
1800,1857,RegionB,5.59599999999997
1800,1857,RegionC,30.3282228653705
1800,1857,RegionD,43.0320265299929
1800,1857,RegionE,33.6725555555557
1800,1857,RegionF,86.6836564150034
1800,1858,RegionA,25.0335301733369
1800,1858,RegionB,6.15833333333333
1800,1858,RegionC,27.609333
1800,1858,RegionD,53.110768441098
1800,1858,RegionE,33.3061512891724
1800,1858,RegionF,97.9488282075015
1800,1859,RegionA,27.361152047289
1800,1859,RegionB,7.82041666666664
1800,1859,RegionC,53.2790450358573
1800,1859,RegionD,84.5318336718415
1800,1859,RegionE,38.6037470227886
1800,1859,RegionF,148.842333333333
1800,1860,RegionA,19.268716063584
1800,1860,RegionB,11.7737499999999
1800,1860,RegionC,50.118415788819
1800,1860,RegionD,61.0443433470294
1800,1860,RegionE,20.5959970227892
1800,1860,RegionF,114.900000000001
1800,1861,RegionA,13.4846411909902
1800,1861,RegionB,11.7647499999999
1800,1861,RegionC,48.7854728973308
1800,1861,RegionD,57.3163333333334
1800,1861,RegionE,15.3597192450113
1800,1861,RegionF,79.8477777777796
1800,1862,RegionA,8.61403854061866
1800,1862,RegionB,11.9509166666667
1800,1862,RegionC,47.2062977699246
1800,1862,RegionD,70.7284444444443
1800,1862,RegionE,21.9140525783449
1800,1862,RegionF,69.3604444444454
1800,1863,RegionA,6.12641666666659
1800,1863,RegionB,12.175
1800,1863,RegionC,46.9360111560633
1800,1863,RegionD,94.0623333333332
1800,1863,RegionE,58.6054414672339
1800,1863,RegionF,87.2381307100359
1800,1864,RegionA,4.46541666666668
1800,1864,RegionB,5.95366666666662
1800,1864,RegionC,38.7377786821784
1800,1864,RegionD,70.6821111111117
1800,1864,RegionE,45.4135872181839
1800,1864,RegionF,68.6499118774149
1800,1865,RegionA,2.48816666666661
1800,1865,RegionB,6.63499999999999
1800,1865,RegionC,18.0679906527397
1800,1865,RegionD,55.251861111112
1800,1865,RegionE,33.1998803734552
1800,1865,RegionF,58.1919623071402
1800,1866,RegionA,11.9246682361465
1800,1866,RegionB,8.24450000000009
1800,1866,RegionC,38.8466497628578
1800,1866,RegionD,57.2550204800893
1800,1866,RegionE,21.1861337431287
1800,1866,RegionF,41.1075555555557
1800,1867,RegionA,36.473336472293
1800,1867,RegionB,34.1767439701601
1800,1867,RegionC,83.1496666666666
1800,1867,RegionD,67.4144020712876
1800,1867,RegionE,41.7807674862589
1800,1867,RegionF,33.100888888889
1800,1868,RegionA,39.6212350051116
1800,1868,RegionB,38.1259106368267
1800,1868,RegionC,83.7465537979022
1800,1868,RegionD,42.1437354046215
1800,1868,RegionE,44.0855095999833
1800,1868,RegionF,10.8056666666663
1800,1869,RegionA,46.4885502045964
1800,1869,RegionB,48.0152439701599
1800,1869,RegionC,83.7424999999999
1800,1869,RegionD,43.4366757980669
1800,1869,RegionE,47.5470022494
1800,1869,RegionF,5.39900000000004
1800,1870,RegionA,70.1591341417714
1800,1870,RegionB,60.7603718200015
1800,1870,RegionC,76.131672386915
1800,1870,RegionD,63.1085164290898
1800,1870,RegionE,46.151333
1800,1870,RegionF,8.12716666666665
1800,1871,RegionA,88.8217407407408
1800,1871,RegionB,70.2818410497153
1800,1871,RegionC,43.0234694883643
1800,1871,RegionD,82.6843605754175
1800,1871,RegionE,97.894365923537
1800,1871,RegionF,17.5718333333328
1824,1848,RegionA,62.9945347283321
1824,1848,RegionB,47.8776945555542
1824,1848,RegionC,55.5906492549027
1824,1848,RegionD,113.240315721941
1824,1848,RegionE,69.2554543736631
1824,1848,RegionF,35.295268032274
1824,1849,RegionA,73.193333
1824,1849,RegionB,36.5748057777776
1824,1849,RegionC,40.0980659215695
1824,1849,RegionD,140.253159221658
1824,1849,RegionE,93.5185444588908
1824,1849,RegionF,54.8386193978809
1824,1850,RegionA,71.244
1824,1850,RegionB,43.2417503333333
1824,1850,RegionC,25.473333
1824,1850,RegionD,178.501179642942
1824,1850,RegionE,119.351127371345
1824,1850,RegionF,80.8558040968216
1824,1851,RegionA,70.466
1824,1851,RegionB,48.158667
1824,1851,RegionC,35.097333
1824,1851,RegionD,192.70483333333
1824,1851,RegionE,154.40825
1824,1851,RegionF,142.325666666667
1824,1852,RegionA,42.3843536272229
1824,1852,RegionB,23.5488613333337
1824,1852,RegionC,29.1426837450984
1824,1852,RegionD,108.542394109604
1824,1852,RegionE,110.987836328127
1824,1852,RegionF,134.364648634393
1824,1853,RegionA,35.267333
1824,1853,RegionB,15.8411836240853
1824,1853,RegionC,27.674667
1824,1853,RegionD,72.7809015776757
1824,1853,RegionE,79.6676730850106
1824,1853,RegionF,125.586797268785
1824,1854,RegionA,29.179333
1824,1854,RegionB,11.8332559148369
1824,1854,RegionC,37.6900065554467
1824,1854,RegionD,59.0021740095365
1824,1854,RegionE,62.5273123947801
1824,1854,RegionF,105.235723680955
1824,1855,RegionA,28.232
1824,1855,RegionB,11.1559672055886
1824,1855,RegionC,61.8281386208033
1824,1855,RegionD,72.6544870951722
1824,1855,RegionE,57.0600000000006
1824,1855,RegionF,105.822657078435
1824,1856,RegionA,20.4889811541352
1824,1856,RegionB,12.6224672055888
1824,1856,RegionC,40.759333
1824,1856,RegionD,45.1478885852619
1824,1856,RegionE,44.0833333333337
1824,1856,RegionF,89.5894689439009
1824,1857,RegionA,17.3863217208056
1824,1857,RegionB,17.9805505389222
1824,1857,RegionC,31.1526032746241
1824,1857,RegionD,34.5827219185953
1824,1857,RegionE,33.6725555555557
1824,1857,RegionF,86.1894414359405
1824,1858,RegionA,16.7927041875926
1824,1858,RegionB,23.233333
1824,1858,RegionC,27.609333
1824,1858,RegionD,45.271691384968
1824,1858,RegionE,32.5598288205781
1824,1858,RegionF,97.7000540513034
1824,1859,RegionA,19.324888888889
1824,1859,RegionB,28.4938994870263
1824,1859,RegionC,47.1571124967503
1824,1859,RegionD,79.5091914861774
1824,1859,RegionE,37.1111020856
1824,1859,RegionF,148.842333333333
1824,1860,RegionA,15.4902222222223
1824,1860,RegionB,26.6923826407188
1824,1860,RegionC,42.6771292418487
1824,1860,RegionD,58.8381360318312
1824,1860,RegionE,19.2333921311411
1824,1860,RegionF,114.76995995446
1824,1861,RegionA,13.9639166666667
1824,1861,RegionB,21.1180833333336
1824,1861,RegionC,46.7388423588426
1824,1861,RegionD,57.3163333333334
1824,1861,RegionE,14.192174421674
1824,1861,RegionF,73.2293443305949
1824,1862,RegionA,13.3510833333333
1824,1862,RegionB,16.4242500000004
1824,1862,RegionC,52.0752312477316
1824,1862,RegionD,70.7284444444443
1824,1862,RegionE,20.8115277777778
1824,1862,RegionF,56.3836576411572
1824,1863,RegionA,14.7664166666666
1824,1863,RegionB,12.175
1824,1863,RegionC,68.6764668808003
1824,1863,RegionD,83.8223333333332
1824,1863,RegionE,57.5029166666668
1824,1863,RegionF,68.2001997858659
1824,1864,RegionA,11.2334166666664
1824,1864,RegionB,5.95366666666662
1824,1864,RegionC,66.7726860945195
1824,1864,RegionD,55.5221111111117
1824,1864,RegionE,44.6234444444442
1824,1864,RegionF,49.7971472388138
1824,1865,RegionA,4.93616666666635
1824,1865,RegionB,9.57235979628897
1824,1865,RegionC,49.5498999797775
1824,1865,RegionD,33.9637288655082
1824,1865,RegionE,32.960999999999
1824,1865,RegionF,42.8517058028737
1824,1866,RegionA,7.05952050468379
1824,1866,RegionB,37.158365754561
1824,1866,RegionC,52.6153226764077
1824,1866,RegionD,28.7157077310155
1824,1866,RegionE,20.9284999999992
1824,1866,RegionF,32.0871111111109
1824,1867,RegionA,58.3718028017567
1824,1867,RegionB,68.2711494906107
1824,1867,RegionC,83.1496666666666
1824,1867,RegionD,31.6239088187439
1824,1867,RegionE,24.3054999999998
1824,1867,RegionF,30.3737777777775
1824,1868,RegionA,67.1106987575846
1824,1868,RegionB,67.9966859834922
1824,1868,RegionC,69.3849251606569
1824,1868,RegionD,18.33214958186
1824,1868,RegionE,22.647277777778
1824,1868,RegionF,13.05687384974
1824,1869,RegionA,83.0797511786424
1824,1869,RegionB,70.1516493444765
1824,1869,RegionC,56.6637771330103
1824,1869,RegionD,19.7684913110576
1824,1869,RegionE,23.8887777777777
1824,1869,RegionF,21.0765254772586
1824,1870,RegionA,96.7959166666667
1824,1870,RegionB,84.6418333333333
1824,1870,RegionC,43.164323354969
1824,1870,RegionD,32.6169689080148
1824,1870,RegionE,25.1169304818161
1824,1870,RegionF,42.1022216996446
1824,1871,RegionA,96.8714999999999
1824,1871,RegionB,83.5779999999999
1824,1871,RegionC,41.1637225555539
1824,1871,RegionD,60.5705697074274
1824,1871,RegionE,52.7078609636321
1824,1871,RegionF,65.3859578844947
1824,1872,RegionA,66.6753261566937
1824,1872,RegionB,51.3677338402918
1824,1872,RegionC,33.9180792252348
1824,1872,RegionD,51.4928324460566
1824,1872,RegionE,38.4797225794925
1824,1872,RegionF,40.8147501966723
1824,1873,RegionA,35.9
1824,1873,RegionB,35.2757499999992
1824,1873,RegionC,33.7266669999998
1824,1873,RegionD,53.9289840735747
1824,1873,RegionE,30.6432295128242
1824,1873,RegionF,22.2476471913777
1824,1874,RegionA,34.3556911298137
1824,1874,RegionB,37.5411425368527
1824,1874,RegionC,33.748
1824,1874,RegionD,89.4796737275356
1824,1874,RegionE,33.0642733056578
1824,1874,RegionF,31.6244693001385
1824,1875,RegionA,31.434
1824,1875,RegionB,42.3946669999998
1824,1875,RegionC,41.005
1824,1875,RegionD,176.564181121739
1824,1875,RegionE,73.5827207758979
1824,1875,RegionF,46.7331811023622
1824,1876,RegionA,16.0363718221509
1824,1876,RegionB,36.2237378735415
1824,1876,RegionC,37.1873246802349
1824,1876,RegionD,139.599756227295
1824,1876,RegionE,66.5525611385275
1824,1876,RegionF,41.0974982582518
1824,1877,RegionA,12.1170446177298
1824,1877,RegionB,23.702333
1824,1877,RegionC,30.9384546285674
1824,1877,RegionD,114.009506393963
1824,1877,RegionE,58.7435681678227
1824,1877,RegionF,45.9173431919174
1824,1878,RegionA,8.69872222222222
1824,1878,RegionB,22.46
1824,1878,RegionC,28.099333
1824,1878,RegionD,120.832181455074
1824,1878,RegionE,53.3564636173881
1824,1878,RegionF,55.8125774830923
1824,1879,RegionA,24.674667
1824,1879,RegionB,25.745119592593
1824,1879,RegionC,33.828
1824,1879,RegionD,133.806994674944
1824,1879,RegionE,44.9450239546861
1824,1879,RegionF,92.588667
1824,1880,RegionA,23.9723336666666
1824,1880,RegionB,26.2205740680541
1824,1880,RegionC,30.0360504702186
1824,1880,RegionD,88.2517650585187
1824,1880,RegionE,17.4160699237686
1824,1880,RegionF,74.4519568127742
1824,1881,RegionA,25.9693892222222
1824,1881,RegionB,29.5340587645211
1824,1881,RegionC,25.6181399589371
1824,1881,RegionD,63.1634444444428
1824,1881,RegionE,15.3558333333336
1824,1881,RegionF,56.4487176098754
1824,1882,RegionA,30.3967225555556
1824,1882,RegionB,31.3805360958414
1824,1882,RegionC,29.3659034794684
1824,1882,RegionD,70.0348888888889
1824,1882,RegionE,23.3654999999999
1824,1882,RegionF,70.9098100913569
1824,1883,RegionA,63.4035558888886
1824,1883,RegionB,34.3626800938284
1824,1883,RegionC,31.827667
1824,1883,RegionD,106.842611111112
1824,1883,RegionE,29.782111111111
1824,1883,RegionF,109.473569239506
1824,1884,RegionA,60.9638058888891
1824,1884,RegionB,28.4924370785386
1824,1884,RegionC,37.8920903659068
1824,1884,RegionD,76.9351666666677
1824,1884,RegionE,16.8607777777774
1824,1884,RegionF,76.2415833333306
1824,1885,RegionA,52.9193835333318
1824,1885,RegionB,23.2741668089286
1824,1885,RegionC,41.5576163244047
1824,1885,RegionD,63.6387777777779
1824,1885,RegionE,10.4867777777776
1824,1885,RegionF,61.2522500000009
1824,1886,RegionA,43.1151666666665
1824,1886,RegionB,24.2558836755957
1824,1886,RegionC,62.8675581622023
1824,1886,RegionD,69.2028359399795
1824,1886,RegionE,18.6256666666666
1824,1886,RegionF,46.249583333333
1824,1887,RegionA,40.572166666666
1824,1887,RegionB,25.4588836755956
1824,1887,RegionC,83.984
1824,1887,RegionD,100.190727435516
1824,1887,RegionE,30.1753333333334
1824,1887,RegionF,45.4909166666667
1824,1888,RegionA,26.4506666666667
1824,1888,RegionB,23.8675415038447
1824,1888,RegionC,82.5812378781537
1824,1888,RegionD,70.9629706180024
1824,1888,RegionE,23.1130000000002
1824,1888,RegionF,24.7751111111114
1824,1889,RegionA,18.2603333333322
1824,1889,RegionB,23.902599666047
1824,1889,RegionC,76.2848254223543
1824,1889,RegionD,77.851936022712
1824,1889,RegionE,24.7363333333334
1824,1889,RegionF,12.8497777777778
1824,1890,RegionA,22.4510000000002
1824,1890,RegionB,32.4655555555555
1824,1890,RegionC,73.6620777815582
1824,1890,RegionD,74.2777720041573
1824,1890,RegionE,31.5039999999999
1824,1890,RegionF,20.9204002142858
1824,1891,RegionA,50.8846609003172
1824,1891,RegionB,65.5206296296297
1824,1891,RegionC,82.4655833333325
1824,1891,RegionD,76.1413011624765
1824,1891,RegionE,36.2499412123413
1824,1891,RegionF,32.5845782063493
1824,1892,RegionA,50.7294942336503
1824,1892,RegionB,59.3509629629629
1824,1892,RegionC,65.8790791224654
1824,1892,RegionD,39.8224442622307
1824,1892,RegionE,30.9979412123421
1824,1892,RegionF,26.7799115396832
1824,1893,RegionA,54.2377972561256
1824,1893,RegionB,64.5940740740741
1824,1893,RegionC,61.0835035851798
1824,1893,RegionD,27.006778337094
1824,1893,RegionE,24.4512745456753
1824,1893,RegionF,15.2056833129637
1824,1894,RegionA,56.4007669452681
1824,1894,RegionB,68.3758315814983
1824,1894,RegionC,65.2642903621243
1824,1894,RegionD,23.0870642546607
1824,1894,RegionE,19.9094026466638
1824,1894,RegionF,9.28339420978888
1824,1895,RegionA,52.7475250252932
1824,1895,RegionB,69.6602558927425
1824,1895,RegionC,81.2609999999983
1824,1895,RegionD,23.7502222222225
1824,1895,RegionE,16.7459413041887
1824,1895,RegionF,13.5818333333332
1848,1872,RegionA,58.2668903508759
1848,1872,RegionB,53.0462981676425
1848,1872,RegionC,35.5539445377225
1848,1872,RegionD,55.0990358895668
1848,1872,RegionE,92.2982269610438
1848,1872,RegionF,31.4305207598142
1848,1873,RegionA,35.9
1848,1873,RegionB,43.742583666667
1848,1873,RegionC,30.3335991124821
1848,1873,RegionD,73.8712922284846
1848,1873,RegionE,125.04531680607
1848,1873,RegionF,60.9689581862954
1848,1874,RegionA,36.9414166666654
1848,1874,RegionB,42.3870836666666
1848,1874,RegionC,33.748
1848,1874,RegionD,120.858963482129
1848,1874,RegionE,139.943741736368
1848,1874,RegionF,107.400127781501
1848,1875,RegionA,31.434
1848,1875,RegionB,42.394667
1848,1875,RegionC,41.005
1848,1875,RegionD,225.74075
1848,1875,RegionE,154.678916666667
1848,1875,RegionF,145.051671397531
1848,1876,RegionA,14.8526374269005
1848,1876,RegionB,16.5177021656931
1848,1876,RegionC,29.0801658237647
1848,1876,RegionD,163.561964110435
1848,1876,RegionE,113.858223911417
1848,1876,RegionF,100.982483971051
1848,1877,RegionA,10.7568611111112
1848,1877,RegionB,11.1524166666667
1848,1877,RegionC,26.9309971259237
1848,1877,RegionD,123.260374438183
1848,1877,RegionE,93.3078349388547
1848,1877,RegionF,66.8597543624706
1848,1878,RegionA,7.34894444444453
1848,1878,RegionB,9.95925000000009
1848,1878,RegionC,26.498907685559
1848,1878,RegionD,112.896910501906
1848,1878,RegionE,115.375702477986
1848,1878,RegionF,42.7099181005982
1848,1879,RegionA,24.674667
1848,1879,RegionB,11.2866633348383
1848,1879,RegionC,33.828
1848,1879,RegionD,112.113428285862
1848,1879,RegionE,159.457333
1848,1879,RegionF,39.0621111111109
1848,1880,RegionA,27.6706666666666
1848,1880,RegionB,9.37183033483858
1848,1880,RegionC,27.9132777777782
1848,1880,RegionD,78.6343954201519
1848,1880,RegionE,123.39026710897
1848,1880,RegionF,25.1584999999995
1848,1881,RegionA,32.653333
1848,1881,RegionB,10.3526640015053
1848,1881,RegionC,25.0798650147148
1848,1881,RegionD,59.9541111111094
1848,1881,RegionE,96.3376807249012
1848,1881,RegionF,18.8120555555554
1848,1882,RegionA,39.8298326666667
1848,1882,RegionB,13.2043196473753
1848,1882,RegionC,29.0967660073573
1848,1882,RegionD,70.0348888888889
1848,1882,RegionE,78.2088131857712
1848,1882,RegionF,44.0873888888886
1848,1883,RegionA,75.585832333333
1848,1883,RegionB,17.1916419599121
1848,1883,RegionC,31.827667
1848,1883,RegionD,106.842611111112
1848,1883,RegionE,54.1602234244207
1848,1883,RegionF,101.004722222222
1848,1884,RegionA,73.0137518777279
1848,1884,RegionB,14.9783086265784
1848,1884,RegionC,38.1770537607852
1848,1884,RegionD,76.9351666666677
1848,1884,RegionE,22.1653301793534
1848,1884,RegionF,75.8122499999976
1848,1885,RegionA,62.2454673324292
1848,1885,RegionB,14.3165099593094
1848,1885,RegionC,41.1891893749265
1848,1885,RegionD,63.6387777777779
1848,1885,RegionE,10.4867777777776
1848,1885,RegionF,61.2522500000009
1848,1886,RegionA,52.4165127611112
1848,1886,RegionB,15.3229645306291
1848,1886,RegionC,56.3881893749264
1848,1886,RegionD,75.3137777777772
1848,1886,RegionE,18.6256666666666
1848,1886,RegionF,46.249583333333
1848,1887,RegionA,47.1243464277774
1848,1887,RegionB,19.2751308639624
1848,1887,RegionC,71.3936893749264
1848,1887,RegionD,97.3726111111114
1848,1887,RegionE,45.2153333333334
1848,1887,RegionF,45.4909166666667
1848,1888,RegionA,30.2536800944448
1848,1888,RegionB,17.0177780635963
1848,1888,RegionC,68.8721251752928
1848,1888,RegionD,69.3588333333336
1848,1888,RegionE,38.1530000000002
1848,1888,RegionF,28.0951111111114
1848,1889,RegionA,14.2475137611103
1848,1889,RegionB,16.2977890843929
1848,1889,RegionC,63.99928048783
1848,1889,RegionD,80.0751111111123
1848,1889,RegionE,39.7763333333334
1848,1889,RegionF,19.4897777777778
1848,1890,RegionA,12.3176666666669
1848,1890,RegionB,16.9055555555555
1848,1890,RegionC,59.2695833333337
1848,1890,RegionD,93.3928888888902
1848,1890,RegionE,35.7653333333328
1848,1890,RegionF,37.6297777777778
1848,1891,RegionA,18.7650000000002
1848,1891,RegionB,20.3495555555556
1848,1891,RegionC,82.4655833333333
1848,1891,RegionD,97.0327222222238
1848,1891,RegionE,59.7905000000002
1848,1891,RegionF,65.4433333333333
1848,1892,RegionA,18.6098333333332
1848,1892,RegionB,15.8952222222221
1848,1892,RegionC,66.7239999999998
1848,1892,RegionD,56.3889444444445
1848,1892,RegionE,53.858500000001
1848,1892,RegionF,62.083333333334
1848,1893,RegionA,20.7005555555557
1848,1893,RegionB,12.2983333333333
1848,1893,RegionC,59.4119998888895
1848,1893,RegionD,45.678888888889
1848,1893,RegionE,53.1918333333342
1848,1893,RegionF,55.2975001111108
1848,1894,RegionA,22.0370555555559
1848,1894,RegionB,12.0737222222222
1848,1894,RegionC,63.1838934018532
1848,1894,RegionD,43.0034444444447
1848,1894,RegionE,49.1949674870403
1848,1894,RegionF,52.8276668888878
1848,1895,RegionA,23.3087222222225
1848,1895,RegionB,13.2031666666666
1848,1895,RegionC,81.261
1848,1895,RegionD,42.5431111111111
1848,1895,RegionE,47.2307774444483
1848,1895,RegionF,50.2000003333299
1848,1896,RegionA,15.8354773746435
1848,1896,RegionB,16.3971485461906
1848,1896,RegionC,69.9039360944439
1848,1896,RegionD,39.7480496189224
1848,1896,RegionE,48.1307213658043
1848,1896,RegionF,38.0156669999968
1848,1897,RegionA,10.3234547492865
1848,1897,RegionB,27.3654082034923
1848,1897,RegionC,41.529333
1848,1897,RegionD,48.9362659045121
1848,1897,RegionE,39.0717044760444
1848,1897,RegionF,33.8938892222185
1848,1898,RegionA,7.05754323504044
1848,1898,RegionB,33.1355289719056
1848,1898,RegionC,23.911333
1848,1898,RegionD,73.5014266345454
1848,1898,RegionE,43.2285011585127
1848,1898,RegionF,31.0907225555519
1848,1899,RegionA,23.6
1848,1899,RegionB,43.074667
1848,1899,RegionC,21.658667
1848,1899,RegionD,98.1300873645796
1848,1899,RegionE,57.1496311743134
1848,1899,RegionF,47.6833641277752
1848,1900,RegionA,23.8436666666667
1848,1900,RegionB,35.7816669999999
1848,1900,RegionC,16.1065004444433
1848,1900,RegionD,96.4420790378294
1848,1900,RegionE,37.103972834396
1848,1900,RegionF,37.7974751277759
1848,1901,RegionA,22.2615725245732
1848,1901,RegionB,32.5644833643153
1848,1901,RegionC,15.1141930685168
1848,1901,RegionD,87.5883220962215
1848,1901,RegionE,29.8265928185958
1848,1901,RegionF,24.464641683334
1848,1902,RegionA,20.0597618165969
1848,1902,RegionB,28.26
1848,1902,RegionC,25.1330855981469
1848,1902,RegionD,83.6431620046829
1848,1902,RegionE,27.7092128027952
1848,1902,RegionF,36.6225000000001
1848,1903,RegionA,35.0256362290962
1848,1903,RegionB,26.163333
1848,1903,RegionC,46.849667
1848,1903,RegionD,78.1108643172412
1848,1903,RegionE,52.2156105647722
1848,1903,RegionF,64.6466666666668
1848,1904,RegionA,22.5142264323254
1848,1904,RegionB,16.3091165152917
1848,1904,RegionC,38.850667
1848,1904,RegionD,57.173712274606
1848,1904,RegionE,40.3425555555552
1848,1904,RegionF,42.2423333333328
1848,1905,RegionA,15.5766017871426
1848,1905,RegionB,9.89603561695498
1848,1905,RegionC,33.3786629287045
1848,1905,RegionD,60.7572274449766
1848,1905,RegionE,27.8817222222219
1848,1905,RegionF,35.0611666666665
1848,1906,RegionA,16.481935120476
1848,1906,RegionB,7.48062043507963
1848,1906,RegionC,31.7261597902787
1848,1906,RegionD,72.173756876388
1848,1906,RegionE,24.1371666666667
1848,1906,RegionF,43.5918333333334
1848,1907,RegionA,14.8836733942383
1848,1907,RegionB,9.56610438353989
1848,1907,RegionC,35.4790806124075
1848,1907,RegionD,81.2158360542587
1848,1907,RegionE,42.6341666666667
1848,1907,RegionF,54.3030555555559
1848,1908,RegionA,5.24177777777769
1848,1908,RegionB,7.23666666666684
1848,1908,RegionC,31.405721432777
1848,1908,RegionD,58.6265285672224
1848,1908,RegionE,39.3808333333343
1848,1908,RegionF,52.3833888888894
1848,1909,RegionA,13.0214903477479
1848,1909,RegionB,11.3936666666667
1848,1909,RegionC,29.395357318995
1848,1909,RegionD,50.8579301110341
1848,1909,RegionE,46.0453333333331
1848,1909,RegionF,52.9921388888894
1848,1910,RegionA,25.0024251399403
1848,1910,RegionB,13.5730833333336
1848,1910,RegionC,42.0826980805989
1848,1910,RegionD,62.8106545572379
1848,1910,RegionE,58.9869999999998
1848,1910,RegionF,57.8239166666671
1848,1911,RegionA,36.259693265466
1848,1911,RegionB,13.1920833333334
1848,1911,RegionC,74.0037080934992
1848,1911,RegionD,83.5460430854775
1848,1911,RegionE,96.5239999999992
1848,1911,RegionF,85.2472500000014
1848,1912,RegionA,31.2001377099108
1848,1912,RegionB,14.952916666667
1848,1912,RegionC,74.7277640097033
1848,1912,RegionD,59.1895149470525
1848,1912,RegionE,70.982833333332
1848,1912,RegionF,64.4006944444457
1848,1913,RegionA,23.9802783647054
1848,1913,RegionB,24.5896383019623
1848,1913,RegionC,78.5890833333332
1848,1913,RegionD,34.905305555556
1848,1913,RegionE,52.8318333333338
1848,1913,RegionF,55.1539722222232
1848,1914,RegionA,32.1572502934642
1848,1914,RegionB,49.1433608176479
1848,1914,RegionC,66.5059166666651
1848,1914,RegionD,34.9460277777778
1848,1914,RegionE,45.2856666666669
1848,1914,RegionF,48.5226388888893
1848,1915,RegionA,47.6321666666677
1848,1915,RegionB,88.0838333333333
1848,1915,RegionC,78.6449166666666
1848,1915,RegionD,40.2552499999996
1848,1915,RegionE,67.8356666666665
1848,1915,RegionF,43.0883055555541
1848,1916,RegionA,43.9792892224063
1848,1916,RegionB,86.6341345318491
1848,1916,RegionC,67.625409579078
1848,1916,RegionD,29.6196666666665
1848,1916,RegionE,41.5283333333339
1848,1916,RegionF,13.8818611111113
1848,1917,RegionA,45.4026816695764
1848,1917,RegionB,86.4500204493838
1848,1917,RegionC,64.5970478810404
1848,1917,RegionD,24.7213816396517
1848,1917,RegionE,29.80106280479
1848,1917,RegionF,6.46622222222192
1848,1918,RegionA,72.1183834446517
1848,1918,RegionB,89.7923333333333
1848,1918,RegionC,64.642629673708
1848,1918,RegionD,34.8616740768503
1848,1918,RegionE,17.9367294714584
1848,1918,RegionF,5.24811111111109
1848,1919,RegionA,92.5917500000001
1848,1919,RegionB,88.6268333333334
1848,1919,RegionC,61.1539706811594
1848,1919,RegionD,75.8096331807154
1848,1919,RegionE,71.0315628047939
1848,1919,RegionF,15.2831111111092
1872,1896,RegionA,30.6452784552849
1872,1896,RegionB,72.5890880074025
1872,1896,RegionC,48.5647776666678
1872,1896,RegionD,82.7386892039797
1872,1896,RegionE,40.3100949413577
1872,1896,RegionF,31.1907383919754
1872,1897,RegionA,26.2624722222226
1872,1897,RegionB,62.7773440364837
1872,1897,RegionC,30.628138666667
1872,1897,RegionD,155.382795074626
1872,1897,RegionE,73.7323565493824
1872,1897,RegionF,54.1818934506178
1872,1898,RegionA,21.4433333333334
1872,1898,RegionB,48.59
1872,1898,RegionC,23.911333
1872,1898,RegionD,202.318808755368
1872,1898,RegionE,109.963979268518
1872,1898,RegionF,73.8609067538909
1872,1899,RegionA,23.6
1872,1899,RegionB,43.074667
1872,1899,RegionC,21.658667
1872,1899,RegionD,225.29675
1872,1899,RegionE,153.07075
1872,1899,RegionF,118.647554888892
1872,1900,RegionA,12.4743882113819
1872,1900,RegionB,24.1809123259297
1872,1900,RegionC,19.3213637404287
1872,1900,RegionD,153.918916855777
1872,1900,RegionE,132.864
1872,1900,RegionF,90.35394664426
1872,1901,RegionA,10.3371388888887
1872,1901,RegionB,21.8366408647486
1872,1901,RegionC,24.428667
1872,1901,RegionD,94.2432920207951
1872,1901,RegionE,100.662942176492
1872,1901,RegionF,79.5186246046325
1872,1902,RegionA,9.66427777777794
1872,1902,RegionB,21.8724148459026
1872,1902,RegionC,34.6421885114988
1872,1902,RegionD,61.3365120803541
1872,1902,RegionE,68.9342413958333
1872,1902,RegionF,92.6544209441885
1872,1903,RegionA,37.14
1872,1903,RegionB,26.163333
1872,1903,RegionC,46.849667
1872,1903,RegionD,48.7492421010791
1872,1903,RegionE,45.7777853433642
1872,1903,RegionF,135.338667
1872,1904,RegionA,33.1092500000004
1872,1904,RegionB,19.3472815616585
1872,1904,RegionC,38.850667
1872,1904,RegionD,30.7987049931268
1872,1904,RegionE,17.0650237353393
1872,1904,RegionF,91.6290171543194
1872,1905,RegionA,32.155712962963
1872,1905,RegionB,18.5926296296295
1872,1905,RegionC,32.2100917344277
1872,1905,RegionD,37.4588067740636
1872,1905,RegionE,9.13883333333336
1872,1905,RegionF,55.3766755655833
1872,1906,RegionA,33.2821759259259
1872,1906,RegionB,21.88
1872,1906,RegionC,33.062
1872,1906,RegionD,53.032072183696
1872,1906,RegionE,6.75316666666669
1872,1906,RegionF,47.5820574459339
1872,1907,RegionA,30.032
1872,1907,RegionB,27.4255120370371
1872,1907,RegionC,49.3398476563589
1872,1907,RegionD,66.8817592055506
1872,1907,RegionE,20.5541666666667
1872,1907,RegionF,43.8486311010538
1872,1908,RegionA,18.1055277777772
1872,1908,RegionB,31.5511979411914
1872,1908,RegionC,40.2667373318276
1872,1908,RegionD,50.216751407048
1872,1908,RegionE,25.748833333333
1872,1908,RegionF,28.3858688754903
1872,1909,RegionA,15.1708127899011
1872,1909,RegionB,46.3934599443331
1872,1909,RegionC,41.5472354551727
1872,1909,RegionD,47.5348851606687
1872,1909,RegionE,34.7919999999998
1872,1909,RegionF,18.2675233165909
1872,1910,RegionA,24.585736690913
1872,1910,RegionB,60.7042747252531
1872,1910,RegionC,51.1500223289757
1872,1910,RegionD,60.6043014514223
1872,1910,RegionE,44.4803333333331
1872,1910,RegionF,18.7551092478803
1872,1911,RegionA,55.5455707771105
1872,1911,RegionB,88.5007500000001
1872,1911,RegionC,79.201
1872,1911,RegionD,75.7119518553586
1872,1911,RegionE,61.1639999999992
1872,1911,RegionF,28.6495051453083
1872,1912,RegionA,52.4494944762457
1872,1912,RegionB,79.3401605534453
1872,1912,RegionC,77.5609927110126
1872,1912,RegionD,52.2876855926304
1872,1912,RegionE,34.622833333332
1872,1912,RegionF,19.1926944444453
1872,1913,RegionA,47.4991362981401
1872,1913,RegionB,75.3494470351961
1872,1913,RegionC,78.5890833333332
1872,1913,RegionD,28.345305555556
1872,1913,RegionE,20.5678333333328
1872,1913,RegionF,19.6993055555557
1872,1914,RegionA,57.4801454638854
1872,1914,RegionB,78.2377989805612
1872,1914,RegionC,69.1592499999978
1872,1914,RegionD,25.9860277777778
1872,1914,RegionE,11.9416666666668
1872,1914,RegionF,33.7559722222223
1872,1915,RegionA,90.4235
1872,1915,RegionB,88.0838333333333
1872,1915,RegionC,78.6449166666666
1872,1915,RegionD,28.8952499999996
1872,1915,RegionE,6.77166666666658
1872,1915,RegionF,72.7209722222217
1872,1916,RegionA,69.3310801984522
1872,1916,RegionB,64.2086453806581
1872,1916,RegionC,69.2744410875574
1872,1916,RegionD,18.2596666666665
1872,1916,RegionE,6.37833333333328
1872,1916,RegionF,55.8165277777776
1872,1917,RegionA,73.7134100864312
1872,1917,RegionB,58.6293521605135
1872,1917,RegionC,61.5123321975004
1872,1917,RegionD,14.270333333333
1872,1917,RegionE,6.76166666666664
1872,1917,RegionF,42.5513222222194
1872,1918,RegionA,86.050568026442
1872,1918,RegionB,60.3761960708308
1872,1918,RegionC,56.9744046240019
1872,1918,RegionD,35.7068035009501
1872,1918,RegionE,9.49999999999993
1872,1918,RegionF,35.9918888888881
1872,1919,RegionA,92.59175
1872,1919,RegionB,69.0458733128822
1872,1919,RegionC,47.7432824258075
1872,1919,RegionD,113.147566483533
1872,1919,RegionE,34.5015000000014
1872,1919,RegionF,47.4668888888866
1872,1920,RegionA,81.9514451776537
1872,1920,RegionB,57.611057449013
1872,1920,RegionC,29.300403112021
1872,1920,RegionD,112.0442331502
1872,1920,RegionE,15.0431666666668
1872,1920,RegionF,21.6233333333333
1872,1921,RegionA,64.9828508497987
1872,1921,RegionB,49.403333
1872,1921,RegionC,21.709333
1872,1921,RegionD,136.208879158803
1872,1921,RegionE,9.75466666666639
1872,1921,RegionF,17.0777984358424
1872,1922,RegionA,47.021667
1872,1922,RegionB,53.253333
1872,1922,RegionC,23.5742226413486
1872,1922,RegionD,176.749673367254
1872,1922,RegionE,6.12633333333346
1872,1922,RegionF,17.8130762136203
1872,1923,RegionA,47.739667
1872,1923,RegionB,49.086667
1872,1923,RegionC,31.498667
1872,1923,RegionD,218.253228341936
1872,1923,RegionE,21.1983333333335
1872,1923,RegionF,45.8514095469537
1872,1924,RegionA,32.0642642924114
1872,1924,RegionB,32.73278934584
1872,1924,RegionC,28.3952524398047
1872,1924,RegionD,173.657443921944
1872,1924,RegionE,11.2366666666661
1872,1924,RegionF,42.1190833333322
1872,1925,RegionA,35.534805555556
1872,1925,RegionB,27.0999937475186
1872,1925,RegionC,27.3249203773643
1872,1925,RegionD,157.461641430673
1872,1925,RegionE,11.1724444444448
1872,1925,RegionF,30.723638888888
1872,1926,RegionA,37.8178194444449
1872,1926,RegionB,27.9524797381566
1872,1926,RegionC,44.1114773242851
1872,1926,RegionD,170.311237382005
1872,1926,RegionE,12.3244444444446
1872,1926,RegionF,45.256374999999
1872,1927,RegionA,39.666
1872,1927,RegionB,31.64
1872,1927,RegionC,55.296
1872,1927,RegionD,231.680166666667
1872,1927,RegionE,21.6898888888884
1872,1927,RegionF,78.1621666666643
1872,1928,RegionA,16.3659881623191
1872,1928,RegionB,30.6099072199988
1872,1928,RegionC,56.4515360401662
1872,1928,RegionD,176.771513716406
1872,1928,RegionE,6.42094444444468
1872,1928,RegionF,69.3766659722201
1872,1929,RegionA,19.1198895779228
1872,1929,RegionB,32.5866690576807
1872,1929,RegionC,64.3693765952771
1872,1929,RegionD,130.328984667737
1872,1929,RegionE,13.5586111111111
1872,1929,RegionF,63.6462745458275
1872,1930,RegionA,32.457333
1872,1930,RegionB,33.444
1872,1930,RegionC,73.2036758755625
1872,1930,RegionD,86.2880239772227
1872,1930,RegionE,19.5638333333333
1872,1930,RegionF,66.4663560361023
1872,1931,RegionA,51.604667
1872,1931,RegionB,48.3262736977291
1872,1931,RegionC,82.108
1872,1931,RegionD,89.1908585814515
1872,1931,RegionE,24.0275
1872,1931,RegionF,86.8713118319325
1872,1932,RegionA,52.3763959736641
1872,1932,RegionB,38.1972757219049
1872,1932,RegionC,74.3041275836111
1872,1932,RegionD,69.3959444444449
1872,1932,RegionE,17.2075555555552
1872,1932,RegionF,60.1479784985991
1872,1933,RegionA,43.1135367528826
1872,1933,RegionB,27.6481078597312
1872,1933,RegionC,61.8173099038104
1872,1933,RegionD,65.8871944444422
1872,1933,RegionE,10.188972222222
1872,1933,RegionF,22.5337121502429
1872,1934,RegionA,61.1712424035183
1872,1934,RegionB,27.6729125866182
1872,1934,RegionC,61.2161023188834
1872,1934,RegionD,58.2175
1872,1934,RegionE,10.587972222222
1872,1934,RegionF,46.469826024313
1872,1935,RegionA,91.0826666666666
1872,1935,RegionB,28.0479125866181
1872,1935,RegionC,77.9334396486822
1872,1935,RegionD,97.8134999999999
1872,1935,RegionE,15.8707500000009
1872,1935,RegionF,109.865119986921
1872,1936,RegionA,79.8839172943263
1872,1936,RegionB,11.7038413793323
1872,1936,RegionC,64.1428502920063
1872,1936,RegionD,69.4464420574345
1872,1936,RegionE,11.5870833333334
1872,1936,RegionF,84.2585878657901
1872,1937,RegionA,68.4411925113568
1872,1937,RegionB,16.2493272486985
1872,1937,RegionC,72.253669910372
1872,1937,RegionD,69.7068841148693
1872,1937,RegionE,16.5
1872,1937,RegionF,70.7628984369266
1872,1938,RegionA,59.6546295298927
1872,1938,RegionB,26.8287553501352
1872,1938,RegionC,70.8986682885177
1872,1938,RegionD,68.1324928389715
1872,1938,RegionE,21.4866666666669
1872,1938,RegionF,63.4523428813699
1872,1939,RegionA,95.8441666666667
1872,1939,RegionB,85.7805
1872,1939,RegionC,82.2163333333333
1872,1939,RegionD,94.1981015630732
1872,1939,RegionE,37.2576666666652
1872,1939,RegionF,66.7271762147037
1872,1940,RegionA,72.1209398571325
1872,1940,RegionB,85.9361909958209
1872,1940,RegionC,75.8859280444166
1872,1940,RegionD,67.4837306106616
1872,1940,RegionE,17.2980000000002
1872,1940,RegionF,40.4576549364129
1872,1941,RegionA,54.3548064675562
1872,1941,RegionB,86.951
1872,1941,RegionC,79.428898534257
1872,1941,RegionD,40.6264961055999
1872,1941,RegionE,10.5680000000002
1872,1941,RegionF,20.1250766703607
1872,1942,RegionA,64.2360373803421
1872,1942,RegionB,85.453
1872,1942,RegionC,83.4403333333333
1872,1942,RegionD,31.2195164290898
1872,1942,RegionE,7.02683333333362
1872,1942,RegionF,7.90077952390052
1872,1943,RegionA,80.1747407407406
1872,1943,RegionB,81.9909886970374
1872,1943,RegionC,80.7245833333333
1872,1943,RegionD,54.2915161335476
1872,1943,RegionE,39.3294166666667
1872,1943,RegionF,17.1820044286728
1896,1920,RegionA,76.6100836666666
1896,1920,RegionB,69.1773329999983
1896,1920,RegionC,27.8799998333332
1896,1920,RegionD,127.132795076598
1896,1920,RegionE,81.4237050900692
1896,1920,RegionF,13.0225000000001
1896,1921,RegionA,71.0386669999999
1896,1921,RegionB,49.403333
1896,1921,RegionC,21.709333
1896,1921,RegionD,191.977895708751
1896,1921,RegionE,118.754799069026
1896,1921,RegionF,12.8804166666667
1896,1922,RegionA,47.0216669999999
1896,1922,RegionB,53.253333
1896,1922,RegionC,27.0559161666668
1896,1922,RegionD,218.362246340907
1896,1922,RegionE,146.150871756735
1896,1922,RegionF,38.4974935134702
1896,1923,RegionA,47.739667
1896,1923,RegionB,49.086667
1896,1923,RegionC,31.498667
1896,1923,RegionD,221.252109031564
1896,1923,RegionE,156.581416666667
1896,1923,RegionF,133.219751079548
1896,1924,RegionA,24.7797500000008
1896,1924,RegionB,21.1713340000003
1896,1924,RegionC,20.6957505000001
1896,1924,RegionD,123.49130330934
1896,1924,RegionE,129.280083333333
1896,1924,RegionF,101.880501079546
1896,1925,RegionA,32.7560833333334
1896,1925,RegionB,25.6783340000002
1896,1925,RegionC,15.2518895555557
1896,1925,RegionD,77.8444300555817
1896,1925,RegionE,120.70203975376
1896,1925,RegionF,74.0312510795473
1896,1926,RegionA,32.5809432406499
1896,1926,RegionB,23.9360588149053
1896,1926,RegionC,27.9924550000002
1896,1926,RegionD,105.733968312316
1896,1926,RegionE,102.821001330358
1896,1926,RegionF,72.3357399684382
1896,1927,RegionA,32.0287977775048
1896,1927,RegionB,20.0923313859401
1896,1927,RegionC,41.6851061140599
1896,1927,RegionD,190.725772288324
1896,1927,RegionE,97.1940530435732
1896,1927,RegionF,87.550411612817
1896,1928,RegionA,12.5489347222214
1896,1928,RegionB,20.5183264719273
1896,1928,RegionC,44.5314054725171
1896,1928,RegionD,158.791671822838
1896,1928,RegionE,53.9471470225317
1896,1928,RegionF,69.7517367101859
1896,1929,RegionA,10.7233513888888
1896,1929,RegionB,23.7425555555556
1896,1929,RegionC,54.5108152777778
1896,1929,RegionD,133.113583333335
1896,1929,RegionE,40.2646111111115
1896,1929,RegionF,61.258222222221
1896,1930,RegionA,13.1415
1896,1930,RegionB,29.3252222222227
1896,1930,RegionC,68.258
1896,1930,RegionD,99.954666666665
1896,1930,RegionE,34.0118333333333
1896,1930,RegionF,66.7319999999994
1896,1931,RegionA,18.6606666666666
1896,1931,RegionB,31.5975555555558
1896,1931,RegionC,82.108
1896,1931,RegionD,103.322444444446
1896,1931,RegionE,52.6488333333333
1896,1931,RegionF,93.7911111111114
1896,1932,RegionA,16.8826666666666
1896,1932,RegionB,23.3556555555564
1896,1932,RegionC,69.0610111111124
1896,1932,RegionD,87.5399444444438
1896,1932,RegionE,45.0422222222219
1896,1932,RegionF,69.747777777778
1896,1933,RegionA,11.7239999999997
1896,1933,RegionB,12.6998777777787
1896,1933,RegionC,44.4776777777791
1896,1933,RegionD,88.4231944444414
1896,1933,RegionE,40.268972222222
1896,1933,RegionF,33.5951111111103
1896,1934,RegionA,15.3673333333333
1896,1934,RegionB,10.5343055555555
1896,1934,RegionC,33.3833333333331
1896,1934,RegionD,89.9774999999999
1896,1934,RegionE,71.307972222222
1896,1934,RegionF,44.7651111111109
1896,1935,RegionA,26.8053333333335
1896,1935,RegionB,10.9093055555555
1896,1935,RegionC,23.5966666666664
1896,1935,RegionD,137.3735
1896,1935,RegionE,126.122750000001
1896,1935,RegionF,95.8058333333319
1896,1936,RegionA,21.5696666666676
1896,1936,RegionB,8.08474999999991
1896,1936,RegionC,11.4413333333333
1896,1936,RegionD,106.837499999999
1896,1936,RegionE,92.8124166666668
1896,1936,RegionF,80.2770555555556
1896,1937,RegionA,12.9704444444449
1896,1937,RegionB,6.68974999999992
1896,1937,RegionC,11.2027777777778
1896,1937,RegionD,109.248999999999
1896,1937,RegionE,90.6146666666669
1896,1937,RegionF,83.1873333333345
1896,1938,RegionA,7.09594444444441
1896,1938,RegionB,7.30572222222204
1896,1938,RegionC,16.2327777777778
1896,1938,RegionD,103.154333333333
1896,1938,RegionE,92.2013333333323
1896,1938,RegionF,84.4634444444444
1896,1939,RegionA,12.8481666666655
1896,1939,RegionB,25.3533888888889
1896,1939,RegionC,40.7007777777778
1896,1939,RegionD,141.931
1896,1939,RegionE,123.189666666665
1896,1939,RegionF,118.000944444445
1896,1940,RegionA,7.66738888888887
1896,1940,RegionB,27.1585555555555
1896,1940,RegionC,39.7723333333333
1896,1940,RegionD,107.126333333332
1896,1940,RegionE,84.2833333333346
1896,1940,RegionF,93.1744999999998
1896,1941,RegionA,7.22072222222246
1896,1941,RegionB,27.1723333333318
1896,1941,RegionC,44.4331111111109
1896,1941,RegionD,80.166350741247
1896,1941,RegionE,65.823111111112
1896,1941,RegionF,67.2386492587498
1896,1942,RegionA,6.4866666666668
1896,1942,RegionB,30.7516666666664
1896,1942,RegionC,42.4396666666668
1896,1942,RegionD,83.8293681491653
1896,1942,RegionE,66.71661111111
1896,1942,RegionF,49.0525207397241
1896,1943,RegionA,8.25066666666681
1896,1943,RegionB,38.0438611111108
1896,1943,RegionC,42.9692500000002
1896,1943,RegionD,116.901218890415
1896,1943,RegionE,96.8014166666656
1896,1943,RegionF,50.7268366651398
1896,1944,RegionA,7.37866666666682
1896,1944,RegionB,31.4580277777775
1896,1944,RegionC,23.3353055555553
1896,1944,RegionD,106.341052223748
1896,1944,RegionE,87.3438055555562
1896,1944,RegionF,21.0578366651398
1896,1945,RegionA,6.31900000000006
1896,1945,RegionB,20.4960833333332
1896,1945,RegionC,16.7529722222224
1896,1945,RegionD,96.036385557081
1896,1945,RegionE,98.5070277777788
1896,1945,RegionF,9.65016999847364
1896,1946,RegionA,5.58066666666672
1896,1946,RegionB,18.8449722222226
1896,1946,RegionC,31.0679166666666
1896,1946,RegionD,80.292818396247
1896,1946,RegionE,112.652472222222
1896,1946,RegionF,27.6759593815288
1896,1947,RegionA,6.71266666666661
1896,1947,RegionB,17.9273888888894
1896,1947,RegionC,39.1473333333342
1896,1947,RegionD,72.1301343216653
1896,1947,RegionE,119.028888888891
1896,1947,RegionF,45.9333101227784
1896,1948,RegionA,4.33533333333331
1896,1948,RegionB,13.5816666666665
1896,1948,RegionC,23.4385277777784
1896,1948,RegionD,51.2226169137494
1896,1948,RegionE,94.3900000000013
1896,1948,RegionF,53.4049941973611
1896,1949,RegionA,8.5426666666667
1896,1949,RegionB,8.51433333333319
1896,1949,RegionC,9.30999999999991
1896,1949,RegionD,47.989333333334
1896,1949,RegionE,83.6120000000012
1896,1949,RegionF,61.8802222222224
1896,1950,RegionA,11.1008333333334
1896,1950,RegionB,7.72199999999991
1896,1950,RegionC,9.70816666666656
1896,1950,RegionD,71.6556666666669
1896,1950,RegionE,79.0010000000005
1896,1950,RegionF,64.2556944444453
1896,1951,RegionA,23.7788333333339
1896,1951,RegionB,10.3922222222222
1896,1951,RegionC,13.4501666666665
1896,1951,RegionD,125.334388888889
1896,1951,RegionE,98.5276666666674
1896,1951,RegionF,92.8414722222222
1896,1952,RegionA,10.8340000000001
1896,1952,RegionB,10.5773888888889
1896,1952,RegionC,10.9997499999997
1896,1952,RegionD,100.28088888889
1896,1952,RegionE,93.5067222222232
1896,1952,RegionF,74.4141388888885
1896,1953,RegionA,11.9646666666667
1896,1953,RegionB,11.0873888888888
1896,1953,RegionC,7.76716666666661
1896,1953,RegionD,92.9386111111124
1896,1953,RegionE,93.1136388888893
1896,1953,RegionF,68.2089166666667
1896,1954,RegionA,21.4840000000001
1896,1954,RegionB,12.2977499999999
1896,1954,RegionC,7.78900000000001
1896,1954,RegionD,112.350055555556
1896,1954,RegionE,80.9113055555548
1896,1954,RegionF,71.0523333333341
1896,1955,RegionA,29.3550000000002
1896,1955,RegionB,13.5800833333333
1896,1955,RegionC,11.0336666666667
1896,1955,RegionD,164.864722222223
1896,1955,RegionE,103.296527777777
1896,1955,RegionF,85.6513333333356
1896,1956,RegionA,25.1620000000001
1896,1956,RegionB,10.5470277777777
1896,1956,RegionC,11.5636666666664
1896,1956,RegionD,145.090888888891
1896,1956,RegionE,83.1836944444446
1896,1956,RegionF,54.8166666666662
1896,1957,RegionA,24.0363333333335
1896,1957,RegionB,11.5159166666665
1896,1957,RegionC,8.17174999999993
1896,1957,RegionD,117.47038888889
1896,1957,RegionE,71.9177777777786
1896,1957,RegionF,32.4274999999991
1896,1958,RegionA,17.7935555555558
1896,1958,RegionB,23.8276666666666
1896,1958,RegionC,10.1970833333332
1896,1958,RegionD,118.111388888889
1896,1958,RegionE,51.3220000000001
1896,1958,RegionF,30.2651666666661
1896,1959,RegionA,15.5655555555556
1896,1959,RegionB,37.2668888888888
1896,1959,RegionC,18.8630833333332
1896,1959,RegionD,141.989444444444
1896,1959,RegionE,87.8113333333304
1896,1959,RegionF,39.8658333333334
1896,1960,RegionA,13.0885555555556
1896,1960,RegionB,36.9449999999994
1896,1960,RegionC,13.9354166666667
1896,1960,RegionD,115.820444444444
1896,1960,RegionE,62.5386666666664
1896,1960,RegionF,39.0632500000001
1896,1961,RegionA,17.9385729198262
1896,1961,RegionB,38.1232476032214
1896,1961,RegionC,26.9414850325066
1896,1961,RegionD,82.1893333333339
1896,1961,RegionE,61.8564444444446
1896,1961,RegionF,35.8309722222226
1896,1962,RegionA,34.0664087179575
1896,1962,RegionB,38.6450507620001
1896,1962,RegionC,53.4989508495864
1896,1962,RegionD,87.3223118926784
1896,1962,RegionE,59.6495555555568
1896,1962,RegionF,36.1164166666669
1896,1963,RegionA,49.6802445160885
1896,1963,RegionB,58.6788539207782
1896,1963,RegionC,78.0634166666667
1896,1963,RegionD,125.502873785355
1896,1963,RegionE,56.0752222222232
1896,1963,RegionF,37.2614166666675
1896,1964,RegionA,43.1856334049775
1896,1964,RegionB,56.0870473692067
1896,1964,RegionC,74.0034454404608
1896,1964,RegionD,92.2186515631331
1896,1964,RegionE,48.8661111111128
1896,1964,RegionF,17.6221111111117
1896,1965,RegionA,41.7398837512516
1896,1965,RegionB,61.9212974796057
1896,1965,RegionC,80.1486960902036
1896,1965,RegionD,74.4316787257209
1896,1965,RegionE,41.9196939532186
1896,1965,RegionF,5.17949999999969
1896,1966,RegionA,39.8864661043995
1896,1966,RegionB,76.8809628934073
1896,1966,RegionC,81.6655
1896,1966,RegionD,56.0515164290897
1896,1966,RegionE,65.8398323508818
1896,1966,RegionF,8.78849999999986
1896,1967,RegionA,28.3800747507125
1896,1967,RegionB,91.65125
1896,1967,RegionC,67.0408407344934
1896,1967,RegionD,117.639898365665
1896,1967,RegionE,90.7286583713522
1896,1967,RegionF,14.1434999999999
1920,1944,RegionA,38.0726115447159
1920,1944,RegionB,76.9953333333331
1920,1944,RegionC,74.5752499999998
1920,1944,RegionD,115.044685902438
1920,1944,RegionE,39.3257555841932
1920,1944,RegionF,24.8218636353203
1920,1945,RegionA,22.0944163333335
1920,1945,RegionB,59.5616666666678
1920,1945,RegionC,65.5686236304355
1920,1945,RegionD,163.488443819426
1920,1945,RegionE,78.7492333906086
1920,1945,RegionF,40.3180328261958
1920,1946,RegionA,22.5456663333334
1920,1946,RegionB,32.092
1920,1946,RegionC,59.2407503333332
1920,1946,RegionD,192.87372567479
1920,1946,RegionE,112.659322308135
1920,1946,RegionF,72.4373964615161
1920,1947,RegionA,23.064333
1920,1947,RegionB,30.7027500000023
1920,1947,RegionC,45.352667
1920,1947,RegionD,207.765939788612
1920,1947,RegionE,136.767994558995
1920,1947,RegionF,99.3807600968363
1920,1948,RegionA,8.90105478861766
1920,1948,RegionB,19.145313180369
1920,1948,RegionC,26.7019150382636
1920,1948,RegionD,119.591017892474
1920,1948,RegionE,105.64643900344
1920,1948,RegionF,86.4579267635029
1920,1949,RegionA,9.11891666666665
1920,1949,RegionB,15.8365291385124
1920,1949,RegionC,20.4579165000001
1920,1949,RegionD,73.4223981641933
1920,1949,RegionE,78.5135982603131
1920,1949,RegionF,84.5503634925382
1920,1950,RegionA,16.3566666666664
1920,1950,RegionB,19.658897874434
1920,1950,RegionC,20.6379580833334
1920,1950,RegionD,78.8041903977852
1920,1950,RegionE,58.9141760094531
1920,1950,RegionF,75.0864720794409
1920,1951,RegionA,36.008
1920,1951,RegionB,25.441667
1920,1951,RegionC,26.669333
1920,1951,RegionD,120.065943352844
1920,1951,RegionE,68.3565037585931
1920,1951,RegionF,96.782219555231
1920,1952,RegionA,24.1358114712443
1920,1952,RegionB,22.9709927918554
1920,1952,RegionC,26.7845404135415
1920,1952,RegionD,97.0078845623829
1920,1952,RegionE,57.3474703966224
1920,1952,RegionF,76.1655225865769
1920,1953,RegionA,25.8482896091556
1920,1953,RegionB,21.1487317378774
1920,1953,RegionC,24.5688346729167
1920,1953,RegionD,94.4126439800514
1920,1953,RegionE,50.8929722222226
1920,1953,RegionF,68.2122500000001
1920,1954,RegionA,45.2311449712443
1920,1954,RegionB,27.926333
1920,1954,RegionC,23.9056671697917
1920,1954,RegionD,103.838327081187
1920,1954,RegionE,33.9306388888882
1920,1954,RegionF,71.0523333333341
1920,1955,RegionA,59.785667
1920,1955,RegionB,53.0414922058126
1920,1955,RegionC,26.465333
1920,1955,RegionD,131.281646683077
1920,1955,RegionE,51.5558611111108
1920,1955,RegionF,85.6513333333356
1920,1956,RegionA,49.2326670000001
1920,1956,RegionB,47.0623949002567
1920,1956,RegionC,27.1813747499996
1920,1956,RegionD,111.907813349745
1920,1956,RegionE,40.1630277777778
1920,1956,RegionF,54.8166666666662
1920,1957,RegionA,44.9270003333337
1920,1957,RegionB,46.1513860706153
1920,1957,RegionC,32.6353558018634
1920,1957,RegionD,80.4153133497437
1920,1957,RegionE,35.6497777777788
1920,1957,RegionF,25.7608333333325
1920,1958,RegionA,38.2381670942683
1920,1958,RegionB,58.0620265895852
1920,1958,RegionC,43.2082645991782
1920,1958,RegionD,68.7972361614128
1920,1958,RegionE,26.2793333333336
1920,1958,RegionF,16.9318333333328
1920,1959,RegionA,28.6217678808488
1920,1959,RegionB,70.6907270729517
1920,1959,RegionC,77.7330833333334
1920,1959,RegionD,87.6020606017542
1920,1959,RegionE,56.8486666666639
1920,1959,RegionF,19.8658333333334
1920,1960,RegionA,16.2812458520935
1920,1960,RegionB,62.6665487415725
1920,1960,RegionC,73.8364592531252
1920,1960,RegionD,72.6598294865411
1920,1960,RegionE,36.8839999999997
1920,1960,RegionF,19.0632500000001
1920,1961,RegionA,21.4185818833883
1920,1961,RegionB,48.6478284940155
1920,1961,RegionC,75.925630140158
1920,1961,RegionD,63.0641539268822
1920,1961,RegionE,35.8817777777779
1920,1961,RegionF,17.9420833333333
1920,1962,RegionA,36.670940407828
1920,1962,RegionB,62.7704142470072
1920,1962,RegionC,77.6866450384989
1920,1962,RegionD,71.2641388888898
1920,1962,RegionE,26.5695555555568
1920,1962,RegionF,34.3370003066654
1920,1963,RegionA,68.0250549422247
1920,1963,RegionB,87.5383333333334
1920,1963,RegionC,78.0634166666667
1920,1963,RegionD,104.928527777778
1920,1963,RegionE,15.1152222222232
1920,1963,RegionF,51.5914728355538
1920,1964,RegionA,63.0265639027829
1920,1964,RegionB,80.5819557483193
1920,1964,RegionC,59.7783408466798
1920,1964,RegionD,75.1243055555555
1920,1964,RegionE,15.1241111111111
1920,1964,RegionF,38.3477228355539
1920,1965,RegionA,62.1024162879695
1920,1965,RegionB,78.3978657980376
1920,1965,RegionC,57.9018769949361
1920,1965,RegionD,57.0178574368733
1920,1965,RegionE,20.3670462777333
1920,1965,RegionF,29.5536872044503
1920,1966,RegionA,70.7108691729947
1920,1966,RegionB,90.98625
1920,1966,RegionC,69.8226669241584
1920,1966,RegionD,38.2839043297358
1920,1966,RegionE,28.2885369999108
1920,1966,RegionF,31.0205503509787
1920,1967,RegionA,76.203667
1920,1967,RegionB,87.7680235707549
1920,1967,RegionC,74.011667
1920,1967,RegionD,99.2110725161683
1920,1967,RegionE,36.016472166533
1920,1967,RegionF,36.3733199687669
1920,1968,RegionA,56.0070323385979
1920,1968,RegionB,52.8855472987912
1920,1968,RegionC,53.1933862878237
1920,1968,RegionD,89.0482243571181
1920,1968,RegionE,37.1496388331998
1920,1968,RegionF,38.5530597733596
1920,1969,RegionA,49.5688137509287
1920,1969,RegionB,41.2720003333338
1920,1969,RegionC,40.475
1920,1969,RegionD,68.6417658582501
1920,1969,RegionE,45.9416102841262
1920,1969,RegionF,42.810531995582
1920,1970,RegionA,56.6557845883504
1920,1970,RegionB,40.906667
1920,1970,RegionC,33.8739708374223
1920,1970,RegionD,94.5641482389193
1920,1970,RegionE,46.928897339726
1920,1970,RegionF,43.9678653289157
1920,1971,RegionA,61.301333
1920,1971,RegionB,40.502667
1920,1971,RegionC,41.85
1920,1971,RegionD,144.021555627766
1920,1971,RegionE,48.0458510619927
1920,1971,RegionF,42.6965099769091
1920,1972,RegionA,46.4207279527966
1920,1972,RegionB,29.9193044883648
1920,1972,RegionC,30.266667
1920,1972,RegionD,126.377558496106
1920,1972,RegionE,26.629333333333
1920,1972,RegionF,36.2699920627327
1920,1973,RegionA,35.154069532599
1920,1973,RegionB,24.7848719534883
1920,1973,RegionC,20.9575208807951
1920,1973,RegionD,95.9729523734488
1920,1973,RegionE,14.2400000000007
1920,1973,RegionF,34.0967797041126
1920,1974,RegionA,30.9917575757576
1920,1974,RegionB,22.6534039841826
1920,1974,RegionC,27.8195029297824
1920,1974,RegionD,105.564694444445
1920,1974,RegionE,19.5864166666673
1920,1974,RegionF,52.2912243991661
1920,1975,RegionA,24.14
1920,1975,RegionB,21.708
1920,1975,RegionC,34.899333
1920,1975,RegionD,180.307444444444
1920,1975,RegionE,40.2443055555551
1920,1975,RegionF,84.9222225555549
1920,1976,RegionA,17.566159090909
1920,1976,RegionB,15.7036732836151
1920,1976,RegionC,31.3262506254761
1920,1976,RegionD,149.136
1920,1976,RegionE,32.6244166666665
1920,1976,RegionF,79.997000333333
1920,1977,RegionA,14.4679166666666
1920,1977,RegionB,13.1833239840482
1920,1977,RegionC,25.9230537619381
1920,1977,RegionD,101.680666666666
1920,1977,RegionE,41.3765277777777
1920,1977,RegionF,74.8732333651247
1920,1978,RegionA,20.8925833333332
1920,1978,RegionB,15.9168025036911
1920,1978,RegionC,28.3653550303505
1920,1978,RegionD,101.195416666667
1920,1978,RegionE,57.6846666666661
1920,1978,RegionF,68.7666202437358
1920,1979,RegionA,35.6254493858205
1920,1979,RegionB,70.583333
1920,1979,RegionC,37.486667
1920,1979,RegionD,127.375083333332
1920,1979,RegionE,96.9426666666661
1920,1979,RegionF,68.8479672808456
1920,1980,RegionA,29.0485327191533
1920,1980,RegionB,67.4065769344639
1920,1980,RegionC,29.1422545552582
1920,1980,RegionD,102.647583333333
1920,1980,RegionE,87.0679722222219
1920,1980,RegionF,53.4636357911248
1920,1981,RegionA,33.9256993858199
1920,1981,RegionB,67.9709583953307
1920,1981,RegionC,40.5506937023542
1920,1981,RegionD,72.1338429609401
1920,1981,RegionE,61.9764722222237
1920,1981,RegionF,38.7545000000003
1920,1982,RegionA,42.3285713626117
1920,1982,RegionB,75.5228403087767
1920,1982,RegionC,61.7418468511769
1920,1982,RegionD,69.8051303663235
1920,1982,RegionE,40.2668055555565
1920,1982,RegionF,29.8338888888895
1920,1983,RegionA,70.7987211171818
1920,1983,RegionB,88.5404999999999
1920,1983,RegionC,79.415
1920,1983,RegionD,122.165167771709
1920,1983,RegionE,42.5239722222233
1920,1983,RegionF,46.0055555555557
1920,1984,RegionA,50.2530725149078
1920,1984,RegionB,71.6411700826278
1920,1984,RegionC,78.8988118529767
1920,1984,RegionD,106.433278882818
1920,1984,RegionE,30.5585000000002
1920,1984,RegionF,30.1362222222234
1920,1985,RegionA,26.347299509139
1920,1985,RegionB,44.6462764217318
1920,1985,RegionC,80.240156378551
1920,1985,RegionD,98.5770454683553
1920,1985,RegionE,21.6108333333328
1920,1985,RegionF,26.3613333333336
1920,1986,RegionA,25.6284334679567
1920,1986,RegionB,45.293531351803
1920,1986,RegionC,79.7859943227313
1920,1986,RegionD,99.7158186352877
1920,1986,RegionE,16.5920000000004
1920,1986,RegionF,21.7219999999997
1920,1987,RegionA,48.4640728640819
1920,1987,RegionB,65.683057555922
1920,1987,RegionC,80.5711666666667
1920,1987,RegionD,120.378147357771
1920,1987,RegionE,25.5005
1920,1987,RegionF,18.2269999999994
1920,1988,RegionA,44.0942008872903
1920,1988,RegionB,46.8760860117225
1920,1988,RegionC,69.727614717375
1920,1988,RegionD,90.6533761613876
1920,1988,RegionE,10.7435833333325
1920,1988,RegionF,8.53466666666592
1920,1989,RegionA,52.9219534821711
1920,1989,RegionB,48.2848431934753
1920,1989,RegionC,75.7863610955524
1920,1989,RegionD,61.4377866732455
1920,1989,RegionE,5.26624999999989
1920,1989,RegionF,2.52361111111149
1920,1990,RegionA,66.4195279355953
1920,1990,RegionB,54.6671765268097
1920,1990,RegionC,78.9781527699985
1920,1990,RegionD,65.7572538787075
1920,1990,RegionE,4.93291666666656
1920,1990,RegionF,2.05861111111117
1920,1991,RegionA,90.6125
1920,1991,RegionB,78.1028410497155
1920,1991,RegionC,79.3506666666666
1920,1991,RegionD,129.30889142909
1920,1991,RegionE,12.3420833333345
1920,1991,RegionF,20.2372675211928
1944,1968,RegionA,66.5179188904851
1944,1968,RegionB,53.2092682127728
1944,1968,RegionC,59.2482231531545
1944,1968,RegionD,136.339992521367
1944,1968,RegionE,63.4599697188169
1944,1968,RegionF,19.8386136145161
1944,1969,RegionA,76.1
1944,1969,RegionB,50.0879868461583
1944,1969,RegionC,38.3930003333319
1944,1969,RegionD,195.433818376067
1944,1969,RegionE,98.0932727709669
1944,1969,RegionF,44.1666994512548
1944,1970,RegionA,64.4595477435905
1944,1970,RegionB,38.2216185897448
1944,1970,RegionC,34.534667
1944,1970,RegionD,226.338939627693
1944,1970,RegionE,131.564497496594
1944,1970,RegionF,76.3331323201561
1944,1971,RegionA,61.301333
1944,1971,RegionB,40.502667
1944,1971,RegionC,41.85
1944,1971,RegionD,228.719
1944,1971,RegionE,158.0995
1944,1971,RegionF,132.196
1944,1972,RegionA,26.7172195539607
1944,1972,RegionB,17.8748639837051
1944,1972,RegionC,29.5613945394694
1944,1972,RegionD,162.201474435302
1944,1972,RegionE,105.534861111111
1944,1972,RegionF,108.671505820897
1944,1973,RegionA,14.3007032230802
1944,1973,RegionB,9.22882332372204
1944,1973,RegionC,21.1384296074678
1944,1973,RegionD,119.090382278787
1944,1973,RegionE,60.9909019095974
1944,1973,RegionF,88.070413361051
1944,1974,RegionA,15.0158452012838
1944,1974,RegionB,12.8127866618611
1944,1974,RegionC,28.2856159498504
1944,1974,RegionD,136.336429519178
1944,1974,RegionE,32.420566072859
1944,1974,RegionF,80.0967158542286
1944,1975,RegionA,24.14
1944,1975,RegionB,21.708
1944,1975,RegionC,34.899333
1944,1975,RegionD,232.26
1944,1975,RegionE,33.5963655721769
1944,1975,RegionF,62.2198440204152
1944,1976,RegionA,26.5054627769225
1944,1976,RegionB,21.4487872230774
1944,1976,RegionC,31.7641965201268
1944,1976,RegionD,194.629138238525
1944,1976,RegionE,21.9985902978047
1944,1976,RegionF,39.4146592028027
1944,1977,RegionA,31.7019988887975
1944,1977,RegionB,22.4240182255295
1944,1977,RegionC,26.347667
1944,1977,RegionD,144.810010153223
1944,1977,RegionE,23.1044444444443
1944,1977,RegionF,24.4166798065232
1944,1978,RegionA,42.353
1944,1978,RegionB,21.514667
1944,1978,RegionC,28.6216537369077
1944,1978,RegionD,140.486428337166
1944,1978,RegionE,31.056666666666
1944,1978,RegionF,29.7384444444444
1944,1979,RegionA,69.5755708706184
1944,1979,RegionB,64.755957885254
1944,1979,RegionC,37.486667
1944,1979,RegionD,158.729872762645
1944,1979,RegionE,65.2493333333329
1944,1979,RegionF,41.6658333333322
1944,1980,RegionA,52.3533328161623
1944,1980,RegionB,60.1876824105707
1944,1980,RegionC,34.1529535368062
1944,1980,RegionD,128.173502532756
1944,1980,RegionE,59.5346388888887
1944,1980,RegionF,34.6291666666668
1944,1981,RegionA,53.8936184390021
1944,1981,RegionB,59.5811896228663
1944,1981,RegionC,42.7528533696763
1944,1981,RegionD,86.203755235122
1944,1981,RegionE,37.976916666668
1944,1981,RegionF,34.9038333333343
1944,1982,RegionA,62.7190036639452
1944,1982,RegionB,71.3279559225444
1944,1982,RegionC,57.620646715686
1944,1982,RegionD,75.1796714756028
1944,1982,RegionE,22.817916666667
1944,1982,RegionF,29.8338888888895
1944,1983,RegionA,91.6116666666666
1944,1983,RegionB,88.5404999999999
1944,1983,RegionC,79.415
1944,1983,RegionD,115.02777777778
1944,1983,RegionE,33.008416666667
1944,1983,RegionF,41.8455555555557
1944,1984,RegionA,67.9785194436777
1944,1984,RegionB,72.6155108664513
1944,1984,RegionC,80.5573333333333
1944,1984,RegionD,94.0516462900249
1944,1984,RegionE,28.2385000000002
1944,1984,RegionF,24.4795456220665
1944,1985,RegionA,34.8378739888982
1944,1985,RegionB,54.3316219775622
1944,1985,RegionC,80.6900928156652
1944,1985,RegionD,82.5219634506388
1944,1985,RegionE,25.2205722885571
1944,1985,RegionF,20.180819923122
1944,1986,RegionA,25.8278638855209
1944,1986,RegionB,58.1516722574882
1944,1986,RegionC,82.2755
1944,1986,RegionD,80.1097771345329
1944,1986,RegionE,26.8314779104489
1944,1986,RegionF,15.541486589788
1944,1987,RegionA,38.8305003625357
1944,1987,RegionB,82.2861315125769
1944,1987,RegionC,80.5711666666667
1944,1987,RegionD,100.649942447201
1944,1987,RegionE,42.4397168656728
1944,1987,RegionF,14.0464865897878
1944,1988,RegionA,33.0966133693884
1944,1988,RegionB,58.6364871904622
1944,1988,RegionC,72.7013994401483
1944,1988,RegionD,71.5995309211637
1944,1988,RegionE,26.864667
1944,1988,RegionF,7.73082985661116
1944,1989,RegionA,44.081616762636
1944,1989,RegionB,57.8554469306756
1944,1989,RegionC,78.1404578255174
1944,1989,RegionD,35.8621199747471
1944,1989,RegionE,20.9109280447765
1944,1989,RegionF,9.37023601720306
1944,1990,RegionA,58.6133081791014
1944,1990,RegionB,63.6932742032268
1944,1990,RegionC,80.1281273219977
1944,1990,RegionD,35.9769902828268
1944,1990,RegionE,21.1434113117745
1944,1990,RegionF,13.2585275899616
1944,1991,RegionA,90.6125
1944,1991,RegionB,84.3643333333333
1944,1991,RegionC,79.3506666666666
1944,1991,RegionD,51.5952829474586
1944,1991,RegionE,50.609111280009
1944,1991,RegionF,53.4223557725316
1944,1992,RegionA,75.9641493095002
1944,1992,RegionB,70.0528556233621
1944,1992,RegionC,55.3386811956762
1944,1992,RegionD,45.4519218363476
1944,1992,RegionE,38.6806946133413
1944,1992,RegionF,49.9387807551055
1944,1993,RegionA,75.3115381983892
1944,1993,RegionB,52.013333
1944,1993,RegionC,33.933333
1944,1993,RegionD,49.3988107252369
1944,1993,RegionE,40.8834723911191
1944,1993,RegionF,43.4283182408103
1944,1994,RegionA,71.76
1944,1994,RegionB,50.4267342163628
1944,1994,RegionC,26.4137133469259
1944,1994,RegionD,69.1439773919038
1944,1994,RegionE,38.4822559921882
1944,1994,RegionF,52.5379579415074
1944,1995,RegionA,66.869333
1944,1995,RegionB,52.042
1944,1995,RegionC,26.466333
1944,1995,RegionD,111.638045543928
1944,1995,RegionE,45.6426666666667
1944,1995,RegionF,76.0964829005177
1944,1996,RegionA,44.6763324001697
1944,1996,RegionB,37.7500638921978
1944,1996,RegionC,23.2739288382684
1944,1996,RegionD,89.0863864132921
1944,1996,RegionE,35.4794999999997
1944,1996,RegionF,73.3319273449612
1944,1997,RegionA,19.9627207869231
1944,1997,RegionB,25.836
1944,1997,RegionC,18.3074084885153
1944,1997,RegionD,80.2675345475313
1944,1997,RegionE,26.0507777777782
1944,1997,RegionF,44.4433083992542
1944,1998,RegionA,19.4631112777779
1944,1998,RegionB,21.668667
1944,1998,RegionC,25.9240918730718
1944,1998,RegionD,73.4460671750272
1944,1998,RegionE,25.3190000000006
1944,1998,RegionF,33.7982293407894
1944,1999,RegionA,27.382667
1944,1999,RegionB,19.822
1944,1999,RegionC,40.058667
1944,1999,RegionD,104.175821273226
1944,1999,RegionE,48.2858333333342
1944,1999,RegionF,40.2367891712151
1944,2000,RegionA,24.9783336666666
1944,2000,RegionB,12.6107206900497
1944,2000,RegionC,37.9529437443976
1944,2000,RegionD,65.7306528972412
1944,2000,RegionE,41.6267222222222
1944,2000,RegionF,26.7086267794195
1944,2001,RegionA,25.8695093703702
1944,2001,RegionB,13.5403139687357
1944,2001,RegionC,41.5045168276858
1944,2001,RegionD,45.1358734101469
1944,2001,RegionE,28.8864166666659
1944,2001,RegionF,25.9452864230587
1944,2002,RegionA,29.6151572962963
1944,2002,RegionB,17.1718702592592
1944,2002,RegionC,46.893
1944,2002,RegionD,50.926732931659
1944,2002,RegionE,28.1547499999994
1944,2002,RegionF,24.4017395127847
1944,2003,RegionA,59.353333
1944,2003,RegionB,28.17
1944,2003,RegionC,42.329333
1944,2003,RegionD,79.8863913974891
1944,2003,RegionE,48.9512499999996
1944,2003,RegionF,55.790609269177
1944,2004,RegionA,50.4410735768516
1944,2004,RegionB,30.6099260898148
1944,2004,RegionC,31.150641064156
1944,2004,RegionD,73.8387777777777
1944,2004,RegionE,26.908583333332
1944,2004,RegionF,57.6509426025102
1944,2005,RegionA,48.7039692768517
1944,2005,RegionB,34.0774108532734
1944,2005,RegionC,35.2489743974896
1944,2005,RegionD,60.1337777777773
1944,2005,RegionE,12.3360000000003
1944,2005,RegionF,64.8162288057181
1944,2006,RegionA,51.7133583851849
1944,2006,RegionB,34.6481127657004
1944,2006,RegionC,55.6336447243904
1944,2006,RegionD,63.3596361865082
1944,2006,RegionE,20.1216666666666
1944,2006,RegionF,71.0596090493264
1944,2007,RegionA,53.2720715703685
1944,2007,RegionB,36.5340556525678
1944,2007,RegionC,84.34
1944,2007,RegionD,128.649200533072
1944,2007,RegionE,51.5361829510556
1944,2007,RegionF,101.512239292935
1944,2008,RegionA,37.1301582542047
1944,2008,RegionB,28.6790138172201
1944,2008,RegionC,84.441
1944,2008,RegionD,88.0500016624812
1944,2008,RegionE,54.1160484883144
1944,2008,RegionF,62.2559166666657
1944,2009,RegionA,26.9158720639687
1944,2009,RegionB,34.590394487705
1944,2009,RegionC,80.664548256088
1944,2009,RegionD,101.7446045
1944,2009,RegionE,54.3692473589073
1944,2009,RegionF,38.6019166666685
1944,2010,RegionA,45.5683804764289
1944,2010,RegionB,52.1716612458309
1944,2010,RegionC,79.533519425267
1944,2010,RegionD,145.251968386115
1944,2010,RegionE,57.9402204663586
1944,2010,RegionF,22.7351666666669
1944,2011,RegionA,89.376
1944,2011,RegionB,87.4154166666666
1944,2011,RegionC,78.729
1944,2011,RegionD,230.169833333333
1944,2011,RegionE,55.1868888888878
1944,2011,RegionF,24.9960000000001
1944,2012,RegionA,89.4346148148145
1944,2012,RegionB,85.4342203836981
1944,2012,RegionC,74.5422749547426
1944,2012,RegionD,168.85857897981
1944,2012,RegionE,19.5373942002654
1944,2012,RegionF,10.9993333333335
1944,2013,RegionA,90.3783333333334
1944,2013,RegionB,91.0420833333334
1944,2013,RegionC,78.464
1944,2013,RegionD,121.740777850402
1944,2013,RegionE,25.4014795599311
1944,2013,RegionF,6.52265925633251
1944,2014,RegionA,85.8146130268204
1944,2014,RegionB,90.8396666666666
1944,2014,RegionC,79.609
1944,2014,RegionD,103.144
1944,2014,RegionE,43.040667
1944,2014,RegionF,50.2680255287356
1944,2015,RegionA,84.9786666666666
1944,2015,RegionB,90.1896666666666
1944,2015,RegionC,81.0546666666666
1944,2015,RegionD,140.665022238881
1944,2015,RegionE,103.158113737761
1944,2015,RegionF,112.990225134471
1968,1992,RegionA,80.035419341872
1968,1992,RegionB,51.3732604300411
1968,1992,RegionC,35.8533401234059
1968,1992,RegionD,141.466639345322
1968,1992,RegionE,42.1833259122347
1968,1992,RegionF,20.957931513792
1968,1993,RegionA,89.5548791827157
1968,1993,RegionB,52.013333
1968,1993,RegionC,26.6538065019886
1968,1993,RegionD,188.418611936494
1968,1993,RegionE,65.8341518244695
1968,1993,RegionF,44.9800508876655
1968,1994,RegionA,69.5113121612809
1968,1994,RegionB,45.9660911401477
1968,1994,RegionC,25.2931150285776
1968,1994,RegionD,218.373847634914
1968,1994,RegionE,109.608228671511
1968,1994,RegionF,82.377155363569
1968,1995,RegionA,66.869333
1968,1995,RegionB,52.042
1968,1995,RegionC,26.466333
1968,1995,RegionD,227.19125
1968,1995,RegionE,154.93425
1968,1995,RegionF,143.016667333334
1968,1996,RegionA,42.2900510743803
1968,1996,RegionB,35.5496526232967
1968,1996,RegionC,14.8398510166714
1968,1996,RegionD,156.0264990559
1968,1996,RegionE,113.863973900803
1968,1996,RegionF,123.652194551167
1968,1997,RegionA,29.403333
1968,1997,RegionB,25.5570480247602
1968,1997,RegionC,11.3786413626008
1968,1997,RegionD,94.3892267341324
1968,1997,RegionE,81.0896748315406
1968,1997,RegionF,96.9663260469676
1968,1998,RegionA,21.3189220034779
1968,1998,RegionB,21.668667
1968,1998,RegionC,23.539987700162
1968,1998,RegionD,68.7591029531818
1968,1998,RegionE,58.4461037270156
1968,1998,RegionF,75.0829666161621
1968,1999,RegionA,21.7995120951132
1968,1999,RegionB,18.9258062222227
1968,1999,RegionC,40.058667
1968,1999,RegionD,110.351451765512
1968,1999,RegionE,75.4126160951805
1968,1999,RegionF,48.6872245997471
1968,2000,RegionA,17.0436718862266
1968,2000,RegionB,13.032139555556
1968,2000,RegionC,38.8056923040666
1968,2000,RegionD,72.3726213935561
1968,2000,RegionE,60.1387222222225
1968,2000,RegionF,21.9311526383691
1968,2001,RegionA,16.2857494899325
1968,2001,RegionB,11.8808060589115
1968,2001,RegionC,42.1219639947266
1968,2001,RegionD,49.1049211241555
1968,2001,RegionE,38.1184166666651
1968,2001,RegionF,23.3733926656055
1968,2002,RegionA,19.9492217121549
1968,2002,RegionB,11.7741670067116
1968,2002,RegionC,46.893
1968,2002,RegionD,53.8299926165878
1968,2002,RegionE,34.1174166666664
1968,2002,RegionF,30.599451997878
1968,2003,RegionA,59.353333
1968,2003,RegionB,28.17
1968,2003,RegionC,42.329333
1968,2003,RegionD,81.3258226698488
1968,2003,RegionE,48.9512499999996
1968,2003,RegionF,54.3511779968174
1968,2004,RegionA,55.1126857970793
1968,2004,RegionB,26.8091312217075
1968,2004,RegionC,31.7192549843954
1968,2004,RegionD,78.4787777777777
1968,2004,RegionE,24.708583333332
1968,2004,RegionF,53.7715113301506
1968,2005,RegionA,58.138699941002
1968,2005,RegionB,27.1315254008225
1968,2005,RegionC,34.8981799946914
1968,2005,RegionD,72.7737777777773
1968,2005,RegionE,7.93600000000031
1968,2005,RegionF,54.4381779968169
1968,2006,RegionA,65.4326030418301
1968,2006,RegionB,30.0600717595672
1968,2006,RegionC,59.747114768788
1968,2006,RegionD,81.4704768774409
1968,2006,RegionE,9.6016666666666
1968,2006,RegionF,50.2240946634842
1968,2007,RegionA,81.8630225647557
1968,2007,RegionB,34.9575288888868
1968,2007,RegionC,84.34
1968,2007,RegionD,164.553572815569
1968,2007,RegionE,36.58
1968,2007,RegionF,53.5496257307878
1968,2008,RegionA,53.6378723968577
1968,2008,RegionB,27.2811735965348
1968,2008,RegionC,83.0311203480761
1968,2008,RegionD,118.805667228103
1968,2008,RegionE,33.7149999999982
1968,2008,RegionF,38.2013053193163
1968,2009,RegionA,41.4466781763277
1968,2009,RegionB,32.1629936405612
1968,2009,RegionC,81.5825112580602
1968,2009,RegionD,119.884983862859
1968,2009,RegionE,30.0152721163835
1968,2009,RegionF,31.7941442791458
1968,2010,RegionA,55.7160588913839
1968,2010,RegionB,53.8140330954573
1968,2010,RegionC,81.4900000000001
1968,2010,RegionD,116.134602745365
1968,2010,RegionE,70.9478775660987
1968,2010,RegionF,25.0983443683618
1968,2011,RegionA,89.376
1968,2011,RegionB,87.4154166666666
1968,2011,RegionC,78.729
1968,2011,RegionD,140.568740304751
1968,2011,RegionE,115.036811511141
1968,2011,RegionF,54.7471704063285
1968,2012,RegionA,76.5107188073897
1968,2012,RegionB,85.4443813008537
1968,2012,RegionC,72.7341742507711
1968,2012,RegionD,88.6908730556463
1968,2012,RegionE,83.0293377664754
1968,2012,RegionF,42.396931485528
1968,2013,RegionA,65.7917892158289
1968,2013,RegionB,91.0420833333334
1968,2013,RegionC,76.9317800397016
1968,2013,RegionD,67.1128573212268
1968,2013,RegionE,71.6124919696254
1968,2013,RegionF,41.0583314536163
1968,2014,RegionA,66.5572893272259
1968,2014,RegionB,83.8260000000003
1968,2014,RegionC,79.609
1968,2014,RegionD,62.0955555555552
1968,2014,RegionE,80.6494762737811
1968,2014,RegionF,79.9786510656603
1968,2015,RegionA,84.9786666666666
1968,2015,RegionB,90.1896666666666
1968,2015,RegionC,81.0546666666666
1968,2015,RegionD,93.8397789753419
1968,2015,RegionE,134.249590441413
1968,2015,RegionF,128.723991694359
1968,2016,RegionA,59.6552213258136
1968,2016,RegionB,70.3189372226201
1968,2016,RegionC,54.1603267246945
1968,2016,RegionD,68.1898345308982
1968,2016,RegionE,120.426264539584
1968,2016,RegionF,104.029110100837
1968,2017,RegionA,32.1932072594367
1968,2017,RegionB,55.337697403149
1968,2017,RegionC,39.3476399573084
1968,2017,RegionD,65.4759456420095
1968,2017,RegionE,107.386093071431
1968,2017,RegionF,82.8041666666667
1968,2018,RegionA,24.457333
1968,2018,RegionB,47.559953067626
1968,2018,RegionC,27.401826117461
1968,2018,RegionD,105.178612308676
1968,2018,RegionE,107.678525506238
1968,2018,RegionF,88.865666666667
1968,2019,RegionA,20.251333
1968,2019,RegionB,64.188
1968,2019,RegionC,21.85
1968,2019,RegionD,193.497278975341
1968,2019,RegionE,102.601082469104
1968,2019,RegionF,125.159333333333
1968,2020,RegionA,11.1881498810913
1968,2020,RegionB,39.5938411623927
1968,2020,RegionC,16.3776544447806
1968,2020,RegionD,168.533417185612
1968,2020,RegionE,50.8044095483483
1968,2020,RegionF,100.876000000001
1968,2021,RegionA,6.73282578297594
1968,2021,RegionB,26.9966187725798
1968,2021,RegionC,17.4524166666668
1968,2021,RegionD,179.997666555556
1968,2021,RegionE,29.4877499999994
1968,2021,RegionF,96.0213333333327
1968,2022,RegionA,10.1850240025991
1968,2022,RegionB,37.6693095529562
1968,2022,RegionC,24.372
1968,2022,RegionD,176.584666444444
1968,2022,RegionE,23.6442222222224
1968,2022,RegionF,95.6933333333321
1968,2023,RegionA,62.52
1968,2023,RegionB,45.298667
1968,2023,RegionC,42.344
1968,2023,RegionD,163.015221888888
1968,2023,RegionE,31.842222222222
1968,2023,RegionF,96.6376666666668
1968,2024,RegionA,49.2093333333347
1968,2024,RegionB,39.9323225148149
1968,2024,RegionC,44.9419999999999
1968,2024,RegionD,104.927455262964
1968,2024,RegionE,28.587222222222
1968,2024,RegionF,68.1676666666662
1968,2025,RegionA,46.8204315421262
1968,2025,RegionB,26.3980391208365
1968,2025,RegionC,47.6329072962964
1968,2025,RegionD,78.1432887074086
1968,2025,RegionE,24.0493333333334
1968,2025,RegionF,53.3575277777782
1968,2026,RegionA,58.1854649150955
1968,2026,RegionB,20.8000150071261
1968,2026,RegionC,48.8962312592598
1968,2026,RegionD,77.51239992963
1968,2026,RegionE,20.3523333333334
1968,2026,RegionF,48.465527777779
1968,2027,RegionA,93.92
1968,2027,RegionB,25.038333
1968,2027,RegionC,43.713333
1968,2027,RegionD,135.301778444442
1968,2027,RegionE,32.5799999999998
1968,2027,RegionF,54.2661944444446
1968,2028,RegionA,78.1885853786018
1968,2028,RegionB,15.5229976213994
1968,2028,RegionC,34.8795274444455
1968,2028,RegionD,134.987861777776
1968,2028,RegionE,34.3349999999999
1968,2028,RegionF,36.1311666666668
1968,2029,RegionA,59.310585378602
1968,2029,RegionB,22.587543710015
1968,2029,RegionC,44.4651533551453
1968,2029,RegionD,122.858695111111
1968,2029,RegionE,35.6080000000003
1968,2029,RegionF,23.3135780006846
1968,2030,RegionA,54.4340853786018
1968,2030,RegionB,30.1903675764084
1968,2030,RegionC,54.5884459325111
1968,2030,RegionD,114.415139555555
1968,2030,RegionE,42.5146111111115
1968,2030,RegionF,28.6904060013691
1968,2031,RegionA,61.9168794440342
1968,2031,RegionB,52.3722747761354
1968,2031,RegionC,78.9763333333333
1968,2031,RegionD,136.966583999999
1968,2031,RegionE,37.602444444445
1968,2031,RegionF,38.0654006687206
1968,2032,RegionA,46.1070302432103
1968,2032,RegionB,44.0175148446033
1968,2032,RegionC,77.965023387911
1968,2032,RegionD,91.7247530777772
1968,2032,RegionE,23.3195277777781
1968,2032,RegionF,28.5220673353866
1968,2033,RegionA,34.2547916422223
1968,2033,RegionB,28.7398145606096
1968,2033,RegionC,78.7451893955924
1968,2033,RegionD,46.3830000000007
1968,2033,RegionE,20.1893055555555
1968,2033,RegionF,25.1854544015749
1968,2034,RegionA,39.028754190617
1968,2034,RegionB,39.1885604284687
1968,2034,RegionC,76.2940312022456
1968,2034,RegionD,33.4008162582536
1968,2034,RegionE,18.8579337417464
1968,2034,RegionF,22.9240430675571
1968,2035,RegionA,81.740951599794
1968,2035,RegionB,83.3509166666666
1968,2035,RegionC,78.5309999999999
1968,2035,RegionD,30.479410294285
1968,2035,RegionE,25.2211174834931
1968,2035,RegionF,28.1825484002057
1968,2036,RegionA,65.5587408867911
1968,2036,RegionB,78.8250162685598
1968,2036,RegionC,65.0263817335392
1968,2036,RegionD,26.198621758049
1968,2036,RegionE,6.80232268639492
1968,2036,RegionF,16.8087500000007
1968,2037,RegionA,62.6109306552864
1968,2037,RegionB,76.7198933638681
1968,2037,RegionC,67.2714815364012
1968,2037,RegionD,36.9536943886843
1968,2037,RegionE,2.15786116687077
1968,2037,RegionF,7.65125000000017
1968,2038,RegionA,70.3292929720916
1968,2038,RegionB,75.6462008077466
1968,2038,RegionC,65.354301487848
1968,2038,RegionD,88.925454732315
1968,2038,RegionE,2.0088888888889
1968,2038,RegionF,1.70416666666659
1968,2039,RegionA,93.5810747507125
1968,2039,RegionB,65.4534077407407
1968,2039,RegionC,80.0548024883643
1968,2039,RegionD,181.639076131296
1968,2039,RegionE,20.56
1968,2039,RegionF,18.4666666666666
1992,2016,RegionA,42.355183874498
1992,2016,RegionB,82.6900032240895
1992,2016,RegionC,27.5852697199638
1992,2016,RegionD,147.526207609972
1992,2016,RegionE,81.3793333333334
1992,2016,RegionF,87.4729501349123
1992,2017,RegionA,26.2221334298779
1992,2017,RegionB,66.4469505669664
1992,2017,RegionC,23.3195000000001
1992,2017,RegionD,166.685956375252
1992,2017,RegionE,81.1563888888883
1992,2017,RegionF,102.421438754773
1992,2018,RegionA,21.0202496666665
1992,2018,RegionB,70.62
1992,2018,RegionC,22.4461666666667
1992,2018,RegionD,191.778198943449
1992,2018,RegionE,94.1272222222217
1992,2018,RegionF,123.231172857967
1992,2019,RegionA,20.251333
1992,2019,RegionB,64.188
1992,2019,RegionC,21.85
1992,2019,RegionD,226.154194279928
1992,2019,RegionE,152.13238042878
1992,2019,RegionF,144.80775
1992,2020,RegionA,16.0600789987159
1992,2020,RegionB,51.104
1992,2020,RegionC,17.3396469467027
1992,2020,RegionD,210.388333
1992,2020,RegionE,86.1865446601093
1992,2020,RegionF,100.883349764684
1992,2021,RegionA,19.9135199649123
1992,2021,RegionB,57.1262927966083
1992,2021,RegionC,22.9183333333333
1992,2021,RegionD,224.794425549072
1992,2021,RegionE,63.4446314202566
1992,2021,RegionF,104.446658815415
1992,2022,RegionA,23.234667
1992,2022,RegionB,55.682
1992,2022,RegionC,24.372
1992,2022,RegionD,234.35911957122
1992,2022,RegionE,65.4054928220813
1992,2022,RegionF,122.565544045976
1992,2023,RegionA,62.52
1992,2023,RegionB,45.298667
1992,2023,RegionC,42.344
1992,2023,RegionD,233.67811957122
1992,2023,RegionE,78.9966934985009
1992,2023,RegionF,151.175
1992,2024,RegionA,50.6152598596499
1992,2024,RegionB,31.1554667489879
1992,2024,RegionC,34.4577499999998
1992,2024,RegionD,176.16201862548
1992,2024,RegionE,52.7978352485955
1992,2024,RegionF,123.911574432182
1992,2025,RegionA,46.816975893761
1992,2025,RegionB,19.9909331646429
1992,2025,RegionC,33.8736571851856
1992,2025,RegionD,141.566298946892
1992,2025,RegionE,26.9507415475616
1992,2025,RegionF,94.5599417706937
1992,2026,RegionA,56.6922240579919
1992,2026,RegionB,11.1891199662622
1992,2026,RegionC,42.4273143703713
1992,2026,RegionD,121.650728589131
1992,2026,RegionE,20.3523333333334
1992,2026,RegionF,69.3563884521579
1992,2027,RegionA,93.92
1992,2027,RegionB,25.038333
1992,2027,RegionC,43.713333
1992,2027,RegionD,153.384897507061
1992,2027,RegionE,32.5799999999998
1992,2027,RegionF,59.8672437852663
1992,2028,RegionA,78.1482418538014
1992,2028,RegionB,19.3693329999998
1992,2028,RegionC,37.1316941111127
1992,2028,RegionD,137.883036590641
1992,2028,RegionE,34.3349999999999
1992,2028,RegionF,36.1311666666668
1992,2029,RegionA,56.7838334502441
1992,2029,RegionB,21.734055222222
1992,2029,RegionC,50.2699718888906
1992,2029,RegionD,116.557611660868
1992,2029,RegionE,35.6080000000003
1992,2029,RegionF,27.1900833333331
1992,2030,RegionA,51.7596977324067
1992,2030,RegionB,24.6370552222219
1992,2030,RegionC,61.2165830000013
1992,2030,RegionD,108.261691823149
1992,2030,RegionE,42.5146111111115
1992,2030,RegionF,36.4434166666663
1992,2031,RegionA,43.6911002172829
1992,2031,RegionB,50.3084831160496
1992,2031,RegionC,78.9763333333334
1992,2031,RegionD,110.74663888889
1992,2031,RegionE,57.762444444445
1992,2031,RegionF,64.4149166666664
1992,2032,RegionA,21.0914240691358
1992,2032,RegionB,50.0870942271607
1992,2032,RegionC,69.0618931162295
1992,2032,RegionD,69.3443941430301
1992,2032,RegionE,47.1995277777781
1992,2032,RegionF,54.8715833333324
1992,2033,RegionA,7.78930347654297
1992,2033,RegionB,39.0709777382719
1992,2033,RegionC,62.1452893552599
1992,2033,RegionD,43.3642327305039
1992,2033,RegionE,37.2130022549769
1992,2033,RegionF,43.9147499999998
1992,2034,RegionA,15.8202222222221
1992,2034,RegionB,51.2079001160497
1992,2034,RegionC,60.3778573893534
1992,2034,RegionD,36.0581824290897
1992,2034,RegionE,39.9838100655074
1992,2034,RegionF,26.2461666666661
1992,2035,RegionA,53.8686959423679
1992,2035,RegionB,83.3509166666666
1992,2035,RegionC,78.5309999999999
1992,2035,RegionD,34.780909905453
1992,2035,RegionE,62.1035885966236
1992,2035,RegionF,14.8708333333332
1992,2036,RegionA,52.7716403868123
1992,2036,RegionB,72.9434519422636
1992,2036,RegionC,57.537439201603
1992,2036,RegionD,30.2915765721191
1992,2036,RegionE,38.4349752305364
1992,2036,RegionF,7.24075000000046
1992,2037,RegionA,61.0923343319486
1992,2037,RegionB,71.9218983957248
1992,2037,RegionC,52.6685987209079
1992,2037,RegionD,25.8618066869691
1992,2037,RegionE,31.7372229755606
1992,2037,RegionF,10.0832499999999
1992,2038,RegionA,75.4418060548635
1992,2038,RegionB,80.2798054925326
1992,2038,RegionC,43.913260606238
1992,2038,RegionD,53.2416103150547
1992,2038,RegionE,32.9393446533159
1992,2038,RegionF,18.1524784335519
1992,2039,RegionA,90.2115
1992,2039,RegionB,86.6316343275716
1992,2039,RegionC,77.9110000000001
1992,2039,RegionD,126.252247276473
1992,2039,RegionE,55.8786893066321
1992,2039,RegionF,22.8699568671038
1992,2040,RegionA,82.3146666666659
1992,2040,RegionB,47.5176127053913
1992,2040,RegionC,76.6940546540991
1992,2040,RegionD,124.192630911222
1992,2040,RegionE,62.968578195521
1992,2040,RegionF,19.5408457559925
1992,2041,RegionA,70.1656100248212
1992,2041,RegionB,19.044
1992,2041,RegionC,79.4594166666667
1992,2041,RegionD,116.436045991387
1992,2041,RegionE,59.5538004177432
1992,2041,RegionF,21.4319324549376
1992,2042,RegionA,54.9031878918895
1992,2042,RegionB,17.3823039612774
1992,2042,RegionC,67.8124068149284
1992,2042,RegionD,124.257031760278
1992,2042,RegionE,51.4819926193414
1992,2042,RegionF,32.220104730063
1992,2043,RegionA,48.759
1992,2043,RegionB,20.066667
1992,2043,RegionC,54.357
1992,2043,RegionD,165.170287840542
1992,2043,RegionE,35.949304386227
1992,2043,RegionF,46.1084352176791
1992,2044,RegionA,31.9665996170163
1992,2044,RegionB,14.0498047247121
1992,2044,RegionC,33.2906259603112
1992,2044,RegionD,120.047999674661
1992,2044,RegionE,21.2410988153531
1992,2044,RegionF,46.3299267635031
1992,2045,RegionA,20.2430933843813
1992,2045,RegionB,14.0527449992919
1992,2045,RegionC,26.54
1992,2045,RegionD,89.4953480132286
1992,2045,RegionE,20.6443312840409
1992,2045,RegionF,47.7089267635033
1992,2046,RegionA,14.7483280718753
1992,2046,RegionB,36.8496166486589
1992,2046,RegionC,24.0213886127989
1992,2046,RegionD,87.9247873213305
1992,2046,RegionE,21.632333333334
1992,2046,RegionF,62.6501015675587
1992,2047,RegionA,27.727333
1992,2047,RegionB,72.601333
1992,2047,RegionC,26.308667
1992,2047,RegionD,106.924541020277
1992,2047,RegionE,24.8248333333335
1992,2047,RegionF,71.8984593130577
1992,2048,RegionA,25.0208329999999
1992,2048,RegionB,58.4544120452595
1992,2048,RegionC,23.7159212880761
1992,2048,RegionD,78.9387388303341
1992,2048,RegionE,15.4755000000005
1992,2048,RegionF,62.2534837252222
1992,2049,RegionA,31.045667
1992,2049,RegionB,44.1349517244065
1992,2049,RegionC,23.611333
1992,2049,RegionD,65.8807781111136
1992,2049,RegionE,13.8171666666668
1992,2049,RegionF,52.5584646089284
1992,2050,RegionA,44.9925596419748
1992,2050,RegionB,51.0111252202287
1992,2050,RegionC,22.489333
1992,2050,RegionD,61.8527473643898
1992,2050,RegionE,14.5771666666667
1992,2050,RegionF,48.6822625511897
1992,2051,RegionA,63.429667
1992,2051,RegionB,85.6566666666668
1992,2051,RegionC,25.791667
1992,2051,RegionD,77.4541610621082
1992,2051,RegionE,24.6146666666667
1992,2051,RegionF,54.4401160490057
1992,2052,RegionA,53.8936578796313
1992,2052,RegionB,84.9718228609066
1992,2052,RegionC,33.42164043539
1992,2052,RegionD,62.260096108404
1992,2052,RegionE,22.3346666666663
1992,2052,RegionF,44.4816993823394
1992,2053,RegionA,48.9354159458059
1992,2053,RegionB,81.6717814220051
1992,2053,RegionC,48.3033262109304
1992,2053,RegionD,47.6286806327987
1992,2053,RegionE,22.1686666666663
1992,2053,RegionF,30.1567680106822
1992,2054,RegionA,47.0179323634504
1992,2054,RegionB,72.1619480886722
1992,2054,RegionC,65.0309380999314
1992,2054,RegionD,41.2828780461911
1992,2054,RegionE,15.1379999999988
1992,2054,RegionF,18.1709145128661
1992,2055,RegionA,41.8738441958219
1992,2055,RegionB,81.4150392335739
1992,2055,RegionC,82.1979999999999
1992,2055,RegionD,99.9135731741228
1992,2055,RegionE,30.2700000000003
1992,2055,RegionF,26.4876267298162
1992,2056,RegionA,30.5373267764293
1992,2056,RegionB,62.8450990518518
1992,2056,RegionC,76.8187963939419
1992,2056,RegionD,86.6790176185662
1992,2056,RegionE,23.4137777777781
1992,2056,RegionF,20.1706768258778
1992,2057,RegionA,43.0281673232154
1992,2057,RegionB,52.9086518113016
1992,2057,RegionC,80.0480697543727
1992,2057,RegionD,68.94193515398
1992,2057,RegionE,23.3577777777782
1992,2057,RegionF,24.5741204015748
1992,2058,RegionA,55.547250844357
1992,2058,RegionB,62.1179158223125
1992,2058,RegionC,81.5107499999999
1992,2058,RegionD,60.2156345628697
1992,2058,RegionE,22.8664444444446
1992,2058,RegionF,21.591643214912
1992,2059,RegionA,80.2761111111151
1992,2059,RegionB,86.4044999999999
1992,2059,RegionC,80.1970833333334
1992,2059,RegionD,56.6611970506864
1992,2059,RegionE,33.1971666666674
1992,2059,RegionF,34.8345529493127
1992,2060,RegionA,76.0190906682545
1992,2060,RegionB,83.7670312620324
1992,2060,RegionC,72.1258502919358
1992,2060,RegionD,33.6291970506872
1992,2060,RegionE,12.2361666666678
1992,2060,RegionF,21.282386282647
1992,2061,RegionA,59.3435288992564
1992,2061,RegionB,78.1708430689771
1992,2061,RegionC,63.3617113651034
1992,2061,RegionD,30.1500453840668
1992,2061,RegionE,6.15199999999989
1992,2061,RegionF,15.4405935048219
1992,2062,RegionA,54.0739354788343
1992,2062,RegionB,85.6021621665978
1992,2062,RegionC,63.9544473384131
1992,2062,RegionD,31.0443470712727
1992,2062,RegionE,5.80055555555549
1992,2062,RegionF,24.4771079448819
1992,2063,RegionA,94.7705
1992,2063,RegionB,87.3104166666668
1992,2063,RegionC,59.8768024883643
1992,2063,RegionD,80.2360962025252
1992,2063,RegionE,42.1780555555555
1992,2063,RegionF,61.6792679757792
2016,2040,RegionA,83.0974578701277
2016,2040,RegionB,54.27943115942
2016,2040,RegionC,62.6883393202809
2016,2040,RegionD,135.131809391918
2016,2040,RegionE,63.2716666666665
2016,2040,RegionF,69.3099165390111
2016,2041,RegionA,76.5771947257612
2016,2041,RegionB,19.044
2016,2041,RegionC,65.3204840190049
2016,2041,RegionD,192.939674516505
2016,2041,RegionE,62.7608333333332
2016,2041,RegionF,104.861916411356
2016,2042,RegionA,59.038
2016,2042,RegionB,14.502916833333
2016,2042,RegionC,63.3325116561244
2016,2042,RegionD,204.848545591583
2016,2042,RegionE,55.4334999999991
2016,2042,RegionF,134.710166539011
2016,2043,RegionA,48.759
2016,2043,RegionB,20.066667
2016,2043,RegionC,54.357
2016,2043,RegionD,228.27075
2016,2043,RegionE,75.5684904908596
2016,2043,RegionF,149.08375
2016,2044,RegionA,36.332723090886
2016,2044,RegionB,19.74
2016,2044,RegionC,25.8542800180455
2016,2044,RegionD,183.876162397427
2016,2044,RegionE,39.0841889263419
2016,2044,RegionF,104.649562296555
2016,2045,RegionA,33.0173785370453
2016,2045,RegionB,33.9780494438397
2016,2045,RegionC,23.4299768798716
2016,2045,RegionD,164.625120825266
2016,2045,RegionE,39.7686969598735
2016,2045,RegionF,80.8846276082955
2016,2046,RegionA,28.857667
2016,2046,RegionB,60.2963396033751
2016,2046,RegionC,25.4642664549865
2016,2046,RegionD,164.718811085627
2016,2046,RegionE,53.2300625900475
2016,2046,RegionF,79.2424529222389
2016,2047,RegionA,27.727333
2016,2047,RegionB,72.601333
2016,2047,RegionC,26.308667
2016,2047,RegionD,175.303036801645
2016,2047,RegionE,71.6490007634809
2016,2047,RegionF,107.96
2016,2048,RegionA,18.4822661151564
2016,2048,RegionB,55.7551353815004
2016,2048,RegionC,18.6876032172286
2016,2048,RegionD,132.150870376988
2016,2048,RegionE,56.5930000000012
2016,2048,RegionF,91.378382275547
2016,2049,RegionA,11.5573380080924
2016,2049,RegionB,46.0290201128171
2016,2049,RegionC,16.6726506566792
2016,2049,RegionD,98.6058801578914
2016,2049,RegionE,56.6693333333351
2016,2049,RegionF,63.5417409468353
2016,2050,RegionA,16.8816947697994
2016,2050,RegionB,43.641607990875
2016,2050,RegionC,18.479889111111
2016,2050,RegionD,84.2629854891195
2016,2050,RegionE,54.0033333333346
2016,2050,RegionF,55.221776616349
2016,2051,RegionA,36.4291350661972
2016,2051,RegionB,49.9810039746365
2016,2051,RegionC,25.791667
2016,2051,RegionD,94.463356989316
2016,2051,RegionE,61.7253333333342
2016,2051,RegionF,77.5123650420374
2016,2052,RegionA,35.8415186292904
2016,2052,RegionB,46.1773508728136
2016,2052,RegionC,35.847279708376
2016,2052,RegionD,69.4598055773325
2016,2052,RegionE,53.4386666666659
2016,2052,RegionF,66.0216666448938
2016,2053,RegionA,47.0796281122825
2016,2053,RegionB,40.1832294709663
2016,2053,RegionC,44.9121146389746
2016,2053,RegionD,48.028416666667
2016,2053,RegionE,50.8975555555543
2016,2053,RegionF,47.763694444444
2016,2054,RegionA,58.0658417811408
2016,2054,RegionB,30.7808753159535
2016,2054,RegionC,55.6252829029063
2016,2054,RegionD,41.421916666667
2016,2054,RegionE,37.8935555555535
2016,2054,RegionF,35.0151388888889
2016,2055,RegionA,90.8600833333335
2016,2055,RegionB,22.9012433831622
2016,2055,RegionC,63.47336772795
2016,2055,RegionD,97.2042500000007
2016,2055,RegionE,43.4966666666654
2016,2055,RegionF,44.2224722222233
2016,2056,RegionA,89.7865141096003
2016,2056,RegionB,18.7393892281492
2016,2056,RegionC,56.6975411066963
2016,2056,RegionD,83.969694444444
2016,2056,RegionE,28.3915555555552
2016,2056,RegionF,22.88
2016,2057,RegionA,92.2824166666666
2016,2057,RegionB,29.1842500018517
2016,2057,RegionC,51.9937777759276
2016,2057,RegionD,65.3293888888881
2016,2057,RegionE,25.882222222222
2016,2057,RegionF,28.1866666666667
2016,2058,RegionA,94.9363333333331
2016,2058,RegionB,45.3450000037033
2016,2058,RegionC,53.0913673581985
2016,2058,RegionD,60.4502715269915
2016,2058,RegionE,26.4931111111113
2016,2058,RegionF,23.5335555555581
2016,2059,RegionA,97.481
2016,2059,RegionB,86.4044999999999
2016,2059,RegionC,53.1990958349127
2016,2059,RegionD,53.8246263873131
2016,2059,RegionE,43.1171666666674
2016,2059,RegionF,37.5442222222219
2016,2060,RegionA,78.6622793750411
2016,2060,RegionB,87.0247500000001
2016,2060,RegionC,53.4718442376458
2016,2060,RegionD,33.7526263873139
2016,2060,RegionE,22.1561666666678
2016,2060,RegionF,23.9920555555561
2016,2061,RegionA,49.035458838338
2016,2061,RegionB,71.6370546983373
2016,2061,RegionC,60.5438045204591
2016,2061,RegionD,33.7712374984244
2016,2061,RegionE,16.0719999999999
2016,2061,RegionF,21.5591666666668
2016,2062,RegionA,34.7074326633822
2016,2062,RegionB,54.6290599187038
2016,2062,RegionC,75.614306771341
2016,2062,RegionD,41.1307374984249
2016,2062,RegionE,20.8127964814813
2016,2062,RegionF,38.0582222222221
2016,2063,RegionA,43.2089300975938
2016,2063,RegionB,75.0512533076844
2016,2063,RegionC,82.546
2016,2063,RegionD,105.078195853981
2016,2063,RegionE,40.8478707407419
2016,2063,RegionF,79.3188888888897
2016,2064,RegionA,32.423712784025
2016,2064,RegionB,58.018
2016,2064,RegionC,61.3202933984007
2016,2064,RegionD,95.4261786323909
2016,2064,RegionE,40.2188707407423
2016,2064,RegionF,53.4840555555549
2016,2065,RegionA,33.7440555555559
2016,2065,RegionB,48.730667
2016,2065,RegionC,39.0697218205267
2016,2065,RegionD,78.3878502079561
2016,2065,RegionE,39.8212596296313
2016,2065,RegionF,54.202390230779
2016,2066,RegionA,39.0596553888901
2016,2066,RegionB,56.138662876292
2016,2066,RegionC,22.593333
2016,2066,RegionD,73.4983790510313
2016,2066,RegionE,63.4657447777814
2016,2066,RegionF,61.522224906002
2016,2067,RegionA,55.923667
2016,2067,RegionB,53.719667
2016,2067,RegionC,21.12
2016,2067,RegionD,84.0034936662093
2016,2067,RegionE,101.891503851855
2016,2067,RegionF,84.3763629263845
2016,2068,RegionA,55.359028111111
2016,2068,RegionB,46.8326670000001
2016,2068,RegionC,18.9726427407406
2016,2068,RegionD,72.665439452546
2016,2068,RegionE,62.2524207126095
2016,2068,RegionF,66.7205519829944
2016,2069,RegionA,40.943361444442
2016,2069,RegionB,27.899328111109
2016,2069,RegionC,22.1046760740731
2016,2069,RegionD,54.5193852388812
2016,2069,RegionE,51.3968414252242
2016,2069,RegionF,75.7496299284896
2016,2070,RegionA,35.4675281111109
2016,2070,RegionB,18.3006614444433
2016,2070,RegionC,25.3208982962954
2016,2070,RegionD,55.3995833333326
2016,2070,RegionE,40.001928804502
2016,2070,RegionF,97.0525111214275
2016,2071,RegionA,40.8371947777773
2016,2071,RegionB,18.8023281111096
2016,2071,RegionC,31.0562316296289
2016,2071,RegionD,79.4586666666671
2016,2071,RegionE,42.8598284814829
2016,2071,RegionF,123.387667
2016,2072,RegionA,27.7215219768528
2016,2072,RegionB,13.1772713305544
2016,2072,RegionC,29.2288738419764
2016,2072,RegionD,73.5419166666669
2016,2072,RegionE,36.0130744355371
2016,2072,RegionF,103.806563970637
2016,2073,RegionA,26.4618788361114
2016,2073,RegionB,7.7151211638884
2016,2073,RegionC,24.08125
2016,2073,RegionD,74.6791666666686
2016,2073,RegionE,26.582431500704
2016,2073,RegionF,73.6474573881834
2016,2074,RegionA,34.9842204147616
2016,2074,RegionB,6.59764069634988
2016,2074,RegionC,22.916
2016,2074,RegionD,87.6346666666644
2016,2074,RegionE,29.9133441214247
2016,2074,RegionF,72.6780725452398
2016,2075,RegionA,43.9933297184113
2016,2075,RegionB,6.16919805936651
2016,2075,RegionC,34.649333
2016,2075,RegionD,94.6160003333321
2016,2075,RegionE,31.8219444444457
2016,2075,RegionF,96.8946388888892
2016,2076,RegionA,46.5943297184114
2016,2076,RegionB,5.56053139269991
2016,2076,RegionC,33.942249666667
2016,2076,RegionD,79.2750836666663
2016,2076,RegionE,18.2931666666673
2016,2076,RegionF,79.1800833333339
2016,2077,RegionA,52.6515519406335
2016,2077,RegionB,6.64019805936646
2016,2077,RegionC,41.8478329999999
2016,2077,RegionD,61.4891947777793
2016,2077,RegionE,19.6188333333338
2016,2077,RegionF,77.0797499999984
2016,2078,RegionA,77.3646109446303
2016,2078,RegionB,9.9291558072253
2016,2078,RegionC,48.5687606925883
2016,2078,RegionD,64.3977781111118
2016,2078,RegionE,40.8202777777785
2016,2078,RegionF,86.4662222222198
2016,2079,RegionA,90.7223333333333
2016,2079,RegionB,13.7757557259361
2016,2079,RegionC,54.8193550518441
2016,2079,RegionD,97.3978614444455
2016,2079,RegionE,75.7824444444447
2016,2079,RegionF,100.995888888887
2016,2080,RegionA,67.92189069635
2016,2080,RegionB,12.756642807364
2016,2080,RegionC,50.3867161629556
2016,2080,RegionD,82.3945836666678
2016,2080,RegionE,55.9980277777757
2016,2080,RegionF,76.5366666666698
2016,2081,RegionA,56.7982794867874
2016,2081,RegionB,17.7932706267973
2016,2081,RegionC,50.4625332197475
2016,2081,RegionD,60.8169166666664
2016,2081,RegionE,36.5695833333322
2016,2081,RegionF,52.785111111112
2016,2082,RegionA,56.9610242989152
2016,2082,RegionB,21.9579035356545
2016,2082,RegionC,65.1932388320958
2016,2082,RegionD,45.9597222222219
2016,2082,RegionE,54.9956944444457
2016,2082,RegionF,32.4713333333318
2016,2083,RegionA,94.2047500000001
2016,2083,RegionB,66.3710010199434
2016,2083,RegionC,82.9177500000001
2016,2083,RegionD,60.5721656467211
2016,2083,RegionE,73.320694444446
2016,2083,RegionF,22.6402222222217
2016,2084,RegionA,85.7703662010634
2016,2084,RegionB,70.6795557868714
2016,2084,RegionC,83.1200234764521
2016,2084,RegionD,46.8053330795916
2016,2084,RegionE,50.0190825671289
2016,2084,RegionF,9.99555555555608
2016,2085,RegionA,80.4007985303313
2016,2085,RegionB,77.7293981718485
2016,2085,RegionC,80.2648043177621
2016,2085,RegionD,46.8274727346858
2016,2085,RegionE,32.3359429120339
2016,2085,RegionF,2.93644444444559
2016,2086,RegionA,88.5292787977211
2016,2086,RegionB,87.8753333333334
2016,2086,RegionC,82.3343333333334
2016,2086,RegionD,53.41111238978
2016,2086,RegionE,25.7859143680503
2016,2086,RegionF,2.45311111111116
2016,2087,RegionA,94.3248333333334
2016,2087,RegionB,86.7576666666666
2016,2087,RegionC,76.4249706811595
2016,2087,RegionD,93.8266973052741
2016,2087,RegionE,50.0727191574018
2016,2087,RegionF,21.7486961894972
2040,2064,RegionA,30.5036422788047
2040,2064,RegionB,43.4175835000001
2040,2064,RegionC,63.592833333331
2040,2064,RegionD,122.934407767109
2040,2064,RegionE,72.561713902203
2040,2064,RegionF,45.4184999999989
2040,2065,RegionA,42.9879753013877
2040,2065,RegionB,48.730667
2040,2065,RegionC,36.2680000000054
2040,2065,RegionD,177.118494736637
2040,2065,RegionE,81.7121500266285
2040,2065,RegionF,56.6660833333314
2040,2066,RegionA,50.703333
2040,2066,RegionB,53.5147263013899
2040,2066,RegionC,22.593333
2040,2066,RegionD,205.091955701651
2040,2066,RegionE,122.298137484255
2040,2066,RegionF,76.9065320001263
2040,2067,RegionA,55.923667
2040,2067,RegionB,53.719667
2040,2067,RegionC,21.12
2040,2067,RegionD,227.67075
2040,2067,RegionE,154.826608354645
2040,2067,RegionF,147.60225
2040,2068,RegionA,40.8263388167679
2040,2068,RegionB,46.3578074978922
2040,2068,RegionC,24.1489704606224
2040,2068,RegionD,168.907329294603
2040,2068,RegionE,139.442
2040,2068,RegionF,103.530254033531
2040,2069,RegionA,34.2333124564704
2040,2069,RegionB,40.3981262977985
2040,2069,RegionC,32.6994784682473
2040,2069,RegionD,128.1943955
2040,2069,RegionE,134.846410700719
2040,2069,RegionF,90.3447431697876
2040,2070,RegionA,34.5071208525982
2040,2070,RegionB,39.1493542583335
2040,2070,RegionC,36.153333
2040,2070,RegionD,110.318760702469
2040,2070,RegionE,138.293895027675
2040,2070,RegionF,84.9182363508448
2040,2071,RegionA,42.112667
2040,2071,RegionB,40.781
2040,2071,RegionC,37.778667
2040,2071,RegionD,117.189792571602
2040,2071,RegionE,159.311525021312
2040,2071,RegionF,91.8513377534539
2040,2072,RegionA,36.370667
2040,2072,RegionB,27.959667
2040,2072,RegionC,27.8033621479458
2040,2072,RegionD,95.3771335238738
2040,2072,RegionE,124.363916534582
2040,2072,RegionF,75.8728797425321
2040,2073,RegionA,37.4854121080996
2040,2073,RegionB,16.5809836764812
2040,2073,RegionC,23.5183563782476
2040,2073,RegionD,85.042884376066
2040,2073,RegionE,75.3324160852974
2040,2073,RegionF,53.9512492736882
2040,2074,RegionA,36.6718872056979
2040,2074,RegionB,15.0890833333333
2040,2074,RegionC,22.916
2040,2074,RegionD,96.6008100550723
2040,2074,RegionE,54.1010295043269
2040,2074,RegionF,58.9013055555539
2040,2075,RegionA,35.3151623095692
2040,2075,RegionB,20.6120833333334
2040,2075,RegionC,34.649333
2040,2075,RegionD,102.114234895303
2040,2075,RegionE,39.9413380941135
2040,2075,RegionF,91.4346388888884
2040,2076,RegionA,30.1317707467742
2040,2076,RegionB,20.0034166666668
2040,2076,RegionC,40.9631670077147
2040,2076,RegionD,80.5724920611539
2040,2076,RegionE,19.377035572786
2040,2076,RegionF,78.7600833333331
2040,2077,RegionA,28.9286666666666
2040,2077,RegionB,21.0830833333333
2040,2077,RegionC,53.3764771554345
2040,2077,RegionD,59.2405506223447
2040,2077,RegionE,19.6188333333338
2040,2077,RegionF,77.0797499999984
2040,2078,RegionA,38.7407777777779
2040,2078,RegionB,31.8549313890375
2040,2078,RegionC,65.862047612891
2040,2078,RegionD,69.4825487758493
2040,2078,RegionE,35.1402777777785
2040,2078,RegionF,86.4662222222198
2040,2079,RegionA,42.9812222222225
2040,2079,RegionB,41.4994183336323
2040,2079,RegionC,73.7786180703489
2040,2079,RegionD,109.816046929355
2040,2079,RegionE,64.4224444444447
2040,2079,RegionF,100.995888888887
2040,2080,RegionA,32.0422222222226
2040,2080,RegionB,33.2588627780769
2040,2080,RegionC,63.0525643612882
2040,2080,RegionD,94.7061839717497
2040,2080,RegionE,44.6380277777757
2040,2080,RegionF,78.2966666666698
2040,2081,RegionA,28.0570092592582
2040,2081,RegionB,33.8500196298282
2040,2081,RegionC,58.9870544442458
2040,2081,RegionD,72.8169166666664
2040,2081,RegionE,25.2095833333322
2040,2081,RegionF,56.305111111112
2040,2082,RegionA,29.2803796296279
2040,2082,RegionB,39.1056209260257
2040,2082,RegionC,67.4061661110119
2040,2082,RegionD,60.3597222222219
2040,2082,RegionE,37.7956944444457
2040,2082,RegionF,43.5913333333318
2040,2083,RegionA,58.4198611111094
2040,2083,RegionB,86.7220000000001
2040,2083,RegionC,82.9177500000001
2040,2083,RegionD,80.3260555555551
2040,2083,RegionE,44.360694444446
2040,2083,RegionF,47.2802222222217
2040,2084,RegionA,58.4771962126187
2040,2084,RegionB,82.2149970461816
2040,2084,RegionC,82.8179150585188
2040,2084,RegionD,61.4670277777773
2040,2084,RegionE,26.7772250160109
2040,2084,RegionF,34.6355555555561
2040,2085,RegionA,66.596177563924
2040,2085,RegionB,78.9897410740741
2040,2085,RegionC,76.1232979966424
2040,2085,RegionD,54.8823055555552
2040,2085,RegionE,20.9988944764669
2040,2085,RegionF,22.9044444444445
2040,2086,RegionA,75.8059323720201
2040,2086,RegionB,82.7722261545916
2040,2086,RegionC,77.857055314242
2040,2086,RegionD,57.7124166666628
2040,2086,RegionE,23.3563417147012
2040,2086,RegionF,22.8851111111119
2040,2087,RegionA,81.2098108765459
2040,2087,RegionB,77.5027841641574
2040,2087,RegionC,73.7686507778182
2040,2087,RegionD,112.519604360193
2040,2087,RegionE,38.4876220435054
2040,2087,RegionF,39.667111111113
2040,2088,RegionA,67.071667
2040,2088,RegionB,55.821667
2040,2088,RegionC,53.646
2040,2088,RegionD,101.973711952776
2040,2088,RegionE,39.1747040472212
2040,2088,RegionF,9.39233333333299
2040,2089,RegionA,36.063333
2040,2089,RegionB,44.9404506259268
2040,2089,RegionC,39.863333
2040,2089,RegionD,111.674263989805
2040,2089,RegionE,59.3949527176039
2040,2089,RegionF,6.69977777777784
2040,2090,RegionA,32.5698666193652
2040,2090,RegionB,38.341810410259
2040,2090,RegionC,24.908
2040,2090,RegionD,145.632641608413
2040,2090,RegionE,70.1788124990964
2040,2090,RegionF,15.7053410850852
2040,2091,RegionA,40.105333
2040,2091,RegionB,43.061333
2040,2091,RegionC,27.506667
2040,2091,RegionD,231.89275
2040,2091,RegionE,76.9366514964887
2040,2091,RegionF,24.6675710590591
2040,2092,RegionA,38.7264367502048
2040,2092,RegionB,39.4230625831287
2040,2092,RegionC,32.5125003333333
2040,2092,RegionD,214.083611111112
2040,2092,RegionE,66.7713181631551
2040,2092,RegionF,25.1937932812812
2040,2093,RegionA,36.4851284991446
2040,2093,RegionB,41.1917912958766
2040,2093,RegionC,40.0641954248085
2040,2093,RegionD,174.792790537918
2040,2093,RegionE,64.4199676276425
2040,2093,RegionF,30.6066821701706
2040,2094,RegionA,29.740518692578
2040,2094,RegionB,43.2840459830243
2040,2094,RegionC,59.3836873787568
2040,2094,RegionD,170.166710951941
2040,2094,RegionE,79.4238250214583
2040,2094,RegionF,47.8701564166835
2040,2095,RegionA,31.585667
2040,2095,RegionB,42.464333
2040,2095,RegionC,79.0945
2040,2095,RegionD,229.13925
2040,2095,RegionE,125.890462446174
2040,2095,RegionF,63.5712597760427
2040,2096,RegionA,20.792216515777
2040,2096,RegionB,40.3809239519179
2040,2096,RegionC,67.3930519223924
2040,2096,RegionD,186.713624405684
2040,2096,RegionE,94.9645998708943
2040,2096,RegionF,58.5979999999996
2040,2097,RegionA,17.2735660969404
2040,2097,RegionB,50.3760000000007
2040,2097,RegionC,49.9948669703046
2040,2097,RegionD,152.332630750651
2040,2097,RegionE,85.2209639598819
2040,2097,RegionF,62.7256666666662
2040,2098,RegionA,19.1980080153344
2040,2098,RegionB,67.0683333333342
2040,2098,RegionC,40.27
2040,2098,RegionD,143.20368642911
2040,2098,RegionE,66.6120000000016
2040,2098,RegionF,65.4937777777775
2040,2099,RegionA,36.1527101010764
2040,2099,RegionB,86.4046666666668
2040,2099,RegionC,29.9573574774813
2040,2099,RegionD,153.368765754777
2040,2099,RegionE,75.6610000000026
2040,2099,RegionF,78.8371111111109
2040,2100,RegionA,20.2024121868194
2040,2100,RegionB,58.1590000000014
2040,2100,RegionC,26.4414053917396
2040,2100,RegionD,108.659099088109
2040,2100,RegionE,39.0876666666671
2040,2100,RegionF,46.650444444448
2040,2101,RegionA,14.4743333333325
2040,2101,RegionB,36.534200000001
2040,2101,RegionC,27.9689286896693
2040,2101,RegionD,69.8064546436654
2040,2101,RegionE,36.3161666666669
2040,2101,RegionF,25.4018333333341
2040,2102,RegionA,11.4886666666657
2040,2102,RegionB,16.2497777777794
2040,2102,RegionC,36.6109328517379
2040,2102,RegionD,66.3678727038161
2040,2102,RegionE,35.9784999999992
2040,2102,RegionF,17.7269444444442
2040,2103,RegionA,11.9549999999999
2040,2103,RegionB,3.87277777777879
2040,2103,RegionC,47.0499843996258
2040,2103,RegionD,92.5397656003727
2040,2103,RegionE,47.3458333333327
2040,2103,RegionF,29.2997777777767
2040,2104,RegionA,11.0736666666665
2040,2104,RegionB,5.82166666666681
2040,2104,RegionC,41.2148415030697
2040,2104,RegionD,75.6228251635924
2040,2104,RegionE,43.0725833333328
2040,2104,RegionF,20.3444444444439
2040,2105,RegionA,10.9208333333331
2040,2105,RegionB,25.1693333333328
2040,2105,RegionC,37.7784444444444
2040,2105,RegionD,34.8929999999998
2040,2105,RegionE,31.0817500000016
2040,2105,RegionF,21.1627777777776
2040,2106,RegionA,8.38716666666646
2040,2106,RegionB,46.8638888888883
2040,2106,RegionC,39.3931111111109
2040,2106,RegionD,42.0183333333337
2040,2106,RegionE,24.4114166666681
2040,2106,RegionF,30.5427777777777
2040,2107,RegionA,8.66116666666676
2040,2107,RegionB,88.3840000000001
2040,2107,RegionC,38.8888888888885
2040,2107,RegionD,60.6446666666665
2040,2107,RegionE,24.5014166666684
2040,2107,RegionF,32.6934444444437
2040,2108,RegionA,15.1678333333335
2040,2108,RegionB,74.1138962962966
2040,2108,RegionC,35.1020851851851
2040,2108,RegionD,39.1327407407391
2040,2108,RegionE,17.7830000000003
2040,2108,RegionF,21.8847500000007
2040,2109,RegionA,27.3388026946817
2040,2109,RegionB,60.5745074074083
2040,2109,RegionC,31.5310973053176
2040,2109,RegionD,36.4682592592581
2040,2109,RegionE,9.380666666669
2040,2109,RegionF,9.08691666666753
2040,2110,RegionA,50.2092720560305
2040,2110,RegionB,61.2420000000007
2040,2110,RegionC,42.2180057217465
2040,2110,RegionD,38.214
2040,2110,RegionE,6.60116666666672
2040,2110,RegionF,7.17725000000009
2040,2111,RegionA,79.3050747507126
2040,2111,RegionB,83.7605
2040,2111,RegionC,75.8674694883643
2040,2111,RegionD,78.5308446498072
2040,2111,RegionE,6.33694444444406
2040,2111,RegionF,16.0927499999999
2064,2088,RegionA,40.9344741121498
2064,2088,RegionB,52.8640258878531
2064,2088,RegionC,53.2333331666639
2064,2088,RegionD,115.437113428427
2064,2088,RegionE,84.1913560463123
2064,2088,RegionF,15.2376532222374
2064,2089,RegionA,36.063333
2064,2089,RegionB,63.5114170000041
2064,2089,RegionC,39.863333
2064,2089,RegionD,161.81878806142
2064,2089,RegionE,97.7610423306524
2064,2089,RegionF,29.1384983352158
2064,2090,RegionA,33.958
2064,2090,RegionB,56.842667
2064,2090,RegionC,23.4893326666655
2064,2090,RegionD,188.29601903071
2064,2090,RegionE,108.67747409937
2064,2090,RegionF,50.7249859052977
2064,2091,RegionA,40.105333
2064,2091,RegionB,43.061333
2064,2091,RegionC,27.506667
2064,2091,RegionD,227.00225
2064,2091,RegionE,154.683833333333
2064,2091,RegionF,110.91835156569
2064,2092,RegionA,35.2314384240824
2064,2092,RegionB,22.7587618037632
2064,2092,RegionC,38.2203670476447
2064,2092,RegionD,232.623
2064,2092,RegionE,110.404667
2064,2092,RegionF,88.408841963811
2064,2093,RegionA,34.9575768555588
2064,2093,RegionB,21.4005039128826
2064,2093,RegionC,55.3601466437499
2064,2093,RegionD,222.003300563228
2064,2093,RegionE,88.7738193756202
2064,2093,RegionF,78.8251973623838
2064,2094,RegionA,31.5219728222246
2064,2094,RegionB,32.7565176270211
2064,2094,RegionC,68.8740025218742
2064,2094,RegionD,218.543000487813
2064,2094,RegionE,103.464428590948
2064,2094,RegionF,92.7771973623833
2064,2095,RegionA,31.585667
2064,2095,RegionB,42.464333
2064,2095,RegionC,82.829333
2064,2095,RegionD,233.838
2064,2095,RegionE,160.3735
2064,2095,RegionF,136.44
2064,2096,RegionA,18.0129760304353
2064,2096,RegionB,43.9392603485833
2064,2096,RegionC,68.6515455373973
2064,2096,RegionD,189.659806077038
2064,2096,RegionE,112.129595842396
2064,2096,RegionF,119.389290207697
2064,2097,RegionA,13.7134444444447
2064,2097,RegionB,54.9432226897346
2064,2097,RegionC,53.3507187120398
2064,2097,RegionD,153.920600279047
2064,2097,RegionE,93.1444588981145
2064,2097,RegionF,104.830162674992
2064,2098,RegionA,16.5890000000005
2064,2098,RegionB,65.4932944157945
2064,2098,RegionC,40.27
2064,2098,RegionD,142.81312323538
2064,2098,RegionE,77.043315939119
2064,2098,RegionF,97.4214960083281
2064,2099,RegionA,34.686333333334
2064,2099,RegionB,83.9172308146352
2064,2099,RegionC,28.4784958278352
2064,2099,RegionD,156.092271430543
2064,2099,RegionE,87.71982963975
2064,2099,RegionF,98.8853848972172
2064,2100,RegionA,19.8786666666685
2064,2100,RegionB,56.1626824299946
2064,2100,RegionC,18.4932090343563
2064,2100,RegionD,116.109468896162
2064,2100,RegionE,52.7275756786421
2064,2100,RegionF,58.2157182305539
2064,2101,RegionA,14.4743333333325
2064,2101,RegionB,35.3705784897967
2064,2101,RegionC,11.8206159546486
2064,2101,RegionD,90.2031670924447
2064,2101,RegionE,47.8889646765279
2064,2101,RegionF,25.8173596474984
2064,2102,RegionA,11.4886666666657
2064,2102,RegionB,15.7750301051555
2064,2102,RegionC,12.1441643392908
2064,2102,RegionD,88.3236419389328
2064,2102,RegionE,47.9791970147887
2064,2102,RegionF,17.7269444444442
2064,2103,RegionA,11.9549999999999
2064,2103,RegionB,3.87277777777879
2064,2103,RegionC,14.6798611111112
2064,2103,RegionD,114.625757137925
2064,2103,RegionE,63.3467626863854
2064,2103,RegionF,29.2997777777767
2064,2104,RegionA,11.0736666666665
2064,2104,RegionB,5.82166666666681
2064,2104,RegionC,9.29611111111157
2064,2104,RegionD,93.9592713418433
2064,2104,RegionE,59.0735126863855
2064,2104,RegionF,20.3444444444439
2064,2105,RegionA,10.9208333333331
2064,2105,RegionB,7.56933333333282
2064,2105,RegionC,22.0142649532693
2064,2105,RegionD,50.2295834714555
2064,2105,RegionE,49.109346019721
2064,2105,RegionF,21.1627777777776
2064,2106,RegionA,8.38716666666646
2064,2106,RegionB,9.885666666666
2064,2106,RegionC,43.9816410176498
2064,2106,RegionD,54.073844281023
2064,2106,RegionE,43.0655980346624
2064,2106,RegionF,32.2227777777777
2064,2107,RegionA,8.66116666666676
2064,2107,RegionB,15.6943314818145
2064,2107,RegionC,82.6160000000001
2064,2107,RegionD,66.9579227771273
2064,2107,RegionE,32.0620323630662
2064,2107,RegionF,47.7821300446591
2064,2108,RegionA,7.92840593047076
2064,2108,RegionB,16.1067588846773
2064,2108,RegionC,68.2155000000009
2064,2108,RegionD,42.9768217820553
2064,2108,RegionE,27.5833833581349
2064,2108,RegionF,40.3734356002161
2064,2109,RegionA,11.4818409161905
2064,2109,RegionB,18.4650196208741
2064,2109,RegionC,48.7011666666673
2064,2109,RegionD,34.8031652314298
2064,2109,RegionE,33.2429022317009
2064,2109,RegionF,27.6861553331395
2064,2110,RegionA,19.9115847135544
2064,2110,RegionB,24.84928035707
2064,2110,RegionC,47.1589715310361
2064,2110,RegionD,32.3134803530672
2064,2110,RegionE,41.6693357569916
2064,2110,RegionF,39.7590417327251
2064,2111,RegionA,34.5666618442516
2064,2111,RegionB,33.6005410932662
2064,2111,RegionC,53.9136755439009
2064,2111,RegionD,83.488375
2064,2111,RegionE,70.6912350529296
2064,2111,RegionF,63.6330947989796
2064,2112,RegionA,33.5943285109181
2064,2112,RegionB,34.7012633154881
2064,2112,RegionC,37.9756939819344
2064,2112,RegionD,55.5857510643866
2064,2112,RegionE,63.7154017195964
2064,2112,RegionF,58.1475058521235
2064,2113,RegionA,31.490869638107
2064,2113,RegionB,31.4201431129115
2064,2113,RegionC,26.68
2064,2113,RegionD,37.1318049425397
2064,2113,RegionE,52.4541372586792
2064,2113,RegionF,59.4665450477634
2064,2114,RegionA,28.4942679857201
2064,2114,RegionB,25.772
2064,2114,RegionC,23.7304934878247
2064,2114,RegionD,38.1834444444449
2064,2114,RegionE,39.4856354338323
2064,2114,RegionF,86.8054919815061
2064,2115,RegionA,25.013333
2064,2115,RegionB,40.5778441960725
2064,2115,RegionC,32.813333
2064,2115,RegionD,84.780111111111
2064,2115,RegionE,19.1432175553408
2064,2115,RegionF,109.954272248584
2064,2116,RegionA,16.9376625507218
2064,2116,RegionB,32.4230834598756
2064,2116,RegionC,28.3293651005135
2064,2116,RegionD,75.9784444444435
2064,2116,RegionE,21.8791666666673
2064,2116,RegionF,90.1954999999996
2064,2117,RegionA,12.7475544889073
2064,2117,RegionB,27.2338271544911
2064,2117,RegionC,21.3623961343795
2064,2117,RegionD,67.8932222222215
2064,2117,RegionE,48.3946111111104
2064,2117,RegionF,96.0774999999996
2064,2118,RegionA,10.8577777777787
2064,2118,RegionB,37.8148271544907
2064,2118,RegionC,18.8481728455095
2064,2118,RegionD,92.9221111111109
2064,2118,RegionE,76.9167222222219
2064,2118,RegionF,109.134333333331
2064,2119,RegionA,10.9997777777784
2064,2119,RegionB,46.3625923821298
2064,2119,RegionC,30.7837409512035
2064,2119,RegionD,164.539166666671
2064,2119,RegionE,99.9130555555556
2064,2119,RegionF,115.948666666665
2064,2120,RegionA,8.58266666666743
2064,2120,RegionB,21.8510000000011
2064,2120,RegionC,16.7726666666676
2064,2120,RegionD,142.866611111111
2064,2120,RegionE,85.8664444444459
2064,2120,RegionF,87.4718333333348
2064,2121,RegionA,7.29966666666667
2064,2121,RegionB,7.38241666666669
2064,2121,RegionC,18.9213333333343
2064,2121,RegionD,113.547888888894
2064,2121,RegionE,79.8020000000008
2064,2121,RegionF,87.7711666666667
2064,2122,RegionA,7.27033333333339
2064,2122,RegionB,7.1526388888887
2064,2122,RegionC,29.4266666666677
2064,2122,RegionD,71.4366666666685
2064,2122,RegionE,83.4746666666681
2064,2122,RegionF,106.847444444445
2064,2123,RegionA,6.44866666666644
2064,2123,RegionB,17.0343055555558
2064,2123,RegionC,46.8746666666667
2064,2123,RegionD,46.236000000001
2064,2123,RegionE,87.7471111111119
2064,2123,RegionF,127.424444444443
2064,2124,RegionA,4.12500000000004
2064,2124,RegionB,15.1457500000001
2064,2124,RegionC,42.9565
2064,2124,RegionD,23.1453333333343
2064,2124,RegionE,61.9597777777777
2064,2124,RegionF,85.3397777777759
2064,2125,RegionA,3.11666666666656
2064,2125,RegionB,13.9342222222223
2064,2125,RegionC,41.8541666666665
2064,2125,RegionD,33.2209999999983
2064,2125,RegionE,44.6368888888899
2064,2125,RegionF,63.7168888888872
2064,2126,RegionA,2.49066666666658
2064,2126,RegionB,14.3822222222223
2064,2126,RegionC,39.9023888888884
2064,2126,RegionD,71.1836666666662
2064,2126,RegionE,35.2697777777766
2064,2126,RegionF,50.182472222221
2064,2127,RegionA,4.03866666666685
2064,2127,RegionB,30.4884444444443
2064,2127,RegionC,35.8787222222217
2064,2127,RegionD,130.004111111109
2064,2127,RegionE,42.5584444444439
2064,2127,RegionF,61.3084722222212
2064,2128,RegionA,5.48799999999999
2064,2128,RegionB,24.0393333333322
2064,2128,RegionC,24.0932222222221
2064,2128,RegionD,117.043398525692
2064,2128,RegionE,34.7987125854176
2064,2128,RegionF,52.2379166666664
2064,2129,RegionA,8.92966666666677
2064,2129,RegionB,22.417111111111
2064,2129,RegionC,21.6516666666666
2064,2129,RegionD,101.575685940276
2064,2129,RegionE,37.8801219436822
2064,2129,RegionF,41.1524421160403
2064,2130,RegionA,15.5883333333334
2064,2130,RegionB,21.8477777777775
2064,2130,RegionC,33.499666666667
2064,2130,RegionD,116.913195577082
2064,2130,RegionE,51.0994201908337
2064,2130,RegionF,38.3894953431927
2064,2131,RegionA,23.6683333333334
2064,2131,RegionB,21.2271111111109
2064,2131,RegionC,59.0629679418888
2064,2131,RegionD,147.086203145193
2064,2131,RegionE,79.5745858981257
2064,2131,RegionF,45.8914652370127
2064,2132,RegionA,31.7289999999999
2064,2132,RegionB,11.9460848312713
2064,2132,RegionC,57.9614838883979
2064,2132,RegionD,105.224287175057
2064,2132,RegionE,66.2394870770235
2064,2132,RegionF,29.2342125838113
2064,2133,RegionA,40.0598888888893
2064,2133,RegionB,21.5228363292033
2064,2133,RegionC,54.644583168241
2064,2133,RegionD,82.1270378715825
2064,2133,RegionE,45.7558554965379
2064,2133,RegionF,15.2082426899897
2064,2134,RegionA,58.5303888888895
2064,2134,RegionB,34.5790078195836
2064,2134,RegionC,51.6516370806722
2064,2134,RegionD,64.8163339355213
2064,2134,RegionE,29.1952483680504
2064,2134,RegionF,10.9989394628372
2064,2135,RegionA,88.5395000000001
2064,2135,RegionB,74.4501740497154
2064,2135,RegionC,42.8881364883643
2064,2135,RegionD,57.3787080000001
2064,2135,RegionE,52.865675906364
2064,2135,RegionF,15.0189166666673
2088,2112,RegionA,56.9614616510901
2088,2112,RegionB,79.4332234229844
2088,2112,RegionC,71.0262916666651
2088,2112,RegionD,129.353970399815
2088,2112,RegionE,8.1549999999996
2088,2112,RegionF,52.8686325408555
2088,2113,RegionA,53.3370830000013
2088,2113,RegionB,66.6125649259278
2088,2113,RegionC,26.68
2088,2113,RegionD,176.953152418651
2088,2113,RegionE,11.347722222221
2088,2113,RegionF,87.4948867960187
2088,2114,RegionA,29.829333
2088,2114,RegionB,25.772
2088,2114,RegionC,25.5583748333307
2088,2114,RegionD,199.309286503762
2088,2114,RegionE,35.235549314277
2088,2114,RegionF,124.412461340142
2088,2115,RegionA,25.013333
2088,2115,RegionB,48.736667
2088,2115,RegionC,32.813333
2088,2115,RegionD,215.729194177773
2088,2115,RegionE,91.1229778137456
2088,2115,RegionF,147.646416666667
2088,2116,RegionA,15.7311200875042
2088,2116,RegionB,43.3708837145008
2088,2116,RegionC,30.937333
2088,2116,RegionD,162.916333
2088,2116,RegionE,72.3166812174948
2088,2116,RegionF,100.704994609201
2088,2117,RegionA,18.3207474771878
2088,2117,RegionB,48.7987771736384
2088,2117,RegionC,29.4085063598101
2088,2117,RegionD,138.671304013738
2088,2117,RegionE,71.7104393818631
2088,2117,RegionF,76.570495192984
2088,2118,RegionA,20.4415827742388
2088,2118,RegionB,52.8238930740759
2088,2118,RegionC,28.3797032661529
2088,2118,RegionD,159.788354056497
2088,2118,RegionE,89.9615782058066
2088,2118,RegionF,70.5826058539258
2088,2119,RegionA,22.39
2088,2119,RegionB,54.663333
2088,2119,RegionC,42.318667
2088,2119,RegionD,228.392601780739
2088,2119,RegionE,91.1909815003421
2088,2119,RegionF,85.9149395051753
2088,2120,RegionA,18.0187608762581
2088,2120,RegionB,26.9988732847365
2088,2120,RegionC,32.068
2088,2120,RegionD,179.617205499404
2088,2120,RegionE,67.1987982560702
2088,2120,RegionF,78.7317701067543
2088,2121,RegionA,14.1955904848509
2088,2121,RegionB,9.31863430784581
2088,2121,RegionC,32.7125511596682
2088,2121,RegionD,139.177294302464
2088,2121,RegionE,60.3154411597713
2088,2121,RegionF,82.9213929566995
2088,2122,RegionA,11.1425051878008
2088,2122,RegionB,7.1526388888887
2088,2122,RegionC,39.3013127533215
2088,2122,RegionD,84.9170742324425
2088,2122,RegionE,71.4167744931048
2088,2122,RegionF,105.454111111112
2088,2123,RegionA,8.89862962870568
2088,2123,RegionB,17.0343055555558
2088,2123,RegionC,53.1607037046264
2088,2123,RegionD,54.7528630850712
2088,2123,RegionE,79.2302480260417
2088,2123,RegionF,127.424444444443
2088,2124,RegionA,5.16152279163185
2088,2124,RegionB,15.1457500000001
2088,2124,RegionC,45.6159772083671
2088,2124,RegionD,28.1826768049948
2088,2124,RegionE,56.9224343061172
2088,2124,RegionF,85.3397777777759
2088,2125,RegionA,3.11666666666656
2088,2125,RegionB,13.9342222222223
2088,2125,RegionC,41.8541666666665
2088,2125,RegionD,34.7788238582491
2088,2125,RegionE,43.0790650306391
2088,2125,RegionF,63.7168888888872
2088,2126,RegionA,2.49066666666658
2088,2126,RegionB,14.3822222222223
2088,2126,RegionC,48.0623888888884
2088,2126,RegionD,63.0236666666662
2088,2126,RegionE,35.2697777777766
2088,2126,RegionF,50.182472222221
2088,2127,RegionA,4.03866666666685
2088,2127,RegionB,16.0351876731727
2088,2127,RegionC,66.6519789934934
2088,2127,RegionD,113.684111111109
2088,2127,RegionE,42.5584444444439
2088,2127,RegionF,61.3084722222212
2088,2128,RegionA,5.48799999999999
2088,2128,RegionB,9.58607656206049
2088,2128,RegionC,54.6014285634338
2088,2128,RegionD,97.2267777777753
2088,2128,RegionE,33.1753333333339
2088,2128,RegionF,57.6229670967263
2088,2129,RegionA,8.92966666666677
2088,2129,RegionB,7.96385433983935
2088,2129,RegionC,51.8948225778184
2088,2129,RegionD,78.2624444444435
2088,2129,RegionE,30.8420000000007
2088,2129,RegionF,55.7139064156742
2088,2130,RegionA,15.5883333333334
2088,2130,RegionB,7.39452100650587
2088,2130,RegionC,63.4777721477589
2088,2130,RegionD,90.1033333333329
2088,2130,RegionE,33.2865555555545
2088,2130,RegionF,67.4873735124005
2088,2131,RegionA,23.6683333333334
2088,2131,RegionB,6.77385433983922
2088,2131,RegionC,79.3146666666666
2088,2131,RegionD,112.67283282881
2088,2131,RegionE,61.1958839952328
2088,2131,RegionF,92.8850955027827
2088,2132,RegionA,23.0889999999999
2088,2132,RegionB,3.37733716143678
2088,2132,RegionC,56.4430868946612
2088,2132,RegionD,94.8453883843669
2088,2132,RegionE,54.9762865011986
2088,2132,RegionF,69.6034566138969
2088,2133,RegionA,22.7798888888893
2088,2133,RegionB,5.83066666666668
2088,2133,RegionC,48.484721836834
2088,2133,RegionD,91.8386106065882
2088,2133,RegionE,47.5784891702888
2088,2133,RegionF,42.8060672751766
2088,2134,RegionA,22.0839444444451
2088,2134,RegionB,9.93266666666653
2088,2134,RegionC,47.495425316483
2088,2134,RegionD,95.3709439399214
2088,2134,RegionE,55.3602075178989
2088,2134,RegionF,19.5283676701392
2088,2135,RegionA,32.9266111111113
2088,2135,RegionB,19.9174334765305
2088,2135,RegionC,50.9096397640454
2088,2135,RegionD,125.713388384366
2088,2135,RegionE,83.7897211349772
2088,2135,RegionF,17.8843172400806
2088,2136,RegionA,20.5390555555562
2088,2136,RegionB,14.894266809864
2088,2136,RegionC,30.5886379625582
2088,2136,RegionD,92.9858174496455
2088,2136,RegionE,81.8830387456913
2088,2136,RegionF,14.5283501433537
2088,2137,RegionA,17.2472777777772
2088,2137,RegionB,12.3247668098641
2088,2137,RegionC,19.14
2088,2137,RegionD,79.6180277777795
2088,2137,RegionE,81.5088443012468
2088,2137,RegionF,19.6053333333339
2088,2138,RegionA,22.3060277777778
2088,2138,RegionB,11.8813779209751
2088,2138,RegionC,18.1351388888891
2088,2138,RegionD,104.07825
2088,2138,RegionE,83.8484276345824
2088,2138,RegionF,19.2346666666668
2088,2139,RegionA,29.7240277777778
2088,2139,RegionB,17.5980445876418
2088,2139,RegionC,19.376
2088,2139,RegionD,151.52191666667
2088,2139,RegionE,128.912899856804
2088,2139,RegionF,65.1308888888869
2088,2140,RegionA,24.0031666666669
2088,2140,RegionB,18.6717112543086
2088,2140,RegionC,16.1163867833468
2088,2140,RegionD,127.223472222223
2088,2140,RegionE,100.134179740123
2088,2140,RegionF,62.5060555555552
2088,2141,RegionA,17.0895
2088,2141,RegionB,18.6709934192512
2088,2141,RegionC,12.6160490628468
2088,2141,RegionD,110.467999999997
2088,2141,RegionE,97.5026241845661
2088,2141,RegionF,77.446055555551
2088,2142,RegionA,13.4854999999999
2088,2142,RegionB,19.5846666666665
2088,2142,RegionC,4.59469293644453
2088,2142,RegionD,127.783055555554
2088,2142,RegionE,76.2264181746689
2088,2142,RegionF,80.758499999999
2088,2143,RegionA,15.6148333333332
2088,2143,RegionB,41.0176787757452
2088,2143,RegionC,17.8
2088,2143,RegionD,182.243388888889
2088,2143,RegionE,71.3398767798138
2088,2143,RegionF,144.690499999999
2088,2144,RegionA,11.7125833333336
2088,2144,RegionB,27.8871787757473
2088,2144,RegionC,20.519874728189
2088,2144,RegionD,134.206666666662
2088,2144,RegionE,42.5958909405103
2088,2144,RegionF,121.732333333333
2088,2145,RegionA,13.3021388888888
2088,2145,RegionB,18.6200121090781
2088,2145,RegionC,25.6377656686998
2088,2145,RegionD,100.339444444443
2088,2145,RegionE,39.657555555558
2088,2145,RegionF,99.2046666666674
2088,2146,RegionA,12.317444444444
2088,2146,RegionB,12.3597688156835
2088,2146,RegionC,23.4353978509794
2088,2146,RegionD,70.1696111111114
2088,2146,RegionE,39.1442222222216
2088,2146,RegionF,111.627611111111
2088,2147,RegionA,15.1941111111108
2088,2147,RegionB,7.76799999999996
2088,2147,RegionC,27.7146666666663
2088,2147,RegionD,59.1231666666676
2088,2147,RegionE,42.6719999999993
2088,2147,RegionF,123.676277777779
2088,2148,RegionA,8.01688888888869
2088,2148,RegionB,7.05000000000023
2088,2148,RegionC,26.1673333333337
2088,2148,RegionD,58.6176666666655
2088,2148,RegionE,33.5366666666668
2088,2148,RegionF,83.3551666666674
2088,2149,RegionA,8.40666666666674
2088,2149,RegionB,16.4656666666666
2088,2149,RegionC,27.6920000000005
2088,2149,RegionD,66.8559999999988
2088,2149,RegionE,48.1820000000002
2088,2149,RegionF,81.310722222222
2088,2150,RegionA,18.0166666666668
2088,2150,RegionB,28.1144444444443
2088,2150,RegionC,22.413166666667
2088,2150,RegionD,94.2262222222228
2088,2150,RegionE,74.2633333333329
2088,2150,RegionF,75.1715555555531
2088,2151,RegionA,33.5136666666669
2088,2151,RegionB,37.4278888888879
2088,2151,RegionC,40.4095000000011
2088,2151,RegionD,121.369555555556
2088,2151,RegionE,122.791416666662
2088,2151,RegionF,95.4149444444449
2088,2152,RegionA,23.3278333333344
2088,2152,RegionB,26.9673888888875
2088,2152,RegionC,32.8978333333338
2088,2152,RegionD,105.829444444445
2088,2152,RegionE,89.6419166666644
2088,2152,RegionF,83.2289444444442
2088,2153,RegionA,20.1828333333343
2088,2153,RegionB,16.3606111111101
2088,2153,RegionC,37.1055000000005
2088,2153,RegionD,85.8513055555542
2088,2153,RegionE,69.071472222222
2088,2153,RegionF,67.8115555555543
2088,2154,RegionA,30.8875000000002
2088,2154,RegionB,13.3626666666664
2088,2154,RegionC,47.7962862460622
2088,2154,RegionD,75.7811663754343
2088,2154,RegionE,63.6399166666678
2088,2154,RegionF,63.569186267389
2088,2155,RegionA,61.7269444444443
2088,2155,RegionB,17.3539058254578
2088,2155,RegionC,80.266
2088,2155,RegionD,81.8786938619785
2088,2155,RegionE,82.8281666666692
2088,2155,RegionF,68.6581503125576
2088,2156,RegionA,59.2020471832862
2088,2156,RegionB,19.4304613810134
2088,2156,RegionC,76.3517305944882
2088,2156,RegionD,42.8480271953169
2088,2156,RegionE,42.0497777777758
2088,2156,RegionF,37.9932614236712
2088,2157,RegionA,65.6806499221288
2088,2157,RegionB,27.1727947143471
2088,2157,RegionC,63.6411278556492
2088,2157,RegionD,36.2909588464595
2088,2157,RegionE,14.2186666666636
2088,2157,RegionF,30.7943575503054
2088,2158,RegionA,71.580974883194
2088,2158,RegionB,45.3824613810138
2088,2158,RegionC,59.8983104322603
2088,2158,RegionD,39.9469097587525
2088,2158,RegionE,5.29800000000076
2088,2158,RegionF,52.6481213225582
2088,2159,RegionA,76.1357407507126
2088,2159,RegionB,86.9125000000002
2088,2159,RegionC,49.6258024883643
2088,2159,RegionD,48.7315217057517
2088,2159,RegionE,10.6306666666667
2088,2159,RegionF,69.1489350551676
2112,2136,RegionA,53.1757316836964
2112,2136,RegionB,51.33687067444
2112,2136,RegionC,33.5745026453107
2112,2136,RegionD,112.894603008745
2112,2136,RegionE,50.0158333333329
2112,2136,RegionF,10.3424999999998
2112,2137,RegionA,46.0924222906211
2112,2137,RegionB,21.922
2112,2137,RegionC,18.1100052906229
2112,2137,RegionD,172.722966164581
2112,2137,RegionE,66.8294849374454
2112,2137,RegionF,12.1044540077672
2112,2138,RegionA,37.5357529786448
2112,2138,RegionB,23.6528208768069
2112,2138,RegionC,18.4666059480334
2112,2138,RegionD,200.189416666666
2112,2138,RegionE,108.41207185522
2112,2138,RegionF,20.729581032335
2112,2139,RegionA,41.446667
2112,2139,RegionB,26.54
2112,2139,RegionC,19.376
2112,2139,RegionD,226.44875
2112,2139,RegionE,152.264967843968
2112,2139,RegionF,143.343336735958
2112,2140,RegionA,27.902858648598
2112,2140,RegionB,24.6373640043166
2112,2140,RegionC,15.1889791282561
2112,2140,RegionD,205.47305012412
2112,2140,RegionE,121.975973264441
2112,2140,RegionF,100.695580385827
2112,2141,RegionA,23.8452303717265
2112,2141,RegionB,34.1129048564303
2112,2141,RegionC,18.427667
2112,2141,RegionD,205.910503057502
2112,2141,RegionE,111.034668372994
2112,2141,RegionF,76.7283325391885
2112,2142,RegionA,25.1033650191968
2112,2142,RegionB,41.231333
2112,2142,RegionC,17.4
2112,2142,RegionD,210.559748077677
2112,2142,RegionE,101.445217869227
2112,2142,RegionF,63.298586676195
2112,2143,RegionA,30.577333
2112,2143,RegionB,70.992333
2112,2143,RegionC,17.8
2112,2143,RegionD,230.093333333333
2112,2143,RegionE,148.618667
2112,2143,RegionF,118.965778753408
2112,2144,RegionA,27.6556250031991
2112,2144,RegionB,48.352333
2112,2144,RegionC,15.767621545507
2112,2144,RegionD,184.394248471249
2112,2144,RegionE,96.1217696880782
2112,2144,RegionF,96.5277220575546
2112,2145,RegionA,24.9455261172279
2112,2145,RegionB,29.707974135802
2112,2145,RegionC,24.4871317332684
2112,2145,RegionD,141.301711739694
2112,2145,RegionE,71.722625550671
2112,2145,RegionF,80.9019473900059
2112,2146,RegionA,19.5691646927747
2112,2146,RegionB,15.7956369258309
2112,2146,RegionC,37.1139182876992
2112,2146,RegionD,100.288188941744
2112,2146,RegionE,41.4275702477832
2112,2146,RegionF,102.562909793053
2112,2147,RegionA,18.1782826906158
2112,2147,RegionB,7.76799999999996
2112,2147,RegionC,57.770667
2112,2147,RegionD,63.2805000000001
2112,2147,RegionE,28.5919999999993
2112,2147,RegionF,129.46810586494
2112,2148,RegionA,11.4170611350611
2112,2148,RegionB,7.05000000000023
2112,2148,RegionC,51.327333
2112,2148,RegionD,51.8469999999987
2112,2148,RegionE,14.5366666666668
2112,2148,RegionF,95.3549947538281
2112,2149,RegionA,8.40666666666674
2112,2149,RegionB,10.1617818573157
2112,2149,RegionC,58.8227233888562
2112,2149,RegionD,56.4453333333322
2112,2149,RegionE,20.4753333333335
2112,2149,RegionF,97.3612169760501
2112,2150,RegionA,18.0166666666668
2112,2150,RegionB,15.5066748257425
2112,2150,RegionC,58.7899970870968
2112,2150,RegionD,81.6839999999996
2112,2150,RegionE,29.3953038582637
2112,2150,RegionF,108.812746451118
2112,2151,RegionA,33.5136666666669
2112,2151,RegionB,20.0922056631729
2112,2151,RegionC,80.9314999999997
2112,2151,RegionD,113.360666666666
2112,2151,RegionE,50.1144332257137
2112,2151,RegionF,152.9145
2112,2152,RegionA,23.3278333333344
2112,2152,RegionB,15.9355904725234
2112,2152,RegionC,60.4091959008958
2112,2152,RegionD,96.8738888888881
2112,2152,RegionE,37.7796293674507
2112,2152,RegionF,127.567223148017
2112,2153,RegionA,18.7602355419171
2112,2153,RegionB,13.0552952955141
2112,2153,RegionC,53.3960802736804
2112,2153,RegionD,74.8913055555542
2112,2153,RegionE,35.1114722222212
2112,2153,RegionF,101.168888888888
2112,2154,RegionA,28.0423044171659
2112,2154,RegionB,16.2078622495008
2112,2154,RegionC,57.3993333333333
2112,2154,RegionD,56.9324166666643
2112,2154,RegionE,44.0034722222218
2112,2154,RegionF,92.4513333333338
2112,2155,RegionA,40.0191510701928
2112,2155,RegionB,37.9051267075848
2112,2155,RegionC,80.266
2112,2155,RegionD,55.1411944444385
2112,2155,RegionE,89.2183888888899
2112,2155,RegionF,90.1620000000014
2112,2156,RegionA,35.8446510701925
2112,2156,RegionB,39.9816822631403
2112,2156,RegionC,65.4324444444392
2112,2156,RegionD,18.0598611111101
2112,2156,RegionE,67.9920000000014
2112,2156,RegionF,50.5646666666682
2112,2157,RegionA,34.7003177368595
2112,2157,RegionB,44.2810616244177
2112,2157,RegionC,54.3166206387232
2112,2157,RegionD,11.3943333333335
2112,2157,RegionE,55.1546666666639
2112,2157,RegionF,37.9515555555557
2112,2158,RegionA,32.9777066257492
2112,2158,RegionB,60.9485018299743
2112,2158,RegionC,59.289407944113
2112,2158,RegionD,17.8665555555557
2112,2158,RegionE,43.9140000000011
2112,2158,RegionF,59.7586058223863
2112,2159,RegionA,29.6316982658354
2112,2159,RegionB,86.9125000000002
2112,2159,RegionC,57.906028582834
2112,2159,RegionD,47.569950395443
2112,2159,RegionE,46.1346666666667
2112,2159,RegionF,73.0303227558838
2112,2160,RegionA,19.3424627239189
2112,2160,RegionB,60.5149022085842
2112,2160,RegionC,37.9435285828352
2112,2160,RegionD,45.6862837287768
2112,2160,RegionE,32.4558333333338
2112,2160,RegionF,60.0043227558838
2112,2161,RegionA,20.2382087745949
2112,2161,RegionB,41.734
2112,2161,RegionC,35.357333
2112,2161,RegionD,51.5482465806289
2112,2161,RegionE,27.7164999999997
2112,2161,RegionF,52.1305449781076
2112,2162,RegionA,22.0908520740741
2112,2162,RegionB,33.9413478207259
2112,2162,RegionC,26.5247123612787
2112,2162,RegionD,59.2142649880358
2112,2162,RegionE,28.5440000000008
2112,2162,RegionF,52.1115449781079
2112,2163,RegionA,22.334667
2112,2163,RegionB,38.155
2112,2163,RegionC,18.346667
2112,2163,RegionD,98.5874744182827
2112,2163,RegionE,35.0060000000013
2112,2163,RegionF,101.504191581714
2112,2164,RegionA,13.3553336666669
2112,2164,RegionB,31.1719024055703
2112,2164,RegionC,9.62524194411193
2112,2164,RegionD,75.5874362243248
2112,2164,RegionE,31.2548365517622
2112,2164,RegionF,91.2477492075649
2112,2165,RegionA,11.0627718919759
2112,2165,RegionB,26.0478214982331
2112,2165,RegionC,10.0661308330002
2112,2165,RegionD,67.4568868879045
2112,2165,RegionE,29.8187842146351
2112,2165,RegionF,84.7325491187001
2112,2166,RegionA,13.0771236327167
2112,2166,RegionB,22.3914881648986
2112,2166,RegionC,23.0356208053892
2112,2166,RegionD,89.4772118414405
2112,2166,RegionE,28.0721207663966
2112,2166,RegionF,95.5653514558261
2112,2167,RegionA,13.9776420401241
2112,2167,RegionB,26.558667
2112,2167,RegionC,37.405333
2112,2167,RegionD,135.675647906085
2112,2167,RegionE,27.8515708315634
2112,2167,RegionF,132.986667
2112,2168,RegionA,13.0286666666667
2112,2168,RegionB,19.9398041251945
2112,2168,RegionC,37.2827947850716
2112,2168,RegionD,98.8621097559934
2112,2168,RegionE,24.4008281485542
2112,2168,RegionF,134.012102074075
2112,2169,RegionA,14.7928888888891
2112,2169,RegionB,19.2651788351007
2112,2169,RegionC,38.4532618293133
2112,2169,RegionD,79.4940756107774
2112,2169,RegionE,16.1553632433228
2112,2169,RegionF,141.939092703706
2112,2170,RegionA,16.6037222222225
2112,2170,RegionB,28.509333
2112,2170,RegionC,38.635863972798
2112,2170,RegionD,61.9571269113272
2112,2170,RegionE,12.9329538936461
2112,2170,RegionF,153.33
2112,2171,RegionA,14.7457222222225
2112,2171,RegionB,36.6671260537881
2112,2171,RegionC,39.321333
2112,2171,RegionD,58.0604502170472
2112,2171,RegionE,12.1567166316851
2112,2171,RegionF,132.73481854192
2112,2172,RegionA,13.2754999999995
2112,2172,RegionB,30.8782421120318
2112,2172,RegionC,32.5056721059392
2112,2172,RegionD,40.4687777777796
2112,2172,RegionE,5.12634498515564
2112,2172,RegionF,83.0952407968735
2112,2173,RegionA,11.8546111111099
2112,2173,RegionB,23.3056138853539
2112,2173,RegionC,34.7045609948279
2112,2173,RegionD,25.7706944444462
2112,2173,RegionE,7.35841778306935
2112,2173,RegionF,71.3304906700857
2112,2174,RegionA,11.8892777777767
2112,2174,RegionB,23.045252774243
2112,2174,RegionC,50.666762120534
2112,2174,RegionD,40.3558980529433
2112,2174,RegionE,15.0842128032057
2112,2174,RegionF,91.9273186935206
2112,2175,RegionA,21.9869444444432
2112,2175,RegionB,26.1797814551225
2112,2175,RegionC,83.6164999999999
2112,2175,RegionD,99.2360796559899
2112,2175,RegionE,20.4522222222214
2112,2175,RegionF,149.30975
2112,2176,RegionA,18.1495
2112,2176,RegionB,12.6574328457784
2112,2176,RegionC,72.874207667077
2112,2176,RegionD,96.9147463226566
2112,2176,RegionE,15.6655555555551
2112,2176,RegionF,112.797946497825
2112,2177,RegionA,15.1665833333334
2112,2177,RegionB,6.4562222222221
2112,2177,RegionC,73.0194440150322
2112,2177,RegionD,83.6878852115451
2112,2177,RegionE,11.1985555555551
2112,2177,RegionF,90.0847263289799
2112,2178,RegionA,22.0876038193209
2112,2178,RegionB,19.500686222012
2112,2178,RegionC,79.7484694083353
2112,2178,RegionD,78.5677185448754
2112,2178,RegionE,7.91466666666653
2112,2178,RegionF,74.6073553387854
2112,2179,RegionA,37.7041243053087
2112,2179,RegionB,32.6611779995801
2112,2179,RegionC,77.6599999999999
2112,2179,RegionD,79.6272868007696
2112,2179,RegionE,19.1182222222224
2112,2179,RegionF,75.9726886721178
2112,2180,RegionA,34.7951243053071
2112,2180,RegionB,33.2640113329134
2112,2180,RegionC,63.7495369418312
2112,2180,RegionD,54.2270875933638
2112,2180,RegionE,15.864888888889
2112,2180,RegionF,49.5191287154729
2112,2181,RegionA,26.8005409719758
2112,2181,RegionB,45.4981548614293
2112,2181,RegionC,46.6608319443716
2112,2181,RegionD,44.7346666666671
2112,2181,RegionE,13.2862222222241
2112,2181,RegionF,23.6252222222207
2112,2182,RegionA,40.8648508567317
2112,2182,RegionB,67.8699650566117
2112,2182,RegionC,55.3737118644359
2112,2182,RegionD,43.492500000001
2112,2182,RegionE,1.53991436805033
2112,2182,RegionF,36.3329745208384
2112,2183,RegionA,89.3120737407406
2112,2183,RegionB,80.6680737407405
2112,2183,RegionC,58.6714694883642
2112,2183,RegionD,48.6470000000006
2112,2183,RegionE,41.2527176249894
2112,2183,RegionF,56.2347487384998
2136,2160,RegionA,37.8995304040416
2136,2160,RegionB,65.4491769564676
2136,2160,RegionC,35.9005989922512
2136,2160,RegionD,49.2069958818246
2136,2160,RegionE,19.5847908584367
2136,2160,RegionF,54.8375901578029
2136,2161,RegionA,32.6043941414128
2136,2161,RegionB,41.6435523488375
2136,2161,RegionC,30.4855313178277
2136,2161,RegionD,91.1173957841108
2136,2161,RegionE,33.11728481607
2136,2161,RegionF,62.4912636489384
2136,2162,RegionA,24.6064245454538
2136,2162,RegionB,39.8673333333328
2136,2162,RegionC,18.7580836666667
2136,2162,RegionD,125.546103404346
2136,2162,RegionE,52.6322787737031
2136,2162,RegionF,72.1006871400746
2136,2163,RegionA,22.334667
2136,2163,RegionB,38.155
2136,2163,RegionC,18.346667
2136,2163,RegionD,157.91358238992
2136,2163,RegionE,108.220067810238
2136,2163,RegionF,114.385898885639
2136,2164,RegionA,21.3805286920891
2136,2164,RegionB,23.1765559898477
2136,2164,RegionC,23.6960558888897
2136,2164,RegionD,121.982710564532
2136,2164,RegionE,103.172465351228
2136,2164,RegionF,94.622977875352
2136,2165,RegionA,27.3257237175099
2136,2165,RegionB,21.3816913215764
2136,2165,RegionC,33.206667
2136,2165,RegionD,114.31691192909
2136,2165,RegionE,103.07206478871
2136,2165,RegionF,89.9238968811842
2136,2166,RegionA,30.0395754545454
2136,2166,RegionB,24.2633336666669
2136,2166,RegionC,33.9282496666667
2136,2166,RegionD,154.100924050232
2136,2166,RegionE,101.176607077963
2136,2166,RegionF,96.2262603314577
2136,2167,RegionA,29.397333
2136,2167,RegionB,26.558667
2136,2167,RegionC,37.405333
2136,2167,RegionD,226.96875
2136,2167,RegionE,93.6425613586366
2136,2167,RegionF,132.986667
2136,2168,RegionA,20.5060312649821
2136,2168,RegionB,23.388678740064
2136,2168,RegionC,27.2224769799737
2136,2168,RegionD,192.057833065052
2136,2168,RegionE,59.6354211513492
2136,2168,RegionF,125.082664519154
2136,2169,RegionA,13.5487295299651
2136,2169,RegionB,20.0691904801272
2136,2169,RegionC,21.2517320710599
2136,2169,RegionD,164.66453530396
2136,2169,RegionE,42.3195228813088
2136,2169,RegionF,125.530217593866
2136,2170,RegionA,15.9571354560953
2136,2170,RegionB,27.8265641308253
2136,2170,RegionC,27.579201138889
2136,2170,RegionD,122.518293098423
2136,2170,RegionE,36.4427855071884
2136,2170,RegionF,129.348354001906
2136,2171,RegionA,19.950145745524
2136,2171,RegionB,37.849
2136,2171,RegionC,39.321333
2136,2171,RegionD,93.6523545878058
2136,2171,RegionE,28.6540677401606
2136,2171,RegionF,103.168598926505
2136,2172,RegionA,20.8808124121898
2136,2172,RegionB,32.3791666666666
2136,2172,RegionC,38.2549996666669
2136,2172,RegionD,58.3904656989216
2136,2172,RegionE,19.7051577562832
2136,2172,RegionF,50.5285089103836
2136,2173,RegionA,21.3514790788558
2136,2173,RegionB,30.6129266344092
2136,2173,RegionC,40.4538885555557
2136,2173,RegionD,34.1097335089581
2136,2173,RegionE,25.6320255501829
2136,2173,RegionF,24.9243355609308
2136,2174,RegionA,21.641576267745
2136,2174,RegionB,28.4357652813615
2136,2174,RegionC,59.0998746999999
2136,2174,RegionD,42.2035337508937
2136,2174,RegionE,30.908222222224
2136,2174,RegionF,50.6797499999991
2136,2175,RegionA,30.0202283642198
2136,2175,RegionB,54.1733543096165
2136,2175,RegionC,83.6164999999999
2136,2175,RegionD,91.5036673261637
2136,2175,RegionE,45.0237777777789
2136,2175,RegionF,96.4437499999981
2136,2176,RegionA,22.291773630348
2136,2176,RegionB,38.7863628848858
2136,2176,RegionC,72.7405903611122
2136,2176,RegionD,87.2191342347671
2136,2176,RegionE,23.327777777779
2136,2176,RegionF,84.6937499999997
2136,2177,RegionA,15.9054375499999
2136,2177,RegionB,33.4783712343143
2136,2177,RegionC,69.7623301045752
2136,2177,RegionD,69.8908333333338
2136,2177,RegionE,13.5985555555551
2136,2177,RegionF,76.9778888888894
2136,2178,RegionA,14.7454166666665
2136,2178,RegionB,39.8004720425743
2136,2178,RegionC,77.3319999999974
2136,2178,RegionD,49.3306666666642
2136,2178,RegionE,25.7546666666665
2136,2178,RegionF,75.4632779574266
2136,2179,RegionA,23.0197499999999
2136,2179,RegionB,44.4803051962596
2136,2179,RegionC,77.6599999999999
2136,2179,RegionD,36.7773333333316
2136,2179,RegionE,52.3982222222224
2136,2179,RegionF,88.407889248185
2136,2180,RegionA,17.1507499999983
2136,2180,RegionB,41.2212282330577
2136,2180,RegionC,54.7992436298711
2136,2180,RegionD,15.9246666666661
2136,2180,RegionE,49.144888888889
2136,2180,RegionF,73.1790003592951
2136,2181,RegionA,6.19616666666705
2136,2181,RegionB,18.1330274184802
2136,2181,RegionC,48.9018518518524
2136,2181,RegionD,13.6999999999996
2136,2181,RegionE,48.7308148148166
2136,2181,RegionF,64.9437781370727
2136,2182,RegionA,12.6591821406732
2136,2182,RegionB,21.1486064068842
2136,2182,RegionC,63.4255925925941
2136,2182,RegionD,28.6231666666665
2136,2182,RegionE,50.8282962962958
2136,2182,RegionF,68.7890725635553
2136,2183,RegionA,29.0771976146795
2136,2183,RegionB,25.8948688903038
2136,2183,RegionC,76.3136666666677
2136,2183,RegionD,43.4656666666687
2136,2183,RegionE,122.228888888886
2136,2183,RegionF,77.8057946061291
2136,2184,RegionA,33.9775309480129
2136,2184,RegionB,19.822902415807
2136,2184,RegionC,61.108
2136,2184,RegionD,44.2996499695162
2136,2184,RegionE,89.3168888888896
2136,2184,RegionF,51.4482222222243
2136,2185,RegionA,41.1830308369015
2136,2185,RegionB,18.1651563315713
2136,2185,RegionC,51.6853348683133
2136,2185,RegionD,50.7371610501403
2136,2185,RegionE,73.2894049382668
2136,2185,RegionF,54.0795786414723
2136,2186,RegionA,46.7393640591228
2136,2186,RegionB,32.4982713584461
2136,2186,RegionC,43.5171117119339
2136,2186,RegionD,86.142199908542
2136,2186,RegionE,65.8937012345686
2136,2186,RegionF,63.6574906162751
2136,2187,RegionA,51.338
2136,2187,RegionB,49.857667
2136,2187,RegionC,50.249333
2136,2187,RegionD,133.409072100277
2136,2187,RegionE,79.617997530865
2136,2187,RegionF,94.2104025910797
2136,2188,RegionA,42.1604845259933
2136,2188,RegionB,43.4642132824415
2136,2188,RegionC,45.2154971975296
2136,2188,RegionD,108.137707958507
2136,2188,RegionE,53.6557777777787
2136,2188,RegionF,88.9009025910807
2136,2189,RegionA,31.831333
2136,2189,RegionB,32.8558481112828
2136,2189,RegionC,41.4187194197523
2136,2189,RegionD,106.065530211216
2136,2189,RegionE,40.8928888888887
2136,2189,RegionF,86.4963470355223
2136,2190,RegionA,33.5719757430024
2136,2190,RegionB,25.294650151932
2136,2190,RegionC,45.839719419752
2136,2190,RegionD,107.208272536581
2136,2190,RegionE,40.7902222222222
2136,2190,RegionF,88.3438821487328
2136,2191,RegionA,37.852
2136,2191,RegionB,29.072
2136,2191,RegionC,47.2595705196846
2136,2191,RegionD,154.042653750832
2136,2191,RegionE,69.312277777778
2136,2191,RegionF,84.5499701739286
2136,2192,RegionA,32.1506667777777
2136,2192,RegionB,29.3584835394322
2136,2192,RegionC,39.9035760639763
2136,2192,RegionD,127.022298753026
2136,2192,RegionE,50.871944444442
2136,2192,RegionF,57.5916137546784
2136,2193,RegionA,36.7898686687655
2136,2193,RegionB,33.1402278417623
2136,2193,RegionC,33.4255905731827
2136,2193,RegionD,137.140840694069
2136,2193,RegionE,40.6573888888901
2136,2193,RegionF,52.7176666666673
2136,2194,RegionA,43.3025779346475
2136,2194,RegionB,41.8305119857945
2136,2194,RegionC,27.639333
2136,2194,RegionD,160.70932707956
2136,2194,RegionE,43.0463888888902
2136,2194,RegionF,76.6956666666671
2136,2195,RegionA,52.817954946847
2136,2195,RegionB,51.937333
2136,2195,RegionC,41.8731663333333
2136,2195,RegionD,185.549462386485
2136,2195,RegionE,44.9413888888894
2136,2195,RegionF,106.090333333333
2136,2196,RegionA,46.7634437573008
2136,2196,RegionB,46.2620929464096
2136,2196,RegionC,44.5942543157909
2136,2196,RegionD,146.758458980507
2136,2196,RegionE,29.1495000000018
2136,2196,RegionF,92.5345555555549
2136,2197,RegionA,45.2274166666663
2136,2197,RegionB,41.29336312803
2136,2197,RegionC,53.9587777777782
2136,2197,RegionD,95.0155813164201
2136,2197,RegionE,23.6695555555554
2136,2197,RegionF,80.4877777777768
2136,2198,RegionA,48.5743055555549
2136,2198,RegionB,44.4460717357439
2136,2198,RegionC,67.1695555555559
2136,2198,RegionD,81.043261597593
2136,2198,RegionE,22.9697222222215
2136,2198,RegionF,80.3563333333312
2136,2199,RegionA,50.9920555555543
2136,2199,RegionB,50.0607247879018
2136,2199,RegionC,80.5666666666668
2136,2199,RegionD,105.753525212101
2136,2199,RegionE,27.1809444444433
2136,2199,RegionF,112.81422222222
2136,2200,RegionA,40.7665555555549
2136,2200,RegionB,38.3969889511705
2136,2200,RegionC,69.4725833333352
2136,2200,RegionD,82.0408443821641
2136,2200,RegionE,24.5389999999998
2136,2200,RegionF,87.4162222222195
2136,2201,RegionA,50.8672326456715
2136,2201,RegionB,33.9646975308642
2136,2201,RegionC,59.0939957493901
2136,2201,RegionD,57.8112777777769
2136,2201,RegionE,29.1368333333329
2136,2201,RegionF,79.7924629629617
2136,2202,RegionA,56.5371319580094
2136,2202,RegionB,37.9710617283948
2136,2202,RegionC,62.7512322395216
2136,2202,RegionD,57.462777777779
2136,2202,RegionE,39.5681666666654
2136,2202,RegionF,60.4979074074091
2136,2203,RegionA,92.7235
2136,2203,RegionB,84.9551666666667
2136,2203,RegionC,82.1993333333332
2136,2203,RegionD,46.8829166666654
2136,2203,RegionE,55.4784814814807
2136,2203,RegionF,62.389351851849
2136,2204,RegionA,76.5181666666659
2136,2204,RegionB,77.001500000001
2136,2204,RegionC,76.5391262838467
2136,2204,RegionD,40.2875555555557
2136,2204,RegionE,39.2669940865242
2136,2204,RegionF,46.4831296296286
2136,2205,RegionA,81.5456761650565
2136,2205,RegionB,60.223840946672
2136,2205,RegionC,82.1004940979443
2136,2205,RegionD,37.5252222222227
2136,2205,RegionE,44.0466832347782
2136,2205,RegionF,45.9666666666657
2136,2206,RegionA,96.0996303944165
2136,2206,RegionB,56.097470679345
2136,2206,RegionC,82.8866666666666
2136,2206,RegionD,51.3888888888894
2136,2206,RegionE,46.5745378151275
2136,2206,RegionF,36.6751111111098
2136,2207,RegionA,96.2884999999999
2136,2207,RegionB,78.8797500000001
2136,2207,RegionC,78.8646666666666
2136,2207,RegionD,69.9806666666662
2136,2207,RegionE,77.8535555555577
2136,2207,RegionF,52.1424444444406
2160,2184,RegionA,44.3274820463187
2160,2184,RegionB,26.7550834999967
2160,2184,RegionC,61.108
2160,2184,RegionD,73.1514749210366
2160,2184,RegionE,38.0243814509407
2160,2184,RegionF,93.4458527879763
2160,2185,RegionA,56.7964549840092
2160,2185,RegionB,30.181667
2160,2185,RegionC,64.1751479975175
2160,2185,RegionD,117.317144286519
2160,2185,RegionE,69.3933806303936
2160,2185,RegionF,109.882671180769
2160,2186,RegionA,55.208
2160,2186,RegionB,39.0297777777763
2160,2186,RegionC,47.56
2160,2186,RegionD,173.282162377982
2160,2186,RegionE,111.294736468997
2160,2186,RegionF,127.505091938499
2160,2187,RegionA,51.338
2160,2187,RegionB,49.857667
2160,2187,RegionC,50.249333
2160,2187,RegionD,226.585341141262
2160,2187,RegionE,151.282883876482
2160,2187,RegionF,151.324179362893
2160,2188,RegionA,30.0854409672871
2160,2188,RegionB,36.919813019738
2160,2188,RegionC,48.3193610222133
2160,2188,RegionD,215.164019369034
2160,2188,RegionE,96.3024862247938
2160,2188,RegionF,135.414925737968
2160,2189,RegionA,27.2873964987567
2160,2189,RegionB,33.2002869172529
2160,2189,RegionC,48.3719632691294
2160,2189,RegionD,217.228028622945
2160,2189,RegionE,80.6027286525225
2160,2189,RegionF,128.586586602205
2160,2190,RegionA,30.174358242341
2160,2190,RegionB,27.906
2160,2190,RegionC,50.8964334243252
2160,2190,RegionD,199.780898735234
2160,2190,RegionE,108.904944094231
2160,2190,RegionF,115.779445543033
2160,2191,RegionA,37.852
2160,2191,RegionB,29.072
2160,2191,RegionC,54.521
2160,2191,RegionD,235.206833333333
2160,2191,RegionE,161.92
2160,2191,RegionF,108.944
2160,2192,RegionA,41.294667
2160,2192,RegionB,32.4406812696441
2160,2192,RegionC,44.5880514974917
2160,2192,RegionD,226.87915755995
2160,2192,RegionE,150.888369943173
2160,2192,RegionF,91.3191287570007
2160,2193,RegionA,52.8443532706764
2160,2193,RegionB,39.5673106827557
2160,2193,RegionC,33.6803218243453
2160,2193,RegionD,230.691558426231
2160,2193,RegionE,147.172702275048
2160,2193,RegionF,93.364505728574
2160,2194,RegionA,62.714667
2160,2194,RegionB,44.672333
2160,2194,RegionC,27.639333
2160,2194,RegionD,234.110634945494
2160,2194,RegionE,148.657332376426
2160,2194,RegionF,122.161504369756
2160,2195,RegionA,71.735
2160,2195,RegionB,51.937333
2160,2195,RegionC,43.7495972222218
2160,2195,RegionD,231.48
2160,2195,RegionE,154.21014917572
2160,2195,RegionF,148.8715
2160,2196,RegionA,60.3854990601833
2160,2196,RegionB,39.3928132487265
2160,2196,RegionC,44.9393709239537
2160,2196,RegionD,169.823273392555
2160,2196,RegionE,111.839899766265
2160,2196,RegionF,119.904920611439
2160,2197,RegionA,54.2564232941359
2160,2197,RegionB,28.0661611611977
2160,2197,RegionC,54.5361099891129
2160,2197,RegionD,107.684368001971
2160,2197,RegionE,77.4213224409844
2160,2197,RegionF,96.1807540014908
2160,2198,RegionA,49.4036737224491
2160,2198,RegionB,31.5530162269491
2160,2198,RegionC,68.1987822728252
2160,2198,RegionD,96.177626572872
2160,2198,RegionE,61.744287725961
2160,2198,RegionF,85.1851968122775
2160,2199,RegionA,46.4590348729346
2160,2199,RegionB,39.5230206826208
2160,2199,RegionC,80.5666666666668
2160,2199,RegionD,127.310801810439
2160,2199,RegionE,60.8542777777767
2160,2199,RegionF,101.563670411782
2160,2200,RegionA,32.2846329569328
2160,2200,RegionB,32.210798460398
2160,2200,RegionC,72.908151916005
2160,2200,RegionD,100.20903260356
2160,2200,RegionE,44.6576666666669
2160,2200,RegionF,75.1512451742138
2160,2201,RegionA,37.1008325720328
2160,2201,RegionB,30.4776217061879
2160,2201,RegionC,60.4589346106683
2160,2201,RegionD,70.3646111111095
2160,2201,RegionE,41.8350455984234
2160,2201,RegionF,73.1894544015748
2160,2202,RegionA,41.2195877426881
2160,2202,RegionB,33.8816671742002
2160,2202,RegionC,57.0040784164453
2160,2202,RegionD,72.2961111111116
2160,2202,RegionE,48.2445911968488
2160,2202,RegionF,62.1422421364852
2160,2203,RegionA,67.0355651355654
2160,2203,RegionB,53.3208793088797
2160,2203,RegionC,82.1993333333332
2160,2203,RegionD,63.996249999998
2160,2203,RegionE,86.8356342305635
2160,2203,RegionF,71.2410879916552
2160,2204,RegionA,54.0357222222222
2160,2204,RegionB,45.6345604858421
2160,2204,RegionC,68.4022450697143
2160,2204,RegionD,56.6075555555557
2160,2204,RegionE,71.4293008972311
2160,2204,RegionF,59.9870879916568
2160,2205,RegionA,53.2958701706814
2160,2205,RegionB,28.5031443922635
2160,2205,RegionC,68.1060384246789
2160,2205,RegionD,58.9012222222229
2160,2205,RegionE,73.5809088582479
2160,2205,RegionF,69.0213992652447
2160,2206,RegionA,66.156518119139
2160,2206,RegionB,41.5321298403591
2160,2206,RegionC,71.0390874571667
2160,2206,RegionD,58.757065003022
2160,2206,RegionE,59.6348916879798
2160,2206,RegionF,72.6026134478882
2160,2207,RegionA,86.277499400931
2160,2207,RegionB,62.9271969503884
2160,2207,RegionC,74.0850548277251
2160,2207,RegionD,60.9010188949322
2160,2207,RegionE,76.4007130357078
2160,2207,RegionF,93.4181002236466
2160,2208,RegionA,71.3806660675995
2160,2208,RegionB,48.4218181490424
2160,2208,RegionC,55.912266962402
2160,2208,RegionD,57.2303522282669
2160,2208,RegionE,63.4994225477402
2160,2208,RegionF,76.0696129338432
2160,2209,RegionA,46.8317771787095
2160,2209,RegionB,40.8541805149232
2160,2209,RegionC,40.5502657076293
2160,2209,RegionD,59.5970744504891
2160,2209,RegionE,62.8174225477394
2160,2209,RegionF,66.655168489398
2160,2210,RegionA,39.9349167813998
2160,2210,RegionB,36.045
2160,2210,RegionC,24.615
2160,2210,RegionD,71.1306098753044
2160,2210,RegionE,94.2668530085599
2160,2210,RegionF,71.8079258902897
2160,2211,RegionA,31.5651021662743
2160,2211,RegionB,37.5475544219596
2160,2211,RegionC,24.0800777641224
2160,2211,RegionD,98.907532392602
2160,2211,RegionE,146.569611439512
2160,2211,RegionF,113.954871815525
2160,2212,RegionA,26.7049542178152
2160,2212,RegionB,27.4013106020692
2160,2212,RegionC,17.3269891949127
2160,2212,RegionD,93.5709319647638
2160,2212,RegionE,117.64724836805
2160,2212,RegionF,109.261926763503
2160,2213,RegionA,19.7603333333331
2160,2213,RegionB,30.9471948888892
2160,2213,RegionC,17.5713329999994
2160,2213,RegionD,89.0165429647623
2160,2213,RegionE,101.9929917407
2160,2213,RegionF,97.0171318500963
2160,2214,RegionA,21.177833333332
2160,2214,RegionB,38.397833888889
2160,2214,RegionC,19.5319996666669
2160,2214,RegionD,87.9835150758743
2160,2214,RegionE,85.0255493846207
2160,2214,RegionF,78.1209075395052
2160,2215,RegionA,22.1436111111098
2160,2215,RegionB,52.8000562222222
2160,2215,RegionC,21.261333
2160,2215,RegionD,141.563959409208
2160,2215,RegionE,97.3156791463474
2160,2215,RegionF,83.9501111111122
2160,2216,RegionA,10.9924444444435
2160,2216,RegionB,54.0386673333335
2160,2216,RegionC,21.7536663333336
2160,2216,RegionD,128.010111717249
2160,2216,RegionE,77.7965268383059
2160,2216,RegionF,60.3898333333322
2160,2217,RegionA,12.5534444444443
2160,2217,RegionB,53.1026670333316
2160,2217,RegionC,16.6371665444443
2160,2217,RegionD,112.587166422221
2160,2217,RegionE,70.2323333333353
2160,2217,RegionF,52.3931666666671
2160,2218,RegionA,17.2623333333336
2160,2218,RegionB,58.362667
2160,2218,RegionC,17.3740831555552
2160,2218,RegionD,121.003110955556
2160,2218,RegionE,74.3630000000017
2160,2218,RegionF,58.1176666666655
2160,2219,RegionA,35.08
2160,2219,RegionB,68.2
2160,2219,RegionC,53.07
2160,2219,RegionD,183.366527777779
2160,2219,RegionE,81.4776666666648
2160,2219,RegionF,97.940166666667
2160,2220,RegionA,34.5315000000004
2160,2220,RegionB,54.0814443333338
2160,2220,RegionC,53.9751666666668
2160,2220,RegionD,112.43480566666
2160,2220,RegionE,60.902666666666
2160,2220,RegionF,95.1176111111118
2160,2221,RegionA,29.3030000000005
2160,2221,RegionB,42.311888666666
2160,2221,RegionC,53.9692500000007
2160,2221,RegionD,71.9199168888908
2160,2221,RegionE,55.2713333333333
2160,2221,RegionF,86.3347777777803
2160,2222,RegionA,23.0373333333338
2160,2222,RegionB,32.163166399999
2160,2222,RegionC,55.017250000001
2160,2222,RegionD,87.0114724888892
2160,2222,RegionE,64.5854444444451
2160,2222,RegionF,62.9271111111139
2160,2223,RegionA,23.8488333333334
2160,2223,RegionB,23.5332775111098
2160,2223,RegionC,80.5425
2160,2223,RegionD,147.491333599999
2160,2223,RegionE,86.8515555555559
2160,2223,RegionF,57.6066666666668
2160,2224,RegionA,9.61783333333595
2160,2224,RegionB,23.0111389549998
2160,2224,RegionC,77.3308053116664
2160,2224,RegionD,98.739750177783
2160,2224,RegionE,76.7855555555556
2160,2224,RegionF,47.4921666666667
2160,2225,RegionA,10.0240000000001
2160,2225,RegionB,34.9780338833342
2160,2225,RegionC,66.941160472225
2160,2225,RegionD,67.071870105519
2160,2225,RegionE,63.3801944444468
2160,2225,RegionF,42.9152966500354
2160,2226,RegionA,12.667
2160,2226,RegionB,55.5700843316675
2160,2226,RegionC,59.1096114438915
2160,2226,RegionD,67.0621831465964
2160,2226,RegionE,40.2601944444451
2160,2226,RegionF,55.1606488556257
2160,2227,RegionA,15.1263333333334
2160,2227,RegionB,81.7774457755567
2160,2227,RegionC,78.1419166666665
2160,2227,RegionD,80.4555531632281
2160,2227,RegionE,41.4345277777796
2160,2227,RegionF,63.6848899501054
2160,2228,RegionA,18.1492769109832
2160,2228,RegionB,82.3464457755569
2160,2228,RegionC,62.3875904317201
2160,2228,RegionD,43.943352487191
2160,2228,RegionE,11.3675277777792
2160,2228,RegionF,38.9210566167741
2160,2229,RegionA,30.1645126125412
2160,2229,RegionB,86.0823299793536
2160,2229,RegionC,69.3481574081059
2160,2229,RegionD,26.4031445189338
2160,2229,RegionE,4.56320285098987
2160,2229,RegionF,15.566263741191
2160,2230,RegionA,56.3628589299098
2160,2230,RegionB,77.3791410700905
2160,2230,RegionC,78.5980833333334
2160,2230,RegionD,25.8118494290897
2160,2230,RegionE,6.85262792420085
2160,2230,RegionF,6.19402264670859
2160,2231,RegionA,81.1704077507126
2160,2231,RegionB,58.3288410497154
2160,2231,RegionC,79.8925833333334
2160,2231,RegionD,59.0196098948024
2160,2231,RegionE,10.2994974418568
2160,2231,RegionF,50.9789771962451
2184,2208,RegionA,39.5824166666657
2184,2208,RegionB,29.5960021367537
2184,2208,RegionC,46.1213308632475
2184,2208,RegionD,99.3378375937987
2184,2208,RegionE,112.181035019768
2184,2208,RegionF,35.1441998086578
2184,2209,RegionA,32.6852499999994
2184,2209,RegionB,26.1567542735046
2184,2209,RegionC,37.5243009487187
2184,2209,RegionD,161.775397076487
2184,2209,RegionE,144.110184176549
2184,2209,RegionF,50.9887854802998
2184,2210,RegionA,32.3804999999998
2184,2210,RegionB,36.045
2184,2210,RegionC,24.0795829999995
2184,2210,RegionD,206.822984336951
2184,2210,RegionE,157.31675
2184,2210,RegionF,102.775454485271
2184,2211,RegionA,32.86
2184,2211,RegionB,47.625333
2184,2211,RegionC,25.22
2184,2211,RegionD,229.8503998
2184,2211,RegionE,157.70875
2184,2211,RegionF,149.77075
2184,2212,RegionA,26.649055472223
2184,2212,RegionB,41.6343378076925
2184,2212,RegionC,14.9951134978641
2184,2212,RegionD,211.712375289318
2184,2212,RegionE,156.219263340088
2184,2212,RegionF,126.046165139302
2184,2213,RegionA,24.0843609444455
2184,2213,RegionB,45.6871203931616
2184,2213,RegionC,15.5860322179483
2184,2213,RegionD,202.652359593739
2184,2213,RegionE,156.202340145812
2184,2213,RegionF,123.804941389712
2184,2214,RegionA,24.54524975
2184,2214,RegionB,51.9191178000001
2184,2214,RegionC,16.118208338889
2184,2214,RegionD,195.039205009271
2184,2214,RegionE,159.653209848049
2184,2214,RegionF,105.536364040643
2184,2215,RegionA,26.925333
2184,2215,RegionB,62.052
2184,2215,RegionC,21.261333
2184,2215,RegionD,235.36
2184,2215,RegionE,161.92
2184,2215,RegionF,99.686
2184,2216,RegionA,21.6154113288562
2184,2216,RegionB,56.0588611111112
2184,2216,RegionC,30.6636663333336
2184,2216,RegionD,220.175916303622
2184,2216,RegionE,130.075175038628
2184,2216,RegionF,94.7980112220068
2184,2217,RegionA,23.229333
2184,2217,RegionB,59.3421243328705
2184,2217,RegionC,39.4296277520837
2184,2217,RegionD,197.868406062666
2184,2217,RegionE,121.833721760495
2184,2217,RegionF,106.856115427742
2184,2218,RegionA,24.267333
2184,2218,RegionB,58.362667
2184,2218,RegionC,40.622667
2184,2218,RegionD,193.954587871095
2184,2218,RegionE,119.651891940589
2184,2218,RegionF,113.966601933904
2184,2219,RegionA,35.08
2184,2219,RegionB,68.2
2184,2219,RegionC,53.07
2184,2219,RegionD,235.216
2184,2219,RegionE,160.904
2184,2219,RegionF,152.271590647778
2184,2220,RegionA,37.1344495322548
2184,2220,RegionB,62.6909097222226
2184,2220,RegionC,50.1646978091635
2184,2220,RegionD,183.759740874441
2184,2220,RegionE,126.059554984398
2184,2220,RegionF,136.598090494772
2184,2221,RegionA,38.9697483395992
2184,2221,RegionB,60.7981297608552
2184,2221,RegionC,47.3252359835605
2184,2221,RegionD,142.081892746716
2184,2221,RegionE,103.127934715933
2184,2221,RegionF,119.432919636436
2184,2222,RegionA,37.6727900500033
2184,2222,RegionB,61.7504968159483
2184,2222,RegionC,56.653191657604
2184,2222,RegionD,150.627838979217
2184,2222,RegionE,101.127094645167
2184,2222,RegionF,87.3497473318083
2184,2223,RegionA,43.5150600863948
2184,2223,RegionB,54.8816978821521
2184,2223,RegionC,79.3805
2184,2223,RegionD,199.340798487371
2184,2223,RegionE,108.168224898862
2184,2223,RegionF,86.9546112144753
2184,2224,RegionA,25.5030087781957
2184,2224,RegionB,33.4246010441668
2184,2224,RegionC,76.4940179357791
2184,2224,RegionD,140.089636991523
2184,2224,RegionE,87.6072440414459
2184,2224,RegionF,69.6525196850394
2184,2225,RegionA,20.0403401259937
2184,2225,RegionB,17.9805066718023
2184,2225,RegionC,72.8166143484848
2184,2225,RegionD,105.062109132535
2184,2225,RegionE,62.1604468611113
2184,2225,RegionF,62.6657167007501
2184,2226,RegionA,20.0703818322563
2184,2226,RegionB,11.3533333333332
2184,2226,RegionC,66.2521388983316
2184,2226,RegionD,103.041369032273
2184,2226,RegionE,36.6281944444444
2184,2226,RegionF,78.3376865138435
2184,2227,RegionA,19.9167568718523
2184,2227,RegionB,18.2306666666666
2184,2227,RegionC,78.1419166666665
2184,2227,RegionD,117.652757930602
2184,2227,RegionE,47.8025277777789
2184,2227,RegionF,92.4024642916211
2184,2228,RegionA,16.5737985781147
2184,2228,RegionB,18.7996666666668
2184,2228,RegionC,65.2471175651859
2184,2228,RegionD,76.5187421563473
2184,2228,RegionE,21.5755277777785
2184,2228,RegionF,64.273862500692
2184,2229,RegionA,11.3965555555558
2184,2229,RegionB,23.2699999999999
2184,2229,RegionC,75.1026524469325
2184,2229,RegionD,53.1900697752912
2184,2229,RegionE,17.5817777777788
2184,2229,RegionF,51.5865555555572
2184,2230,RegionA,14.7054444444442
2184,2230,RegionB,32.7855692777789
2184,2230,RegionC,74.0992827844114
2184,2230,RegionD,54.7313979378105
2184,2230,RegionE,23.7004444444449
2184,2230,RegionF,51.176444444443
2184,2231,RegionA,19.3167777777774
2184,2231,RegionB,39.7540274444448
2184,2231,RegionC,66.1836631218908
2184,2231,RegionD,81.0157816558877
2184,2231,RegionE,30.0992222222232
2184,2231,RegionF,103.320444444442
2184,2232,RegionA,16.2561111111113
2184,2232,RegionB,30.7091941111117
2184,2232,RegionC,42.5060003333339
2184,2232,RegionD,61.047888888888
2184,2232,RegionE,31.1074444444451
2184,2232,RegionF,91.0243333333328
2184,2233,RegionA,14.9022222222223
2184,2233,RegionB,26.1350829999997
2184,2233,RegionC,27.220667
2184,2233,RegionD,45.1252222222235
2184,2233,RegionE,33.7301111111114
2184,2233,RegionF,59.5248888888881
2184,2234,RegionA,18.2542222222221
2184,2234,RegionB,19.6065706499991
2184,2234,RegionC,26.1760960166681
2184,2234,RegionD,67.7254999999995
2184,2234,RegionE,56.0546666666687
2184,2234,RegionF,62.2628888888895
2184,2235,RegionA,23.0346666666671
2184,2235,RegionB,14.9721124833324
2184,2235,RegionC,28.3533875166679
2184,2235,RegionD,89.0528333333324
2184,2235,RegionE,94.0063333333343
2184,2235,RegionF,93.509000000001
2184,2236,RegionA,21.9200000000008
2184,2236,RegionB,13.5707917499998
2184,2236,RegionC,22.1823749166673
2184,2236,RegionD,82.1186666666695
2184,2236,RegionE,66.9533333333302
2184,2236,RegionF,79.9711111111117
2184,2237,RegionA,20.5274444444457
2184,2237,RegionB,11.1555001666673
2184,2237,RegionC,20.6860831666656
2184,2237,RegionD,63.7862777777775
2184,2237,RegionE,50.2518333333289
2184,2237,RegionF,75.922111111112
2184,2238,RegionA,16.8551111111124
2184,2238,RegionB,14.7468752500011
2184,2238,RegionC,27.4583747499999
2184,2238,RegionD,79.451611111112
2184,2238,RegionE,45.3948333333323
2184,2238,RegionF,80.0930277777795
2184,2239,RegionA,22.5339444444457
2184,2239,RegionB,21.8183336666678
2184,2239,RegionC,38.592333
2184,2239,RegionD,138.18277777778
2184,2239,RegionE,107.710777777776
2184,2239,RegionF,83.0336944444463
2184,2240,RegionA,18.4195555555557
2184,2240,RegionB,19.6960836666678
2184,2240,RegionC,32.8252496666652
2184,2240,RegionD,107.281944444443
2184,2240,RegionE,94.2528055555553
2184,2240,RegionF,55.1456944444453
2184,2241,RegionA,23.004888888889
2184,2241,RegionB,18.1433322194458
2184,2241,RegionC,29.3920288916661
2184,2241,RegionD,91.3986944444447
2184,2241,RegionE,78.8798055555557
2184,2241,RegionF,47.7412500000007
2184,2242,RegionA,19.7428888888878
2184,2242,RegionB,17.5819571361121
2184,2242,RegionC,27.7070706416664
2184,2242,RegionD,78.7713611111069
2184,2242,RegionE,67.4727499999987
2184,2242,RegionF,55.8049999999993
2184,2243,RegionA,22.465388888889
2184,2243,RegionB,19.9788320527787
2184,2243,RegionC,43.9218901694449
2184,2243,RegionD,69.1522499999982
2184,2243,RegionE,67.8896388888882
2184,2243,RegionF,62.2235555555568
2184,2244,RegionA,18.3292222222223
2184,2244,RegionB,17.2556236361122
2184,2244,RegionC,39.5139319194459
2184,2244,RegionD,55.836166666667
2184,2244,RegionE,46.5723888888875
2184,2244,RegionF,37.3802222222206
2184,2245,RegionA,24.044777777778
2184,2245,RegionB,12.8724444444446
2184,2245,RegionC,37.0687777777788
2184,2245,RegionD,53.8936388888879
2184,2245,RegionE,35.2883888888877
2184,2245,RegionF,40.3636944444449
2184,2246,RegionA,28.5141111111111
2184,2246,RegionB,21.3174444444455
2184,2246,RegionC,39.2893333333335
2184,2246,RegionD,71.2236388888898
2184,2246,RegionE,30.2672222222212
2184,2246,RegionF,45.5518055555554
2184,2247,RegionA,35.0185555555561
2184,2247,RegionB,41.1926666666651
2184,2247,RegionC,57.481
2184,2247,RegionD,126.499305555558
2184,2247,RegionE,46.2348888888885
2184,2247,RegionF,51.1074722222219
2184,2248,RegionA,28.2911666666669
2184,2248,RegionB,14.5169999999993
2184,2248,RegionC,47.9926666666621
2184,2248,RegionD,93.2410000000007
2184,2248,RegionE,38.5739166666684
2184,2248,RegionF,33.0742499999998
2184,2249,RegionA,27.027840728419
2184,2249,RegionB,16.2209185308404
2184,2249,RegionC,46.0565185185183
2184,2249,RegionD,78.9836111111117
2184,2249,RegionE,37.4315713541577
2184,2249,RegionF,23.4228453125094
2184,2250,RegionA,29.8097925679495
2184,2250,RegionB,20.2201703950132
2184,2250,RegionC,55.4598981481484
2184,2250,RegionD,70.1882222222162
2184,2250,RegionE,32.956392708319
2184,2250,RegionF,24.1961906250177
2184,2251,RegionA,48.437022185258
2184,2251,RegionB,49.2970889258534
2184,2251,RegionC,80.1057500000001
2184,2251,RegionD,57.6658888888902
2184,2251,RegionE,35.2775855208116
2184,2251,RegionF,22.4366644791897
2184,2252,RegionA,41.246022185258
2184,2252,RegionB,48.3721441746566
2184,2252,RegionC,70.4243614178634
2184,2252,RegionD,26.0634444444474
2184,2252,RegionE,20.5126808333202
2184,2252,RegionF,13.5433191666817
2184,2253,RegionA,42.1516888519258
2184,2253,RegionB,48.5568660901265
2184,2253,RegionC,69.9962487399705
2184,2253,RegionD,21.1195574290898
2184,2253,RegionE,10.6952483680504
2184,2253,RegionF,11.3164738541719
2184,2254,RegionA,47.2861331761997
2184,2254,RegionB,58.7089282492235
2184,2254,RegionC,58.1205025558469
2184,2254,RegionD,17.9917415742869
2184,2254,RegionE,8.92522222222244
2184,2254,RegionF,13.2153333333333
2184,2255,RegionA,85.7427500000002
2184,2255,RegionB,86.3655080497154
2184,2255,RegionC,34.6374694883642
2184,2255,RegionD,42.1091335730308
2184,2255,RegionE,26.6955555555556
2184,2255,RegionF,44.6253333333333
2208,2232,RegionA,37.7475410043031
2208,2232,RegionB,69.576667
2208,2232,RegionC,28.0414056196193
2208,2232,RegionD,58.8652247032834
2208,2232,RegionE,22.8034166666657
2208,2232,RegionF,99.9503321476439
2208,2233,RegionA,38.44698025122
2208,2233,RegionB,66.6274486585611
2208,2233,RegionC,27.220667
2208,2233,RegionD,112.445794553516
2208,2233,RegionE,32.674952857786
2208,2233,RegionF,114.81224762862
2208,2234,RegionA,40.085333
2208,2234,RegionB,27.493333
2208,2234,RegionC,33.6639656153021
2208,2234,RegionD,172.429144125653
2208,2234,RegionE,70.7350725740047
2208,2234,RegionF,135.212829776266
2208,2235,RegionA,38.981333
2208,2235,RegionB,29.069333
2208,2235,RegionC,36.662667
2208,2235,RegionD,224.062750000001
2208,2235,RegionE,149.698663591476
2208,2235,RegionF,151.083399633661
2208,2236,RegionA,26.0002126262926
2208,2236,RegionB,26.5702779611788
2208,2236,RegionC,31.1226381872489
2208,2236,RegionD,182.70373345088
2208,2236,RegionE,112.950326151992
2208,2236,RegionF,147.046692459479
2208,2237,RegionA,26.7899896752274
2208,2237,RegionB,35.5693922052522
2208,2237,RegionC,32.855
2208,2237,RegionD,150.3760625
2208,2237,RegionE,94.78
2208,2237,RegionF,138.36217972974
2208,2238,RegionA,28.716
2208,2238,RegionB,42.8574556549544
2208,2238,RegionC,36.9293532315543
2208,2238,RegionD,173.129193546159
2208,2238,RegionE,106.821659269061
2208,2238,RegionF,126.427667
2208,2239,RegionA,34.727333
2208,2239,RegionB,46.126
2208,2239,RegionC,38.592333
2208,2239,RegionD,235.396916666667
2208,2239,RegionE,161.797657065719
2208,2239,RegionF,131.89
2208,2240,RegionA,33.875667
2208,2240,RegionB,44.1591771645579
2208,2240,RegionC,36.26
2208,2240,RegionD,235.52
2208,2240,RegionE,161.92
2208,2240,RegionF,107.973333
2208,2241,RegionA,42.7618632098542
2208,2241,RegionB,37.250333
2208,2241,RegionC,36.12
2208,2241,RegionD,235.28
2208,2241,RegionE,161.62
2208,2241,RegionF,134.52
2208,2242,RegionA,41.147333
2208,2242,RegionB,33.302667
2208,2242,RegionC,38.22
2208,2242,RegionD,233.144150212801
2208,2242,RegionE,161.436666666667
2208,2242,RegionF,147.068158712916
2208,2243,RegionA,51.138667
2208,2243,RegionB,53.1
2208,2243,RegionC,53.887333
2208,2243,RegionD,232.059
2208,2243,RegionE,160.49313520346
2208,2243,RegionF,148.390666666667
2208,2244,RegionA,39.3823656054039
2208,2244,RegionB,41.6058763867092
2208,2244,RegionC,54.7980588297625
2208,2244,RegionD,187.131707540646
2208,2244,RegionE,102.693834959566
2208,2244,RegionF,120.815296120272
2208,2245,RegionA,35.1125086552522
2208,2245,RegionB,31.8275026706362
2208,2245,RegionC,58.0506776917743
2208,2245,RegionD,147.917467797539
2208,2245,RegionE,72.7806704103345
2208,2245,RegionF,102.945898726006
2208,2246,RegionA,41.1517170925498
2208,2246,RegionB,39.6724971504392
2208,2246,RegionC,61.8180025969979
2208,2246,RegionD,133.430102650178
2208,2246,RegionE,49.3343600308791
2208,2246,RegionF,90.3709381660057
2208,2247,RegionA,46.2783837592168
2208,2247,RegionB,60.7257463795671
2208,2247,RegionC,81.0282523126087
2208,2247,RegionD,152.33641666667
2208,2247,RegionE,51.7468976654851
2208,2247,RegionF,88.1267265994612
2208,2248,RegionA,33.3580893583122
2208,2248,RegionB,27.9313739019376
2208,2248,RegionC,72.2645974675268
2208,2248,RegionD,94.9863333333349
2208,2248,RegionE,37.1802098256108
2208,2248,RegionF,58.6226394050896
2208,2249,RegionA,25.5479444444441
2208,2249,RegionB,10.5873333333336
2208,2249,RegionC,68.6256278930522
2208,2249,RegionD,66.134944444445
2208,2249,RegionE,37.3145833333329
2208,2249,RegionF,49.7563012808146
2208,2250,RegionA,26.8499999999998
2208,2250,RegionB,8.95299999999971
2208,2250,RegionC,68.1496521499486
2208,2250,RegionD,55.3082222222162
2208,2250,RegionE,28.3224166666703
2208,2250,RegionF,59.0233756278284
2208,2251,RegionA,43.9973333333334
2208,2251,RegionB,7.59633333333316
2208,2251,RegionC,80.1057500000001
2208,2251,RegionD,75.5258888888885
2208,2251,RegionE,30.0374166666685
2208,2251,RegionF,64.6932777777784
2208,2252,RegionA,36.8063333333334
2208,2252,RegionB,4.51733333333299
2208,2252,RegionC,60.0485272745968
2208,2252,RegionD,55.6034444444456
2208,2252,RegionE,18.1495000000015
2208,2252,RegionF,48.7328338365159
2208,2253,RegionA,32.8053333333346
2208,2253,RegionB,2.54799999999955
2208,2253,RegionC,57.7937489936373
2208,2253,RegionD,55.3743888888899
2208,2253,RegionE,17.8383888888884
2208,2253,RegionF,37.4762232285851
2208,2254,RegionA,33.427750000002
2208,2254,RegionB,6.22666666666667
2208,2254,RegionC,50.0122946344283
2208,2254,RegionD,60.5303333333358
2208,2254,RegionE,21.5812222222215
2208,2254,RegionF,32.4695942544586
2208,2255,RegionA,51.2367684259379
2208,2255,RegionB,13.2526666666666
2208,2255,RegionC,47.5221778552605
2208,2255,RegionD,114.185573296301
2208,2255,RegionE,41.4155555555556
2208,2255,RegionF,52.5630082002775
2208,2256,RegionA,50.8244350926041
2208,2256,RegionB,12.479333333333
2208,2256,RegionC,28.0593017242532
2208,2256,RegionD,103.042351074079
2208,2256,RegionE,37.2539999999983
2208,2256,RegionF,43.7350787757302
2208,2257,RegionA,50.0694350926039
2208,2257,RegionB,9.5076666666664
2208,2257,RegionC,21.1859811488006
2208,2257,RegionD,72.6065732962984
2208,2257,RegionE,35.0529999999989
2208,2257,RegionF,32.8717326845204
2208,2258,RegionA,51.662155211424
2208,2258,RegionB,6.05977777777758
2208,2258,RegionC,28.1682892330192
2208,2258,RegionD,75.6419066296336
2208,2258,RegionE,45.5153333333322
2208,2258,RegionF,38.2520100370329
2208,2259,RegionA,58.0770555555563
2208,2259,RegionB,23.5798888888896
2208,2259,RegionC,40.368
2208,2259,RegionD,134.8595732963
2208,2259,RegionE,67.4403333333328
2208,2259,RegionF,48.5780100370323
2208,2260,RegionA,49.6273888888889
2208,2260,RegionB,23.2688888888893
2208,2260,RegionC,34.4467013055554
2208,2260,RegionD,133.135871990744
2208,2260,RegionE,55.1009999999998
2208,2260,RegionF,41.9017600370326
2208,2261,RegionA,35.0877593703668
2208,2261,RegionB,28.2349072962967
2208,2261,RegionC,31.7023748333334
2208,2261,RegionD,142.994042922842
2208,2261,RegionE,53.6785000000007
2208,2261,RegionF,43.3552211327156
2208,2262,RegionA,25.6106854074072
2208,2262,RegionB,34.3600368148154
2208,2262,RegionC,38.5854094722224
2208,2262,RegionD,138.893951638889
2208,2262,RegionE,55.3058333333321
2208,2262,RegionF,45.7306666666671
2208,2263,RegionA,39.895667
2208,2263,RegionB,29.439333
2208,2263,RegionC,46.253333
2208,2263,RegionD,157.091055888888
2208,2263,RegionE,59.8060833333322
2208,2263,RegionF,60.676666666667
2208,2264,RegionA,34.1398336666675
2208,2264,RegionB,26.1551385555558
2208,2264,RegionC,34.4023329999999
2208,2264,RegionD,129.411555888887
2208,2264,RegionE,45.0637500000003
2208,2264,RegionF,58.9586666666679
2208,2265,RegionA,23.4547225555549
2208,2265,RegionB,22.541212629629
2208,2265,RegionC,24.6985982412039
2208,2265,RegionD,110.817077684721
2208,2265,RegionE,29.5368611111113
2208,2265,RegionF,55.5626666666683
2208,2266,RegionA,23.4807008065756
2208,2266,RegionB,25.0950240356781
2208,2266,RegionC,20.4025072785814
2208,2266,RegionD,114.137990101389
2208,2266,RegionE,28.8901944444442
2208,2266,RegionF,60.0025000000019
2208,2267,RegionA,24.7978922597215
2208,2267,RegionB,31.096
2208,2267,RegionC,42.390333
2208,2267,RegionD,137.809330295836
2208,2267,RegionE,71.0134444444449
2208,2267,RegionF,58.3778333333355
2208,2268,RegionA,17.902015749443
2208,2268,RegionB,23.3102905569144
2208,2268,RegionC,34.0596620922521
2208,2268,RegionD,109.505920490277
2208,2268,RegionE,45.7284444444426
2208,2268,RegionF,42.0743333333315
2208,2269,RegionA,16.1932222888886
2208,2269,RegionB,16.4766110444444
2208,2269,RegionC,33.9109999999998
2208,2269,RegionD,94.6917777777769
2208,2269,RegionE,24.3044444444433
2208,2269,RegionF,28.5563333333312
2208,2270,RegionA,22.5668333333327
2208,2270,RegionB,15.1736111111113
2208,2270,RegionC,51.6873333333334
2208,2270,RegionD,82.2638888888868
2208,2270,RegionE,25.5764444444429
2208,2270,RegionF,38.5067777777758
2208,2271,RegionA,23.4907499999993
2208,2271,RegionB,18.4166111111113
2208,2271,RegionC,71.9459999999998
2208,2271,RegionD,77.6550555555568
2208,2271,RegionE,61.2609999999992
2208,2271,RegionF,49.0817777777764
2208,2272,RegionA,14.0425833333331
2208,2272,RegionB,15.3431111111115
2208,2272,RegionC,80.7897499999999
2208,2272,RegionD,38.412416666669
2208,2272,RegionE,45.0516666666615
2208,2272,RegionF,36.2537777777783
2208,2273,RegionA,6.70274999999993
2208,2273,RegionB,18.7978888888885
2208,2273,RegionC,65.141416666665
2208,2273,RegionD,28.7716666666662
2208,2273,RegionE,38.8153333333321
2208,2273,RegionF,33.8273333333342
2208,2274,RegionA,17.3357500000001
2208,2274,RegionB,25.1045555555562
2208,2274,RegionC,58.6628611111121
2208,2274,RegionD,33.7400000000001
2208,2274,RegionE,49.5965
2208,2274,RegionF,24.0266666666687
2208,2275,RegionA,47.3219166666671
2208,2275,RegionB,29.7308888888902
2208,2275,RegionC,80.0380833333332
2208,2275,RegionD,43.6903333333339
2208,2275,RegionE,58.000500000001
2208,2275,RegionF,19.244000000001
2208,2276,RegionA,40.7708333333336
2208,2276,RegionB,32.3174500000014
2208,2276,RegionC,73.1666333333323
2208,2276,RegionD,34.5613611111116
2208,2276,RegionE,35.2433333333368
2208,2276,RegionF,10.6873333333336
2208,2277,RegionA,51.2713333333332
2208,2277,RegionB,43.0764500000008
2208,2277,RegionC,72.5146888888875
2208,2277,RegionD,24.6006111111094
2208,2277,RegionE,23.7294444444435
2208,2277,RegionF,14.0156666666657
2208,2278,RegionA,67.5773333333336
2208,2278,RegionB,65.2679722222225
2208,2278,RegionC,68.1358333333339
2208,2278,RegionD,32.9622500000005
2208,2278,RegionE,19.8565555555542
2208,2278,RegionF,26.0126666666656
2208,2279,RegionA,87.1585000000001
2208,2279,RegionB,85.4510833333332
2208,2279,RegionC,76.9956666666667
2208,2279,RegionD,76.8113611111153
2208,2279,RegionE,32.2688888888882
2208,2279,RegionF,70.2146666666671
2232,2256,RegionA,84.2277141843778
2232,2256,RegionB,59.7043187393706
2232,2256,RegionC,61.0113867118321
2232,2256,RegionD,124.025222379124
2232,2256,RegionE,6.83994075699656
2232,2256,RegionF,10.1412499999997
2232,2257,RegionA,91.4676579102914
2232,2257,RegionB,22.0057646942072
2232,2257,RegionC,49.982
2232,2257,RegionD,180.360721782848
2232,2257,RegionE,18.4978544893921
2232,2257,RegionF,12.5944999999998
2232,2258,RegionA,84.5095386842872
2232,2258,RegionB,21.920333
2232,2258,RegionC,52.055333
2232,2258,RegionD,203.453984814459
2232,2258,RegionE,56.7959481465051
2232,2258,RegionF,32.7328051143054
2232,2259,RegionA,66.037333
2232,2259,RegionB,35.381
2232,2259,RegionC,40.368
2232,2259,RegionD,226.659944977462
2232,2259,RegionE,115.938373904327
2232,2259,RegionF,82.3891102286102
2232,2260,RegionA,43.5609667512113
2232,2260,RegionB,26.6932740561245
2232,2260,RegionC,37.710667
2232,2260,RegionD,212.365
2232,2260,RegionE,103.094245994171
2232,2260,RegionF,77.1343901541946
2232,2261,RegionA,29.7792308167994
2232,2261,RegionB,30.5592001849554
2232,2261,RegionC,37.7642182795804
2232,2261,RegionD,207.121928950452
2232,2261,RegionE,121.001365766084
2232,2261,RegionF,85.9034373586867
2232,2262,RegionA,27.073
2232,2262,RegionB,36.1108490116295
2232,2262,RegionC,39.8231010097004
2232,2262,RegionD,209.774533240516
2232,2262,RegionE,146.30904071779
2232,2262,RegionF,92.737667
2232,2263,RegionA,39.895667
2232,2263,RegionB,29.439333
2232,2263,RegionC,46.253333
2232,2263,RegionD,234.76225
2232,2263,RegionE,161.906666666667
2232,2263,RegionF,144.35
2232,2264,RegionA,37.045732742026
2232,2264,RegionB,29.5884759246411
2232,2264,RegionC,36.168
2232,2264,RegionD,232.004123035879
2232,2264,RegionE,149.774921778701
2232,2264,RegionF,144.784
2232,2265,RegionA,30.546667
2232,2265,RegionB,30.784667
2232,2265,RegionC,31.9088058888892
2232,2265,RegionD,234.1405
2232,2265,RegionE,134.607333
2232,2265,RegionF,141.342369071185
2232,2266,RegionA,31.181333
2232,2266,RegionB,27.7521100294946
2232,2266,RegionC,33.8829394566871
2232,2266,RegionD,230.096090658458
2232,2266,RegionE,122.136167920829
2232,2266,RegionF,149.712
2232,2267,RegionA,45.783
2232,2267,RegionB,31.096
2232,2267,RegionC,42.390333
2232,2267,RegionD,229.6005
2232,2267,RegionE,159.212666666667
2232,2267,RegionF,150.428510416667
2232,2268,RegionA,38.0972035405995
2232,2268,RegionB,21.6000911168412
2232,2268,RegionC,33.8514598996382
2232,2268,RegionD,171.228228939783
2232,2268,RegionE,99.6186080627919
2232,2268,RegionF,110.497178716231
2232,2269,RegionA,36.5705402942468
2232,2269,RegionB,17.9718947539826
2232,2269,RegionC,27.4283070381528
2232,2269,RegionD,123.266874231743
2232,2269,RegionE,53.0200667578082
2232,2269,RegionF,83.5001780640188
2232,2270,RegionA,42.990596501751
2232,2270,RegionB,23.2701395245548
2232,2270,RegionC,33.8794356865311
2232,2270,RegionD,84.858358587831
2232,2270,RegionE,47.5783277739927
2232,2270,RegionF,83.6962837873353
2232,2271,RegionA,41.931236042589
2232,2271,RegionB,30.8586111111112
2232,2271,RegionC,44.2413252693146
2232,2271,RegionD,78.1375432722165
2232,2271,RegionE,75.5652855213031
2232,2271,RegionF,80.431893589732
2232,2272,RegionA,30.4997922500943
2232,2272,RegionB,27.7851111111113
2232,2272,RegionC,45.2283523951433
2232,2272,RegionD,42.2935956837247
2232,2272,RegionE,55.9905564388062
2232,2272,RegionF,51.3838583032385
2232,2273,RegionA,8.18319779785562
2232,2273,RegionB,31.2398888888884
2232,2273,RegionC,39.995416666667
2232,2273,RegionD,28.7716666666662
2232,2273,RegionE,51.1351158026544
2232,2273,RegionF,35.4911030661541
2232,2274,RegionA,17.3357500000001
2232,2274,RegionB,35.6505555555568
2232,2274,RegionC,32.0368611111115
2232,2274,RegionD,33.7400000000001
2232,2274,RegionE,65.6765
2232,2274,RegionF,24.0266666666687
2232,2275,RegionA,35.2586118125356
2232,2275,RegionB,35.9791111111124
2232,2275,RegionC,42.1731659652425
2232,2275,RegionD,49.6103333333339
2232,2275,RegionE,79.440500000001
2232,2275,RegionF,35.564000000001
2232,2276,RegionA,28.7075284792022
2232,2276,RegionB,21.1086388888903
2232,2276,RegionC,37.6660826319082
2232,2276,RegionD,48.8813611111116
2232,2276,RegionE,63.3760000000035
2232,2276,RegionF,27.0073333333336
2232,2277,RegionA,31.8473471374825
2232,2277,RegionB,18.0477752830195
2232,2277,RegionC,34.2913498017193
2232,2277,RegionD,57.9195026473552
2232,2277,RegionE,56.1121111111105
2232,2277,RegionF,30.9901084637532
2232,2278,RegionA,35.7666657957636
2232,2278,RegionB,26.2136894549276
2232,2278,RegionC,39.1059741192554
2232,2278,RegionD,99.1688425914344
2232,2278,RegionE,54.5398888888881
2232,2278,RegionF,25.0175502608411
2232,2279,RegionA,42.9611511207109
2232,2279,RegionB,33.3884925157248
2232,2279,RegionC,60.6904317701234
2232,2279,RegionD,178.946935094753
2232,2279,RegionE,87.7751641074292
2232,2279,RegionF,25.1379920579296
2232,2280,RegionA,38.0490400095997
2232,2280,RegionB,31.7795758490584
2232,2280,RegionC,52.1277651034564
2232,2280,RegionD,161.380601761415
2232,2280,RegionE,87.6343863296515
2232,2280,RegionF,20.1103253912622
2232,2281,RegionA,34.1008887797227
2232,2281,RegionB,33.6547425157251
2232,2281,RegionC,45.273333
2232,2281,RegionD,154.227629539192
2232,2281,RegionE,94.1693585518708
2232,2281,RegionF,23.8469920579289
2232,2282,RegionA,28.1089837526201
2232,2282,RegionB,35.3222425157235
2232,2282,RegionC,37.204333
2232,2282,RegionD,133.484810226189
2232,2282,RegionE,115.832025218539
2232,2282,RegionF,41.1867719535921
2232,2283,RegionA,25.968
2232,2283,RegionB,52.746667
2232,2283,RegionC,36.7689240095087
2232,2283,RegionD,99.6595841887358
2232,2283,RegionE,155.195327978585
2232,2283,RegionF,86.0458857120591
2232,2284,RegionA,16.9592646750526
2232,2284,RegionB,38.6302250503138
2232,2284,RegionC,27.6318436079661
2232,2284,RegionD,50.5925838628063
2232,2284,RegionE,123.342083333331
2232,2284,RegionF,69.3484439149721
2232,2285,RegionA,12.2796404612162
2232,2285,RegionB,18.4767553228479
2232,2285,RegionC,15.8872986603771
2232,2285,RegionD,45.9162222222229
2232,2285,RegionE,107.425777777779
2232,2285,RegionF,63.9965555555541
2232,2286,RegionA,9.95208333333331
2232,2286,RegionB,8.88886111111059
2232,2286,RegionC,14.4633333333332
2232,2286,RegionD,72.9070000000009
2232,2286,RegionE,101.231111111111
2232,2286,RegionF,49.1255555555579
2232,2287,RegionA,8.86152777777769
2232,2287,RegionB,9.30741666666661
2232,2287,RegionC,15.4126666666666
2232,2287,RegionD,136.043333333329
2232,2287,RegionE,146.629222222227
2232,2287,RegionF,66.4272222222216
2232,2288,RegionA,6.25619444444409
2232,2288,RegionB,7.51549999999993
2232,2288,RegionC,11.2454999999998
2232,2288,RegionD,101.561555555556
2232,2288,RegionE,107.902444444446
2232,2288,RegionF,66.9725555555558
2232,2289,RegionA,3.32952777777788
2232,2289,RegionB,10.3317777777777
2232,2289,RegionC,10.2623333333333
2232,2289,RegionD,81.4208888888875
2232,2289,RegionE,80.1775555555538
2232,2289,RegionF,71.7553333333337
2232,2290,RegionA,4.84391666666678
2232,2290,RegionB,13.6262777777777
2232,2290,RegionC,9.45683333333322
2232,2290,RegionD,76.1902222222211
2232,2290,RegionE,70.4911111111106
2232,2290,RegionF,79.1856666666667
2232,2291,RegionA,16.0912500000001
2232,2291,RegionB,17.8829444444444
2232,2291,RegionC,9.96583333333322
2232,2291,RegionD,93.4573333333339
2232,2291,RegionE,77.0751111111067
2232,2291,RegionF,89.2469999999956
2232,2292,RegionA,15.7406666666667
2232,2292,RegionB,18.0097777777777
2232,2292,RegionC,6.84049999999975
2232,2292,RegionD,77.0213333333334
2232,2292,RegionE,53.9863333333355
2232,2292,RegionF,70.8526666666665
2232,2293,RegionA,16.2061666666668
2232,2293,RegionB,21.1751111111116
2232,2293,RegionC,4.31099999999999
2232,2293,RegionD,56.5080000000016
2232,2293,RegionE,26.6316111111093
2232,2293,RegionF,61.0113333333343
2232,2294,RegionA,25.1729166666668
2232,2294,RegionB,20.5682222222227
2232,2294,RegionC,4.71433333333336
2232,2294,RegionD,72.2736666666673
2232,2294,RegionE,48.7637222222214
2232,2294,RegionF,64.5695555555572
2232,2295,RegionA,44.800083333334
2232,2295,RegionB,23.9671111111117
2232,2295,RegionC,20.8858689779642
2232,2295,RegionD,126.157019910922
2232,2295,RegionE,105.962388888889
2232,2295,RegionF,56.1368888888917
2232,2296,RegionA,35.6790833333351
2232,2296,RegionB,18.1481111111114
2232,2296,RegionC,19.8268689779642
2232,2296,RegionD,93.6056865775942
2232,2296,RegionE,87.652611111111
2232,2296,RegionF,41.6745555555549
2232,2297,RegionA,24.3670833333358
2232,2297,RegionB,19.8584999999999
2232,2297,RegionC,36.7381903859703
2232,2297,RegionD,93.1892599554646
2232,2297,RegionE,80.3036666666696
2232,2297,RegionF,44.8587718807885
2232,2298,RegionA,16.9273333333335
2232,2298,RegionB,24.7972777777777
2232,2298,RegionC,57.8914006828664
2232,2298,RegionD,107.6685
2232,2298,RegionE,65.6410000000032
2232,2298,RegionF,46.2297659838012
2232,2299,RegionA,58.7783333333335
2232,2299,RegionB,64.2759998686505
2232,2299,RegionC,83.2029999999998
2232,2299,RegionD,97.4598511556514
2232,2299,RegionE,53.8610000000011
2232,2299,RegionF,49.4490934201466
2232,2300,RegionA,69.2145280746897
2232,2300,RegionB,62.0493051272927
2232,2300,RegionC,82.7269999999999
2232,2300,RegionD,53.1428233778719
2232,2300,RegionE,22.2910000000019
2232,2300,RegionF,39.9053989757042
2232,2301,RegionA,65.2121917815129
2232,2301,RegionB,67.4083326081573
2232,2301,RegionC,76.8445600152933
2232,2301,RegionD,27.2715508446631
2232,2301,RegionE,6.36166666666668
2232,2301,RegionF,31.7280314170464
2232,2302,RegionA,60.0960777105569
2232,2302,RegionB,71.157415644577
2232,2302,RegionC,81.3029361586386
2232,2302,RegionD,17.5798494290897
2232,2302,RegionE,10.1529999999998
2232,2302,RegionF,28.3881655015815
2232,2303,RegionA,70.1710747507125
2232,2303,RegionB,79.5165080497153
2232,2303,RegionC,81.4566666666667
2232,2303,RegionD,32.4992204956626
2232,2303,RegionE,24.1573333333352
2232,2303,RegionF,30.7019467039093
2256,2280,RegionA,84.2717500000004
2256,2280,RegionB,80.358420845385
2256,2280,RegionC,69.9047280952345
2256,2280,RegionD,111.902797017669
2256,2280,RegionE,81.0255531324217
2256,2280,RegionF,41.4087771710172
2256,2281,RegionA,79.88023586997
2256,2281,RegionB,76.1832835479885
2256,2281,RegionC,45.273333
2256,2281,RegionD,154.185406078915
2256,2281,RegionE,109.210128573441
2256,2281,RegionF,56.2329710087015
2256,2282,RegionA,38.6912420114525
2256,2282,RegionB,44.826333
2256,2282,RegionC,37.204333
2256,2282,RegionD,180.819331487305
2256,2282,RegionE,146.777779965151
2256,2282,RegionF,87.689031543506
2256,2283,RegionA,25.968
2256,2283,RegionB,52.746667
2256,2283,RegionC,37.339333
2256,2283,RegionD,215.1392705
2256,2283,RegionE,157.860855026002
2256,2283,RegionF,146.008833797635
2256,2284,RegionA,15.2327538013579
2256,2284,RegionB,34.9584766456404
2256,2284,RegionC,29.8739382380959
2256,2284,RegionD,167.663798416111
2256,2284,RegionE,114.922160019107
2256,2284,RegionF,115.118102927432
2256,2285,RegionA,16.0897995105233
2256,2285,RegionB,25.672316656282
2256,2285,RegionC,26.126
2256,2285,RegionD,148.51657892909
2256,2285,RegionE,108.594868517879
2256,2285,RegionF,100.705326046968
2256,2286,RegionA,21.4716663333334
2256,2286,RegionB,24.6892822722596
2256,2286,RegionC,26.0571795934326
2256,2286,RegionD,163.66082618897
2256,2286,RegionE,111.416458156976
2256,2286,RegionF,81.3457200621079
2256,2287,RegionA,21.713333
2256,2287,RegionB,24.898667
2256,2287,RegionC,30.006667
2256,2287,RegionD,235.36625
2256,2287,RegionE,161.92
2256,2287,RegionF,108.345
2256,2288,RegionA,20.1918114571047
2256,2288,RegionB,23.878
2256,2288,RegionC,26.809667
2256,2288,RegionD,227.454257430402
2256,2288,RegionE,144.696864738673
2256,2288,RegionF,114.143269387981
2256,2289,RegionA,20.361333
2256,2289,RegionB,28.7033177658517
2256,2289,RegionC,26.579
2256,2289,RegionD,235.224513085793
2256,2289,RegionE,123.598818356704
2256,2289,RegionF,126.286890726126
2256,2290,RegionA,24.221
2256,2290,RegionB,29.2312256091117
2256,2290,RegionC,25.9474558097034
2256,2290,RegionD,234.62
2256,2290,RegionE,111.351698931936
2256,2290,RegionF,140.211094572528
2256,2291,RegionA,42.2281431597132
2256,2291,RegionB,30.789333
2256,2291,RegionC,26.405
2256,2291,RegionD,233.892
2256,2291,RegionE,127.590455029069
2256,2291,RegionF,149.000666666667
2256,2292,RegionA,41.1588831234719
2256,2292,RegionB,21.6805836015421
2256,2292,RegionC,17.3568333333331
2256,2292,RegionD,170.444691768798
2256,2292,RegionE,90.8520406776438
2256,2292,RegionF,123.399853214206
2256,2293,RegionA,40.2189294791406
2256,2293,RegionB,15.9765419380543
2256,2293,RegionC,9.08591272917533
2256,2293,RegionD,107.542019826529
2256,2293,RegionE,50.88856879209
2256,2293,RegionF,106.863351005211
2256,2294,RegionA,43.4897809050714
2256,2294,RegionB,14.7797777777781
2256,2294,RegionC,17.5237116315791
2256,2294,RegionD,101.623819105457
2256,2294,RegionE,60.106845628785
2256,2294,RegionF,90.5277675246615
2256,2295,RegionA,56.3571377453587
2256,2295,RegionB,20.5253333333339
2256,2295,RegionC,43.2634144814545
2256,2295,RegionD,156.985303063899
2256,2295,RegionE,92.0740142638594
2256,2295,RegionF,62.4112951552235
2256,2296,RegionA,40.4763279189798
2256,2296,RegionB,17.0530000000003
2256,2296,RegionC,42.1375576411678
2256,2296,RegionD,114.79695979203
2256,2296,RegionE,69.1642364860814
2256,2296,RegionF,35.9451561191143
2256,2297,RegionA,24.3670833333358
2256,2297,RegionB,13.5118333333332
2256,2297,RegionC,54.8597546692405
2256,2297,RegionD,111.938461287109
2256,2297,RegionE,58.2819587083066
2256,2297,RegionF,39.1163808909032
2256,2298,RegionA,16.9273333333335
2256,2298,RegionB,12.1039444444443
2256,2298,RegionC,68.6550404450037
2256,2298,RegionD,126.238016842663
2256,2298,RegionE,45.1259587083074
2256,2298,RegionF,50.1049840040305
2256,2299,RegionA,43.7383333333335
2256,2299,RegionB,9.54894444444435
2256,2299,RegionC,83.2029999999998
2256,2299,RegionD,141.015542510326
2256,2299,RegionE,66.5795370391883
2256,2299,RegionF,62.9419204504907
2256,2300,RegionA,44.3438333333334
2256,2300,RegionB,4.39561111111101
2256,2300,RegionC,82.7269999999998
2256,2300,RegionD,86.3460591139923
2256,2300,RegionE,48.6862826600383
2256,2300,RegionF,62.8312693370854
2256,2301,RegionA,28.9591666666674
2256,2301,RegionB,6.63421486405243
2256,2301,RegionC,68.2384440939093
2256,2301,RegionD,62.2688611111132
2256,2301,RegionE,41.773911664216
2256,2301,RegionF,66.9517349333816
2256,2302,RegionA,12.4607222222222
2256,2302,RegionB,10.5371113919654
2256,2302,RegionC,71.7132184591905
2256,2302,RegionD,57.6530833333336
2256,2302,RegionE,44.4985783308819
2256,2302,RegionF,71.81473070685
2256,2303,RegionA,13.169388888889
2256,2303,RegionB,20.1430398795954
2256,2303,RegionC,81.4566666666667
2256,2303,RegionD,73.2668055555551
2256,2303,RegionE,52.558911664217
2256,2303,RegionF,77.9079373450784
2256,2304,RegionA,11.0155555555551
2256,2304,RegionB,17.5126027933207
2256,2304,RegionC,66.0636726339682
2256,2304,RegionD,56.9847222222184
2256,2304,RegionE,17.8329659996742
2256,2304,RegionF,56.3475641285927
2256,2305,RegionA,9.90200000000002
2256,2305,RegionB,23.0343879292695
2256,2305,RegionC,58.8817846691311
2256,2305,RegionD,58.3197222222213
2256,2305,RegionE,14.4533333333333
2256,2305,RegionF,43.2896885127114
2256,2306,RegionA,14.4727222222223
2256,2306,RegionB,26.4651519548496
2256,2306,RegionC,51.209333
2256,2306,RegionD,91.7894205221816
2256,2306,RegionE,25.7801797395804
2256,2306,RegionF,31.903442561168
2256,2307,RegionA,27.6787222222233
2256,2307,RegionB,31.522
2256,2307,RegionC,42.852
2256,2307,RegionD,156.221507711028
2256,2307,RegionE,38.6492483680504
2256,2307,RegionF,47.4955216987033
2256,2308,RegionA,12.9971666666657
2256,2308,RegionB,16.8499850028044
2256,2308,RegionC,31.2958077123528
2256,2308,RegionD,154.932160488805
2256,2308,RegionE,29.7869150347161
2256,2308,RegionF,44.2219650946555
2256,2309,RegionA,6.37461111110996
2256,2309,RegionB,16.2456328098096
2256,2309,RegionC,23.151174842727
2256,2309,RegionD,155.505620348179
2256,2309,RegionE,18.5806635086772
2256,2309,RegionF,60.3402418239418
2256,2310,RegionA,7.68444444444406
2256,2310,RegionB,16.3482994764764
2256,2310,RegionC,26.0895416666667
2256,2310,RegionD,145.558675087761
2256,2310,RegionE,18.6693448802085
2256,2310,RegionF,85.82266666667
2256,2311,RegionA,12.3373333333338
2256,2311,RegionB,15.6564661431428
2256,2311,RegionC,30.104
2256,2311,RegionD,138.354033856858
2256,2311,RegionE,45.8344722222246
2256,2311,RegionF,121.594944444444
2256,2312,RegionA,10.6487777777783
2256,2312,RegionB,17.5514818121285
2256,2312,RegionC,29.1118298611114
2256,2312,RegionD,99.442382771208
2256,2312,RegionE,26.2185833333334
2256,2312,RegionF,114.472944444444
2256,2313,RegionA,9.41111111111105
2256,2313,RegionB,18.0443320738902
2256,2313,RegionC,26.3621597222222
2256,2313,RegionD,78.7198693149971
2256,2313,RegionE,17.3006944444446
2256,2313,RegionF,111.685666666666
2256,2314,RegionA,9.98411111111075
2256,2314,RegionB,19.2539444444439
2256,2314,RegionC,21.01
2256,2314,RegionD,115.026749999998
2256,2314,RegionE,18.0249444444441
2256,2314,RegionF,116.746277777777
2256,2315,RegionA,9.19399999999996
2256,2315,RegionB,24.5562777777773
2256,2315,RegionC,16.4778715277785
2256,2315,RegionD,213.69837847222
2256,2315,RegionE,26.1741111111103
2256,2315,RegionF,150.902166666667
2256,2316,RegionA,8.63266666666666
2256,2316,RegionB,18.7403611111108
2256,2316,RegionC,14.023079861112
2256,2316,RegionD,189.903670138883
2256,2316,RegionE,25.285
2256,2316,RegionF,114.61677777778
2256,2317,RegionA,8.29199999999993
2256,2317,RegionB,18.5603055555549
2256,2317,RegionC,25.6432048611121
2256,2317,RegionD,148.467378472219
2256,2317,RegionE,30.7320000000004
2256,2317,RegionF,77.8258888888899
2256,2318,RegionA,9.80249999999963
2256,2318,RegionB,29.3638333333328
2256,2318,RegionC,38.4914388888893
2256,2318,RegionD,119.758444444444
2256,2318,RegionE,43.3208888888891
2256,2318,RegionF,83.8603666666662
2256,2319,RegionA,16.6368333333334
2256,2319,RegionB,38.7508333333332
2256,2319,RegionC,52.8901090277779
2256,2319,RegionD,131.965440972217
2256,2319,RegionE,67.675444444444
2256,2319,RegionF,122.275200000003
2256,2320,RegionA,16.5724999999993
2256,2320,RegionB,37.9992777777781
2256,2320,RegionC,51.3280013888878
2256,2320,RegionD,76.7168041666616
2256,2320,RegionE,65.5452777777778
2256,2320,RegionF,82.7591666666692
2256,2321,RegionA,13.5214999999998
2256,2321,RegionB,41.0314722222231
2256,2321,RegionC,54.9397548611098
2256,2321,RegionD,70.1063006944418
2256,2321,RegionE,61.1818888888889
2256,2321,RegionF,67.6044999999996
2256,2322,RegionA,14.0606666666668
2256,2322,RegionB,57.1994999999992
2256,2322,RegionC,65.4291111111104
2256,2322,RegionD,82.3901666666661
2256,2322,RegionE,55.8833333333325
2256,2322,RegionF,53.1016666666695
2256,2323,RegionA,36.8579306871141
2256,2323,RegionB,82.0573470906627
2256,2323,RegionC,78.7393333333333
2256,2323,RegionD,64.4501111111089
2256,2323,RegionE,44.9529999999991
2256,2323,RegionF,59.5075000000009
2256,2324,RegionA,40.6242640204469
2256,2324,RegionB,67.3544560186621
2256,2324,RegionC,75.1269466275583
2256,2324,RegionD,31.8171111111074
2256,2324,RegionE,17.1521666666665
2256,2324,RegionF,50.5075000000009
2256,2325,RegionA,43.6905973537803
2256,2325,RegionB,61.0759041744722
2256,2325,RegionC,64.4788318050824
2256,2325,RegionD,21.0797777777757
2256,2325,RegionE,3.23699999999997
2256,2325,RegionF,29.9647222222249
2256,2326,RegionA,47.3782640204469
2256,2326,RegionB,65.5354336969005
2256,2326,RegionC,50.8430503159396
2256,2326,RegionD,63.3124167890031
2256,2326,RegionE,2.61666666666667
2256,2326,RegionF,18.0253907332657
2256,2327,RegionA,60.9664077507125
2256,2327,RegionB,71.6081740497153
2256,2327,RegionC,49.5341364883643
2256,2327,RegionD,160.040500244674
2256,2327,RegionE,29
2256,2327,RegionF,23.4472259109785
2280,2304,RegionA,52.6430476841094
2280,2304,RegionB,39.2543282276385
2280,2304,RegionC,65.1685089241799
2280,2304,RegionD,78.7710732595117
2280,2304,RegionE,31.0687414546485
2280,2304,RegionF,33.3925000000008
2280,2305,RegionA,43.755333
2280,2305,RegionB,45.132832333329
2280,2305,RegionC,66.2464416837637
2280,2305,RegionD,117.473976471996
2280,2305,RegionE,60.912253223644
2280,2305,RegionF,49.4887846096715
2280,2306,RegionA,44.8959170000013
2280,2306,RegionB,32.437333
2280,2306,RegionC,51.209333
2280,2306,RegionD,157.446811925169
2280,2306,RegionE,104.751743588366
2280,2306,RegionF,62.6099045811865
2280,2307,RegionA,41.864
2280,2307,RegionB,31.522
2280,2307,RegionC,42.852
2280,2307,RegionD,213.950509051922
2280,2307,RegionE,150.18675
2280,2307,RegionF,104.879205815114
2280,2308,RegionA,24.149333
2280,2308,RegionB,24.2856887660013
2280,2308,RegionC,27.0955551384179
2280,2308,RegionD,199.023333
2280,2308,RegionE,130.72
2280,2308,RegionF,86.0553092460562
2280,2309,RegionA,22.474667
2280,2309,RegionB,24.707419035249
2280,2309,RegionC,27.8301416495657
2280,2309,RegionD,209.067729675724
2280,2309,RegionE,103.90324836805
2280,2309,RegionF,100.975211497874
2280,2310,RegionA,25.493997229202
2280,2310,RegionB,25.6367521041315
2280,2310,RegionC,28.7879484452988
2280,2310,RegionD,216.251363444628
2280,2310,RegionE,101.429445640832
2280,2310,RegionF,125.136716667778
2280,2311,RegionA,28.625333
2280,2311,RegionB,23.698333
2280,2311,RegionC,30.104
2280,2311,RegionD,235.103352542799
2280,2311,RegionE,152.492667
2280,2311,RegionF,153.798
2280,2312,RegionA,27.861333
2280,2312,RegionB,28.8167868776312
2280,2312,RegionC,25.4875211811316
2280,2312,RegionD,225.325904218976
2280,2312,RegionE,126.906
2280,2312,RegionF,153.457584622573
2280,2313,RegionA,28.2563165904493
2280,2313,RegionB,37.5770000688864
2280,2313,RegionC,22.5805833333336
2280,2313,RegionD,214.476714850637
2280,2313,RegionE,113.878082522294
2280,2313,RegionF,150.50648930714
2280,2314,RegionA,34.654667
2280,2314,RegionB,38.818333
2280,2314,RegionC,21.01
2280,2314,RegionD,224.320818564908
2280,2314,RegionE,117.332447954134
2280,2314,RegionF,144.336399356184
2280,2315,RegionA,63.634
2280,2315,RegionB,51.466667
2280,2315,RegionC,21.02
2280,2315,RegionD,234.62375
2280,2315,RegionE,158.572333333333
2280,2315,RegionF,152.1835
2280,2316,RegionA,60.7314022824113
2280,2316,RegionB,32.9500910570696
2280,2316,RegionC,14.7914511445517
2280,2316,RegionD,169.74124341806
2280,2316,RegionE,126.84996153675
2280,2316,RegionF,115.11259159233
2280,2317,RegionA,53.6297879326966
2280,2317,RegionB,21.4582506666658
2280,2317,RegionC,23.7862579617509
2280,2317,RegionD,122.713813823613
2280,2317,RegionE,69.4201391937051
2280,2317,RegionF,97.3384751528339
2280,2318,RegionA,39.8393151004367
2280,2318,RegionB,21.669815037037
2280,2318,RegionC,44.6930119426265
2280,2318,RegionD,100.931818690144
2280,2318,RegionE,63.5365051061374
2280,2318,RegionF,101.929666666666
2280,2319,RegionA,31.6294940789016
2280,2319,RegionB,25.3681666666663
2280,2319,RegionC,67.2034881457242
2280,2319,RegionD,123.908380502392
2280,2319,RegionE,79.6354444444436
2280,2319,RegionF,133.902500000002
2280,2320,RegionA,21.2279434575941
2280,2320,RegionB,21.8966111111112
2280,2320,RegionC,67.8307103679453
2280,2320,RegionD,76.9974073267962
2280,2320,RegionE,72.9052777777774
2280,2320,RegionF,88.5191666666683
2280,2321,RegionA,13.5214999999998
2280,2321,RegionB,20.8714722222231
2280,2321,RegionC,64.105800047119
2280,2321,RegionD,75.1041666666648
2280,2321,RegionE,68.6885555555551
2280,2321,RegionF,73.0444999999987
2280,2322,RegionA,14.0606666666668
2280,2322,RegionB,25.5283888888884
2280,2322,RegionC,60.354990510688
2280,2322,RegionD,91.0301666666661
2280,2322,RegionE,78.0966666666658
2280,2322,RegionF,62.0616666666696
2280,2323,RegionA,16.8100000000002
2280,2323,RegionB,26.4430555555551
2280,2323,RegionC,78.1071809742573
2280,2323,RegionD,75.9701111111089
2280,2323,RegionE,98.2329999999991
2280,2323,RegionF,72.947500000001
2280,2324,RegionA,15.976333333333
2280,2324,RegionB,15.1373333333334
2280,2324,RegionC,67.5863522492035
2280,2324,RegionD,46.7937913447612
2280,2324,RegionE,69.7992777777782
2280,2324,RegionF,68.1125056216374
2280,2325,RegionA,14.4426666666664
2280,2325,RegionB,12.1690000000004
2280,2325,RegionC,57.4391838449751
2280,2325,RegionD,37.0651382450834
2280,2325,RegionE,52.2441111111117
2280,2325,RegionF,50.1667334654985
2280,2326,RegionA,13.530333333333
2280,2326,RegionB,11.4662222222228
2280,2326,RegionC,60.8399424341287
2280,2326,RegionD,58.2547073676283
2280,2326,RegionE,49.0070978381893
2280,2326,RegionF,54.6129190267203
2280,2327,RegionA,23.4856666666662
2280,2327,RegionB,12.7808888888889
2280,2327,RegionC,75.2999731993571
2280,2327,RegionD,129.403004314096
2280,2327,RegionE,77.2066401208219
2280,2327,RegionF,76.4202712546141
2280,2328,RegionA,17.8588333333334
2280,2328,RegionB,17.3537406843942
2280,2328,RegionC,51.1086534330116
2280,2328,RegionD,130.83680561827
2280,2328,RegionE,74.9354734541547
2280,2328,RegionF,71.8660490323932
2280,2329,RegionA,15.7911666666668
2280,2329,RegionB,21.8362591465667
2280,2329,RegionC,39.979667
2280,2329,RegionD,123.014273589106
2280,2329,RegionE,55.2411401208203
2280,2329,RegionF,65.9427156990594
2280,2330,RegionA,13.7032654201195
2280,2330,RegionB,38.7217130732834
2280,2330,RegionC,49.6438182251984
2280,2330,RegionD,125.35834942909
2280,2330,RegionE,46.6573067874925
2280,2330,RegionF,61.8048526203728
2280,2331,RegionA,15.5383641735723
2280,2331,RegionB,57.222667
2280,2331,RegionC,58.816
2280,2331,RegionD,147.23745392909
2280,2331,RegionE,53.3809295395714
2280,2331,RegionF,50.0107798022136
2280,2332,RegionA,14.9721975069054
2280,2332,RegionB,57.7056850061663
2280,2332,RegionC,47.9784876154692
2280,2332,RegionD,127.036620595758
2280,2332,RegionE,38.3762483680503
2280,2332,RegionF,28.4787609076514
2280,2333,RegionA,13.9625982811118
2280,2333,RegionB,51.5918332117199
2280,2333,RegionC,33.826280086113
2280,2333,RegionD,103.296395878102
2280,2333,RegionE,40.7941943610011
2280,2333,RegionF,32.3999204041737
2280,2334,RegionA,12.6344275029899
2280,2334,RegionB,43.4062861800607
2280,2334,RegionC,27.3622886433424
2280,2334,RegionD,84.8838310069391
2280,2334,RegionE,56.8439554762819
2280,2334,RegionF,41.2906834126033
2280,2335,RegionA,31.4522613086647
2280,2335,RegionB,63.510667
2280,2335,RegionC,23.5
2280,2335,RegionD,72.6405716913321
2280,2335,RegionE,63.5132777777792
2280,2335,RegionF,47.2242222222219
2280,2336,RegionA,31.504777777779
2280,2336,RegionB,40.3492566222906
2280,2336,RegionC,10.8404865575315
2280,2336,RegionD,40.2321734868421
2280,2336,RegionE,53.5036111111115
2280,2336,RegionF,40.4485555555556
2280,2337,RegionA,27.2626666666668
2280,2337,RegionB,26.4903843251896
2280,2337,RegionC,8.35611567481009
2280,2337,RegionD,25.31613888889
2280,2337,RegionE,50.1001666666685
2280,2337,RegionF,44.435222222222
2280,2338,RegionA,44.7816666666663
2280,2338,RegionB,23.2716440967999
2280,2338,RegionC,13.2628559031995
2280,2338,RegionD,29.8012500000014
2280,2338,RegionE,46.3485833333328
2280,2338,RegionF,58.7023333333335
2280,2339,RegionA,92.135916666665
2280,2339,RegionB,27.2662372017433
2280,2339,RegionC,21.4522627982558
2280,2339,RegionD,87.5312500000019
2280,2339,RegionE,49.2914999999985
2280,2339,RegionF,66.0676666666651
2280,2340,RegionA,66.921583333328
2280,2340,RegionB,16.6205000000008
2280,2340,RegionC,20.5852222222223
2280,2340,RegionD,85.5506666666674
2280,2340,RegionE,50.1181944444434
2280,2340,RegionF,58.2651666666656
2280,2341,RegionA,41.1965833333315
2280,2341,RegionB,14.9485000000002
2280,2341,RegionC,32.6987777777777
2280,2341,RegionD,91.0019999999999
2280,2341,RegionE,51.4607499999992
2280,2341,RegionF,58.9718333333325
2280,2342,RegionA,32.6818611111096
2280,2342,RegionB,22.6561666666666
2280,2342,RegionC,47.8797777777779
2280,2342,RegionD,87.392666666664
2280,2342,RegionE,47.3423333333347
2280,2342,RegionF,81.7971111111101
2280,2343,RegionA,28.5841666666661
2280,2343,RegionB,28.3544166666655
2280,2343,RegionC,64.9805555555572
2280,2343,RegionD,139.198333333332
2280,2343,RegionE,45.2816666666679
2280,2343,RegionF,107.092722222223
2280,2344,RegionA,21.5508333333333
2280,2344,RegionB,20.7520833333332
2280,2344,RegionC,51.2320000000011
2280,2344,RegionD,108.0155
2280,2344,RegionE,37.1093333333356
2280,2344,RegionF,91.8473888888891
2280,2345,RegionA,18.6972222222223
2280,2345,RegionB,21.6531481481484
2280,2345,RegionC,53.4869629629634
2280,2345,RegionD,105.019333333334
2280,2345,RegionE,28.610666666668
2280,2345,RegionF,81.1831111111119
2280,2346,RegionA,19.3768333333328
2280,2346,RegionB,43.7191851851859
2280,2346,RegionC,52.7577037037037
2280,2346,RegionD,99.0152222222215
2280,2346,RegionE,31.1191111111127
2280,2346,RegionF,80.5259166666671
2280,2347,RegionA,24.4670247157151
2280,2347,RegionB,72.3992808398402
2280,2347,RegionC,78.5926666666666
2280,2347,RegionD,85.2470555555568
2280,2347,RegionE,40.4871111111132
2280,2347,RegionF,85.8186944444442
2280,2348,RegionA,18.4316071122804
2280,2348,RegionB,58.3535030620623
2280,2348,RegionC,69.4656666666669
2280,2348,RegionD,51.9301953812103
2280,2348,RegionE,36.6951906906899
2280,2348,RegionF,57.470781531532
2280,2349,RegionA,16.3328365081296
2280,2349,RegionB,53.7252530620619
2280,2349,RegionC,68.1990752229367
2280,2349,RegionD,30.6015574290898
2280,2349,RegionE,46.7087222222219
2280,2349,RegionF,32.7822500000013
2280,2350,RegionA,35.9736778516435
2280,2350,RegionB,57.078253062061
2280,2350,RegionC,53.5689282236566
2280,2350,RegionD,66.0618494290897
2280,2350,RegionE,79.398
2280,2350,RegionF,22.9862914335506
2280,2351,RegionA,57.0490747507125
2280,2351,RegionB,60.9661740497154
2280,2351,RegionC,40.6063046811595
2280,2351,RegionD,136.159752540199
2280,2351,RegionE,157.584
2280,2351,RegionF,44.3990828671
2304,2328,RegionA,69.9751666666611
2304,2328,RegionB,67.8755831666662
2304,2328,RegionC,52.8990418333322
2304,2328,RegionD,162.232666666671
2304,2328,RegionE,44.6224999999995
2304,2328,RegionF,21.8227252557652
2304,2329,RegionA,55.4587499999938
2304,2329,RegionB,60.038333
2304,2329,RegionC,39.979667
2304,2329,RegionD,205.640250000003
2304,2329,RegionE,56.1537499999994
2304,2329,RegionF,22.7722005115273
2304,2330,RegionA,31.988
2304,2330,RegionB,55.790667
2304,2330,RegionC,53.864516444589
2304,2330,RegionD,232.5925
2304,2330,RegionE,87.0729004490851
2304,2330,RegionF,51.8628368395173
2304,2331,RegionA,24.738667
2304,2331,RegionB,57.222667
2304,2331,RegionC,58.816
2304,2331,RegionD,234.0805
2304,2331,RegionE,129.520773120396
2304,2331,RegionF,81.8713691683483
2304,2332,RegionA,15.1691668888917
2304,2332,RegionB,50.3456264916589
2304,2332,RegionC,48.1249561090549
2304,2332,RegionD,202.95849853527
2304,2332,RegionE,107.189298697179
2304,2332,RegionF,81.2742578495706
2304,2333,RegionA,19.0732501111125
2304,2333,RegionB,47.9578289525348
2304,2333,RegionC,39.515270880186
2304,2333,RegionD,213.547080403875
2304,2333,RegionE,109.286267945792
2304,2333,RegionF,86.198879005449
2304,2334,RegionA,26.168
2304,2334,RegionB,45.120667
2304,2334,RegionC,27.3977452794757
2304,2334,RegionD,228.777503682621
2304,2334,RegionE,132.07887742643
2304,2334,RegionF,94.0456778170606
2304,2335,RegionA,44.205333
2304,2335,RegionB,63.510667
2304,2335,RegionC,23.5
2304,2335,RegionD,235.4525
2304,2335,RegionE,155.852333
2304,2335,RegionF,113.508667
2304,2336,RegionA,57.0147913157422
2304,2336,RegionB,51.537667
2304,2336,RegionC,22.595333
2304,2336,RegionD,221.939737994154
2304,2336,RegionE,102.407984614267
2304,2336,RegionF,111.67165433582
2304,2337,RegionA,69.529333
2304,2337,RegionB,30.956667
2304,2337,RegionC,24.8795413189365
2304,2337,RegionD,209.016965440739
2304,2337,RegionE,81.4909350433772
2304,2337,RegionF,115.265241346099
2304,2338,RegionA,76.2189025898176
2304,2338,RegionB,24.6791694654813
2304,2338,RegionC,28.0298065055695
2304,2338,RegionD,196.186854983802
2304,2338,RegionE,81.1256824082235
2304,2338,RegionF,116.510874273542
2304,2339,RegionA,92.70125
2304,2339,RegionB,37.176667
2304,2339,RegionC,36.650667
2304,2339,RegionD,230.72025
2304,2339,RegionE,97.6545581032982
2304,2339,RegionF,110.221396089873
2304,2340,RegionA,58.1687509958718
2304,2340,RegionB,25.6979716295695
2304,2340,RegionC,27.4630153154246
2304,2340,RegionD,175.586319730838
2304,2340,RegionE,89.942240717114
2304,2340,RegionF,85.5322396349125
2304,2341,RegionA,42.6484885572607
2304,2341,RegionB,14.9514428012674
2304,2341,RegionC,26.2826382722082
2304,2341,RegionD,142.237593748979
2304,2341,RegionE,77.3727253290239
2304,2341,RegionF,74.0559281094045
2304,2342,RegionA,34.4448635229987
2304,2342,RegionB,22.6561666666666
2304,2342,RegionC,34.9731111111112
2304,2342,RegionD,119.358292901635
2304,2342,RegionE,79.3895388590832
2304,2342,RegionF,80.5001503288361
2304,2343,RegionA,29.7249329331827
2304,2343,RegionB,28.3544166666655
2304,2343,RegionC,45.6205555555572
2304,2343,RegionD,168.719707740297
2304,2343,RegionE,81.6962500741052
2304,2343,RegionF,89.7107058816023
2304,2344,RegionA,22.0693634544772
2304,2344,RegionB,20.7520833333332
2304,2344,RegionC,31.8720000000011
2304,2344,RegionD,131.071499999998
2304,2344,RegionE,73.923916740773
2304,2344,RegionF,65.6076086936415
2304,2345,RegionA,18.6972222222223
2304,2345,RegionB,18.7241111111114
2304,2345,RegionC,24.4693333333337
2304,2345,RegionD,127.739333333334
2304,2345,RegionE,75.051916740772
2304,2345,RegionF,46.7285277036742
2304,2346,RegionA,19.3768333333328
2304,2346,RegionB,37.8611111111119
2304,2346,RegionC,20.3206666666668
2304,2346,RegionD,118.856999999999
2304,2346,RegionE,95.4270278518838
2304,2346,RegionF,34.6713332592293
2304,2347,RegionA,20.4324999999995
2304,2347,RegionB,51.9666944444448
2304,2347,RegionC,39.6941292414042
2304,2347,RegionD,101.995500000001
2304,2347,RegionE,138.548318741341
2304,2347,RegionF,34.3746909061458
2304,2348,RegionA,13.771833333333
2304,2348,RegionB,33.5609166666669
2304,2348,RegionC,37.0204625747378
2304,2348,RegionD,60.0905555555531
2304,2348,RegionE,116.090860370953
2304,2348,RegionF,31.8123159431981
2304,2349,RegionA,9.58133333333299
2304,2349,RegionB,20.0293333333338
2304,2349,RegionC,43.1476793236884
2304,2349,RegionD,35.9265054732688
2304,2349,RegionE,106.908370758596
2304,2349,RegionF,32.7564722222217
2304,2350,RegionA,19.1290419833364
2304,2350,RegionB,25.9502083333332
2304,2350,RegionC,57.6696210656811
2304,2350,RegionD,51.9459553909862
2304,2350,RegionE,110.922228782221
2304,2350,RegionF,49.4499444444435
2304,2351,RegionA,30.1113061888949
2304,2351,RegionB,34.7004166666668
2304,2351,RegionC,65.0393405854526
2304,2351,RegionD,102.603016419813
2304,2351,RegionE,157.584
2304,2351,RegionF,106.726309028059
2304,2352,RegionA,28.9686395222282
2304,2352,RegionB,29.91875
2304,2352,RegionC,51.2740072521196
2304,2352,RegionD,100.118127530925
2304,2352,RegionE,130.552124152966
2304,2352,RegionF,71.6130737639807
2304,2353,RegionA,26.4843061888952
2304,2353,RegionB,24.369
2304,2353,RegionC,40.228
2304,2353,RegionD,112.757794197592
2304,2353,RegionE,98.1787334515009
2304,2353,RegionF,62.2795828286775
2304,2354,RegionA,25.8999173000057
2304,2354,RegionB,23.5170000000006
2304,2354,RegionC,26.9261262864492
2304,2354,RegionD,116.471879255191
2304,2354,RegionE,93.4608624104637
2304,2354,RegionF,59.5318536367775
2304,2355,RegionA,29.5716428097263
2304,2355,RegionB,23.535684027777
2304,2355,RegionC,21.552
2304,2355,RegionD,133.967318226361
2304,2355,RegionE,100.83252907713
2304,2355,RegionF,87.6021869701103
2304,2356,RegionA,21.6209341597227
2304,2356,RegionB,14.8264756944434
2304,2356,RegionC,11.706273279136
2304,2356,RegionD,91.4442016419797
2304,2356,RegionE,76.2112752244956
2304,2356,RegionF,73.3659233335497
2304,2357,RegionA,12.7802777777771
2304,2357,RegionB,11.6050000000001
2304,2357,RegionC,9.68032613223994
2304,2357,RegionD,73.745249999999
2304,2357,RegionE,51.8721808374381
2304,2357,RegionF,58.0266596969891
2304,2358,RegionA,7.80244444444485
2304,2358,RegionB,10.9236666666664
2304,2358,RegionC,10.902
2304,2358,RegionD,77.6959166666656
2304,2358,RegionE,60.6772222222224
2304,2358,RegionF,64.4005555555566
2304,2359,RegionA,6.83444444444486
2304,2359,RegionB,15.2380000000001
2304,2359,RegionC,15.6559999999998
2304,2359,RegionD,111.227583333334
2304,2359,RegionE,93.4632222222221
2304,2359,RegionF,125.58638888889
2304,2360,RegionA,5.1883333333333
2304,2360,RegionB,13.1076666666668
2304,2360,RegionC,12.4815
2304,2360,RegionD,95.0034166666662
2304,2360,RegionE,83.4405555555562
2304,2360,RegionF,106.720055555554
2304,2361,RegionA,4.96600000000003
2304,2361,RegionB,23.1388333333321
2304,2361,RegionC,10.4631666666666
2304,2361,RegionD,78.678499999999
2304,2361,RegionE,98.4319999999996
2304,2361,RegionF,92.215111111113
2304,2362,RegionA,5.07800000000011
2304,2362,RegionB,28.2223888888878
2304,2362,RegionC,10.2433333333333
2304,2362,RegionD,70.0546666666664
2304,2362,RegionE,131.330583333335
2304,2362,RegionF,101.368777777777
2304,2363,RegionA,7.36149999999992
2304,2363,RegionB,41.4967222222219
2304,2363,RegionC,11.901083333333
2304,2363,RegionD,77.54711111111
2304,2363,RegionE,150.029138888889
2304,2363,RegionF,107.579166666667
2304,2364,RegionA,9.68633333333324
2304,2364,RegionB,27.5007222222229
2304,2364,RegionC,13.6561944444443
2304,2364,RegionD,48.3226666666663
2304,2364,RegionE,113.562805555558
2304,2364,RegionF,69.6173888888914
2304,2365,RegionA,11.9517499999997
2304,2365,RegionB,23.7433333333342
2304,2365,RegionC,16.0685277777776
2304,2365,RegionD,21.4020000000029
2304,2365,RegionE,92.5038469482984
2304,2365,RegionF,39.9572919405913
2304,2366,RegionA,14.5970833333331
2304,2366,RegionB,25.1618333333334
2304,2366,RegionC,19.8105277777768
2304,2366,RegionD,31.1222222222231
2304,2366,RegionE,64.267749452151
2304,2366,RegionF,43.7045561034074
2304,2367,RegionA,14.4504166666665
2304,2367,RegionB,35.1295000000001
2304,2367,RegionC,23.6029999999992
2304,2367,RegionD,79.8482222222219
2304,2367,RegionE,67.8295130671128
2304,2367,RegionF,85.7896258217775
2304,2368,RegionA,11.2755833333336
2304,2368,RegionB,28.1416666666674
2304,2368,RegionC,24.8496666666659
2304,2368,RegionD,75.7946870310628
2304,2368,RegionE,49.27218714716
2304,2368,RegionF,80.3562924884432
2304,2369,RegionA,14.82146171149
2304,2369,RegionB,35.3527882885095
2304,2369,RegionC,34.3963008576647
2304,2369,RegionD,71.9929570307773
2304,2369,RegionE,43.2091112272073
2304,2369,RegionF,69.0847975510139
2304,2370,RegionA,24.5601178674239
2304,2370,RegionB,47.1980210214646
2304,2370,RegionC,52.0699350486649
2304,2370,RegionD,84.1083381416064
2304,2370,RegionE,34.0988130850379
2304,2370,RegionF,36.3334415024737
2304,2371,RegionA,48.6852321519074
2304,2371,RegionB,76.0111426433084
2304,2371,RegionC,84.9316666666667
2304,2371,RegionD,111.545385919101
2304,2371,RegionE,37.4031102598007
2304,2371,RegionF,52.8134068036571
2304,2372,RegionA,45.4508988185734
2304,2372,RegionB,65.5761426433096
2304,2372,RegionC,70.9213333333361
2304,2372,RegionD,85.5643859191018
2304,2372,RegionE,19.3030966448371
2304,2372,RegionF,47.0528648630623
2304,2373,RegionA,47.3437140941975
2304,2373,RegionB,63.8649495750742
2304,2373,RegionC,74.1786277926158
2304,2373,RegionD,67.9520415074128
2304,2373,RegionE,17.2655107748952
2304,2373,RegionF,32.6357951446937
2304,2374,RegionA,51.9748904809301
2304,2374,RegionB,71.5986453957272
2304,2374,RegionC,76.7875718565276
2304,2374,RegionD,64.3985168114326
2304,2374,RegionE,34.6199900660556
2304,2374,RegionF,37.2444409448819
2304,2375,RegionA,58.0050747507124
2304,2375,RegionB,86.4253333333333
2304,2375,RegionC,70.6801364883642
2304,2375,RegionD,64.4841357006045
2304,2375,RegionE,57.7747727335642
2304,2375,RegionF,38.5124914378672
2328,2352,RegionA,74.5567501666671
2328,2352,RegionB,33.5947028117709
2328,2352,RegionC,54.3865332993359
2328,2352,RegionD,128.260383633318
2328,2352,RegionE,131.054541262872
2328,2352,RegionF,52.28720591816
2328,2353,RegionA,62.385667
2328,2353,RegionB,24.369
2328,2353,RegionC,40.228
2328,2353,RegionD,189.872045789852
2328,2353,RegionE,135.936582525745
2328,2353,RegionF,76.2579666464365
2328,2354,RegionA,38.4231481861097
2328,2354,RegionB,25.3481944444443
2328,2354,RegionC,24.1040743694464
2328,2354,RegionD,209.730853193376
2328,2354,RegionE,147.281123931752
2328,2354,RegionF,95.3579571512599
2328,2355,RegionA,43.141333
2328,2355,RegionB,28.193
2328,2355,RegionC,21.552
2328,2355,RegionD,226.121083133334
2328,2355,RegionE,155.43075
2328,2355,RegionF,148.81875
2328,2356,RegionA,29.8179122680573
2328,2356,RegionB,19.5987734798339
2328,2356,RegionC,20.3239572209583
2328,2356,RegionD,156.293140350536
2328,2356,RegionE,98.8023764129621
2328,2356,RegionF,136.281262381368
2328,2357,RegionA,25.684667
2328,2357,RegionB,21.6733786782873
2328,2357,RegionC,23.8217215767024
2328,2357,RegionD,121.57224492909
2328,2357,RegionE,85.9460861592517
2328,2357,RegionF,123.614505845839
2328,2358,RegionA,20.5187834674278
2328,2358,RegionB,24.4636477407567
2328,2358,RegionC,26.1354666886659
2328,2358,RegionD,149.787623583436
2328,2358,RegionE,102.244690721904
2328,2358,RegionF,122.895134712771
2328,2359,RegionA,20.74
2328,2359,RegionB,29.839333
2328,2359,RegionC,31.856
2328,2359,RegionD,234.88625
2328,2359,RegionE,157.684
2328,2359,RegionF,154.56
2328,2360,RegionA,22.346667
2328,2360,RegionB,30.149333
2328,2360,RegionC,29.219
2328,2360,RegionD,235.04
2328,2360,RegionE,158.849833333333
2328,2360,RegionF,144.39225222846
2328,2361,RegionA,23.1238305178866
2328,2361,RegionB,41.7041771729412
2328,2361,RegionC,27.6861759738836
2328,2361,RegionD,235.432
2328,2361,RegionE,152.175484711895
2328,2361,RegionF,151.293988462478
2328,2362,RegionA,22.994667
2328,2362,RegionB,44.545667
2328,2362,RegionC,28.3
2328,2362,RegionD,235.094
2328,2362,RegionE,158.733180555556
2328,2362,RegionF,152.637833333333
2328,2363,RegionA,29.1202047857393
2328,2363,RegionB,47.209333
2328,2363,RegionC,35.444
2328,2363,RegionD,232.939204431424
2328,2363,RegionE,153.53366115302
2328,2363,RegionF,151.817833333333
2328,2364,RegionA,26.9740639243351
2328,2364,RegionB,26.4368840162786
2328,2364,RegionC,32.669533578309
2328,2364,RegionD,155.293994643577
2328,2364,RegionE,97.2459272214005
2328,2364,RegionF,102.400591886378
2328,2365,RegionA,24.7806117815854
2328,2365,RegionB,16.3369152344339
2328,2365,RegionC,35.1842158298269
2328,2365,RegionD,92.4845640382722
2328,2365,RegionE,61.6177764492201
2328,2365,RegionF,60.8560603430387
2328,2366,RegionA,24.608381511973
2328,2366,RegionB,16.1259901481314
2328,2366,RegionC,40.488406117673
2328,2366,RegionD,74.8457501501066
2328,2366,RegionE,34.3350276276742
2328,2366,RegionF,59.4454261419801
2328,2367,RegionA,21.6441512423605
2328,2367,RegionB,26.0936568147981
2328,2367,RegionC,64.6984419428412
2328,2367,RegionD,110.54791231229
2328,2367,RegionE,21.2770321321539
2328,2367,RegionF,93.5863752742536
2328,2368,RegionA,14.3672268137854
2328,2368,RegionB,24.8285241654255
2328,2368,RegionC,59.8444990207899
2328,2368,RegionD,92.6600555555536
2328,2368,RegionE,11.5140277777785
2328,2368,RegionF,82.3593244065261
2328,2369,RegionA,9.71258333333376
2328,2369,RegionB,32.5023071195357
2328,2369,RegionC,65.2067777777772
2328,2369,RegionD,69.2930555555525
2328,2369,RegionE,17.2326736430325
2328,2369,RegionF,77.6700192374307
2328,2370,RegionA,14.3423611111114
2328,2370,RegionB,41.4970586835169
2328,2370,RegionC,69.1842222222269
2328,2370,RegionD,69.6644999999989
2328,2370,RegionE,24.2854306193989
2328,2370,RegionF,59.3950940304184
2328,2371,RegionA,23.0860277777783
2328,2371,RegionB,77.6516991363842
2328,2371,RegionC,84.9316666666668
2328,2371,RegionD,90.7522777777767
2328,2371,RegionE,40.4590209290985
2328,2371,RegionF,94.5092521567367
2328,2372,RegionA,19.8516944444444
2328,2372,RegionB,57.024699136388
2328,2372,RegionC,76.6333333333335
2328,2372,RegionD,64.7712777777776
2328,2372,RegionE,24.6886042624315
2328,2372,RegionF,90.8991132678453
2328,2373,RegionA,16.9360000000013
2328,2373,RegionB,54.1074769141659
2328,2373,RegionC,69.905166666667
2328,2373,RegionD,52.458277777777
2328,2373,RegionE,24.4279375957645
2328,2373,RegionF,85.4057799345135
2328,2374,RegionA,16.7586666666667
2328,2374,RegionB,51.109554066351
2328,2374,RegionC,73.8307510646749
2328,2374,RegionD,68.696755116475
2328,2374,RegionE,23.4684375957643
2328,2374,RegionF,102.759891045623
2328,2375,RegionA,21.811999999999
2328,2375,RegionB,59.551527394568
2328,2375,RegionC,75.4700983572139
2328,2375,RegionD,87.4486491218398
2328,2375,RegionE,27.2787055222787
2328,2375,RegionF,104.320964048547
2328,2376,RegionA,13.4103333333334
2328,2376,RegionB,38.3469980528071
2328,2376,RegionC,60.1834872461025
2328,2376,RegionD,58.2296763996167
2328,2376,RegionE,18.9163929903574
2328,2376,RegionF,69.3100842000049
2328,2377,RegionA,14.3124999999996
2328,2377,RegionB,23.685613781087
2328,2377,RegionC,38.4086206205122
2328,2377,RegionD,56.6334258996132
2328,2377,RegionE,23.0403026806581
2328,2377,RegionF,59.8420647959097
2328,2378,RegionA,14.3791666666669
2328,2378,RegionB,10.5543333333333
2328,2378,RegionC,36.5815533331242
2328,2378,RegionD,82.8288076113189
2328,2378,RegionE,39.5739444444463
2328,2378,RegionF,93.7051946111108
2328,2379,RegionA,13.7485000000002
2328,2379,RegionB,11.6713333333334
2328,2379,RegionC,41.774667
2328,2379,RegionD,153.978721888887
2328,2379,RegionE,59.5675000000015
2328,2379,RegionF,151.896
2328,2380,RegionA,13.2657222222223
2328,2380,RegionB,15.6983333333333
2328,2380,RegionC,33.2312733230255
2328,2380,RegionD,110.76836323808
2328,2380,RegionE,37.3186666666674
2328,2380,RegionF,143.991641216669
2328,2381,RegionA,17.2135555555559
2328,2381,RegionB,22.8791111111112
2328,2381,RegionC,28.639684595506
2328,2381,RegionD,100.877758021157
2328,2381,RegionE,27.2213333333326
2328,2381,RegionF,147.999057383333
2328,2382,RegionA,21.5722222222229
2328,2382,RegionB,30.9450277777777
2328,2382,RegionC,34.0637433784369
2328,2382,RegionD,109.116227516004
2328,2382,RegionE,20.0879999999996
2328,2382,RegionF,137.968195772222
2328,2383,RegionA,28.221333
2328,2383,RegionB,42.669333
2328,2383,RegionC,39.226667
2328,2383,RegionD,162.766243627779
2328,2383,RegionE,25.3676666666668
2328,2383,RegionF,134.750951150003
2328,2384,RegionA,20.5135552222225
2328,2384,RegionB,38.8655552222224
2328,2384,RegionC,25.731333
2328,2384,RegionD,135.612357566666
2328,2384,RegionE,19.7722222222226
2328,2384,RegionF,72.4802267666693
2328,2385,RegionA,12.9322218888891
2328,2385,RegionB,37.0334441111114
2328,2385,RegionC,12.727165666667
2328,2385,RegionD,108.405024233336
2328,2385,RegionE,20.9815555555562
2328,2385,RegionF,65.5206718777779
2328,2386,RegionA,8.86115244444378
2328,2386,RegionB,44.7019302222224
2328,2386,RegionC,9.50994865555509
2328,2386,RegionD,105.227968677782
2328,2386,RegionE,25.7251111111129
2328,2386,RegionF,91.9439999999992
2328,2387,RegionA,17.3928090999987
2328,2387,RegionB,52.687333
2328,2387,RegionC,37.813667
2328,2387,RegionD,139.620079788892
2328,2387,RegionE,79.2532222222222
2328,2387,RegionF,131.373333333334
2328,2388,RegionA,21.3094757666644
2328,2388,RegionB,43.5811107777778
2328,2388,RegionC,42.2760003333334
2328,2388,RegionD,109.153079788888
2328,2388,RegionE,60.5318888888888
2328,2388,RegionF,109.359999999997
2328,2389,RegionA,22.222068983332
2328,2389,RegionB,30.0080313092617
2328,2389,RegionC,50.9417084831493
2328,2389,RegionD,69.3359690020381
2328,2389,RegionE,45.9930000000009
2328,2389,RegionF,86.3699999999982
2328,2390,RegionA,23.0552877116907
2328,2390,RegionB,29.4998477811548
2328,2390,RegionC,59.505065439291
2328,2390,RegionD,70.4341879567536
2328,2390,RegionE,72.2760000000011
2328,2390,RegionF,80.7333333333325
2328,2391,RegionA,38.9202687678292
2328,2391,RegionB,47.8253872289737
2328,2391,RegionC,82.496523645251
2328,2391,RegionD,106.940709246837
2328,2391,RegionE,119.776666666668
2328,2391,RegionF,89.0565555555555
2328,2392,RegionA,29.9170701908539
2328,2392,RegionB,38.4807205623069
2328,2392,RegionC,83.2179999999999
2328,2392,RegionD,100.616653691281
2328,2392,RegionE,83.6891666666636
2328,2392,RegionF,73.5478888888867
2328,2393,RegionA,32.842458413783
2328,2393,RegionB,32.1543872289737
2328,2393,RegionC,65.3822823969468
2328,2393,RegionD,94.7022052936319
2328,2393,RegionE,47.8305000000016
2328,2393,RegionF,53.2858888888899
2328,2394,RegionA,50.7914449902709
2328,2394,RegionB,50.8384158367085
2328,2394,RegionC,69.1378703120843
2328,2394,RegionD,91.0536577498276
2328,2394,RegionE,24.7593888888915
2328,2394,RegionF,61.3068888888895
2328,2395,RegionA,85.0330149000921
2328,2395,RegionB,86.5273333333331
2328,2395,RegionC,82.8292500000001
2328,2395,RegionD,99.5215747863449
2328,2395,RegionE,28.7187222222222
2328,2395,RegionF,83.6096603135654
2328,2396,RegionA,84.5203875810318
2328,2396,RegionB,68.074197070923
2328,2396,RegionC,70.1291262166392
2328,2396,RegionD,68.975130817593
2328,2396,RegionE,19.7855555555568
2328,2396,RegionF,54.1577694249262
2328,2397,RegionA,91.4424881910712
2328,2397,RegionB,48.4214177391237
2328,2397,RegionC,66.0379987640289
2328,2397,RegionD,54.3153326185601
2328,2397,RegionE,3.8
2328,2397,RegionF,44.8220404649881
2328,2398,RegionA,93.8133333333333
2328,2398,RegionB,64.4128317793124
2328,2398,RegionC,69.367005386915
2328,2398,RegionD,57.877333
2328,2398,RegionE,10.2
2328,2398,RegionF,41.182440944882
2328,2399,RegionA,69.8964077507126
2328,2399,RegionB,85.8744166666668
2328,2399,RegionC,60.1033063319652
2328,2399,RegionD,71.5931783057737
2328,2399,RegionE,35.5766666666664
2328,2399,RegionF,98.6824409448819
2352,2376,RegionA,23.2397014232205
2352,2376,RegionB,36.5976433506042
2352,2376,RegionC,33.2193735542697
2352,2376,RegionD,42.5999033647257
2352,2376,RegionE,68.5265798118416
2352,2376,RegionF,51.2881666666621
2352,2377,RegionA,26.651652846441
2352,2377,RegionB,38.8203700345425
2352,2377,RegionC,28.0942471085421
2352,2377,RegionD,49.6578900627895
2352,2377,RegionE,75.3959929570166
2352,2377,RegionF,74.733083333333
2352,2378,RegionA,28.6291670000005
2352,2378,RegionB,24.9025133851469
2352,2378,RegionC,35.5271395284426
2352,2378,RegionD,94.6971267608513
2352,2378,RegionE,104.187739435528
2352,2378,RegionF,113.249416666666
2352,2379,RegionA,26.822667
2352,2379,RegionB,26.668
2352,2379,RegionC,41.774667
2352,2379,RegionD,181.971057836914
2352,2379,RegionE,150.88625
2352,2379,RegionF,146.90375
2352,2380,RegionA,20.2285793682488
2352,2380,RegionB,21.88963134013
2352,2380,RegionC,30.1070313268669
2352,2380,RegionD,145.503101412224
2352,2380,RegionE,114.856406262289
2352,2380,RegionF,144.512294361111
2352,2381,RegionA,21.3655586873419
2352,2381,RegionB,28.8157150074048
2352,2381,RegionC,29.3592289870668
2352,2381,RegionD,142.3830625
2352,2381,RegionE,126.098540851577
2352,2381,RegionF,147.244366499999
2352,2382,RegionA,23.7670552222224
2352,2382,RegionB,36.4302298469529
2352,2382,RegionC,34.5213055826682
2352,2382,RegionD,168.217829143329
2352,2382,RegionE,121.854286551981
2352,2382,RegionF,141.888299749998
2352,2383,RegionA,28.221333
2352,2383,RegionB,42.669333
2352,2383,RegionC,39.226667
2352,2383,RegionD,230.79725
2352,2383,RegionE,155.837
2352,2383,RegionF,140.845333
2352,2384,RegionA,25.4163169508448
2352,2384,RegionB,45.1114313332807
2352,2384,RegionC,25.731333
2352,2384,RegionD,205.531725050347
2352,2384,RegionE,137.68007535215
2352,2384,RegionF,92.2032218888883
2352,2385,RegionA,22.526667
2352,2385,RegionB,48.86
2352,2385,RegionC,12.7704990000004
2352,2385,RegionD,176.665925303716
2352,2385,RegionE,127.605225084926
2352,2385,RegionF,86.5479996666637
2352,2386,RegionA,23.176
2352,2386,RegionB,50.7980541611132
2352,2386,RegionC,19.8105471199277
2352,2386,RegionD,174.658457249943
2352,2386,RegionE,114.878774393054
2352,2386,RegionF,103.764424929626
2352,2387,RegionA,36.9346582409806
2352,2387,RegionB,52.687333
2352,2387,RegionC,37.813667
2352,2387,RegionD,207.412381965052
2352,2387,RegionE,157.271666666667
2352,2387,RegionF,153.24
2352,2388,RegionA,50.224684108067
2352,2388,RegionB,52.6942877616082
2352,2388,RegionC,64.1747631188633
2352,2388,RegionD,162.042673224864
2352,2388,RegionE,115.958341154421
2352,2388,RegionF,133.907122305555
2352,2389,RegionA,60.1760673151168
2352,2389,RegionB,58.9113962453863
2352,2389,RegionC,81.315707737498
2352,2389,RegionD,120.349092517073
2352,2389,RegionE,76.6805662202804
2352,2389,RegionF,111.692911277779
2352,2390,RegionA,56.3293251125518
2352,2390,RegionB,69.8532844353138
2352,2390,RegionC,75.5873301549902
2352,2390,RegionD,124.071175987908
2352,2390,RegionE,104.812773341421
2352,2390,RegionF,110.97378609815
2352,2391,RegionA,70.9357762464099
2352,2391,RegionB,84.0743333333334
2352,2391,RegionC,77.6983911390943
2352,2391,RegionD,157.420803206425
2352,2391,RegionE,156.586
2352,2391,RegionF,132.360448328458
2352,2392,RegionA,44.2800970814521
2352,2392,RegionB,59.2047806981545
2352,2392,RegionC,51.7212924892178
2352,2392,RegionD,132.565954862872
2352,2392,RegionE,126.391816441477
2352,2392,RegionF,120.517774115706
2352,2393,RegionA,34.9805012498295
2352,2393,RegionB,37.3535613963092
2352,2393,RegionC,29.4896938393424
2352,2393,RegionD,104.696305555557
2352,2393,RegionE,97.6870599919167
2352,2393,RegionF,89.9759955636408
2352,2394,RegionA,27.8746666666673
2352,2394,RegionB,27.0433425306908
2352,2394,RegionC,19.6824767226351
2352,2394,RegionD,99.5456944444477
2352,2394,RegionE,99.6559488808067
2352,2394,RegionF,109.87699556364
2352,2395,RegionA,22.664833333334
2352,2395,RegionB,42.2390743308267
2352,2395,RegionC,14.840908705844
2352,2395,RegionD,110.838749999997
2352,2395,RegionE,150.10052221549
2352,2395,RegionF,146.47242222896
2352,2396,RegionA,17.980666666668
2352,2396,RegionB,29.0338061309623
2352,2396,RegionC,10.0362573557205
2352,2396,RegionD,95.8044444444431
2352,2396,RegionE,117.046888888894
2352,2396,RegionF,106.456555555554
2352,2397,RegionA,23.4234166666668
2352,2397,RegionB,15.4903157088747
2352,2397,RegionC,5.85818933893049
2352,2397,RegionD,78.5943055555534
2352,2397,RegionE,92.6546666666642
2352,2397,RegionF,94.0809999999992
2352,2398,RegionA,35.099333333333
2352,2398,RegionB,16.7800555555558
2352,2398,RegionC,5.89925
2352,2398,RegionD,105.290030768869
2352,2398,RegionE,80.7411617070703
2352,2398,RegionF,93.043113079615
2352,2399,RegionA,38.3499999999998
2352,2399,RegionB,24.9546388888895
2352,2399,RegionC,14.6623611111112
2352,2399,RegionD,134.204200426629
2352,2399,RegionE,87.4656567474752
2352,2399,RegionF,122.089559492561
2352,2400,RegionA,27.9819999999998
2352,2400,RegionB,17.8915833333337
2352,2400,RegionC,12.752777777778
2352,2400,RegionD,110.969728204406
2352,2400,RegionE,64.4977678585864
2352,2400,RegionF,90.5585039370079
2352,2401,RegionA,18.3095555555558
2352,2401,RegionB,10.6410833333333
2352,2401,RegionC,11.1164444444445
2352,2401,RegionD,83.4239504266281
2352,2401,RegionE,49.5037678585863
2352,2401,RegionF,53.7630594925625
2352,2402,RegionA,15.7898888888883
2352,2402,RegionB,5.6530833333337
2352,2402,RegionC,9.75866666666574
2352,2402,RegionD,65.2758393155168
2352,2402,RegionE,37.7531011919194
2352,2402,RegionF,24.7382261592291
2352,2403,RegionA,10.970555555555
2352,2403,RegionB,3.05600000000019
2352,2403,RegionC,3.66133333333346
2352,2403,RegionD,55.304062521991
2352,2403,RegionE,29.0548789696985
2352,2403,RegionF,16.1338918416439
2352,2404,RegionA,6.72666666666623
2352,2404,RegionB,0.16666666666697
2352,2404,RegionC,1.83666666666666
2352,2404,RegionD,25.6249179468936
2352,2404,RegionE,23.8169144021896
2352,2404,RegionF,7.86388987314052
2352,2405,RegionA,2.6486666666662
2352,2405,RegionB,0
2352,2405,RegionC,0
2352,2405,RegionD,1.49880286043871
2352,2405,RegionE,3.8617526951201
2352,2405,RegionF,2.37599999999984
2376,2400,RegionA,28.8906666666662
2376,2400,RegionB,20.9926666666668
2376,2400,RegionC,26.9125000000001
2376,2400,RegionD,107.256872538819
2376,2400,RegionE,58.76429019084
2376,2400,RegionF,90.5585039370079
2376,2401,RegionA,26.97
2376,2401,RegionB,24.156833333332
2376,2401,RegionC,39.7604999999992
2376,2401,RegionD,97.636269137132
2376,2401,RegionE,51.1139137150121
2376,2401,RegionF,61.8448171478528
2376,2402,RegionA,21.5705777777767
2376,2402,RegionB,24.7195888888878
2376,2402,RegionC,42.7404999999983
2376,2402,RegionD,95.1842843050699
2376,2402,RegionE,39.2008985470768
2376,2402,RegionF,35.9861504811859
2376,2403,RegionA,11.6745777777785
2376,2403,RegionB,24.1023666666654
2376,2403,RegionC,34.4182777777765
2376,2403,RegionD,88.9716176384044
2376,2403,RegionE,33.1145652137437
2376,2403,RegionF,16.7221504811866
2376,2404,RegionA,5.14257777777898
2376,2404,RegionB,10.7230333333329
2376,2404,RegionC,16.1677777777759
2376,2404,RegionD,35.1934117662526
2376,2404,RegionE,24.9642750229026
2376,2404,RegionF,2.30031321084734
2376,2405,RegionA,2.01391111111191
2376,2405,RegionB,2.80019999999997
2376,2405,RegionC,1.88177777777695
2376,2405,RegionD,10.8183485012691
2376,2405,RegionE,4.77098483206376
2376,2405,RegionF,0
