TaskID,TaskType,ArrivalHour,SourceRegion,TargetRegion,NetworkLatency_ms,MaxLatency_ms,StartHour,FinishHour,Duration_h,GPU_Demand,Task_Full_IT_Power_MW,WaitHours,IsMigrated,DecisionWindowStart
36115,RealTimeInference,0,RegionC,RegionC,5.0,20.0,0.0,0.5666666666666667,0.5666666666666667,2.0,0.16,0.0,0,0
31463,RealTimeInference,0,RegionC,RegionC,5.0,20.0,0.0,1.2333333333333334,1.2333333333333334,2.0,0.16,0.0,0,0
35004,RealTimeInference,0,RegionB,RegionB,5.0,20.0,0.0,1.5666666666666669,1.5666666666666669,5.0,0.4,0.0,0,0
15197,RealTimeInference,1,RegionD,RegionD,5.0,20.0,1.0,1.65,0.65,4.0,0.32,0.0,0,0
17221,RealTimeInference,1,RegionB,RegionB,5.0,20.0,1.0,1.4333333333333333,0.4333333333333333,6.0,0.48,0.0,0,0
39265,RealTimeInference,0,RegionA,RegionA,5.0,20.0,0.0,2.9833333333333334,2.9833333333333334,3.0,0.24,0.0,0,0
9101,RealTimeInference,2,RegionB,RegionB,5.0,20.0,2.0,2.7,0.7,4.0,0.32,0.0,0,0
23761,RealTimeInference,1,RegionB,RegionB,5.0,20.0,1.0,3.2333333333333334,2.2333333333333334,1.0,0.08,0.0,0,0
19780,RealTimeInference,2,RegionB,RegionB,5.0,20.0,2.0,3.45,1.45,4.0,0.32,0.0,0,0
30518,RealTimeInference,2,RegionB,RegionB,5.0,20.0,2.0,3.183333333333333,1.1833333333333331,6.0,0.48,0.0,0,0
41339,RealTimeInference,0,RegionA,RegionA,5.0,20.0,0.0,4.916666666666667,4.916666666666667,6.0,0.48,0.0,0,0
27907,RealTimeInference,1,RegionB,RegionB,5.0,20.0,1.0,4.45,3.45,2.0,0.16,0.0,0,0
39228,RealTimeInference,0,RegionB,RegionB,5.0,20.0,0.0,5.416666666666667,5.416666666666667,3.0,0.24,0.0,0,0
49578,RealTimeInference,2,RegionA,RegionA,5.0,20.0,2.0,5.933333333333334,3.933333333333333,6.0,0.48,0.0,0,0
12031,RealTimeInference,3,RegionA,RegionA,5.0,20.0,3.0,5.566666666666666,2.566666666666667,6.0,0.48,0.0,0,0
25499,RealTimeInference,0,RegionB,RegionB,5.0,20.0,0.0,6.316666666666666,6.316666666666666,4.0,0.32,0.0,0,0
39430,RealTimeInference,1,RegionA,RegionA,5.0,20.0,1.0,6.533333333333333,5.533333333333333,2.0,0.16,0.0,0,0
22958,RealTimeInference,2,RegionA,RegionA,5.0,20.0,2.0,6.516666666666667,4.516666666666667,3.0,0.24,0.0,0,0
40083,RealTimeInference,2,RegionC,RegionC,5.0,20.0,2.0,6.6,4.6,1.0,0.08,0.0,0,0
5647,RealTimeInference,2,RegionA,RegionA,5.0,20.0,2.0,6.783333333333333,4.783333333333333,3.0,0.24,0.0,0,0
3460,RealTimeInference,3,RegionB,RegionB,5.0,20.0,3.0,6.55,3.55,3.0,0.24,0.0,0,0
27475,RealTimeInference,4,RegionC,RegionC,5.0,20.0,4.0,6.75,2.75,5.0,0.4,0.0,0,0
47472,RealTimeInference,4,RegionA,RegionA,5.0,20.0,4.0,6.816666666666666,2.816666666666667,7.0,0.56,0.0,0,0
20876,RealTimeInference,5,RegionC,RegionC,5.0,20.0,5.0,6.266666666666667,1.2666666666666666,3.0,0.24,0.0,0,0
36976,RealTimeInference,5,RegionA,RegionA,5.0,20.0,5.0,6.033333333333333,1.0333333333333334,1.0,0.08,0.0,0,0
41851,RealTimeInference,3,RegionA,RegionA,5.0,20.0,3.0,7.283333333333333,4.283333333333333,5.0,0.4,0.0,0,0
4717,RealTimeInference,4,RegionA,RegionA,5.0,20.0,4.0,7.6,3.6,4.0,0.32,0.0,0,0
15020,RealTimeInference,5,RegionD,RegionD,5.0,20.0,5.0,7.316666666666666,2.316666666666667,3.0,0.24,0.0,0,0
5714,RealTimeInference,5,RegionA,RegionA,5.0,20.0,5.0,7.9,2.9,7.0,0.56,0.0,0,0
23962,RealTimeInference,6,RegionA,RegionA,5.0,20.0,6.0,7.15,1.15,1.0,0.08,0.0,0,0
30787,RealTimeInference,6,RegionB,RegionB,5.0,20.0,6.0,7.766666666666667,1.7666666666666666,4.0,0.32,0.0,0,0
3300,RealTimeInference,6,RegionA,RegionA,5.0,20.0,6.0,7.183333333333334,1.1833333333333331,6.0,0.48,0.0,0,0
33849,RealTimeInference,2,RegionB,RegionB,5.0,20.0,2.0,8.566666666666666,6.566666666666666,1.0,0.08,0.0,0,0
9020,RealTimeInference,2,RegionA,RegionA,5.0,20.0,2.0,8.016666666666666,6.016666666666667,5.0,0.4,0.0,0,0
36551,RealTimeInference,3,RegionA,RegionA,5.0,20.0,3.0,8.666666666666668,5.666666666666667,7.0,0.56,0.0,0,0
43098,RealTimeInference,3,RegionB,RegionB,5.0,20.0,3.0,8.9,5.9,4.0,0.32,0.0,0,0
18195,RealTimeInference,5,RegionE,RegionE,5.0,20.0,5.0,8.416666666666666,3.4166666666666665,3.0,0.24,0.0,0,0
44529,RealTimeInference,6,RegionB,RegionB,5.0,20.0,6.0,8.366666666666667,2.3666666666666667,5.0,0.4,0.0,0,0
34564,RealTimeInference,8,RegionB,RegionB,5.0,20.0,8.0,8.983333333333333,0.9833333333333332,4.0,0.32,0.0,0,0
34725,RealTimeInference,8,RegionE,RegionE,5.0,20.0,8.0,8.9,0.9,1.0,0.08,0.0,0,0
15383,RealTimeInference,3,RegionA,RegionA,5.0,20.0,3.0,9.4,6.4,5.0,0.4,0.0,0,0
10404,RealTimeInference,5,RegionA,RegionA,5.0,20.0,5.0,9.783333333333333,4.783333333333333,7.0,0.56,0.0,0,0
29186,RealTimeInference,6,RegionB,RegionB,5.0,20.0,6.0,9.05,3.05,3.0,0.24,0.0,0,0
11311,RealTimeInference,4,RegionB,RegionB,5.0,20.0,4.0,10.533333333333333,6.533333333333333,2.0,0.16,0.0,0,0
1970,RealTimeInference,5,RegionB,RegionB,5.0,20.0,5.0,10.766666666666666,5.766666666666667,1.0,0.08,0.0,0,0
22468,RealTimeInference,6,RegionB,RegionB,5.0,20.0,6.0,10.416666666666668,4.416666666666667,6.0,0.48,0.0,0,0
37945,RealTimeInference,6,RegionC,RegionC,5.0,20.0,6.0,10.966666666666667,4.966666666666667,3.0,0.24,0.0,0,0
48504,RealTimeInference,6,RegionB,RegionB,5.0,20.0,6.0,10.333333333333332,4.333333333333333,3.0,0.24,0.0,0,0
17660,RealTimeInference,7,RegionB,RegionB,5.0,20.0,7.0,10.85,3.85,2.0,0.16,0.0,0,0
10916,RealTimeInference,8,RegionA,RegionA,5.0,20.0,8.0,10.083333333333332,2.083333333333333,2.0,0.16,0.0,0,0
42488,RealTimeInference,8,RegionB,RegionB,5.0,20.0,8.0,10.466666666666667,2.466666666666667,4.0,0.32,0.0,0,0
18475,RealTimeInference,10,RegionB,RegionB,5.0,20.0,10.0,10.6,0.6,7.0,0.56,0.0,0,0
39287,RealTimeInference,5,RegionB,RegionB,5.0,20.0,5.0,11.083333333333332,6.083333333333333,6.0,0.48,0.0,0,0
42068,RealTimeInference,6,RegionB,RegionB,5.0,20.0,6.0,11.75,5.75,6.0,0.48,0.0,0,0
49057,RealTimeInference,6,RegionC,RegionC,5.0,20.0,6.0,11.183333333333334,5.183333333333334,5.0,0.4,0.0,0,0
19256,RealTimeInference,8,RegionC,RegionC,5.0,20.0,8.0,11.666666666666666,3.6666666666666665,5.0,0.4,0.0,0,0
22425,RealTimeInference,8,RegionC,RegionC,5.0,20.0,8.0,11.783333333333333,3.783333333333333,4.0,0.32,0.0,0,0
26407,RealTimeInference,8,RegionC,RegionC,5.0,20.0,8.0,11.983333333333333,3.983333333333333,2.0,0.16,0.0,0,0
29231,RealTimeInference,9,RegionB,RegionB,5.0,20.0,9.0,11.716666666666667,2.716666666666667,5.0,0.4,0.0,0,0
35164,RealTimeInference,11,RegionC,RegionC,5.0,20.0,11.0,11.833333333333334,0.8333333333333334,7.0,0.56,0.0,0,0
37127,RealTimeInference,7,RegionA,RegionA,5.0,20.0,7.0,12.766666666666666,5.766666666666667,6.0,0.48,0.0,0,0
26744,RealTimeInference,8,RegionA,RegionA,5.0,20.0,8.0,12.666666666666668,4.666666666666667,4.0,0.32,0.0,0,0
30540,RealTimeInference,8,RegionE,RegionE,5.0,20.0,8.0,12.433333333333334,4.433333333333334,3.0,0.24,0.0,0,0
9159,RealTimeInference,8,RegionB,RegionB,5.0,20.0,8.0,12.85,4.85,4.0,0.32,0.0,0,0
16550,RealTimeInference,10,RegionA,RegionA,5.0,20.0,10.0,12.7,2.7,5.0,0.4,0.0,0,0
11030,RealTimeInference,11,RegionB,RegionB,5.0,20.0,11.0,12.916666666666666,1.9166666666666667,6.0,0.48,0.0,0,0
18177,RealTimeInference,11,RegionA,RegionA,5.0,20.0,11.0,12.933333333333334,1.9333333333333331,6.0,0.48,0.0,0,0
673,RealTimeInference,11,RegionC,RegionC,5.0,20.0,11.0,12.916666666666666,1.9166666666666667,2.0,0.16,0.0,0,0
13050,RealTimeInference,12,RegionB,RegionB,5.0,20.0,12.0,12.35,0.35,7.0,0.56,0.0,0,0
13615,RealTimeInference,8,RegionC,RegionC,5.0,20.0,8.0,13.333333333333332,5.333333333333333,5.0,0.4,0.0,0,0
14959,RealTimeInference,8,RegionB,RegionB,5.0,20.0,8.0,13.316666666666666,5.316666666666666,6.0,0.48,0.0,0,0
43357,RealTimeInference,8,RegionC,RegionC,5.0,20.0,8.0,13.633333333333333,5.633333333333334,5.0,0.4,0.0,0,0
20428,RealTimeInference,9,RegionB,RegionB,5.0,20.0,9.0,13.8,4.8,3.0,0.24,0.0,0,0
45702,RealTimeInference,9,RegionB,RegionB,5.0,20.0,9.0,13.566666666666666,4.566666666666666,7.0,0.56,0.0,0,0
20030,RealTimeInference,10,RegionC,RegionC,5.0,20.0,10.0,13.65,3.65,2.0,0.16,0.0,0,0
42842,RealTimeInference,10,RegionB,RegionB,5.0,20.0,10.0,13.483333333333334,3.4833333333333334,6.0,0.48,0.0,0,0
11346,RealTimeInference,11,RegionC,RegionC,5.0,20.0,11.0,13.616666666666667,2.6166666666666667,2.0,0.16,0.0,0,0
13810,RealTimeInference,11,RegionB,RegionB,5.0,20.0,11.0,13.883333333333333,2.8833333333333333,5.0,0.4,0.0,0,0
24987,RealTimeInference,8,RegionB,RegionB,5.0,20.0,8.0,14.366666666666667,6.366666666666666,4.0,0.32,0.0,0,0
23705,RealTimeInference,9,RegionE,RegionE,5.0,20.0,9.0,14.016666666666666,5.016666666666667,5.0,0.4,0.0,0,0
30858,RealTimeInference,9,RegionB,RegionB,5.0,20.0,9.0,14.383333333333333,5.383333333333334,4.0,0.32,0.0,0,0
44470,RealTimeInference,10,RegionB,RegionB,5.0,20.0,10.0,14.383333333333333,4.383333333333334,1.0,0.08,0.0,0,0
25313,RealTimeInference,13,RegionA,RegionA,5.0,20.0,13.0,14.233333333333334,1.2333333333333334,4.0,0.32,0.0,0,0
26769,RealTimeInference,14,RegionA,RegionA,5.0,20.0,14.0,14.35,0.35,7.0,0.56,0.0,0,0
49368,RealTimeInference,14,RegionA,RegionA,5.0,20.0,14.0,14.516666666666667,0.5166666666666667,6.0,0.48,0.0,0,0
47136,RealTimeInference,11,RegionA,RegionA,5.0,20.0,11.0,15.6,4.6,7.0,0.56,0.0,0,0
48596,RealTimeInference,11,RegionB,RegionB,5.0,20.0,11.0,15.666666666666668,4.666666666666667,1.0,0.08,0.0,0,0
29158,RealTimeInference,12,RegionA,RegionA,5.0,20.0,12.0,15.883333333333333,3.883333333333333,4.0,0.32,0.0,0,0
49086,RealTimeInference,12,RegionA,RegionA,5.0,20.0,12.0,15.116666666666667,3.1166666666666667,2.0,0.16,0.0,0,0
26596,RealTimeInference,14,RegionC,RegionC,5.0,20.0,14.0,15.8,1.8,2.0,0.16,0.0,0,0
39586,RealTimeInference,14,RegionA,RegionA,5.0,20.0,14.0,15.883333333333333,1.8833333333333333,1.0,0.08,0.0,0,0
12079,RealTimeInference,15,RegionB,RegionB,5.0,20.0,15.0,15.933333333333334,0.9333333333333332,5.0,0.4,0.0,0,0
14355,RealTimeInference,15,RegionB,RegionB,5.0,20.0,15.0,15.45,0.45,2.0,0.16,0.0,0,0
19878,RealTimeInference,15,RegionB,RegionB,5.0,20.0,15.0,15.55,0.55,1.0,0.08,0.0,0,0
45568,RealTimeInference,15,RegionE,RegionE,5.0,20.0,15.0,15.566666666666666,0.5666666666666667,3.0,0.24,0.0,0,0
16083,RealTimeInference,12,RegionF,RegionF,5.0,20.0,12.0,16.366666666666667,4.366666666666666,1.0,0.08,0.0,0,0
26152,RealTimeInference,13,RegionF,RegionF,5.0,20.0,13.0,16.266666666666666,3.2666666666666666,4.0,0.32,0.0,0,0
48401,RealTimeInference,13,RegionC,RegionC,5.0,20.0,13.0,16.416666666666668,3.4166666666666665,4.0,0.32,0.0,0,0
10943,RealTimeInference,14,RegionB,RegionB,5.0,20.0,14.0,16.21666666666667,2.216666666666667,2.0,0.16,0.0,0,0
15603,RealTimeInference,14,RegionC,RegionC,5.0,20.0,14.0,16.166666666666668,2.1666666666666665,7.0,0.56,0.0,0,0
33683,RealTimeInference,14,RegionA,RegionA,5.0,20.0,14.0,16.183333333333334,2.183333333333333,3.0,0.24,0.0,0,0
14132,RealTimeInference,15,RegionB,RegionB,5.0,20.0,15.0,16.683333333333334,1.6833333333333331,6.0,0.48,0.0,0,0
21961,RealTimeInference,15,RegionA,RegionA,5.0,20.0,15.0,16.766666666666666,1.7666666666666666,5.0,0.4,0.0,0,0
9326,RealTimeInference,15,RegionC,RegionC,5.0,20.0,15.0,16.416666666666668,1.4166666666666667,2.0,0.16,0.0,0,0
5291,RealTimeInference,12,RegionC,RegionC,5.0,20.0,12.0,17.21666666666667,5.216666666666667,2.0,0.16,0.0,0,0
10946,RealTimeInference,14,RegionC,RegionC,5.0,20.0,14.0,17.733333333333334,3.733333333333333,6.0,0.48,0.0,0,0
14997,RealTimeInference,14,RegionB,RegionB,5.0,20.0,14.0,17.2,3.2,5.0,0.4,0.0,0,0
29510,RealTimeInference,14,RegionD,RegionD,5.0,20.0,14.0,17.75,3.75,2.0,0.16,0.0,0,0
19938,RealTimeInference,15,RegionC,RegionC,5.0,20.0,15.0,17.766666666666666,2.7666666666666666,7.0,0.56,0.0,0,0
37404,RealTimeInference,15,RegionB,RegionB,5.0,20.0,15.0,17.2,2.2,1.0,0.08,0.0,0,0
2196,RealTimeInference,16,RegionD,RegionD,5.0,20.0,16.0,17.7,1.7,6.0,0.48,0.0,0,0
9378,RealTimeInference,16,RegionC,RegionC,5.0,20.0,16.0,17.483333333333334,1.4833333333333334,7.0,0.56,0.0,0,0
25713,RealTimeInference,17,RegionA,RegionA,5.0,20.0,17.0,17.55,0.55,7.0,0.56,0.0,0,0
11183,RealTimeInference,12,RegionF,RegionF,5.0,20.0,12.0,18.583333333333332,6.583333333333333,7.0,0.56,0.0,0,0
8480,RealTimeInference,12,RegionC,RegionC,5.0,20.0,12.0,18.15,6.15,5.0,0.4,0.0,0,0
32717,RealTimeInference,13,RegionC,RegionC,5.0,20.0,13.0,18.46666666666667,5.466666666666667,2.0,0.16,0.0,0,0
9291,RealTimeInference,13,RegionB,RegionB,5.0,20.0,13.0,18.933333333333334,5.933333333333334,2.0,0.16,0.0,0,0
38429,RealTimeInference,14,RegionB,RegionB,5.0,20.0,14.0,18.4,4.4,7.0,0.56,0.0,0,0
31840,RealTimeInference,15,RegionA,RegionA,5.0,20.0,15.0,19.0,4.0,4.0,0.32,0.0,0,0
18322,RealTimeInference,16,RegionA,RegionA,5.0,20.0,16.0,18.2,2.2,3.0,0.24,0.0,0,0
15352,RealTimeInference,17,RegionB,RegionB,5.0,20.0,17.0,18.116666666666667,1.1166666666666667,7.0,0.56,0.0,0,0
13772,RealTimeInference,18,RegionC,RegionC,5.0,20.0,18.0,18.5,0.5,1.0,0.08,0.0,0,0
32064,RealTimeInference,13,RegionA,RegionA,5.0,20.0,13.0,19.483333333333334,6.483333333333333,3.0,0.24,0.0,0,0
3249,RealTimeInference,14,RegionB,RegionB,5.0,20.0,14.0,19.53333333333333,5.533333333333333,4.0,0.32,0.0,0,0
14205,RealTimeInference,16,RegionC,RegionC,5.0,20.0,16.0,19.25,3.25,1.0,0.08,0.0,0,0
3362,RealTimeInference,16,RegionC,RegionC,5.0,20.0,16.0,19.95,3.95,4.0,0.32,0.0,0,0
45612,RealTimeInference,16,RegionC,RegionC,5.0,20.0,16.0,19.183333333333334,3.183333333333333,1.0,0.08,0.0,0,0
17762,RealTimeInference,17,RegionE,RegionE,5.0,20.0,17.0,19.266666666666666,2.2666666666666666,7.0,0.56,0.0,0,0
45357,RealTimeInference,17,RegionC,RegionC,5.0,20.0,17.0,19.05,2.05,6.0,0.48,0.0,0,0
23535,RealTimeInference,19,RegionA,RegionA,5.0,20.0,19.0,19.516666666666666,0.5166666666666667,1.0,0.08,0.0,0,0
36591,RealTimeInference,14,RegionB,RegionB,5.0,20.0,14.0,20.2,6.2,3.0,0.24,0.0,0,0
14243,RealTimeInference,15,RegionB,RegionB,5.0,20.0,15.0,20.21666666666667,5.216666666666667,7.0,0.56,0.0,0,0
27050,RealTimeInference,15,RegionC,RegionC,5.0,20.0,15.0,20.96666666666667,5.966666666666667,6.0,0.48,0.0,0,0
44095,RealTimeInference,15,RegionB,RegionB,5.0,20.0,15.0,20.78333333333333,5.783333333333333,6.0,0.48,0.0,0,0
37928,RealTimeInference,16,RegionA,RegionA,5.0,20.0,16.0,20.416666666666668,4.416666666666667,6.0,0.48,0.0,0,0
13021,RealTimeInference,18,RegionA,RegionA,5.0,20.0,18.0,20.016666666666666,2.0166666666666666,5.0,0.4,0.0,0,0
15478,RealTimeInference,18,RegionC,RegionC,5.0,20.0,18.0,20.21666666666667,2.216666666666667,5.0,0.4,0.0,0,0
2521,RealTimeInference,19,RegionB,RegionB,5.0,20.0,19.0,20.633333333333333,1.6333333333333333,5.0,0.4,0.0,0,0
34504,RealTimeInference,19,RegionA,RegionA,5.0,20.0,19.0,20.816666666666666,1.8166666666666669,1.0,0.08,0.0,0,0
33214,RealTimeInference,20,RegionB,RegionB,5.0,20.0,20.0,20.183333333333334,0.1833333333333333,2.0,0.16,0.0,0,0
47596,RealTimeInference,15,RegionA,RegionA,5.0,20.0,15.0,21.266666666666666,6.266666666666667,4.0,0.32,0.0,0,0
21852,RealTimeInference,16,RegionB,RegionB,5.0,20.0,16.0,21.233333333333334,5.233333333333333,1.0,0.08,0.0,0,0
15705,RealTimeInference,17,RegionB,RegionB,5.0,20.0,17.0,21.616666666666667,4.616666666666666,2.0,0.16,0.0,0,0
18424,RealTimeInference,17,RegionC,RegionC,5.0,20.0,17.0,21.25,4.25,3.0,0.24,0.0,0,0
5204,RealTimeInference,17,RegionB,RegionB,5.0,20.0,17.0,21.333333333333332,4.333333333333333,7.0,0.56,0.0,0,0
41246,RealTimeInference,18,RegionA,RegionA,5.0,20.0,18.0,21.366666666666667,3.3666666666666667,7.0,0.56,0.0,0,0
27584,RealTimeInference,21,RegionA,RegionA,5.0,20.0,21.0,21.666666666666668,0.6666666666666666,2.0,0.16,0.0,0,0
45744,RealTimeInference,16,RegionC,RegionC,5.0,20.0,16.0,22.5,6.5,2.0,0.16,0.0,0,0
25683,RealTimeInference,18,RegionB,RegionB,5.0,20.0,18.0,22.833333333333332,4.833333333333333,5.0,0.4,0.0,0,0
35095,RealTimeInference,18,RegionB,RegionB,5.0,20.0,18.0,22.583333333333332,4.583333333333333,6.0,0.48,0.0,0,0
42385,RealTimeInference,18,RegionC,RegionC,5.0,20.0,18.0,22.4,4.4,1.0,0.08,0.0,0,0
32867,RealTimeInference,19,RegionC,RegionC,5.0,20.0,19.0,22.583333333333332,3.583333333333333,1.0,0.08,0.0,0,0
33853,RealTimeInference,19,RegionA,RegionA,5.0,20.0,19.0,22.016666666666666,3.0166666666666666,1.0,0.08,0.0,0,0
25241,RealTimeInference,20,RegionA,RegionA,5.0,20.0,20.0,22.016666666666666,2.0166666666666666,2.0,0.16,0.0,0,0
26204,RealTimeInference,20,RegionD,RegionD,5.0,20.0,20.0,22.333333333333332,2.333333333333333,1.0,0.08,0.0,0,0
35934,RealTimeInference,22,RegionA,RegionA,5.0,20.0,22.0,22.533333333333335,0.5333333333333333,7.0,0.56,0.0,0,0
49303,RealTimeInference,22,RegionB,RegionB,5.0,20.0,22.0,22.166666666666668,0.1666666666666666,6.0,0.48,0.0,0,0
13807,RealTimeInference,17,RegionA,RegionA,5.0,20.0,17.0,23.4,6.4,2.0,0.16,0.0,0,0
21662,RealTimeInference,19,RegionB,RegionB,5.0,20.0,19.0,23.166666666666668,4.166666666666667,2.0,0.16,0.0,0,0
13853,RealTimeInference,21,RegionA,RegionA,5.0,20.0,21.0,23.083333333333332,2.083333333333333,6.0,0.48,0.0,0,0
43009,RealTimeInference,21,RegionC,RegionC,5.0,20.0,21.0,23.21666666666667,2.216666666666667,1.0,0.08,0.0,0,0
20103,RealTimeInference,22,RegionC,RegionC,5.0,20.0,22.0,24.0,2.0,3.0,0.24,0.0,0,0
7029,RealTimeInference,22,RegionC,RegionC,5.0,20.0,22.0,23.45,1.45,3.0,0.24,0.0,0,0
7092,RealTimeInference,22,RegionA,RegionA,5.0,20.0,22.0,23.533333333333335,1.5333333333333334,6.0,0.48,0.0,0,0
28402,RealTimeInference,23,RegionA,RegionA,5.0,20.0,23.0,23.916666666666668,0.9166666666666666,5.0,0.4,0.0,0,0
34086,RealTimeInference,23,RegionB,RegionB,5.0,20.0,23.0,23.233333333333334,0.2333333333333333,7.0,0.56,0.0,0,0
34759,RealTimeInference,23,RegionA,RegionA,5.0,20.0,23.0,23.25,0.25,3.0,0.24,0.0,0,0
8048,RealTimeInference,19,RegionA,RegionA,5.0,20.0,19.0,24.21666666666667,5.216666666666667,4.0,0.32,0.0,0,0
25602,RealTimeInference,22,RegionA,RegionA,5.0,20.0,22.0,24.45,2.45,7.0,0.56,0.0,0,0
2639,RealTimeInference,22,RegionB,RegionB,5.0,20.0,22.0,24.46666666666667,2.466666666666667,4.0,0.32,0.0,0,0
45272,RealTimeInference,20,RegionC,RegionC,5.0,20.0,20.0,25.4,5.4,5.0,0.4,0.0,0,0
46454,RealTimeInference,21,RegionA,RegionA,5.0,20.0,21.0,25.866666666666667,4.866666666666666,1.0,0.08,0.0,0,0
37313,RealTimeInference,22,RegionB,RegionB,5.0,20.0,22.0,25.933333333333334,3.933333333333333,3.0,0.24,0.0,0,0
25492,RealTimeInference,23,RegionB,RegionB,5.0,20.0,23.0,25.816666666666666,2.816666666666667,5.0,0.4,0.0,0,0
31947,RealTimeInference,23,RegionB,RegionB,5.0,20.0,23.0,25.75,2.75,4.0,0.32,0.0,0,0
25578,RealTimeInference,22,RegionB,RegionB,5.0,20.0,22.0,26.883333333333333,4.883333333333334,5.0,0.4,0.0,0,0
22173,RealTimeInference,23,RegionB,RegionB,5.0,20.0,23.0,26.733333333333334,3.733333333333333,2.0,0.16,0.0,0,0
33879,RealTimeInference,23,RegionF,RegionF,5.0,20.0,23.0,26.566666666666666,3.566666666666667,6.0,0.48,0.0,0,0
4434,RealTimeInference,23,RegionA,RegionA,5.0,20.0,23.0,26.133333333333333,3.1333333333333333,5.0,0.4,0.0,0,0
6540,RealTimeInference,21,RegionA,RegionA,5.0,20.0,21.0,27.5,6.5,6.0,0.48,0.0,0,0
37909,RealTimeInference,22,RegionB,RegionB,5.0,20.0,22.0,27.6,5.6,1.0,0.08,0.0,0,0
12073,RealTimeInference,22,RegionC,RegionC,5.0,20.0,22.0,28.333333333333332,6.333333333333333,4.0,0.32,0.0,0,0
49353,RealTimeInference,22,RegionF,RegionF,5.0,20.0,22.0,28.05,6.05,5.0,0.4,0.0,0,0
32974,RealTimeInference,23,RegionA,RegionA,5.0,20.0,23.0,29.2,6.2,4.0,0.32,0.0,0,0
8755,RealTimeInference,23,RegionC,RegionC,5.0,20.0,23.0,29.383333333333333,6.383333333333334,7.0,0.56,0.0,0,0
10202,RealTimeInference,25,RegionB,RegionB,5.0,20.0,25.0,26.0,1.0,5.0,0.4,0.0,0,24
49874,RealTimeInference,26,RegionB,RegionB,5.0,20.0,26.0,26.633333333333333,0.6333333333333333,1.0,0.08,0.0,0,24
9917,RealTimeInference,26,RegionF,RegionF,5.0,20.0,26.0,26.533333333333335,0.5333333333333333,2.0,0.16,0.0,0,24
30801,RealTimeInference,25,RegionC,RegionC,5.0,20.0,25.0,27.566666666666666,2.566666666666667,2.0,0.16,0.0,0,24
37669,RealTimeInference,27,RegionC,RegionC,5.0,20.0,27.0,27.883333333333333,0.8833333333333333,5.0,0.4,0.0,0,24
39756,RealTimeInference,27,RegionD,RegionD,5.0,20.0,27.0,27.616666666666667,0.6166666666666667,2.0,0.16,0.0,0,24
44000,RealTimeInference,27,RegionD,RegionD,5.0,20.0,27.0,27.85,0.85,7.0,0.56,0.0,0,24
15952,RealTimeInference,24,RegionA,RegionA,5.0,20.0,24.0,29.0,5.0,3.0,0.24,0.0,0,24
10786,RealTimeInference,25,RegionB,RegionB,5.0,20.0,25.0,28.933333333333334,3.933333333333333,7.0,0.56,0.0,0,24
48267,RealTimeInference,26,RegionB,RegionA,12.0,20.0,26.0,28.866666666666667,2.8666666666666667,4.0,0.32,0.0,1,24
7282,RealTimeInference,28,RegionA,RegionA,5.0,20.0,28.0,28.85,0.85,5.0,0.4,0.0,0,24
14085,RealTimeInference,24,RegionB,RegionB,5.0,20.0,24.0,30.0,6.0,3.0,0.24,0.0,0,24
49177,RealTimeInference,24,RegionA,RegionA,5.0,20.0,24.0,29.46666666666667,5.466666666666667,3.0,0.24,0.0,0,24
18806,RealTimeInference,25,RegionA,RegionA,5.0,20.0,25.0,29.333333333333332,4.333333333333333,1.0,0.08,0.0,0,24
1230,RealTimeInference,27,RegionB,RegionB,5.0,20.0,27.0,29.616666666666667,2.6166666666666667,1.0,0.08,0.0,0,24
1397,RealTimeInference,27,RegionA,RegionA,5.0,20.0,27.0,29.4,2.4,5.0,0.4,0.0,0,24
33364,RealTimeInference,27,RegionB,RegionB,5.0,20.0,27.0,29.083333333333332,2.083333333333333,1.0,0.08,0.0,0,24
45166,RealTimeInference,27,RegionC,RegionC,5.0,20.0,27.0,29.833333333333332,2.833333333333333,4.0,0.32,0.0,0,24
41584,RealTimeInference,28,RegionB,RegionB,5.0,20.0,28.0,29.416666666666668,1.4166666666666667,4.0,0.32,0.0,0,24
35147,RealTimeInference,29,RegionA,RegionA,5.0,20.0,29.0,29.833333333333332,0.8333333333333334,1.0,0.08,0.0,0,24
3689,RealTimeInference,29,RegionB,RegionB,5.0,20.0,29.0,29.766666666666666,0.7666666666666667,4.0,0.32,0.0,0,24
11611,RealTimeInference,25,RegionA,RegionA,5.0,20.0,25.0,30.183333333333334,5.183333333333334,1.0,0.08,0.0,0,24
40125,RealTimeInference,25,RegionA,RegionA,5.0,20.0,25.0,30.78333333333333,5.783333333333333,2.0,0.16,0.0,0,24
18149,RealTimeInference,26,RegionE,RegionE,5.0,20.0,26.0,30.75,4.75,6.0,0.48,0.0,0,24
4880,RealTimeInference,27,RegionA,RegionA,5.0,20.0,27.0,30.166666666666668,3.1666666666666665,7.0,0.56,0.0,0,24
49651,RealTimeInference,27,RegionB,RegionB,5.0,20.0,27.0,30.4,3.4,6.0,0.48,0.0,0,24
38617,RealTimeInference,28,RegionA,RegionA,5.0,20.0,28.0,30.65,2.65,5.0,0.4,0.0,0,24
21971,RealTimeInference,30,RegionB,RegionB,5.0,20.0,30.0,30.716666666666665,0.7166666666666667,5.0,0.4,0.0,0,24
10227,RealTimeInference,26,RegionA,RegionA,5.0,20.0,26.0,31.53333333333333,5.533333333333333,7.0,0.56,0.0,0,24
42341,RealTimeInference,26,RegionA,RegionA,5.0,20.0,26.0,31.96666666666667,5.966666666666667,7.0,0.56,0.0,0,24
3919,RealTimeInference,27,RegionB,RegionB,5.0,20.0,27.0,31.733333333333334,4.733333333333333,1.0,0.08,0.0,0,24
21672,RealTimeInference,28,RegionA,RegionA,5.0,20.0,28.0,31.633333333333333,3.633333333333333,2.0,0.16,0.0,0,24
12576,RealTimeInference,29,RegionA,RegionA,5.0,20.0,29.0,31.166666666666668,2.1666666666666665,6.0,0.48,0.0,0,24
35378,RealTimeInference,31,RegionB,RegionB,5.0,20.0,31.0,31.416666666666668,0.4166666666666667,2.0,0.16,0.0,0,24
14266,RealTimeInference,28,RegionF,RegionF,5.0,20.0,28.0,32.3,4.3,7.0,0.56,0.0,0,24
31183,RealTimeInference,29,RegionF,RegionF,5.0,20.0,29.0,32.03333333333333,3.033333333333333,4.0,0.32,0.0,0,24
44791,RealTimeInference,30,RegionB,RegionB,5.0,20.0,30.0,32.78333333333333,2.783333333333333,6.0,0.48,0.0,0,24
15004,RealTimeInference,31,RegionB,RegionB,5.0,20.0,31.0,32.45,1.45,5.0,0.4,0.0,0,24
25455,RealTimeInference,32,RegionC,RegionC,5.0,20.0,32.0,32.766666666666666,0.7666666666666667,6.0,0.48,0.0,0,24
35582,RealTimeInference,32,RegionB,RegionB,5.0,20.0,32.0,32.25,0.25,7.0,0.56,0.0,0,24
36411,RealTimeInference,32,RegionF,RegionF,5.0,20.0,32.0,32.916666666666664,0.9166666666666666,5.0,0.4,0.0,0,24
23414,RealTimeInference,27,RegionB,RegionB,5.0,20.0,27.0,33.46666666666667,6.466666666666667,5.0,0.4,0.0,0,24
6834,RealTimeInference,27,RegionE,RegionE,5.0,20.0,27.0,33.06666666666666,6.066666666666666,7.0,0.56,0.0,0,24
22261,RealTimeInference,28,RegionC,RegionC,5.0,20.0,28.0,33.666666666666664,5.666666666666667,1.0,0.08,0.0,0,24
44145,RealTimeInference,28,RegionA,RegionA,5.0,20.0,28.0,33.06666666666666,5.066666666666666,7.0,0.56,0.0,0,24
24732,RealTimeInference,29,RegionB,RegionB,5.0,20.0,29.0,33.916666666666664,4.916666666666667,5.0,0.4,0.0,0,24
41814,RealTimeInference,29,RegionC,RegionC,5.0,20.0,29.0,33.7,4.7,4.0,0.32,0.0,0,24
44031,RealTimeInference,29,RegionB,RegionB,5.0,20.0,29.0,33.483333333333334,4.483333333333333,1.0,0.08,0.0,0,24
35084,RealTimeInference,30,RegionC,RegionC,5.0,20.0,30.0,33.5,3.5,2.0,0.16,0.0,0,24
36012,RealTimeInference,30,RegionA,RegionA,5.0,20.0,30.0,33.1,3.1,3.0,0.24,0.0,0,24
18290,RealTimeInference,31,RegionB,RegionB,5.0,20.0,31.0,33.3,2.3,4.0,0.32,0.0,0,24
47836,RealTimeInference,28,RegionC,RegionC,5.0,20.0,28.0,34.2,6.2,6.0,0.48,0.0,0,24
33517,RealTimeInference,29,RegionC,RegionC,5.0,20.0,29.0,34.583333333333336,5.583333333333333,2.0,0.16,0.0,0,24
31796,RealTimeInference,30,RegionB,RegionB,5.0,20.0,30.0,34.016666666666666,4.016666666666667,1.0,0.08,0.0,0,24
39221,RealTimeInference,30,RegionB,RegionB,5.0,20.0,30.0,34.13333333333333,4.133333333333334,3.0,0.24,0.0,0,24
20442,RealTimeInference,32,RegionB,RegionB,5.0,20.0,32.0,34.3,2.3,6.0,0.48,0.0,0,24
12560,RealTimeInference,34,RegionC,RegionC,5.0,20.0,34.0,34.85,0.85,3.0,0.24,0.0,0,24
13274,RealTimeInference,29,RegionC,RegionC,5.0,20.0,29.0,35.03333333333333,6.033333333333333,6.0,0.48,0.0,0,24
32313,RealTimeInference,30,RegionA,RegionA,5.0,20.0,30.0,35.61666666666667,5.616666666666666,6.0,0.48,0.0,0,24
42513,RealTimeInference,31,RegionA,RegionA,5.0,20.0,31.0,35.016666666666666,4.016666666666667,5.0,0.4,0.0,0,24
774,RealTimeInference,31,RegionA,RegionA,5.0,20.0,31.0,35.56666666666666,4.566666666666666,6.0,0.48,0.0,0,24
16808,RealTimeInference,32,RegionB,RegionB,5.0,20.0,32.0,35.833333333333336,3.8333333333333335,7.0,0.56,0.0,0,24
44162,RealTimeInference,32,RegionB,RegionB,5.0,20.0,32.0,35.583333333333336,3.583333333333333,5.0,0.4,0.0,0,24
12817,RealTimeInference,34,RegionA,RegionA,5.0,20.0,34.0,35.733333333333334,1.7333333333333334,6.0,0.48,0.0,0,24
21762,RealTimeInference,34,RegionC,RegionC,5.0,20.0,34.0,35.4,1.4,6.0,0.48,0.0,0,24
32371,RealTimeInference,34,RegionA,RegionA,5.0,20.0,34.0,35.766666666666666,1.7666666666666666,1.0,0.08,0.0,0,24
22031,RealTimeInference,35,RegionC,RegionC,5.0,20.0,35.0,35.666666666666664,0.6666666666666666,7.0,0.56,0.0,0,24
47574,RealTimeInference,35,RegionC,RegionC,5.0,20.0,35.0,36.0,1.0,5.0,0.4,0.0,0,24
20614,RealTimeInference,31,RegionC,RegionC,5.0,20.0,31.0,36.516666666666666,5.516666666666667,4.0,0.32,0.0,0,24
1698,RealTimeInference,33,RegionF,RegionF,5.0,20.0,33.0,36.81666666666667,3.816666666666667,4.0,0.32,0.0,0,24
30738,RealTimeInference,34,RegionA,RegionA,5.0,20.0,34.0,36.15,2.15,3.0,0.24,0.0,0,24
36516,RealTimeInference,35,RegionF,RegionF,5.0,20.0,35.0,36.333333333333336,1.3333333333333333,4.0,0.32,0.0,0,24
15480,RealTimeInference,31,RegionA,RegionA,5.0,20.0,31.0,37.63333333333333,6.633333333333334,7.0,0.56,0.0,0,24
14655,RealTimeInference,33,RegionA,RegionA,5.0,20.0,33.0,37.583333333333336,4.583333333333333,1.0,0.08,0.0,0,24
15792,RealTimeInference,33,RegionB,RegionB,5.0,20.0,33.0,37.016666666666666,4.016666666666667,6.0,0.48,0.0,0,24
34129,RealTimeInference,33,RegionA,RegionA,5.0,20.0,33.0,37.5,4.5,1.0,0.08,0.0,0,24
31040,RealTimeInference,34,RegionA,RegionA,5.0,20.0,34.0,37.333333333333336,3.333333333333333,1.0,0.08,0.0,0,24
7670,RealTimeInference,34,RegionB,RegionB,5.0,20.0,34.0,37.88333333333333,3.883333333333333,2.0,0.16,0.0,0,24
3573,RealTimeInference,34,RegionC,RegionC,5.0,20.0,34.0,38.833333333333336,4.833333333333333,2.0,0.16,0.0,0,24
38643,RealTimeInference,38,RegionA,RegionA,5.0,20.0,38.0,38.833333333333336,0.8333333333333334,1.0,0.08,0.0,0,24
46476,RealTimeInference,38,RegionB,RegionB,5.0,20.0,38.0,38.233333333333334,0.2333333333333333,3.0,0.24,0.0,0,24
12513,RealTimeInference,33,RegionC,RegionC,5.0,20.0,33.0,39.583333333333336,6.583333333333333,7.0,0.56,0.0,0,24
43117,RealTimeInference,36,RegionA,RegionA,5.0,20.0,36.0,39.4,3.4,7.0,0.56,0.0,0,24
17614,RealTimeInference,37,RegionB,RegionB,5.0,20.0,37.0,39.56666666666667,2.566666666666667,4.0,0.32,0.0,0,24
11178,RealTimeInference,39,RegionA,RegionA,5.0,20.0,39.0,39.68333333333333,0.6833333333333333,3.0,0.24,0.0,0,24
40498,RealTimeInference,39,RegionA,RegionA,5.0,20.0,39.0,39.21666666666667,0.2166666666666666,4.0,0.32,0.0,0,24
45885,RealTimeInference,34,RegionA,RegionA,5.0,20.0,34.0,40.333333333333336,6.333333333333333,4.0,0.32,0.0,0,24
8266,RealTimeInference,35,RegionA,RegionA,5.0,20.0,35.0,40.15,5.15,4.0,0.32,0.0,0,24
13699,RealTimeInference,36,RegionB,RegionB,5.0,20.0,36.0,40.3,4.3,3.0,0.24,0.0,0,24
43352,RealTimeInference,36,RegionA,RegionA,5.0,20.0,36.0,40.25,4.25,3.0,0.24,0.0,0,24
45951,RealTimeInference,37,RegionB,RegionB,5.0,20.0,37.0,40.166666666666664,3.1666666666666665,6.0,0.48,0.0,0,24
39991,RealTimeInference,39,RegionC,RegionC,5.0,20.0,39.0,40.733333333333334,1.7333333333333334,3.0,0.24,0.0,0,24
47696,RealTimeInference,40,RegionB,RegionB,5.0,20.0,40.0,40.45,0.45,7.0,0.56,0.0,0,24
1208,RealTimeInference,37,RegionA,RegionA,5.0,20.0,37.0,41.583333333333336,4.583333333333333,3.0,0.24,0.0,0,24
14121,RealTimeInference,37,RegionC,RegionC,5.0,20.0,37.0,41.4,4.4,6.0,0.48,0.0,0,24
173,RealTimeInference,38,RegionB,RegionB,5.0,20.0,38.0,41.55,3.55,6.0,0.48,0.0,0,24
6321,RealTimeInference,39,RegionC,RegionC,5.0,20.0,39.0,41.75,2.75,6.0,0.48,0.0,0,24
8349,RealTimeInference,39,RegionD,RegionD,5.0,20.0,39.0,41.333333333333336,2.333333333333333,3.0,0.24,0.0,0,24
17208,RealTimeInference,38,RegionB,RegionB,5.0,20.0,38.0,42.35,4.35,4.0,0.32,0.0,0,24
2228,RealTimeInference,38,RegionC,RegionC,5.0,20.0,38.0,42.3,4.3,6.0,0.48,0.0,0,24
31024,RealTimeInference,38,RegionC,RegionC,5.0,20.0,38.0,42.1,4.1,7.0,0.56,0.0,0,24
43368,RealTimeInference,38,RegionB,RegionB,5.0,20.0,38.0,42.53333333333333,4.533333333333333,1.0,0.08,0.0,0,24
12339,RealTimeInference,39,RegionA,RegionA,5.0,20.0,39.0,42.833333333333336,3.8333333333333335,5.0,0.4,0.0,0,24
12698,RealTimeInference,39,RegionE,RegionE,5.0,20.0,39.0,42.45,3.45,6.0,0.48,0.0,0,24
4744,RealTimeInference,39,RegionA,RegionA,5.0,20.0,39.0,42.63333333333333,3.633333333333333,7.0,0.56,0.0,0,24
44014,RealTimeInference,40,RegionA,RegionA,5.0,20.0,40.0,42.85,2.85,1.0,0.08,0.0,0,24
8906,RealTimeInference,40,RegionC,RegionC,5.0,20.0,40.0,42.36666666666667,2.3666666666666667,4.0,0.32,0.0,0,24
32497,RealTimeInference,41,RegionA,RegionA,5.0,20.0,41.0,42.733333333333334,1.7333333333333334,5.0,0.4,0.0,0,24
15951,RealTimeInference,42,RegionC,RegionC,5.0,20.0,42.0,42.5,0.5,7.0,0.56,0.0,0,24
44553,RealTimeInference,42,RegionA,RegionA,5.0,20.0,42.0,42.666666666666664,0.6666666666666666,6.0,0.48,0.0,0,24
1420,RealTimeInference,38,RegionB,RegionB,5.0,20.0,38.0,43.28333333333333,5.283333333333333,5.0,0.4,0.0,0,24
12727,RealTimeInference,39,RegionB,RegionB,5.0,20.0,39.0,43.46666666666667,4.466666666666667,1.0,0.08,0.0,0,24
32721,RealTimeInference,39,RegionB,RegionB,5.0,20.0,39.0,43.13333333333333,4.133333333333334,1.0,0.08,0.0,0,24
46220,RealTimeInference,39,RegionB,RegionB,5.0,20.0,39.0,43.31666666666666,4.316666666666666,2.0,0.16,0.0,0,24
24133,RealTimeInference,40,RegionA,RegionA,5.0,20.0,40.0,43.2,3.2,3.0,0.24,0.0,0,24
21009,RealTimeInference,41,RegionE,RegionE,5.0,20.0,41.0,43.166666666666664,2.1666666666666665,1.0,0.08,0.0,0,24
12445,RealTimeInference,42,RegionB,RegionB,5.0,20.0,42.0,43.71666666666667,1.7166666666666666,1.0,0.08,0.0,0,24
13110,RealTimeInference,42,RegionC,RegionC,5.0,20.0,42.0,43.35,1.35,3.0,0.24,0.0,0,24
19502,RealTimeInference,42,RegionA,RegionA,5.0,20.0,42.0,43.06666666666667,1.0666666666666669,2.0,0.16,0.0,0,24
27354,RealTimeInference,42,RegionA,RegionA,5.0,20.0,42.0,43.1,1.1,3.0,0.24,0.0,0,24
47267,RealTimeInference,42,RegionF,RegionF,5.0,20.0,42.0,43.86666666666667,1.8666666666666667,7.0,0.56,0.0,0,24
43613,RealTimeInference,43,RegionD,RegionD,5.0,20.0,43.0,43.233333333333334,0.2333333333333333,5.0,0.4,0.0,0,24
37204,RealTimeInference,38,RegionC,RegionC,5.0,20.0,38.0,44.083333333333336,6.083333333333333,6.0,0.48,0.0,0,24
41942,RealTimeInference,39,RegionA,RegionA,5.0,20.0,39.0,44.43333333333334,5.433333333333334,1.0,0.08,0.0,0,24
37390,RealTimeInference,40,RegionA,RegionA,5.0,20.0,40.0,44.483333333333334,4.483333333333333,5.0,0.4,0.0,0,24
4546,RealTimeInference,40,RegionA,RegionA,5.0,20.0,40.0,44.88333333333333,4.883333333333334,7.0,0.56,0.0,0,24
26768,RealTimeInference,41,RegionD,RegionD,5.0,20.0,41.0,44.016666666666666,3.0166666666666666,2.0,0.16,0.0,0,24
34411,RealTimeInference,41,RegionA,RegionA,5.0,20.0,41.0,44.5,3.5,6.0,0.48,0.0,0,24
45567,RealTimeInference,41,RegionC,RegionC,5.0,20.0,41.0,44.916666666666664,3.9166666666666665,2.0,0.16,0.0,0,24
44468,RealTimeInference,42,RegionA,RegionA,5.0,20.0,42.0,44.266666666666666,2.2666666666666666,7.0,0.56,0.0,0,24
44525,RealTimeInference,40,RegionE,RegionE,5.0,20.0,40.0,45.75,5.75,1.0,0.08,0.0,0,24
4299,RealTimeInference,42,RegionB,RegionB,5.0,20.0,42.0,45.083333333333336,3.083333333333333,2.0,0.16,0.0,0,24
49650,RealTimeInference,42,RegionA,RegionA,5.0,20.0,42.0,45.7,3.7,3.0,0.24,0.0,0,24
8736,RealTimeInference,42,RegionD,RegionD,5.0,20.0,42.0,45.03333333333333,3.033333333333333,1.0,0.08,0.0,0,24
1536,RealTimeInference,43,RegionA,RegionA,5.0,20.0,43.0,45.85,2.85,1.0,0.08,0.0,0,24
5068,RealTimeInference,43,RegionC,RegionC,5.0,20.0,43.0,45.483333333333334,2.4833333333333334,3.0,0.24,0.0,0,24
9757,RealTimeInference,43,RegionB,RegionB,5.0,20.0,43.0,45.86666666666667,2.8666666666666667,6.0,0.48,0.0,0,24
20581,RealTimeInference,44,RegionC,RegionC,5.0,20.0,44.0,45.45,1.45,4.0,0.32,0.0,0,24
48437,RealTimeInference,43,RegionA,RegionA,5.0,20.0,43.0,46.68333333333333,3.683333333333333,2.0,0.16,0.0,0,24
10926,RealTimeInference,45,RegionC,RegionC,5.0,20.0,45.0,46.083333333333336,1.0833333333333333,7.0,0.56,0.0,0,24
34376,RealTimeInference,46,RegionC,RegionC,5.0,20.0,46.0,46.18333333333333,0.1833333333333333,4.0,0.32,0.0,0,24
49207,RealTimeInference,46,RegionC,RegionC,5.0,20.0,46.0,47.0,1.0,5.0,0.4,0.0,0,24
7145,RealTimeInference,42,RegionB,RegionB,5.0,20.0,42.0,47.083333333333336,5.083333333333333,6.0,0.48,0.0,0,24
4830,RealTimeInference,43,RegionB,RegionB,5.0,20.0,43.0,47.766666666666666,4.766666666666667,7.0,0.56,0.0,0,24
13689,RealTimeInference,44,RegionA,RegionA,5.0,20.0,44.0,47.3,3.3,1.0,0.08,0.0,0,24
33338,RealTimeInference,44,RegionB,RegionB,5.0,20.0,44.0,47.28333333333333,3.283333333333333,6.0,0.48,0.0,0,24
3055,RealTimeInference,46,RegionC,RegionC,5.0,20.0,46.0,47.46666666666667,1.4666666666666666,3.0,0.24,0.0,0,24
34494,RealTimeInference,46,RegionC,RegionC,5.0,20.0,46.0,47.86666666666667,1.8666666666666667,7.0,0.56,0.0,0,24
6218,RealTimeInference,42,RegionA,RegionA,5.0,20.0,42.0,48.25,6.25,7.0,0.56,0.0,0,24
18865,RealTimeInference,43,RegionA,RegionA,5.0,20.0,43.0,48.5,5.5,5.0,0.4,0.0,0,24
19953,RealTimeInference,45,RegionE,RegionE,5.0,20.0,45.0,48.31666666666667,3.316666666666667,6.0,0.48,0.0,0,24
31318,RealTimeInference,44,RegionB,RegionB,5.0,20.0,44.0,49.166666666666664,5.166666666666667,2.0,0.16,0.0,0,24
17030,RealTimeInference,45,RegionA,RegionA,5.0,20.0,45.0,49.63333333333333,4.633333333333334,7.0,0.56,0.0,0,24
26866,RealTimeInference,45,RegionC,RegionC,5.0,20.0,45.0,49.28333333333333,4.283333333333333,5.0,0.4,0.0,0,24
45697,RealTimeInference,45,RegionB,RegionB,5.0,20.0,45.0,49.8,4.8,3.0,0.24,0.0,0,24
9068,RealTimeInference,45,RegionB,RegionB,5.0,20.0,45.0,49.75,4.75,1.0,0.08,0.0,0,24
9617,RealTimeInference,47,RegionA,RegionA,5.0,20.0,47.0,49.05,2.05,4.0,0.32,0.0,0,24
32429,RealTimeInference,44,RegionD,RegionD,5.0,20.0,44.0,50.03333333333333,6.033333333333333,5.0,0.4,0.0,0,24
22964,RealTimeInference,46,RegionF,RegionF,5.0,20.0,46.0,51.03333333333333,5.033333333333333,7.0,0.56,0.0,0,24
3476,RealTimeInference,47,RegionA,RegionA,5.0,20.0,47.0,51.68333333333334,4.683333333333334,7.0,0.56,0.0,0,24
46831,RealTimeInference,47,RegionB,RegionB,5.0,20.0,47.0,52.96666666666667,5.966666666666667,2.0,0.16,0.0,0,24
43410,RealTimeInference,47,RegionF,RegionF,5.0,20.0,47.0,53.38333333333333,6.383333333333334,1.0,0.08,0.0,0,24
13847,AITraining,0,RegionB,RegionB,5.0,150.0,37.0,37.96666666666667,0.9666666666666668,35.0,5.6000000000000005,37.0,0,24
14112,AITraining,0,RegionD,RegionD,5.0,150.0,41.0,42.4,1.4,102.0,16.32,41.0,0,24
16511,AITraining,0,RegionD,RegionD,5.0,150.0,29.0,30.366666666666667,1.3666666666666667,36.0,5.76,29.0,0,24
20023,AITraining,0,RegionE,RegionE,5.0,150.0,24.0,25.466666666666665,1.4666666666666666,61.0,9.76,24.0,0,24
30231,BatchInference,0,RegionE,RegionE,5.0,80.0,28.0,29.95,1.95,23.0,2.3000000000000003,28.0,0,24
3445,AITraining,0,RegionD,RegionD,5.0,150.0,41.0,42.233333333333334,1.2333333333333334,57.0,9.12,41.0,0,24
5450,AITraining,0,RegionF,RegionD,25.0,150.0,28.0,33.733333333333334,5.733333333333333,116.0,18.56,28.0,1,24
9170,AITraining,0,RegionB,RegionB,5.0,150.0,42.0,44.483333333333334,2.4833333333333334,50.0,8.0,42.0,0,24
19608,AITraining,1,RegionD,RegionD,5.0,150.0,24.0,26.316666666666666,2.316666666666667,91.0,14.56,23.0,0,24
261,AITraining,1,RegionF,RegionF,5.0,150.0,33.0,37.15,4.15,92.0,14.72,32.0,0,24
2690,AITraining,1,RegionD,RegionD,5.0,150.0,28.0,33.3,5.3,82.0,13.12,27.0,0,24
27563,AITraining,1,RegionC,RegionC,5.0,150.0,32.0,38.11666666666667,6.116666666666666,22.0,3.52,31.0,0,24
30000,AITraining,1,RegionE,RegionE,5.0,150.0,24.0,24.183333333333334,0.1833333333333333,102.0,16.32,23.0,0,24
32732,AITraining,1,RegionC,RegionC,5.0,150.0,37.0,41.18333333333334,4.183333333333334,81.0,12.96,36.0,0,24
33300,BatchInference,1,RegionD,RegionD,5.0,80.0,24.0,28.483333333333334,4.483333333333333,16.0,1.6,23.0,0,24
37306,BatchInference,1,RegionC,RegionC,5.0,80.0,27.0,33.233333333333334,6.233333333333333,12.0,1.2000000000000002,26.0,0,24
43422,AITraining,1,RegionF,RegionF,5.0,150.0,34.0,38.06666666666666,4.066666666666666,102.0,16.32,33.0,0,24
45189,BatchInference,1,RegionA,RegionA,5.0,80.0,30.0,36.5,6.5,22.0,2.2,29.0,0,24
46494,AITraining,1,RegionC,RegionC,5.0,150.0,33.0,38.65,5.65,74.0,11.84,32.0,0,24
47933,AITraining,1,RegionE,RegionE,5.0,150.0,32.0,35.833333333333336,3.8333333333333335,37.0,5.92,31.0,0,24
11646,BatchInference,2,RegionD,RegionD,5.0,80.0,24.0,29.85,5.85,17.0,1.7000000000000002,22.0,0,24
13234,AITraining,2,RegionE,RegionE,5.0,150.0,24.0,26.583333333333332,2.583333333333333,73.0,11.68,22.0,0,24
15080,AITraining,2,RegionB,RegionB,5.0,150.0,41.0,42.05,1.05,63.0,10.08,39.0,0,24
15673,AITraining,2,RegionD,RegionD,5.0,150.0,29.0,34.983333333333334,5.983333333333333,108.0,17.28,27.0,0,24
1681,BatchInference,2,RegionB,RegionB,5.0,80.0,38.0,43.3,5.3,20.0,2.0,36.0,0,24
18585,AITraining,2,RegionD,RegionD,5.0,150.0,32.0,37.96666666666667,5.966666666666667,16.0,2.56,30.0,0,24
1930,BatchInference,2,RegionB,RegionB,5.0,80.0,43.0,44.9,1.9,18.0,1.8,41.0,0,24
23584,BatchInference,2,RegionC,RegionC,5.0,80.0,27.0,31.1,4.1,16.0,1.6,25.0,0,24
24169,BatchInference,2,RegionD,RegionD,5.0,80.0,38.0,40.016666666666666,2.0166666666666666,23.0,2.3000000000000003,36.0,0,24
28855,BatchInference,2,RegionA,RegionA,5.0,80.0,38.0,43.666666666666664,5.666666666666667,21.0,2.1,36.0,0,24
33707,BatchInference,2,RegionE,RegionE,5.0,80.0,39.0,45.36666666666667,6.366666666666666,8.0,0.8,37.0,0,24
48009,AITraining,2,RegionB,RegionB,5.0,150.0,36.0,39.18333333333333,3.183333333333333,76.0,12.16,34.0,0,24
6384,AITraining,2,RegionD,RegionD,5.0,150.0,24.0,26.78333333333333,2.783333333333333,118.0,18.88,22.0,0,24
84,AITraining,2,RegionF,RegionF,5.0,150.0,26.0,30.4,4.4,71.0,11.36,24.0,0,24
8692,AITraining,2,RegionD,RegionD,5.0,150.0,26.0,27.083333333333332,1.0833333333333333,66.0,10.56,24.0,0,24
14640,AITraining,3,RegionF,RegionD,25.0,150.0,28.0,33.916666666666664,5.916666666666667,118.0,18.88,25.0,1,24
19459,AITraining,3,RegionE,RegionE,5.0,150.0,28.0,31.333333333333332,3.333333333333333,55.0,8.8,25.0,0,24
21674,AITraining,3,RegionD,RegionD,5.0,150.0,24.0,27.766666666666666,3.7666666666666666,93.0,14.88,21.0,0,24
23197,AITraining,3,RegionE,RegionE,5.0,150.0,24.0,26.15,2.15,101.0,16.16,21.0,0,24
29122,BatchInference,3,RegionE,RegionE,5.0,80.0,25.0,30.683333333333334,5.683333333333334,9.0,0.9,22.0,0,24
3614,AITraining,3,RegionB,RegionB,5.0,150.0,33.0,35.766666666666666,2.7666666666666666,59.0,9.44,30.0,0,24
18564,BatchInference,4,RegionB,RegionB,5.0,80.0,40.0,44.31666666666666,4.316666666666666,12.0,1.2000000000000002,36.0,0,24
19302,AITraining,4,RegionE,RegionE,5.0,150.0,28.0,33.083333333333336,5.083333333333333,66.0,10.56,24.0,0,24
23996,BatchInference,4,RegionB,RegionB,5.0,80.0,36.0,39.583333333333336,3.583333333333333,16.0,1.6,32.0,0,24
28705,BatchInference,4,RegionB,RegionB,5.0,80.0,28.0,33.35,5.35,14.0,1.4,24.0,0,24
29531,BatchInference,4,RegionA,RegionA,5.0,80.0,36.0,41.25,5.25,18.0,1.8,32.0,0,24
32406,BatchInference,4,RegionC,RegionC,5.0,80.0,28.0,31.083333333333332,3.083333333333333,12.0,1.2000000000000002,24.0,0,24
40493,AITraining,4,RegionD,RegionD,5.0,150.0,30.0,30.316666666666666,0.3166666666666666,55.0,8.8,26.0,0,24
45525,AITraining,4,RegionD,RegionD,5.0,150.0,25.0,26.5,1.5,92.0,14.72,21.0,0,24
48524,AITraining,4,RegionE,RegionE,5.0,150.0,29.0,32.38333333333333,3.3833333333333333,125.0,20.0,25.0,0,24
12511,AITraining,5,RegionD,RegionD,5.0,150.0,30.0,34.833333333333336,4.833333333333333,20.0,3.2,25.0,0,24
13868,AITraining,5,RegionD,RegionD,5.0,150.0,24.0,24.683333333333334,0.6833333333333333,52.0,8.32,19.0,0,24
17844,BatchInference,5,RegionC,RegionC,5.0,80.0,29.0,32.78333333333333,3.783333333333333,16.0,1.6,24.0,0,24
1819,BatchInference,5,RegionC,RegionC,5.0,80.0,26.0,30.083333333333332,4.083333333333333,11.0,1.1,21.0,0,24
33557,AITraining,5,RegionF,RegionF,5.0,150.0,28.0,31.983333333333334,3.983333333333333,18.0,2.88,23.0,0,24
35299,AITraining,5,RegionD,RegionD,5.0,150.0,24.0,30.65,6.65,61.0,9.76,19.0,0,24
3788,AITraining,5,RegionE,RegionE,5.0,150.0,24.0,24.95,0.95,56.0,8.96,19.0,0,24
41632,AITraining,5,RegionF,RegionF,5.0,150.0,28.0,31.733333333333334,3.733333333333333,127.0,20.32,23.0,0,24
49231,AITraining,5,RegionD,RegionD,5.0,150.0,33.0,38.0,5.0,30.0,4.8,28.0,0,24
9487,BatchInference,5,RegionC,RegionC,5.0,80.0,28.0,32.71666666666667,4.716666666666667,9.0,0.9,23.0,0,24
10960,BatchInference,6,RegionF,RegionF,5.0,80.0,36.0,41.6,5.6,9.0,0.9,30.0,0,24
11953,AITraining,6,RegionD,RegionD,5.0,150.0,25.0,27.133333333333333,2.1333333333333333,75.0,12.0,19.0,0,24
23416,AITraining,6,RegionF,RegionF,5.0,150.0,24.0,27.05,3.05,86.0,13.76,18.0,0,24
23858,BatchInference,6,RegionB,RegionB,5.0,80.0,39.0,44.85,5.85,14.0,1.4,33.0,0,24
26591,AITraining,6,RegionF,RegionF,5.0,150.0,30.0,35.75,5.75,24.0,3.84,24.0,0,24
28627,BatchInference,6,RegionB,RegionB,5.0,80.0,25.0,28.75,3.75,18.0,1.8,19.0,0,24
44429,AITraining,6,RegionD,RegionD,5.0,150.0,24.0,27.333333333333332,3.333333333333333,17.0,2.72,18.0,0,24
47985,BatchInference,6,RegionC,RegionC,5.0,80.0,32.0,37.733333333333334,5.733333333333333,6.0,0.6000000000000001,26.0,0,24
5348,AITraining,6,RegionD,RegionD,5.0,150.0,28.0,31.816666666666666,3.816666666666667,32.0,5.12,22.0,0,24
7246,AITraining,6,RegionF,RegionF,5.0,150.0,30.0,33.833333333333336,3.8333333333333335,29.0,4.64,24.0,0,24
12084,AITraining,7,RegionD,RegionD,5.0,150.0,28.0,31.883333333333333,3.883333333333333,89.0,14.24,21.0,0,24
16962,BatchInference,7,RegionF,RegionF,5.0,80.0,25.0,27.366666666666667,2.3666666666666667,21.0,2.1,18.0,0,24
1952,AITraining,7,RegionE,RegionE,5.0,150.0,28.0,28.183333333333334,0.1833333333333333,74.0,11.84,21.0,0,24
23279,AITraining,7,RegionA,RegionA,5.0,150.0,37.0,41.06666666666666,4.066666666666666,18.0,2.88,30.0,0,24
29032,AITraining,7,RegionB,RegionB,5.0,150.0,32.0,32.916666666666664,0.9166666666666666,21.0,3.36,25.0,0,24
30463,AITraining,7,RegionD,RegionD,5.0,150.0,24.0,25.483333333333334,1.4833333333333334,91.0,14.56,17.0,0,24
34476,BatchInference,7,RegionF,RegionF,5.0,80.0,26.0,31.0,5.0,16.0,1.6,19.0,0,24
34622,AITraining,7,RegionD,RegionD,5.0,150.0,28.0,31.75,3.75,113.0,18.08,21.0,0,24
38350,AITraining,7,RegionE,RegionE,5.0,150.0,24.0,25.983333333333334,1.9833333333333332,96.0,15.36,17.0,0,24
39234,BatchInference,7,RegionB,RegionB,5.0,80.0,32.0,37.81666666666666,5.816666666666666,18.0,1.8,25.0,0,24
47581,BatchInference,7,RegionE,RegionE,5.0,80.0,39.0,40.95,1.95,20.0,2.0,32.0,0,24
49610,BatchInference,7,RegionA,RegionA,5.0,80.0,31.0,34.25,3.25,14.0,1.4,24.0,0,24
49719,AITraining,7,RegionF,RegionF,5.0,150.0,28.0,31.983333333333334,3.983333333333333,53.0,8.48,21.0,0,24
12072,AITraining,8,RegionD,RegionD,5.0,150.0,35.0,40.05,5.05,121.0,19.36,27.0,0,24
20510,AITraining,8,RegionF,RegionF,5.0,150.0,32.0,33.71666666666667,1.7166666666666666,73.0,11.68,24.0,0,24
27877,AITraining,8,RegionF,RegionF,5.0,150.0,40.0,41.36666666666667,1.3666666666666667,56.0,8.96,32.0,0,24
28291,BatchInference,8,RegionA,RegionA,5.0,80.0,36.0,40.78333333333333,4.783333333333333,22.0,2.2,28.0,0,24
37109,AITraining,8,RegionD,RegionD,5.0,150.0,27.0,27.616666666666667,0.6166666666666667,26.0,4.16,19.0,0,24
38258,AITraining,8,RegionE,RegionE,5.0,150.0,30.0,33.733333333333334,3.733333333333333,90.0,14.4,22.0,0,24
42276,AITraining,8,RegionB,RegionB,5.0,150.0,29.0,31.7,2.7,31.0,4.96,21.0,0,24
4742,AITraining,8,RegionA,RegionA,5.0,150.0,36.0,40.6,4.6,80.0,12.8,28.0,0,24
4787,BatchInference,8,RegionF,RegionF,5.0,80.0,39.0,45.55,6.55,13.0,1.3,31.0,0,24
14687,AITraining,9,RegionD,RegionD,5.0,150.0,26.0,26.45,0.45,107.0,17.12,17.0,0,24
16288,BatchInference,9,RegionB,RegionB,5.0,80.0,41.0,44.3,3.3,23.0,2.3000000000000003,32.0,0,24
17295,AITraining,9,RegionE,RegionE,5.0,150.0,28.0,32.13333333333333,4.133333333333334,39.0,6.24,19.0,0,24
22465,BatchInference,9,RegionF,RegionF,5.0,80.0,38.0,43.083333333333336,5.083333333333333,10.0,1.0,29.0,0,24
24957,BatchInference,9,RegionE,RegionE,5.0,80.0,39.0,45.21666666666667,6.216666666666667,18.0,1.8,30.0,0,24
27448,AITraining,9,RegionE,RegionE,5.0,150.0,37.0,40.21666666666667,3.216666666666667,24.0,3.84,28.0,0,24
49344,AITraining,9,RegionE,RegionE,5.0,150.0,36.0,40.983333333333334,4.983333333333333,57.0,9.12,27.0,0,24
9260,BatchInference,9,RegionE,RegionE,5.0,80.0,40.0,45.6,5.6,12.0,1.2000000000000002,31.0,0,24
14374,AITraining,10,RegionD,RegionD,5.0,150.0,24.0,28.8,4.8,123.0,19.68,14.0,0,24
15577,BatchInference,10,RegionE,RegionE,5.0,80.0,39.0,41.93333333333333,2.933333333333333,14.0,1.4,29.0,0,24
16915,AITraining,10,RegionF,RegionF,5.0,150.0,24.0,25.1,1.1,102.0,16.32,14.0,0,24
18364,AITraining,10,RegionE,RegionE,5.0,150.0,24.0,25.05,1.05,120.0,19.2,14.0,0,24
22977,AITraining,10,RegionF,RegionF,5.0,150.0,28.0,28.633333333333333,0.6333333333333333,62.0,9.92,18.0,0,24
25727,BatchInference,10,RegionB,RegionB,5.0,80.0,29.0,35.61666666666667,6.616666666666666,7.0,0.7000000000000001,19.0,0,24
28111,AITraining,10,RegionE,RegionE,5.0,150.0,30.0,36.016666666666666,6.016666666666667,62.0,9.92,20.0,0,24
31980,BatchInference,10,RegionC,RegionC,5.0,80.0,25.0,26.933333333333334,1.9333333333333331,22.0,2.2,15.0,0,24
33148,AITraining,10,RegionE,RegionE,5.0,150.0,29.0,34.016666666666666,5.016666666666667,98.0,15.68,19.0,0,24
36974,AITraining,10,RegionF,RegionF,5.0,150.0,26.0,26.733333333333334,0.7333333333333333,74.0,11.84,16.0,0,24
39657,BatchInference,10,RegionE,RegionE,5.0,80.0,26.0,29.816666666666666,3.816666666666667,15.0,1.5,16.0,0,24
46997,AITraining,10,RegionF,RegionF,5.0,150.0,34.0,34.46666666666667,0.4666666666666667,52.0,8.32,24.0,0,24
10691,AITraining,11,RegionF,RegionF,5.0,150.0,42.0,45.11666666666667,3.1166666666666667,112.0,17.92,31.0,0,24
13959,BatchInference,11,RegionA,RegionA,5.0,80.0,40.0,43.4,3.4,16.0,1.6,29.0,0,24
20619,AITraining,11,RegionD,RegionD,5.0,150.0,28.0,34.25,6.25,23.0,3.68,17.0,0,24
26211,AITraining,11,RegionF,RegionF,5.0,150.0,28.0,34.18333333333334,6.183333333333334,41.0,6.5600000000000005,17.0,0,24
30279,AITraining,11,RegionD,RegionD,5.0,150.0,34.0,38.18333333333334,4.183333333333334,91.0,14.56,23.0,0,24
31200,BatchInference,11,RegionD,RegionD,5.0,80.0,42.0,44.166666666666664,2.1666666666666665,21.0,2.1,31.0,0,24
37951,BatchInference,11,RegionE,RegionE,5.0,80.0,42.0,45.1,3.1,21.0,2.1,31.0,0,24
47017,AITraining,11,RegionF,RegionF,5.0,150.0,28.0,34.083333333333336,6.083333333333333,20.0,3.2,17.0,0,24
47055,BatchInference,11,RegionD,RegionD,5.0,80.0,24.0,27.916666666666668,3.9166666666666665,23.0,2.3000000000000003,13.0,0,24
48568,AITraining,11,RegionD,RegionD,5.0,150.0,24.0,24.366666666666667,0.3666666666666666,120.0,19.2,13.0,0,24
9233,BatchInference,11,RegionD,RegionD,5.0,80.0,28.0,31.683333333333334,3.683333333333333,17.0,1.7000000000000002,17.0,0,24
9424,AITraining,11,RegionF,RegionF,5.0,150.0,40.0,41.56666666666667,1.5666666666666669,65.0,10.4,29.0,0,24
10525,AITraining,12,RegionE,RegionE,5.0,150.0,32.0,35.266666666666666,3.2666666666666666,38.0,6.08,20.0,0,24
14554,BatchInference,12,RegionF,RegionF,5.0,80.0,38.0,42.36666666666667,4.366666666666666,17.0,1.7000000000000002,26.0,0,24
22372,BatchInference,12,RegionD,RegionD,5.0,80.0,28.0,30.083333333333332,2.083333333333333,20.0,2.0,16.0,0,24
31506,AITraining,12,RegionD,RegionD,5.0,150.0,35.0,39.333333333333336,4.333333333333333,57.0,9.12,23.0,0,24
33458,BatchInference,12,RegionE,RegionE,5.0,80.0,25.0,30.333333333333332,5.333333333333333,20.0,2.0,13.0,0,24
37652,AITraining,12,RegionD,RegionD,5.0,150.0,24.0,27.21666666666667,3.216666666666667,43.0,6.88,12.0,0,24
40835,BatchInference,12,RegionC,RegionC,5.0,80.0,24.0,27.1,3.1,17.0,1.7000000000000002,12.0,0,24
6307,AITraining,12,RegionE,RegionE,5.0,150.0,24.0,25.816666666666666,1.8166666666666669,69.0,11.04,12.0,0,24
18715,BatchInference,13,RegionB,RegionB,5.0,80.0,40.0,44.483333333333334,4.483333333333333,12.0,1.2000000000000002,27.0,0,24
20253,BatchInference,13,RegionD,RegionD,5.0,80.0,39.0,44.03333333333333,5.033333333333333,10.0,1.0,26.0,0,24
20728,BatchInference,13,RegionA,RegionA,5.0,80.0,30.0,36.43333333333334,6.433333333333334,22.0,2.2,17.0,0,24
22850,AITraining,13,RegionE,RegionE,5.0,150.0,29.0,33.6,4.6,82.0,13.12,16.0,0,24
25752,AITraining,13,RegionA,RegionA,5.0,150.0,43.0,43.63333333333333,0.6333333333333333,45.0,7.2,30.0,0,24
27150,AITraining,13,RegionC,RegionC,5.0,150.0,30.0,30.483333333333334,0.4833333333333333,28.0,4.48,17.0,0,24
27186,AITraining,13,RegionE,RegionE,5.0,150.0,40.0,44.06666666666666,4.066666666666666,40.0,6.4,27.0,0,24
31977,BatchInference,13,RegionA,RegionA,5.0,80.0,36.0,41.61666666666667,5.616666666666666,10.0,1.0,23.0,0,24
34240,BatchInference,13,RegionA,RegionA,5.0,80.0,33.0,39.25,6.25,12.0,1.2000000000000002,20.0,0,24
35896,BatchInference,13,RegionC,RegionC,5.0,80.0,31.0,33.31666666666667,2.316666666666667,19.0,1.9,18.0,0,24
36404,AITraining,13,RegionF,RegionF,5.0,150.0,24.0,27.4,3.4,93.0,14.88,11.0,0,24
36843,BatchInference,13,RegionE,RegionE,5.0,80.0,39.0,44.68333333333334,5.683333333333334,12.0,1.2000000000000002,26.0,0,24
38246,AITraining,13,RegionE,RegionE,5.0,150.0,40.0,43.266666666666666,3.2666666666666666,125.0,20.0,27.0,0,24
47813,BatchInference,13,RegionB,RegionB,5.0,80.0,28.0,31.616666666666667,3.6166666666666663,16.0,1.6,15.0,0,24
7133,AITraining,13,RegionE,RegionE,5.0,150.0,32.0,36.63333333333333,4.633333333333334,34.0,5.44,19.0,0,24
75,BatchInference,13,RegionD,RegionD,5.0,80.0,24.0,30.583333333333332,6.583333333333333,15.0,1.5,11.0,0,24
8884,BatchInference,13,RegionC,RegionC,5.0,80.0,24.0,29.616666666666667,5.616666666666666,21.0,2.1,11.0,0,24
9483,AITraining,13,RegionF,RegionD,25.0,150.0,30.0,34.38333333333333,4.383333333333334,126.0,20.16,17.0,1,24
12529,AITraining,14,RegionD,RegionD,5.0,150.0,24.0,27.133333333333333,3.1333333333333333,24.0,3.84,10.0,0,24
12976,AITraining,14,RegionD,RegionD,5.0,150.0,30.0,36.21666666666667,6.216666666666667,65.0,10.4,16.0,0,24
17364,AITraining,14,RegionD,RegionD,5.0,150.0,41.0,42.95,1.95,89.0,14.24,27.0,0,24
20731,AITraining,14,RegionE,RegionE,5.0,150.0,30.0,34.45,4.45,24.0,3.84,16.0,0,24
23341,AITraining,14,RegionD,RegionD,5.0,150.0,24.0,27.166666666666668,3.1666666666666665,52.0,8.32,10.0,0,24
41749,AITraining,14,RegionF,RegionF,5.0,150.0,24.0,26.416666666666668,2.4166666666666665,92.0,14.72,10.0,0,24
12166,AITraining,15,RegionF,RegionF,5.0,150.0,24.0,27.333333333333332,3.333333333333333,122.0,19.52,9.0,0,24
15627,BatchInference,15,RegionC,RegionC,5.0,80.0,26.0,32.53333333333333,6.533333333333333,16.0,1.6,11.0,0,24
17866,BatchInference,15,RegionE,RegionE,5.0,80.0,42.0,44.28333333333333,2.283333333333333,22.0,2.2,27.0,0,24
2003,BatchInference,15,RegionC,RegionC,5.0,80.0,30.0,32.583333333333336,2.583333333333333,13.0,1.3,15.0,0,24
24179,AITraining,15,RegionD,RegionD,5.0,150.0,31.0,34.766666666666666,3.7666666666666666,52.0,8.32,16.0,0,24
29770,AITraining,15,RegionE,RegionE,5.0,150.0,24.0,24.95,0.95,65.0,10.4,9.0,0,24
36155,BatchInference,15,RegionF,RegionF,5.0,80.0,38.0,39.96666666666667,1.9666666666666663,23.0,2.3000000000000003,23.0,0,24
36270,AITraining,15,RegionD,RegionD,5.0,150.0,29.0,34.55,5.55,30.0,4.8,14.0,0,24
41484,BatchInference,15,RegionB,RegionB,5.0,80.0,31.0,37.4,6.4,7.0,0.7000000000000001,16.0,0,24
45050,AITraining,15,RegionF,RegionF,5.0,150.0,42.0,44.85,2.85,89.0,14.24,27.0,0,24
47834,AITraining,15,RegionD,RegionD,5.0,150.0,34.0,39.15,5.15,59.0,9.44,19.0,0,24
6016,AITraining,15,RegionD,RegionD,5.0,150.0,24.0,27.233333333333334,3.2333333333333334,126.0,20.16,9.0,0,24
25812,BatchInference,16,RegionA,RegionA,5.0,80.0,37.0,41.53333333333333,4.533333333333333,15.0,1.5,21.0,0,24
29883,BatchInference,16,RegionE,RegionE,5.0,80.0,40.0,43.8,3.8,23.0,2.3000000000000003,24.0,0,24
40001,BatchInference,16,RegionB,RegionB,5.0,80.0,41.0,44.166666666666664,3.1666666666666665,17.0,1.7000000000000002,25.0,0,24
40014,BatchInference,16,RegionB,RegionB,5.0,80.0,24.0,26.266666666666666,2.2666666666666666,16.0,1.6,8.0,0,24
40629,AITraining,16,RegionA,RegionA,5.0,150.0,30.0,31.833333333333332,1.8333333333333333,50.0,8.0,14.0,0,24
47097,AITraining,16,RegionB,RegionB,5.0,150.0,37.0,40.96666666666667,3.966666666666667,49.0,7.84,21.0,0,24
8678,AITraining,16,RegionB,RegionB,5.0,150.0,47.0,47.21666666666667,0.2166666666666666,69.0,11.04,31.0,0,24
11283,BatchInference,17,RegionB,RegionB,5.0,80.0,39.0,44.016666666666666,5.016666666666667,22.0,2.2,22.0,0,24
14042,AITraining,17,RegionF,RegionF,5.0,150.0,24.0,26.7,2.7,54.0,8.64,7.0,0,24
14921,AITraining,17,RegionF,RegionF,5.0,150.0,28.0,32.166666666666664,4.166666666666667,119.0,19.04,11.0,0,24
22330,AITraining,17,RegionD,RegionD,5.0,150.0,24.0,26.46666666666667,2.466666666666667,87.0,13.92,7.0,0,24
23631,AITraining,17,RegionE,RegionE,5.0,150.0,24.0,25.65,1.65,103.0,16.48,7.0,0,24
25876,AITraining,17,RegionF,RegionF,5.0,150.0,37.0,38.88333333333333,1.8833333333333333,48.0,7.68,20.0,0,24
26458,AITraining,17,RegionE,RegionE,5.0,150.0,24.0,25.733333333333334,1.7333333333333334,74.0,11.84,7.0,0,24
32629,BatchInference,17,RegionC,RegionC,5.0,80.0,37.0,42.083333333333336,5.083333333333333,20.0,2.0,20.0,0,24
4020,AITraining,17,RegionF,RegionF,5.0,150.0,32.0,37.916666666666664,5.916666666666667,90.0,14.4,15.0,0,24
45713,AITraining,17,RegionB,RegionB,5.0,150.0,40.0,42.36666666666667,2.3666666666666667,33.0,5.28,23.0,0,24
47915,AITraining,17,RegionF,RegionF,5.0,150.0,25.0,29.683333333333334,4.683333333333334,54.0,8.64,8.0,0,24
49665,AITraining,17,RegionE,RegionE,5.0,150.0,36.0,40.63333333333333,4.633333333333334,36.0,5.76,19.0,0,24
27644,AITraining,18,RegionD,RegionD,5.0,150.0,33.0,37.93333333333334,4.933333333333334,118.0,18.88,15.0,0,24
27871,AITraining,18,RegionB,RegionB,5.0,150.0,25.0,28.333333333333332,3.333333333333333,109.0,17.44,7.0,0,24
28789,BatchInference,18,RegionA,RegionA,5.0,80.0,37.0,39.916666666666664,2.9166666666666665,13.0,1.3,19.0,0,24
30202,BatchInference,18,RegionC,RegionC,5.0,80.0,29.0,30.8,1.8,18.0,1.8,11.0,0,24
34562,AITraining,18,RegionC,RegionC,5.0,150.0,24.0,27.71666666666667,3.716666666666667,40.0,6.4,6.0,0,24
37041,AITraining,18,RegionA,RegionA,5.0,150.0,30.0,36.583333333333336,6.583333333333333,41.0,6.5600000000000005,12.0,0,24
39129,AITraining,18,RegionD,RegionD,5.0,150.0,24.0,25.333333333333332,1.3333333333333333,40.0,6.4,6.0,0,24
40202,AITraining,18,RegionF,RegionF,5.0,150.0,24.0,26.55,2.55,86.0,13.76,6.0,0,24
43586,AITraining,18,RegionF,RegionF,5.0,150.0,37.0,43.333333333333336,6.333333333333333,24.0,3.84,19.0,0,24
49112,BatchInference,18,RegionB,RegionB,5.0,80.0,25.0,28.35,3.35,12.0,1.2000000000000002,7.0,0,24
12742,AITraining,19,RegionE,RegionE,5.0,150.0,38.0,40.95,2.95,29.0,4.64,19.0,0,24
15119,AITraining,19,RegionA,RegionA,5.0,150.0,34.0,38.93333333333334,4.933333333333334,58.0,9.28,15.0,0,24
15810,AITraining,19,RegionD,RegionD,5.0,150.0,29.0,33.65,4.65,85.0,13.6,10.0,0,24
19278,BatchInference,19,RegionA,RegionA,5.0,80.0,24.0,29.816666666666666,5.816666666666666,19.0,1.9,5.0,0,24
22079,AITraining,19,RegionB,RegionB,5.0,150.0,36.0,41.06666666666666,5.066666666666666,112.0,17.92,17.0,0,24
22157,BatchInference,19,RegionF,RegionF,5.0,80.0,38.0,40.31666666666667,2.316666666666667,23.0,2.3000000000000003,19.0,0,24
29760,AITraining,19,RegionA,RegionA,5.0,150.0,27.0,32.31666666666666,5.316666666666666,92.0,14.72,8.0,0,24
31877,BatchInference,19,RegionE,RegionE,5.0,80.0,25.0,30.2,5.2,16.0,1.6,6.0,0,24
43181,AITraining,19,RegionB,RegionB,5.0,150.0,28.0,34.016666666666666,6.016666666666667,43.0,6.88,9.0,0,24
44243,BatchInference,19,RegionF,RegionF,5.0,80.0,37.0,41.516666666666666,4.516666666666667,11.0,1.1,18.0,0,24
48373,BatchInference,19,RegionD,RegionD,5.0,80.0,28.0,30.65,2.65,15.0,1.5,9.0,0,24
49812,AITraining,19,RegionF,RegionF,5.0,150.0,34.0,38.06666666666666,4.066666666666666,34.0,5.44,15.0,0,24
5096,AITraining,19,RegionA,RegionA,5.0,150.0,29.0,35.18333333333334,6.183333333333334,105.0,16.8,10.0,0,24
15164,BatchInference,20,RegionE,RegionE,5.0,80.0,38.0,40.7,2.7,19.0,1.9,18.0,0,24
16833,AITraining,20,RegionD,RegionD,5.0,150.0,24.0,25.75,1.75,87.0,13.92,4.0,0,24
24815,BatchInference,20,RegionA,RegionA,5.0,80.0,25.0,28.333333333333332,3.333333333333333,17.0,1.7000000000000002,5.0,0,24
32236,AITraining,20,RegionE,RegionE,5.0,150.0,33.0,38.43333333333334,5.433333333333334,85.0,13.6,13.0,0,24
37355,AITraining,20,RegionF,RegionF,5.0,150.0,25.0,26.5,1.5,51.0,8.16,5.0,0,24
3765,AITraining,20,RegionB,RegionB,5.0,150.0,41.0,44.85,3.85,52.0,8.32,21.0,0,24
6382,BatchInference,20,RegionA,RegionA,5.0,80.0,36.0,41.36666666666667,5.366666666666666,22.0,2.2,16.0,0,24
7338,BatchInference,20,RegionE,RegionE,5.0,80.0,41.0,44.53333333333333,3.533333333333333,21.0,2.1,21.0,0,24
9676,AITraining,20,RegionD,RegionD,5.0,150.0,35.0,38.28333333333333,3.283333333333333,64.0,10.24,15.0,0,24
25700,AITraining,21,RegionB,RegionB,5.0,150.0,43.0,43.5,0.5,122.0,19.52,22.0,0,24
2671,AITraining,21,RegionD,RegionD,5.0,150.0,32.0,37.15,5.15,95.0,15.2,11.0,0,24
30211,AITraining,21,RegionF,RegionF,5.0,150.0,24.0,25.116666666666667,1.1166666666666667,115.0,18.4,3.0,0,24
30934,AITraining,21,RegionA,RegionA,5.0,150.0,38.0,41.766666666666666,3.7666666666666666,59.0,9.44,17.0,0,24
33698,BatchInference,21,RegionB,RegionB,5.0,80.0,42.0,44.1,2.1,22.0,2.2,21.0,0,24
40372,AITraining,21,RegionF,RegionF,5.0,150.0,29.0,33.63333333333333,4.633333333333334,78.0,12.48,8.0,0,24
42168,AITraining,21,RegionE,RegionE,5.0,150.0,24.0,26.016666666666666,2.0166666666666666,104.0,16.64,3.0,0,24
43781,AITraining,21,RegionE,RegionE,5.0,150.0,24.0,24.516666666666666,0.5166666666666667,111.0,17.76,3.0,0,24
44397,BatchInference,21,RegionC,RegionC,5.0,80.0,33.0,37.6,4.6,12.0,1.2000000000000002,12.0,0,24
4588,AITraining,21,RegionE,RegionE,5.0,150.0,37.0,42.05,5.05,119.0,19.04,16.0,0,24
46964,AITraining,21,RegionF,RegionF,5.0,150.0,24.0,26.9,2.9,97.0,15.52,3.0,0,24
912,BatchInference,21,RegionA,RegionA,5.0,80.0,36.0,40.03333333333333,4.033333333333333,11.0,1.1,15.0,0,24
10496,AITraining,22,RegionD,RegionD,5.0,150.0,29.0,35.233333333333334,6.233333333333333,94.0,15.04,7.0,0,24
283,AITraining,22,RegionD,RegionD,5.0,150.0,24.0,26.85,2.85,41.0,6.5600000000000005,2.0,0,24
36458,AITraining,22,RegionC,RegionC,5.0,150.0,44.0,44.483333333333334,0.4833333333333333,45.0,7.2,22.0,0,24
13423,BatchInference,23,RegionC,RegionC,5.0,80.0,29.0,33.06666666666666,4.066666666666666,9.0,0.9,6.0,0,24
15302,BatchInference,23,RegionF,RegionF,5.0,80.0,36.0,41.3,5.3,16.0,1.6,13.0,0,24
22988,BatchInference,23,RegionD,RegionD,5.0,80.0,24.0,29.85,5.85,8.0,0.8,1.0,0,24
2413,BatchInference,23,RegionF,RegionF,5.0,80.0,26.0,32.6,6.6,11.0,1.1,3.0,0,24
25816,BatchInference,23,RegionE,RegionE,5.0,80.0,38.0,44.416666666666664,6.416666666666667,17.0,1.7000000000000002,15.0,0,24
30724,AITraining,23,RegionF,RegionF,5.0,150.0,37.0,38.06666666666667,1.0666666666666669,99.0,15.84,14.0,0,24
3253,AITraining,23,RegionA,RegionA,5.0,150.0,41.0,43.86666666666667,2.8666666666666667,54.0,8.64,18.0,0,24
35364,BatchInference,23,RegionB,RegionB,5.0,80.0,35.0,39.2,4.2,19.0,1.9,12.0,0,24
35467,BatchInference,23,RegionA,RegionA,5.0,80.0,38.0,42.55,4.55,22.0,2.2,15.0,0,24
4368,AITraining,23,RegionA,RegionA,5.0,150.0,37.0,40.95,3.95,34.0,5.44,14.0,0,24
46482,AITraining,23,RegionD,RegionD,5.0,150.0,43.0,43.65,0.65,98.0,15.68,20.0,0,24
13130,BatchInference,24,RegionE,RegionE,5.0,80.0,25.0,31.55,6.55,13.0,1.3,1.0,0,24
13597,BatchInference,24,RegionF,RegionF,5.0,80.0,26.0,32.483333333333334,6.483333333333333,19.0,1.9,2.0,0,24
19703,BatchInference,24,RegionE,RegionE,5.0,80.0,25.0,29.766666666666666,4.766666666666667,10.0,1.0,1.0,0,24
22712,AITraining,24,RegionE,RegionE,5.0,150.0,28.0,32.233333333333334,4.233333333333333,63.0,10.08,4.0,0,24
26807,BatchInference,24,RegionE,RegionE,5.0,80.0,40.0,45.06666666666666,5.066666666666666,14.0,1.4,16.0,0,24
318,BatchInference,24,RegionD,RegionD,5.0,80.0,38.0,43.983333333333334,5.983333333333333,18.0,1.8,14.0,0,24
32517,AITraining,24,RegionD,RegionD,5.0,150.0,31.0,36.55,5.55,101.0,16.16,7.0,0,24
39595,AITraining,24,RegionD,RegionD,5.0,150.0,26.0,27.333333333333332,1.3333333333333333,26.0,4.16,2.0,0,24
46443,BatchInference,24,RegionB,RegionB,5.0,80.0,29.0,35.28333333333333,6.283333333333333,8.0,0.8,5.0,0,24
48703,AITraining,24,RegionF,RegionF,5.0,150.0,29.0,34.21666666666667,5.216666666666667,100.0,16.0,5.0,0,24
5167,AITraining,24,RegionF,RegionF,5.0,150.0,24.0,29.1,5.1,89.0,14.24,0.0,0,24
6429,AITraining,24,RegionD,RegionD,5.0,150.0,41.0,43.166666666666664,2.1666666666666665,46.0,7.36,17.0,0,24
15326,AITraining,25,RegionE,RegionE,5.0,150.0,25.0,25.883333333333333,0.8833333333333333,38.0,6.08,0.0,0,24
3313,BatchInference,25,RegionA,RegionA,5.0,80.0,28.0,33.15,5.15,7.0,0.7000000000000001,3.0,0,24
35341,AITraining,25,RegionF,RegionF,5.0,150.0,26.0,29.7,3.7,46.0,7.36,1.0,0,24
37018,BatchInference,25,RegionC,RegionC,5.0,80.0,27.0,33.35,6.35,7.0,0.7000000000000001,2.0,0,24
38856,AITraining,25,RegionE,RegionE,5.0,150.0,32.0,37.666666666666664,5.666666666666667,49.0,7.84,7.0,0,24
8374,AITraining,25,RegionE,RegionE,5.0,150.0,33.0,34.3,1.3,83.0,13.28,8.0,0,24
11253,AITraining,26,RegionE,RegionE,5.0,150.0,38.0,41.11666666666667,3.1166666666666667,37.0,5.92,12.0,0,24
19933,BatchInference,26,RegionF,RegionF,5.0,80.0,26.0,32.05,6.05,15.0,1.5,0.0,0,24
21492,BatchInference,26,RegionD,RegionD,5.0,80.0,26.0,30.483333333333334,4.483333333333333,18.0,1.8,0.0,0,24
25035,AITraining,26,RegionE,RegionE,5.0,150.0,42.0,42.3,0.3,68.0,10.88,16.0,0,24
28909,AITraining,26,RegionD,RegionD,5.0,150.0,28.0,31.583333333333332,3.583333333333333,45.0,7.2,2.0,0,24
3259,AITraining,26,RegionF,RegionC,76.0,150.0,38.0,44.38333333333333,6.383333333333334,125.0,20.0,12.0,1,24
38736,AITraining,26,RegionD,RegionD,5.0,150.0,36.0,38.05,2.05,20.0,3.2,10.0,0,24
45331,BatchInference,26,RegionE,RegionE,5.0,80.0,28.0,30.266666666666666,2.2666666666666666,18.0,1.8,2.0,0,24
47095,AITraining,26,RegionF,RegionF,5.0,150.0,28.0,32.3,4.3,85.0,13.6,2.0,0,24
48545,BatchInference,26,RegionE,RegionE,5.0,80.0,39.0,45.516666666666666,6.516666666666667,15.0,1.5,13.0,0,24
6447,AITraining,26,RegionF,RegionF,5.0,150.0,32.0,35.31666666666667,3.316666666666667,63.0,10.08,6.0,0,24
7559,BatchInference,26,RegionC,RegionC,5.0,80.0,33.0,35.53333333333333,2.533333333333333,18.0,1.8,7.0,0,24
9531,AITraining,26,RegionC,RegionC,5.0,150.0,36.0,40.983333333333334,4.983333333333333,79.0,12.64,10.0,0,24
10175,BatchInference,27,RegionB,RegionB,5.0,80.0,40.0,44.93333333333334,4.933333333333334,23.0,2.3000000000000003,13.0,0,24
18431,BatchInference,27,RegionF,RegionF,5.0,80.0,37.0,41.18333333333334,4.183333333333334,13.0,1.3,10.0,0,24
2578,AITraining,27,RegionC,RegionC,5.0,150.0,32.0,32.45,0.45,115.0,18.4,5.0,0,24
2743,AITraining,27,RegionD,RegionD,5.0,150.0,31.0,34.45,3.45,36.0,5.76,4.0,0,24
33137,AITraining,27,RegionF,RegionF,5.0,150.0,44.0,45.166666666666664,1.1666666666666667,89.0,14.24,17.0,0,24
42723,AITraining,27,RegionD,RegionD,5.0,150.0,28.0,33.13333333333333,5.133333333333334,50.0,8.0,1.0,0,24
42788,AITraining,27,RegionD,RegionD,5.0,150.0,31.0,33.333333333333336,2.333333333333333,83.0,13.28,4.0,0,24
45443,AITraining,27,RegionF,RegionF,5.0,150.0,29.0,33.03333333333333,4.033333333333333,25.0,4.0,2.0,0,24
13940,AITraining,28,RegionD,RegionD,5.0,150.0,36.0,39.86666666666667,3.8666666666666663,124.0,19.84,8.0,0,24
14079,AITraining,28,RegionD,RegionD,5.0,150.0,43.0,43.61666666666667,0.6166666666666667,72.0,11.52,15.0,0,24
21074,BatchInference,28,RegionE,RegionE,5.0,80.0,40.0,44.516666666666666,4.516666666666667,22.0,2.2,12.0,0,24
21746,BatchInference,28,RegionB,RegionB,5.0,80.0,32.0,34.28333333333333,2.283333333333333,19.0,1.9,4.0,0,24
22231,AITraining,28,RegionD,RegionD,5.0,150.0,41.0,41.93333333333333,0.9333333333333332,78.0,12.48,13.0,0,24
26748,AITraining,28,RegionF,RegionF,5.0,150.0,32.0,33.666666666666664,1.6666666666666667,86.0,13.76,4.0,0,24
27007,AITraining,28,RegionD,RegionD,5.0,150.0,41.0,43.766666666666666,2.7666666666666666,32.0,5.12,13.0,0,24
31979,AITraining,28,RegionD,RegionD,5.0,150.0,41.0,41.833333333333336,0.8333333333333334,108.0,17.28,13.0,0,24
35702,AITraining,28,RegionF,RegionF,5.0,150.0,28.0,28.616666666666667,0.6166666666666667,103.0,16.48,0.0,0,24
35712,BatchInference,28,RegionC,RegionC,5.0,80.0,29.0,35.43333333333334,6.433333333333334,16.0,1.6,1.0,0,24
37176,AITraining,28,RegionE,RegionE,5.0,150.0,31.0,35.95,4.95,65.0,10.4,3.0,0,24
37392,AITraining,28,RegionE,RegionE,5.0,150.0,29.0,33.766666666666666,4.766666666666667,104.0,16.64,1.0,0,24
41835,AITraining,28,RegionF,RegionF,5.0,150.0,28.0,30.21666666666667,2.216666666666667,67.0,10.72,0.0,0,24
43753,AITraining,28,RegionD,RegionD,5.0,150.0,38.0,43.93333333333334,5.933333333333334,51.0,8.16,10.0,0,24
44925,AITraining,28,RegionF,RegionF,5.0,150.0,32.0,35.71666666666667,3.716666666666667,80.0,12.8,4.0,0,24
8390,AITraining,28,RegionD,RegionD,5.0,150.0,45.0,45.95,0.95,91.0,14.56,17.0,0,24
10238,AITraining,29,RegionF,RegionF,5.0,150.0,33.0,35.43333333333333,2.433333333333333,43.0,6.88,4.0,0,24
12473,AITraining,29,RegionE,RegionE,5.0,150.0,29.0,32.71666666666667,3.716666666666667,85.0,13.6,0.0,0,24
17016,AITraining,29,RegionD,RegionD,5.0,150.0,34.0,37.86666666666667,3.8666666666666663,103.0,16.48,5.0,0,24
18811,AITraining,29,RegionF,RegionF,5.0,150.0,32.0,34.8,2.8,73.0,11.68,3.0,0,24
20217,AITraining,29,RegionD,RegionD,5.0,150.0,30.0,30.516666666666666,0.5166666666666667,67.0,10.72,1.0,0,24
2640,AITraining,29,RegionE,RegionE,5.0,150.0,33.0,36.78333333333333,3.783333333333333,81.0,12.96,4.0,0,24
26685,AITraining,29,RegionD,RegionD,5.0,150.0,35.0,37.71666666666667,2.716666666666667,70.0,11.2,6.0,0,24
31942,BatchInference,29,RegionD,RegionD,5.0,80.0,39.0,41.35,2.35,18.0,1.8,10.0,0,24
34270,AITraining,29,RegionE,RegionE,5.0,150.0,35.0,38.03333333333333,3.033333333333333,108.0,17.28,6.0,0,24
47855,BatchInference,29,RegionD,RegionD,5.0,80.0,40.0,43.833333333333336,3.8333333333333335,20.0,2.0,11.0,0,24
48306,AITraining,29,RegionD,RegionD,5.0,150.0,34.0,39.81666666666666,5.816666666666666,60.0,9.6,5.0,0,24
49193,AITraining,29,RegionE,RegionE,5.0,150.0,29.0,29.55,0.55,77.0,12.32,0.0,0,24
5276,BatchInference,29,RegionC,RegionC,5.0,80.0,36.0,40.78333333333333,4.783333333333333,22.0,2.2,7.0,0,24
5542,AITraining,29,RegionA,RegionA,5.0,150.0,36.0,41.916666666666664,5.916666666666667,105.0,16.8,7.0,0,24
13348,AITraining,30,RegionA,RegionA,5.0,150.0,35.0,37.016666666666666,2.0166666666666666,94.0,15.04,5.0,0,24
2450,AITraining,30,RegionE,RegionE,5.0,150.0,34.0,35.46666666666667,1.4666666666666666,76.0,12.16,4.0,0,24
26937,BatchInference,30,RegionD,RegionD,5.0,80.0,37.0,42.55,5.55,23.0,2.3000000000000003,7.0,0,24
28960,AITraining,30,RegionB,RegionB,5.0,150.0,35.0,40.6,5.6,102.0,16.32,5.0,0,24
10437,AITraining,31,RegionD,RegionD,5.0,150.0,34.0,40.016666666666666,6.016666666666667,17.0,2.72,3.0,0,24
32474,BatchInference,31,RegionE,RegionE,5.0,80.0,39.0,43.56666666666666,4.566666666666666,12.0,1.2000000000000002,8.0,0,24
38678,BatchInference,31,RegionD,RegionD,5.0,80.0,32.0,37.06666666666666,5.066666666666666,22.0,2.2,1.0,0,24
9559,BatchInference,31,RegionB,RegionB,5.0,80.0,32.0,38.25,6.25,9.0,0.9,1.0,0,24
11453,AITraining,32,RegionC,RegionC,5.0,150.0,32.0,34.13333333333333,2.1333333333333333,112.0,17.92,0.0,0,24
13173,AITraining,32,RegionD,RegionD,5.0,150.0,33.0,39.46666666666667,6.466666666666667,36.0,5.76,1.0,0,24
15483,AITraining,32,RegionE,RegionE,5.0,150.0,37.0,38.78333333333333,1.7833333333333334,58.0,9.28,5.0,0,24
16748,BatchInference,32,RegionB,RegionB,5.0,80.0,40.0,42.61666666666667,2.6166666666666667,20.0,2.0,8.0,0,24
1807,BatchInference,32,RegionD,RegionD,5.0,80.0,40.0,43.86666666666667,3.8666666666666663,20.0,2.0,8.0,0,24
33384,BatchInference,32,RegionC,RegionC,5.0,80.0,33.0,39.61666666666667,6.616666666666666,21.0,2.1,1.0,0,24
34995,AITraining,32,RegionC,RegionC,5.0,150.0,34.0,38.13333333333333,4.133333333333334,60.0,9.6,2.0,0,24
40655,AITraining,32,RegionF,RegionD,25.0,150.0,33.0,39.016666666666666,6.016666666666667,96.0,15.36,1.0,1,24
42266,AITraining,32,RegionE,RegionE,5.0,150.0,32.0,36.3,4.3,36.0,5.76,0.0,0,24
43633,AITraining,32,RegionF,RegionF,5.0,150.0,42.0,45.083333333333336,3.083333333333333,88.0,14.08,10.0,0,24
45689,BatchInference,32,RegionC,RegionC,5.0,80.0,33.0,39.516666666666666,6.516666666666667,7.0,0.7000000000000001,1.0,0,24
46740,AITraining,32,RegionE,RegionE,5.0,150.0,42.0,43.733333333333334,1.7333333333333334,120.0,19.2,10.0,0,24
6859,AITraining,32,RegionF,RegionF,5.0,150.0,36.0,38.583333333333336,2.583333333333333,121.0,19.36,4.0,0,24
10242,AITraining,33,RegionE,RegionE,5.0,150.0,43.0,43.36666666666667,0.3666666666666666,71.0,11.36,10.0,0,24
16318,BatchInference,33,RegionE,RegionE,5.0,80.0,40.0,43.88333333333333,3.883333333333333,22.0,2.2,7.0,0,24
20830,BatchInference,33,RegionD,RegionD,5.0,80.0,39.0,44.583333333333336,5.583333333333333,16.0,1.6,6.0,0,24
25530,BatchInference,33,RegionA,RegionA,5.0,80.0,36.0,40.983333333333334,4.983333333333333,16.0,1.6,3.0,0,24
27294,BatchInference,33,RegionA,RegionA,5.0,80.0,34.0,36.083333333333336,2.083333333333333,22.0,2.2,1.0,0,24
27862,AITraining,33,RegionE,RegionE,5.0,150.0,36.0,39.1,3.1,119.0,19.04,3.0,0,24
2894,AITraining,33,RegionD,RegionD,5.0,150.0,38.0,40.55,2.55,30.0,4.8,5.0,0,24
31616,AITraining,33,RegionF,RegionF,5.0,150.0,40.0,44.81666666666666,4.816666666666666,34.0,5.44,7.0,0,24
40851,AITraining,33,RegionF,RegionF,5.0,150.0,34.0,38.11666666666667,4.116666666666666,30.0,4.8,1.0,0,24
42847,AITraining,33,RegionC,RegionC,5.0,150.0,36.0,37.45,1.45,76.0,12.16,3.0,0,24
44184,AITraining,33,RegionF,RegionF,5.0,150.0,34.0,39.15,5.15,75.0,12.0,1.0,0,24
48708,AITraining,33,RegionE,RegionE,5.0,150.0,34.0,39.56666666666666,5.566666666666666,123.0,19.68,1.0,0,24
49321,BatchInference,33,RegionA,RegionA,5.0,80.0,34.0,38.483333333333334,4.483333333333333,18.0,1.8,1.0,0,24
12024,BatchInference,34,RegionA,RegionA,5.0,80.0,34.0,39.166666666666664,5.166666666666667,11.0,1.1,0.0,0,24
1710,AITraining,34,RegionF,RegionF,5.0,150.0,35.0,40.43333333333334,5.433333333333334,46.0,7.36,1.0,0,24
17351,BatchInference,34,RegionB,RegionB,5.0,80.0,34.0,40.03333333333333,6.033333333333333,15.0,1.5,0.0,0,24
2116,AITraining,34,RegionE,RegionE,5.0,150.0,34.0,40.583333333333336,6.583333333333333,66.0,10.56,0.0,0,24
21249,BatchInference,34,RegionC,RegionC,5.0,80.0,34.0,39.88333333333333,5.883333333333334,16.0,1.6,0.0,0,24
23077,AITraining,34,RegionD,RegionD,5.0,150.0,34.0,39.46666666666667,5.466666666666667,124.0,19.84,0.0,0,24
25102,BatchInference,34,RegionF,RegionF,5.0,80.0,38.0,41.11666666666667,3.1166666666666667,14.0,1.4,4.0,0,24
2761,AITraining,34,RegionA,RegionA,5.0,150.0,36.0,42.61666666666667,6.616666666666666,51.0,8.16,2.0,0,24
2864,AITraining,34,RegionE,RegionE,5.0,150.0,34.0,39.983333333333334,5.983333333333333,76.0,12.16,0.0,0,24
30978,AITraining,34,RegionE,RegionE,5.0,150.0,35.0,39.75,4.75,102.0,16.32,1.0,0,24
3120,AITraining,34,RegionF,RegionF,5.0,150.0,35.0,38.61666666666667,3.6166666666666663,78.0,12.48,1.0,0,24
35353,AITraining,34,RegionE,RegionE,5.0,150.0,43.0,43.333333333333336,0.3333333333333333,59.0,9.44,9.0,0,24
41222,AITraining,34,RegionD,RegionD,5.0,150.0,39.0,39.65,0.65,55.0,8.8,5.0,0,24
43760,AITraining,34,RegionD,RegionD,5.0,150.0,34.0,37.75,3.75,71.0,11.36,0.0,0,24
44737,BatchInference,34,RegionB,RegionB,5.0,80.0,39.0,44.166666666666664,5.166666666666667,22.0,2.2,5.0,0,24
4756,AITraining,34,RegionD,RegionD,5.0,150.0,41.0,43.85,2.85,57.0,9.12,7.0,0,24
5902,BatchInference,34,RegionF,RegionF,5.0,80.0,39.0,42.68333333333333,3.683333333333333,15.0,1.5,5.0,0,24
9155,AITraining,34,RegionF,RegionF,5.0,150.0,34.0,37.8,3.8,64.0,10.24,0.0,0,24
13385,BatchInference,35,RegionD,RegionD,5.0,80.0,40.0,45.75,5.75,21.0,2.1,5.0,0,24
28641,BatchInference,35,RegionC,RegionC,5.0,80.0,39.0,43.81666666666666,4.816666666666666,19.0,1.9,4.0,0,24
32183,AITraining,35,RegionD,RegionD,5.0,150.0,38.0,43.95,5.95,113.0,18.08,3.0,0,24
34436,BatchInference,35,RegionF,RegionF,5.0,80.0,37.0,41.68333333333334,4.683333333333334,12.0,1.2000000000000002,2.0,0,24
34498,AITraining,35,RegionD,RegionD,5.0,150.0,43.0,43.68333333333333,0.6833333333333333,88.0,14.08,8.0,0,24
12155,AITraining,36,RegionD,RegionD,5.0,150.0,37.0,42.583333333333336,5.583333333333333,28.0,4.48,1.0,0,24
12759,BatchInference,36,RegionB,RegionB,5.0,80.0,37.0,43.43333333333334,6.433333333333334,14.0,1.4,1.0,0,24
15542,BatchInference,36,RegionC,RegionC,5.0,80.0,37.0,42.81666666666666,5.816666666666666,12.0,1.2000000000000002,1.0,0,24
19060,AITraining,36,RegionF,RegionF,5.0,150.0,44.0,44.61666666666667,0.6166666666666667,98.0,15.68,8.0,0,24
20197,BatchInference,36,RegionA,RegionA,5.0,80.0,42.0,44.96666666666667,2.966666666666667,15.0,1.5,6.0,0,24
2113,AITraining,36,RegionD,RegionD,5.0,150.0,39.0,42.916666666666664,3.9166666666666665,25.0,4.0,3.0,0,24
39706,AITraining,36,RegionD,RegionD,5.0,150.0,37.0,40.016666666666666,3.0166666666666666,80.0,12.8,1.0,0,24
42774,AITraining,36,RegionA,RegionA,5.0,150.0,40.0,44.166666666666664,4.166666666666667,68.0,10.88,4.0,0,24
43819,AITraining,36,RegionD,RegionD,5.0,150.0,38.0,43.983333333333334,5.983333333333333,112.0,17.92,2.0,0,24
47038,AITraining,36,RegionB,RegionB,5.0,150.0,36.0,42.483333333333334,6.483333333333333,74.0,11.84,0.0,0,24
5699,AITraining,36,RegionF,RegionF,5.0,150.0,39.0,43.2,4.2,33.0,5.28,3.0,0,24
23218,AITraining,37,RegionE,RegionE,5.0,150.0,44.0,45.0,1.0,50.0,8.0,7.0,0,24
28480,AITraining,37,RegionF,RegionF,5.0,150.0,44.0,44.68333333333333,0.6833333333333333,53.0,8.48,7.0,0,24
35132,BatchInference,37,RegionF,RegionF,5.0,80.0,38.0,42.016666666666666,4.016666666666667,19.0,1.9,1.0,0,24
42631,AITraining,37,RegionD,RegionD,5.0,150.0,38.0,43.15,5.15,65.0,10.4,1.0,0,24
47781,BatchInference,37,RegionB,RegionB,5.0,80.0,40.0,44.13333333333333,4.133333333333334,22.0,2.2,3.0,0,24
48209,BatchInference,37,RegionD,RegionD,5.0,80.0,39.0,43.81666666666666,4.816666666666666,17.0,1.7000000000000002,2.0,0,24
5395,AITraining,37,RegionE,RegionE,5.0,150.0,40.0,43.28333333333333,3.283333333333333,100.0,16.0,3.0,0,24
7726,AITraining,37,RegionF,RegionF,5.0,150.0,42.0,43.3,1.3,46.0,7.36,5.0,0,24
12966,BatchInference,38,RegionE,RegionE,5.0,80.0,42.0,44.1,2.1,23.0,2.3000000000000003,4.0,0,24
40528,AITraining,38,RegionE,RegionE,5.0,150.0,43.0,43.38333333333333,0.3833333333333333,126.0,20.16,5.0,0,24
47314,AITraining,38,RegionC,RegionC,5.0,150.0,39.0,43.36666666666667,4.366666666666666,111.0,17.76,1.0,0,24
47531,AITraining,38,RegionD,RegionD,5.0,150.0,42.0,43.75,1.75,53.0,8.48,4.0,0,24
4759,BatchInference,38,RegionD,RegionD,5.0,80.0,40.0,44.5,4.5,13.0,1.3,2.0,0,24
587,AITraining,38,RegionE,RegionE,5.0,150.0,41.0,41.78333333333333,0.7833333333333333,103.0,16.48,3.0,0,24
11134,AITraining,39,RegionE,RegionE,5.0,150.0,40.0,42.61666666666667,2.6166666666666667,97.0,15.52,1.0,0,24
17835,BatchInference,39,RegionA,RegionA,5.0,80.0,39.0,43.5,4.5,20.0,2.0,0.0,0,24
1818,AITraining,39,RegionD,RegionD,5.0,150.0,39.0,44.083333333333336,5.083333333333333,52.0,8.32,0.0,0,24
201,AITraining,39,RegionF,RegionF,5.0,150.0,39.0,40.75,1.75,97.0,15.52,0.0,0,24
25151,BatchInference,39,RegionB,RegionB,5.0,80.0,39.0,44.65,5.65,10.0,1.0,0.0,0,24
2724,AITraining,39,RegionD,RegionD,5.0,150.0,39.0,39.31666666666667,0.3166666666666666,84.0,13.44,0.0,0,24
43060,BatchInference,39,RegionD,RegionD,5.0,80.0,41.0,44.016666666666666,3.0166666666666666,20.0,2.0,2.0,0,24
4988,AITraining,39,RegionE,RegionE,5.0,150.0,39.0,44.06666666666666,5.066666666666666,24.0,3.84,0.0,0,24
12187,BatchInference,40,RegionA,RegionA,5.0,80.0,40.0,44.85,4.85,22.0,2.2,0.0,0,24
13771,BatchInference,40,RegionC,RegionC,5.0,80.0,40.0,43.4,3.4,16.0,1.6,0.0,0,24
20222,AITraining,40,RegionF,RegionF,5.0,150.0,40.0,45.85,5.85,66.0,10.56,0.0,0,24
21113,AITraining,40,RegionF,RegionF,5.0,150.0,40.0,44.63333333333333,4.633333333333334,109.0,17.44,0.0,0,24
22812,AITraining,40,RegionF,RegionF,5.0,150.0,40.0,45.86666666666667,5.866666666666666,50.0,8.0,0.0,0,24
23396,AITraining,40,RegionF,RegionF,5.0,150.0,42.0,44.233333333333334,2.2333333333333334,68.0,10.88,2.0,0,24
31119,AITraining,40,RegionD,RegionD,5.0,150.0,40.0,45.31666666666666,5.316666666666666,28.0,4.48,0.0,0,24
33002,AITraining,40,RegionD,RegionD,5.0,150.0,40.0,43.25,3.25,86.0,13.76,0.0,0,24
34632,AITraining,40,RegionF,RegionF,5.0,150.0,40.0,45.56666666666666,5.566666666666666,89.0,14.24,0.0,0,24
38070,AITraining,40,RegionF,RegionF,5.0,150.0,40.0,44.21666666666667,4.216666666666667,24.0,3.84,0.0,0,24
43284,AITraining,40,RegionF,RegionF,5.0,150.0,42.0,45.68333333333333,3.683333333333333,59.0,9.44,2.0,0,24
47335,AITraining,40,RegionD,RegionD,5.0,150.0,41.0,45.5,4.5,36.0,5.76,1.0,0,24
11328,AITraining,41,RegionB,RegionB,5.0,150.0,41.0,44.416666666666664,3.4166666666666665,37.0,5.92,0.0,0,24
22873,BatchInference,41,RegionA,RegionA,5.0,80.0,41.0,43.86666666666667,2.8666666666666667,17.0,1.7000000000000002,0.0,0,24
24664,AITraining,41,RegionD,RegionD,5.0,150.0,41.0,44.0,3.0,123.0,19.68,0.0,0,24
36707,AITraining,41,RegionC,RegionC,5.0,150.0,41.0,42.666666666666664,1.6666666666666667,59.0,9.44,0.0,0,24
392,AITraining,41,RegionF,RegionE,18.0,150.0,41.0,46.3,5.3,112.0,17.92,0.0,1,24
6608,AITraining,41,RegionE,RegionA,78.0,150.0,41.0,47.483333333333334,6.483333333333333,125.0,20.0,0.0,1,24
8135,BatchInference,41,RegionB,RegionB,5.0,80.0,42.0,44.31666666666667,2.316666666666667,18.0,1.8,1.0,0,24
16619,BatchInference,42,RegionD,RegionD,5.0,80.0,42.0,46.56666666666666,4.566666666666666,19.0,1.9,0.0,0,24
17392,AITraining,42,RegionE,RegionE,5.0,150.0,42.0,48.11666666666667,6.116666666666666,27.0,4.32,0.0,0,24
4004,AITraining,42,RegionE,RegionC,70.0,150.0,42.0,47.8,5.8,119.0,19.04,0.0,1,24
43403,AITraining,42,RegionF,RegionA,82.0,150.0,42.0,47.733333333333334,5.733333333333333,121.0,19.36,0.0,1,24
43450,BatchInference,42,RegionA,RegionA,5.0,80.0,42.0,46.88333333333333,4.883333333333334,17.0,1.7000000000000002,0.0,0,24
47360,AITraining,42,RegionD,RegionD,5.0,150.0,42.0,43.916666666666664,1.9166666666666667,19.0,3.04,0.0,0,24
5722,AITraining,42,RegionD,RegionD,5.0,150.0,42.0,45.11666666666667,3.1166666666666667,35.0,5.6000000000000005,0.0,0,24
8139,BatchInference,42,RegionF,RegionF,5.0,80.0,42.0,46.733333333333334,4.733333333333333,22.0,2.2,0.0,0,24
18172,BatchInference,43,RegionC,RegionC,5.0,80.0,43.0,47.516666666666666,4.516666666666667,19.0,1.9,0.0,0,24
25582,AITraining,43,RegionB,RegionB,5.0,150.0,43.0,48.46666666666667,5.466666666666667,59.0,9.44,0.0,0,24
29629,BatchInference,43,RegionA,RegionA,5.0,80.0,43.0,46.61666666666667,3.6166666666666663,20.0,2.0,0.0,0,24
31464,AITraining,43,RegionF,RegionF,5.0,150.0,43.0,49.18333333333334,6.183333333333334,42.0,6.72,0.0,0,24
36741,AITraining,43,RegionD,RegionD,5.0,150.0,45.0,45.96666666666667,0.9666666666666668,126.0,20.16,2.0,0,24
40140,BatchInference,43,RegionC,RegionC,5.0,80.0,43.0,48.483333333333334,5.483333333333333,15.0,1.5,0.0,0,24
48875,BatchInference,43,RegionA,RegionA,5.0,80.0,43.0,46.983333333333334,3.983333333333333,22.0,2.2,0.0,0,24
49712,AITraining,43,RegionE,RegionE,5.0,150.0,43.0,44.05,1.05,52.0,8.32,0.0,0,24
7089,AITraining,43,RegionF,RegionF,5.0,150.0,43.0,45.35,2.35,21.0,3.36,0.0,0,24
8324,AITraining,43,RegionC,RegionC,5.0,150.0,43.0,49.13333333333333,6.133333333333334,125.0,20.0,0.0,0,24
13191,AITraining,44,RegionB,RegionB,5.0,150.0,44.0,49.2,5.2,66.0,10.56,0.0,0,24
30871,AITraining,44,RegionD,RegionB,60.0,150.0,44.0,50.21666666666667,6.216666666666667,84.0,13.44,0.0,1,24
34865,AITraining,44,RegionD,RegionB,60.0,150.0,44.0,47.78333333333333,3.783333333333333,78.0,12.48,0.0,1,24
38616,AITraining,44,RegionC,RegionC,5.0,150.0,44.0,50.13333333333333,6.133333333333334,44.0,7.04,0.0,0,24
43579,AITraining,44,RegionE,RegionE,5.0,150.0,44.0,45.233333333333334,1.2333333333333334,52.0,8.32,0.0,0,24
45781,AITraining,44,RegionD,RegionD,5.0,150.0,44.0,48.75,4.75,48.0,7.68,0.0,0,24
47184,AITraining,44,RegionD,RegionD,5.0,150.0,44.0,46.53333333333333,2.533333333333333,79.0,12.64,0.0,0,24
48807,AITraining,44,RegionF,RegionA,82.0,150.0,44.0,47.85,3.85,125.0,20.0,0.0,1,24
5892,AITraining,44,RegionD,RegionC,58.0,150.0,44.0,48.46666666666667,4.466666666666667,70.0,11.2,0.0,1,24
6175,AITraining,44,RegionE,RegionE,5.0,150.0,44.0,45.63333333333333,1.6333333333333333,77.0,12.32,0.0,0,24
8494,AITraining,44,RegionA,RegionA,5.0,150.0,44.0,50.333333333333336,6.333333333333333,111.0,17.76,0.0,0,24
28938,AITraining,45,RegionE,RegionB,74.0,150.0,45.0,48.983333333333334,3.983333333333333,92.0,14.72,0.0,1,24
37216,AITraining,45,RegionE,RegionC,70.0,150.0,45.0,50.85,5.85,94.0,15.04,0.0,1,24
44498,AITraining,45,RegionF,RegionF,5.0,150.0,45.0,50.25,5.25,87.0,13.92,0.0,0,24
47459,BatchInference,45,RegionB,RegionB,5.0,80.0,45.0,49.31666666666666,4.316666666666666,19.0,1.9,0.0,0,24
47917,BatchInference,45,RegionA,RegionA,5.0,80.0,45.0,51.31666666666666,6.316666666666666,23.0,2.3000000000000003,0.0,0,24
5018,AITraining,45,RegionC,RegionC,5.0,150.0,45.0,50.65,5.65,21.0,3.36,0.0,0,24
5084,AITraining,45,RegionD,RegionD,5.0,150.0,45.0,49.3,4.3,75.0,12.0,0.0,0,24
12423,AITraining,46,RegionA,RegionA,5.0,150.0,46.0,49.53333333333333,3.533333333333333,53.0,8.48,0.0,0,24
24755,AITraining,47,RegionA,RegionB,12.0,150.0,47.0,50.766666666666666,3.7666666666666666,69.0,11.04,0.0,1,24
46792,RealTimeInference,49,RegionB,RegionB,5.0,20.0,49.0,49.7,0.7,2.0,0.16,0.0,0,48
19204,RealTimeInference,49,RegionC,RegionC,5.0,20.0,49.0,50.666666666666664,1.6666666666666667,2.0,0.16,0.0,0,48
7966,RealTimeInference,50,RegionB,RegionB,5.0,20.0,50.0,50.88333333333333,0.8833333333333333,7.0,0.56,0.0,0,48
3574,RealTimeInference,48,RegionF,RegionF,5.0,20.0,48.0,51.483333333333334,3.4833333333333334,7.0,0.56,0.0,0,48
22824,RealTimeInference,49,RegionB,RegionB,5.0,20.0,49.0,51.96666666666667,2.966666666666667,1.0,0.08,0.0,0,48
45343,RealTimeInference,49,RegionC,RegionC,5.0,20.0,49.0,51.86666666666667,2.8666666666666667,3.0,0.24,0.0,0,48
42114,RealTimeInference,51,RegionB,RegionB,5.0,20.0,51.0,51.75,0.75,3.0,0.24,0.0,0,48
21515,RealTimeInference,48,RegionA,RegionA,5.0,20.0,48.0,52.53333333333333,4.533333333333333,1.0,0.08,0.0,0,48
5753,RealTimeInference,48,RegionA,RegionA,5.0,20.0,48.0,52.766666666666666,4.766666666666667,1.0,0.08,0.0,0,48
13496,RealTimeInference,49,RegionB,RegionB,5.0,20.0,49.0,52.25,3.25,7.0,0.56,0.0,0,48
20714,RealTimeInference,50,RegionF,RegionF,5.0,20.0,50.0,52.18333333333333,2.183333333333333,1.0,0.08,0.0,0,48
430,RealTimeInference,50,RegionC,RegionC,5.0,20.0,50.0,52.63333333333333,2.6333333333333333,3.0,0.24,0.0,0,48
13393,RealTimeInference,52,RegionC,RegionC,5.0,20.0,52.0,52.31666666666667,0.3166666666666666,5.0,0.4,0.0,0,48
34727,RealTimeInference,52,RegionA,RegionA,5.0,20.0,52.0,52.71666666666667,0.7166666666666667,1.0,0.08,0.0,0,48
3967,RealTimeInference,52,RegionC,RegionC,5.0,20.0,52.0,52.43333333333333,0.4333333333333333,3.0,0.24,0.0,0,48
47590,RealTimeInference,48,RegionA,RegionA,5.0,20.0,48.0,54.0,6.0,2.0,0.16,0.0,0,48
1765,RealTimeInference,51,RegionA,RegionA,5.0,20.0,51.0,53.233333333333334,2.2333333333333334,5.0,0.4,0.0,0,48
20015,RealTimeInference,53,RegionB,RegionB,5.0,20.0,53.0,53.36666666666667,0.3666666666666666,6.0,0.48,0.0,0,48
28778,RealTimeInference,53,RegionA,RegionA,5.0,20.0,53.0,53.63333333333333,0.6333333333333333,1.0,0.08,0.0,0,48
46305,RealTimeInference,53,RegionA,RegionA,5.0,20.0,53.0,53.95,0.95,1.0,0.08,0.0,0,48
39934,RealTimeInference,51,RegionA,RegionA,5.0,20.0,51.0,54.53333333333333,3.533333333333333,1.0,0.08,0.0,0,48
2246,RealTimeInference,52,RegionB,RegionB,5.0,20.0,52.0,54.13333333333333,2.1333333333333333,4.0,0.32,0.0,0,48
15410,RealTimeInference,49,RegionB,RegionB,5.0,20.0,49.0,55.63333333333333,6.633333333333334,7.0,0.56,0.0,0,48
21904,RealTimeInference,49,RegionB,RegionB,5.0,20.0,49.0,55.266666666666666,6.266666666666667,7.0,0.56,0.0,0,48
43740,RealTimeInference,49,RegionA,RegionA,5.0,20.0,49.0,55.03333333333333,6.033333333333333,5.0,0.4,0.0,0,48
23103,RealTimeInference,52,RegionA,RegionA,5.0,20.0,52.0,55.65,3.65,6.0,0.48,0.0,0,48
42763,RealTimeInference,52,RegionA,RegionA,5.0,20.0,52.0,55.333333333333336,3.333333333333333,5.0,0.4,0.0,0,48
6316,RealTimeInference,52,RegionF,RegionF,5.0,20.0,52.0,55.166666666666664,3.1666666666666665,5.0,0.4,0.0,0,48
42377,RealTimeInference,53,RegionB,RegionB,5.0,20.0,53.0,55.9,2.9,6.0,0.48,0.0,0,48
44830,RealTimeInference,54,RegionB,RegionB,5.0,20.0,54.0,55.333333333333336,1.3333333333333333,6.0,0.48,0.0,0,48
30550,RealTimeInference,51,RegionB,RegionB,5.0,20.0,51.0,56.81666666666666,5.816666666666666,4.0,0.32,0.0,0,48
5851,RealTimeInference,51,RegionA,RegionA,5.0,20.0,51.0,56.233333333333334,5.233333333333333,6.0,0.48,0.0,0,48
24548,RealTimeInference,54,RegionB,RegionB,5.0,20.0,54.0,56.93333333333333,2.933333333333333,3.0,0.24,0.0,0,48
25855,RealTimeInference,56,RegionC,RegionC,5.0,20.0,56.0,56.43333333333333,0.4333333333333333,5.0,0.4,0.0,0,48
45835,RealTimeInference,56,RegionC,RegionC,5.0,20.0,56.0,56.86666666666667,0.8666666666666667,6.0,0.48,0.0,0,48
26296,RealTimeInference,51,RegionE,RegionE,5.0,20.0,51.0,57.43333333333334,6.433333333333334,5.0,0.4,0.0,0,48
45551,RealTimeInference,51,RegionB,RegionB,5.0,20.0,51.0,57.583333333333336,6.583333333333333,7.0,0.56,0.0,0,48
4046,RealTimeInference,52,RegionE,RegionE,5.0,20.0,52.0,57.61666666666667,5.616666666666666,2.0,0.16,0.0,0,48
40838,RealTimeInference,52,RegionC,RegionC,5.0,20.0,52.0,57.15,5.15,6.0,0.48,0.0,0,48
42991,RealTimeInference,52,RegionA,RegionA,5.0,20.0,52.0,57.68333333333334,5.683333333333334,1.0,0.08,0.0,0,48
40814,RealTimeInference,53,RegionA,RegionA,5.0,20.0,53.0,57.416666666666664,4.416666666666667,5.0,0.4,0.0,0,48
34855,RealTimeInference,54,RegionC,RegionC,5.0,20.0,54.0,57.43333333333333,3.433333333333333,5.0,0.4,0.0,0,48
5656,RealTimeInference,55,RegionB,RegionB,5.0,20.0,55.0,57.35,2.35,4.0,0.32,0.0,0,48
14168,RealTimeInference,56,RegionA,RegionA,5.0,20.0,56.0,57.63333333333333,1.6333333333333333,3.0,0.24,0.0,0,48
24894,RealTimeInference,56,RegionA,RegionA,5.0,20.0,56.0,57.96666666666667,1.9666666666666663,2.0,0.16,0.0,0,48
43886,RealTimeInference,56,RegionB,RegionB,5.0,20.0,56.0,57.416666666666664,1.4166666666666667,6.0,0.48,0.0,0,48
11571,RealTimeInference,57,RegionA,RegionA,5.0,20.0,57.0,57.55,0.55,7.0,0.56,0.0,0,48
44775,RealTimeInference,54,RegionA,RegionA,5.0,20.0,54.0,58.71666666666667,4.716666666666667,6.0,0.48,0.0,0,48
16488,RealTimeInference,55,RegionC,RegionC,5.0,20.0,55.0,58.45,3.45,4.0,0.32,0.0,0,48
36325,RealTimeInference,56,RegionC,RegionC,5.0,20.0,56.0,58.583333333333336,2.583333333333333,3.0,0.24,0.0,0,48
37253,RealTimeInference,56,RegionA,RegionA,5.0,20.0,56.0,58.46666666666667,2.466666666666667,6.0,0.48,0.0,0,48
10001,RealTimeInference,57,RegionC,RegionC,5.0,20.0,57.0,58.93333333333333,1.9333333333333331,5.0,0.4,0.0,0,48
29200,RealTimeInference,57,RegionC,RegionC,5.0,20.0,57.0,58.96666666666667,1.9666666666666663,3.0,0.24,0.0,0,48
42716,RealTimeInference,53,RegionA,RegionA,5.0,20.0,53.0,59.516666666666666,6.516666666666667,3.0,0.24,0.0,0,48
8634,RealTimeInference,54,RegionB,RegionB,5.0,20.0,54.0,59.9,5.9,5.0,0.4,0.0,0,48
5760,RealTimeInference,55,RegionA,RegionA,5.0,20.0,55.0,59.25,4.25,5.0,0.4,0.0,0,48
33981,RealTimeInference,57,RegionB,RegionB,5.0,20.0,57.0,59.666666666666664,2.6666666666666665,1.0,0.08,0.0,0,48
23720,RealTimeInference,58,RegionA,RegionA,5.0,20.0,58.0,59.3,1.3,5.0,0.4,0.0,0,48
23035,RealTimeInference,54,RegionC,RegionC,5.0,20.0,54.0,60.05,6.05,6.0,0.48,0.0,0,48
37149,RealTimeInference,54,RegionB,RegionB,5.0,20.0,54.0,60.3,6.3,7.0,0.56,0.0,0,48
19524,RealTimeInference,59,RegionB,RegionB,5.0,20.0,59.0,60.63333333333333,1.6333333333333333,7.0,0.56,0.0,0,48
32163,RealTimeInference,59,RegionB,RegionB,5.0,20.0,59.0,60.333333333333336,1.3333333333333333,3.0,0.24,0.0,0,48
5102,RealTimeInference,59,RegionD,RegionD,5.0,20.0,59.0,60.083333333333336,1.0833333333333333,1.0,0.08,0.0,0,48
36596,RealTimeInference,60,RegionA,RegionA,5.0,20.0,60.0,60.766666666666666,0.7666666666666667,5.0,0.4,0.0,0,48
21571,RealTimeInference,56,RegionB,RegionB,5.0,20.0,56.0,61.333333333333336,5.333333333333333,6.0,0.48,0.0,0,48
17795,RealTimeInference,60,RegionF,RegionF,5.0,20.0,60.0,61.13333333333333,1.1333333333333333,4.0,0.32,0.0,0,48
6946,RealTimeInference,60,RegionA,RegionA,5.0,20.0,60.0,61.8,1.8,3.0,0.24,0.0,0,48
10914,RealTimeInference,61,RegionE,RegionE,5.0,20.0,61.0,61.233333333333334,0.2333333333333333,6.0,0.48,0.0,0,48
7752,RealTimeInference,61,RegionD,RegionD,5.0,20.0,61.0,61.233333333333334,0.2333333333333333,6.0,0.48,0.0,0,48
11248,RealTimeInference,57,RegionC,RegionC,5.0,20.0,57.0,62.266666666666666,5.266666666666667,4.0,0.32,0.0,0,48
21986,RealTimeInference,58,RegionC,RegionC,5.0,20.0,58.0,62.68333333333334,4.683333333333334,1.0,0.08,0.0,0,48
18127,RealTimeInference,59,RegionB,RegionB,5.0,20.0,59.0,62.7,3.7,3.0,0.24,0.0,0,48
47806,RealTimeInference,61,RegionA,RegionA,5.0,20.0,61.0,62.266666666666666,1.2666666666666666,4.0,0.32,0.0,0,48
9902,RealTimeInference,61,RegionC,RegionC,5.0,20.0,61.0,62.6,1.6,7.0,0.56,0.0,0,48
3377,RealTimeInference,62,RegionE,RegionE,5.0,20.0,62.0,62.583333333333336,0.5833333333333334,6.0,0.48,0.0,0,48
46756,RealTimeInference,62,RegionA,RegionA,5.0,20.0,62.0,62.55,0.55,7.0,0.56,0.0,0,48
6674,RealTimeInference,62,RegionB,RegionB,5.0,20.0,62.0,62.666666666666664,0.6666666666666666,5.0,0.4,0.0,0,48
12999,RealTimeInference,60,RegionC,RegionC,5.0,20.0,60.0,63.766666666666666,3.7666666666666666,7.0,0.56,0.0,0,48
13437,RealTimeInference,60,RegionB,RegionB,5.0,20.0,60.0,63.233333333333334,3.2333333333333334,4.0,0.32,0.0,0,48
30968,RealTimeInference,61,RegionA,RegionA,5.0,20.0,61.0,63.05,2.05,5.0,0.4,0.0,0,48
44880,RealTimeInference,61,RegionA,RegionA,5.0,20.0,61.0,63.666666666666664,2.6666666666666665,3.0,0.24,0.0,0,48
5931,RealTimeInference,61,RegionA,RegionA,5.0,20.0,61.0,63.166666666666664,2.1666666666666665,5.0,0.4,0.0,0,48
48457,RealTimeInference,58,RegionB,RegionB,5.0,20.0,58.0,64.36666666666666,6.366666666666666,7.0,0.56,0.0,0,48
25108,RealTimeInference,59,RegionC,RegionC,5.0,20.0,59.0,64.88333333333334,5.883333333333334,7.0,0.56,0.0,0,48
13293,RealTimeInference,60,RegionB,RegionB,5.0,20.0,60.0,64.5,4.5,4.0,0.32,0.0,0,48
678,RealTimeInference,60,RegionB,RegionB,5.0,20.0,60.0,64.55,4.55,2.0,0.16,0.0,0,48
19822,RealTimeInference,63,RegionF,RegionF,5.0,20.0,63.0,64.4,1.4,6.0,0.48,0.0,0,48
3687,RealTimeInference,64,RegionA,RegionA,5.0,20.0,64.0,64.31666666666666,0.3166666666666666,1.0,0.08,0.0,0,48
2896,RealTimeInference,60,RegionB,RegionB,5.0,20.0,60.0,66.0,6.0,4.0,0.32,0.0,0,48
33745,RealTimeInference,63,RegionB,RegionB,5.0,20.0,63.0,65.58333333333333,2.583333333333333,1.0,0.08,0.0,0,48
42224,RealTimeInference,63,RegionA,RegionA,5.0,20.0,63.0,65.1,2.1,2.0,0.16,0.0,0,48
23894,RealTimeInference,64,RegionC,RegionC,5.0,20.0,64.0,65.98333333333333,1.9833333333333332,3.0,0.24,0.0,0,48
4445,RealTimeInference,65,RegionC,RegionC,5.0,20.0,65.0,65.71666666666667,0.7166666666666667,5.0,0.4,0.0,0,48
29346,RealTimeInference,62,RegionD,RegionD,5.0,20.0,62.0,66.2,4.2,5.0,0.4,0.0,0,48
10873,RealTimeInference,63,RegionC,RegionC,5.0,20.0,63.0,66.7,3.7,7.0,0.56,0.0,0,48
21491,RealTimeInference,65,RegionB,RegionB,5.0,20.0,65.0,66.13333333333334,1.1333333333333333,5.0,0.4,0.0,0,48
42093,RealTimeInference,61,RegionA,RegionA,5.0,20.0,61.0,67.43333333333334,6.433333333333334,6.0,0.48,0.0,0,48
27164,RealTimeInference,62,RegionA,RegionA,5.0,20.0,62.0,67.41666666666667,5.416666666666667,3.0,0.24,0.0,0,48
3477,RealTimeInference,64,RegionA,RegionA,5.0,20.0,64.0,67.66666666666667,3.6666666666666665,1.0,0.08,0.0,0,48
37654,RealTimeInference,65,RegionB,RegionB,5.0,20.0,65.0,67.43333333333334,2.433333333333333,7.0,0.56,0.0,0,48
40561,RealTimeInference,66,RegionB,RegionB,5.0,20.0,66.0,67.45,1.45,2.0,0.16,0.0,0,48
47513,RealTimeInference,67,RegionB,RegionB,5.0,20.0,67.0,67.5,0.5,4.0,0.32,0.0,0,48
6068,RealTimeInference,63,RegionA,RegionA,5.0,20.0,63.0,68.41666666666667,5.416666666666667,4.0,0.32,0.0,0,48
30859,RealTimeInference,68,RegionB,RegionB,5.0,20.0,68.0,68.61666666666666,0.6166666666666667,2.0,0.16,0.0,0,48
40930,RealTimeInference,68,RegionD,RegionD,5.0,20.0,68.0,68.43333333333334,0.4333333333333333,4.0,0.32,0.0,0,48
36617,RealTimeInference,64,RegionB,RegionB,5.0,20.0,64.0,69.61666666666666,5.616666666666666,1.0,0.08,0.0,0,48
38132,RealTimeInference,66,RegionA,RegionA,5.0,20.0,66.0,69.08333333333333,3.083333333333333,1.0,0.08,0.0,0,48
36767,RealTimeInference,67,RegionA,RegionA,5.0,20.0,67.0,69.38333333333334,2.3833333333333333,5.0,0.4,0.0,0,48
16284,RealTimeInference,66,RegionB,RegionB,5.0,20.0,66.0,70.48333333333333,4.483333333333333,4.0,0.32,0.0,0,48
24048,RealTimeInference,67,RegionA,RegionA,5.0,20.0,67.0,70.36666666666666,3.3666666666666667,6.0,0.48,0.0,0,48
45114,RealTimeInference,67,RegionC,RegionC,5.0,20.0,67.0,70.33333333333333,3.333333333333333,4.0,0.32,0.0,0,48
6270,RealTimeInference,67,RegionF,RegionF,5.0,20.0,67.0,70.38333333333334,3.3833333333333333,6.0,0.48,0.0,0,48
13675,RealTimeInference,68,RegionC,RegionC,5.0,20.0,68.0,70.41666666666667,2.4166666666666665,3.0,0.24,0.0,0,48
38152,RealTimeInference,69,RegionB,RegionB,5.0,20.0,69.0,70.78333333333333,1.7833333333333334,6.0,0.48,0.0,0,48
12906,RealTimeInference,70,RegionB,RegionB,5.0,20.0,70.0,70.2,0.2,1.0,0.08,0.0,0,48
41557,RealTimeInference,70,RegionB,RegionB,5.0,20.0,70.0,70.55,0.55,4.0,0.32,0.0,0,48
19733,RealTimeInference,65,RegionB,RegionB,5.0,20.0,65.0,71.56666666666666,6.566666666666666,5.0,0.4,0.0,0,48
13556,RealTimeInference,66,RegionC,RegionC,5.0,20.0,66.0,71.28333333333333,5.283333333333333,1.0,0.08,0.0,0,48
39652,RealTimeInference,67,RegionA,RegionA,5.0,20.0,67.0,71.26666666666667,4.266666666666667,6.0,0.48,0.0,0,48
30294,RealTimeInference,68,RegionB,RegionB,5.0,20.0,68.0,71.3,3.3,4.0,0.32,0.0,0,48
10486,RealTimeInference,71,RegionC,RegionC,5.0,20.0,71.0,71.63333333333334,0.6333333333333333,4.0,0.32,0.0,0,48
11981,RealTimeInference,71,RegionB,RegionB,5.0,20.0,71.0,71.76666666666667,0.7666666666666667,4.0,0.32,0.0,0,48
46079,RealTimeInference,71,RegionC,RegionC,5.0,20.0,71.0,71.25,0.25,2.0,0.16,0.0,0,48
2616,RealTimeInference,67,RegionE,RegionE,5.0,20.0,67.0,72.05,5.05,2.0,0.16,0.0,0,48
44034,RealTimeInference,67,RegionA,RegionA,5.0,20.0,67.0,72.58333333333333,5.583333333333333,5.0,0.4,0.0,0,48
33597,RealTimeInference,70,RegionF,RegionF,5.0,20.0,70.0,72.2,2.2,3.0,0.24,0.0,0,48
17606,RealTimeInference,71,RegionA,RegionA,5.0,20.0,71.0,72.65,1.65,4.0,0.32,0.0,0,48
3980,RealTimeInference,71,RegionC,RegionC,5.0,20.0,71.0,72.73333333333333,1.7333333333333334,4.0,0.32,0.0,0,48
40219,RealTimeInference,71,RegionB,RegionB,5.0,20.0,71.0,72.6,1.6,6.0,0.48,0.0,0,48
6047,RealTimeInference,67,RegionF,RegionF,5.0,20.0,67.0,73.31666666666666,6.316666666666666,6.0,0.48,0.0,0,48
9047,RealTimeInference,67,RegionA,RegionA,5.0,20.0,67.0,73.38333333333334,6.383333333333334,1.0,0.08,0.0,0,48
12139,RealTimeInference,68,RegionC,RegionC,5.0,20.0,68.0,74.16666666666667,6.166666666666667,4.0,0.32,0.0,0,48
7118,RealTimeInference,68,RegionA,RegionA,5.0,20.0,68.0,74.23333333333333,6.233333333333333,5.0,0.4,0.0,0,48
36854,RealTimeInference,69,RegionB,RegionB,5.0,20.0,69.0,74.91666666666667,5.916666666666667,6.0,0.48,0.0,0,48
32100,RealTimeInference,70,RegionC,RegionC,5.0,20.0,70.0,74.46666666666667,4.466666666666667,5.0,0.4,0.0,0,48
10944,RealTimeInference,69,RegionB,RegionB,5.0,20.0,69.0,75.1,6.1,3.0,0.24,0.0,0,48
12051,RealTimeInference,70,RegionA,RegionA,5.0,20.0,70.0,76.41666666666667,6.416666666666667,5.0,0.4,0.0,0,48
33311,RealTimeInference,71,RegionB,RegionB,5.0,20.0,71.0,76.78333333333333,5.783333333333333,2.0,0.16,0.0,0,48
26299,AITraining,0,RegionD,RegionC,58.0,150.0,51.0,57.38333333333333,6.383333333333334,117.0,18.72,51.0,1,48
7060,BatchInference,1,RegionC,RegionC,5.0,80.0,51.0,55.43333333333334,4.433333333333334,5.0,0.5,50.0,0,48
40326,BatchInference,2,RegionE,RegionE,5.0,80.0,60.0,62.083333333333336,2.083333333333333,15.0,1.5,58.0,0,48
7759,AITraining,2,RegionF,RegionF,5.0,150.0,57.0,61.18333333333334,4.183333333333334,123.0,19.68,55.0,0,48
34306,BatchInference,3,RegionA,RegionA,5.0,80.0,48.0,50.95,2.95,18.0,1.8,45.0,0,48
15945,BatchInference,4,RegionF,RegionF,5.0,80.0,48.0,50.483333333333334,2.4833333333333334,10.0,1.0,44.0,0,48
44123,BatchInference,5,RegionD,RegionD,5.0,80.0,48.0,54.35,6.35,6.0,0.6000000000000001,43.0,0,48
32245,BatchInference,8,RegionE,RegionE,5.0,80.0,55.0,57.233333333333334,2.2333333333333334,11.0,1.1,47.0,0,48
38225,BatchInference,9,RegionC,RegionC,5.0,80.0,50.0,51.016666666666666,1.0166666666666666,23.0,2.3000000000000003,41.0,0,48
10307,BatchInference,11,RegionC,RegionC,5.0,80.0,67.0,69.71666666666667,2.716666666666667,10.0,1.0,56.0,0,48
30358,BatchInference,11,RegionB,RegionB,5.0,80.0,69.0,70.08333333333333,1.0833333333333333,23.0,2.3000000000000003,58.0,0,48
44241,BatchInference,11,RegionD,RegionD,5.0,80.0,48.0,52.86666666666667,4.866666666666666,6.0,0.6000000000000001,37.0,0,48
25044,AITraining,12,RegionB,RegionB,5.0,150.0,64.0,69.06666666666666,5.066666666666666,119.0,19.04,52.0,0,48
32824,AITraining,12,RegionC,RegionC,5.0,150.0,63.0,66.46666666666667,3.466666666666667,49.0,7.84,51.0,0,48
17152,BatchInference,14,RegionF,RegionF,5.0,80.0,48.0,49.7,1.7,16.0,1.6,34.0,0,48
18213,AITraining,14,RegionE,RegionE,5.0,150.0,57.0,58.0,1.0,123.0,19.68,43.0,0,48
18519,BatchInference,14,RegionB,RegionB,5.0,80.0,65.0,70.76666666666667,5.766666666666667,5.0,0.5,51.0,0,48
46821,BatchInference,14,RegionF,RegionF,5.0,80.0,65.0,69.43333333333334,4.433333333333334,6.0,0.6000000000000001,51.0,0,48
16661,AITraining,15,RegionB,RegionB,5.0,150.0,63.0,67.63333333333334,4.633333333333334,98.0,15.68,48.0,0,48
44082,BatchInference,15,RegionC,RegionC,5.0,80.0,63.0,66.01666666666667,3.0166666666666666,8.0,0.8,48.0,0,48
24913,BatchInference,16,RegionA,RegionA,5.0,80.0,55.0,56.15,1.15,19.0,1.9,39.0,0,48
46736,BatchInference,16,RegionA,RegionA,5.0,80.0,63.0,68.58333333333333,5.583333333333333,5.0,0.5,47.0,0,48
18202,BatchInference,17,RegionA,RegionA,5.0,80.0,54.0,55.45,1.45,19.0,1.9,37.0,0,48
1573,BatchInference,18,RegionF,RegionF,5.0,80.0,48.0,49.333333333333336,1.3333333333333333,20.0,2.0,30.0,0,48
24581,BatchInference,18,RegionC,RegionC,5.0,80.0,64.0,67.93333333333334,3.933333333333333,13.0,1.3,46.0,0,48
29796,BatchInference,18,RegionC,RegionC,5.0,80.0,63.0,64.46666666666667,1.4666666666666666,17.0,1.7000000000000002,45.0,0,48
2703,AITraining,19,RegionD,RegionD,5.0,150.0,53.0,59.266666666666666,6.266666666666667,110.0,17.6,34.0,0,48
44474,BatchInference,19,RegionA,RegionA,5.0,80.0,67.0,68.2,1.2,21.0,2.1,48.0,0,48
6224,AITraining,20,RegionF,RegionF,5.0,150.0,52.0,57.21666666666667,5.216666666666667,101.0,16.16,32.0,0,48
7226,BatchInference,20,RegionD,RegionD,5.0,80.0,48.0,50.166666666666664,2.1666666666666665,14.0,1.4,28.0,0,48
13203,AITraining,21,RegionF,RegionF,5.0,150.0,54.0,55.4,1.4,116.0,18.56,33.0,0,48
33159,BatchInference,21,RegionB,RegionB,5.0,80.0,67.0,69.85,2.85,11.0,1.1,46.0,0,48
48985,BatchInference,22,RegionF,RegionF,5.0,80.0,55.0,57.31666666666667,2.316666666666667,11.0,1.1,33.0,0,48
2471,AITraining,24,RegionF,RegionF,5.0,150.0,48.0,49.083333333333336,1.0833333333333333,125.0,20.0,24.0,0,48
39019,BatchInference,26,RegionD,RegionD,5.0,80.0,64.0,66.76666666666667,2.7666666666666666,10.0,1.0,38.0,0,48
21737,AITraining,27,RegionF,RegionF,5.0,150.0,54.0,58.18333333333334,4.183333333333334,116.0,18.56,27.0,0,48
39793,AITraining,27,RegionE,RegionE,5.0,150.0,55.0,56.05,1.05,117.0,18.72,28.0,0,48
20960,BatchInference,28,RegionC,RegionC,5.0,80.0,53.0,54.166666666666664,1.1666666666666667,22.0,2.2,25.0,0,48
20061,BatchInference,29,RegionC,RegionC,5.0,80.0,49.0,51.166666666666664,2.1666666666666665,13.0,1.3,20.0,0,48
24313,BatchInference,29,RegionD,RegionD,5.0,80.0,48.0,54.43333333333334,6.433333333333334,6.0,0.6000000000000001,19.0,0,48
32621,BatchInference,29,RegionA,RegionA,5.0,80.0,68.0,70.78333333333333,2.783333333333333,19.0,1.9,39.0,0,48
32723,BatchInference,30,RegionD,RegionD,5.0,80.0,48.0,51.53333333333333,3.533333333333333,8.0,0.8,18.0,0,48
3489,AITraining,30,RegionA,RegionA,5.0,150.0,67.0,70.28333333333333,3.283333333333333,57.0,9.12,37.0,0,48
9330,BatchInference,30,RegionC,RegionC,5.0,80.0,64.0,68.36666666666666,4.366666666666666,6.0,0.6000000000000001,34.0,0,48
22269,AITraining,31,RegionA,RegionA,5.0,150.0,67.0,69.38333333333334,2.3833333333333333,63.0,10.08,36.0,0,48
47395,BatchInference,31,RegionC,RegionC,5.0,80.0,66.0,69.08333333333333,3.083333333333333,7.0,0.7000000000000001,35.0,0,48
11729,AITraining,32,RegionD,RegionD,5.0,150.0,54.0,56.766666666666666,2.7666666666666666,20.0,3.2,22.0,0,48
12258,AITraining,32,RegionF,RegionF,5.0,150.0,56.0,57.483333333333334,1.4833333333333334,64.0,10.24,24.0,0,48
14986,BatchInference,32,RegionD,RegionD,5.0,80.0,48.0,50.46666666666667,2.466666666666667,13.0,1.3,16.0,0,48
31205,AITraining,32,RegionD,RegionD,5.0,150.0,55.0,57.666666666666664,2.6666666666666665,63.0,10.08,23.0,0,48
33626,BatchInference,32,RegionC,RegionC,5.0,80.0,58.0,60.3,2.3,13.0,1.3,26.0,0,48
47129,AITraining,32,RegionF,RegionF,5.0,150.0,53.0,57.583333333333336,4.583333333333333,104.0,16.64,21.0,0,48
49429,BatchInference,32,RegionD,RegionD,5.0,80.0,48.0,50.0,2.0,19.0,1.9,16.0,0,48
5611,BatchInference,32,RegionC,RegionC,5.0,80.0,65.0,68.53333333333333,3.533333333333333,8.0,0.8,33.0,0,48
39776,AITraining,33,RegionF,RegionF,5.0,150.0,63.0,63.31666666666667,0.3166666666666666,26.0,4.16,30.0,0,48
23659,BatchInference,34,RegionF,RegionF,5.0,80.0,53.0,57.2,4.2,8.0,0.8,19.0,0,48
33213,BatchInference,34,RegionC,RegionC,5.0,80.0,51.0,52.71666666666667,1.7166666666666666,18.0,1.8,17.0,0,48
37999,BatchInference,34,RegionA,RegionA,5.0,80.0,65.0,68.65,3.65,7.0,0.7000000000000001,31.0,0,48
47045,AITraining,34,RegionC,RegionC,5.0,150.0,66.0,69.81666666666666,3.816666666666667,97.0,15.52,32.0,0,48
30794,AITraining,35,RegionE,RegionE,5.0,150.0,60.0,63.61666666666667,3.6166666666666663,68.0,10.88,25.0,0,48
45851,BatchInference,35,RegionA,RegionA,5.0,80.0,56.0,57.5,1.5,17.0,1.7000000000000002,21.0,0,48
2434,AITraining,36,RegionD,RegionD,5.0,150.0,52.0,55.43333333333333,3.433333333333333,119.0,19.04,16.0,0,48
21272,AITraining,37,RegionA,RegionA,5.0,150.0,55.0,57.28333333333333,2.283333333333333,56.0,8.96,18.0,0,48
23142,AITraining,37,RegionC,RegionC,5.0,150.0,51.0,52.06666666666667,1.0666666666666669,33.0,5.28,14.0,0,48
6487,BatchInference,37,RegionA,RegionA,5.0,80.0,67.0,68.95,1.95,18.0,1.8,30.0,0,48
35409,BatchInference,38,RegionB,RegionB,5.0,80.0,64.0,66.9,2.9,10.0,1.0,26.0,0,48
41972,AITraining,38,RegionF,RegionF,5.0,150.0,56.0,56.3,0.3,48.0,7.68,18.0,0,48
13022,BatchInference,39,RegionB,RegionB,5.0,80.0,68.0,70.26666666666667,2.2666666666666666,12.0,1.2000000000000002,29.0,0,48
1607,BatchInference,39,RegionA,RegionA,5.0,80.0,66.0,68.66666666666667,2.6666666666666665,20.0,2.0,27.0,0,48
18947,BatchInference,39,RegionD,RegionD,5.0,80.0,48.0,49.733333333333334,1.7333333333333334,17.0,1.7000000000000002,9.0,0,48
42890,BatchInference,39,RegionD,RegionD,5.0,80.0,48.0,49.55,1.55,18.0,1.8,9.0,0,48
31659,BatchInference,40,RegionC,RegionC,5.0,80.0,63.0,68.55,5.55,5.0,0.5,23.0,0,48
24444,BatchInference,41,RegionD,RegionD,5.0,80.0,48.0,49.45,1.45,19.0,1.9,7.0,0,48
6122,BatchInference,41,RegionC,RegionC,5.0,80.0,62.0,64.7,2.7,11.0,1.1,21.0,0,48
24024,BatchInference,43,RegionD,RegionD,5.0,80.0,48.0,49.46666666666667,1.4666666666666666,18.0,1.8,5.0,0,48
35290,BatchInference,43,RegionA,RegionA,5.0,80.0,67.0,68.85,1.85,20.0,2.0,24.0,0,48
29875,BatchInference,44,RegionD,RegionD,5.0,80.0,48.0,49.81666666666667,1.8166666666666669,16.0,1.6,4.0,0,48
34212,BatchInference,44,RegionD,RegionD,5.0,80.0,48.0,50.81666666666667,2.816666666666667,16.0,1.6,4.0,0,48
20476,AITraining,45,RegionE,RegionE,5.0,150.0,60.0,60.68333333333333,0.6833333333333333,17.0,2.72,15.0,0,48
32020,BatchInference,45,RegionD,RegionD,5.0,80.0,48.0,54.18333333333334,6.183333333333334,7.0,0.7000000000000001,3.0,0,48
13399,AITraining,46,RegionF,RegionF,5.0,150.0,48.0,50.916666666666664,2.9166666666666665,26.0,4.16,2.0,0,48
13793,BatchInference,46,RegionE,RegionE,5.0,80.0,60.0,61.88333333333333,1.8833333333333333,18.0,1.8,14.0,0,48
1767,AITraining,46,RegionE,RegionE,5.0,150.0,48.0,48.63333333333333,0.6333333333333333,83.0,13.28,2.0,0,48
1966,BatchInference,46,RegionE,RegionE,5.0,80.0,48.0,50.916666666666664,2.9166666666666665,20.0,2.0,2.0,0,48
24603,AITraining,46,RegionF,RegionF,5.0,150.0,57.0,62.18333333333334,5.183333333333334,52.0,8.32,11.0,0,48
31455,AITraining,46,RegionD,RegionD,5.0,150.0,64.0,64.63333333333334,0.6333333333333333,24.0,3.84,18.0,0,48
36244,BatchInference,46,RegionC,RegionC,5.0,80.0,65.0,67.93333333333334,2.933333333333333,19.0,1.9,19.0,0,48
42112,BatchInference,46,RegionA,RegionA,5.0,80.0,48.0,50.65,2.65,21.0,2.1,2.0,0,48
42918,BatchInference,46,RegionF,RegionF,5.0,80.0,48.0,49.11666666666667,1.1166666666666667,22.0,2.2,2.0,0,48
45249,BatchInference,46,RegionB,RegionB,5.0,80.0,64.0,66.93333333333334,2.933333333333333,13.0,1.3,18.0,0,48
46506,BatchInference,46,RegionF,RegionF,5.0,80.0,55.0,60.65,5.65,10.0,1.0,9.0,0,48
47894,AITraining,46,RegionE,RegionE,5.0,150.0,55.0,58.233333333333334,3.2333333333333334,26.0,4.16,9.0,0,48
19612,AITraining,47,RegionF,RegionF,5.0,150.0,48.0,50.06666666666667,2.066666666666667,27.0,4.32,1.0,0,48
19719,BatchInference,47,RegionB,RegionB,5.0,80.0,63.0,66.38333333333334,3.3833333333333333,20.0,2.0,16.0,0,48
26414,BatchInference,47,RegionF,RegionF,5.0,80.0,48.0,54.0,6.0,7.0,0.7000000000000001,1.0,0,48
26721,AITraining,47,RegionE,RegionE,5.0,150.0,62.0,62.18333333333333,0.1833333333333333,86.0,13.76,15.0,0,48
44884,BatchInference,47,RegionD,RegionD,5.0,80.0,50.0,55.983333333333334,5.983333333333333,11.0,1.1,3.0,0,48
5415,BatchInference,47,RegionD,RegionD,5.0,80.0,48.0,53.3,5.3,13.0,1.3,1.0,0,48
69,AITraining,47,RegionE,RegionE,5.0,150.0,55.0,57.43333333333333,2.433333333333333,118.0,18.88,8.0,0,48
11962,BatchInference,48,RegionD,RegionD,5.0,80.0,50.0,56.416666666666664,6.416666666666667,23.0,2.3000000000000003,2.0,0,48
12438,AITraining,48,RegionD,RegionD,5.0,150.0,53.0,57.93333333333334,4.933333333333334,65.0,10.4,5.0,0,48
1399,BatchInference,48,RegionC,RegionC,5.0,80.0,64.0,67.9,3.9,14.0,1.4,16.0,0,48
21577,BatchInference,48,RegionC,RegionC,5.0,80.0,64.0,66.46666666666667,2.466666666666667,20.0,2.0,16.0,0,48
22244,BatchInference,48,RegionB,RegionB,5.0,80.0,63.0,68.66666666666667,5.666666666666667,18.0,1.8,15.0,0,48
23723,AITraining,48,RegionE,RegionE,5.0,150.0,61.0,64.26666666666667,3.2666666666666666,95.0,15.2,13.0,0,48
24370,BatchInference,48,RegionB,RegionB,5.0,80.0,64.0,70.25,6.25,6.0,0.6000000000000001,16.0,0,48
24885,AITraining,48,RegionF,RegionF,5.0,150.0,49.0,54.166666666666664,5.166666666666667,36.0,5.76,1.0,0,48
30660,AITraining,48,RegionD,RegionD,5.0,150.0,49.0,53.63333333333333,4.633333333333334,42.0,6.72,1.0,0,48
39008,BatchInference,48,RegionF,RegionF,5.0,80.0,51.0,55.11666666666667,4.116666666666666,21.0,2.1,3.0,0,48
41715,BatchInference,48,RegionD,RegionD,5.0,80.0,49.0,53.766666666666666,4.766666666666667,10.0,1.0,1.0,0,48
42498,BatchInference,48,RegionF,RegionF,5.0,80.0,51.0,55.8,4.8,21.0,2.1,3.0,0,48
44020,AITraining,48,RegionF,RegionF,5.0,150.0,53.0,56.86666666666667,3.8666666666666663,89.0,14.24,5.0,0,48
44180,BatchInference,48,RegionB,RegionB,5.0,80.0,59.0,64.78333333333333,5.783333333333333,22.0,2.2,11.0,0,48
46080,AITraining,48,RegionA,RegionA,5.0,150.0,52.0,52.6,0.6,53.0,8.48,4.0,0,48
48975,BatchInference,48,RegionB,RegionB,5.0,80.0,49.0,52.95,3.95,22.0,2.2,1.0,0,48
4972,AITraining,48,RegionC,RegionC,5.0,150.0,58.0,60.05,2.05,74.0,11.84,10.0,0,48
11181,BatchInference,49,RegionD,RegionD,5.0,80.0,50.0,51.516666666666666,1.5166666666666666,16.0,1.6,1.0,0,48
12610,BatchInference,49,RegionC,RegionC,5.0,80.0,58.0,60.35,2.35,14.0,1.4,9.0,0,48
12783,AITraining,49,RegionF,RegionF,5.0,150.0,51.0,52.13333333333333,1.1333333333333333,113.0,18.08,2.0,0,48
14027,BatchInference,49,RegionC,RegionC,5.0,80.0,63.0,67.45,4.45,8.0,0.8,14.0,0,48
1735,AITraining,49,RegionE,RegionE,5.0,150.0,61.0,63.75,2.75,16.0,2.56,12.0,0,48
17776,AITraining,49,RegionB,RegionB,5.0,150.0,64.0,69.43333333333334,5.433333333333334,22.0,3.52,15.0,0,48
17902,BatchInference,49,RegionB,RegionB,5.0,80.0,61.0,67.08333333333333,6.083333333333333,18.0,1.8,12.0,0,48
23642,AITraining,49,RegionD,RegionD,5.0,150.0,51.0,52.516666666666666,1.5166666666666666,124.0,19.84,2.0,0,48
24143,AITraining,49,RegionE,RegionE,5.0,150.0,50.0,50.8,0.8,31.0,4.96,1.0,0,48
36258,AITraining,49,RegionE,RegionE,5.0,150.0,63.0,64.36666666666666,1.3666666666666667,17.0,2.72,14.0,0,48
44867,BatchInference,49,RegionA,RegionA,5.0,80.0,63.0,69.05,6.05,20.0,2.0,14.0,0,48
46822,AITraining,49,RegionC,RegionC,5.0,150.0,50.0,56.45,6.45,108.0,17.28,1.0,0,48
48820,BatchInference,49,RegionD,RegionD,5.0,80.0,49.0,51.016666666666666,2.0166666666666666,16.0,1.6,0.0,0,48
7506,AITraining,49,RegionD,RegionD,5.0,150.0,50.0,50.333333333333336,0.3333333333333333,103.0,16.48,1.0,0,48
1476,BatchInference,50,RegionA,RegionA,5.0,80.0,52.0,56.85,4.85,6.0,0.6000000000000001,2.0,0,48
20938,BatchInference,50,RegionA,RegionA,5.0,80.0,51.0,56.35,5.35,10.0,1.0,1.0,0,48
21003,AITraining,50,RegionA,RegionA,5.0,150.0,51.0,56.5,5.5,88.0,14.08,1.0,0,48
24234,AITraining,50,RegionE,RegionE,5.0,150.0,54.0,57.4,3.4,40.0,6.4,4.0,0,48
24620,BatchInference,50,RegionC,RegionC,5.0,80.0,65.0,67.51666666666667,2.5166666666666666,10.0,1.0,15.0,0,48
24835,BatchInference,50,RegionB,RegionB,5.0,80.0,64.0,69.73333333333333,5.733333333333333,10.0,1.0,14.0,0,48
3774,AITraining,50,RegionD,RegionD,5.0,150.0,52.0,53.31666666666667,1.3166666666666669,26.0,4.16,2.0,0,48
41368,AITraining,50,RegionE,RegionE,5.0,150.0,57.0,62.18333333333334,5.183333333333334,117.0,18.72,7.0,0,48
44438,BatchInference,50,RegionD,RegionD,5.0,80.0,51.0,55.85,4.85,6.0,0.6000000000000001,1.0,0,48
47565,AITraining,50,RegionD,RegionD,5.0,150.0,53.0,57.88333333333333,4.883333333333334,40.0,6.4,3.0,0,48
6683,AITraining,50,RegionF,RegionF,5.0,150.0,59.0,61.666666666666664,2.6666666666666665,85.0,13.6,9.0,0,48
10842,BatchInference,51,RegionF,RegionF,5.0,80.0,54.0,59.516666666666666,5.516666666666667,23.0,2.3000000000000003,3.0,0,48
12561,AITraining,51,RegionA,RegionA,5.0,150.0,66.0,70.23333333333333,4.233333333333333,86.0,13.76,15.0,0,48
16003,AITraining,51,RegionF,RegionF,5.0,150.0,62.0,62.68333333333333,0.6833333333333333,97.0,15.52,11.0,0,48
19403,AITraining,51,RegionC,RegionC,5.0,150.0,62.0,67.91666666666667,5.916666666666667,75.0,12.0,11.0,0,48
22022,BatchInference,51,RegionB,RegionB,5.0,80.0,64.0,66.9,2.9,9.0,0.9,13.0,0,48
22205,BatchInference,51,RegionB,RegionB,5.0,80.0,52.0,56.6,4.6,8.0,0.8,1.0,0,48
26578,AITraining,51,RegionF,RegionF,5.0,150.0,55.0,58.31666666666667,3.316666666666667,56.0,8.96,4.0,0,48
30237,AITraining,51,RegionF,RegionF,5.0,150.0,54.0,57.65,3.65,71.0,11.36,3.0,0,48
36795,BatchInference,51,RegionC,RegionC,5.0,80.0,65.0,69.08333333333333,4.083333333333333,20.0,2.0,14.0,0,48
42534,AITraining,51,RegionD,RegionD,5.0,150.0,52.0,57.63333333333333,5.633333333333334,41.0,6.5600000000000005,1.0,0,48
44833,AITraining,51,RegionF,RegionF,5.0,150.0,57.0,63.083333333333336,6.083333333333333,19.0,3.04,6.0,0,48
17494,AITraining,52,RegionB,RegionB,5.0,150.0,62.0,67.7,5.7,24.0,3.84,10.0,0,48
20029,AITraining,52,RegionE,RegionE,5.0,150.0,57.0,62.61666666666667,5.616666666666666,115.0,18.4,5.0,0,48
28662,BatchInference,52,RegionD,RegionD,5.0,80.0,53.0,54.1,1.1,22.0,2.2,1.0,0,48
39592,AITraining,52,RegionF,RegionF,5.0,150.0,56.0,60.36666666666667,4.366666666666666,17.0,2.72,4.0,0,48
40136,AITraining,52,RegionF,RegionF,5.0,150.0,53.0,54.63333333333333,1.6333333333333333,36.0,5.76,1.0,0,48
45843,BatchInference,52,RegionF,RegionF,5.0,80.0,53.0,58.3,5.3,13.0,1.3,1.0,0,48
46303,BatchInference,52,RegionA,RegionA,5.0,80.0,67.0,70.9,3.9,21.0,2.1,15.0,0,48
10466,AITraining,53,RegionE,RegionE,5.0,150.0,54.0,58.483333333333334,4.483333333333333,57.0,9.12,1.0,0,48
11330,AITraining,53,RegionD,RegionD,5.0,150.0,54.0,58.21666666666667,4.216666666666667,117.0,18.72,1.0,0,48
14316,AITraining,53,RegionE,RegionE,5.0,150.0,62.0,65.23333333333333,3.2333333333333334,89.0,14.24,9.0,0,48
14555,BatchInference,53,RegionA,RegionA,5.0,80.0,65.0,69.08333333333333,4.083333333333333,11.0,1.1,12.0,0,48
16151,AITraining,53,RegionD,RegionD,5.0,150.0,54.0,55.516666666666666,1.5166666666666666,42.0,6.72,1.0,0,48
23012,AITraining,53,RegionD,RegionD,5.0,150.0,55.0,59.55,4.55,104.0,16.64,2.0,0,48
27558,BatchInference,53,RegionB,RegionB,5.0,80.0,64.0,68.76666666666667,4.766666666666667,7.0,0.7000000000000001,11.0,0,48
27672,AITraining,53,RegionE,RegionE,5.0,150.0,57.0,63.233333333333334,6.233333333333333,51.0,8.16,4.0,0,48
35010,AITraining,53,RegionD,RegionD,5.0,150.0,54.0,59.96666666666667,5.966666666666667,102.0,16.32,1.0,0,48
43293,AITraining,53,RegionC,RegionC,5.0,150.0,54.0,55.016666666666666,1.0166666666666666,32.0,5.12,1.0,0,48
47227,BatchInference,53,RegionE,RegionE,5.0,80.0,54.0,59.2,5.2,16.0,1.6,1.0,0,48
47462,AITraining,53,RegionE,RegionE,5.0,150.0,57.0,63.35,6.35,115.0,18.4,4.0,0,48
7096,AITraining,53,RegionF,RegionF,5.0,150.0,53.0,57.2,4.2,71.0,11.36,0.0,0,48
15531,AITraining,54,RegionF,RegionF,5.0,150.0,59.0,62.78333333333333,3.783333333333333,65.0,10.4,5.0,0,48
15717,BatchInference,54,RegionA,RegionA,5.0,80.0,66.0,69.33333333333333,3.333333333333333,22.0,2.2,12.0,0,48
23796,AITraining,54,RegionF,RegionF,5.0,150.0,55.0,57.53333333333333,2.533333333333333,40.0,6.4,1.0,0,48
28008,AITraining,54,RegionF,RegionF,5.0,150.0,55.0,58.483333333333334,3.4833333333333334,87.0,13.92,1.0,0,48
31690,BatchInference,54,RegionB,RegionB,5.0,80.0,55.0,61.43333333333334,6.433333333333334,15.0,1.5,1.0,0,48
47649,AITraining,54,RegionD,RegionD,5.0,150.0,55.0,59.266666666666666,4.266666666666667,98.0,15.68,1.0,0,48
48998,AITraining,54,RegionF,RegionF,5.0,150.0,55.0,56.88333333333333,1.8833333333333333,25.0,4.0,1.0,0,48
49225,BatchInference,54,RegionC,RegionC,5.0,80.0,62.0,68.48333333333333,6.483333333333333,22.0,2.2,8.0,0,48
5859,BatchInference,54,RegionB,RegionB,5.0,80.0,64.0,69.73333333333333,5.733333333333333,15.0,1.5,10.0,0,48
25934,BatchInference,55,RegionE,RegionE,5.0,80.0,61.0,62.75,1.75,22.0,2.2,6.0,0,48
27905,AITraining,55,RegionD,RegionD,5.0,150.0,56.0,56.516666666666666,0.5166666666666667,62.0,9.92,1.0,0,48
29147,AITraining,55,RegionE,RegionE,5.0,150.0,57.0,62.71666666666667,5.716666666666667,100.0,16.0,2.0,0,48
29292,AITraining,55,RegionE,RegionE,5.0,150.0,55.0,60.45,5.45,102.0,16.32,0.0,0,48
33768,BatchInference,55,RegionA,RegionA,5.0,80.0,67.0,70.86666666666666,3.8666666666666663,7.0,0.7000000000000001,12.0,0,48
37816,AITraining,55,RegionD,RegionD,5.0,150.0,57.0,58.0,1.0,89.0,14.24,2.0,0,48
6339,BatchInference,55,RegionC,RegionC,5.0,80.0,63.0,68.05,5.05,8.0,0.8,8.0,0,48
21297,BatchInference,56,RegionE,RegionE,5.0,80.0,59.0,62.5,3.5,21.0,2.1,3.0,0,48
22172,AITraining,56,RegionD,RegionD,5.0,150.0,57.0,58.38333333333333,1.3833333333333333,95.0,15.2,1.0,0,48
3102,BatchInference,56,RegionA,RegionA,5.0,80.0,64.0,69.53333333333333,5.533333333333333,9.0,0.9,8.0,0,48
32722,AITraining,56,RegionE,RegionE,5.0,150.0,57.0,57.85,0.85,50.0,8.0,1.0,0,48
34373,AITraining,56,RegionD,RegionD,5.0,150.0,56.0,62.46666666666667,6.466666666666667,55.0,8.8,0.0,0,48
48608,BatchInference,56,RegionC,RegionC,5.0,80.0,58.0,59.666666666666664,1.6666666666666667,20.0,2.0,2.0,0,48
49556,BatchInference,56,RegionF,RegionF,5.0,80.0,57.0,59.333333333333336,2.333333333333333,19.0,1.9,1.0,0,48
49594,AITraining,56,RegionE,RegionE,5.0,150.0,57.0,61.483333333333334,4.483333333333333,74.0,11.84,1.0,0,48
5540,BatchInference,56,RegionD,RegionD,5.0,80.0,56.0,60.05,4.05,23.0,2.3000000000000003,0.0,0,48
9427,AITraining,56,RegionD,RegionD,5.0,150.0,56.0,60.78333333333333,4.783333333333333,80.0,12.8,0.0,0,48
9453,BatchInference,56,RegionB,RegionB,5.0,80.0,66.0,70.51666666666667,4.516666666666667,9.0,0.9,10.0,0,48
11371,BatchInference,57,RegionD,RegionD,5.0,80.0,58.0,59.4,1.4,23.0,2.3000000000000003,1.0,0,48
12558,BatchInference,57,RegionD,RegionD,5.0,80.0,58.0,64.48333333333333,6.483333333333333,20.0,2.0,1.0,0,48
14656,BatchInference,57,RegionC,RegionC,5.0,80.0,62.0,65.51666666666667,3.5166666666666666,17.0,1.7000000000000002,5.0,0,48
22772,BatchInference,57,RegionD,RegionD,5.0,80.0,58.0,64.41666666666667,6.416666666666667,11.0,1.1,1.0,0,48
23960,AITraining,57,RegionF,RegionF,5.0,150.0,58.0,58.2,0.2,63.0,10.08,1.0,0,48
32532,BatchInference,57,RegionD,RegionD,5.0,80.0,58.0,63.35,5.35,17.0,1.7000000000000002,1.0,0,48
38714,AITraining,57,RegionB,RegionB,5.0,150.0,63.0,66.0,3.0,85.0,13.6,6.0,0,48
4016,AITraining,57,RegionD,RegionD,5.0,150.0,57.0,60.2,3.2,53.0,8.48,0.0,0,48
41503,AITraining,57,RegionD,RegionD,5.0,150.0,58.0,64.5,6.5,71.0,11.36,1.0,0,48
42786,BatchInference,57,RegionE,RegionE,5.0,80.0,59.0,61.833333333333336,2.833333333333333,23.0,2.3000000000000003,2.0,0,48
44954,AITraining,57,RegionD,RegionD,5.0,150.0,58.0,59.266666666666666,1.2666666666666666,98.0,15.68,1.0,0,48
47102,BatchInference,57,RegionE,RegionE,5.0,80.0,59.0,61.733333333333334,2.7333333333333334,9.0,0.9,2.0,0,48
49542,AITraining,57,RegionF,RegionF,5.0,150.0,57.0,60.36666666666667,3.3666666666666667,126.0,20.16,0.0,0,48
7039,AITraining,57,RegionD,RegionD,5.0,150.0,58.0,64.16666666666667,6.166666666666667,71.0,11.36,1.0,0,48
14189,BatchInference,58,RegionB,RegionB,5.0,80.0,63.0,69.2,6.2,6.0,0.6000000000000001,5.0,0,48
18756,AITraining,58,RegionD,RegionD,5.0,150.0,58.0,59.81666666666667,1.8166666666666669,18.0,2.88,0.0,0,48
19751,AITraining,58,RegionD,RegionD,5.0,150.0,59.0,62.03333333333333,3.033333333333333,17.0,2.72,1.0,0,48
22671,BatchInference,58,RegionB,RegionB,5.0,80.0,59.0,62.36666666666667,3.3666666666666667,12.0,1.2000000000000002,1.0,0,48
23045,AITraining,58,RegionD,RegionD,5.0,150.0,60.0,64.66666666666667,4.666666666666667,60.0,9.6,2.0,0,48
27046,AITraining,58,RegionD,RegionD,5.0,150.0,59.0,62.61666666666667,3.6166666666666663,86.0,13.76,1.0,0,48
28042,AITraining,58,RegionC,RegionC,5.0,150.0,65.0,65.28333333333333,0.2833333333333333,125.0,20.0,7.0,0,48
28673,BatchInference,58,RegionB,RegionB,5.0,80.0,59.0,61.233333333333334,2.2333333333333334,11.0,1.1,1.0,0,48
30760,AITraining,58,RegionD,RegionD,5.0,150.0,59.0,64.4,5.4,44.0,7.04,1.0,0,48
35841,BatchInference,58,RegionA,RegionA,5.0,80.0,65.0,68.5,3.5,19.0,1.9,7.0,0,48
38983,BatchInference,58,RegionA,RegionA,5.0,80.0,59.0,65.13333333333334,6.133333333333334,11.0,1.1,1.0,0,48
40805,BatchInference,58,RegionE,RegionE,5.0,80.0,59.0,62.13333333333333,3.1333333333333333,12.0,1.2000000000000002,1.0,0,48
41627,AITraining,58,RegionD,RegionD,5.0,150.0,59.0,61.85,2.85,124.0,19.84,1.0,0,48
48472,BatchInference,58,RegionD,RegionD,5.0,80.0,59.0,64.81666666666666,5.816666666666666,6.0,0.6000000000000001,1.0,0,48
7122,AITraining,58,RegionF,RegionF,5.0,150.0,59.0,59.266666666666666,0.2666666666666666,42.0,6.72,1.0,0,48
16236,BatchInference,59,RegionB,RegionB,5.0,80.0,64.0,70.2,6.2,4.0,0.4,5.0,0,48
21643,AITraining,59,RegionE,RegionE,5.0,150.0,60.0,61.333333333333336,1.3333333333333333,33.0,5.28,1.0,0,48
25643,AITraining,59,RegionD,RegionD,5.0,150.0,59.0,61.75,2.75,44.0,7.04,0.0,0,48
44745,BatchInference,59,RegionC,RegionC,5.0,80.0,61.0,64.65,3.65,14.0,1.4,2.0,0,48
11075,AITraining,60,RegionE,RegionE,5.0,150.0,60.0,64.68333333333334,4.683333333333334,97.0,15.52,0.0,0,48
13585,AITraining,60,RegionD,RegionD,5.0,150.0,61.0,63.2,2.2,93.0,14.88,1.0,0,48
15086,BatchInference,60,RegionF,RegionF,5.0,80.0,60.0,64.38333333333334,4.383333333333334,20.0,2.0,0.0,0,48
29822,BatchInference,60,RegionC,RegionC,5.0,80.0,63.0,65.0,2.0,18.0,1.8,3.0,0,48
32570,AITraining,60,RegionD,RegionD,5.0,150.0,60.0,61.733333333333334,1.7333333333333334,65.0,10.4,0.0,0,48
38322,BatchInference,60,RegionB,RegionB,5.0,80.0,63.0,66.91666666666667,3.9166666666666665,19.0,1.9,3.0,0,48
40401,AITraining,60,RegionD,RegionD,5.0,150.0,60.0,61.483333333333334,1.4833333333333334,16.0,2.56,0.0,0,48
40833,AITraining,60,RegionC,RegionC,5.0,150.0,61.0,65.23333333333333,4.233333333333333,92.0,14.72,1.0,0,48
48509,AITraining,60,RegionD,RegionD,5.0,150.0,61.0,62.68333333333333,1.6833333333333331,72.0,11.52,1.0,0,48
10787,AITraining,61,RegionE,RegionE,5.0,150.0,62.0,64.86666666666666,2.8666666666666667,117.0,18.72,1.0,0,48
10966,AITraining,61,RegionF,RegionF,5.0,150.0,62.0,63.333333333333336,1.3333333333333333,72.0,11.52,1.0,0,48
11650,AITraining,61,RegionD,RegionD,5.0,150.0,61.0,66.65,5.65,88.0,14.08,0.0,0,48
22528,BatchInference,61,RegionC,RegionC,5.0,80.0,63.0,69.48333333333333,6.483333333333333,13.0,1.3,2.0,0,48
27518,AITraining,61,RegionD,RegionD,5.0,150.0,61.0,65.65,4.65,103.0,16.48,0.0,0,48
28561,AITraining,61,RegionD,RegionD,5.0,150.0,61.0,66.98333333333333,5.983333333333333,68.0,10.88,0.0,0,48
31896,BatchInference,61,RegionD,RegionD,5.0,80.0,61.0,66.23333333333333,5.233333333333333,17.0,1.7000000000000002,0.0,0,48
33411,AITraining,61,RegionE,RegionE,5.0,150.0,62.0,63.78333333333333,1.7833333333333334,65.0,10.4,1.0,0,48
33469,AITraining,61,RegionD,RegionD,5.0,150.0,61.0,66.68333333333334,5.683333333333334,49.0,7.84,0.0,0,48
37919,AITraining,61,RegionF,RegionF,5.0,150.0,62.0,62.68333333333333,0.6833333333333333,45.0,7.2,1.0,0,48
38480,BatchInference,61,RegionB,RegionB,5.0,80.0,64.0,69.4,5.4,18.0,1.8,3.0,0,48
46144,AITraining,61,RegionF,RegionF,5.0,150.0,62.0,62.63333333333333,0.6333333333333333,125.0,20.0,1.0,0,48
22946,BatchInference,62,RegionB,RegionB,5.0,80.0,68.0,70.53333333333333,2.533333333333333,23.0,2.3000000000000003,6.0,0,48
25058,BatchInference,62,RegionB,RegionB,5.0,80.0,64.0,70.2,6.2,19.0,1.9,2.0,0,48
2695,AITraining,62,RegionF,RegionF,5.0,150.0,62.0,66.05,4.05,84.0,13.44,0.0,0,48
32288,AITraining,62,RegionD,RegionD,5.0,150.0,62.0,66.68333333333334,4.683333333333334,121.0,19.36,0.0,0,48
44816,AITraining,62,RegionD,RegionD,5.0,150.0,63.0,64.55,1.55,22.0,3.52,1.0,0,48
49181,AITraining,62,RegionF,RegionF,5.0,150.0,62.0,65.18333333333334,3.183333333333333,48.0,7.68,0.0,0,48
49400,AITraining,62,RegionD,RegionD,5.0,150.0,64.0,64.38333333333334,0.3833333333333333,33.0,5.28,2.0,0,48
555,BatchInference,62,RegionD,RegionD,5.0,80.0,62.0,64.51666666666667,2.5166666666666666,20.0,2.0,0.0,0,48
16725,AITraining,63,RegionF,RegionF,5.0,150.0,63.0,66.76666666666667,3.7666666666666666,25.0,4.0,0.0,0,48
17131,AITraining,63,RegionE,RegionE,5.0,150.0,63.0,67.9,4.9,82.0,13.12,0.0,0,48
21280,AITraining,63,RegionD,RegionD,5.0,150.0,63.0,67.0,4.0,122.0,19.52,0.0,0,48
26855,BatchInference,63,RegionA,RegionA,5.0,80.0,64.0,69.1,5.1,8.0,0.8,1.0,0,48
28513,BatchInference,63,RegionF,RegionF,5.0,80.0,63.0,66.46666666666667,3.466666666666667,15.0,1.5,0.0,0,48
33197,BatchInference,63,RegionA,RegionA,5.0,80.0,66.0,68.6,2.6,12.0,1.2000000000000002,3.0,0,48
36586,BatchInference,63,RegionD,RegionD,5.0,80.0,63.0,68.9,5.9,8.0,0.8,0.0,0,48
37022,BatchInference,63,RegionA,RegionA,5.0,80.0,64.0,67.98333333333333,3.983333333333333,15.0,1.5,1.0,0,48
37811,AITraining,63,RegionD,RegionD,5.0,150.0,63.0,69.25,6.25,108.0,17.28,0.0,0,48
46185,AITraining,63,RegionA,RegionA,5.0,150.0,70.0,70.7,0.7,97.0,15.52,7.0,0,48
47506,AITraining,63,RegionD,RegionD,5.0,150.0,63.0,65.41666666666667,2.4166666666666665,99.0,15.84,0.0,0,48
6377,BatchInference,63,RegionB,RegionB,5.0,80.0,66.0,71.01666666666667,5.016666666666667,20.0,2.0,3.0,0,48
8121,AITraining,63,RegionD,RegionD,5.0,150.0,63.0,68.93333333333334,5.933333333333334,82.0,13.12,0.0,0,48
1303,AITraining,64,RegionF,RegionF,5.0,150.0,64.0,64.76666666666667,0.7666666666666667,51.0,8.16,0.0,0,48
15919,BatchInference,64,RegionF,RegionF,5.0,80.0,64.0,70.51666666666667,6.516666666666667,11.0,1.1,0.0,0,48
16517,AITraining,64,RegionC,RegionC,5.0,150.0,65.0,67.65,2.65,57.0,9.12,1.0,0,48
24600,AITraining,64,RegionD,RegionD,5.0,150.0,64.0,64.86666666666666,0.8666666666666667,78.0,12.48,0.0,0,48
29693,AITraining,64,RegionF,RegionF,5.0,150.0,64.0,67.01666666666667,3.0166666666666666,48.0,7.68,0.0,0,48
32615,AITraining,64,RegionD,RegionD,5.0,150.0,64.0,69.65,5.65,123.0,19.68,0.0,0,48
43231,BatchInference,64,RegionD,RegionD,5.0,80.0,64.0,67.08333333333333,3.083333333333333,23.0,2.3000000000000003,0.0,0,48
45699,BatchInference,64,RegionF,RegionF,5.0,80.0,64.0,66.15,2.15,13.0,1.3,0.0,0,48
12798,BatchInference,65,RegionA,RegionA,5.0,80.0,66.0,70.55,4.55,9.0,0.9,1.0,0,48
13093,AITraining,65,RegionD,RegionD,5.0,150.0,65.0,66.11666666666666,1.1166666666666667,53.0,8.48,0.0,0,48
13504,AITraining,65,RegionF,RegionF,5.0,150.0,65.0,68.68333333333334,3.683333333333333,50.0,8.0,0.0,0,48
15519,BatchInference,65,RegionF,RegionF,5.0,80.0,65.0,67.46666666666667,2.466666666666667,16.0,1.6,0.0,0,48
16686,BatchInference,65,RegionF,RegionF,5.0,80.0,65.0,68.43333333333334,3.433333333333333,8.0,0.8,0.0,0,48
22350,AITraining,65,RegionD,RegionD,5.0,150.0,69.0,69.43333333333334,0.4333333333333333,115.0,18.4,4.0,0,48
22629,AITraining,65,RegionF,RegionF,5.0,150.0,65.0,67.1,2.1,29.0,4.64,0.0,0,48
32728,AITraining,65,RegionE,RegionE,5.0,150.0,65.0,69.98333333333333,4.983333333333333,65.0,10.4,0.0,0,48
43278,BatchInference,65,RegionE,RegionE,5.0,80.0,65.0,68.75,3.75,18.0,1.8,0.0,0,48
14599,AITraining,66,RegionE,RegionE,5.0,150.0,66.0,71.41666666666667,5.416666666666667,60.0,9.6,0.0,0,48
25815,BatchInference,66,RegionD,RegionD,5.0,80.0,66.0,68.85,2.85,22.0,2.2,0.0,0,48
3027,BatchInference,66,RegionD,RegionD,5.0,80.0,66.0,70.73333333333333,4.733333333333333,23.0,2.3000000000000003,0.0,0,48
34495,AITraining,66,RegionF,RegionF,5.0,150.0,66.0,69.08333333333333,3.083333333333333,35.0,5.6000000000000005,0.0,0,48
38446,AITraining,66,RegionD,RegionD,5.0,150.0,66.0,66.31666666666666,0.3166666666666666,73.0,11.68,0.0,0,48
43279,AITraining,66,RegionA,RegionA,5.0,150.0,70.0,70.48333333333333,0.4833333333333333,92.0,14.72,4.0,0,48
45406,AITraining,66,RegionD,RegionD,5.0,150.0,66.0,69.78333333333333,3.783333333333333,124.0,19.84,0.0,0,48
46793,BatchInference,66,RegionD,RegionD,5.0,80.0,66.0,68.63333333333334,2.6333333333333333,14.0,1.4,0.0,0,48
6028,BatchInference,66,RegionA,RegionA,5.0,80.0,66.0,72.0,6.0,10.0,1.0,0.0,0,48
6204,AITraining,66,RegionF,RegionF,5.0,150.0,66.0,68.63333333333334,2.6333333333333333,91.0,14.56,0.0,0,48
6710,BatchInference,66,RegionA,RegionA,5.0,80.0,66.0,70.7,4.7,12.0,1.2000000000000002,0.0,0,48
7713,BatchInference,66,RegionF,RegionF,5.0,80.0,66.0,72.61666666666666,6.616666666666666,20.0,2.0,0.0,0,48
9264,BatchInference,66,RegionC,RegionC,5.0,80.0,66.0,70.56666666666666,4.566666666666666,20.0,2.0,0.0,0,48
11886,AITraining,67,RegionC,RegionC,5.0,150.0,67.0,71.4,4.4,43.0,6.88,0.0,0,48
13964,BatchInference,67,RegionF,RegionF,5.0,80.0,67.0,71.01666666666667,4.016666666666667,15.0,1.5,0.0,0,48
19411,AITraining,67,RegionD,RegionB,60.0,150.0,67.0,73.25,6.25,111.0,17.76,0.0,1,48
20864,BatchInference,67,RegionE,RegionE,5.0,80.0,67.0,71.58333333333333,4.583333333333333,18.0,1.8,0.0,0,48
22085,AITraining,67,RegionF,RegionF,5.0,150.0,67.0,69.78333333333333,2.783333333333333,42.0,6.72,0.0,0,48
27482,AITraining,67,RegionF,RegionD,25.0,150.0,67.0,71.43333333333334,4.433333333333334,85.0,13.6,0.0,1,48
31623,AITraining,67,RegionA,RegionA,5.0,150.0,67.0,72.38333333333334,5.383333333333334,102.0,16.32,0.0,0,48
3650,BatchInference,67,RegionD,RegionD,5.0,80.0,67.0,70.5,3.5,14.0,1.4,0.0,0,48
41137,BatchInference,67,RegionC,RegionC,5.0,80.0,67.0,73.33333333333333,6.333333333333333,5.0,0.5,0.0,0,48
42771,AITraining,67,RegionE,RegionE,5.0,150.0,67.0,70.55,3.55,63.0,10.08,0.0,0,48
44801,BatchInference,67,RegionA,RegionA,5.0,80.0,67.0,71.01666666666667,4.016666666666667,13.0,1.3,0.0,0,48
45853,BatchInference,67,RegionC,RegionC,5.0,80.0,69.0,70.06666666666666,1.0666666666666669,22.0,2.2,2.0,0,48
46512,AITraining,67,RegionF,RegionF,5.0,150.0,67.0,68.66666666666667,1.6666666666666667,86.0,13.76,0.0,0,48
46712,BatchInference,67,RegionB,RegionB,5.0,80.0,68.0,70.36666666666666,2.3666666666666667,15.0,1.5,1.0,0,48
9505,AITraining,67,RegionD,RegionC,58.0,150.0,67.0,72.6,5.6,85.0,13.6,0.0,1,48
15713,AITraining,68,RegionE,RegionC,70.0,150.0,68.0,74.01666666666667,6.016666666666667,97.0,15.52,0.0,1,48
23063,BatchInference,68,RegionA,RegionA,5.0,80.0,68.0,73.03333333333333,5.033333333333333,9.0,0.9,0.0,0,48
32800,BatchInference,68,RegionC,RegionC,5.0,80.0,68.0,72.71666666666667,4.716666666666667,22.0,2.2,0.0,0,48
35076,AITraining,68,RegionD,RegionD,5.0,150.0,68.0,69.93333333333334,1.9333333333333331,36.0,5.76,0.0,0,48
9389,AITraining,68,RegionD,RegionC,58.0,150.0,68.0,72.83333333333333,4.833333333333333,84.0,13.44,0.0,1,48
12664,AITraining,69,RegionF,RegionD,25.0,150.0,69.0,71.63333333333334,2.6333333333333333,95.0,15.2,0.0,1,48
18891,AITraining,69,RegionB,RegionB,5.0,150.0,69.0,75.45,6.45,104.0,16.64,0.0,0,48
19098,AITraining,69,RegionE,RegionE,5.0,150.0,69.0,69.55,0.55,108.0,17.28,0.0,0,48
22818,BatchInference,69,RegionD,RegionD,5.0,80.0,69.0,70.58333333333333,1.5833333333333333,22.0,2.2,0.0,0,48
24707,AITraining,69,RegionE,RegionE,5.0,150.0,69.0,71.45,2.45,52.0,8.32,0.0,0,48
26641,BatchInference,69,RegionC,RegionC,5.0,80.0,69.0,71.78333333333333,2.783333333333333,13.0,1.3,0.0,0,48
27484,BatchInference,69,RegionA,RegionA,5.0,80.0,69.0,75.55,6.55,15.0,1.5,0.0,0,48
27725,AITraining,69,RegionF,RegionA,82.0,150.0,69.0,75.6,6.6,79.0,12.64,0.0,1,48
30394,AITraining,69,RegionE,RegionE,5.0,150.0,69.0,69.33333333333333,0.3333333333333333,60.0,9.6,0.0,0,48
37321,AITraining,69,RegionE,RegionD,22.0,150.0,69.0,74.1,5.1,71.0,11.36,0.0,1,48
39555,AITraining,69,RegionD,RegionB,60.0,150.0,69.0,71.46666666666667,2.466666666666667,120.0,19.2,0.0,1,48
42808,AITraining,69,RegionD,RegionD,5.0,150.0,69.0,71.68333333333334,2.683333333333333,63.0,10.08,0.0,0,48
44659,AITraining,69,RegionD,RegionA,65.0,150.0,69.0,72.4,3.4,105.0,16.8,0.0,1,48
8510,BatchInference,69,RegionC,RegionC,5.0,80.0,69.0,75.5,6.5,12.0,1.2000000000000002,0.0,0,48
15041,AITraining,70,RegionC,RegionC,5.0,150.0,70.0,71.46666666666667,1.4666666666666666,80.0,12.8,0.0,0,48
22532,BatchInference,70,RegionA,RegionA,5.0,80.0,70.0,74.2,4.2,16.0,1.6,0.0,0,48
33888,BatchInference,70,RegionB,RegionB,5.0,80.0,70.0,74.31666666666666,4.316666666666666,15.0,1.5,0.0,0,48
37457,BatchInference,70,RegionC,RegionC,5.0,80.0,70.0,72.36666666666666,2.3666666666666667,20.0,2.0,0.0,0,48
43243,AITraining,70,RegionE,RegionE,5.0,150.0,70.0,73.66666666666667,3.6666666666666665,87.0,13.92,0.0,0,48
48439,AITraining,70,RegionE,RegionB,74.0,150.0,70.0,74.31666666666666,4.316666666666666,121.0,19.36,0.0,1,48
49655,AITraining,70,RegionA,RegionA,5.0,150.0,70.0,73.21666666666667,3.216666666666667,23.0,3.68,0.0,0,48
36576,AITraining,71,RegionC,RegionC,5.0,150.0,71.0,72.18333333333334,1.1833333333333331,61.0,9.76,0.0,0,48
8919,AITraining,71,RegionF,RegionF,5.0,150.0,71.0,72.68333333333334,1.6833333333333331,124.0,19.84,0.0,0,48
