Hour,Region,AI_IT_Load_MW,NonAI_IT_Load_MW,Total_IT_Load_MW,Facility_Load_MW,AvailableRenewable_MW,RenewableDirectUse_MW,RenewableCharge_MW,GridCharge_MW,ChargePower_MW,DischargePower_MW,GridPurchase_MW,GridSell_MW,RenewableCurtailment_MW,NetGridImport_MW,SOCStart_MWh,SOCEnd_MWh,ElectricityPrice_CNY_per_MWh,SellPrice_CNY_per_MWh,CarbonIntensity_tCO2_per_MWh,CarbonEmission_tCO2,Available_GPU,Max_IT_Power_MW,Max_Facility_Power_MW,PUE,DecisionWindowStart,ForecastRole
24,RegionA,37.1773333333333,297.296667,334.474000333333,451.53990045,670.095,405.430825218269,53.890924768269,0,53.890924768269,46.109075231731,0,0,210.773250013462,0,35,35,474.52,0,0.6825,0,630,420,567,1.35,0,K_PREDICTION_NOT_COMMITTED
24,RegionB,66.2013333333333,327.626,393.827333333333,531.6669,670.095,441.6669,-0,0,0,90,0,0,228.4281,0,222.173913043478,124.347826086957,454.75,0,0.6384,0,585,410,553.5,1.35,0,K_PREDICTION_NOT_COMMITTED
24,RegionC,4.64,337.84,342.48,472.6224,670.095,387.6224,-0,0,0,85,0,0,282.4726,0,253.808695652174,161.417391304348,441.56,0,0.6054,0,540,405,558.9,1.38,0,K_PREDICTION_NOT_COMMITTED
24,RegionD,63.9,274.789,338.689,433.52192,670.095,274.912940623729,101.391020623728,0,101.391020623728,158.608979376271,0,180,113.791038752543,-180,165.2397302656,90,283.39,221.04,0.4623,0,1472,720,921.6,1.28,0,K_PREDICTION_NOT_COMMITTED
24,RegionE,2.88,275.55,278.43,348.0375,670.095,108.0375,-0,0,0,240,0,220,342.0575,-220,820,561.935483870968,250.44,195.34,0.2422,0,1012,560,700,1.25,0,K_PREDICTION_NOT_COMMITTED
24,RegionF,31.22,267.935667,299.155667,379.92769709,670.095,129.92769709,-0,0,0,250,0,220,320.16730291,-220,817.8194006646,549.002196363525,263.62,205.62,0.2862,0,966,540,685.8,1.27,0,K_PREDICTION_NOT_COMMITTED
25,RegionA,14.2973333333333,345.349333,359.646666333333,485.52299955,693.935,439.413924318269,53.890924768269,0,53.890924768269,46.109075231731,0,0,200.630150913462,0,35,35,474.72,0,0.6846,0,630,420,567,1.35,0,K_PREDICTION_NOT_COMMITTED
25,RegionB,43.1026666666666,365.876333,408.978999666667,552.12164955,693.935,464.837752158321,2.71610260832076,0,2.71610260832076,87.2838973916792,0,0,226.381145233358,0,124.347826086957,32,454.94,0,0.6404,0,585,410,553.5,1.35,0,K_PREDICTION_NOT_COMMITTED
25,RegionC,4.56,384.88,389.44,537.4272,693.935,452.4272,-0,0,0,85,0,0,241.5078,0,161.417391304348,69.0260869565218,441.75,0,0.6073,0,540,405,558.9,1.38,0,K_PREDICTION_NOT_COMMITTED
25,RegionD,49.7346666666667,312.02,361.754666666667,463.045973333333,693.935,341.771829698716,138.725856365383,0,138.725856365383,121.274143634617,0,180,33.4373139359016,-180,90,90,283.51,221.14,0.4637,0,1472,720,921.6,1.28,0,K_PREDICTION_NOT_COMMITTED
25,RegionE,2.88,322.796,325.676,407.095,693.935,167.095,-0,0,0,240,0,220,306.84,-220,561.935483870968,303.870967741935,250.55,195.43,0.2429,0,1012,560,700,1.25,0,K_PREDICTION_NOT_COMMITTED
25,RegionF,12.7053333333334,328.328,341.033333333333,433.112333333333,693.935,183.112333333333,-0,0,0,250,0,220,290.822666666666,-220,549.002196363525,280.184992062449,263.73,205.71,0.2871,0,966,540,685.8,1.27,0,K_PREDICTION_NOT_COMMITTED
26,RegionA,3.08333333333333,392.358667,395.442000333333,533.84670045,725,487.737625218269,53.890924768269,0,53.890924768269,46.109075231731,0,0,183.371450013462,0,35,35,474.91,0,0.6833,0,630,420,567,1.35,0,K_PREDICTION_NOT_COMMITTED
26,RegionB,25.8813333333334,383.777667,409.659000333333,553.03965045,725,511.541482741442,48.5018322914421,0,48.5018322914421,41.4981677085579,0,0,164.956684967116,0,32,32,455.13,0,0.6392,0,585,410,553.5,1.35,0,K_PREDICTION_NOT_COMMITTED
26,RegionC,5.35733333333333,371.44,376.797333333333,519.98032,725,461.438608424229,26.4582884242293,0,26.4582884242293,58.5417115757707,0,0,237.103103151541,0,69.0260869565218,30,441.93,0,0.6061,0,540,405,558.9,1.38,0,K_PREDICTION_NOT_COMMITTED
26,RegionD,13.213,366.438333,379.651333,485.95370624,725,364.679562605383,138.725856365383,0,138.725856365383,121.274143634617,0,180,41.5945810292349,-180,90,90,283.63,221.23,0.4629,0,1472,720,921.6,1.28,0,K_PREDICTION_NOT_COMMITTED
26,RegionE,2.75733333333333,386.19,388.947333333333,486.184166666667,725,264.143829456124,17.9596627894568,0,17.9596627894568,222.040337210543,0,220,222.89650775442,-220,303.870967741935,82,250.65,195.51,0.2425,0,1012,560,700,1.25,0,K_PREDICTION_NOT_COMMITTED
26,RegionF,1.78,340.716,342.496,434.96992,725,221.507086461382,36.5371664613819,0,36.5371664613819,213.462833538618,0,220,246.955747077236,-220,280.184992062449,85,263.84,205.8,0.2865,0,966,540,685.8,1.27,0,K_PREDICTION_NOT_COMMITTED
27,RegionA,14.808,397.85,412.658,557.0883,761.175,510.979224768269,53.890924768269,0,53.890924768269,46.109075231731,0,0,196.304850463462,0,35,35,475.1,0,0.6787,0,630,420,567,1.35,0,K_PREDICTION_NOT_COMMITTED
27,RegionB,12.3106666666667,387.552,399.862666666667,539.8146,761.175,498.316432291442,48.5018322914421,0,48.5018322914421,41.4981677085579,0,0,214.356735417116,0,32,32,455.31,0,0.6349,0,585,410,553.5,1.35,0,K_PREDICTION_NOT_COMMITTED
27,RegionC,40.6133333333333,363.676,404.289333333333,557.91928,761.175,518.726566053029,45.8072860530287,0,45.8072860530287,39.1927139469713,0,0,196.641147893943,0,30,30,442.11,0,0.6021,0,540,405,558.9,1.38,0,K_PREDICTION_NOT_COMMITTED
27,RegionD,2.49466666666667,342.975333,345.469999666667,442.201599573333,761.175,320.927455938716,138.725856365383,0,138.725856365383,121.274143634617,0,180,121.521687695902,-180,90,90,283.74,221.32,0.4598,0,1472,720,921.6,1.28,0,K_PREDICTION_NOT_COMMITTED
27,RegionE,2.4,391.1,393.5,491.875,761.175,379.929636644969,128.054636644968,0,128.054636644968,111.945363355031,0,220,33.1907267100629,-220,82,82,250.75,195.59,0.2408,0,1012,560,700,1.25,0,K_PREDICTION_NOT_COMMITTED
27,RegionF,2.34,334.62,336.96,427.9392,761.175,311.329446505176,133.390246505176,0,133.390246505176,116.609753494824,0,220,96.4553069896489,-220,85,85,263.94,205.87,0.2846,0,966,540,685.8,1.27,0,K_PREDICTION_NOT_COMMITTED
28,RegionA,20.6466666666667,396.64,417.286666666667,563.337,800,517.227924768269,53.890924768269,0,53.890924768269,46.109075231731,0,0,228.881150463462,0,35,35,475.28,0,0.6712,0,630,420,567,1.35,0,K_PREDICTION_NOT_COMMITTED
28,RegionB,16.3233333333333,386.12,402.443333333333,543.2985,800,501.800332291442,48.5018322914421,0,48.5018322914421,41.4981677085579,0,0,249.697835417116,0,32,32,455.48,0,0.6279,0,585,410,553.5,1.35,0,K_PREDICTION_NOT_COMMITTED
28,RegionC,35.76,369.153333,404.913333,558.78039954,800,519.587685593029,45.8072860530287,0,45.8072860530287,39.1927139469713,0,0,234.605028353943,0,30,30,442.27,0,0.5954,0,540,405,558.9,1.38,0,K_PREDICTION_NOT_COMMITTED
28,RegionD,0.0333333333333314,320.44,320.473333333333,410.205866666667,800,288.931723032049,138.725856365383,0,138.725856365383,121.274143634617,0,180,192.342420602568,-180,90,90,283.85,221.4,0.4547,0,1472,720,921.6,1.28,0,K_PREDICTION_NOT_COMMITTED
28,RegionE,0.686666666666665,399.183667,399.870333666667,499.837917083333,800,387.892553728302,128.054636644968,0,128.054636644968,111.945363355031,0,220,64.0528096267297,-220,82,82,250.84,195.66,0.2382,0,1012,560,700,1.25,0,K_PREDICTION_NOT_COMMITTED
28,RegionF,28.395,258.082,286.477,363.82579,800,346.912895,233.087105,0,233.087105,16.912895,0,220,0,-220,85,285.915970097849,264.04,205.95,0.2815,0,966,540,685.8,1.27,0,K_PREDICTION_NOT_COMMITTED
29,RegionA,40.6226666666667,379.377333,419.999999666667,566.99999955,838.825,520.890924318269,53.890924768269,0,53.890924768269,46.109075231731,0,0,264.043150913462,0,35,35,475.45,0,0.6612,0,630,420,567,1.35,0,K_PREDICTION_NOT_COMMITTED
29,RegionB,22.429,386.485333,408.914333,552.03434955,838.825,510.536181841442,48.5018322914421,0,48.5018322914421,41.4981677085579,0,0,279.786985867116,0,32,32,455.64,0,0.6186,0,585,410,553.5,1.35,0,K_PREDICTION_NOT_COMMITTED
29,RegionC,36.5866666666667,367.992,404.578666666667,558.31856,838.825,519.125846053029,45.8072860530287,0,45.8072860530287,39.1927139469713,0,0,273.891867893943,0,30,30,442.43,0,0.5866,0,540,405,558.9,1.38,0,K_PREDICTION_NOT_COMMITTED
29,RegionD,0,339.493333,339.493333,434.55146624,838.825,416.68823312,242.13676688,0,242.13676688,17.86323312,0,180,0,-180,90,298.400783318813,283.95,221.48,0.4479,0,1472,720,921.6,1.28,0,K_PREDICTION_NOT_COMMITTED
29,RegionE,0,396.141667,396.141667,495.17708375,838.825,383.231720394968,128.054636644968,0,128.054636644968,111.945363355031,0,220,107.538642960063,-220,82,82,250.93,195.73,0.2346,0,1012,560,700,1.25,0,K_PREDICTION_NOT_COMMITTED
29,RegionF,146.895666666667,357.664,504.559666666667,640.790776666667,838.825,447.64470284886,56.8539261821932,0,56.8539261821932,193.146073817807,0,220,114.326370968947,-220,285.915970097849,131.674710367383,264.14,206.03,0.2773,0,966,540,685.8,1.27,0,K_PREDICTION_NOT_COMMITTED
30,RegionA,39.7933333333333,356.301667,396.095000333333,534.72825045,875,488.619175218269,53.890924768269,0,53.890924768269,46.109075231731,0,0,332.489900013462,0,35,35,475.61,0,0.6496,0,630,420,567,1.35,0,K_PREDICTION_NOT_COMMITTED
30,RegionB,3.79866666666666,371.976333,375.774999666667,507.29624955,875,465.798081841442,48.5018322914421,0,48.5018322914421,41.4981677085579,0,0,360.700085867116,0,32,32,455.79,0,0.6077,0,585,410,553.5,1.35,0,K_PREDICTION_NOT_COMMITTED
30,RegionC,22.124,368.290667,390.414667,538.77224046,875,499.579526513029,45.8072860530287,0,45.8072860530287,39.1927139469713,0,0,329.613187433943,0,30,30,442.58,0,0.5763,0,540,405,558.9,1.38,0,K_PREDICTION_NOT_COMMITTED
30,RegionD,191.131333333333,375.696,566.827333333333,725.538986666667,875,500.853932517432,35.3149458507651,0,35.3149458507651,224.685054149235,0,180,158.831121631803,-180,298.400783318813,90,284.04,221.55,0.44,0,1472,720,921.6,1.28,0,K_PREDICTION_NOT_COMMITTED
30,RegionE,0,389.288333,389.288333,486.61041625,875,486.61041625,-0,0,0,0,0,220,168.38958375,-220,82,82,251.02,195.8,0.2305,0,1012,560,700,1.25,0,K_PREDICTION_NOT_COMMITTED
30,RegionF,129.974333333333,409.034,539.008333333333,684.540583333333,875,544.770291666667,110.229708333333,0,110.229708333333,139.770291666667,0,220,0,-220,131.674710367383,85,264.23,206.1,0.2724,0,966,540,685.8,1.27,0,K_PREDICTION_NOT_COMMITTED
31,RegionA,41.646,346.030333,387.676333,523.36304955,906.065,477.253974318269,53.890924768269,0,53.890924768269,46.109075231731,0,0,374.920100913462,0,35,35,731.94,0,0.637,0,630,420,567,1.35,0,K_PREDICTION_NOT_COMMITTED
31,RegionB,38.2,371.708,409.908,553.3758,906.065,511.877632291442,48.5018322914421,0,48.5018322914421,41.4981677085579,0,0,345.685535417116,0,32,32,701.44,0,0.5959,0,585,410,553.5,1.35,0,K_PREDICTION_NOT_COMMITTED
31,RegionC,5.358,381.238333,386.596333,533.50293954,906.065,494.310225593029,45.8072860530287,0,45.8072860530287,39.1927139469713,0,0,365.947488353943,0,30,30,681.11,0,0.5651,0,540,405,558.9,1.38,0,K_PREDICTION_NOT_COMMITTED
31,RegionD,61.6733333333333,375.308667,436.982000333333,559.336960426667,906.065,559.336960426667,166.728039573333,0,166.728039573333,0,0,180,0,-180,90,246.724357198933,437.13,340.96,0.4315,0,1472,720,921.6,1.28,0,K_PREDICTION_NOT_COMMITTED
31,RegionE,144.04,390.455333,534.495333,668.11916625,906.065,668.11916625,-0,0,0,0,0,220,17.94583375,-220,82,82,386.3,301.31,0.226,0,1012,560,700,1.25,0,K_PREDICTION_NOT_COMMITTED
31,RegionF,118.012,420.017,538.029,683.29683,906.065,683.29683,-0,0,0,0,0,220,2.76817000000005,-220,85,85,406.63,317.17,0.2671,0,966,540,685.8,1.27,0,K_PREDICTION_NOT_COMMITTED
32,RegionA,25.5643333333333,363.262667,388.827000333333,524.91645045,929.905,478.807375218269,53.890924768269,0,53.890924768269,46.109075231731,0,0,397.206700013462,0,35,35,732.16,0,0.6245,0,630,420,567,1.35,0,K_PREDICTION_NOT_COMMITTED
32,RegionB,38.108,368.347333,406.455333,548.71469955,929.905,507.216531841442,48.5018322914421,0,48.5018322914421,41.4981677085579,0,0,374.186635867116,0,32,32,701.66,0,0.5842,0,585,410,553.5,1.35,0,K_PREDICTION_NOT_COMMITTED
32,RegionC,2.8,347.712,350.512,483.70656,929.905,444.513846053029,45.8072860530287,0,45.8072860530287,39.1927139469713,0,0,439.583867893943,0,30,30,681.32,0,0.554,0,540,405,558.9,1.38,0,K_PREDICTION_NOT_COMMITTED
32,RegionD,12.94,362.314,375.254,480.32512,929.905,281.282513984096,60.9573939840956,0,60.9573939840956,199.042606015904,0,180,407.665092031809,-180,246.724357198933,90,437.26,341.06,0.423,0,1472,720,921.6,1.28,0,K_PREDICTION_NOT_COMMITTED
32,RegionE,144.406666666667,361.386333,505.792999666667,632.241249583333,929.905,632.241249583333,-0,0,0,0,0,220,77.6637504166666,-220,82,82,386.42,301.41,0.2216,0,1012,560,700,1.25,0,K_PREDICTION_NOT_COMMITTED
32,RegionF,143.350666666667,369.103,512.453666666667,650.816156666667,929.905,650.816156666667,-0,0,0,0,0,220,59.0888433333331,-220,85,85,406.76,317.27,0.2619,0,966,540,685.8,1.27,0,K_PREDICTION_NOT_COMMITTED
33,RegionA,41.6773333333333,371.739,413.416333333333,558.11205,944.89,512.002974768269,53.890924768269,0,53.890924768269,46.109075231731,0,0,378.996100463462,0,35,35,732.37,0,0.6128,0,630,420,567,1.35,0,K_PREDICTION_NOT_COMMITTED
33,RegionB,37.4626666666667,371.185333,408.647999666667,551.67479955,944.89,510.176631841442,48.5018322914421,0,48.5018322914421,41.4981677085579,0,0,386.211535867116,0,32,32,701.85,0,0.5732,0,585,410,553.5,1.35,0,K_PREDICTION_NOT_COMMITTED
33,RegionC,55.0666666666667,336.899333,391.965999666667,540.91307954,944.89,501.720365593029,45.8072860530287,0,45.8072860530287,39.1927139469713,0,0,397.362348353943,0,30,30,681.51,0,0.5436,0,540,405,558.9,1.38,0,K_PREDICTION_NOT_COMMITTED
33,RegionD,5.99333333333334,394.727333,400.720666333333,512.922452906667,944.89,512.922452906667,251.967547093333,0,251.967547093333,0,0,180,0,-180,90,326.849494267733,437.39,341.16,0.4151,0,1472,720,921.6,1.28,0,K_PREDICTION_NOT_COMMITTED
33,RegionE,144.36,371.328,515.688,644.61,944.89,644.61,-0,0,0,0,0,220,80.28,-220,82,82,386.53,301.49,0.2174,0,1012,560,700,1.25,0,K_PREDICTION_NOT_COMMITTED
33,RegionF,107.66,361.943333,469.603333,596.39623291,944.89,596.39623291,-0,0,0,0,0,220,128.49376709,-220,85,85,406.87,317.36,0.257,0,966,540,685.8,1.27,0,K_PREDICTION_NOT_COMMITTED
34,RegionA,23.4786666666666,362.323333,385.801999666667,520.83269955,950,474.723624318269,53.890924768269,0,53.890924768269,46.109075231731,0,0,421.385450913462,0,35,35,732.56,0,0.6027,0,630,420,567,1.35,0,K_PREDICTION_NOT_COMMITTED
34,RegionB,37.44,369.669333,407.109333,549.59759955,950,508.099431841442,48.5018322914421,0,48.5018322914421,41.4981677085579,0,0,393.398735867116,0,32,32,702.04,0,0.5638,0,585,410,553.5,1.35,0,K_PREDICTION_NOT_COMMITTED
34,RegionC,48.536,344.553667,393.089667,542.46374046,950,503.271026513029,45.8072860530287,0,45.8072860530287,39.1927139469713,0,0,400.921687433943,0,30,30,681.69,0,0.5347,0,540,405,558.9,1.38,0,K_PREDICTION_NOT_COMMITTED
34,RegionD,5.3,319.663333,324.963333,415.95306624,950,177.151428384386,21.1983621443859,0,21.1983621443859,238.801637855614,0,180,571.650209471228,-180,326.849494267733,90,437.5,341.25,0.4083,0,1472,720,921.6,1.28,0,K_PREDICTION_NOT_COMMITTED
34,RegionE,150.956,283.343333,434.299333,542.87416625,950,542.87416625,187.12583375,0,187.12583375,0,0,220,0,-220,82,257.898283725,386.63,301.57,0.2139,0,1012,560,700,1.25,0,K_PREDICTION_NOT_COMMITTED
34,RegionF,133.457333333333,283.486667,416.944000333333,529.518880423333,950,529.518880423333,200.481119576667,0,200.481119576667,0,0,220,0,-220,85,273.452252402067,406.98,317.44,0.2527,0,966,540,685.8,1.27,0,K_PREDICTION_NOT_COMMITTED
35,RegionA,21.4746666666667,364.628667,386.103333666667,521.23950045,944.89,475.130425218269,53.890924768269,0,53.890924768269,46.109075231731,0,0,415.868650013462,0,35,35,732.74,0,0.595,0,630,420,567,1.35,0,K_PREDICTION_NOT_COMMITTED
35,RegionB,37.2106666666667,367.168,404.378666666667,545.9112,944.89,504.413032291442,48.5018322914421,0,48.5018322914421,41.4981677085579,0,0,391.975135417116,0,32,32,702.21,0,0.5566,0,585,410,553.5,1.35,0,K_PREDICTION_NOT_COMMITTED
35,RegionC,56.2866666666667,343.248667,399.535333666667,551.35876046,944.89,512.166046513029,45.8072860530287,0,45.8072860530287,39.1927139469713,0,0,386.916667433943,0,30,30,681.85,0,0.5278,0,540,405,558.9,1.38,0,K_PREDICTION_NOT_COMMITTED
35,RegionD,50.68,308.657,359.337,459.95136,944.89,338.677216365383,138.725856365383,0,138.725856365383,121.274143634617,0,180,287.486927269235,-180,90,90,437.61,341.34,0.4031,0,1472,720,921.6,1.28,0,K_PREDICTION_NOT_COMMITTED
35,RegionE,86.6653333333333,298.431667,385.097000333333,481.371250416667,944.89,282.143097677231,40.7718472605645,0,40.7718472605645,199.228152739435,0,220,401.975055062204,-220,257.898283725,82,386.72,301.64,0.2111,0,1012,560,700,1.25,0,K_PREDICTION_NOT_COMMITTED
35,RegionF,52.237,292.686667,344.923667,438.05305709,944.89,227.931087858369,39.8780307683694,0,39.8780307683694,210.121969231631,0,220,457.080881373261,-220,273.452252402067,85,407.08,317.52,0.2495,0,966,540,685.8,1.27,0,K_PREDICTION_NOT_COMMITTED
36,RegionA,88.9213333333333,314.984,403.905333333333,545.2722,929.905,499.163124768269,53.890924768269,0,53.890924768269,46.109075231731,0,0,376.850950463462,0,35,35,732.9,0,0.5902,0,630,420,567,1.35,0,K_PREDICTION_NOT_COMMITTED
36,RegionB,5.25333333333336,334.88,340.133333333333,459.18,929.905,417.681832291442,48.5018322914421,0,48.5018322914421,41.4981677085579,0,0,463.721335417116,0,32,32,702.36,0,0.5521,0,585,410,553.5,1.35,0,K_PREDICTION_NOT_COMMITTED
36,RegionC,81.34,309.524667,390.864667,539.39324046,929.905,500.200526513029,45.8072860530287,0,45.8072860530287,39.1927139469713,0,0,383.897187433943,0,30,30,682,0,0.5236,0,540,405,558.9,1.38,0,K_PREDICTION_NOT_COMMITTED
36,RegionD,213.448666666667,213.238333,426.686999666667,546.159359573333,929.905,546.159359573333,203.745640426667,0,203.745640426667,0,0,180,0,-180,90,281.520902001067,437.7,341.41,0.3998,0,1472,720,921.6,1.28,0,K_PREDICTION_NOT_COMMITTED
36,RegionE,139.114666666667,272.351333,411.465999666667,514.332499583333,929.905,514.332499583333,195.572500416667,0,195.572500416667,0,0,220,0,-220,82,265.838150391667,386.81,301.71,0.2094,0,1012,560,700,1.25,0,K_PREDICTION_NOT_COMMITTED
36,RegionF,45.64,272.396,318.036,403.90572,929.905,287.295966505176,133.390246505176,0,133.390246505176,116.609753494824,0,220,289.218786989649,-220,85,85,407.17,317.59,0.2475,0,966,540,685.8,1.27,0,K_PREDICTION_NOT_COMMITTED
37,RegionA,88.6666666666667,287.213667,375.880333666667,507.43845045,906.065,461.329375218269,53.890924768269,0,53.890924768269,46.109075231731,0,0,390.844700013462,0,35,35,733.05,0,0.5887,0,630,420,567,1.35,0,K_PREDICTION_NOT_COMMITTED
37,RegionB,0.514666666666666,313.805667,314.320333666667,424.33245045,906.065,382.834282741442,48.5018322914421,0,48.5018322914421,41.4981677085579,1.4210854715202e-14,0,474.728884967116,1.4210854715202e-14,32,32,702.51,0,0.5507,7.82591769166174e-15,585,410,553.5,1.35,0,K_PREDICTION_NOT_COMMITTED
37,RegionC,78.776,319.545333,398.321333,549.68343954,906.065,510.490725593029,45.8072860530287,0,45.8072860530287,39.1927139469713,0,0,349.766988353943,0,30,30,682.14,0,0.5222,0,540,405,558.9,1.38,0,K_PREDICTION_NOT_COMMITTED
37,RegionD,101.347,218.228667,319.575667,409.05685376,906.065,192.747794502188,43.6909407421876,0,43.6909407421876,216.309059257812,0,180,489.626264755625,-180,281.520902001067,90,437.79,341.48,0.3988,0,1472,720,921.6,1.28,0,K_PREDICTION_NOT_COMMITTED
37,RegionE,105.172666666667,229.532,334.704666666667,418.380833333333,906.065,215.212825722486,36.8319923891527,0,36.8319923891527,203.168007610847,0,220,434.020181888361,-220,265.838150391667,82,386.89,301.77,0.2089,0,1012,560,700,1.25,0,K_PREDICTION_NOT_COMMITTED
37,RegionF,138.2,245.626333,383.826333,487.45944291,906.065,487.45944291,-0,0,0,0,0,220,198.60555709,-220,85,85,407.25,317.66,0.2469,0,966,540,685.8,1.27,0,K_PREDICTION_NOT_COMMITTED
38,RegionA,83.8479999999999,277.904,361.752,488.3652,875,488.3652,100,0,100,0,0,0,286.6348,0,35,128,733.18,0,0.5905,0,630,420,567,1.35,0,K_PREDICTION_NOT_COMMITTED
38,RegionB,0.133333333333334,293.57,293.703333333333,396.4995,875,355.001332291442,48.5018322914421,0,48.5018322914421,41.4981677085579,1.4210854715202e-14,0,471.496835417116,1.4210854715202e-14,32,32,702.63,0,0.5524,7.85007614467759e-15,585,410,553.5,1.35,0,K_PREDICTION_NOT_COMMITTED
38,RegionC,67.332,299.369,366.701,506.04738,875,466.854666053029,45.8072860530287,0,45.8072860530287,39.1927139469713,0,0,362.338047893943,0,30,30,682.27,0,0.5238,0,540,405,558.9,1.38,0,K_PREDICTION_NOT_COMMITTED
38,RegionD,77.1,179.738667,256.838667,328.75349376,875,207.479350125383,138.725856365383,0,138.725856365383,121.274143634617,0,180,348.794793509235,-180,90,90,437.87,341.54,0.4,0,1472,720,921.6,1.28,0,K_PREDICTION_NOT_COMMITTED
38,RegionE,91.1713333333333,227.268333,318.439666333333,398.049582916667,875,286.104219561635,128.054636644969,0,128.054636644969,111.945363355031,0,220,240.841143793396,-220,82,82,386.96,301.83,0.2095,0,1012,560,700,1.25,0,K_PREDICTION_NOT_COMMITTED
38,RegionF,137.727666666667,289.364,427.091666666667,542.406416666667,875,542.406416666667,-0,0,0,0,0,220,112.593583333333,-220,85,85,407.32,317.71,0.2476,0,966,540,685.8,1.27,0,K_PREDICTION_NOT_COMMITTED
39,RegionA,47.4866666666666,267.354667,314.841333666667,425.03580045,838.825,332.817649986538,7.78184953653805,0,7.78184953653805,92.218150463462,2.8421709430404e-14,0,498.225500476924,2.8421709430404e-14,128,35,733.3,0,0.5955,1.69251279658056e-14,630,420,567,1.35,0,K_PREDICTION_NOT_COMMITTED
39,RegionB,0,266.34,266.34,359.559,838.825,318.060832291442,48.5018322914421,0,48.5018322914421,41.4981677085579,1.4210854715202e-14,0,472.262335417116,1.4210854715202e-14,32,32,702.75,0,0.5571,7.91686716183904e-15,585,410,553.5,1.35,0,K_PREDICTION_NOT_COMMITTED
39,RegionC,66.4536666666667,265.478,331.931666666667,458.0657,838.825,418.872986053029,45.8072860530287,0,45.8072860530287,39.1927139469713,0,0,374.144727893943,0,30,30,682.38,0,0.5283,0,540,405,558.9,1.38,0,K_PREDICTION_NOT_COMMITTED
39,RegionD,77.34,171.684667,249.024667,318.75157376,838.825,197.477430125383,138.725856365383,0,138.725856365383,121.274143634617,0,180,322.621713509235,-180,90,90,437.94,341.59,0.4034,0,1472,720,921.6,1.28,0,K_PREDICTION_NOT_COMMITTED
39,RegionE,57.3643333333333,213.527667,270.892000333333,338.615000416667,838.825,226.669637061635,128.054636644969,0,128.054636644969,111.945363355031,0,220,264.100726293396,-220,82,82,387.02,301.88,0.2113,0,1012,560,700,1.25,0,K_PREDICTION_NOT_COMMITTED
39,RegionF,101.973333333333,248.650667,350.624000333333,445.292480423333,838.825,445.292480423333,-0,0,0,0,0,220,173.532519576667,-220,85,85,407.39,317.76,0.2497,0,966,540,685.8,1.27,0,K_PREDICTION_NOT_COMMITTED
40,RegionA,84.3666666666666,261.053333,345.419999666667,466.31699955,800,420.207924318269,53.890924768269,0,53.890924768269,46.109075231731,0,0,325.901150913462,0,35,35,733.4,0,0.6035,0,630,420,567,1.35,0,K_PREDICTION_NOT_COMMITTED
40,RegionB,0.652000000000002,218.339,218.991,295.63785,800,254.139682291442,48.5018322914421,0,48.5018322914421,41.4981677085579,1.4210854715202e-14,0,497.358485417116,1.4210854715202e-14,32,32,702.85,0,0.5645,8.02202748673153e-15,585,410,553.5,1.35,0,K_PREDICTION_NOT_COMMITTED
40,RegionC,27.6493333333333,236.16,263.809333333333,364.05688,800,324.864166053029,45.8072860530287,0,45.8072860530287,39.1927139469713,-2.1316282072803e-14,0,429.328547893943,-2.1316282072803e-14,30,30,682.47,0,0.5353,-1.14106057935714e-14,540,405,558.9,1.38,0,K_PREDICTION_NOT_COMMITTED
40,RegionD,193.46,158.062333,351.522333,449.94858624,800,449.94858624,-0,0,0,0,0,180,170.05141376,-180,90,90,438.01,341.65,0.4088,0,1472,720,921.6,1.28,0,K_PREDICTION_NOT_COMMITTED
40,RegionE,80.16,212.746667,292.906667,366.13333375,800,366.13333375,-0,0,0,0,0,220,213.86666625,-220,82,82,387.07,301.91,0.2141,0,1012,560,700,1.25,0,K_PREDICTION_NOT_COMMITTED
40,RegionF,112.391666666667,158.324,270.715666666667,343.808896666667,800,343.808896666667,236.191103333333,0,236.191103333333,0,0,220,0,-220,85,307.019637133333,407.45,317.81,0.2531,0,966,540,685.8,1.27,0,K_PREDICTION_NOT_COMMITTED
41,RegionA,91.9326666666667,232.056667,323.989333666667,437.38560045,761.175,391.276525218269,53.890924768269,0,53.890924768269,46.109075231731,-1.4210854715202e-14,0,316.007550013462,-1.4210854715202e-14,35,35,1063.56,0,0.6138,-8.72262262419099e-15,630,420,567,1.35,0,K_PREDICTION_NOT_COMMITTED
41,RegionB,0.56,188.030667,188.590667,254.59740045,761.175,213.099232741442,48.5018322914421,0,48.5018322914421,41.4981677085579,1.4210854715202e-14,0,499.573934967116,1.4210854715202e-14,32,32,1019.25,0,0.5742,8.15987277746899e-15,585,410,553.5,1.35,0,K_PREDICTION_NOT_COMMITTED
41,RegionC,24.892,193.568,218.46,301.4748,761.175,262.282086053029,45.8072860530287,0,45.8072860530287,39.1927139469713,-2.1316282072803e-14,0,453.085627893943,-2.1316282072803e-14,30,30,989.71,0,0.5445,-1.16067155886412e-14,540,405,558.9,1.38,0,K_PREDICTION_NOT_COMMITTED
41,RegionD,217.331333333333,162.287,379.618333333333,485.911466666667,761.175,485.911466666667,95.2635333333331,0,95.2635333333331,0,0,180,0,-180,90,179.547721333333,635.18,495.44,0.4158,0,1472,720,921.6,1.28,0,K_PREDICTION_NOT_COMMITTED
41,RegionE,140.18,173.899333,314.079333,392.59916625,761.175,392.59916625,-0,0,0,0,0,220,148.57583375,-220,82,82,561.33,437.84,0.2178,0,1012,560,700,1.25,0,K_PREDICTION_NOT_COMMITTED
41,RegionF,52.6076666666667,152.268333,204.875999666667,260.192519576667,761.175,33.4140207323599,23.2215011556931,0,23.2215011556931,226.778498844307,0,220,484.539478111947,-220,307.019637133333,85,590.87,460.88,0.2574,0,966,540,685.8,1.27,0,K_PREDICTION_NOT_COMMITTED
42,RegionA,71.7613333333334,200.420667,272.182000333333,367.44570045,725,321.336625218269,53.890924768269,0,53.890924768269,46.109075231731,-1.4210854715202e-14,0,349.772450013462,-1.4210854715202e-14,35,35,1063.67,0,0.6258,-8.89315288077341e-15,630,420,567,1.35,0,K_PREDICTION_NOT_COMMITTED
42,RegionB,0.8,221.176,221.976,299.6676,725,258.169432291442,48.5018322914421,0,48.5018322914421,41.4981677085579,1.4210854715202e-14,0,418.328735417116,1.4210854715202e-14,32,32,1019.35,0,0.5854,8.31903435027925e-15,585,410,553.5,1.35,0,K_PREDICTION_NOT_COMMITTED
42,RegionC,44.793,222.197333,266.990333,368.44665954,725,329.253945593029,45.8072860530287,0,45.8072860530287,39.1927139469713,-2.1316282072803e-14,0,349.938768353943,-2.1316282072803e-14,30,30,989.8,0,0.5551,-1.18326681786129e-14,540,405,558.9,1.38,0,K_PREDICTION_NOT_COMMITTED
42,RegionD,20.4516666666666,156.541667,176.993333666667,226.551467093333,725,60.8426949025319,94.2912278091987,0,94.2912278091987,165.708772190801,0,180,389.866077288269,-180,179.547721333333,90,635.25,495.5,0.4239,0,1472,720,921.6,1.28,0,K_PREDICTION_NOT_COMMITTED
42,RegionE,145.984,187.964,333.948,417.435,725,417.435,-0,0,0,0,0,220,87.5650000000001,-220,82,82,561.38,437.88,0.222,0,1012,560,700,1.25,0,K_PREDICTION_NOT_COMMITTED
42,RegionF,27.2666666666667,120.509667,147.776333666667,187.675943756667,725,71.0661902618422,133.390246505176,0,133.390246505176,116.609753494824,0,220,300.543563232982,-220,85,85,590.93,460.93,0.2624,0,966,540,685.8,1.27,0,K_PREDICTION_NOT_COMMITTED
43,RegionA,55.5136666666667,201.789,257.302666666667,347.3586,693.935,301.249524768269,53.890924768269,0,53.890924768269,46.109075231731,-1.4210854715202e-14,0,338.794550463462,-1.4210854715202e-14,35,35,1063.75,0,0.6386,-9.075051821128e-15,630,420,567,1.35,0,K_PREDICTION_NOT_COMMITTED
43,RegionB,0.584,203.090667,203.674667,274.96080045,693.935,233.462632741442,48.5018322914421,0,48.5018322914421,41.4981677085579,1.4210854715202e-14,0,411.970534967116,1.4210854715202e-14,32,32,1019.43,0,0.5974,8.48956460686168e-15,585,410,553.5,1.35,0,K_PREDICTION_NOT_COMMITTED
43,RegionC,29.5486666666667,193.576,223.124666666667,307.91204,693.935,268.719326053029,45.8072860530287,0,45.8072860530287,39.1927139469713,-2.1316282072803e-14,0,379.408387893943,-2.1316282072803e-14,30,30,989.88,0,0.5665,-1.20756737942429e-14,540,405,558.9,1.38,0,K_PREDICTION_NOT_COMMITTED
43,RegionD,0.333333333333334,147.677,148.010333333333,189.453226666667,693.935,68.1790830320492,138.725856365383,0,138.725856365383,121.274143634617,0,180,307.030060602568,-180,90,90,635.3,495.53,0.4326,0,1472,720,921.6,1.28,0,K_PREDICTION_NOT_COMMITTED
43,RegionE,47.168,166.596667,213.764667,267.20583375,693.935,267.20583375,-0,0,0,0,0,220,206.72916625,-220,82,82,561.43,437.92,0.2266,0,1012,560,700,1.25,0,K_PREDICTION_NOT_COMMITTED
43,RegionF,141.698666666667,109.314,251.012666666667,318.786086666667,693.935,318.786086666667,135.202927653563,0,135.202927653563,0,0,220,19.9459856797703,-220,85,212.090751994349,590.97,460.96,0.2678,0,966,540,685.8,1.27,0,K_PREDICTION_NOT_COMMITTED
44,RegionA,54.4493333333333,226.008,280.457333333333,378.6174,670.095,332.508324768269,53.890924768269,0,53.890924768269,46.109075231731,-1.4210854715202e-14,0,283.695750463462,-1.4210854715202e-14,35,35,1063.82,0,0.6514,-9.25695076148258e-15,630,420,567,1.35,0,K_PREDICTION_NOT_COMMITTED
44,RegionB,84.86,215.833333,300.693333,405.93599955,670.095,364.437831841442,48.5018322914421,0,48.5018322914421,41.4981677085579,1.4210854715202e-14,0,257.155335867116,1.4210854715202e-14,32,32,1019.49,0,0.6094,8.6600948634441e-15,585,410,553.5,1.35,0,K_PREDICTION_NOT_COMMITTED
44,RegionC,23.1693333333333,189.823333,212.992666333333,293.92987954,670.095,254.737165593029,45.8072860530287,0,45.8072860530287,39.1927139469713,7.105427357601e-15,0,369.550548353943,7.105427357601e-15,30,30,989.94,0,0.5778,4.10551592722186e-15,540,405,558.9,1.38,0,K_PREDICTION_NOT_COMMITTED
44,RegionD,0.482666666666667,156.484,156.966666666667,200.917333333333,670.095,79.6431896987159,138.725856365383,0,138.725856365383,121.274143634617,0,180,271.725953935902,-180,90,90,635.33,495.56,0.4413,0,1472,720,921.6,1.28,0,K_PREDICTION_NOT_COMMITTED
44,RegionE,0,184.928,184.928,231.16,670.095,231.16,-0,0,0,0,0,220,218.935,-220,82,82,561.46,437.94,0.2311,0,1012,560,700,1.25,0,K_PREDICTION_NOT_COMMITTED
44,RegionF,41.2026666666667,100.272667,141.475333666667,179.673673756667,670.095,0,70.3263262433333,-0,70.3263262433333,179.673673756667,0,220,379.768673756667,-220,212.090751994349,85,591.01,460.99,0.2732,0,966,540,685.8,1.27,0,K_PREDICTION_NOT_COMMITTED
45,RegionA,46.8556666666666,214.410667,261.266333666667,352.70955045,655.11,306.600475218269,53.890924768269,0,53.890924768269,46.109075231731,-1.4210854715202e-14,0,294.618600013462,-1.4210854715202e-14,35,35,1063.86,0,0.6633,-9.42605993259349e-15,630,420,567,1.35,0,K_PREDICTION_NOT_COMMITTED
45,RegionB,79.4756666666667,237.610667,317.086333666667,428.06655045,655.11,386.568382741442,48.5018322914421,0,48.5018322914421,41.4981677085579,1.4210854715202e-14,0,220.039784967116,1.4210854715202e-14,32,32,1019.53,0,0.6205,8.81783535078284e-15,585,410,553.5,1.35,0,K_PREDICTION_NOT_COMMITTED
45,RegionC,23.216,232.738333,255.954333,353.21697954,655.11,314.024265593029,45.8072860530287,0,45.8072860530287,39.1927139469713,-2.1316282072803e-14,0,295.278448353943,-2.1316282072803e-14,30,30,989.98,0,0.5884,-1.25425003716373e-14,540,405,558.9,1.38,0,K_PREDICTION_NOT_COMMITTED
45,RegionD,0.402666666666667,185.405333,185.807999666667,237.834239573333,655.11,116.560095938716,138.725856365383,0,138.725856365383,121.274143634617,0,180,219.824047695901,-180,90,90,635.36,495.58,0.4493,0,1472,720,921.6,1.28,0,K_PREDICTION_NOT_COMMITTED
45,RegionE,0.48,191.304,191.784,239.73,655.11,239.73,-0,0,0,0,0,220,195.38,-220,82,82,561.48,437.95,0.2354,0,1012,560,700,1.25,0,K_PREDICTION_NOT_COMMITTED
45,RegionF,1.236,167.805333,169.041333,214.68249291,655.11,214.68249291,-0,0,0,0,0,220,220.42750709,-220,85,85,591.03,461,0.2782,0,966,540,685.8,1.27,0,K_PREDICTION_NOT_COMMITTED
46,RegionA,6.32266666666662,271.582333,277.904999666667,375.17174955,650,329.062674318269,53.890924768269,0,53.890924768269,46.109075231731,-1.4210854715202e-14,0,267.046400913462,-1.4210854715202e-14,35,35,660.34,0,0.6735,-9.57101065068855e-15,630,420,567,1.35,0,K_PREDICTION_NOT_COMMITTED
46,RegionB,62.9626666666667,263.05,326.012666666667,440.1171,650,398.618932291442,48.5018322914421,0,48.5018322914421,41.4981677085579,0,0,202.879235417116,0,32,32,632.82,0,0.63,0,585,410,553.5,1.35,0,K_PREDICTION_NOT_COMMITTED
46,RegionC,23.3893333333333,227.322667,250.712000333333,345.98256046,650,306.789846513029,45.8072860530287,0,45.8072860530287,39.1927139469713,-2.1316282072803e-14,0,297.402867433943,-2.1316282072803e-14,30,30,614.48,0,0.5974,-1.27343469102925e-14,540,405,558.9,1.38,0,K_PREDICTION_NOT_COMMITTED
46,RegionD,0.4,217.961667,218.361667,279.50293376,650,279.50293376,-0,0,0,0,0,180,190.49706624,-180,90,90,394.37,307.61,0.4562,0,1472,720,921.6,1.28,0,K_PREDICTION_NOT_COMMITTED
46,RegionE,1.04,222.699333,223.739333,279.67416625,650,279.67416625,-0,0,0,0,0,220,150.32583375,-220,82,82,348.51,271.84,0.239,0,1012,560,700,1.25,0,K_PREDICTION_NOT_COMMITTED
46,RegionF,0,211.020667,211.020667,267.99624709,650,267.99624709,-0,0,0,0,0,220,162.00375291,-220,85,85,366.85,286.14,0.2824,0,966,540,685.8,1.27,0,K_PREDICTION_NOT_COMMITTED
47,RegionA,0.264,283.456,283.72,383.022,655.11,336.912924768269,53.890924768269,0,53.890924768269,46.109075231731,-1.4210854715202e-14,0,264.306150463462,-1.4210854715202e-14,35,35,660.33,0,0.6812,-9.68043423199561e-15,630,420,567,1.35,0,K_PREDICTION_NOT_COMMITTED
47,RegionB,58.9653333333333,293.868,352.833333333333,476.325,655.11,434.826832291442,48.5018322914421,0,48.5018322914421,41.4981677085579,0,0,171.781335417116,0,32,32,632.82,0,0.6373,0,585,410,553.5,1.35,0,K_PREDICTION_NOT_COMMITTED
47,RegionC,61.4793333333334,273.767667,335.247000333333,462.64086046,655.11,423.448146513029,45.8072860530287,0,45.8072860530287,39.1927139469713,0,0,185.854567433943,0,30,30,614.48,0,0.6043,0,540,405,558.9,1.38,0,K_PREDICTION_NOT_COMMITTED
47,RegionD,0.4,260.154,260.554,333.50912,655.11,333.50912,-0,0,0,0,0,180,141.60088,-180,90,90,394.37,307.61,0.4615,0,1472,720,921.6,1.28,0,K_PREDICTION_NOT_COMMITTED
47,RegionE,1.12,224.238667,225.358667,281.69833375,655.11,281.69833375,-0,0,0,0,0,220,153.41166625,-220,82,82,348.51,271.84,0.2417,0,1012,560,700,1.25,0,K_PREDICTION_NOT_COMMITTED
47,RegionF,0,218.796,218.796,277.87092,655.11,277.87092,-0,0,0,0,0,220,157.23908,-220,85,85,366.85,286.14,0.2857,0,966,540,685.8,1.27,0,K_PREDICTION_NOT_COMMITTED
48,RegionA,0.48,299.653667,300.133667,405.18045045,670.095,359.071375218269,53.890924768269,0,53.890924768269,46.109075231731,-1.4210854715202e-14,0,257.132700013462,-1.4210854715202e-14,35,35,476.9,0,0.686,-9.74864633462858e-15,630,420,567,1.35,0,K_PREDICTION_NOT_COMMITTED
48,RegionB,58.56,319.901333,378.461333,510.92279955,670.095,469.424631841442,48.5018322914421,0,48.5018322914421,41.4981677085579,0,0,152.168535867116,0,32,32,457.03,0,0.6418,0,585,410,553.5,1.35,0,K_PREDICTION_NOT_COMMITTED
48,RegionC,34.7666666666667,294.181667,328.948333666667,453.94870046,670.095,414.755986513029,45.8072860530287,0,45.8072860530287,39.1927139469713,0,0,209.531727433943,0,30,30,443.78,0,0.6086,0,540,405,558.9,1.38,0,K_PREDICTION_NOT_COMMITTED
48,RegionD,0.4,286.583333,286.983333,367.33866624,670.095,367.33866624,-0,0,0,0,0,180,122.75633376,-180,90,90,284.81,222.15,0.4647,0,1472,720,921.6,1.28,0,K_PREDICTION_NOT_COMMITTED
48,RegionE,1.352,280.196,281.548,351.935,670.095,351.935,-0,0,0,0,0,220,98.16,-220,82,82,251.7,196.33,0.2434,0,1012,560,700,1.25,0,K_PREDICTION_NOT_COMMITTED
48,RegionF,0,316.846667,316.846667,402.39526709,670.095,402.39526709,-0,0,0,0,0,220,47.69973291,-220,85,85,264.94,206.65,0.2877,0,966,540,685.8,1.27,0,K_PREDICTION_NOT_COMMITTED
49,RegionA,0.784,353.456667,354.240667,478.22490045,693.935,432.115825218269,53.890924768269,0,53.890924768269,46.109075231731,0,0,207.928250013462,0,35,35,476.88,0,0.6876,0,630,420,567,1.35,0,K_PREDICTION_NOT_COMMITTED
49,RegionB,51.8146666666667,355.685667,407.500333666667,550.12545045,693.935,508.627282741442,48.5018322914421,0,48.5018322914421,41.4981677085579,0,0,136.805884967116,0,32,32,457.01,0,0.6432,0,585,410,553.5,1.35,0,K_PREDICTION_NOT_COMMITTED
49,RegionC,33.5306666666667,340.5,374.030666666667,516.16232,693.935,476.969606053029,45.8072860530287,0,45.8072860530287,39.1927139469713,0,0,171.158107893943,0,30,30,443.76,0,0.6099,0,540,405,558.9,1.38,0,K_PREDICTION_NOT_COMMITTED
49,RegionD,0.4,308.566667,308.966667,395.47733376,693.935,395.47733376,-0,0,0,0,0,180,118.45766624,-180,90,90,284.8,222.14,0.4658,0,1472,720,921.6,1.28,0,K_PREDICTION_NOT_COMMITTED
49,RegionE,1.2,305.973333,307.173333,383.96666625,693.935,383.96666625,-0,0,0,0,0,220,89.9683337499999,-220,82,82,251.68,196.31,0.244,0,1012,560,700,1.25,0,K_PREDICTION_NOT_COMMITTED
49,RegionF,0,316.678333,316.678333,402.18148291,693.935,402.18148291,-0,0,0,0,0,220,71.7535170899999,-220,85,85,264.93,206.65,0.2883,0,966,540,685.8,1.27,0,K_PREDICTION_NOT_COMMITTED
50,RegionA,0.72,367.556,368.276,497.1726,725,451.063524768269,53.890924768269,0,53.890924768269,46.109075231731,0,0,220.045550463462,0,35,35,476.85,0,0.6857,0,630,420,567,1.35,0,K_PREDICTION_NOT_COMMITTED
50,RegionB,18.7653333333334,375.368667,394.134000333333,532.08090045,725,490.582732741442,48.5018322914421,0,48.5018322914421,41.4981677085579,0,0,185.915434967116,0,32,32,456.98,0,0.6414,0,585,410,553.5,1.35,0,K_PREDICTION_NOT_COMMITTED
50,RegionC,28.173,361.685333,389.858333,538.00449954,725,498.811785593029,45.8072860530287,0,45.8072860530287,39.1927139469713,0,0,180.380928353943,0,30,30,443.73,0,0.6083,0,540,405,558.9,1.38,0,K_PREDICTION_NOT_COMMITTED
50,RegionD,0.0133333333333326,373.227333,373.240666333333,477.748052906667,725,477.748052906667,-0,0,0,0,0,180,67.2519470933333,-180,90,90,284.78,222.13,0.4645,0,1472,720,921.6,1.28,0,K_PREDICTION_NOT_COMMITTED
50,RegionE,1.28,317.958667,319.238667,399.04833375,725,399.04833375,-0,0,0,0,0,220,105.95166625,-220,82,82,251.67,196.3,0.2433,0,1012,560,700,1.25,0,K_PREDICTION_NOT_COMMITTED
50,RegionF,0,357.371,357.371,453.86117,725,453.86117,-0,0,0,0,0,220,51.13883,-220,85,85,264.91,206.63,0.2875,0,966,540,685.8,1.27,0,K_PREDICTION_NOT_COMMITTED
51,RegionA,0.688,368.969,369.657,499.03695,761.175,452.927874768269,53.890924768269,0,53.890924768269,46.109075231731,0,0,254.356200463462,0,35,35,476.81,0,0.6805,0,630,420,567,1.35,0,K_PREDICTION_NOT_COMMITTED
51,RegionB,3.85733333333333,374.812667,378.670000333333,511.20450045,761.175,469.706332741442,48.5018322914421,0,48.5018322914421,41.4981677085579,0,0,242.966834967116,0,32,32,456.94,0,0.6366,0,585,410,553.5,1.35,0,K_PREDICTION_NOT_COMMITTED
51,RegionC,25.1393333333333,351.342,376.481333333333,519.54424,761.175,480.351526053029,45.8072860530287,0,45.8072860530287,39.1927139469713,0,0,235.016187893943,0,30,30,443.7,0,0.6037,0,540,405,558.9,1.38,0,K_PREDICTION_NOT_COMMITTED
51,RegionD,0,394.837667,394.837667,505.39221376,761.175,505.39221376,-0,0,0,0,0,180,75.78278624,-180,90,90,284.76,222.11,0.461,0,1472,720,921.6,1.28,0,K_PREDICTION_NOT_COMMITTED
51,RegionE,0.449333333333333,399.896,400.345333333333,500.431666666667,761.175,500.431666666667,-0,0,0,0,0,220,40.7433333333332,-220,82,82,251.65,196.29,0.2415,0,1012,560,700,1.25,0,K_PREDICTION_NOT_COMMITTED
51,RegionF,0.4,360.258667,360.658667,458.03650709,761.175,458.03650709,-0,0,0,0,0,220,83.13849291,-220,85,85,264.89,206.61,0.2854,0,966,540,685.8,1.27,0,K_PREDICTION_NOT_COMMITTED
52,RegionA,0.430666666666667,367.018667,367.449333666667,496.05660045,800,449.947525218269,53.890924768269,0,53.890924768269,46.109075231731,0,0,296.161550013462,0,35,35,476.76,0,0.6724,0,630,420,567,1.35,0,K_PREDICTION_NOT_COMMITTED
52,RegionB,26.9026666666667,373.632,400.534666666667,540.7218,800,499.223632291442,48.5018322914421,0,48.5018322914421,41.4981677085579,0,0,252.274535417116,0,32,32,456.89,0,0.629,0,585,410,553.5,1.35,0,K_PREDICTION_NOT_COMMITTED
52,RegionC,9.60366666666669,354.712333,364.315999666667,502.75607954,800,463.563365593029,45.8072860530287,0,45.8072860530287,39.1927139469713,0,0,290.629348353943,0,30,30,443.65,0,0.5965,0,540,405,558.9,1.38,0,K_PREDICTION_NOT_COMMITTED
52,RegionD,0,405.689,405.689,519.28192,800,519.28192,-0,0,0,0,0,180,100.71808,-180,90,90,284.73,222.09,0.4555,0,1472,720,921.6,1.28,0,K_PREDICTION_NOT_COMMITTED
52,RegionE,0.0946666666666664,420.4,420.494666666667,525.618333333333,800,525.618333333333,-0,0,0,0,0,220,54.3816666666667,-220,82,82,251.62,196.26,0.2386,0,1012,560,700,1.25,0,K_PREDICTION_NOT_COMMITTED
52,RegionF,0.96,404.673667,405.633667,515.15475709,800,515.15475709,-0,0,0,0,0,220,64.84524291,-220,85,85,264.87,206.6,0.282,0,966,540,685.8,1.27,0,K_PREDICTION_NOT_COMMITTED
53,RegionA,50.4506666666667,365.62,416.070666666667,561.6954,838.825,515.586324768269,53.890924768269,0,53.890924768269,46.109075231731,0,0,269.347750463462,0,35,35,476.7,0,0.6618,0,630,420,567,1.35,0,K_PREDICTION_NOT_COMMITTED
53,RegionB,26.9893333333333,374.350667,401.340000333333,541.80900045,838.825,500.310832741442,48.5018322914421,0,48.5018322914421,41.4981677085579,0,0,290.012334967116,0,32,32,456.84,0,0.6191,0,585,410,553.5,1.35,0,K_PREDICTION_NOT_COMMITTED
53,RegionC,4.40766666666666,350.66,355.067666666667,489.99338,838.825,450.800666053029,45.8072860530287,0,45.8072860530287,39.1927139469713,0,0,342.217047893943,0,30,30,443.6,0,0.5871,0,540,405,558.9,1.38,0,K_PREDICTION_NOT_COMMITTED
53,RegionD,0,394.26,394.26,504.6528,838.825,504.6528,-0,0,0,0,0,180,154.1722,-180,90,90,284.7,222.07,0.4483,0,1472,720,921.6,1.28,0,K_PREDICTION_NOT_COMMITTED
53,RegionE,0.0306666666666666,374.23,374.260666666667,467.825833333333,838.825,467.825833333333,-0,0,0,0,0,220,150.999166666667,-220,82,82,251.59,196.24,0.2348,0,1012,560,700,1.25,0,K_PREDICTION_NOT_COMMITTED
53,RegionF,38.72,412.111333,450.831333,572.55579291,838.825,572.55579291,46.2692070900001,0,46.2692070900001,0,0,220,0,-220,85,128.4930546646,264.83,206.57,0.2775,0,966,540,685.8,1.27,0,K_PREDICTION_NOT_COMMITTED
54,RegionA,51.2,363.447333,414.647333,559.77389955,875,513.664824318269,53.890924768269,0,53.890924768269,46.109075231731,0,0,307.444250913462,0,35,35,476.63,0,0.6496,0,630,420,567,1.35,0,K_PREDICTION_NOT_COMMITTED
54,RegionB,27.1626666666667,376.582,403.744666666667,545.0553,875,503.557132291442,48.5018322914421,0,48.5018322914421,41.4981677085579,0,0,322.941035417116,0,32,32,456.77,0,0.6077,0,585,410,553.5,1.35,0,K_PREDICTION_NOT_COMMITTED
54,RegionC,43.7026666666667,352.974667,396.677333666667,547.41472046,875,508.222006513029,45.8072860530287,0,45.8072860530287,39.1927139469713,0,0,320.970707433943,0,30,30,443.53,0,0.5763,0,540,405,558.9,1.38,0,K_PREDICTION_NOT_COMMITTED
54,RegionD,0,383.845333,383.845333,491.32202624,875,491.32202624,-0,0,0,0,0,180,203.67797376,-180,90,90,284.66,222.03,0.44,0,1472,720,921.6,1.28,0,K_PREDICTION_NOT_COMMITTED
54,RegionE,0,394.69,394.69,493.3625,875,493.3625,-0,0,0,0,0,220,161.6375,-220,82,82,251.56,196.22,0.2305,0,1012,560,700,1.25,0,K_PREDICTION_NOT_COMMITTED
54,RegionF,119.52,410.888667,530.408667,673.61900709,875,535.427490262512,111.808483172512,0,111.808483172512,138.191516827488,0,220,7.76402656497601,-220,128.4930546646,85,264.8,206.54,0.2724,0,966,540,685.8,1.27,0,K_PREDICTION_NOT_COMMITTED
55,RegionA,21.2586666666666,384.070667,405.329333666667,547.19460045,906.065,501.085525218269,53.890924768269,0,53.890924768269,46.109075231731,0,0,351.088550013462,0,35,35,733.16,0,0.6364,0,630,420,567,1.35,0,K_PREDICTION_NOT_COMMITTED
55,RegionB,42.1253333333333,362.800667,404.926000333333,546.65010045,906.065,505.151932741442,48.5018322914421,0,48.5018322914421,41.4981677085579,0,0,352.411234967116,0,32,32,702.62,0,0.5954,0,585,410,553.5,1.35,0,K_PREDICTION_NOT_COMMITTED
55,RegionC,28.9713333333333,364.162333,393.133666333333,542.52445954,906.065,503.331745593029,45.8072860530287,0,45.8072860530287,39.1927139469713,0,0,356.925968353943,0,30,30,682.25,0,0.5646,0,540,405,558.9,1.38,0,K_PREDICTION_NOT_COMMITTED
55,RegionD,4.4,381.221333,385.621333,493.59530624,906.065,493.59530624,-0,0,0,0,0,180,232.46969376,-180,90,90,437.86,341.53,0.4311,0,1472,720,921.6,1.28,0,K_PREDICTION_NOT_COMMITTED
55,RegionE,152.54,360.728,513.268,641.585,906.065,641.585,-0,0,0,0,0,220,44.48,-220,82,82,386.95,301.82,0.2258,0,1012,560,700,1.25,0,K_PREDICTION_NOT_COMMITTED
55,RegionF,129.346666666667,397.77,527.116666666667,669.438166666667,906.065,669.438166666667,-0,0,0,0,0,220,16.6268333333334,-220,85,85,407.31,317.7,0.2669,0,966,540,685.8,1.27,0,K_PREDICTION_NOT_COMMITTED
56,RegionA,4.98399999999998,395.708,400.692,540.9342,929.905,494.825124768269,53.890924768269,0,53.890924768269,46.109075231731,0,0,381.188950463462,0,35,35,733.03,0,0.6233,0,630,420,567,1.35,0,K_PREDICTION_NOT_COMMITTED
56,RegionB,36.976,363.474667,400.450667,540.60840045,929.905,499.110232741442,48.5018322914421,0,48.5018322914421,41.4981677085579,0,0,382.292934967116,0,32,32,702.49,0,0.5831,0,585,410,553.5,1.35,0,K_PREDICTION_NOT_COMMITTED
56,RegionC,5.10599999999997,369.144,374.25,516.465,929.905,477.272286053029,45.8072860530287,0,45.8072860530287,39.1927139469713,0,0,406.825427893943,0,30,30,682.13,0,0.5529,0,540,405,558.9,1.38,0,K_PREDICTION_NOT_COMMITTED
56,RegionD,211.857333333333,354.405333,566.262666333333,724.816212906667,929.905,724.816212906667,-0,0,0,0,0,180,25.0887870933333,-180,90,90,437.78,341.47,0.4222,0,1472,720,921.6,1.28,0,K_PREDICTION_NOT_COMMITTED
56,RegionE,152.54,328.697333,481.237333,601.54666625,929.905,601.54666625,-0,0,0,0,0,220,108.35833375,-220,82,82,386.88,301.77,0.2212,0,1012,560,700,1.25,0,K_PREDICTION_NOT_COMMITTED
56,RegionF,138.732,390.491,529.223,672.11321,929.905,672.11321,-0,0,0,0,0,220,37.79179,-220,85,85,407.24,317.65,0.2614,0,966,540,685.8,1.27,0,K_PREDICTION_NOT_COMMITTED
57,RegionA,19.9826666666667,394.839,414.821666666667,560.00925,944.89,513.900174768269,53.890924768269,0,53.890924768269,46.109075231731,0,0,377.098900463462,0,35,35,732.89,0,0.6109,0,630,420,567,1.35,0,K_PREDICTION_NOT_COMMITTED
57,RegionB,55.2453333333333,350.683333,405.928666333333,548.00369955,944.89,506.505531841442,48.5018322914421,0,48.5018322914421,41.4981677085579,0,0,389.882635867116,0,32,32,702.35,0,0.5715,0,585,410,553.5,1.35,0,K_PREDICTION_NOT_COMMITTED
57,RegionC,3.512,380.521333,384.033333,529.96599954,944.89,490.773285593029,45.8072860530287,0,45.8072860530287,39.1927139469713,0,0,408.309428353943,0,30,30,682,0,0.542,0,540,405,558.9,1.38,0,K_PREDICTION_NOT_COMMITTED
57,RegionD,198.607333333333,283.035333,481.642666333333,616.502612906667,944.89,616.502612906667,-0,0,0,0,0,180,148.387387093333,-180,90,90,437.7,341.41,0.4139,0,1472,720,921.6,1.28,0,K_PREDICTION_NOT_COMMITTED
57,RegionE,153.24,326.703333,479.943333,599.92916625,944.89,599.92916625,-0,0,0,0,0,220,124.96083375,-220,82,82,386.8,301.7,0.2168,0,1012,560,700,1.25,0,K_PREDICTION_NOT_COMMITTED
57,RegionF,106.533333333333,367.804,474.337333333333,602.408413333333,944.89,602.408413333333,-0,0,0,0,0,220,122.481586666667,-220,85,85,407.16,317.58,0.2562,0,966,540,685.8,1.27,0,K_PREDICTION_NOT_COMMITTED
58,RegionA,19.728,393.742,413.47,558.1845,950,512.075424768269,53.890924768269,0,53.890924768269,46.109075231731,0,0,384.033650463462,0,35,35,732.74,0,0.6003,0,630,420,567,1.35,0,K_PREDICTION_NOT_COMMITTED
58,RegionB,47.224,352.103333,399.327333,539.09189955,950,497.593731841442,48.5018322914421,0,48.5018322914421,41.4981677085579,0,0,403.904435867116,0,32,32,702.2,0,0.5616,0,585,410,553.5,1.35,0,K_PREDICTION_NOT_COMMITTED
58,RegionC,20.0253333333333,375.805667,395.831000333333,546.24678046,950,507.054066513029,45.8072860530287,0,45.8072860530287,39.1927139469713,0,0,397.138647433943,0,30,30,681.85,0,0.5325,0,540,405,558.9,1.38,0,K_PREDICTION_NOT_COMMITTED
58,RegionD,211.688,250.433,462.121,591.51488,950,591.51488,-0,0,0,0,0,180,178.48512,-180,90,90,437.61,341.34,0.4067,0,1472,720,921.6,1.28,0,K_PREDICTION_NOT_COMMITTED
58,RegionE,147.793333333333,345.775,493.568333333333,616.960416666667,950,616.960416666667,-0,0,0,0,0,220,113.039583333333,-220,82,82,386.72,301.64,0.213,0,1012,560,700,1.25,0,K_PREDICTION_NOT_COMMITTED
58,RegionF,92.84,348.414667,441.254667,560.39342709,950,560.39342709,-0,0,0,0,0,220,169.60657291,-220,85,85,407.08,317.52,0.2517,0,966,540,685.8,1.27,0,K_PREDICTION_NOT_COMMITTED
59,RegionA,50.72,355.772667,406.492667,548.76510045,944.89,502.656025218269,53.890924768269,0,53.890924768269,46.109075231731,0,0,388.343050013462,0,35,35,732.57,0,0.592,0,630,420,567,1.35,0,K_PREDICTION_NOT_COMMITTED
59,RegionB,54.4733333333334,336.06,390.533333333333,527.22,944.89,485.721832291442,48.5018322914421,0,48.5018322914421,41.4981677085579,0,0,410.666335417116,0,32,32,702.04,0,0.5538,0,585,410,553.5,1.35,0,K_PREDICTION_NOT_COMMITTED
59,RegionC,36.824,366.89,403.714,557.12532,944.89,517.932606053029,45.8072860530287,0,45.8072860530287,39.1927139469713,0,0,381.150107893943,0,30,30,681.69,0,0.5252,0,540,405,558.9,1.38,0,K_PREDICTION_NOT_COMMITTED
59,RegionD,209.491333333333,265.384667,474.876000333333,607.841280426667,944.89,607.841280426667,-0,0,0,0,0,180,157.048719573333,-180,90,90,437.51,341.26,0.401,0,1472,720,921.6,1.28,0,K_PREDICTION_NOT_COMMITTED
59,RegionE,145.936666666667,328.249333,474.185999666667,592.732499583333,944.89,592.732499583333,132.157500416667,0,132.157500416667,0,0,220,0,-220,82,206.228050391667,386.63,301.57,0.2101,0,1012,560,700,1.25,0,K_PREDICTION_NOT_COMMITTED
59,RegionF,146.430666666667,340.433333,486.863999666667,618.317279576667,944.89,618.317279576667,106.572720423333,0,106.572720423333,0,0,220,0,-220,85,185.178357197933,406.98,317.44,0.2483,0,966,540,685.8,1.27,0,K_PREDICTION_NOT_COMMITTED
60,RegionA,67.6943333333333,342.323333,410.017666333333,553.52384955,929.905,507.414774318269,53.890924768269,0,53.890924768269,46.109075231731,0,0,368.599300913462,0,35,35,732.39,0,0.5866,0,630,420,567,1.35,0,K_PREDICTION_NOT_COMMITTED
60,RegionB,38.0986666666667,334.288333,372.386999666667,502.72244955,929.905,461.224281841442,48.5018322914421,0,48.5018322914421,41.4981677085579,0,0,420.178885867116,0,32,32,701.87,0,0.5488,0,585,410,553.5,1.35,0,K_PREDICTION_NOT_COMMITTED
60,RegionC,55.404,317.704333,373.108333,514.88949954,929.905,475.696785593029,45.8072860530287,0,45.8072860530287,39.1927139469713,0,0,408.400928353943,0,30,30,681.53,0,0.5204,0,540,405,558.9,1.38,0,K_PREDICTION_NOT_COMMITTED
60,RegionD,206.151,198.047667,404.198667,517.37429376,929.905,517.37429376,-0,0,0,0,0,180,232.53070624,-180,90,90,437.4,341.17,0.3974,0,1472,720,921.6,1.28,0,K_PREDICTION_NOT_COMMITTED
60,RegionE,59.0520000000002,295.396667,354.448667,443.06083375,929.905,269.47205621065,66.4112224606499,0,66.4112224606499,173.58877753935,0,220,374.0217213287,-220,206.228050391667,82,386.54,301.5,0.2082,0,1012,560,700,1.25,0,K_PREDICTION_NOT_COMMITTED
60,RegionF,26.3006666666667,330.826,357.126666666667,453.550866666667,929.905,287.231438540491,83.6805718738245,0,83.6805718738245,166.319428126175,0,220,338.992989585684,-220,185.178357197933,85,406.88,317.37,0.246,0,966,540,685.8,1.27,0,K_PREDICTION_NOT_COMMITTED
61,RegionA,62.9766666666667,339.249667,402.226333666667,543.00555045,906.065,496.896475218269,53.890924768269,0,53.890924768269,46.109075231731,0,0,355.277600013462,0,35,35,732.19,0,0.5845,0,630,420,567,1.35,0,K_PREDICTION_NOT_COMMITTED
61,RegionB,11.7066666666667,328.121,339.827666666667,458.76735,906.065,417.269182291442,48.5018322914421,0,48.5018322914421,41.4981677085579,0,0,440.293985417116,0,32,32,701.69,0,0.5468,0,585,410,553.5,1.35,0,K_PREDICTION_NOT_COMMITTED
61,RegionC,54.132,316.767,370.899,511.84062,906.065,472.647906053029,45.8072860530287,0,45.8072860530287,39.1927139469713,0,0,387.609807893943,0,30,30,681.35,0,0.5185,0,540,405,558.9,1.38,0,K_PREDICTION_NOT_COMMITTED
61,RegionD,201.473,175.836,377.309,482.95552,906.065,482.95552,-0,0,0,0,0,180,243.10948,-180,90,90,437.28,341.08,0.396,0,1472,720,921.6,1.28,0,K_PREDICTION_NOT_COMMITTED
61,RegionE,0.766000000000003,285.347,286.113,357.64125,906.065,245.695886644969,128.054636644969,0,128.054636644969,111.945363355031,0,220,312.314476710063,-220,82,82,386.44,301.42,0.2074,0,1012,560,700,1.25,0,K_PREDICTION_NOT_COMMITTED
61,RegionF,0.0426666666666665,312.475667,312.518333666667,396.898283756667,906.065,280.288530261842,133.390246505176,0,133.390246505176,116.609753494824,0,220,272.386223232982,-220,85,85,406.77,317.28,0.2451,0,966,540,685.8,1.27,0,K_PREDICTION_NOT_COMMITTED
62,RegionA,80.3546666666667,308.241,388.595666666667,524.60415,875,478.495074768269,53.890924768269,0,53.890924768269,46.109075231731,0,0,342.614000463462,0,35,35,731.99,0,0.5857,0,630,420,567,1.35,0,K_PREDICTION_NOT_COMMITTED
62,RegionB,65.5706666666667,311.455333,377.025999666667,508.98509955,875,467.486931841442,48.5018322914421,0,48.5018322914421,41.4981677085579,0,0,359.011235867116,0,32,32,701.49,0,0.5479,0,585,410,553.5,1.35,0,K_PREDICTION_NOT_COMMITTED
62,RegionC,51.1823333333333,298.518,349.700333333333,482.58646,875,443.393746053029,45.8072860530287,0,45.8072860530287,39.1927139469713,0,0,385.798967893943,0,30,30,681.16,0,0.5196,0,540,405,558.9,1.38,0,K_PREDICTION_NOT_COMMITTED
62,RegionD,172.210333333333,204.373333,376.583666333333,482.027092906667,875,482.027092906667,-0,0,0,0,0,180,212.972907093333,-180,90,90,437.16,340.98,0.3968,0,1472,720,921.6,1.28,0,K_PREDICTION_NOT_COMMITTED
62,RegionE,0.280000000000001,271.802333,272.082333,340.10291625,875,228.157552894968,128.054636644969,0,128.054636644969,111.945363355031,0,220,298.787810460063,-220,82,82,386.33,301.34,0.2078,0,1012,560,700,1.25,0,K_PREDICTION_NOT_COMMITTED
62,RegionF,0,286.006,286.006,363.22762,875,246.617866505175,133.390246505176,0,133.390246505176,116.609753494824,0,220,274.991886989649,-220,85,85,406.66,317.19,0.2456,0,966,540,685.8,1.27,0,K_PREDICTION_NOT_COMMITTED
63,RegionA,47.2760000000001,286.419667,333.695667,450.48915045,838.825,404.380075218269,53.890924768269,0,53.890924768269,46.109075231731,0,0,380.554000013462,0,35,35,731.77,0,0.5902,0,630,420,567,1.35,0,K_PREDICTION_NOT_COMMITTED
63,RegionB,65.64,279.583667,345.223667,466.05195045,838.825,424.553782741442,48.5018322914421,0,48.5018322914421,41.4981677085579,0,0,365.769384967116,0,32,32,701.28,0,0.5521,0,585,410,553.5,1.35,0,K_PREDICTION_NOT_COMMITTED
63,RegionC,15.531,259.678667,275.209667,379.78934046,838.825,340.596626513029,45.8072860530287,0,45.8072860530287,39.1927139469713,-2.1316282072803e-14,0,452.421087433943,-2.1316282072803e-14,30,30,680.96,0,0.5236,-1.11612052933197e-14,540,405,558.9,1.38,0,K_PREDICTION_NOT_COMMITTED
63,RegionD,205.582,144.096667,349.678667,447.58869376,838.825,447.58869376,211.23630624,0,211.23630624,0,0,180,0,-180,90,288.5621278656,437.03,340.88,0.3998,0,1472,720,921.6,1.28,0,K_PREDICTION_NOT_COMMITTED
63,RegionE,2.8,237.860667,240.660667,300.82583375,838.825,188.880470394969,128.054636644969,0,128.054636644969,111.945363355031,0,220,301.889892960063,-220,82,82,386.21,301.24,0.2094,0,1012,560,700,1.25,0,K_PREDICTION_NOT_COMMITTED
63,RegionF,4.48,241.45,245.93,312.3311,838.825,195.721346505176,133.390246505176,0,133.390246505176,116.609753494824,0,220,289.713406989649,-220,85,85,406.54,317.1,0.2475,0,966,540,685.8,1.27,0,K_PREDICTION_NOT_COMMITTED
64,RegionA,20.9466666666667,236.52,257.466666666667,347.58,800,301.470924768269,53.890924768269,0,53.890924768269,46.109075231731,-1.4210854715202e-14,0,444.638150463462,-1.4210854715202e-14,35,35,731.55,0,0.5976,-8.49240677780472e-15,630,420,567,1.35,0,K_PREDICTION_NOT_COMMITTED
64,RegionB,79.788,245.72,325.508,439.4358,800,397.937632291442,48.5018322914421,0,48.5018322914421,41.4981677085579,0,0,353.560535417116,0,32,32,701.07,0,0.559,0,585,410,553.5,1.35,0,K_PREDICTION_NOT_COMMITTED
64,RegionC,0.728,227.540667,228.268667,315.01076046,800,275.818046513029,45.8072860530287,0,45.8072860530287,39.1927139469713,-2.1316282072803e-14,0,478.374667433943,-2.1316282072803e-14,30,30,680.75,0,0.5301,-1.12997611267929e-14,540,405,558.9,1.38,0,K_PREDICTION_NOT_COMMITTED
64,RegionD,128.919333333333,76.120667,205.040000333333,262.451200426667,800,42.6482023928347,40.1970019661679,0,40.1970019661679,219.802998033832,0,180,537.154795640997,-180,288.5621278656,90,436.9,340.78,0.4048,0,1472,720,921.6,1.28,0,K_PREDICTION_NOT_COMMITTED
64,RegionE,3.2,227.440667,230.640667,288.30083375,800,176.355470394969,128.054636644969,0,128.054636644969,111.945363355031,0,220,275.589892960063,-220,82,82,386.1,301.16,0.212,0,1012,560,700,1.25,0,K_PREDICTION_NOT_COMMITTED
64,RegionF,137.512,226.945333,364.457333,462.86081291,800,462.86081291,-0,0,0,0,0,220,117.13918709,-220,85,85,406.42,317.01,0.2506,0,966,540,685.8,1.27,0,K_PREDICTION_NOT_COMMITTED
65,RegionA,18.96,239.890667,258.850667,349.44840045,761.175,303.339325218269,53.890924768269,0,53.890924768269,46.109075231731,-1.4210854715202e-14,0,403.944750013462,-1.4210854715202e-14,35,35,1060.4,0,0.6073,-8.63025206854218e-15,630,420,567,1.35,0,K_PREDICTION_NOT_COMMITTED
65,RegionB,42.7533333333333,227.763333,270.516666333333,365.19749955,761.175,323.699331841442,48.5018322914421,0,48.5018322914421,41.4981677085579,1.4210854715202e-14,0,388.973835867116,1.4210854715202e-14,32,32,1016.22,0,0.5681,8.07318656370626e-15,585,410,553.5,1.35,0,K_PREDICTION_NOT_COMMITTED
65,RegionC,20.4426666666667,245.517333,265.959999666667,367.02479954,761.175,327.832085593029,45.8072860530287,0,45.8072860530287,39.1927139469713,-2.1316282072803e-14,0,387.535628353943,-2.1316282072803e-14,30,30,986.76,0,0.5388,-1.14852127808263e-14,540,405,558.9,1.38,0,K_PREDICTION_NOT_COMMITTED
65,RegionD,80.68,94.344667,175.024667,224.03157376,761.175,102.757430125383,138.725856365383,0,138.725856365383,121.274143634617,0,180,339.691713509235,-180,90,90,633.3,493.97,0.4114,0,1472,720,921.6,1.28,0,K_PREDICTION_NOT_COMMITTED
65,RegionE,128.638,208.96,337.598,421.9975,761.175,421.9975,-0,0,0,0,0,220,119.1775,-220,82,82,559.66,436.53,0.2155,0,1012,560,700,1.25,0,K_PREDICTION_NOT_COMMITTED
65,RegionF,144.328666666667,170.062,314.390666666667,399.276146666667,761.175,399.276146666667,-0,0,0,0,0,220,141.898853333333,-220,85,85,589.11,459.51,0.2547,0,966,540,685.8,1.27,0,K_PREDICTION_NOT_COMMITTED
66,RegionA,75.2,209.495333,284.695333,384.33869955,725,338.229624318269,53.890924768269,0,53.890924768269,46.109075231731,-1.4210854715202e-14,0,332.879450913462,-1.4210854715202e-14,35,35,1060.05,0,0.6188,-8.793676897767e-15,630,420,567,1.35,0,K_PREDICTION_NOT_COMMITTED
66,RegionB,78.905,236.126667,315.031667,425.29275045,725,383.794582741442,48.5018322914421,0,48.5018322914421,41.4981677085579,1.4210854715202e-14,0,292.703584967116,1.4210854715202e-14,32,32,1015.88,0,0.5788,8.22524270915892e-15,585,410,553.5,1.35,0,K_PREDICTION_NOT_COMMITTED
66,RegionC,80.62,220.44,301.06,415.4628,725,376.270086053029,45.8072860530287,0,45.8072860530287,39.1927139469713,-2.1316282072803e-14,0,302.922627893943,-2.1316282072803e-14,30,30,986.43,0,0.5489,-1.17005072297616e-14,540,405,558.9,1.38,0,K_PREDICTION_NOT_COMMITTED
66,RegionD,215.635666666667,82.288,297.923666666667,381.342293333334,725,381.342293333334,163.657706666666,0,163.657706666666,0,0,180,0,-180,90,243.838244266666,633.08,493.8,0.4192,0,1472,720,921.6,1.28,0,K_PREDICTION_NOT_COMMITTED
66,RegionE,109.697333333333,185.9,295.597333333333,369.496666666667,725,369.496666666667,4.32013214539004,0,4.32013214539004,0,0,220,131.183201187943,-220,82,86.0609242166666,559.47,436.39,0.2196,0,1012,560,700,1.25,0,K_PREDICTION_NOT_COMMITTED
66,RegionF,55.1566666666668,177.836333,232.992999666667,295.901109576667,725,295.901109576667,209.098890423333,0,209.098890423333,0,0,220,0,-220,85,281.552956997933,588.91,459.35,0.2595,0,966,540,685.8,1.27,0,K_PREDICTION_NOT_COMMITTED
67,RegionA,80.3240000000001,168.972,249.296,336.5496,693.935,290.440524768269,53.890924768269,0,53.890924768269,46.109075231731,-1.4210854715202e-14,0,349.603550463462,-1.4210854715202e-14,35,35,1059.68,0,0.631,-8.96704932529246e-15,630,420,567,1.35,0,K_PREDICTION_NOT_COMMITTED
67,RegionB,66.5326666666668,198.035333,264.567999666667,357.16679955,693.935,315.668631841442,48.5018322914421,0,48.5018322914421,41.4981677085579,1.4210854715202e-14,0,329.764535867116,1.4210854715202e-14,32,32,1015.52,0,0.5903,8.38866753838374e-15,585,410,553.5,1.35,0,K_PREDICTION_NOT_COMMITTED
67,RegionC,81.44,231.301667,312.741667,431.58350046,693.935,392.390786513029,45.8072860530287,0,45.8072860530287,39.1927139469713,0,0,255.736927433943,0,30,30,986.09,0,0.5598,0,540,405,558.9,1.38,0,K_PREDICTION_NOT_COMMITTED
67,RegionD,31.0543333333334,107.298333,138.352666333333,177.091412906667,693.935,-0,82.9085870933332,0,82.9085870933332,177.091412906667,0,180,431.026412906667,-180,243.838244266666,131.35144204121,632.86,493.63,0.4275,0,1472,720,921.6,1.28,0,K_PREDICTION_NOT_COMMITTED
67,RegionE,122.480666666667,195.692,318.172666666667,397.715833333333,693.935,397.715833333333,76.2191666666667,0,76.2191666666667,0,0,220,0,-220,86.0609242166666,157.706940883333,559.27,436.23,0.2239,0,1012,560,700,1.25,0,K_PREDICTION_NOT_COMMITTED
67,RegionF,0.591999999999966,158.181333,158.773333,201.64213291,693.935,39.2174692604012,87.5753363504013,-0,87.5753363504013,162.424663649599,0,220,347.142194389197,-220,281.552956997933,189.2235972,588.71,459.19,0.2646,0,966,540,685.8,1.27,0,K_PREDICTION_NOT_COMMITTED
68,RegionA,82.2453333333334,228.786667,311.032000333333,419.89320045,670.095,391.63279950152,71.7395990515197,0,71.7395990515197,28.2604009484803,1.77635683940025e-14,0,206.722601446961,1.77635683940025e-14,35,71,1059.29,0,0.6433,1.14273035478618e-14,630,420,567,1.35,0,K_PREDICTION_NOT_COMMITTED
68,RegionB,51.78,263.133,314.913,425.13255,670.095,401.929273431774,66.7967234317741,0,66.7967234317741,23.2032765682259,2.8421709430404e-14,0,201.369003136452,2.8421709430404e-14,32,68.9,1015.16,0,0.6018,1.71041847352171e-14,585,410,553.5,1.35,0,K_PREDICTION_NOT_COMMITTED
68,RegionC,81.6786666666667,253.163333,334.841999666667,462.08195954,670.095,439.176160876495,62.0942013364949,0,62.0942013364949,22.9057986635051,0,0,168.82463778701,0,30,62.85,985.73,0,0.5707,0,540,405,558.9,1.38,0,K_PREDICTION_NOT_COMMITTED
68,RegionD,1.04033333333334,125.310333,126.350666333333,161.728852906667,670.095,119.858730714087,218.12987780742,0,218.12987780742,41.8701221925797,0,180,152.106391478493,-180,131.35144204121,291.37189041397,632.63,493.45,0.4358,0,1472,720,921.6,1.28,0,K_PREDICTION_NOT_COMMITTED
68,RegionE,25.0096666666667,197.27,222.279666666667,277.849583333333,670.095,277.849583333333,172.245416666667,0,172.245416666667,0,0,220,0,-220,157.706940883333,319.61763255,559.07,436.07,0.2283,0,1012,560,700,1.25,0,K_PREDICTION_NOT_COMMITTED
68,RegionF,0,177.382,177.382,225.27514,670.095,225.27514,224.81986,0,224.81986,0,0,220,0,-220,189.2235972,400.5542656,588.5,459.03,0.2698,0,966,540,685.8,1.27,0,K_PREDICTION_NOT_COMMITTED
69,RegionA,46.5173333333334,211.915,258.432333333333,348.88365,655.11,348.88365,100,0,100,-0,0,0,206.22635,0,71,164,1058.9,0,0.6547,0,630,420,567,1.35,0,K_PREDICTION_NOT_COMMITTED
69,RegionB,74.5426666666667,244.470667,319.013333666667,430.66800045,655.11,430.66800045,90,0,90,-0,0,0,134.44199955,0,68.9,152.6,1014.78,0,0.6125,0,585,410,553.5,1.35,0,K_PREDICTION_NOT_COMMITTED
69,RegionC,77.2813333333333,244.86,322.141333333333,444.55504,655.11,444.55504,85,0,85,-0,0,0,125.55496,0,62.85,141.9,985.36,0,0.5808,0,540,405,558.9,1.38,0,K_PREDICTION_NOT_COMMITTED
69,RegionD,0,143.030667,143.030667,183.07925376,655.11,183.07925376,260,0,260,0,0,180,32.03074624,-180,291.37189041397,535.77189041397,632.4,493.27,0.4435,0,1472,720,921.6,1.28,0,K_PREDICTION_NOT_COMMITTED
69,RegionE,1.12,188.409333,189.529333,236.91166625,655.11,236.91166625,198.19833375,0,198.19833375,0,0,220,0,-220,319.61763255,505.924066275,558.86,435.91,0.2323,0,1012,560,700,1.25,0,K_PREDICTION_NOT_COMMITTED
69,RegionF,0,212.939333,212.939333,270.43295291,655.11,270.43295291,164.67704709,0,164.67704709,0,0,220,0,-220,400.5542656,555.3506898646,588.28,458.86,0.2745,0,966,540,685.8,1.27,0,K_PREDICTION_NOT_COMMITTED
70,RegionA,37.4,227.495333,264.895333,357.60869955,650,357.60869955,100,0,100,-0,0,0,192.39130045,0,164,257,656.99,0,0.6644,0,630,420,567,1.35,0,K_PREDICTION_NOT_COMMITTED
70,RegionB,67.3973333333334,265.599,332.996333333333,449.54505,650,449.54505,90,0,90,-0,0,0,110.45495,0,152.6,236.3,629.62,0,0.6215,0,585,410,553.5,1.35,0,K_PREDICTION_NOT_COMMITTED
70,RegionC,28.0430000000001,267.538333,295.581333,407.90223954,650,407.90223954,85,0,85,-0,0,0,157.09776046,0,141.9,220.95,611.37,0,0.5894,0,540,405,558.9,1.38,0,K_PREDICTION_NOT_COMMITTED
70,RegionD,0,188,188,240.64,650,225.32,244.68,0,244.68,15.32,0,180,0,-180,535.77189041397,749.2979721344,392.37,306.05,0.4501,0,1472,720,921.6,1.28,0,K_PREDICTION_NOT_COMMITTED
70,RegionE,1.064,184.696,185.76,232.2,650,232.2,197.8,0,197.8,0,0,220,0,-220,505.924066275,691.856066275,346.75,270.47,0.2357,0,1012,560,700,1.25,0,K_PREDICTION_NOT_COMMITTED
70,RegionF,0,218.657667,218.657667,277.69523709,650,277.69523709,152.30476291,0,152.30476291,0,0,220,0,-220,555.3506898646,698.517167,365,284.7,0.2786,0,966,540,685.8,1.27,0,K_PREDICTION_NOT_COMMITTED
71,RegionA,58.376,318.438667,376.814667,508.69980045,655.11,508.69980045,100,0,100,-0,0,0,46.41019955,0,257,350,656.73,0,0.6716,0,630,420,567,1.35,0,K_PREDICTION_NOT_COMMITTED
71,RegionB,39.0976666666667,322.898667,361.996333666667,488.69505045,655.11,488.69505045,90,0,90,-0,0,0,76.41494955,0,236.3,320,629.37,0,0.6283,0,585,410,553.5,1.35,0,K_PREDICTION_NOT_COMMITTED
71,RegionC,4.72266666666671,289.031,293.753666666667,405.38006,655.11,405.38006,85,0,85,-0,0,0,164.72994,0,220.95,300,611.13,0,0.5958,0,540,405,558.9,1.38,0,K_PREDICTION_NOT_COMMITTED
71,RegionD,0,245.928667,245.928667,314.78869376,655.11,314.78869376,160.32130624,0,160.32130624,0,0,180,0,-180,749.2979721344,900,392.22,305.93,0.455,0,1472,720,921.6,1.28,0,K_PREDICTION_NOT_COMMITTED
71,RegionE,0.88,238.149333,239.029333,298.78666625,655.11,298.78666625,136.32333375,0,136.32333375,0,0,220,0,-220,691.856066275,820,346.61,270.36,0.2383,0,1012,560,700,1.25,0,K_PREDICTION_NOT_COMMITTED
71,RegionF,0,215.715,215.715,273.95805,655.11,273.95805,161.15195,0,161.15195,0,0,220,0,-220,698.517167,850,364.85,284.58,0.2817,0,966,540,685.8,1.27,0,K_PREDICTION_NOT_COMMITTED
48,RegionA,20.54,299.653667,320.193667,432.26145045,670.095,332.26145045,-0,0,0,100,-0,0,337.83354955,-0,205.304347826087,96.6086956521739,476.9,0,0.686,-0,630,420,567,1.35,24,K_PREDICTION_NOT_COMMITTED
48,RegionB,4.88533333333335,319.901333,324.786666333333,438.46199955,670.095,348.46199955,0,0,0,90,0,0,321.63300045,0,179.795652173913,81.9695652173913,457.03,0,0.6418,0,585,410,553.5,1.35,24,K_PREDICTION_NOT_COMMITTED
48,RegionC,35.7466666666667,294.181667,329.928333666667,455.30110046,670.095,370.30110046,0,0,0,85,0,0,299.79389954,0,300,207.608695652174,443.78,0,0.6086,0,540,405,558.9,1.38,24,K_PREDICTION_NOT_COMMITTED
48,RegionD,18.98,286.583333,305.563333,391.12106624,670.095,131.12106624,-0,0,0,260,0,180,358.97393376,-180,900,620.430107526882,284.81,222.15,0.4647,0,1472,720,921.6,1.28,24,K_PREDICTION_NOT_COMMITTED
48,RegionE,32.9039999999999,280.196,313.1,391.375,670.095,279.429636644968,128.054636644968,0,128.054636644968,111.945363355031,0,220,42.6107267100631,-220,82,82,251.7,196.33,0.2434,0,1012,560,700,1.25,24,K_PREDICTION_NOT_COMMITTED
48,RegionF,75.08,316.846667,391.926667,497.74686709,670.095,348.920933545,101.174066455,0,101.174066455,148.825933545,0,220,0,-220,149.924263064558,85,264.94,206.65,0.2877,0,966,540,685.8,1.27,24,K_PREDICTION_NOT_COMMITTED
49,RegionA,20.844,353.456667,374.300667,505.30590045,693.935,428.651449059614,23.3455486096141,0,23.3455486096141,76.6544513903859,0,0,241.938002330772,0,96.6086956521739,35,476.88,0,0.6876,0,630,420,567,1.35,24,K_PREDICTION_NOT_COMMITTED
49,RegionB,2.35333333333333,355.685667,358.039000333333,483.35265045,693.935,417.079746806974,23.7270963569735,0,23.7270963569735,66.2729036430265,0,0,253.128156836053,0,81.9695652173913,32,457.01,0,0.6432,0,585,410,553.5,1.35,24,K_PREDICTION_NOT_COMMITTED
49,RegionC,33.5506666666666,340.5,374.050666666667,516.18992,693.935,431.18992,0,0,0,85,0,0,262.74508,0,207.608695652174,115.217391304348,443.76,0,0.6099,0,540,405,558.9,1.38,24,K_PREDICTION_NOT_COMMITTED
49,RegionD,18.98,308.566667,327.546667,419.25973376,693.935,159.25973376,-0,0,0,260,0,180,354.67526624,-180,620.430107526882,340.860215053763,284.8,222.14,0.4658,0,1472,720,921.6,1.28,24,K_PREDICTION_NOT_COMMITTED
49,RegionE,10.9933333333334,305.973333,316.966666333333,396.208332916667,693.935,284.262969561635,128.054636644968,0,128.054636644968,111.945363355031,0,220,61.6173937933962,-220,82,82,251.68,196.31,0.244,0,1012,560,700,1.25,24,K_PREDICTION_NOT_COMMITTED
49,RegionF,42.2479999999999,316.678333,358.926333,455.83644291,693.935,339.226689415175,133.390246505176,0,133.390246505176,116.609753494824,0,220,1.31806407964897,-220,85,85,264.93,206.65,0.2883,0,966,540,685.8,1.27,24,K_PREDICTION_NOT_COMMITTED
50,RegionA,20.78,367.556,388.336,524.2536,725,478.144524768269,53.890924768269,0,53.890924768269,46.109075231731,0,0,192.964550463462,0,35,35,476.85,0,0.6857,0,630,420,567,1.35,24,K_PREDICTION_NOT_COMMITTED
50,RegionB,2.24,375.368667,377.608667,509.77170045,725,468.273532741442,48.5018322914421,0,48.5018322914421,41.4981677085579,0,0,208.224634967116,0,32,32,456.98,0,0.6414,0,585,410,553.5,1.35,24,K_PREDICTION_NOT_COMMITTED
50,RegionC,31.1213333333333,361.685333,392.806666333333,542.07319954,725,460.630000574706,3.55680103470574,0,3.55680103470574,81.4431989652943,0,0,260.813198390589,0,115.217391304348,30,443.73,0,0.6083,0,540,405,558.9,1.38,24,K_PREDICTION_NOT_COMMITTED
50,RegionD,16.6266666666667,373.227333,389.853999666667,499.013119573333,725,253.259197900086,14.2460783267527,0,14.2460783267527,245.753921673247,0,180,277.494723773161,-180,340.860215053763,90,284.78,222.13,0.4645,0,1472,720,921.6,1.28,24,K_PREDICTION_NOT_COMMITTED
50,RegionE,1.28,317.958667,319.238667,399.04833375,725,287.102970394969,128.054636644968,0,128.054636644968,111.945363355031,0,220,89.842392960063,-220,82,82,251.67,196.3,0.2433,0,1012,560,700,1.25,24,K_PREDICTION_NOT_COMMITTED
50,RegionF,16.36,357.371,373.731,474.63837,725,358.028616505176,133.390246505176,0,133.390246505176,116.609753494824,0,220,13.5811369896489,-220,85,85,264.91,206.63,0.2875,0,966,540,685.8,1.27,24,K_PREDICTION_NOT_COMMITTED
51,RegionA,20.748,368.969,389.717,526.11795,761.175,480.008874768269,53.890924768269,0,53.890924768269,46.109075231731,0,0,227.275200463462,0,35,35,476.81,0,0.6805,0,630,420,567,1.35,24,K_PREDICTION_NOT_COMMITTED
51,RegionB,3.85733333333333,374.812667,378.670000333333,511.20450045,761.175,469.706332741442,48.5018322914421,0,48.5018322914421,41.4981677085579,0,0,242.966834967116,0,32,32,456.94,0,0.6366,0,585,410,553.5,1.35,24,K_PREDICTION_NOT_COMMITTED
51,RegionC,29.8243333333333,351.342,381.166333333333,526.00954,761.175,486.816826053029,45.8072860530287,0,45.8072860530287,39.1927139469713,0,0,228.550887893943,0,30,30,443.7,0,0.6037,0,540,405,558.9,1.38,24,K_PREDICTION_NOT_COMMITTED
51,RegionD,15.65,394.837667,410.487667,525.42421376,761.175,404.150070125383,138.725856365383,0,138.725856365383,121.274143634617,0,180,38.2990735092348,-180,90,90,284.76,222.11,0.461,0,1472,720,921.6,1.28,24,K_PREDICTION_NOT_COMMITTED
51,RegionE,0.449333333333333,399.896,400.345333333333,500.431666666667,761.175,388.486303311635,128.054636644968,0,128.054636644968,111.945363355031,0,220,24.6340600433962,-220,82,82,251.65,196.29,0.2415,0,1012,560,700,1.25,24,K_PREDICTION_NOT_COMMITTED
51,RegionF,16.41,360.258667,376.668667,478.36920709,761.175,361.759453595176,133.390246505176,0,133.390246505176,116.609753494824,0,220,46.0252998996489,-220,85,85,264.89,206.61,0.2854,0,966,540,685.8,1.27,24,K_PREDICTION_NOT_COMMITTED
52,RegionA,8.65066666666671,367.018667,375.669333666667,507.15360045,800,461.044525218269,53.890924768269,0,53.890924768269,46.109075231731,0,0,285.064550013462,0,35,35,476.76,0,0.6724,0,630,420,567,1.35,24,K_PREDICTION_NOT_COMMITTED
52,RegionB,26.9026666666667,373.632,400.534666666667,540.7218,800,499.223632291442,48.5018322914421,0,48.5018322914421,41.4981677085579,0,0,252.274535417116,0,32,32,456.89,0,0.629,0,585,410,553.5,1.35,24,K_PREDICTION_NOT_COMMITTED
52,RegionC,27.5023333333334,354.712333,382.214666333333,527.45623954,800,488.263525593029,45.8072860530287,0,45.8072860530287,39.1927139469713,0,0,265.929188353943,0,30,30,443.65,0,0.5965,0,540,405,558.9,1.38,24,K_PREDICTION_NOT_COMMITTED
52,RegionD,7.15333333333335,405.689,412.842333333333,528.438186666667,800,407.164043032049,138.725856365383,0,138.725856365383,121.274143634617,0,180,74.1101006025681,-180,90,90,284.73,222.09,0.4555,0,1472,720,921.6,1.28,24,K_PREDICTION_NOT_COMMITTED
52,RegionE,0.0946666666666664,420.4,420.494666666667,525.618333333333,800,413.672969978302,128.054636644968,0,128.054636644968,111.945363355031,0,220,38.2723933767296,-220,82,82,251.62,196.26,0.2386,0,1012,560,700,1.25,24,K_PREDICTION_NOT_COMMITTED
52,RegionF,16.32,404.673667,420.993667,534.66195709,800,421.170156605527,136.508199515527,0,136.508199515527,113.491800484473,0,220,22.3216438789469,-220,85,91.2835134752687,264.87,206.6,0.282,0,966,540,685.8,1.27,24,K_PREDICTION_NOT_COMMITTED
53,RegionA,51.179,365.62,416.799,562.67865,838.825,516.569574768269,53.890924768269,0,53.890924768269,46.109075231731,0,0,268.364500463462,0,35,35,476.7,0,0.6618,0,630,420,567,1.35,24,K_PREDICTION_NOT_COMMITTED
53,RegionB,26.9893333333333,374.350667,401.340000333333,541.80900045,838.825,500.310832741442,48.5018322914421,0,48.5018322914421,41.4981677085579,0,0,290.012334967116,0,32,32,456.84,0,0.6191,0,585,410,553.5,1.35,24,K_PREDICTION_NOT_COMMITTED
53,RegionC,3.19466666666666,350.66,353.854666666667,488.31944,838.825,449.126726053029,45.8072860530287,0,45.8072860530287,39.1927139469713,0,0,343.890987893943,0,30,30,443.6,0,0.5871,0,540,405,558.9,1.38,24,K_PREDICTION_NOT_COMMITTED
53,RegionD,2.81633333333335,394.26,397.076333333333,508.257706666667,838.825,386.983563032049,138.725856365383,0,138.725856365383,121.274143634617,0,180,133.115580602568,-180,90,90,284.7,222.07,0.4483,0,1472,720,921.6,1.28,24,K_PREDICTION_NOT_COMMITTED
53,RegionE,0.0306666666666666,374.23,374.260666666667,467.825833333333,838.825,355.880469978302,128.054636644968,0,128.054636644968,111.945363355031,0,220,134.88989337673,-220,82,82,251.59,196.24,0.2348,0,1012,560,700,1.25,24,K_PREDICTION_NOT_COMMITTED
53,RegionF,38.976,412.111333,451.087333,572.88091291,838.825,470.852956455,147.972043545,0,147.972043545,102.027956455,0,220,0,-220,91.2835134752687,120.669754348429,264.83,206.57,0.2775,0,966,540,685.8,1.27,24,K_PREDICTION_NOT_COMMITTED
54,RegionA,51.2,363.447333,414.647333,559.77389955,875,513.664824318269,53.890924768269,0,53.890924768269,46.109075231731,0,0,307.444250913462,0,35,35,476.63,0,0.6496,0,630,420,567,1.35,24,K_PREDICTION_NOT_COMMITTED
54,RegionB,27.1626666666667,376.582,403.744666666667,545.0553,875,503.557132291442,48.5018322914421,0,48.5018322914421,41.4981677085579,0,0,322.941035417116,0,32,32,456.77,0,0.6077,0,585,410,553.5,1.35,24,K_PREDICTION_NOT_COMMITTED
54,RegionC,43.7026666666667,352.974667,396.677333666667,547.41472046,875,508.222006513029,45.8072860530287,0,45.8072860530287,39.1927139469713,0,0,320.970707433943,0,30,30,443.53,0,0.5763,0,540,405,558.9,1.38,24,K_PREDICTION_NOT_COMMITTED
54,RegionD,0,383.845333,383.845333,491.32202624,875,491.32202624,-0,0,0,0,0,180,203.67797376,-180,90,90,284.66,222.03,0.44,0,1472,720,921.6,1.28,24,K_PREDICTION_NOT_COMMITTED
54,RegionE,0,394.69,394.69,493.3625,875,493.3625,-0,0,0,0,0,220,161.6375,-220,82,82,251.56,196.22,0.2305,0,1012,560,700,1.25,24,K_PREDICTION_NOT_COMMITTED
54,RegionF,119.52,410.888667,530.408667,673.61900709,875,539.309503545,115.690496455,0,115.690496455,134.309503545,0,220,0,-220,120.669754348429,85,264.8,206.54,0.2724,0,966,540,685.8,1.27,24,K_PREDICTION_NOT_COMMITTED
55,RegionA,21.2586666666666,384.070667,405.329333666667,547.19460045,906.065,501.085525218269,53.890924768269,0,53.890924768269,46.109075231731,0,0,351.088550013462,0,35,35,733.16,0,0.6364,0,630,420,567,1.35,24,K_PREDICTION_NOT_COMMITTED
55,RegionB,42.1253333333333,362.800667,404.926000333333,546.65010045,906.065,505.151932741442,48.5018322914421,0,48.5018322914421,41.4981677085579,0,0,352.411234967116,0,32,32,702.62,0,0.5954,0,585,410,553.5,1.35,24,K_PREDICTION_NOT_COMMITTED
55,RegionC,28.9713333333333,364.162333,393.133666333333,542.52445954,906.065,503.331745593029,45.8072860530287,0,45.8072860530287,39.1927139469713,0,0,356.925968353943,0,30,30,682.25,0,0.5646,0,540,405,558.9,1.38,24,K_PREDICTION_NOT_COMMITTED
55,RegionD,4.4,381.221333,385.621333,493.59530624,906.065,493.59530624,-0,0,0,0,0,180,232.46969376,-180,90,90,437.86,341.53,0.4311,0,1472,720,921.6,1.28,24,K_PREDICTION_NOT_COMMITTED
55,RegionE,152.54,360.728,513.268,641.585,906.065,641.585,-0,0,0,0,0,220,44.48,-220,82,82,386.95,301.82,0.2258,0,1012,560,700,1.25,24,K_PREDICTION_NOT_COMMITTED
55,RegionF,129.346666666667,397.77,527.116666666667,669.438166666667,906.065,669.438166666667,-0,0,0,0,0,220,16.6268333333334,-220,85,85,407.31,317.7,0.2669,0,966,540,685.8,1.27,24,K_PREDICTION_NOT_COMMITTED
56,RegionA,4.98399999999998,395.708,400.692,540.9342,929.905,494.825124768269,53.890924768269,0,53.890924768269,46.109075231731,0,0,381.188950463462,0,35,35,733.03,0,0.6233,0,630,420,567,1.35,24,K_PREDICTION_NOT_COMMITTED
56,RegionB,36.976,363.474667,400.450667,540.60840045,929.905,499.110232741442,48.5018322914421,0,48.5018322914421,41.4981677085579,0,0,382.292934967116,0,32,32,702.49,0,0.5831,0,585,410,553.5,1.35,24,K_PREDICTION_NOT_COMMITTED
56,RegionC,5.10599999999997,369.144,374.25,516.465,929.905,477.272286053029,45.8072860530287,0,45.8072860530287,39.1927139469713,0,0,406.825427893943,0,30,30,682.13,0,0.5529,0,540,405,558.9,1.38,24,K_PREDICTION_NOT_COMMITTED
56,RegionD,211.857333333333,354.405333,566.262666333333,724.816212906667,929.905,724.816212906667,-0,0,0,0,0,180,25.0887870933333,-180,90,90,437.78,341.47,0.4222,0,1472,720,921.6,1.28,24,K_PREDICTION_NOT_COMMITTED
56,RegionE,152.54,328.697333,481.237333,601.54666625,929.905,601.54666625,-0,0,0,0,0,220,108.35833375,-220,82,82,386.88,301.77,0.2212,0,1012,560,700,1.25,24,K_PREDICTION_NOT_COMMITTED
56,RegionF,138.732,390.491,529.223,672.11321,929.905,672.11321,-0,0,0,0,0,220,37.79179,-220,85,85,407.24,317.65,0.2614,0,966,540,685.8,1.27,24,K_PREDICTION_NOT_COMMITTED
57,RegionA,19.9826666666667,394.839,414.821666666667,560.00925,944.89,513.900174768269,53.890924768269,0,53.890924768269,46.109075231731,0,0,377.098900463462,0,35,35,732.89,0,0.6109,0,630,420,567,1.35,24,K_PREDICTION_NOT_COMMITTED
57,RegionB,55.2453333333333,350.683333,405.928666333333,548.00369955,944.89,506.505531841442,48.5018322914421,0,48.5018322914421,41.4981677085579,0,0,389.882635867116,0,32,32,702.35,0,0.5715,0,585,410,553.5,1.35,24,K_PREDICTION_NOT_COMMITTED
57,RegionC,3.512,380.521333,384.033333,529.96599954,944.89,490.773285593029,45.8072860530287,0,45.8072860530287,39.1927139469713,0,0,408.309428353943,0,30,30,682,0,0.542,0,540,405,558.9,1.38,24,K_PREDICTION_NOT_COMMITTED
57,RegionD,198.607333333333,283.035333,481.642666333333,616.502612906667,944.89,616.502612906667,-0,0,0,0,0,180,148.387387093333,-180,90,90,437.7,341.41,0.4139,0,1472,720,921.6,1.28,24,K_PREDICTION_NOT_COMMITTED
57,RegionE,153.24,326.703333,479.943333,599.92916625,944.89,599.92916625,-0,0,0,0,0,220,124.96083375,-220,82,82,386.8,301.7,0.2168,0,1012,560,700,1.25,24,K_PREDICTION_NOT_COMMITTED
57,RegionF,106.533333333333,367.804,474.337333333333,602.408413333333,944.89,602.408413333333,-0,0,0,0,0,220,122.481586666667,-220,85,85,407.16,317.58,0.2562,0,966,540,685.8,1.27,24,K_PREDICTION_NOT_COMMITTED
58,RegionA,19.728,393.742,413.47,558.1845,950,512.075424768269,53.890924768269,0,53.890924768269,46.109075231731,0,0,384.033650463462,0,35,35,732.74,0,0.6003,0,630,420,567,1.35,24,K_PREDICTION_NOT_COMMITTED
58,RegionB,47.224,352.103333,399.327333,539.09189955,950,497.593731841442,48.5018322914421,0,48.5018322914421,41.4981677085579,0,0,403.904435867116,0,32,32,702.2,0,0.5616,0,585,410,553.5,1.35,24,K_PREDICTION_NOT_COMMITTED
58,RegionC,20.0253333333333,375.805667,395.831000333333,546.24678046,950,507.054066513029,45.8072860530287,0,45.8072860530287,39.1927139469713,0,0,397.138647433943,0,30,30,681.85,0,0.5325,0,540,405,558.9,1.38,24,K_PREDICTION_NOT_COMMITTED
58,RegionD,211.688,250.433,462.121,591.51488,950,591.51488,-0,0,0,0,0,180,178.48512,-180,90,90,437.61,341.34,0.4067,0,1472,720,921.6,1.28,24,K_PREDICTION_NOT_COMMITTED
58,RegionE,147.793333333333,345.775,493.568333333333,616.960416666667,950,616.960416666667,-0,0,0,0,0,220,113.039583333333,-220,82,82,386.72,301.64,0.213,0,1012,560,700,1.25,24,K_PREDICTION_NOT_COMMITTED
58,RegionF,92.84,348.414667,441.254667,560.39342709,950,560.39342709,-0,0,0,0,0,220,169.60657291,-220,85,85,407.08,317.52,0.2517,0,966,540,685.8,1.27,24,K_PREDICTION_NOT_COMMITTED
59,RegionA,50.72,355.772667,406.492667,548.76510045,944.89,502.656025218269,53.890924768269,0,53.890924768269,46.109075231731,0,0,388.343050013462,0,35,35,732.57,0,0.592,0,630,420,567,1.35,24,K_PREDICTION_NOT_COMMITTED
59,RegionB,54.4733333333334,336.06,390.533333333333,527.22,944.89,485.721832291442,48.5018322914421,0,48.5018322914421,41.4981677085579,0,0,410.666335417116,0,32,32,702.04,0,0.5538,0,585,410,553.5,1.35,24,K_PREDICTION_NOT_COMMITTED
59,RegionC,36.824,366.89,403.714,557.12532,944.89,517.932606053029,45.8072860530287,0,45.8072860530287,39.1927139469713,0,0,381.150107893943,0,30,30,681.69,0,0.5252,0,540,405,558.9,1.38,24,K_PREDICTION_NOT_COMMITTED
59,RegionD,209.491333333333,265.384667,474.876000333333,607.841280426667,944.89,607.841280426667,-0,0,0,0,0,180,157.048719573333,-180,90,90,437.51,341.26,0.401,0,1472,720,921.6,1.28,24,K_PREDICTION_NOT_COMMITTED
59,RegionE,145.936666666667,328.249333,474.185999666667,592.732499583333,944.89,592.732499583333,132.157500416667,0,132.157500416667,0,0,220,0,-220,82,206.228050391667,386.63,301.57,0.2101,0,1012,560,700,1.25,24,K_PREDICTION_NOT_COMMITTED
59,RegionF,146.430666666667,340.433333,486.863999666667,618.317279576667,944.89,618.317279576667,106.572720423333,0,106.572720423333,0,0,220,0,-220,85,185.178357197933,406.98,317.44,0.2483,0,966,540,685.8,1.27,24,K_PREDICTION_NOT_COMMITTED
60,RegionA,67.6943333333333,342.323333,410.017666333333,553.52384955,929.905,507.414774318269,53.890924768269,0,53.890924768269,46.109075231731,0,0,368.599300913462,0,35,35,732.39,0,0.5866,0,630,420,567,1.35,24,K_PREDICTION_NOT_COMMITTED
60,RegionB,38.0986666666667,334.288333,372.386999666667,502.72244955,929.905,461.224281841442,48.5018322914421,0,48.5018322914421,41.4981677085579,0,0,420.178885867116,0,32,32,701.87,0,0.5488,0,585,410,553.5,1.35,24,K_PREDICTION_NOT_COMMITTED
60,RegionC,55.404,317.704333,373.108333,514.88949954,929.905,475.696785593029,45.8072860530287,0,45.8072860530287,39.1927139469713,0,0,408.400928353943,0,30,30,681.53,0,0.5204,0,540,405,558.9,1.38,24,K_PREDICTION_NOT_COMMITTED
60,RegionD,206.151,198.047667,404.198667,517.37429376,929.905,517.37429376,-0,0,0,0,0,180,232.53070624,-180,90,90,437.4,341.17,0.3974,0,1472,720,921.6,1.28,24,K_PREDICTION_NOT_COMMITTED
60,RegionE,59.0520000000002,295.396667,354.448667,443.06083375,929.905,269.47205621065,66.4112224606499,0,66.4112224606499,173.58877753935,0,220,374.0217213287,-220,206.228050391667,82,386.54,301.5,0.2082,0,1012,560,700,1.25,24,K_PREDICTION_NOT_COMMITTED
60,RegionF,26.3006666666667,330.826,357.126666666667,453.550866666667,929.905,287.231438540491,83.6805718738245,0,83.6805718738245,166.319428126175,0,220,338.992989585684,-220,185.178357197933,85,406.88,317.37,0.246,0,966,540,685.8,1.27,24,K_PREDICTION_NOT_COMMITTED
61,RegionA,62.9766666666667,339.249667,402.226333666667,543.00555045,906.065,496.896475218269,53.890924768269,0,53.890924768269,46.109075231731,0,0,355.277600013462,0,35,35,732.19,0,0.5845,0,630,420,567,1.35,24,K_PREDICTION_NOT_COMMITTED
61,RegionB,11.7066666666667,328.121,339.827666666667,458.76735,906.065,417.269182291442,48.5018322914421,0,48.5018322914421,41.4981677085579,0,0,440.293985417116,0,32,32,701.69,0,0.5468,0,585,410,553.5,1.35,24,K_PREDICTION_NOT_COMMITTED
61,RegionC,54.132,316.767,370.899,511.84062,906.065,472.647906053029,45.8072860530287,0,45.8072860530287,39.1927139469713,0,0,387.609807893943,0,30,30,681.35,0,0.5185,0,540,405,558.9,1.38,24,K_PREDICTION_NOT_COMMITTED
61,RegionD,201.473,175.836,377.309,482.95552,906.065,482.95552,-0,0,0,0,0,180,243.10948,-180,90,90,437.28,341.08,0.396,0,1472,720,921.6,1.28,24,K_PREDICTION_NOT_COMMITTED
61,RegionE,0.766000000000003,285.347,286.113,357.64125,906.065,245.695886644969,128.054636644969,0,128.054636644969,111.945363355031,0,220,312.314476710063,-220,82,82,386.44,301.42,0.2074,0,1012,560,700,1.25,24,K_PREDICTION_NOT_COMMITTED
61,RegionF,0.0426666666666665,312.475667,312.518333666667,396.898283756667,906.065,280.288530261842,133.390246505176,0,133.390246505176,116.609753494824,0,220,272.386223232982,-220,85,85,406.77,317.28,0.2451,0,966,540,685.8,1.27,24,K_PREDICTION_NOT_COMMITTED
62,RegionA,80.3546666666667,308.241,388.595666666667,524.60415,875,478.495074768269,53.890924768269,0,53.890924768269,46.109075231731,0,0,342.614000463462,0,35,35,731.99,0,0.5857,0,630,420,567,1.35,24,K_PREDICTION_NOT_COMMITTED
62,RegionB,65.5706666666667,311.455333,377.025999666667,508.98509955,875,467.486931841442,48.5018322914421,0,48.5018322914421,41.4981677085579,0,0,359.011235867116,0,32,32,701.49,0,0.5479,0,585,410,553.5,1.35,24,K_PREDICTION_NOT_COMMITTED
62,RegionC,51.1823333333333,298.518,349.700333333333,482.58646,875,443.393746053029,45.8072860530287,0,45.8072860530287,39.1927139469713,0,0,385.798967893943,0,30,30,681.16,0,0.5196,0,540,405,558.9,1.38,24,K_PREDICTION_NOT_COMMITTED
62,RegionD,172.210333333333,204.373333,376.583666333333,482.027092906667,875,482.027092906667,-0,0,0,0,0,180,212.972907093333,-180,90,90,437.16,340.98,0.3968,0,1472,720,921.6,1.28,24,K_PREDICTION_NOT_COMMITTED
62,RegionE,0.280000000000001,271.802333,272.082333,340.10291625,875,228.157552894968,128.054636644969,0,128.054636644969,111.945363355031,0,220,298.787810460063,-220,82,82,386.33,301.34,0.2078,0,1012,560,700,1.25,24,K_PREDICTION_NOT_COMMITTED
62,RegionF,0,286.006,286.006,363.22762,875,246.617866505175,133.390246505176,0,133.390246505176,116.609753494824,0,220,274.991886989649,-220,85,85,406.66,317.19,0.2456,0,966,540,685.8,1.27,24,K_PREDICTION_NOT_COMMITTED
63,RegionA,47.2760000000001,286.419667,333.695667,450.48915045,838.825,404.380075218269,53.890924768269,0,53.890924768269,46.109075231731,0,0,380.554000013462,0,35,35,731.77,0,0.5902,0,630,420,567,1.35,24,K_PREDICTION_NOT_COMMITTED
63,RegionB,65.64,279.583667,345.223667,466.05195045,838.825,424.553782741442,48.5018322914421,0,48.5018322914421,41.4981677085579,0,0,365.769384967116,0,32,32,701.28,0,0.5521,0,585,410,553.5,1.35,24,K_PREDICTION_NOT_COMMITTED
63,RegionC,15.531,259.678667,275.209667,379.78934046,838.825,340.596626513029,45.8072860530287,0,45.8072860530287,39.1927139469713,-2.1316282072803e-14,0,452.421087433943,-2.1316282072803e-14,30,30,680.96,0,0.5236,-1.11612052933197e-14,540,405,558.9,1.38,24,K_PREDICTION_NOT_COMMITTED
63,RegionD,205.582,144.096667,349.678667,447.58869376,838.825,447.58869376,211.23630624,0,211.23630624,0,0,180,0,-180,90,288.5621278656,437.03,340.88,0.3998,0,1472,720,921.6,1.28,24,K_PREDICTION_NOT_COMMITTED
63,RegionE,2.8,237.860667,240.660667,300.82583375,838.825,188.880470394969,128.054636644969,0,128.054636644969,111.945363355031,0,220,301.889892960063,-220,82,82,386.21,301.24,0.2094,0,1012,560,700,1.25,24,K_PREDICTION_NOT_COMMITTED
63,RegionF,4.48,241.45,245.93,312.3311,838.825,195.721346505176,133.390246505176,0,133.390246505176,116.609753494824,0,220,289.713406989649,-220,85,85,406.54,317.1,0.2475,0,966,540,685.8,1.27,24,K_PREDICTION_NOT_COMMITTED
64,RegionA,20.9466666666667,236.52,257.466666666667,347.58,800,301.470924768269,53.890924768269,0,53.890924768269,46.109075231731,-1.4210854715202e-14,0,444.638150463462,-1.4210854715202e-14,35,35,731.55,0,0.5976,-8.49240677780472e-15,630,420,567,1.35,24,K_PREDICTION_NOT_COMMITTED
64,RegionB,79.788,245.72,325.508,439.4358,800,439.4358,90,0,90,0,0,0,270.5642,0,32,115.7,701.07,0,0.559,0,585,410,553.5,1.35,24,K_PREDICTION_NOT_COMMITTED
64,RegionC,0.728,227.540667,228.268667,315.01076046,800,275.818046513029,45.8072860530287,0,45.8072860530287,39.1927139469713,-2.1316282072803e-14,0,478.374667433943,-2.1316282072803e-14,30,30,680.75,0,0.5301,-1.12997611267929e-14,540,405,558.9,1.38,24,K_PREDICTION_NOT_COMMITTED
64,RegionD,128.919333333333,76.120667,205.040000333333,262.451200426667,800,42.6482023928347,40.1970019661679,0,40.1970019661679,219.802998033832,0,180,537.154795640997,-180,288.5621278656,90,436.9,340.78,0.4048,0,1472,720,921.6,1.28,24,K_PREDICTION_NOT_COMMITTED
64,RegionE,3.2,227.440667,230.640667,288.30083375,800,176.355470394969,128.054636644969,0,128.054636644969,111.945363355031,0,220,275.589892960063,-220,82,82,386.1,301.16,0.212,0,1012,560,700,1.25,24,K_PREDICTION_NOT_COMMITTED
64,RegionF,137.512,226.945333,364.457333,462.86081291,800,462.86081291,-0,0,0,0,0,220,117.13918709,-220,85,85,406.42,317.01,0.2506,0,966,540,685.8,1.27,24,K_PREDICTION_NOT_COMMITTED
65,RegionA,18.96,239.890667,258.850667,349.44840045,761.175,303.339325218269,53.890924768269,0,53.890924768269,46.109075231731,-1.4210854715202e-14,0,403.944750013462,-1.4210854715202e-14,35,35,1060.4,0,0.6073,-8.63025206854218e-15,630,420,567,1.35,24,K_PREDICTION_NOT_COMMITTED
65,RegionB,42.7533333333333,227.763333,270.516666333333,365.19749955,761.175,282.201164132884,7.00366458288424,0,7.00366458288424,82.9963354171158,-2.8421709430404e-14,0,471.970171284231,-2.8421709430404e-14,115.7,32,1016.22,0,0.5681,-1.61463731274125e-14,585,410,553.5,1.35,24,K_PREDICTION_NOT_COMMITTED
65,RegionC,20.4426666666667,245.517333,265.959999666667,367.02479954,761.175,327.832085593029,45.8072860530287,0,45.8072860530287,39.1927139469713,-2.1316282072803e-14,0,387.535628353943,-2.1316282072803e-14,30,30,986.76,0,0.5388,-1.14852127808263e-14,540,405,558.9,1.38,24,K_PREDICTION_NOT_COMMITTED
65,RegionD,80.68,94.344667,175.024667,224.03157376,761.175,102.757430125383,138.725856365383,0,138.725856365383,121.274143634617,0,180,339.691713509235,-180,90,90,633.3,493.97,0.4114,0,1472,720,921.6,1.28,24,K_PREDICTION_NOT_COMMITTED
65,RegionE,128.638,208.96,337.598,421.9975,761.175,421.9975,-0,0,0,0,0,220,119.1775,-220,82,82,559.66,436.53,0.2155,0,1012,560,700,1.25,24,K_PREDICTION_NOT_COMMITTED
65,RegionF,144.328666666667,170.062,314.390666666667,399.276146666667,761.175,399.276146666667,-0,0,0,0,0,220,141.898853333333,-220,85,85,589.11,459.51,0.2547,0,966,540,685.8,1.27,24,K_PREDICTION_NOT_COMMITTED
66,RegionA,75.2,209.495333,284.695333,384.33869955,725,338.229624318269,53.890924768269,0,53.890924768269,46.109075231731,-1.4210854715202e-14,0,332.879450913462,-1.4210854715202e-14,35,35,1060.05,0,0.6188,-8.793676897767e-15,630,420,567,1.35,24,K_PREDICTION_NOT_COMMITTED
66,RegionB,78.905,236.126667,315.031667,425.29275045,725,383.794582741442,48.5018322914421,0,48.5018322914421,41.4981677085579,1.4210854715202e-14,0,292.703584967116,1.4210854715202e-14,32,32,1015.88,0,0.5788,8.22524270915892e-15,585,410,553.5,1.35,24,K_PREDICTION_NOT_COMMITTED
66,RegionC,80.62,220.44,301.06,415.4628,725,376.270086053029,45.8072860530287,0,45.8072860530287,39.1927139469713,-2.1316282072803e-14,0,302.922627893943,-2.1316282072803e-14,30,30,986.43,0,0.5489,-1.17005072297616e-14,540,405,558.9,1.38,24,K_PREDICTION_NOT_COMMITTED
66,RegionD,215.635666666667,82.288,297.923666666667,381.342293333334,725,381.342293333334,163.657706666666,0,163.657706666666,0,0,180,0,-180,90,243.838244266666,633.08,493.8,0.4192,0,1472,720,921.6,1.28,24,K_PREDICTION_NOT_COMMITTED
66,RegionE,109.697333333333,185.9,295.597333333333,369.496666666667,725,369.496666666667,-0,0,0,0,0,220,135.503333333333,-220,82,82,559.47,436.39,0.2196,0,1012,560,700,1.25,24,K_PREDICTION_NOT_COMMITTED
66,RegionF,55.1566666666668,177.836333,232.992999666667,295.901109576667,725,295.901109576667,182.301173072434,0,182.301173072434,0,0,220,26.7977173508991,-220,85,256.363102688088,588.91,459.35,0.2595,0,966,540,685.8,1.27,24,K_PREDICTION_NOT_COMMITTED
67,RegionA,80.3240000000001,168.972,249.296,336.5496,693.935,290.440524768269,53.890924768269,0,53.890924768269,46.109075231731,-1.4210854715202e-14,0,349.603550463462,-1.4210854715202e-14,35,35,1059.68,0,0.631,-8.96704932529246e-15,630,420,567,1.35,24,K_PREDICTION_NOT_COMMITTED
67,RegionB,66.5326666666668,198.035333,264.567999666667,357.16679955,693.935,315.668631841442,48.5018322914421,0,48.5018322914421,41.4981677085579,1.4210854715202e-14,0,329.764535867116,1.4210854715202e-14,32,32,1015.52,0,0.5903,8.38866753838374e-15,585,410,553.5,1.35,24,K_PREDICTION_NOT_COMMITTED
67,RegionC,81.44,231.301667,312.741667,431.58350046,693.935,392.390786513029,45.8072860530287,0,45.8072860530287,39.1927139469713,0,0,255.736927433943,0,30,30,986.09,0,0.5598,0,540,405,558.9,1.38,24,K_PREDICTION_NOT_COMMITTED
67,RegionD,31.0543333333334,107.298333,138.352666333333,177.091412906667,693.935,-0,82.9085870933332,0,82.9085870933332,177.091412906667,0,180,431.026412906667,-180,243.838244266666,131.35144204121,632.86,493.63,0.4275,0,1472,720,921.6,1.28,24,K_PREDICTION_NOT_COMMITTED
67,RegionE,122.480666666667,195.692,318.172666666667,397.715833333333,693.935,397.715833333333,-0,0,0,0,0,220,76.2191666666667,-220,82,82,559.27,436.23,0.2239,0,1012,560,700,1.25,24,K_PREDICTION_NOT_COMMITTED
67,RegionF,0.591999999999966,158.181333,158.773333,201.64213291,693.935,0,48.3578670900001,-0,48.3578670900001,201.64213291,0,220,425.57713291,-220,256.363102688088,85,588.71,459.19,0.2646,0,966,540,685.8,1.27,24,K_PREDICTION_NOT_COMMITTED
68,RegionA,82.2453333333334,228.786667,311.032000333333,419.89320045,670.095,373.784125218269,53.890924768269,0,53.890924768269,46.109075231731,-1.4210854715202e-14,0,242.419950013462,-1.4210854715202e-14,35,35,1059.29,0,0.6433,-9.14184283828945e-15,630,420,567,1.35,24,K_PREDICTION_NOT_COMMITTED
68,RegionB,51.78,263.133,314.913,425.13255,670.095,383.634382291442,48.5018322914421,0,48.5018322914421,41.4981677085579,1.4210854715202e-14,0,237.958785417116,1.4210854715202e-14,32,32,1015.16,0,0.6018,8.55209236760857e-15,585,410,553.5,1.35,24,K_PREDICTION_NOT_COMMITTED
68,RegionC,81.6786666666667,253.163333,334.841999666667,462.08195954,670.095,422.889245593029,45.8072860530287,0,45.8072860530287,39.1927139469713,0,0,201.398468353943,0,30,30,985.73,0,0.5707,0,540,405,558.9,1.38,24,K_PREDICTION_NOT_COMMITTED
68,RegionD,1.04033333333334,125.310333,126.350666333333,161.728852906667,670.095,19.9356392163856,118.206786309719,0,118.206786309719,141.793213690281,0,180,351.952574473896,-180,131.35144204121,90,632.63,493.45,0.4358,0,1472,720,921.6,1.28,24,K_PREDICTION_NOT_COMMITTED
68,RegionE,25.0096666666667,197.27,222.279666666667,277.849583333333,670.095,277.849583333333,-0,0,0,0,0,220,172.245416666667,-220,82,82,559.07,436.07,0.2283,0,1012,560,700,1.25,24,K_PREDICTION_NOT_COMMITTED
68,RegionF,0,177.382,177.382,225.27514,670.095,225.27514,-0,0,0,0,0,220,224.81986,-220,85,85,588.5,459.03,0.2698,0,966,540,685.8,1.27,24,K_PREDICTION_NOT_COMMITTED
69,RegionA,46.5173333333334,211.915,258.432333333333,348.88365,655.11,302.774574768269,53.890924768269,0,53.890924768269,46.109075231731,-1.4210854715202e-14,0,298.444500463462,-1.4210854715202e-14,35,35,1058.9,0,0.6547,-9.30384658204275e-15,630,420,567,1.35,24,K_PREDICTION_NOT_COMMITTED
69,RegionB,74.5426666666667,244.470667,319.013333666667,430.66800045,655.11,389.169832741442,48.5018322914421,0,48.5018322914421,41.4981677085579,0,0,217.438334967116,0,32,32,1014.78,0,0.6125,0,585,410,553.5,1.35,24,K_PREDICTION_NOT_COMMITTED
69,RegionC,77.2813333333333,244.86,322.141333333333,444.55504,655.11,405.362326053029,45.8072860530287,0,45.8072860530287,39.1927139469713,0,0,203.940387893943,0,30,30,985.36,0,0.5808,0,540,405,558.9,1.38,24,K_PREDICTION_NOT_COMMITTED
69,RegionD,0,143.030667,143.030667,183.07925376,655.11,61.8051101253826,138.725856365383,0,138.725856365383,121.274143634617,0,180,274.579033509235,-180,90,90,632.4,493.27,0.4435,0,1472,720,921.6,1.28,24,K_PREDICTION_NOT_COMMITTED
69,RegionE,1.12,188.409333,189.529333,236.91166625,655.11,236.91166625,-0,0,0,0,0,220,198.19833375,-220,82,82,558.86,435.91,0.2323,0,1012,560,700,1.25,24,K_PREDICTION_NOT_COMMITTED
69,RegionF,0,212.939333,212.939333,270.43295291,655.11,270.43295291,-0,0,0,0,0,220,164.67704709,-220,85,85,588.28,458.86,0.2745,0,966,540,685.8,1.27,24,K_PREDICTION_NOT_COMMITTED
70,RegionA,37.4,227.495333,264.895333,357.60869955,650,311.499624318269,53.890924768269,0,53.890924768269,46.109075231731,-1.4210854715202e-14,0,284.609450913462,-1.4210854715202e-14,35,35,656.99,0,0.6644,-9.44169187278021e-15,630,420,567,1.35,24,K_PREDICTION_NOT_COMMITTED
70,RegionB,67.3973333333334,265.599,332.996333333333,449.54505,650,408.046882291442,48.5018322914421,0,48.5018322914421,41.4981677085579,0,0,193.451285417116,0,32,32,629.62,0,0.6215,0,585,410,553.5,1.35,24,K_PREDICTION_NOT_COMMITTED
70,RegionC,28.0430000000001,267.538333,295.581333,407.90223954,650,368.709525593029,45.8072860530287,0,45.8072860530287,39.1927139469713,-2.1316282072803e-14,0,235.483188353943,-2.1316282072803e-14,30,30,611.37,0,0.5894,-1.25638166537101e-14,540,405,558.9,1.38,24,K_PREDICTION_NOT_COMMITTED
70,RegionD,0,188,188,240.64,650,119.365856365383,138.725856365383,0,138.725856365383,121.274143634617,0,180,211.908287269235,-180,90,90,392.37,306.05,0.4501,0,1472,720,921.6,1.28,24,K_PREDICTION_NOT_COMMITTED
70,RegionE,1.064,184.696,185.76,232.2,650,232.2,-0,0,0,0,0,220,197.8,-220,82,82,346.75,270.47,0.2357,0,1012,560,700,1.25,24,K_PREDICTION_NOT_COMMITTED
70,RegionF,0,218.657667,218.657667,277.69523709,650,277.69523709,-0,0,0,0,0,220,152.30476291,-220,85,85,365,284.7,0.2786,0,966,540,685.8,1.27,24,K_PREDICTION_NOT_COMMITTED
71,RegionA,58.376,318.438667,376.814667,508.69980045,655.11,462.590725218269,53.890924768269,0,53.890924768269,46.109075231731,0,0,138.628350013462,0,35,35,656.73,0,0.6716,0,630,420,567,1.35,24,K_PREDICTION_NOT_COMMITTED
71,RegionB,39.0976666666667,322.898667,361.996333666667,488.69505045,655.11,447.196882741442,48.5018322914421,0,48.5018322914421,41.4981677085579,0,0,159.411284967116,0,32,32,629.37,0,0.6283,0,585,410,553.5,1.35,24,K_PREDICTION_NOT_COMMITTED
71,RegionC,4.72266666666671,289.031,293.753666666667,405.38006,655.11,366.187346053029,45.8072860530287,0,45.8072860530287,39.1927139469713,-2.1316282072803e-14,0,243.115367893943,-2.1316282072803e-14,30,30,611.13,0,0.5958,-1.2700240858976e-14,540,405,558.9,1.38,24,K_PREDICTION_NOT_COMMITTED
71,RegionD,0,245.928667,245.928667,314.78869376,655.11,314.78869376,-0,0,0,0,0,180,160.32130624,-180,90,90,392.22,305.93,0.455,0,1472,720,921.6,1.28,24,K_PREDICTION_NOT_COMMITTED
71,RegionE,0.88,238.149333,239.029333,298.78666625,655.11,298.78666625,-0,0,0,0,0,220,136.32333375,-220,82,82,346.61,270.36,0.2383,0,1012,560,700,1.25,24,K_PREDICTION_NOT_COMMITTED
71,RegionF,0,215.715,215.715,273.95805,655.11,273.95805,-0,0,0,0,0,220,161.15195,-220,85,85,364.85,284.58,0.2817,0,966,540,685.8,1.27,24,K_PREDICTION_NOT_COMMITTED
72,RegionA,57.928,302.842667,360.770667,487.04040045,670.095,440.931325218269,53.890924768269,0,53.890924768269,46.109075231731,0,0,175.272750013462,0,35,35,474.12,0,0.676,0,630,420,567,1.35,24,K_PREDICTION_NOT_COMMITTED
72,RegionB,34.135,317.892,352.027,475.23645,670.095,433.738282291442,48.5018322914421,0,48.5018322914421,41.4981677085579,0,0,187.854885417116,0,32,32,454.36,0,0.6324,0,585,410,553.5,1.35,24,K_PREDICTION_NOT_COMMITTED
72,RegionC,0.313333333333331,341.601,341.914333333333,471.84178,670.095,432.649066053029,45.8072860530287,0,45.8072860530287,39.1927139469713,0,0,191.638647893943,0,30,30,441.19,0,0.5997,0,540,405,558.9,1.38,24,K_PREDICTION_NOT_COMMITTED
72,RegionD,0.56,291.69,292.25,374.08,670.095,374.08,-0,0,0,0,0,180,116.015,-180,90,90,283.15,220.86,0.4579,0,1472,720,921.6,1.28,24,K_PREDICTION_NOT_COMMITTED
72,RegionE,0.536,253.302,253.838,317.2975,670.095,317.2975,-0,0,0,0,0,220,132.7975,-220,82,82,250.23,195.18,0.2399,0,1012,560,700,1.25,24,K_PREDICTION_NOT_COMMITTED
72,RegionF,0,301.035333,301.035333,382.31487291,670.095,382.31487291,-0,0,0,0,0,220,67.7801270900001,-220,85,85,263.4,205.45,0.2835,0,966,540,685.8,1.27,24,K_PREDICTION_NOT_COMMITTED
73,RegionA,24.0160000000001,361.522,385.538,520.4763,693.935,474.367224768269,53.890924768269,0,53.890924768269,46.109075231731,0,0,165.676850463462,0,35,35,473.92,0,0.677,0,630,420,567,1.35,24,K_PREDICTION_NOT_COMMITTED
73,RegionB,20.7903333333334,368.093333,388.883666333333,524.99294955,693.935,483.494781841442,48.5018322914421,0,48.5018322914421,41.4981677085579,0,0,161.938385867116,0,32,32,454.17,0,0.6334,0,585,410,553.5,1.35,24,K_PREDICTION_NOT_COMMITTED
73,RegionC,1.71066666666667,365.13,366.840666666667,506.24012,693.935,467.047406053029,45.8072860530287,0,45.8072860530287,39.1927139469713,0,0,181.080307893943,0,30,30,441.01,0,0.6006,0,540,405,558.9,1.38,24,K_PREDICTION_NOT_COMMITTED
73,RegionD,0.56,365.628333,366.188333,468.72106624,693.935,468.72106624,-0,0,0,0,0,180,45.2139337599999,-180,90,90,283.03,220.76,0.4586,0,1472,720,921.6,1.28,24,K_PREDICTION_NOT_COMMITTED
73,RegionE,0.211999999999998,291.614,291.826,364.7825,693.935,364.7825,-0,0,0,0,0,220,109.1525,-220,82,82,250.12,195.09,0.2402,0,1012,560,700,1.25,24,K_PREDICTION_NOT_COMMITTED
73,RegionF,0,323.290667,323.290667,410.57914709,693.935,410.57914709,-0,0,0,0,0,220,63.35585291,-220,85,85,263.29,205.37,0.2839,0,966,540,685.8,1.27,24,K_PREDICTION_NOT_COMMITTED
74,RegionA,3.84000000000001,371.458667,375.298667,506.65320045,725,460.544125218269,53.890924768269,0,53.890924768269,46.109075231731,0,0,210.564950013462,0,35,35,473.72,0,0.6747,0,630,420,567,1.35,24,K_PREDICTION_NOT_COMMITTED
74,RegionB,18.228,367.508333,385.736333,520.74404955,725,479.245881841442,48.5018322914421,0,48.5018322914421,41.4981677085579,0,0,197.252285867116,0,32,32,453.98,0,0.6312,0,585,410,553.5,1.35,24,K_PREDICTION_NOT_COMMITTED
74,RegionC,2.28666666666667,377.063333,379.349999666667,523.50299954,725,484.310285593029,45.8072860530287,0,45.8072860530287,39.1927139469713,0,0,194.882428353943,0,30,30,440.82,0,0.5985,0,540,405,558.9,1.38,24,K_PREDICTION_NOT_COMMITTED
74,RegionD,0.56,331.47,332.03,424.9984,725,424.9984,-0,0,0,0,0,180,120.0016,-180,90,90,282.92,220.68,0.4571,0,1472,720,921.6,1.28,24,K_PREDICTION_NOT_COMMITTED
74,RegionE,0.48,299.294,299.774,374.7175,725,374.7175,-0,0,0,0,0,220,130.2825,-220,82,82,250.02,195.02,0.2394,0,1012,560,700,1.25,24,K_PREDICTION_NOT_COMMITTED
74,RegionF,0,392.428667,392.428667,498.38440709,725,498.38440709,-0,0,0,0,0,220,6.61559290999998,-220,85,85,263.18,205.28,0.2829,0,966,540,685.8,1.27,24,K_PREDICTION_NOT_COMMITTED
75,RegionA,1.22733333333332,377.1,378.327333333333,510.7419,761.175,464.632824768269,53.890924768269,0,53.890924768269,46.109075231731,0,0,242.651250463462,0,35,35,473.51,0,0.6691,0,630,420,567,1.35,24,K_PREDICTION_NOT_COMMITTED
75,RegionB,12.7439999999999,378.232,390.976,527.8176,761.175,486.319432291442,48.5018322914421,0,48.5018322914421,41.4981677085579,0,0,226.353735417116,0,32,32,453.78,0,0.6259,0,585,410,553.5,1.35,24,K_PREDICTION_NOT_COMMITTED
75,RegionC,2.30666666666666,380.682667,382.989333666667,528.52528046,761.175,489.332566513029,45.8072860530287,0,45.8072860530287,39.1927139469713,0,0,226.035147433943,0,30,30,440.63,0,0.5936,0,540,405,558.9,1.38,24,K_PREDICTION_NOT_COMMITTED
75,RegionD,0.56,310.046667,310.606667,397.57653376,761.175,397.57653376,-0,0,0,0,0,180,183.59846624,-180,90,90,282.79,220.58,0.4533,0,1472,720,921.6,1.28,24,K_PREDICTION_NOT_COMMITTED
75,RegionE,0.912000000000003,347.807333,348.719333,435.89916625,761.175,435.89916625,-0,0,0,0,0,220,105.27583375,-220,82,82,249.91,194.93,0.2374,0,1012,560,700,1.25,24,K_PREDICTION_NOT_COMMITTED
75,RegionF,0,385.849333,385.849333,490.02865291,761.175,490.02865291,-0,0,0,0,0,220,51.1463470899999,-220,85,85,263.06,205.19,0.2806,0,966,540,685.8,1.27,24,K_PREDICTION_NOT_COMMITTED
76,RegionA,0.365333333333333,385.21,385.575333333333,520.5267,800,474.417624768269,53.890924768269,0,53.890924768269,46.109075231731,0,0,271.691450463462,0,35,35,473.31,0,0.6606,0,630,420,567,1.35,24,K_PREDICTION_NOT_COMMITTED
76,RegionB,3.55066666666667,386.954667,390.505333666667,527.18220045,800,485.684032741442,48.5018322914421,0,48.5018322914421,41.4981677085579,0,0,265.814134967116,0,32,32,453.59,0,0.6179,0,585,410,553.5,1.35,24,K_PREDICTION_NOT_COMMITTED
76,RegionC,24.8,380.176,404.976,558.86688,800,519.674166053029,45.8072860530287,0,45.8072860530287,39.1927139469713,0,0,234.518547893943,0,30,30,440.44,0,0.586,0,540,405,558.9,1.38,24,K_PREDICTION_NOT_COMMITTED
76,RegionD,0.46,312.463333,312.923333,400.54186624,800,400.54186624,-0,0,0,0,0,180,219.45813376,-180,90,90,282.67,220.48,0.4475,0,1472,720,921.6,1.28,24,K_PREDICTION_NOT_COMMITTED
76,RegionE,0.48,353.893667,354.373667,442.96708375,800,442.96708375,-0,0,0,0,0,220,137.03291625,-220,82,82,249.8,194.84,0.2344,0,1012,560,700,1.25,24,K_PREDICTION_NOT_COMMITTED
76,RegionF,0,421.586,421.586,535.41422,800,535.41422,-0,0,0,0,0,220,44.58578,-220,85,85,262.95,205.1,0.277,0,966,540,685.8,1.27,24,K_PREDICTION_NOT_COMMITTED
77,RegionA,0.0679999999999995,373.84,373.908,504.7758,838.825,458.666724768269,53.890924768269,0,53.890924768269,46.109075231731,0,0,326.267350463462,0,35,35,473.1,0,0.6496,0,630,420,567,1.35,24,K_PREDICTION_NOT_COMMITTED
77,RegionB,21.1453333333333,386.617333,407.762666333333,550.47959955,838.825,508.981431841442,48.5018322914421,0,48.5018322914421,41.4981677085579,0,0,281.341735867116,0,32,32,453.38,0,0.6077,0,585,410,553.5,1.35,24,K_PREDICTION_NOT_COMMITTED
77,RegionC,30.884,370.138667,401.022667,553.41128046,838.825,514.218566513029,45.8072860530287,0,45.8072860530287,39.1927139469713,0,0,278.799147433943,0,30,30,440.24,0,0.5763,0,540,405,558.9,1.38,24,K_PREDICTION_NOT_COMMITTED
77,RegionD,0.32,345.211333,345.531333,442.28010624,838.825,442.28010624,216.54489376,0,216.54489376,0,0,180,0,-180,90,293.5522001344,282.54,220.38,0.4401,0,1472,720,921.6,1.28,24,K_PREDICTION_NOT_COMMITTED
77,RegionE,135.12,355.540667,490.660667,613.32583375,838.825,613.32583375,-0,0,0,0,0,220,5.49916625000003,-220,82,82,249.69,194.76,0.2305,0,1012,560,700,1.25,24,K_PREDICTION_NOT_COMMITTED
77,RegionF,0.5,410.823333,411.323333,522.38063291,838.825,522.38063291,-0,0,0,0,0,220,96.44436709,-220,85,85,262.83,205.01,0.2724,0,966,540,685.8,1.27,24,K_PREDICTION_NOT_COMMITTED
78,RegionA,11.0466666666667,372.316667,383.363333666667,517.54050045,875,471.431425218269,53.890924768269,0,53.890924768269,46.109075231731,0,0,349.677650013462,0,35,35,472.88,0,0.637,0,630,420,567,1.35,24,K_PREDICTION_NOT_COMMITTED
78,RegionB,21.2623333333333,388.683667,409.946000333333,553.42710045,875,511.928932741442,48.5018322914421,0,48.5018322914421,41.4981677085579,0,0,314.569234967116,0,32,32,453.18,0,0.5959,0,585,410,553.5,1.35,24,K_PREDICTION_NOT_COMMITTED
78,RegionC,30.9066666666667,371.694,402.600666666667,555.58892,875,516.396206053029,45.8072860530287,0,45.8072860530287,39.1927139469713,0,0,312.796507893943,0,30,30,440.04,0,0.5651,0,540,405,558.9,1.38,24,K_PREDICTION_NOT_COMMITTED
78,RegionD,0.32,361.534667,361.854667,463.17397376,875,463.17397376,231.82602624,0,231.82602624,0,0,180,0,-180,293.5522001344,511.4686648,282.42,220.29,0.4315,0,1472,720,921.6,1.28,24,K_PREDICTION_NOT_COMMITTED
78,RegionE,118.925333333333,400.903333,519.828666333333,649.785832916667,875,649.785832916667,-0,0,0,0,0,220,5.21416708333322,-220,82,82,249.58,194.67,0.226,0,1012,560,700,1.25,24,K_PREDICTION_NOT_COMMITTED
78,RegionF,0.825000000000003,418.821,419.646,532.95042,875,532.95042,-0,0,0,0,0,220,122.04958,-220,85,85,262.71,204.91,0.2671,0,966,540,685.8,1.27,24,K_PREDICTION_NOT_COMMITTED
79,RegionA,11.2,371.395333,382.595333,516.50369955,906.065,470.394624318269,53.890924768269,0,53.890924768269,46.109075231731,0,0,381.779450913462,0,35,35,727.18,0,0.6235,0,630,420,567,1.35,24,K_PREDICTION_NOT_COMMITTED
79,RegionB,13.2026666666666,386.321667,399.524333666667,539.35785045,906.065,497.859682741442,48.5018322914421,0,48.5018322914421,41.4981677085579,0,0,359.703484967116,0,32,32,696.88,0,0.5832,0,585,410,553.5,1.35,24,K_PREDICTION_NOT_COMMITTED
79,RegionC,45.328,350.975667,396.303667,546.89906046,906.065,507.706346513029,45.8072860530287,0,45.8072860530287,39.1927139469713,0,0,352.551367433943,0,30,30,676.68,0,0.5531,0,540,405,558.9,1.38,24,K_PREDICTION_NOT_COMMITTED
79,RegionD,226.82,415.188667,642.008667,821.77109376,906.065,642.07519948769,80.3041057276904,0,80.3041057276904,179.69589427231,0,180,3.68569478461927,-180,511.4686648,393.733132493373,434.29,338.75,0.4223,0,1472,720,921.6,1.28,24,K_PREDICTION_NOT_COMMITTED
79,RegionE,44.2066666666667,355.978,400.184666666667,500.230833333333,906.065,500.230833333333,-0,0,0,0,0,220,185.834166666667,-220,82,82,383.79,299.36,0.2212,0,1012,560,700,1.25,24,K_PREDICTION_NOT_COMMITTED
79,RegionF,0.5,409.726667,410.226667,520.98786709,906.065,520.98786709,-0,0,0,0,0,220,165.07713291,-220,85,85,403.99,315.11,0.2615,0,966,540,685.8,1.27,24,K_PREDICTION_NOT_COMMITTED
80,RegionA,11.76,381.298667,393.058667,530.62920045,929.905,484.520125218269,53.890924768269,0,53.890924768269,46.109075231731,0,0,391.493950013462,0,35,35,726.85,0,0.6099,0,630,420,567,1.35,24,K_PREDICTION_NOT_COMMITTED
80,RegionB,2.10533333333333,377.498667,379.604000333333,512.46540045,929.905,470.967232741442,48.5018322914421,0,48.5018322914421,41.4981677085579,0,0,410.435934967116,0,32,32,696.56,0,0.5706,0,585,410,553.5,1.35,24,K_PREDICTION_NOT_COMMITTED
80,RegionC,47.8986666666666,349.180333,397.078999666667,547.96901954,929.905,508.776305593029,45.8072860530287,0,45.8072860530287,39.1927139469713,0,0,375.321408353943,0,30,30,676.37,0,0.5411,0,540,405,558.9,1.38,24,K_PREDICTION_NOT_COMMITTED
80,RegionD,222.580666666667,425.475,648.055666666667,829.511253333333,929.905,569.511253333333,-0,0,0,260,0,180,180.393746666667,-180,393.733132493373,114.163240020255,434.09,338.59,0.4132,0,1472,720,921.6,1.28,24,K_PREDICTION_NOT_COMMITTED
80,RegionE,76.476,357.25,433.726,542.1575,929.905,542.1575,-0,0,0,0,0,220,167.7475,-220,82,82,383.61,299.22,0.2164,0,1012,560,700,1.25,24,K_PREDICTION_NOT_COMMITTED
80,RegionF,13.94,393.484,407.424,517.42848,929.905,517.42848,-0,0,0,0,0,220,192.47652,-220,85,85,403.81,314.97,0.2558,0,966,540,685.8,1.27,24,K_PREDICTION_NOT_COMMITTED
81,RegionA,10.332,387.717333,398.049333,537.36659955,944.89,491.257524318269,53.890924768269,0,53.890924768269,46.109075231731,0,0,399.741550913462,0,35,35,726.51,0,0.5973,0,630,420,567,1.35,24,K_PREDICTION_NOT_COMMITTED
81,RegionB,25.6,377.732,403.332,544.4982,944.89,503.000032291442,48.5018322914421,0,48.5018322914421,41.4981677085579,0,0,393.388135417116,0,32,32,696.24,0,0.5587,0,585,410,553.5,1.35,24,K_PREDICTION_NOT_COMMITTED
81,RegionC,48.854,350.472,399.326,551.06988,944.89,511.877166053029,45.8072860530287,0,45.8072860530287,39.1927139469713,0,0,387.205547893943,0,30,30,676.06,0,0.5298,0,540,405,558.9,1.38,24,K_PREDICTION_NOT_COMMITTED
81,RegionD,218.957333333333,383.713333,602.670666333333,771.418452906667,944.89,638.154226453333,126.735773546667,0,126.735773546667,133.264226453333,0,180,0,-180,114.163240020255,90,433.89,338.43,0.4046,0,1472,720,921.6,1.28,24,K_PREDICTION_NOT_COMMITTED
81,RegionE,63.961,384.276667,448.237667,560.29708375,944.89,560.29708375,-0,0,0,0,0,220,164.59291625,-220,82,82,383.44,299.08,0.2119,0,1012,560,700,1.25,24,K_PREDICTION_NOT_COMMITTED
81,RegionF,124.82,404.797,529.617,672.61359,944.89,672.61359,-0,0,0,0,0,220,52.2764099999998,-220,85,85,403.62,314.82,0.2505,0,966,540,685.8,1.27,24,K_PREDICTION_NOT_COMMITTED
82,RegionA,28.92,374.038,402.958,543.9933,950,497.884224768269,53.890924768269,0,53.890924768269,46.109075231731,0,0,398.224850463462,0,35,35,726.18,0,0.5863,0,630,420,567,1.35,24,K_PREDICTION_NOT_COMMITTED
82,RegionB,34.24,364.837,399.077,538.75395,950,497.255782291442,48.5018322914421,0,48.5018322914421,41.4981677085579,0,0,404.242385417116,0,32,32,695.92,0,0.5485,0,585,410,553.5,1.35,24,K_PREDICTION_NOT_COMMITTED
82,RegionC,12.5096666666666,347.185333,359.694999666667,496.37909954,950,457.186385593029,45.8072860530287,0,45.8072860530287,39.1927139469713,0,0,447.006328353943,0,30,30,675.75,0,0.5201,0,540,405,558.9,1.38,24,K_PREDICTION_NOT_COMMITTED
82,RegionD,214.24,371.632667,585.872667,749.91701376,950,749.91701376,-0,0,0,0,0,180,20.0829862399999,-180,90,90,433.69,338.28,0.3972,0,1472,720,921.6,1.28,24,K_PREDICTION_NOT_COMMITTED
82,RegionE,44.5,369.815333,414.315333,517.89416625,950,517.89416625,212.10583375,0,212.10583375,0,0,220,0,-220,82,281.379483725,383.26,298.94,0.208,0,1012,560,700,1.25,24,K_PREDICTION_NOT_COMMITTED
82,RegionF,124.82,406.97,531.79,675.3733,950,675.3733,-0,0,0,0,0,220,54.6266999999999,-220,85,85,403.43,314.68,0.2459,0,966,540,685.8,1.27,24,K_PREDICTION_NOT_COMMITTED
83,RegionA,28.848,354.018,382.866,516.8691,944.89,470.760024768269,53.890924768269,0,53.890924768269,46.109075231731,0,0,420.239050463462,0,35,35,725.84,0,0.5777,0,630,420,567,1.35,24,K_PREDICTION_NOT_COMMITTED
83,RegionB,64.9826666666667,329.102,394.084666666667,532.0143,944.89,490.516132291442,48.5018322914421,0,48.5018322914421,41.4981677085579,0,0,405.872035417116,0,32,32,695.59,0,0.5405,0,585,410,553.5,1.35,24,K_PREDICTION_NOT_COMMITTED
83,RegionC,2.06666666666667,342.998333,345.064999666667,476.18969954,944.89,436.996985593029,45.8072860530287,0,45.8072860530287,39.1927139469713,0,0,462.085728353943,0,30,30,675.43,0,0.5125,0,540,405,558.9,1.38,24,K_PREDICTION_NOT_COMMITTED
83,RegionD,214.027333333333,376.634667,590.662000333333,756.047360426667,944.89,756.047360426667,-0,0,0,0,0,180,8.84263957333337,-180,90,90,433.49,338.12,0.3914,0,1472,720,921.6,1.28,24,K_PREDICTION_NOT_COMMITTED
83,RegionE,57.06,307.605,364.665,455.83125,944.89,244.951450691362,29.1202006913616,0,29.1202006913616,210.879799308638,0,220,450.818348617277,-220,281.379483725,82,383.08,298.8,0.205,0,1012,560,700,1.25,24,K_PREDICTION_NOT_COMMITTED
83,RegionF,146.906666666667,326.5,473.406666666667,601.226466666667,944.89,601.226466666667,-0,0,0,0,0,220,123.663533333333,-220,85,85,403.24,314.53,0.2423,0,966,540,685.8,1.27,24,K_PREDICTION_NOT_COMMITTED
84,RegionA,22.404,334.495333,356.899333,481.81409955,929.905,435.705024318269,53.890924768269,0,53.890924768269,46.109075231731,0,0,440.309050913462,0,35,35,725.5,0,0.5721,0,630,420,567,1.35,24,K_PREDICTION_NOT_COMMITTED
84,RegionB,64.0066666666667,290.966,354.972666666667,479.2131,929.905,437.714932291442,48.5018322914421,0,48.5018322914421,41.4981677085579,0,0,443.688235417116,0,32,32,695.27,0,0.5352,0,585,410,553.5,1.35,24,K_PREDICTION_NOT_COMMITTED
84,RegionC,2.25333333333333,338.398667,340.652000333333,470.09976046,929.905,430.907046513029,45.8072860530287,0,45.8072860530287,39.1927139469713,0,0,453.190667433943,0,30,30,675.12,0,0.5075,0,540,405,558.9,1.38,24,K_PREDICTION_NOT_COMMITTED
84,RegionD,219.119666666667,297.496667,516.616333666667,661.268907093333,929.905,661.268907093333,-0,0,0,0,0,180,88.6360929066667,-180,90,90,433.28,337.96,0.3875,0,1472,720,921.6,1.28,24,K_PREDICTION_NOT_COMMITTED
84,RegionE,45.0746666666666,293.975333,339.049999666667,423.812499583333,929.905,311.867136228302,128.054636644969,0,128.054636644969,111.945363355031,0,220,269.98322712673,-220,82,82,382.9,298.66,0.203,0,1012,560,700,1.25,24,K_PREDICTION_NOT_COMMITTED
84,RegionF,143.222,292.08,435.302,552.83354,929.905,552.83354,157.07146,0,157.07146,0,0,220,0,-220,85,232.6471724,403.05,314.38,0.2399,0,966,540,685.8,1.27,24,K_PREDICTION_NOT_COMMITTED
85,RegionA,93.192,307.488667,400.680667,540.91890045,906.065,494.809825218269,53.890924768269,0,53.890924768269,46.109075231731,0,0,357.364250013462,0,35,35,725.16,0,0.5697,0,630,420,567,1.35,24,K_PREDICTION_NOT_COMMITTED
85,RegionB,74.5426666666667,312.315,386.857666666667,522.25785,906.065,480.759682291442,48.5018322914421,0,48.5018322914421,41.4981677085579,0,0,376.803485417116,0,32,32,694.94,0,0.5329,0,585,410,553.5,1.35,24,K_PREDICTION_NOT_COMMITTED
85,RegionC,83.5519999999999,311.376333,394.928333,545.00109954,906.065,545.00109954,85,0,85,0,0,0,276.06390046,0,30,109.05,674.8,0,0.5054,0,540,405,558.9,1.38,24,K_PREDICTION_NOT_COMMITTED
85,RegionD,89.7680000000001,290.474,380.242,486.70976,906.065,486.70976,239.35524,0,239.35524,0,0,180,0,-180,90,314.9939256,433.08,337.8,0.3859,0,1472,720,921.6,1.28,24,K_PREDICTION_NOT_COMMITTED
85,RegionE,5.59466666666661,283.427,289.021666666667,361.277083333333,906.065,249.331719978302,128.054636644969,0,128.054636644969,111.945363355031,0,220,308.67864337673,-220,82,82,382.72,298.52,0.2022,0,1012,560,700,1.25,24,K_PREDICTION_NOT_COMMITTED
85,RegionF,18.2830000000002,254.799667,273.082667,346.81498709,906.065,156.940976668487,60.1259895784868,0,60.1259895784868,189.874010421513,0,220,468.998033753026,-220,232.6471724,85,402.87,314.24,0.2389,0,966,540,685.8,1.27,24,K_PREDICTION_NOT_COMMITTED
86,RegionA,93.3120000000002,275.65,368.962,498.0987,875,451.989624768269,53.890924768269,0,53.890924768269,46.109075231731,0,0,369.119450463462,0,35,35,724.82,0,0.5707,0,630,420,567,1.35,24,K_PREDICTION_NOT_COMMITTED
86,RegionB,73.9676666666667,318.624,392.591666666667,529.99875,875,488.500582291442,48.5018322914421,0,48.5018322914421,41.4981677085579,0,0,337.997585417116,0,32,32,694.62,0,0.5339,0,585,410,553.5,1.35,24,K_PREDICTION_NOT_COMMITTED
86,RegionC,18.636,284.484,303.12,418.3056,875,339.920172106057,6.61457210605734,0,6.61457210605734,78.3854278939427,1.4210854715202e-14,0,528.465255787885,1.4210854715202e-14,109.05,30,674.48,0,0.5063,7.19495574230677e-15,540,405,558.9,1.38,24,K_PREDICTION_NOT_COMMITTED
86,RegionD,48.5,241.32,289.82,370.9696,875,138.050834229004,27.0812342290044,0,27.0812342290044,232.918765770996,0,180,529.867931541991,-180,314.9939256,90,432.88,337.65,0.3866,0,1472,720,921.6,1.28,24,K_PREDICTION_NOT_COMMITTED
86,RegionE,1.58,246.533333,248.113333,310.14166625,875,198.196302894969,128.054636644969,0,128.054636644969,111.945363355031,0,220,328.749060460063,-220,82,82,382.54,298.38,0.2025,0,1012,560,700,1.25,24,K_PREDICTION_NOT_COMMITTED
86,RegionF,0,232.902,232.902,295.78554,875,179.175786505176,133.390246505176,0,133.390246505176,116.609753494824,0,220,342.433966989649,-220,85,85,402.68,314.09,0.2393,0,966,540,685.8,1.27,24,K_PREDICTION_NOT_COMMITTED
87,RegionA,24.256,256.704,280.96,379.296,838.825,333.186924768269,53.890924768269,0,53.890924768269,46.109075231731,-1.4210854715202e-14,0,451.747150463462,-1.4210854715202e-14,35,35,724.48,0,0.575,-8.17124146124115e-15,630,420,567,1.35,24,K_PREDICTION_NOT_COMMITTED
87,RegionB,14.3200000000001,282.425667,296.745667,400.60665045,838.825,359.108482741442,48.5018322914421,0,48.5018322914421,41.4981677085579,1.4210854715202e-14,0,431.214684967116,1.4210854715202e-14,32,32,694.29,0,0.5379,7.64401875130716e-15,585,410,553.5,1.35,24,K_PREDICTION_NOT_COMMITTED
87,RegionC,7.82133333333334,233.911333,241.732666333333,333.59107954,838.825,294.398365593029,45.8072860530287,0,45.8072860530287,39.1927139469713,-2.1316282072803e-14,0,498.619348353943,-2.1316282072803e-14,30,30,674.17,0,0.51,-1.08713038571295e-14,540,405,558.9,1.38,24,K_PREDICTION_NOT_COMMITTED
87,RegionD,225.08,231.859,456.939,584.88192,838.825,584.88192,-0,0,0,0,0,180,73.9430799999999,-180,90,90,432.68,337.49,0.3895,0,1472,720,921.6,1.28,24,K_PREDICTION_NOT_COMMITTED
87,RegionE,100.172666666667,189.231333,289.403999666667,361.754999583333,838.825,249.809636228302,128.054636644969,0,128.054636644969,111.945363355031,0,220,240.96072712673,-220,82,82,382.36,298.24,0.204,0,1012,560,700,1.25,24,K_PREDICTION_NOT_COMMITTED
87,RegionF,0,230.647667,230.647667,292.92253709,838.825,176.312783595176,133.390246505176,0,133.390246505176,116.609753494824,0,220,309.121969899649,-220,85,85,402.49,313.94,0.2411,0,966,540,685.8,1.27,24,K_PREDICTION_NOT_COMMITTED
88,RegionA,2.75999999999992,236.548333,239.308333,323.06624955,800,276.957174318269,53.890924768269,0,53.890924768269,46.109075231731,-1.4210854715202e-14,0,469.151900913462,-1.4210854715202e-14,35,35,724.14,0,0.5822,-8.27355961519061e-15,630,420,567,1.35,24,K_PREDICTION_NOT_COMMITTED
88,RegionB,2.40533333333333,232.306667,234.712000333333,316.86120045,800,275.363032741442,48.5018322914421,0,48.5018322914421,41.4981677085579,1.4210854715202e-14,0,476.135134967116,1.4210854715202e-14,32,32,693.97,0,0.5446,7.73923147789901e-15,585,410,553.5,1.35,24,K_PREDICTION_NOT_COMMITTED
88,RegionC,65.9933333333333,206.233,272.226333333333,375.67234,800,336.479626053029,45.8072860530287,0,45.8072860530287,39.1927139469713,-2.1316282072803e-14,0,417.713087893943,-2.1316282072803e-14,30,30,673.86,0,0.5164,-1.10077280623955e-14,540,405,558.9,1.38,24,K_PREDICTION_NOT_COMMITTED
88,RegionD,222.891666666667,166.361667,389.253333666667,498.244267093333,800,498.244267093333,-0,0,0,0,0,180,121.755732906667,-180,90,90,432.48,337.33,0.3944,0,1472,720,921.6,1.28,24,K_PREDICTION_NOT_COMMITTED
88,RegionE,100.568,158.38,258.948,323.685,800,211.739636644968,128.054636644969,0,128.054636644969,111.945363355031,0,220,240.205726710063,-220,82,82,382.19,298.11,0.2066,0,1012,560,700,1.25,24,K_PREDICTION_NOT_COMMITTED
88,RegionF,138.98,207.583333,346.563333,440.13543291,800,440.13543291,-0,0,0,0,0,220,139.86456709,-220,85,85,402.3,313.79,0.2441,0,966,540,685.8,1.27,24,K_PREDICTION_NOT_COMMITTED
89,RegionA,1.68533333333333,213.708667,215.394000333333,290.78190045,761.175,244.672825218269,53.890924768269,0,53.890924768269,46.109075231731,-1.4210854715202e-14,0,462.611250013462,-1.4210854715202e-14,35,35,1049.53,0,0.5917,-8.40856273498503e-15,630,420,567,1.35,24,K_PREDICTION_NOT_COMMITTED
89,RegionB,0.66133333333333,217.679333,218.340666333333,294.75989955,761.175,253.261731841442,48.5018322914421,0,48.5018322914421,41.4981677085579,1.4210854715202e-14,0,459.411435867116,1.4210854715202e-14,32,32,1005.8,0,0.5536,7.86712917033583e-15,585,410,553.5,1.35,24,K_PREDICTION_NOT_COMMITTED
89,RegionC,74.4306666666667,168.837333,243.267999666667,335.70983954,761.175,296.517125593029,45.8072860530287,0,45.8072860530287,39.1927139469713,-2.1316282072803e-14,0,418.850588353943,-2.1316282072803e-14,30,30,976.64,0,0.5249,-1.11889164600143e-14,540,405,558.9,1.38,24,K_PREDICTION_NOT_COMMITTED
89,RegionD,216.242666666667,116.454,332.696666666667,425.851733333333,761.175,425.851733333333,-0,0,0,0,0,180,155.323266666667,-180,90,90,626.8,488.9,0.4009,0,1472,720,921.6,1.28,24,K_PREDICTION_NOT_COMMITTED
89,RegionE,100.144,161.694667,261.838667,327.29833375,761.175,327.29833375,-0,0,0,0,0,220,213.87666625,-220,82,82,553.92,432.06,0.21,0,1012,560,700,1.25,24,K_PREDICTION_NOT_COMMITTED
89,RegionF,139.48,176.568667,316.048667,401.38180709,761.175,401.38180709,-0,0,0,0,0,220,139.79319291,-220,85,85,583.07,454.79,0.2481,0,966,540,685.8,1.27,24,K_PREDICTION_NOT_COMMITTED
90,RegionA,1.68,216.545333,218.225333,294.60419955,725,248.495124318269,53.890924768269,0,53.890924768269,46.109075231731,-1.4210854715202e-14,0,422.613950913462,-1.4210854715202e-14,35,35,1049.05,0,0.603,-8.56914539326681e-15,630,420,567,1.35,24,K_PREDICTION_NOT_COMMITTED
90,RegionB,1.2,244.863333,246.063333,332.18549955,725,290.687331841442,48.5018322914421,0,48.5018322914421,41.4981677085579,1.4210854715202e-14,0,385.810835867116,1.4210854715202e-14,32,32,1005.34,0,0.5641,8.01634314484545e-15,585,410,553.5,1.35,24,K_PREDICTION_NOT_COMMITTED
90,RegionC,73.572,193.879333,267.451333,369.08283954,725,329.890125593029,45.8072860530287,0,45.8072860530287,39.1927139469713,-2.1316282072803e-14,0,349.302588353943,-2.1316282072803e-14,30,30,976.2,0,0.5349,-1.14020792807423e-14,540,405,558.9,1.38,24,K_PREDICTION_NOT_COMMITTED
90,RegionD,210.678,104.771667,315.449667,403.77557376,725,403.77557376,-0,0,0,0,0,180,141.22442624,-180,90,90,626.51,488.68,0.4085,0,1472,720,921.6,1.28,24,K_PREDICTION_NOT_COMMITTED
90,RegionE,109.05,158.636,267.686,334.6075,725,334.6075,10.5751338120567,0,10.5751338120567,0,0,220,159.817366187943,-220,82,91.9406257833333,553.66,431.85,0.214,0,1012,560,700,1.25,24,K_PREDICTION_NOT_COMMITTED
90,RegionF,131.864333333333,182.73,314.594333333333,399.534803333334,725,399.534803333334,-0,0,0,0,0,220,105.465196666666,-220,85,85,582.8,454.58,0.2529,0,966,540,685.8,1.27,24,K_PREDICTION_NOT_COMMITTED
91,RegionA,1.38,196.398667,197.778667,267.00120045,693.935,220.892125218269,53.890924768269,0,53.890924768269,46.109075231731,-1.4210854715202e-14,0,419.151950013462,-1.4210854715202e-14,35,35,1048.57,0,0.6152,-8.74251782079227e-15,630,420,567,1.35,24,K_PREDICTION_NOT_COMMITTED
91,RegionB,1.38,222.54,223.92,302.292,693.935,260.793832291442,48.5018322914421,0,48.5018322914421,41.4981677085579,1.4210854715202e-14,0,384.639335417116,1.4210854715202e-14,32,32,1004.88,0,0.5755,8.17834688859875e-15,585,410,553.5,1.35,24,K_PREDICTION_NOT_COMMITTED
91,RegionC,67.5823333333332,156.992,224.574333333333,309.91258,693.935,270.719866053028,45.8072860530287,0,45.8072860530287,39.1927139469713,-2.1316282072803e-14,0,377.407847893943,-2.1316282072803e-14,30,30,975.75,0,0.5457,-1.16322951271286e-14,540,405,558.9,1.38,24,K_PREDICTION_NOT_COMMITTED
91,RegionD,71.3023333333332,128.078,199.380333333333,255.206826666667,693.935,255.206826666667,258.728173333333,0,258.728173333333,0,0,180,0,-180,90,333.204482933333,626.23,488.46,0.4167,0,1472,720,921.6,1.28,24,K_PREDICTION_NOT_COMMITTED
91,RegionE,107.503333333333,179.24,286.743333333333,358.429166666667,693.935,358.429166666667,115.505833333333,0,115.505833333333,0,0,220,0,-220,91.9406257833333,200.516109116667,553.41,431.66,0.2183,0,1012,560,700,1.25,24,K_PREDICTION_NOT_COMMITTED
91,RegionF,35.6183333333335,159.349333,194.967666333333,247.608936243334,693.935,247.608936243334,213.956563477376,0,213.956563477376,0,0,220,12.3695002792905,-220,85,286.119169668733,582.54,454.38,0.258,0,966,540,685.8,1.27,24,K_PREDICTION_NOT_COMMITTED
92,RegionA,0.742666666666665,223.522,224.264666666667,302.7573,670.095,274.49689905152,71.7395990515197,0,71.7395990515197,28.2604009484803,1.77635683940025e-14,0,323.858501896961,1.77635683940025e-14,35,71,1048.1,0,0.6274,1.11448628103972e-14,630,420,567,1.35,24,K_PREDICTION_NOT_COMMITTED
92,RegionB,79.6133333333333,249.842,329.455333333333,444.7647,670.095,421.561423431774,66.7967234317741,0,66.7967234317741,23.2032765682259,0,0,181.736853136452,0,32,68.9,1004.43,0,0.5869,0,585,410,553.5,1.35,24,K_PREDICTION_NOT_COMMITTED
92,RegionC,40.4836666666666,223.526333,264.009999666667,364.33379954,670.095,341.428000876495,62.0942013364949,0,62.0942013364949,22.9057986635051,1.4210854715202e-14,0,266.57279778701,1.4210854715202e-14,30,62.85,975.32,0,0.5565,7.90834064900991e-15,540,405,558.9,1.38,24,K_PREDICTION_NOT_COMMITTED
92,RegionD,0.307999999999998,157.033333,157.341333,201.39690624,670.095,85.3294816508462,143.932575410846,0,143.932575410846,116.067424589154,0,180,260.832942938308,-180,333.204482933333,343.6974214656,625.95,488.24,0.425,0,1472,720,921.6,1.28,24,K_PREDICTION_NOT_COMMITTED
92,RegionE,140.696,135.823667,276.519667,345.64958375,670.095,345.64958375,104.44541625,0,104.44541625,0,0,220,0,-220,200.516109116667,298.694800391667,553.16,431.46,0.2226,0,1012,560,700,1.25,24,K_PREDICTION_NOT_COMMITTED
92,RegionF,1.42333333333333,167.106667,168.530000333333,214.033100423333,670.095,214.033100423333,236.061899576667,0,236.061899576667,0,0,220,0,-220,286.119169668733,508.0173552708,582.28,454.18,0.2631,0,966,540,685.8,1.27,24,K_PREDICTION_NOT_COMMITTED
93,RegionA,90.205,242.756,332.961,449.49735,655.11,449.49735,100,0,100,-0,0,0,105.61265,0,71,164,1047.64,0,0.6387,0,630,420,567,1.35,24,K_PREDICTION_NOT_COMMITTED
93,RegionB,78.9866666666667,273.361,352.347666666667,475.66935,655.11,475.66935,90,0,90,-0,0,0,89.44065,0,68.9,152.6,1003.99,0,0.5975,0,585,410,553.5,1.35,24,K_PREDICTION_NOT_COMMITTED
93,RegionC,73.4520000000001,228.882667,302.334667,417.22184046,655.11,417.22184046,85,0,85,-0,0,0,152.88815954,0,62.85,141.9,974.88,0,0.5666,0,540,405,558.9,1.38,24,K_PREDICTION_NOT_COMMITTED
93,RegionD,0,196.834333,196.834333,251.94794624,655.11,251.94794624,223.16205376,0,223.16205376,0,0,180,0,-180,343.6974214656,553.469752,625.67,488.02,0.4326,0,1472,720,921.6,1.28,24,K_PREDICTION_NOT_COMMITTED
93,RegionE,25.9509999999999,180.286667,206.237667,257.79708375,655.11,257.79708375,177.31291625,0,177.31291625,0,0,220,0,-220,298.694800391667,465.368941666667,552.92,431.28,0.2266,0,1012,560,700,1.25,24,K_PREDICTION_NOT_COMMITTED
93,RegionF,0,219.338333,219.338333,278.55968291,655.11,278.55968291,156.55031709,0,156.55031709,0,0,220,0,-220,508.0173552708,655.1746533354,582.02,453.98,0.2678,0,966,540,685.8,1.27,24,K_PREDICTION_NOT_COMMITTED
94,RegionA,59.721,259.392,319.113,430.80255,650,430.80255,100,0,100,-0,0,0,119.19745,0,164,257,649.97,0,0.6483,0,630,420,567,1.35,24,K_PREDICTION_NOT_COMMITTED
94,RegionB,72.4170000000001,257.45,329.867,445.32045,650,445.32045,90,0,90,-0,0,0,114.67955,0,152.6,236.3,622.89,0,0.6065,0,585,410,553.5,1.35,24,K_PREDICTION_NOT_COMMITTED
94,RegionC,74.0883333333333,284.158,358.246333333333,494.37994,650,494.37994,85,0,85,-0,0,0,70.62006,0,141.9,220.95,604.84,0,0.5751,0,540,405,558.9,1.38,24,K_PREDICTION_NOT_COMMITTED
94,RegionD,0.4,220.082,220.482,282.21696,650,282.21696,187.78304,0,187.78304,0,0,180,0,-180,553.469752,729.9858096,388.18,302.78,0.4392,0,1472,720,921.6,1.28,24,K_PREDICTION_NOT_COMMITTED
94,RegionE,0.263333333333335,196.395,196.658333333333,245.822916666667,650,245.822916666667,184.177083333333,0,184.177083333333,0,0,220,0,-220,465.368941666667,638.4954,343.04,267.57,0.23,0,1012,560,700,1.25,24,K_PREDICTION_NOT_COMMITTED
94,RegionF,0.960000000000002,208.39,209.35,265.8745,650,265.8745,164.1255,0,164.1255,0,0,220,0,-220,655.1746533354,809.4526233354,361.1,281.66,0.2719,0,966,540,685.8,1.27,24,K_PREDICTION_NOT_COMMITTED
95,RegionA,8.517,323.515667,332.032667,448.24410045,655.11,448.24410045,100,0,100,-0,0,0,106.86589955,0,257,350,649.7,0,0.6555,0,630,420,567,1.35,24,K_PREDICTION_NOT_COMMITTED
95,RegionB,78.9333333333333,296.256,375.189333333333,506.5056,655.11,506.5056,90,0,90,-0,0,0,58.6044,0,236.3,320,622.63,0,0.6132,0,585,410,553.5,1.35,24,K_PREDICTION_NOT_COMMITTED
95,RegionC,75.49,273.435333,348.925333,481.51695954,655.11,481.51695954,85,-0,85,-0,0,0,88.59304046,0,220.95,300,604.58,0,0.5815,0,540,405,558.9,1.38,24,K_PREDICTION_NOT_COMMITTED
95,RegionD,0.4,229.478,229.878,294.24384,655.11,294.24384,180.86616,0,180.86616,0,0,180,0,-180,729.9858096,900,388.01,302.65,0.4441,0,1472,720,921.6,1.28,24,K_PREDICTION_NOT_COMMITTED
95,RegionE,0,193.616,193.616,242.02,655.11,242.02,193.09,0,193.09,0,0,220,0,-220,638.4954,820,342.9,267.46,0.2326,0,1012,560,700,1.25,24,K_PREDICTION_NOT_COMMITTED
95,RegionF,21.12,287.521333,308.641333,391.97449291,655.11,391.97449291,43.13550709,0,43.13550709,0,0,220,0,-220,809.4526233354,850,360.94,281.53,0.2749,0,966,540,685.8,1.27,24,K_PREDICTION_NOT_COMMITTED
72,RegionA,38.568,302.842667,341.410667,460.90440045,670.095,414.795325218269,53.890924768269,0,53.890924768269,46.109075231731,0,0,201.408750013462,0,35,35,474.12,0,0.676,0,630,420,567,1.35,48,K_PREDICTION_NOT_COMMITTED
72,RegionB,13.9026666666667,317.892,331.794666666667,447.9228,670.095,360.638902608321,2.71610260832076,0,2.71610260832076,87.2838973916792,0,0,306.739994783358,0,124.347826086957,32,454.36,0,0.6324,0,585,410,553.5,1.35,48,K_PREDICTION_NOT_COMMITTED
72,RegionC,7.19333333333333,341.601,348.794333333333,481.33618,670.095,396.33618,0,0,0,85,0,0,273.75882,0,180.926086956522,88.5347826086957,441.19,0,0.5997,0,540,405,558.9,1.38,48,K_PREDICTION_NOT_COMMITTED
72,RegionD,60.6400000000002,291.69,352.33,450.9824,670.095,329.708256365383,138.725856365383,0,138.725856365383,121.274143634617,0,180,21.6608872692346,-180,90,90,283.15,220.86,0.4579,0,1472,720,921.6,1.28,48,K_PREDICTION_NOT_COMMITTED
72,RegionE,32.1706666666667,253.302,285.472666666667,356.840833333333,670.095,244.895469978302,128.054636644968,0,128.054636644968,111.945363355031,0,220,77.1448933767296,-220,82,82,250.23,195.18,0.2399,0,1012,560,700,1.25,48,K_PREDICTION_NOT_COMMITTED
72,RegionF,15.1083333333333,301.035333,316.143666333333,401.502456243333,670.095,267.106378122452,115.603921879119,0,115.603921879119,134.396078120881,0,220,67.3846999984292,-220,120.844225391565,85,263.4,205.45,0.2835,0,966,540,685.8,1.27,48,K_PREDICTION_NOT_COMMITTED
73,RegionA,17.9760000000001,361.522,379.498,512.3223,693.935,466.213224768269,53.890924768269,0,53.890924768269,46.109075231731,0,0,173.830850463462,0,35,35,473.92,0,0.677,0,630,420,567,1.35,48,K_PREDICTION_NOT_COMMITTED
73,RegionB,10.605,368.093333,378.698333,511.24274955,693.935,469.744581841442,48.5018322914421,0,48.5018322914421,41.4981677085579,0,0,175.688585867116,0,32,32,454.17,0,0.6334,0,585,410,553.5,1.35,48,K_PREDICTION_NOT_COMMITTED
73,RegionC,8.59066666666667,365.13,373.720666666667,515.73452,693.935,447.52046524682,16.7859452468204,0,16.7859452468204,68.2140547531796,0,0,229.628589506359,0,88.5347826086957,30,441.01,0,0.6006,0,540,405,558.9,1.38,48,K_PREDICTION_NOT_COMMITTED
73,RegionD,17,365.628333,382.628333,489.76426624,693.935,368.490122605383,138.725856365383,0,138.725856365383,121.274143634617,0,180,6.71902102923485,-180,90,90,283.03,220.76,0.4586,0,1472,720,921.6,1.28,48,K_PREDICTION_NOT_COMMITTED
73,RegionE,4.21200000000004,291.614,295.826,369.7825,693.935,257.837136644969,128.054636644968,0,128.054636644968,111.945363355031,0,220,88.0432267100629,-220,82,82,250.12,195.09,0.2402,0,1012,560,700,1.25,48,K_PREDICTION_NOT_COMMITTED
73,RegionF,14.54,323.290667,337.830667,429.04494709,693.935,326.489973545,147.445026455,0,147.445026455,102.554973545,0,220,0,-220,85,113.324159765549,263.29,205.37,0.2839,0,966,540,685.8,1.27,48,K_PREDICTION_NOT_COMMITTED
74,RegionA,2.24,371.458667,373.698667,504.49320045,725,458.384125218269,53.890924768269,0,53.890924768269,46.109075231731,0,0,212.724950013462,0,35,35,473.72,0,0.6747,0,630,420,567,1.35,48,K_PREDICTION_NOT_COMMITTED
74,RegionB,9.063,367.508333,376.571333,508.37129955,725,466.873131841442,48.5018322914421,0,48.5018322914421,41.4981677085579,0,0,209.625035867116,0,32,32,453.98,0,0.6312,0,585,410,553.5,1.35,48,K_PREDICTION_NOT_COMMITTED
74,RegionC,9.16666666666667,377.063333,386.229999666667,532.99739954,725,493.804685593029,45.8072860530287,0,45.8072860530287,39.1927139469713,0,0,185.388028353943,0,30,30,440.82,0,0.5985,0,540,405,558.9,1.38,48,K_PREDICTION_NOT_COMMITTED
74,RegionD,12.56,331.47,344.03,440.3584,725,319.084256365383,138.725856365383,0,138.725856365383,121.274143634617,0,180,87.1898872692348,-180,90,90,282.92,220.68,0.4571,0,1472,720,921.6,1.28,48,K_PREDICTION_NOT_COMMITTED
74,RegionE,0.48,299.294,299.774,374.7175,725,262.772136644968,128.054636644968,0,128.054636644968,111.945363355031,0,220,114.173226710063,-220,82,82,250.02,195.02,0.2394,0,1012,560,700,1.25,48,K_PREDICTION_NOT_COMMITTED
74,RegionF,14.54,392.428667,406.968667,516.85020709,725,386.185673645351,119.335466555351,0,119.335466555351,130.664533444649,0,219.478859799298,0,-219.478859799298,113.324159765549,85,263.18,205.28,0.2829,0,966,540,685.8,1.27,48,K_PREDICTION_NOT_COMMITTED
75,RegionA,1.404,377.1,378.504,510.9804,761.175,464.871324768269,53.890924768269,0,53.890924768269,46.109075231731,0,0,242.412750463462,0,35,35,473.51,0,0.6691,0,630,420,567,1.35,48,K_PREDICTION_NOT_COMMITTED
75,RegionB,7.40833333333333,378.232,385.640333333333,520.61445,761.175,479.116282291442,48.5018322914421,0,48.5018322914421,41.4981677085579,0,0,233.556885417116,0,32,32,453.78,0,0.6259,0,585,410,553.5,1.35,48,K_PREDICTION_NOT_COMMITTED
75,RegionC,5.0586666666667,380.682667,385.741333666667,532.32304046,761.175,493.130326513029,45.8072860530287,0,45.8072860530287,39.1927139469713,0,0,222.237387433943,0,30,30,440.63,0,0.5936,0,540,405,558.9,1.38,48,K_PREDICTION_NOT_COMMITTED
75,RegionD,12.56,310.046667,322.606667,412.93653376,761.175,291.662390125383,138.725856365383,0,138.725856365383,121.274143634617,0,180,150.786753509235,-180,90,90,282.79,220.58,0.4533,0,1472,720,921.6,1.28,48,K_PREDICTION_NOT_COMMITTED
75,RegionE,0.912000000000003,347.807333,348.719333,435.89916625,761.175,323.953802894969,128.054636644968,0,128.054636644968,111.945363355031,0,220,89.1665604600629,-220,82,82,249.91,194.93,0.2374,0,1012,560,700,1.25,48,K_PREDICTION_NOT_COMMITTED
75,RegionF,8.34399999999994,385.849333,394.193333,500.62553291,761.175,384.015779415175,133.390246505176,0,133.390246505176,116.609753494824,0,220,23.7689740796489,-220,85,85,263.06,205.19,0.2806,0,966,540,685.8,1.27,48,K_PREDICTION_NOT_COMMITTED
76,RegionA,1.36533333333333,385.21,386.575333333333,521.8767,800,475.767624768269,53.890924768269,0,53.890924768269,46.109075231731,0,0,270.341450463462,0,35,35,473.31,0,0.6606,0,630,420,567,1.35,48,K_PREDICTION_NOT_COMMITTED
76,RegionB,6.59066666666666,386.954667,393.545333666667,531.28620045,800,489.788032741442,48.5018322914421,0,48.5018322914421,41.4981677085579,0,0,261.710134967116,0,32,32,453.59,0,0.6179,0,585,410,553.5,1.35,48,K_PREDICTION_NOT_COMMITTED
76,RegionC,24.8,380.176,404.976,558.86688,800,519.674166053029,45.8072860530287,0,45.8072860530287,39.1927139469713,0,0,234.518547893943,0,30,30,440.44,0,0.586,0,540,405,558.9,1.38,48,K_PREDICTION_NOT_COMMITTED
76,RegionD,11.4600000000001,312.463333,323.923333,414.62186624,800,293.347722605383,138.725856365383,0,138.725856365383,121.274143634617,0,180,187.926421029235,-180,90,90,282.67,220.48,0.4475,0,1472,720,921.6,1.28,48,K_PREDICTION_NOT_COMMITTED
76,RegionE,0.48,353.893667,354.373667,442.96708375,800,391.483541875,188.516458125,0,188.516458125,51.483541875,0,220,0,-220,82,203.846823460081,249.8,194.84,0.2344,0,1012,560,700,1.25,48,K_PREDICTION_NOT_COMMITTED
76,RegionF,0,421.586,421.586,535.41422,800,418.804466505176,133.390246505176,0,133.390246505176,116.609753494824,0,220,27.8052869896489,-220,85,85,262.95,205.1,0.277,0,966,540,685.8,1.27,48,K_PREDICTION_NOT_COMMITTED
77,RegionA,0.0679999999999995,373.84,373.908,504.7758,838.825,458.666724768269,53.890924768269,0,53.890924768269,46.109075231731,0,0,326.267350463462,0,35,35,473.1,0,0.6496,0,630,420,567,1.35,48,K_PREDICTION_NOT_COMMITTED
77,RegionB,22.2553333333333,386.617333,408.872666333333,551.97809955,838.825,510.479931841442,48.5018322914421,0,48.5018322914421,41.4981677085579,0,0,279.843235867116,0,32,32,453.38,0,0.6077,0,585,410,553.5,1.35,48,K_PREDICTION_NOT_COMMITTED
77,RegionC,30.884,370.138667,401.022667,553.41128046,838.825,514.218566513029,45.8072860530287,0,45.8072860530287,39.1927139469713,0,0,278.799147433943,0,30,30,440.24,0,0.5763,0,540,405,558.9,1.38,48,K_PREDICTION_NOT_COMMITTED
77,RegionD,0.32,345.211333,345.531333,442.28010624,838.825,420.55255312,238.27244688,0,238.27244688,21.72755312,0,180,0,-180,90,290.613139723114,282.54,220.38,0.4401,0,1472,720,921.6,1.28,48,K_PREDICTION_NOT_COMMITTED
77,RegionE,135.12,355.540667,490.660667,613.32583375,838.825,440.918648914937,67.5928151649371,0,67.5928151649371,172.407184835063,0,220,110.313535920126,-220,203.846823460081,82,249.69,194.76,0.2305,0,1012,560,700,1.25,48,K_PREDICTION_NOT_COMMITTED
77,RegionF,0.5,410.823333,411.323333,522.38063291,838.825,405.770879415176,133.390246505176,0,133.390246505176,116.609753494824,0,220,79.6638740796489,-220,85,85,262.83,205.01,0.2724,0,966,540,685.8,1.27,48,K_PREDICTION_NOT_COMMITTED
78,RegionA,11.0466666666667,372.316667,383.363333666667,517.54050045,875,471.431425218269,53.890924768269,0,53.890924768269,46.109075231731,0,0,349.677650013462,0,35,35,472.88,0,0.637,0,630,420,567,1.35,48,K_PREDICTION_NOT_COMMITTED
78,RegionB,21.2623333333333,388.683667,409.946000333333,553.42710045,875,511.928932741442,48.5018322914421,0,48.5018322914421,41.4981677085579,0,0,314.569234967116,0,32,32,453.18,0,0.5959,0,585,410,553.5,1.35,48,K_PREDICTION_NOT_COMMITTED
78,RegionC,30.9066666666667,371.694,402.600666666667,555.58892,875,516.396206053029,45.8072860530287,0,45.8072860530287,39.1927139469713,0,0,312.796507893943,0,30,30,440.04,0,0.5651,0,540,405,558.9,1.38,48,K_PREDICTION_NOT_COMMITTED
78,RegionD,0.32,361.534667,361.854667,463.17397376,875,463.17397376,231.82602624,0,231.82602624,0,0,180,0,-180,290.613139723114,508.529604388714,282.42,220.29,0.4315,0,1472,720,921.6,1.28,48,K_PREDICTION_NOT_COMMITTED
78,RegionE,118.925333333333,400.903333,519.828666333333,649.785832916667,875,649.785832916667,-0,0,0,0,0,220,5.21416708333322,-220,82,82,249.58,194.67,0.226,0,1012,560,700,1.25,48,K_PREDICTION_NOT_COMMITTED
78,RegionF,0.825000000000003,418.821,419.646,532.95042,875,532.95042,-0,0,0,0,0,220,122.04958,-220,85,85,262.71,204.91,0.2671,0,966,540,685.8,1.27,48,K_PREDICTION_NOT_COMMITTED
79,RegionA,11.2,371.395333,382.595333,516.50369955,906.065,470.394624318269,53.890924768269,0,53.890924768269,46.109075231731,0,0,381.779450913462,0,35,35,727.18,0,0.6235,0,630,420,567,1.35,48,K_PREDICTION_NOT_COMMITTED
79,RegionB,13.2026666666666,386.321667,399.524333666667,539.35785045,906.065,497.859682741442,48.5018322914421,0,48.5018322914421,41.4981677085579,0,0,359.703484967116,0,32,32,696.88,0,0.5832,0,585,410,553.5,1.35,48,K_PREDICTION_NOT_COMMITTED
79,RegionC,45.328,350.975667,396.303667,546.89906046,906.065,507.706346513029,45.8072860530287,0,45.8072860530287,39.1927139469713,0,0,352.551367433943,0,30,30,676.68,0,0.5531,0,540,405,558.9,1.38,48,K_PREDICTION_NOT_COMMITTED
79,RegionD,226.82,415.188667,642.008667,821.77109376,906.065,643.533595700739,81.7625019407392,0,81.7625019407392,178.237498059261,0,180,0.7689023585217,-180,508.529604388714,393.733132493373,434.29,338.75,0.4223,0,1472,720,921.6,1.28,48,K_PREDICTION_NOT_COMMITTED
79,RegionE,44.2066666666667,355.978,400.184666666667,500.230833333333,906.065,500.230833333333,-0,0,0,0,0,220,185.834166666667,-220,82,82,383.79,299.36,0.2212,0,1012,560,700,1.25,48,K_PREDICTION_NOT_COMMITTED
79,RegionF,0.5,409.726667,410.226667,520.98786709,906.065,520.98786709,-0,0,0,0,0,220,165.07713291,-220,85,85,403.99,315.11,0.2615,0,966,540,685.8,1.27,48,K_PREDICTION_NOT_COMMITTED
80,RegionA,11.76,381.298667,393.058667,530.62920045,929.905,484.520125218269,53.890924768269,0,53.890924768269,46.109075231731,0,0,391.493950013462,0,35,35,726.85,0,0.6099,0,630,420,567,1.35,48,K_PREDICTION_NOT_COMMITTED
80,RegionB,2.10533333333333,377.498667,379.604000333333,512.46540045,929.905,470.967232741442,48.5018322914421,0,48.5018322914421,41.4981677085579,0,0,410.435934967116,0,32,32,696.56,0,0.5706,0,585,410,553.5,1.35,48,K_PREDICTION_NOT_COMMITTED
80,RegionC,47.8986666666666,349.180333,397.078999666667,547.96901954,929.905,508.776305593029,45.8072860530287,0,45.8072860530287,39.1927139469713,0,0,375.321408353943,0,30,30,676.37,0,0.5411,0,540,405,558.9,1.38,48,K_PREDICTION_NOT_COMMITTED
80,RegionD,222.580666666667,425.475,648.055666666667,829.511253333333,929.905,569.511253333333,-0,0,0,260,0,180,180.393746666667,-180,393.733132493373,114.163240020255,434.09,338.59,0.4132,0,1472,720,921.6,1.28,48,K_PREDICTION_NOT_COMMITTED
80,RegionE,76.476,357.25,433.726,542.1575,929.905,542.1575,-0,0,0,0,0,220,167.7475,-220,82,82,383.61,299.22,0.2164,0,1012,560,700,1.25,48,K_PREDICTION_NOT_COMMITTED
80,RegionF,13.94,393.484,407.424,517.42848,929.905,517.42848,-0,0,0,0,0,220,192.47652,-220,85,85,403.81,314.97,0.2558,0,966,540,685.8,1.27,48,K_PREDICTION_NOT_COMMITTED
81,RegionA,10.332,387.717333,398.049333,537.36659955,944.89,491.257524318269,53.890924768269,0,53.890924768269,46.109075231731,0,0,399.741550913462,0,35,35,726.51,0,0.5973,0,630,420,567,1.35,48,K_PREDICTION_NOT_COMMITTED
81,RegionB,25.6,377.732,403.332,544.4982,944.89,503.000032291442,48.5018322914421,0,48.5018322914421,41.4981677085579,0,0,393.388135417116,0,32,32,696.24,0,0.5587,0,585,410,553.5,1.35,48,K_PREDICTION_NOT_COMMITTED
81,RegionC,48.854,350.472,399.326,551.06988,944.89,511.877166053029,45.8072860530287,0,45.8072860530287,39.1927139469713,0,0,387.205547893943,0,30,30,676.06,0,0.5298,0,540,405,558.9,1.38,48,K_PREDICTION_NOT_COMMITTED
81,RegionD,218.957333333333,383.713333,602.670666333333,771.418452906667,944.89,638.154226453333,126.735773546667,0,126.735773546667,133.264226453333,0,180,0,-180,114.163240020255,90,433.89,338.43,0.4046,0,1472,720,921.6,1.28,48,K_PREDICTION_NOT_COMMITTED
81,RegionE,63.961,384.276667,448.237667,560.29708375,944.89,560.29708375,-0,0,0,0,0,220,164.59291625,-220,82,82,383.44,299.08,0.2119,0,1012,560,700,1.25,48,K_PREDICTION_NOT_COMMITTED
81,RegionF,124.82,404.797,529.617,672.61359,944.89,672.61359,-0,0,0,0,0,220,52.2764099999998,-220,85,85,403.62,314.82,0.2505,0,966,540,685.8,1.27,48,K_PREDICTION_NOT_COMMITTED
82,RegionA,28.92,374.038,402.958,543.9933,950,497.884224768269,53.890924768269,0,53.890924768269,46.109075231731,0,0,398.224850463462,0,35,35,726.18,0,0.5863,0,630,420,567,1.35,48,K_PREDICTION_NOT_COMMITTED
82,RegionB,34.24,364.837,399.077,538.75395,950,497.255782291442,48.5018322914421,0,48.5018322914421,41.4981677085579,0,0,404.242385417116,0,32,32,695.92,0,0.5485,0,585,410,553.5,1.35,48,K_PREDICTION_NOT_COMMITTED
82,RegionC,12.5096666666666,347.185333,359.694999666667,496.37909954,950,457.186385593029,45.8072860530287,0,45.8072860530287,39.1927139469713,0,0,447.006328353943,0,30,30,675.75,0,0.5201,0,540,405,558.9,1.38,48,K_PREDICTION_NOT_COMMITTED
82,RegionD,214.24,371.632667,585.872667,749.91701376,950,749.91701376,-0,0,0,0,0,180,20.0829862399999,-180,90,90,433.69,338.28,0.3972,0,1472,720,921.6,1.28,48,K_PREDICTION_NOT_COMMITTED
82,RegionE,44.5,369.815333,414.315333,517.89416625,950,517.89416625,212.10583375,0,212.10583375,0,0,220,0,-220,82,281.379483725,383.26,298.94,0.208,0,1012,560,700,1.25,48,K_PREDICTION_NOT_COMMITTED
82,RegionF,124.82,406.97,531.79,675.3733,950,675.3733,-0,0,0,0,0,220,54.6266999999999,-220,85,85,403.43,314.68,0.2459,0,966,540,685.8,1.27,48,K_PREDICTION_NOT_COMMITTED
83,RegionA,28.848,354.018,382.866,516.8691,944.89,470.760024768269,53.890924768269,0,53.890924768269,46.109075231731,0,0,420.239050463462,0,35,35,725.84,0,0.5777,0,630,420,567,1.35,48,K_PREDICTION_NOT_COMMITTED
83,RegionB,64.9826666666667,329.102,394.084666666667,532.0143,944.89,490.516132291442,48.5018322914421,0,48.5018322914421,41.4981677085579,0,0,405.872035417116,0,32,32,695.59,0,0.5405,0,585,410,553.5,1.35,48,K_PREDICTION_NOT_COMMITTED
83,RegionC,2.06666666666667,342.998333,345.064999666667,476.18969954,944.89,436.996985593029,45.8072860530287,0,45.8072860530287,39.1927139469713,0,0,462.085728353943,0,30,30,675.43,0,0.5125,0,540,405,558.9,1.38,48,K_PREDICTION_NOT_COMMITTED
83,RegionD,214.027333333333,376.634667,590.662000333333,756.047360426667,944.89,756.047360426667,-0,0,0,0,0,180,8.84263957333337,-180,90,90,433.49,338.12,0.3914,0,1472,720,921.6,1.28,48,K_PREDICTION_NOT_COMMITTED
83,RegionE,57.06,307.605,364.665,455.83125,944.89,244.951450691362,29.1202006913616,0,29.1202006913616,210.879799308638,0,220,450.818348617277,-220,281.379483725,82,383.08,298.8,0.205,0,1012,560,700,1.25,48,K_PREDICTION_NOT_COMMITTED
83,RegionF,146.906666666667,326.5,473.406666666667,601.226466666667,944.89,601.226466666667,-0,0,0,0,0,220,123.663533333333,-220,85,85,403.24,314.53,0.2423,0,966,540,685.8,1.27,48,K_PREDICTION_NOT_COMMITTED
84,RegionA,22.404,334.495333,356.899333,481.81409955,929.905,435.705024318269,53.890924768269,0,53.890924768269,46.109075231731,0,0,440.309050913462,0,35,35,725.5,0,0.5721,0,630,420,567,1.35,48,K_PREDICTION_NOT_COMMITTED
84,RegionB,64.0066666666667,290.966,354.972666666667,479.2131,929.905,437.714932291442,48.5018322914421,0,48.5018322914421,41.4981677085579,0,0,443.688235417116,0,32,32,695.27,0,0.5352,0,585,410,553.5,1.35,48,K_PREDICTION_NOT_COMMITTED
84,RegionC,2.25333333333333,338.398667,340.652000333333,470.09976046,929.905,430.907046513029,45.8072860530287,0,45.8072860530287,39.1927139469713,0,0,453.190667433943,0,30,30,675.12,0,0.5075,0,540,405,558.9,1.38,48,K_PREDICTION_NOT_COMMITTED
84,RegionD,219.119666666667,297.496667,516.616333666667,661.268907093333,929.905,661.268907093333,-0,0,0,0,0,180,88.6360929066667,-180,90,90,433.28,337.96,0.3875,0,1472,720,921.6,1.28,48,K_PREDICTION_NOT_COMMITTED
84,RegionE,45.0746666666666,293.975333,339.049999666667,423.812499583333,929.905,311.867136228302,128.054636644969,0,128.054636644969,111.945363355031,0,220,269.98322712673,-220,82,82,382.9,298.66,0.203,0,1012,560,700,1.25,48,K_PREDICTION_NOT_COMMITTED
84,RegionF,143.222,292.08,435.302,552.83354,929.905,552.83354,157.07146,0,157.07146,0,0,220,0,-220,85,232.6471724,403.05,314.38,0.2399,0,966,540,685.8,1.27,48,K_PREDICTION_NOT_COMMITTED
85,RegionA,93.192,307.488667,400.680667,540.91890045,906.065,494.809825218269,53.890924768269,0,53.890924768269,46.109075231731,0,0,357.364250013462,0,35,35,725.16,0,0.5697,0,630,420,567,1.35,48,K_PREDICTION_NOT_COMMITTED
85,RegionB,74.5426666666667,312.315,386.857666666667,522.25785,906.065,480.759682291442,48.5018322914421,0,48.5018322914421,41.4981677085579,0,0,376.803485417116,0,32,32,694.94,0,0.5329,0,585,410,553.5,1.35,48,K_PREDICTION_NOT_COMMITTED
85,RegionC,83.5519999999999,311.376333,394.928333,545.00109954,906.065,545.00109954,85,0,85,0,0,0,276.06390046,0,30,109.05,674.8,0,0.5054,0,540,405,558.9,1.38,48,K_PREDICTION_NOT_COMMITTED
85,RegionD,89.7680000000001,290.474,380.242,486.70976,906.065,486.70976,239.35524,0,239.35524,0,0,180,0,-180,90,314.9939256,433.08,337.8,0.3859,0,1472,720,921.6,1.28,48,K_PREDICTION_NOT_COMMITTED
85,RegionE,5.59466666666661,283.427,289.021666666667,361.277083333333,906.065,249.331719978302,128.054636644969,0,128.054636644969,111.945363355031,0,220,308.67864337673,-220,82,82,382.72,298.52,0.2022,0,1012,560,700,1.25,48,K_PREDICTION_NOT_COMMITTED
85,RegionF,18.2830000000002,254.799667,273.082667,346.81498709,906.065,156.940976668487,60.1259895784868,0,60.1259895784868,189.874010421513,0,220,468.998033753026,-220,232.6471724,85,402.87,314.24,0.2389,0,966,540,685.8,1.27,48,K_PREDICTION_NOT_COMMITTED
86,RegionA,93.3120000000002,275.65,368.962,498.0987,875,498.0987,100,0,100,0,0,0,276.9013,0,35,128,724.82,0,0.5707,0,630,420,567,1.35,48,K_PREDICTION_NOT_COMMITTED
86,RegionB,73.9676666666667,318.624,392.591666666667,529.99875,875,488.500582291442,48.5018322914421,0,48.5018322914421,41.4981677085579,0,0,337.997585417116,0,32,32,694.62,0,0.5339,0,585,410,553.5,1.35,48,K_PREDICTION_NOT_COMMITTED
86,RegionC,18.636,284.484,303.12,418.3056,875,339.920172106057,6.61457210605734,0,6.61457210605734,78.3854278939427,1.4210854715202e-14,0,528.465255787885,1.4210854715202e-14,109.05,30,674.48,0,0.5063,7.19495574230677e-15,540,405,558.9,1.38,48,K_PREDICTION_NOT_COMMITTED
86,RegionD,48.5,241.32,289.82,370.9696,875,138.050834229004,27.0812342290044,0,27.0812342290044,232.918765770996,0,180,529.867931541991,-180,314.9939256,90,432.88,337.65,0.3866,0,1472,720,921.6,1.28,48,K_PREDICTION_NOT_COMMITTED
86,RegionE,1.58,246.533333,248.113333,310.14166625,875,198.196302894969,128.054636644969,0,128.054636644969,111.945363355031,0,220,328.749060460063,-220,82,82,382.54,298.38,0.2025,0,1012,560,700,1.25,48,K_PREDICTION_NOT_COMMITTED
86,RegionF,0,232.902,232.902,295.78554,875,179.175786505176,133.390246505176,0,133.390246505176,116.609753494824,0,220,342.433966989649,-220,85,85,402.68,314.09,0.2393,0,966,540,685.8,1.27,48,K_PREDICTION_NOT_COMMITTED
87,RegionA,24.256,256.704,280.96,379.296,838.825,287.077849536538,7.78184953653805,0,7.78184953653805,92.218150463462,-2.8421709430404e-14,0,543.965300926924,-2.8421709430404e-14,128,35,724.48,0,0.575,-1.63424829224823e-14,630,420,567,1.35,48,K_PREDICTION_NOT_COMMITTED
87,RegionB,14.3200000000001,282.425667,296.745667,400.60665045,838.825,359.108482741442,48.5018322914421,0,48.5018322914421,41.4981677085579,1.4210854715202e-14,0,431.214684967116,1.4210854715202e-14,32,32,694.29,0,0.5379,7.64401875130716e-15,585,410,553.5,1.35,48,K_PREDICTION_NOT_COMMITTED
87,RegionC,7.82133333333334,233.911333,241.732666333333,333.59107954,838.825,294.398365593029,45.8072860530287,0,45.8072860530287,39.1927139469713,-2.1316282072803e-14,0,498.619348353943,-2.1316282072803e-14,30,30,674.17,0,0.51,-1.08713038571295e-14,540,405,558.9,1.38,48,K_PREDICTION_NOT_COMMITTED
87,RegionD,225.08,231.859,456.939,584.88192,838.825,584.88192,-0,0,0,0,0,180,73.9430799999999,-180,90,90,432.68,337.49,0.3895,0,1472,720,921.6,1.28,48,K_PREDICTION_NOT_COMMITTED
87,RegionE,100.172666666667,189.231333,289.403999666667,361.754999583333,838.825,249.809636228302,128.054636644969,0,128.054636644969,111.945363355031,0,220,240.96072712673,-220,82,82,382.36,298.24,0.204,0,1012,560,700,1.25,48,K_PREDICTION_NOT_COMMITTED
87,RegionF,0,230.647667,230.647667,292.92253709,838.825,176.312783595176,133.390246505176,0,133.390246505176,116.609753494824,0,220,309.121969899649,-220,85,85,402.49,313.94,0.2411,0,966,540,685.8,1.27,48,K_PREDICTION_NOT_COMMITTED
88,RegionA,2.75999999999992,236.548333,239.308333,323.06624955,800,276.957174318269,53.890924768269,0,53.890924768269,46.109075231731,-1.4210854715202e-14,0,469.151900913462,-1.4210854715202e-14,35,35,724.14,0,0.5822,-8.27355961519061e-15,630,420,567,1.35,48,K_PREDICTION_NOT_COMMITTED
88,RegionB,2.40533333333333,232.306667,234.712000333333,316.86120045,800,275.363032741442,48.5018322914421,0,48.5018322914421,41.4981677085579,1.4210854715202e-14,0,476.135134967116,1.4210854715202e-14,32,32,693.97,0,0.5446,7.73923147789901e-15,585,410,553.5,1.35,48,K_PREDICTION_NOT_COMMITTED
88,RegionC,65.9933333333333,206.233,272.226333333333,375.67234,800,336.479626053029,45.8072860530287,0,45.8072860530287,39.1927139469713,-2.1316282072803e-14,0,417.713087893943,-2.1316282072803e-14,30,30,673.86,0,0.5164,-1.10077280623955e-14,540,405,558.9,1.38,48,K_PREDICTION_NOT_COMMITTED
88,RegionD,222.891666666667,166.361667,389.253333666667,498.244267093333,800,498.244267093333,-0,0,0,0,0,180,121.755732906667,-180,90,90,432.48,337.33,0.3944,0,1472,720,921.6,1.28,48,K_PREDICTION_NOT_COMMITTED
88,RegionE,100.568,158.38,258.948,323.685,800,211.739636644968,128.054636644969,0,128.054636644969,111.945363355031,0,220,240.205726710063,-220,82,82,382.19,298.11,0.2066,0,1012,560,700,1.25,48,K_PREDICTION_NOT_COMMITTED
88,RegionF,138.98,207.583333,346.563333,440.13543291,800,440.13543291,-0,0,0,0,0,220,139.86456709,-220,85,85,402.3,313.79,0.2441,0,966,540,685.8,1.27,48,K_PREDICTION_NOT_COMMITTED
89,RegionA,1.68533333333333,213.708667,215.394000333333,290.78190045,761.175,244.672825218269,53.890924768269,0,53.890924768269,46.109075231731,-1.4210854715202e-14,0,462.611250013462,-1.4210854715202e-14,35,35,1049.53,0,0.5917,-8.40856273498503e-15,630,420,567,1.35,48,K_PREDICTION_NOT_COMMITTED
89,RegionB,0.66133333333333,217.679333,218.340666333333,294.75989955,761.175,253.261731841442,48.5018322914421,0,48.5018322914421,41.4981677085579,1.4210854715202e-14,0,459.411435867116,1.4210854715202e-14,32,32,1005.8,0,0.5536,7.86712917033583e-15,585,410,553.5,1.35,48,K_PREDICTION_NOT_COMMITTED
89,RegionC,74.4306666666667,168.837333,243.267999666667,335.70983954,761.175,296.517125593029,45.8072860530287,0,45.8072860530287,39.1927139469713,-2.1316282072803e-14,0,418.850588353943,-2.1316282072803e-14,30,30,976.64,0,0.5249,-1.11889164600143e-14,540,405,558.9,1.38,48,K_PREDICTION_NOT_COMMITTED
89,RegionD,216.242666666667,116.454,332.696666666667,425.851733333333,761.175,425.851733333333,-0,0,0,0,0,180,155.323266666667,-180,90,90,626.8,488.9,0.4009,0,1472,720,921.6,1.28,48,K_PREDICTION_NOT_COMMITTED
89,RegionE,100.144,161.694667,261.838667,327.29833375,761.175,327.29833375,-0,0,0,0,0,220,213.87666625,-220,82,82,553.92,432.06,0.21,0,1012,560,700,1.25,48,K_PREDICTION_NOT_COMMITTED
89,RegionF,139.48,176.568667,316.048667,401.38180709,761.175,401.38180709,-0,0,0,0,0,220,139.79319291,-220,85,85,583.07,454.79,0.2481,0,966,540,685.8,1.27,48,K_PREDICTION_NOT_COMMITTED
90,RegionA,1.68,216.545333,218.225333,294.60419955,725,248.495124318269,53.890924768269,0,53.890924768269,46.109075231731,-1.4210854715202e-14,0,422.613950913462,-1.4210854715202e-14,35,35,1049.05,0,0.603,-8.56914539326681e-15,630,420,567,1.35,48,K_PREDICTION_NOT_COMMITTED
90,RegionB,1.2,244.863333,246.063333,332.18549955,725,290.687331841442,48.5018322914421,0,48.5018322914421,41.4981677085579,1.4210854715202e-14,0,385.810835867116,1.4210854715202e-14,32,32,1005.34,0,0.5641,8.01634314484545e-15,585,410,553.5,1.35,48,K_PREDICTION_NOT_COMMITTED
90,RegionC,73.572,193.879333,267.451333,369.08283954,725,329.890125593029,45.8072860530287,0,45.8072860530287,39.1927139469713,-2.1316282072803e-14,0,349.302588353943,-2.1316282072803e-14,30,30,976.2,0,0.5349,-1.14020792807423e-14,540,405,558.9,1.38,48,K_PREDICTION_NOT_COMMITTED
90,RegionD,210.678,104.771667,315.449667,403.77557376,725,403.77557376,-0,0,0,0,0,180,141.22442624,-180,90,90,626.51,488.68,0.4085,0,1472,720,921.6,1.28,48,K_PREDICTION_NOT_COMMITTED
90,RegionE,109.05,158.636,267.686,334.6075,725,334.6075,-0,0,0,0,0,220,170.3925,-220,82,82,553.66,431.85,0.214,0,1012,560,700,1.25,48,K_PREDICTION_NOT_COMMITTED
90,RegionF,131.864333333333,182.73,314.594333333333,399.534803333334,725,399.534803333334,-0,0,0,0,0,220,105.465196666666,-220,85,85,582.8,454.58,0.2529,0,966,540,685.8,1.27,48,K_PREDICTION_NOT_COMMITTED
91,RegionA,1.38,196.398667,197.778667,267.00120045,693.935,220.892125218269,53.890924768269,0,53.890924768269,46.109075231731,-1.4210854715202e-14,0,419.151950013462,-1.4210854715202e-14,35,35,1048.57,0,0.6152,-8.74251782079227e-15,630,420,567,1.35,48,K_PREDICTION_NOT_COMMITTED
91,RegionB,1.38,222.54,223.92,302.292,693.935,260.793832291442,48.5018322914421,0,48.5018322914421,41.4981677085579,1.4210854715202e-14,0,384.639335417116,1.4210854715202e-14,32,32,1004.88,0,0.5755,8.17834688859875e-15,585,410,553.5,1.35,48,K_PREDICTION_NOT_COMMITTED
91,RegionC,67.5823333333332,156.992,224.574333333333,309.91258,693.935,270.719866053028,45.8072860530287,0,45.8072860530287,39.1927139469713,-2.1316282072803e-14,0,377.407847893943,-2.1316282072803e-14,30,30,975.75,0,0.5457,-1.16322951271286e-14,540,405,558.9,1.38,48,K_PREDICTION_NOT_COMMITTED
91,RegionD,71.3023333333332,128.078,199.380333333333,255.206826666667,693.935,255.206826666667,171.775430879671,0,171.775430879671,0,0,180,86.9527424536629,-180,90,251.46890502689,626.23,488.46,0.4167,0,1472,720,921.6,1.28,48,K_PREDICTION_NOT_COMMITTED
91,RegionE,107.503333333333,179.24,286.743333333333,358.429166666667,693.935,358.429166666667,-0,0,0,0,0,220,115.505833333333,-220,82,82,553.41,431.66,0.2183,0,1012,560,700,1.25,48,K_PREDICTION_NOT_COMMITTED
91,RegionF,35.6183333333335,159.349333,194.967666333333,247.608936243334,693.935,247.608936243334,-0,0,0,0,0,220,226.326063756666,-220,85,85,582.54,454.38,0.258,0,966,540,685.8,1.27,48,K_PREDICTION_NOT_COMMITTED
92,RegionA,0.742666666666665,223.522,224.264666666667,302.7573,670.095,256.648224768269,53.890924768269,0,53.890924768269,46.109075231731,-1.4210854715202e-14,0,359.555850463462,-1.4210854715202e-14,35,35,1048.1,0,0.6274,-8.91589024831774e-15,630,420,567,1.35,48,K_PREDICTION_NOT_COMMITTED
92,RegionB,79.6133333333333,249.842,329.455333333333,444.7647,670.095,403.266532291442,48.5018322914421,0,48.5018322914421,41.4981677085579,0,0,218.326635417116,0,32,32,1004.43,0,0.5869,0,585,410,553.5,1.35,48,K_PREDICTION_NOT_COMMITTED
92,RegionC,40.4836666666666,223.526333,264.009999666667,364.33379954,670.095,325.141085593029,45.8072860530287,0,45.8072860530287,39.1927139469713,-2.1316282072803e-14,0,299.146628353943,-2.1316282072803e-14,30,30,975.32,0,0.5565,-1.18625109735149e-14,540,405,558.9,1.38,48,K_PREDICTION_NOT_COMMITTED
92,RegionD,0.307999999999998,157.033333,157.341333,201.39690624,670.095,-0,58.60309376,0,58.60309376,201.39690624,0,180,431.49190624,-180,251.46890502689,90,625.95,488.24,0.425,0,1472,720,921.6,1.28,48,K_PREDICTION_NOT_COMMITTED
92,RegionE,140.696,135.823667,276.519667,345.64958375,670.095,345.64958375,-0,0,0,0,0,220,104.44541625,-220,82,82,553.16,431.46,0.2226,0,1012,560,700,1.25,48,K_PREDICTION_NOT_COMMITTED
92,RegionF,1.42333333333333,167.106667,168.530000333333,214.033100423333,670.095,214.033100423333,-0,0,0,0,0,220,236.061899576667,-220,85,85,582.28,454.18,0.2631,0,966,540,685.8,1.27,48,K_PREDICTION_NOT_COMMITTED
93,RegionA,90.205,242.756,332.961,449.49735,655.11,403.388274768269,53.890924768269,0,53.890924768269,46.109075231731,-1.4210854715202e-14,0,197.830800463462,-1.4210854715202e-14,35,35,1047.64,0,0.6387,-9.07647290659952e-15,630,420,567,1.35,48,K_PREDICTION_NOT_COMMITTED
93,RegionB,78.9866666666667,273.361,352.347666666667,475.66935,655.11,434.171182291442,48.5018322914421,0,48.5018322914421,41.4981677085579,0,0,172.436985417116,0,32,32,1003.99,0,0.5975,0,585,410,553.5,1.35,48,K_PREDICTION_NOT_COMMITTED
93,RegionC,73.4520000000001,228.882667,302.334667,417.22184046,655.11,378.029126513029,45.8072860530287,0,45.8072860530287,39.1927139469713,-2.1316282072803e-14,0,231.273587433943,-2.1316282072803e-14,30,30,974.88,0,0.5666,-1.20778054224502e-14,540,405,558.9,1.38,48,K_PREDICTION_NOT_COMMITTED
93,RegionD,0,196.834333,196.834333,251.94794624,655.11,251.94794624,-0,0,0,0,0,180,223.16205376,-180,90,90,625.67,488.02,0.4326,0,1472,720,921.6,1.28,48,K_PREDICTION_NOT_COMMITTED
93,RegionE,25.9509999999999,180.286667,206.237667,257.79708375,655.11,257.79708375,-0,0,0,0,0,220,177.31291625,-220,82,82,552.92,431.28,0.2266,0,1012,560,700,1.25,48,K_PREDICTION_NOT_COMMITTED
93,RegionF,0,219.338333,219.338333,278.55968291,655.11,278.55968291,-0,0,0,0,0,220,156.55031709,-220,85,85,582.02,453.98,0.2678,0,966,540,685.8,1.27,48,K_PREDICTION_NOT_COMMITTED
94,RegionA,59.721,259.392,319.113,430.80255,650,384.693474768269,53.890924768269,0,53.890924768269,46.109075231731,-1.4210854715202e-14,0,211.415600463462,-1.4210854715202e-14,35,35,649.97,0,0.6483,-9.21289711186546e-15,630,420,567,1.35,48,K_PREDICTION_NOT_COMMITTED
94,RegionB,72.4170000000001,257.45,329.867,445.32045,650,403.822282291442,48.5018322914421,0,48.5018322914421,41.4981677085579,0,0,197.675885417116,0,32,32,622.89,0,0.6065,0,585,410,553.5,1.35,48,K_PREDICTION_NOT_COMMITTED
94,RegionC,74.0883333333333,284.158,358.246333333333,494.37994,650,455.187226053029,45.8072860530287,0,45.8072860530287,39.1927139469713,0,0,149.005487893943,0,30,30,604.84,0,0.5751,0,540,405,558.9,1.38,48,K_PREDICTION_NOT_COMMITTED
94,RegionD,0.4,220.082,220.482,282.21696,650,282.21696,-0,0,0,0,0,180,187.78304,-180,90,90,388.18,302.78,0.4392,0,1472,720,921.6,1.28,48,K_PREDICTION_NOT_COMMITTED
94,RegionE,0.263333333333335,196.395,196.658333333333,245.822916666667,650,245.822916666667,-0,0,0,0,0,220,184.177083333333,-220,82,82,343.04,267.57,0.23,0,1012,560,700,1.25,48,K_PREDICTION_NOT_COMMITTED
94,RegionF,0.960000000000002,208.39,209.35,265.8745,650,265.8745,-0,0,0,0,0,220,164.1255,-220,85,85,361.1,281.66,0.2719,0,966,540,685.8,1.27,48,K_PREDICTION_NOT_COMMITTED
95,RegionA,8.517,323.515667,332.032667,448.24410045,655.11,402.135025218269,53.890924768269,0,53.890924768269,46.109075231731,-1.4210854715202e-14,0,199.084050013462,-1.4210854715202e-14,35,35,649.7,0,0.6555,-9.31521526581491e-15,630,420,567,1.35,48,K_PREDICTION_NOT_COMMITTED
95,RegionB,78.9333333333333,296.256,375.189333333333,506.5056,655.11,465.007432291442,48.5018322914421,0,48.5018322914421,41.4981677085579,0,0,141.600735417116,0,32,32,622.63,0,0.6132,0,585,410,553.5,1.35,48,K_PREDICTION_NOT_COMMITTED
95,RegionC,75.49,273.435333,348.925333,481.51695954,655.11,442.324245593029,45.8072860530287,0,45.8072860530287,39.1927139469713,0,0,166.978468353943,0,30,30,604.58,0,0.5815,0,540,405,558.9,1.38,48,K_PREDICTION_NOT_COMMITTED
95,RegionD,0.4,229.478,229.878,294.24384,655.11,294.24384,-0,0,0,0,0,180,180.86616,-180,90,90,388.01,302.65,0.4441,0,1472,720,921.6,1.28,48,K_PREDICTION_NOT_COMMITTED
95,RegionE,0,193.616,193.616,242.02,655.11,242.02,-0,0,0,0,0,220,193.09,-220,82,82,342.9,267.46,0.2326,0,1012,560,700,1.25,48,K_PREDICTION_NOT_COMMITTED
95,RegionF,21.12,287.521333,308.641333,391.97449291,655.11,391.97449291,-0,0,0,0,0,220,43.13550709,-220,85,85,360.94,281.53,0.2749,0,966,540,685.8,1.27,48,K_PREDICTION_NOT_COMMITTED
96,RegionA,2.40133333333333,335.832667,338.234000333333,456.61590045,670.095,410.506825218269,53.890924768269,0,53.890924768269,46.109075231731,0,0,205.697250013462,0,35,35,469.03,0,0.6598,0,630,420,567,1.35,48,K_PREDICTION_NOT_COMMITTED
96,RegionB,75.5133333333333,303.977,379.490333333333,512.31195,670.095,470.813782291442,48.5018322914421,0,48.5018322914421,41.4981677085579,0,0,150.779385417116,0,32,32,449.48,0,0.6173,0,585,410,553.5,1.35,48,K_PREDICTION_NOT_COMMITTED
96,RegionC,62.948,319.768667,382.716667,528.14900046,670.095,488.956286513028,45.8072860530287,0,45.8072860530287,39.1927139469713,0,0,135.331427433943,0,30,30,436.46,0,0.5853,0,540,405,558.9,1.38,48,K_PREDICTION_NOT_COMMITTED
96,RegionD,0.266666666666669,225.576333,225.842999666667,289.079039573333,670.095,289.079039573333,-0,0,0,0,0,180,201.015960426667,-180,90,90,280.11,218.49,0.447,0,1472,720,921.6,1.28,48,K_PREDICTION_NOT_COMMITTED
96,RegionE,0,243.204,243.204,304.005,670.095,304.005,-0,0,0,0,0,220,146.09,-220,82,82,247.54,193.08,0.2341,0,1012,560,700,1.25,48,K_PREDICTION_NOT_COMMITTED
96,RegionF,21.12,304.272,325.392,413.24784,670.095,413.24784,-0,0,0,0,0,220,36.84716,-220,85,85,260.57,203.24,0.2767,0,966,540,685.8,1.27,48,K_PREDICTION_NOT_COMMITTED
97,RegionA,3.172,389.929333,393.101333,530.68679955,693.935,484.577724318269,53.890924768269,0,53.890924768269,46.109075231731,0,0,155.466350913462,0,35,35,468.83,0,0.6609,0,630,420,567,1.35,48,K_PREDICTION_NOT_COMMITTED
97,RegionB,29.3749999999999,359.708,389.083,525.26205,693.935,483.763882291442,48.5018322914421,0,48.5018322914421,41.4981677085579,0,0,161.669285417116,0,32,32,449.3,0,0.6183,0,585,410,553.5,1.35,48,K_PREDICTION_NOT_COMMITTED
97,RegionC,40.5866666666666,354.778667,395.365333666667,545.60416046,693.935,506.411446513029,45.8072860530287,0,45.8072860530287,39.1927139469713,0,0,141.716267433943,0,30,30,436.28,0,0.5863,0,540,405,558.9,1.38,48,K_PREDICTION_NOT_COMMITTED
97,RegionD,0,291.195333,291.195333,372.73002624,693.935,372.73002624,-0,0,0,0,0,180,141.20497376,-180,90,90,280,218.4,0.4477,0,1472,720,921.6,1.28,48,K_PREDICTION_NOT_COMMITTED
97,RegionE,0,317.668667,317.668667,397.08583375,693.935,397.08583375,-0,0,0,0,0,220,76.8491662499999,-220,82,82,247.44,193,0.2345,0,1012,560,700,1.25,48,K_PREDICTION_NOT_COMMITTED
97,RegionF,2.11733333333326,289.32,291.437333333333,370.125413333333,693.935,370.125413333333,-0,0,0,0,0,220,103.809586666667,-220,85,85,260.46,203.16,0.2772,0,966,540,685.8,1.27,48,K_PREDICTION_NOT_COMMITTED
98,RegionA,37.8983333333333,368.268333,406.166666333333,548.32499955,725,502.215924318269,53.890924768269,0,53.890924768269,46.109075231731,0,0,168.893150913462,0,35,35,468.65,0,0.6586,0,630,420,567,1.35,48,K_PREDICTION_NOT_COMMITTED
98,RegionB,45.6266666666667,361.733333,407.359999666667,549.93599955,725,508.437831841442,48.5018322914421,0,48.5018322914421,41.4981677085579,0,0,168.060335867116,0,32,32,449.12,0,0.6161,0,585,410,553.5,1.35,48,K_PREDICTION_NOT_COMMITTED
98,RegionC,35.2906666666667,367.761333,403.051999666667,556.21175954,725,517.019045593029,45.8072860530287,0,45.8072860530287,39.1927139469713,0,0,162.173668353943,0,30,30,436.1,0,0.5843,0,540,405,558.9,1.38,48,K_PREDICTION_NOT_COMMITTED
98,RegionD,0,359.078,359.078,459.61984,725,459.61984,-0,0,0,0,0,180,85.38016,-180,90,90,279.89,218.31,0.4462,0,1472,720,921.6,1.28,48,K_PREDICTION_NOT_COMMITTED
98,RegionE,0,391.284,391.284,489.105,725,489.105,-0,0,0,0,0,220,15.895,-220,82,82,247.34,192.93,0.2337,0,1012,560,700,1.25,48,K_PREDICTION_NOT_COMMITTED
98,RegionF,0.4,330.338,330.738,420.03726,725,420.03726,-0,0,0,0,0,220,84.96274,-220,85,85,260.36,203.08,0.2762,0,966,540,685.8,1.27,48,K_PREDICTION_NOT_COMMITTED
99,RegionA,22.0493333333333,389.356,411.405333333333,555.3972,761.175,509.288124768269,53.890924768269,0,53.890924768269,46.109075231731,0,0,197.995950463462,0,35,35,468.46,0,0.6531,0,630,420,567,1.35,48,K_PREDICTION_NOT_COMMITTED
99,RegionB,44.816,364.249,409.065,552.23775,761.175,510.739582291442,48.5018322914421,0,48.5018322914421,41.4981677085579,0,0,201.933585417116,0,32,32,448.94,0,0.6109,0,585,410,553.5,1.35,48,K_PREDICTION_NOT_COMMITTED
99,RegionC,28.8013333333333,374.593333,403.394666333333,556.68463954,761.175,517.491925593029,45.8072860530287,0,45.8072860530287,39.1927139469713,0,0,197.875788353943,0,30,30,435.93,0,0.5793,0,540,405,558.9,1.38,48,K_PREDICTION_NOT_COMMITTED
99,RegionD,0,380.031333,380.031333,486.44010624,761.175,486.44010624,-0,0,0,0,0,180,94.7348937599999,-180,90,90,279.78,218.23,0.4424,0,1472,720,921.6,1.28,48,K_PREDICTION_NOT_COMMITTED
99,RegionE,0,382.03,382.03,477.5375,761.175,477.5375,-0,0,0,0,0,220,63.6375,-220,82,82,247.24,192.85,0.2317,0,1012,560,700,1.25,48,K_PREDICTION_NOT_COMMITTED
99,RegionF,0.239999999999998,364.39,364.63,463.0801,761.175,463.0801,-0,0,0,0,0,220,78.0948999999999,-220,85,85,260.26,203,0.2739,0,966,540,685.8,1.27,48,K_PREDICTION_NOT_COMMITTED
100,RegionA,8.44933333333342,392.170333,400.619666333333,540.83654955,800,494.727474318269,53.890924768269,0,53.890924768269,46.109075231731,0,0,251.381600913462,0,35,35,468.28,0,0.6446,0,630,420,567,1.35,48,K_PREDICTION_NOT_COMMITTED
100,RegionB,44.48,358.644667,403.124667,544.21830045,800,502.720132741442,48.5018322914421,0,48.5018322914421,41.4981677085579,0,0,248.778034967116,0,32,32,448.77,0,0.603,0,585,410,553.5,1.35,48,K_PREDICTION_NOT_COMMITTED
100,RegionC,22.1013333333334,378.371667,400.473000333333,552.65274046,800,513.460026513029,45.8072860530287,0,45.8072860530287,39.1927139469713,0,0,240.732687433943,0,30,30,435.77,0,0.5718,0,540,405,558.9,1.38,48,K_PREDICTION_NOT_COMMITTED
100,RegionD,0,400.438333,400.438333,512.56106624,800,512.56106624,-0,0,0,0,0,180,107.43893376,-180,90,90,279.67,218.14,0.4367,0,1472,720,921.6,1.28,48,K_PREDICTION_NOT_COMMITTED
100,RegionE,0,383.613333,383.613333,479.51666625,800,479.51666625,-0,0,0,0,0,220,100.48333375,-220,82,82,247.15,192.78,0.2287,0,1012,560,700,1.25,48,K_PREDICTION_NOT_COMMITTED
100,RegionF,0,375.018,375.018,476.27286,800,476.27286,-0,0,0,0,0,220,103.72714,-220,85,85,260.16,202.92,0.2703,0,966,540,685.8,1.27,48,K_PREDICTION_NOT_COMMITTED
101,RegionA,20.7413333333333,392.081333,412.822666333333,557.31059955,838.825,511.201524318269,53.890924768269,0,53.890924768269,46.109075231731,0,0,273.732550913462,0,35,35,468.11,0,0.6338,0,630,420,567,1.35,48,K_PREDICTION_NOT_COMMITTED
101,RegionB,32.5026666666666,375.808,408.310666666667,551.2194,838.825,509.721232291442,48.5018322914421,0,48.5018322914421,41.4981677085579,0,0,280.601935417116,0,32,32,448.61,0,0.5929,0,585,410,553.5,1.35,48,K_PREDICTION_NOT_COMMITTED
101,RegionC,21.3233333333333,380.224,401.547333333333,554.13532,838.825,514.942606053029,45.8072860530287,0,45.8072860530287,39.1927139469713,0,0,278.075107893943,0,30,30,435.6,0,0.5622,0,540,405,558.9,1.38,48,K_PREDICTION_NOT_COMMITTED
101,RegionD,10.36,389.18,399.54,511.4112,838.825,511.4112,147.4138,0,147.4138,0,0,180,0,-180,90,228.568972,279.57,218.06,0.4293,0,1472,720,921.6,1.28,48,K_PREDICTION_NOT_COMMITTED
101,RegionE,0,394.06,394.06,492.575,838.825,492.575,-0,0,0,0,0,220,126.25,-220,82,82,247.06,192.71,0.2249,0,1012,560,700,1.25,48,K_PREDICTION_NOT_COMMITTED
101,RegionF,0,397.084,397.084,504.29668,838.825,504.29668,114.52832,0,114.52832,0,0,220,0,-220,85,192.6566208,260.06,202.85,0.2658,0,966,540,685.8,1.27,48,K_PREDICTION_NOT_COMMITTED
102,RegionA,18.96,363.382667,382.342667,516.16260045,875,470.053525218269,53.890924768269,0,53.890924768269,46.109075231731,0,0,351.055550013462,0,35,35,467.95,0,0.6212,0,630,420,567,1.35,48,K_PREDICTION_NOT_COMMITTED
102,RegionB,19.7120000000001,373.1,392.812,530.2962,875,488.798032291442,48.5018322914421,0,48.5018322914421,41.4981677085579,0,0,337.700135417116,0,32,32,448.45,0,0.5812,0,585,410,553.5,1.35,48,K_PREDICTION_NOT_COMMITTED
102,RegionC,19.0606666666667,385.68,404.740666666667,558.54212,875,519.349406053029,45.8072860530287,0,45.8072860530287,39.1927139469713,0,0,309.843307893943,0,30,30,435.45,0,0.5511,0,540,405,558.9,1.38,48,K_PREDICTION_NOT_COMMITTED
102,RegionD,226.717,365.984,592.701,758.65728,875,568.623588846441,69.9663088464412,0,69.9663088464412,190.033691153559,0,180,56.4101023071179,-180,228.568972,90,279.47,217.99,0.4208,0,1472,720,921.6,1.28,48,K_PREDICTION_NOT_COMMITTED
102,RegionE,0,399.044,399.044,498.805,875,498.805,-0,0,0,0,0,220,156.195,-220,82,82,246.97,192.64,0.2204,0,1012,560,700,1.25,48,K_PREDICTION_NOT_COMMITTED
102,RegionF,111.1,428.016667,539.116667,684.67816709,875,514.64793694167,79.9697698516701,0,79.9697698516701,170.03023014833,0,220,60.3822932066598,-220,192.6566208,85,259.97,202.78,0.2605,0,966,540,685.8,1.27,48,K_PREDICTION_NOT_COMMITTED
103,RegionA,31.4866666666667,363.722333,395.208999666667,533.53214955,906.065,487.423074318269,53.890924768269,0,53.890924768269,46.109075231731,0,0,364.751000913462,0,35,35,719.67,0,0.6079,0,630,420,567,1.35,48,K_PREDICTION_NOT_COMMITTED
103,RegionB,2.376,379.741333,382.117333,515.85839955,906.065,474.360231841442,48.5018322914421,0,48.5018322914421,41.4981677085579,0,0,383.202935867116,0,32,32,689.68,0,0.5687,0,585,410,553.5,1.35,48,K_PREDICTION_NOT_COMMITTED
103,RegionC,20.4126666666667,383.168,403.580666666667,556.94132,906.065,517.748606053029,45.8072860530287,0,45.8072860530287,39.1927139469713,0,0,342.509107893943,0,30,30,669.69,0,0.5392,0,540,405,558.9,1.38,48,K_PREDICTION_NOT_COMMITTED
103,RegionD,119.206,400.633333,519.839333,665.39434624,906.065,665.39434624,-0,0,0,0,0,180,60.6706537599999,-180,90,90,429.8,335.24,0.4118,0,1472,720,921.6,1.28,48,K_PREDICTION_NOT_COMMITTED
103,RegionE,0,412.501,412.501,515.62625,906.065,515.62625,170.43875,0,170.43875,0,0,220,0,-220,82,242.212425,379.83,296.27,0.2157,0,1012,560,700,1.25,48,K_PREDICTION_NOT_COMMITTED
103,RegionF,107.056333333333,426.425667,533.482000333333,677.522140423333,906.065,677.522140423333,-0,0,0,0,0,220,8.54285957666661,-220,85,85,399.82,311.86,0.2549,0,966,540,685.8,1.27,48,K_PREDICTION_NOT_COMMITTED
104,RegionA,55.2493333333333,364.392,419.641333333333,566.5158,929.905,520.406724768269,53.890924768269,0,53.890924768269,46.109075231731,0,0,355.607350463462,0,35,35,719.43,0,0.5945,0,630,420,567,1.35,48,K_PREDICTION_NOT_COMMITTED
104,RegionB,2.47466666666667,383.753333,386.227999666667,521.40779955,929.905,479.909631841442,48.5018322914421,0,48.5018322914421,41.4981677085579,0,0,401.493535867116,0,32,32,689.45,0,0.5562,0,585,410,553.5,1.35,48,K_PREDICTION_NOT_COMMITTED
104,RegionC,14.8833333333333,378.510667,393.394000333333,542.88372046,929.905,503.691006513029,45.8072860530287,0,45.8072860530287,39.1927139469713,0,0,380.406707433943,0,30,30,669.47,0,0.5274,0,540,405,558.9,1.38,48,K_PREDICTION_NOT_COMMITTED
104,RegionD,87.3196666666666,372.17,459.489666666667,588.146773333333,929.905,588.146773333333,-0,0,0,0,0,180,161.758226666667,-180,90,90,429.66,335.13,0.4027,0,1472,720,921.6,1.28,48,K_PREDICTION_NOT_COMMITTED
104,RegionE,0.32,363.476667,363.796667,454.74583375,929.905,263.301187901105,48.5553541511045,0,48.5553541511045,191.444645848896,0,220,398.048457947791,-220,242.212425,82,379.7,296.17,0.211,0,1012,560,700,1.25,48,K_PREDICTION_NOT_COMMITTED
104,RegionF,87.328,369.234,456.562,579.83374,929.905,579.83374,-0,0,0,0,0,220,130.07126,-220,85,85,399.68,311.75,0.2493,0,966,540,685.8,1.27,48,K_PREDICTION_NOT_COMMITTED
105,RegionA,44.2,362.781333,406.981333,549.42479955,944.89,503.315724318269,53.890924768269,0,53.890924768269,46.109075231731,0,0,387.683350913462,0,35,35,719.2,0,0.582,0,630,420,567,1.35,48,K_PREDICTION_NOT_COMMITTED
105,RegionB,15.7066666666667,380.3,396.006666666667,534.609,944.89,493.110832291442,48.5018322914421,0,48.5018322914421,41.4981677085579,0,0,403.277335417116,0,32,32,689.24,0,0.5445,0,585,410,553.5,1.35,48,K_PREDICTION_NOT_COMMITTED
105,RegionC,20.3576666666666,377.629333,397.986999666667,549.22205954,944.89,510.029345593028,45.8072860530287,0,45.8072860530287,39.1927139469713,0,0,389.053368353943,0,30,30,669.26,0,0.5163,0,540,405,558.9,1.38,48,K_PREDICTION_NOT_COMMITTED
105,RegionD,84.62,376.005,460.625,589.6,944.89,589.6,-0,0,0,0,0,180,175.29,-180,90,90,429.52,335.03,0.3943,0,1472,720,921.6,1.28,48,K_PREDICTION_NOT_COMMITTED
105,RegionE,0.32,407.118,407.438,509.2975,944.89,509.2975,215.5925,0,215.5925,0,0,220,0,-220,82,284.65695,379.58,296.07,0.2065,0,1012,560,700,1.25,48,K_PREDICTION_NOT_COMMITTED
105,RegionF,75.6773333333334,341.79,417.467333333333,530.183513333333,944.89,530.183513333333,194.706486666667,0,194.706486666667,0,0,220,0,-220,85,268.024097466667,399.56,311.66,0.2441,0,966,540,685.8,1.27,48,K_PREDICTION_NOT_COMMITTED
106,RegionA,44.2003333333333,372.284333,416.484666333333,562.25429955,950,516.145224318269,53.890924768269,0,53.890924768269,46.109075231731,0,0,379.963850913462,0,35,35,718.99,0,0.5713,0,630,420,567,1.35,48,K_PREDICTION_NOT_COMMITTED
106,RegionB,16.096,379.217333,395.313333,533.67299955,950,492.174831841442,48.5018322914421,0,48.5018322914421,41.4981677085579,0,0,409.323335867116,0,32,32,689.03,0,0.5344,0,585,410,553.5,1.35,48,K_PREDICTION_NOT_COMMITTED
106,RegionC,16.62,372.074667,388.694667,536.39864046,950,497.205926513029,45.8072860530287,0,45.8072860530287,39.1927139469713,0,0,406.986787433943,0,30,30,669.06,0,0.5068,0,540,405,558.9,1.38,48,K_PREDICTION_NOT_COMMITTED
106,RegionD,87.7173333333333,336.756667,424.474000333333,543.326720426667,950,543.326720426667,-0,0,0,0,0,180,226.673279573333,-180,90,90,429.39,334.92,0.387,0,1472,720,921.6,1.28,48,K_PREDICTION_NOT_COMMITTED
106,RegionE,2.82,362.426,365.246,456.5575,950,244.051383523637,27.4938835236368,0,27.4938835236368,212.506116476363,0,220,458.454732952726,-220,284.65695,82,379.47,295.99,0.2027,0,1012,560,700,1.25,48,K_PREDICTION_NOT_COMMITTED
106,RegionF,16.4663333333334,343.937333,360.403666333333,457.712656243333,950,250.284201092336,42.5715448490023,0,42.5715448490023,207.428455150998,0,220,437.144254058662,-220,268.024097466667,85,399.44,311.56,0.2396,0,966,540,685.8,1.27,48,K_PREDICTION_NOT_COMMITTED
107,RegionA,16.8146666666666,384.015667,400.830333666667,541.12095045,944.89,495.011875218269,53.890924768269,0,53.890924768269,46.109075231731,0,0,395.987200013462,0,35,35,718.78,0,0.5629,0,630,420,567,1.35,48,K_PREDICTION_NOT_COMMITTED
107,RegionB,12.028,373.581667,385.609667,520.57305045,944.89,479.074882741442,48.5018322914421,0,48.5018322914421,41.4981677085579,0,0,417.313284967116,0,32,32,688.83,0,0.5266,0,585,410,553.5,1.35,48,K_PREDICTION_NOT_COMMITTED
107,RegionC,27.22,358.188,385.408,531.86304,944.89,492.670326053029,45.8072860530287,0,45.8072860530287,39.1927139469713,0,0,406.412387893943,0,30,30,668.87,0,0.4994,0,540,405,558.9,1.38,48,K_PREDICTION_NOT_COMMITTED
107,RegionD,207.265333333333,322.183333,529.448666333333,677.694292906667,944.89,677.694292906667,-0,0,0,0,0,180,87.1957070933335,-180,90,90,429.27,334.83,0.3814,0,1472,720,921.6,1.28,48,K_PREDICTION_NOT_COMMITTED
107,RegionE,58.4983333333333,328.676,387.174333333333,483.967916666667,944.89,372.022553311635,128.054636644969,0,128.054636644969,111.945363355031,0,220,224.812810043396,-220,82,82,379.36,295.9,0.1998,0,1012,560,700,1.25,48,K_PREDICTION_NOT_COMMITTED
107,RegionF,79.9,326.412667,406.312667,516.01708709,944.89,516.01708709,-0,0,0,0,0,220,208.87291291,-220,85,85,399.32,311.47,0.2361,0,966,540,685.8,1.27,48,K_PREDICTION_NOT_COMMITTED
108,RegionA,5.1546666666666,342.648,347.802666666667,469.5336,929.905,423.424524768269,53.890924768269,0,53.890924768269,46.109075231731,0,0,452.589550463462,0,35,35,718.59,0,0.5575,0,630,420,567,1.35,48,K_PREDICTION_NOT_COMMITTED
108,RegionB,2.56,321.71,324.27,437.7645,929.905,396.266332291442,48.5018322914421,0,48.5018322914421,41.4981677085579,0,0,485.136835417116,0,32,32,688.65,0,0.5216,0,585,410,553.5,1.35,48,K_PREDICTION_NOT_COMMITTED
108,RegionC,52.9533333333333,344.026667,396.980000333333,547.83240046,929.905,508.639686513029,45.8072860530287,0,45.8072860530287,39.1927139469713,0,0,375.458027433943,0,30,30,668.68,0,0.4946,0,540,405,558.9,1.38,48,K_PREDICTION_NOT_COMMITTED
108,RegionD,184.704,293.34,478.044,611.89632,929.905,611.89632,-0,0,0,0,0,180,138.00868,-180,90,90,429.16,334.74,0.3777,0,1472,720,921.6,1.28,48,K_PREDICTION_NOT_COMMITTED
108,RegionE,128.741,283.864,412.605,515.75625,929.905,515.75625,-0,0,0,0,0,220,194.14875,-220,82,82,379.25,295.81,0.1978,0,1012,560,700,1.25,48,K_PREDICTION_NOT_COMMITTED
108,RegionF,133.329333333333,288.164667,421.494000333333,535.297380423333,929.905,535.297380423333,174.607619576667,0,174.607619576667,0,0,220,0,-220,85,249.131162402067,399.21,311.38,0.2338,0,966,540,685.8,1.27,48,K_PREDICTION_NOT_COMMITTED
109,RegionA,5.52,325.478667,330.998667,446.84820045,906.065,400.739125218269,53.890924768269,0,53.890924768269,46.109075231731,-1.4210854715202e-14,0,451.434950013462,-1.4210854715202e-14,35,35,718.4,0,0.5554,-7.89270870882319e-15,630,420,567,1.35,48,K_PREDICTION_NOT_COMMITTED
109,RegionB,71.8986666666667,276.999333,348.897999666667,471.01229955,906.065,429.514131841442,48.5018322914421,0,48.5018322914421,41.4981677085579,0,0,428.049035867116,0,32,32,688.47,0,0.5196,0,585,410,553.5,1.35,48,K_PREDICTION_NOT_COMMITTED
109,RegionC,68.5466666666667,311.952,380.498666666667,525.08816,906.065,485.895446053029,45.8072860530287,0,45.8072860530287,39.1927139469713,0,0,374.362267893943,0,30,30,668.52,0,0.4927,0,540,405,558.9,1.38,48,K_PREDICTION_NOT_COMMITTED
109,RegionD,190.698333333333,229.390333,420.088666333333,537.713492906666,906.065,537.713492906666,188.351507093334,0,188.351507093334,0,0,180,0,-180,90,267.050416667734,429.05,334.66,0.3763,0,1472,720,921.6,1.28,48,K_PREDICTION_NOT_COMMITTED
109,RegionE,102.129,291.689333,393.818333,492.27291625,906.065,492.27291625,-0,0,0,0,0,220,193.79208375,-220,82,82,379.16,295.74,0.1971,0,1012,560,700,1.25,48,K_PREDICTION_NOT_COMMITTED
109,RegionF,66.2956666666669,218.782,285.077666666667,362.048636666667,906.065,163.99507726323,51.9464405965628,0,51.9464405965628,198.053559403437,0,220,470.123482140207,-220,249.131162402067,85,399.11,311.31,0.2329,0,966,540,685.8,1.27,48,K_PREDICTION_NOT_COMMITTED
110,RegionA,58.8509999999999,281.095,339.946,458.9271,875,412.818024768269,53.890924768269,0,53.890924768269,46.109075231731,0,0,408.291050463462,0,35,35,718.23,0,0.5567,0,630,420,567,1.35,48,K_PREDICTION_NOT_COMMITTED
110,RegionB,76.0133333333333,272.532,348.545333333333,470.5362,875,429.038032291442,48.5018322914421,0,48.5018322914421,41.4981677085579,0,0,397.460135417116,0,32,32,688.31,0,0.5208,0,585,410,553.5,1.35,48,K_PREDICTION_NOT_COMMITTED
110,RegionC,48.6626666666665,255.109333,303.771999666666,419.20535954,875,380.012645593028,45.8072860530287,0,45.8072860530287,39.1927139469713,-2.1316282072803e-14,0,449.180068353943,-2.1316282072803e-14,30,30,668.36,0,0.4939,-1.05281117157574e-14,540,405,558.9,1.38,48,K_PREDICTION_NOT_COMMITTED
110,RegionD,156.828,178.025667,334.853667,428.61269376,875,219.484058875253,50.8713651152533,0,50.8713651152533,209.128634884747,0,180,424.644576009493,-180,267.050416667734,90,428.95,334.58,0.3771,0,1472,720,921.6,1.28,48,K_PREDICTION_NOT_COMMITTED
110,RegionE,93.9786666666667,287.048,381.026666666667,476.283333333333,875,476.283333333333,-0,0,0,0,0,220,178.716666666667,-220,82,82,379.07,295.67,0.1975,0,1012,560,700,1.25,48,K_PREDICTION_NOT_COMMITTED
110,RegionF,80.6313333333335,210.151,290.782333333333,369.293563333333,875,252.683809838509,133.390246505176,0,133.390246505176,116.609753494824,0,220,268.925943656315,-220,85,85,399.02,311.24,0.2335,0,966,540,685.8,1.27,48,K_PREDICTION_NOT_COMMITTED
111,RegionA,6.03566666666665,272.895333,278.930999666667,376.55684955,838.825,330.447774318269,53.890924768269,0,53.890924768269,46.109075231731,-1.4210854715202e-14,0,454.486300913462,-1.4210854715202e-14,35,35,718.08,0,0.5613,-7.97655275164288e-15,630,420,567,1.35,48,K_PREDICTION_NOT_COMMITTED
111,RegionB,80.785,261.314,342.099,461.83365,838.825,420.335482291442,48.5018322914421,0,48.5018322914421,41.4981677085579,0,0,369.987685417116,0,32,32,688.16,0,0.5251,0,585,410,553.5,1.35,48,K_PREDICTION_NOT_COMMITTED
111,RegionC,1.18633333333333,231.575667,232.762000333333,321.21156046,838.825,282.018846513029,45.8072860530287,0,45.8072860530287,39.1927139469713,-2.1316282072803e-14,0,510.998867433943,-2.1316282072803e-14,30,30,668.21,0,0.4979,-1.06133768440486e-14,540,405,558.9,1.38,48,K_PREDICTION_NOT_COMMITTED
111,RegionD,210.412333333333,192.432667,402.845000333333,515.641600426667,838.825,515.641600426667,-0,0,0,0,0,180,143.183399573334,-180,90,90,428.85,334.5,0.3802,0,1472,720,921.6,1.28,48,K_PREDICTION_NOT_COMMITTED
111,RegionE,73.4789999999999,280.036,353.515,441.89375,838.825,441.89375,-0,0,0,0,0,220,176.93125,-220,82,82,378.98,295.6,0.1992,0,1012,560,700,1.25,48,K_PREDICTION_NOT_COMMITTED
111,RegionF,89.2373333333334,193.271667,282.509000333333,358.786430423333,838.825,242.176676928509,133.390246505176,0,133.390246505176,116.609753494824,0,220,243.258076566316,-220,85,85,398.93,311.17,0.2354,0,966,540,685.8,1.27,48,K_PREDICTION_NOT_COMMITTED
112,RegionA,0.441333333333333,228.568667,229.010000333333,309.16350045,800,263.054425218269,53.890924768269,0,53.890924768269,46.109075231731,-1.4210854715202e-14,0,483.054650013462,-1.4210854715202e-14,35,35,717.93,0,0.5688,-8.0831341620069e-15,630,420,567,1.35,48,K_PREDICTION_NOT_COMMITTED
112,RegionB,79.0516666666667,226.379333,305.430999666667,412.33184955,800,370.833681841442,48.5018322914421,0,48.5018322914421,41.4981677085579,1.4210854715202e-14,0,380.664485867116,1.4210854715202e-14,32,32,688.02,0,0.5321,7.56159579395899e-15,585,410,553.5,1.35,48,K_PREDICTION_NOT_COMMITTED
112,RegionC,0.72,179.136667,179.856667,248.20220046,800,209.009486513029,45.8072860530287,0,45.8072860530287,39.1927139469713,7.105427357601e-15,0,545.183227433943,7.105427357601e-15,30,30,668.07,0,0.5046,3.58539864464547e-15,540,405,558.9,1.38,48,K_PREDICTION_NOT_COMMITTED
112,RegionD,197.858666666667,146.620667,344.479333666667,440.933547093333,800,440.933547093333,-0,0,0,0,0,180,179.066452906667,-180,90,90,428.76,334.43,0.3853,0,1472,720,921.6,1.28,48,K_PREDICTION_NOT_COMMITTED
112,RegionE,141.785,204.982667,346.767667,433.45958375,800,433.45958375,-0,0,0,0,0,220,146.54041625,-220,82,82,378.91,295.55,0.2018,0,1012,560,700,1.25,48,K_PREDICTION_NOT_COMMITTED
112,RegionF,138.175333333333,191.08,329.255333333333,418.154273333333,800,418.154273333333,-0,0,0,0,0,220,161.845726666667,-220,85,85,398.85,311.1,0.2385,0,966,540,685.8,1.27,48,K_PREDICTION_NOT_COMMITTED
113,RegionA,0.597333333333335,222.519333,223.116666333333,301.20749955,761.175,255.098424318269,53.890924768269,0,53.890924768269,46.109075231731,-1.4210854715202e-14,0,452.185650913462,-1.4210854715202e-14,35,35,1040.81,0,0.5788,-8.22524270915892e-15,630,420,567,1.35,48,K_PREDICTION_NOT_COMMITTED
113,RegionB,35.8839999999999,226.473333,262.357333,354.18239955,761.175,312.684231841442,48.5018322914421,0,48.5018322914421,41.4981677085579,1.4210854715202e-14,0,399.988935867116,1.4210854715202e-14,32,32,997.44,0,0.5414,7.69375674281036e-15,585,410,553.5,1.35,48,K_PREDICTION_NOT_COMMITTED
113,RegionC,17.1,180.61,197.71,272.8398,761.175,233.647086053029,45.8072860530287,0,45.8072860530287,39.1927139469713,7.105427357601e-15,0,481.720627893943,7.105427357601e-15,30,30,968.53,0,0.5134,3.64792640539235e-15,540,405,558.9,1.38,48,K_PREDICTION_NOT_COMMITTED
113,RegionD,218.76,137.533333,356.293333,456.05546624,761.175,456.05546624,-0,0,0,0,0,180,125.11953376,-180,90,90,621.59,484.84,0.3921,0,1472,720,921.6,1.28,48,K_PREDICTION_NOT_COMMITTED
113,RegionE,145.412333333333,151.161,296.573333333333,370.716666666667,761.175,370.716666666667,-0,0,0,0,0,220,170.458333333333,-220,82,82,549.32,428.47,0.2054,0,1012,560,700,1.25,48,K_PREDICTION_NOT_COMMITTED
113,RegionF,127.413333333333,179.636,307.049333333333,389.952653333333,761.175,389.952653333333,-0,0,0,0,0,220,151.222346666667,-220,85,85,578.23,451.02,0.2427,0,966,540,685.8,1.27,48,K_PREDICTION_NOT_COMMITTED
114,RegionA,0.269333333333334,224.428333,224.697666333333,303.34184955,725,257.232774318269,53.890924768269,0,53.890924768269,46.109075231731,-1.4210854715202e-14,0,413.876300913462,-1.4210854715202e-14,35,35,1040.64,0,0.5904,-8.39008862385526e-15,630,420,567,1.35,48,K_PREDICTION_NOT_COMMITTED
114,RegionB,51.2436666666666,235.535667,286.779333666667,387.15210045,725,345.653932741442,48.5018322914421,0,48.5018322914421,41.4981677085579,1.4210854715202e-14,0,330.844234967116,1.4210854715202e-14,32,32,997.28,0,0.5523,7.84865505920607e-15,585,410,553.5,1.35,48,K_PREDICTION_NOT_COMMITTED
114,RegionC,39.98,200.88,240.86,332.3868,725,293.194086053029,45.8072860530287,0,45.8072860530287,39.1927139469713,-2.1316282072803e-14,0,385.998627893943,-2.1316282072803e-14,30,30,968.37,0,0.5237,-1.11633369215269e-14,540,405,558.9,1.38,48,K_PREDICTION_NOT_COMMITTED
114,RegionD,111.106666666667,117.871,228.977666666667,293.091413333334,725,293.091413333334,251.908586666666,0,251.908586666666,0,0,180,0,-180,90,326.794071466666,621.49,484.76,0.4,0,1472,720,921.6,1.28,48,K_PREDICTION_NOT_COMMITTED
114,RegionE,98.5573333333333,139.656667,238.214000333333,297.767500416667,725,297.767500416667,117.640549228724,0,117.640549228724,0,0,220,89.5919503546099,-220,82,192.582116275,549.22,428.39,0.2095,0,1012,560,700,1.25,48,K_PREDICTION_NOT_COMMITTED
114,RegionF,133.569666666667,175.203333,308.772999666667,392.141709576667,725,392.141709576667,-0,0,0,0,0,220,112.858290423333,-220,85,85,578.13,450.94,0.2476,0,966,540,685.8,1.27,48,K_PREDICTION_NOT_COMMITTED
115,RegionA,9.94133333333333,245.3,255.241333333333,344.5758,693.935,298.466724768269,53.890924768269,0,53.890924768269,46.109075231731,-1.4210854715202e-14,0,341.577350463462,-1.4210854715202e-14,35,35,1040.48,0,0.603,-8.56914539326681e-15,630,420,567,1.35,48,K_PREDICTION_NOT_COMMITTED
115,RegionB,41.5253333333333,202.203667,243.729000333333,329.03415045,693.935,287.535982741442,48.5018322914421,0,48.5018322914421,41.4981677085579,1.4210854715202e-14,0,357.897184967116,1.4210854715202e-14,32,32,997.13,0,0.5641,8.01634314484545e-15,585,410,553.5,1.35,48,K_PREDICTION_NOT_COMMITTED
115,RegionC,79.1986666666667,191.842667,271.041333666667,374.03704046,693.935,334.844326513029,45.8072860530287,0,45.8072860530287,39.1927139469713,-2.1316282072803e-14,0,313.283387433943,-2.1316282072803e-14,30,30,968.23,0,0.5349,-1.14020792807423e-14,540,405,558.9,1.38,48,K_PREDICTION_NOT_COMMITTED
115,RegionD,33.4493333333334,106.672,140.121333333333,179.355306666667,693.935,-0,80.6446933333333,0,80.6446933333333,179.355306666667,0,180,433.290306666667,-180,326.794071466666,209.744914741218,621.4,484.69,0.4085,0,1472,720,921.6,1.28,48,K_PREDICTION_NOT_COMMITTED
115,RegionE,147.855333333334,173.969333,321.824666333334,402.280832916667,693.935,402.280832916667,71.654167083333,0,71.654167083333,0,0,220,0,-220,192.582116275,259.937033333333,549.14,428.33,0.214,0,1012,560,700,1.25,48,K_PREDICTION_NOT_COMMITTED
115,RegionF,38.6593333333333,153.214,191.873333333333,243.679133333333,693.935,243.679133333333,230.255866666667,0,230.255866666667,0,0,220,0,-220,85,301.440514666667,578.05,450.88,0.2529,0,966,540,685.8,1.27,48,K_PREDICTION_NOT_COMMITTED
116,RegionA,55.32,208.359667,263.679667,355.96755045,670.095,327.70714950152,71.7395990515197,0,71.7395990515197,28.2604009484803,1.77635683940025e-14,0,270.648251446961,1.77635683940025e-14,35,71,1040.35,0,0.6155,1.09334763465085e-14,630,420,567,1.35,48,K_PREDICTION_NOT_COMMITTED
116,RegionB,87.68,199.210667,286.890667,387.30240045,670.095,364.099123881774,66.7967234317741,0,66.7967234317741,23.2032765682259,-2.8421709430404e-14,0,239.199152686452,-2.8421709430404e-14,32,68.9,997,0,0.5758,-1.63652202900266e-14,585,410,553.5,1.35,48,K_PREDICTION_NOT_COMMITTED
116,RegionC,66.7253333333333,225.776,292.501333333333,403.65184,670.095,380.746041336495,62.0942013364949,0,62.0942013364949,22.9057986635051,1.4210854715202e-14,0,227.25475732701,1.4210854715202e-14,30,62.85,968.1,0,0.546,7.75912667450029e-15,540,405,558.9,1.38,48,K_PREDICTION_NOT_COMMITTED
116,RegionD,11.9173333333333,109.83,121.747333333333,155.836586666667,670.095,35.4831662719229,139.646579605256,0,139.646579605256,120.353420394744,0,180,314.965254122821,-180,209.744914741218,211.600419575811,621.32,484.63,0.417,0,1472,720,921.6,1.28,48,K_PREDICTION_NOT_COMMITTED
116,RegionE,104.05,159.417333,263.467333,329.33416625,670.095,329.33416625,120.76083375,0,120.76083375,0,0,220,0,-220,259.937033333333,373.452217058333,549.07,428.27,0.2184,0,1012,560,700,1.25,48,K_PREDICTION_NOT_COMMITTED
116,RegionF,0,144.578667,144.578667,183.61490709,670.095,123.816183085008,190.201275995008,-0,190.201275995008,59.798724004992,0,220,136.077540919984,-220,301.440514666667,415.9300108708,577.97,450.82,0.2581,0,966,540,685.8,1.27,48,K_PREDICTION_NOT_COMMITTED
117,RegionA,91.616,243.404,335.02,452.277,655.11,452.277,100,0,100,-0,0,0,102.833,0,71,164,1040.24,0,0.6272,0,630,420,567,1.35,48,K_PREDICTION_NOT_COMMITTED
117,RegionB,78.444,237.571333,316.015333,426.62069955,655.11,426.62069955,90,0,90,-0,0,0,138.48930045,0,68.9,152.6,996.89,0,0.5868,0,585,410,553.5,1.35,48,K_PREDICTION_NOT_COMMITTED
117,RegionC,45.135,239.618667,284.753667,392.96006046,655.11,392.96006046,85,0,85,-0,0,0,177.14993954,0,62.85,141.9,968,0,0.5564,0,540,405,558.9,1.38,48,K_PREDICTION_NOT_COMMITTED
117,RegionD,0.32,156.784333,157.104333,201.09354624,655.11,201.09354624,260,0,260,0,0,180,14.01645376,-180,211.600419575811,456.000419575811,621.25,484.57,0.4249,0,1472,720,921.6,1.28,48,K_PREDICTION_NOT_COMMITTED
117,RegionE,36.7986666666667,167.026,203.824666666667,254.780833333333,655.11,254.780833333333,180.329166666667,0,180.329166666667,0,0,220,0,-220,373.452217058333,542.961633725,549.01,428.23,0.2226,0,1012,560,700,1.25,48,K_PREDICTION_NOT_COMMITTED
117,RegionF,0,187.155333,187.155333,237.68727291,655.11,237.68727291,197.42272709,0,197.42272709,0,0,220,0,-220,415.9300108708,601.5073743354,577.91,450.77,0.263,0,966,540,685.8,1.27,48,K_PREDICTION_NOT_COMMITTED
118,RegionA,71.2693333333332,291.925,363.194333333333,490.31235,650,490.31235,100,0,100,-0,0,0,59.6876500000001,0,164,257,645.61,0,0.6373,0,630,420,567,1.35,48,K_PREDICTION_NOT_COMMITTED
118,RegionB,40.908,262.605,303.513,409.74255,650,409.74255,90,0,90,-0,0,0,150.25745,0,152.6,236.3,618.71,0,0.5962,0,585,410,553.5,1.35,48,K_PREDICTION_NOT_COMMITTED
118,RegionC,63.2193333333333,273.180667,336.400000333333,464.23200046,650,464.23200046,85,0,85,-0,0,0,100.76799954,0,141.9,220.95,600.77,0,0.5653,0,540,405,558.9,1.38,48,K_PREDICTION_NOT_COMMITTED
118,RegionD,0.32,191.944333,192.264333,246.09834624,650,228.04917312,241.95082688,0,241.95082688,18.04917312,0,180,0,-180,456.000419575811,664.026483810753,385.57,300.74,0.4317,0,1472,720,921.6,1.28,48,K_PREDICTION_NOT_COMMITTED
118,RegionE,1.90999999999999,227.966667,229.876667,287.34583375,650,287.34583375,142.65416625,0,142.65416625,0,0,220,0,-220,542.961633725,677.05655,340.74,265.78,0.2261,0,1012,560,700,1.25,48,K_PREDICTION_NOT_COMMITTED
118,RegionF,0,218.496333,218.496333,277.49034291,650,277.49034291,152.50965709,0,152.50965709,0,0,220,0,-220,601.5073743354,744.866452,358.67,279.76,0.2673,0,966,540,685.8,1.27,48,K_PREDICTION_NOT_COMMITTED
119,RegionA,60.9426666666667,311.327333,372.269999666667,502.56449955,655.11,502.56449955,100,-0,100,-0,0,0,52.54550045,0,257,350,645.56,0,0.645,0,630,420,567,1.35,48,K_PREDICTION_NOT_COMMITTED
119,RegionB,33.8666666666667,295.927333,329.793999666667,445.22189955,655.11,445.22189955,90,0,90,-0,0,0,119.88810045,0,236.3,320,618.66,0,0.6034,0,585,410,553.5,1.35,48,K_PREDICTION_NOT_COMMITTED
119,RegionC,65.3020000000001,301.731333,367.033333,506.50599954,655.11,506.50599954,85,-0,85,-0,0,0,63.60400046,0,220.95,300,600.73,0,0.5722,0,540,405,558.9,1.38,48,K_PREDICTION_NOT_COMMITTED
119,RegionD,0.32,174.268,174.588,223.47264,655.11,219.29132,255.81868,0,255.81868,4.18132,0,180,0,-180,664.026483810753,900,385.54,300.72,0.4369,0,1472,720,921.6,1.28,48,K_PREDICTION_NOT_COMMITTED
119,RegionE,1.2,225.234,226.434,283.0425,655.11,283.0425,152.0675,0,152.0675,0,0,220,0,-220,677.05655,820,340.71,265.75,0.2289,0,1012,560,700,1.25,48,K_PREDICTION_NOT_COMMITTED
119,RegionF,0,254.54,254.54,323.2658,655.11,323.2658,111.8442,0,111.8442,0,0,220,0,-220,744.866452,850,358.65,279.75,0.2705,0,966,540,685.8,1.27,48,K_PREDICTION_NOT_COMMITTED
96,RegionA,2.52966666666667,335.832667,338.362333666667,456.78915045,670.095,410.680075218269,53.890924768269,0,53.890924768269,46.109075231731,0,0,205.524000013462,0,35,35,469.03,0,0.6598,0,630,420,567,1.35,72,K_PREDICTION_NOT_COMMITTED
96,RegionB,15.7893333333333,303.977,319.766333333333,431.68455,670.095,341.68455,-0,0,0,90,0,0,328.41045,0,222.173913043478,124.347826086957,449.48,0,0.6173,0,585,410,553.5,1.35,72,K_PREDICTION_NOT_COMMITTED
96,RegionC,20.6893333333333,319.768667,340.458000333333,469.83204046,670.095,430.639326513029,45.8072860530287,0,45.8072860530287,39.1927139469713,0,0,193.648387433943,0,30,30,436.46,0,0.5853,0,540,405,558.9,1.38,72,K_PREDICTION_NOT_COMMITTED
96,RegionD,75.7973333333333,225.576333,301.373666333333,385.758292906667,670.095,264.484149272049,138.725856365383,0,138.725856365383,121.274143634617,0,180,86.8849943625682,-180,90,90,280.11,218.49,0.447,0,1472,720,921.6,1.28,72,K_PREDICTION_NOT_COMMITTED
96,RegionE,22.24,243.204,265.444,331.805,670.095,91.805,-0,0,0,240,0,220,358.29,-220,458.498293717473,200.433777588441,247.54,193.08,0.2341,0,1012,560,700,1.25,72,K_PREDICTION_NOT_COMMITTED
96,RegionF,33.92,304.272,338.192,429.50384,670.095,284.855784065693,105.351944065693,0,105.351944065693,144.648055934307,0,220,59.8872718686137,-220,141.504716593632,85,260.57,203.24,0.2767,0,966,540,685.8,1.27,72,K_PREDICTION_NOT_COMMITTED
97,RegionA,3.172,389.929333,393.101333,530.68679955,693.935,484.577724318269,53.890924768269,0,53.890924768269,46.109075231731,0,0,155.466350913462,0,35,35,468.83,0,0.6609,0,630,420,567,1.35,72,K_PREDICTION_NOT_COMMITTED
97,RegionB,15.444,359.708,375.152,506.4552,693.935,419.171302608321,2.71610260832076,0,2.71610260832076,87.2838973916792,0,0,272.047594783358,0,124.347826086957,32,449.3,0,0.6183,0,585,410,553.5,1.35,72,K_PREDICTION_NOT_COMMITTED
97,RegionC,20.4346666666667,354.778667,375.213333666667,517.79440046,693.935,478.601686513029,45.8072860530287,0,45.8072860530287,39.1927139469713,0,0,169.526027433943,0,30,30,436.28,0,0.5863,0,540,405,558.9,1.38,72,K_PREDICTION_NOT_COMMITTED
97,RegionD,55.0479999999999,291.195333,346.243333,443.19146624,693.935,321.917322605383,138.725856365383,0,138.725856365383,121.274143634617,0,180,53.2918210292349,-180,90,90,280,218.4,0.4477,0,1472,720,921.6,1.28,72,K_PREDICTION_NOT_COMMITTED
97,RegionE,22.24,317.668667,339.908667,424.88583375,693.935,258.424378912069,73.5385451620691,0,73.5385451620691,166.461454837931,0,220,141.972075925862,-220,200.433777588441,90.5691983870966,247.44,193,0.2345,0,1012,560,700,1.25,72,K_PREDICTION_NOT_COMMITTED
97,RegionF,4.25066666666665,289.32,293.570666666667,372.834746666667,693.935,256.224993171842,133.390246505176,0,133.390246505176,116.609753494824,0,220,84.3197603229823,-220,85,85,260.46,203.16,0.2772,0,966,540,685.8,1.27,72,K_PREDICTION_NOT_COMMITTED
98,RegionA,37.8983333333333,368.268333,406.166666333333,548.32499955,725,502.215924318269,53.890924768269,0,53.890924768269,46.109075231731,0,0,168.893150913462,0,35,35,468.65,0,0.6586,0,630,420,567,1.35,72,K_PREDICTION_NOT_COMMITTED
98,RegionB,45.6266666666667,361.733333,407.359999666667,549.93599955,725,508.437831841442,48.5018322914421,0,48.5018322914421,41.4981677085579,0,0,168.060335867116,0,32,32,449.12,0,0.6161,0,585,410,553.5,1.35,72,K_PREDICTION_NOT_COMMITTED
98,RegionC,26.48,367.761333,394.241333,544.05303954,725,504.860325593029,45.8072860530287,0,45.8072860530287,39.1927139469713,0,0,174.332388353943,0,30,30,436.1,0,0.5843,0,540,405,558.9,1.38,72,K_PREDICTION_NOT_COMMITTED
98,RegionD,50.4,359.078,409.478,524.13184,725,402.857696365383,138.725856365383,0,138.725856365383,121.274143634617,0,180,3.41644726923488,-180,90,90,279.89,218.31,0.4462,0,1472,720,921.6,1.28,72,K_PREDICTION_NOT_COMMITTED
98,RegionE,6.63199999999988,391.284,397.916,497.395,725,381.1975,123.8025,0,123.8025,116.1975,0,220,0,-220,90.5691983870966,82,247.34,192.93,0.2337,0,1012,560,700,1.25,72,K_PREDICTION_NOT_COMMITTED
98,RegionF,0.4,330.338,330.738,420.03726,725,303.427506505176,133.390246505176,0,133.390246505176,116.609753494824,0,220,68.1822469896489,-220,85,85,260.36,203.08,0.2762,0,966,540,685.8,1.27,72,K_PREDICTION_NOT_COMMITTED
99,RegionA,22.0493333333333,389.356,411.405333333333,555.3972,761.175,509.288124768269,53.890924768269,0,53.890924768269,46.109075231731,0,0,197.995950463462,0,35,35,468.46,0,0.6531,0,630,420,567,1.35,72,K_PREDICTION_NOT_COMMITTED
99,RegionB,44.816,364.249,409.065,552.23775,761.175,510.739582291442,48.5018322914421,0,48.5018322914421,41.4981677085579,0,0,201.933585417116,0,32,32,448.94,0,0.6109,0,585,410,553.5,1.35,72,K_PREDICTION_NOT_COMMITTED
99,RegionC,19.2973333333333,374.593333,393.890666333333,543.56911954,761.175,504.376405593029,45.8072860530287,0,45.8072860530287,39.1927139469713,0,0,210.991308353943,0,30,30,435.93,0,0.5793,0,540,405,558.9,1.38,72,K_PREDICTION_NOT_COMMITTED
99,RegionD,50.4,380.031333,430.431333,550.95210624,761.175,429.677962605383,138.725856365383,0,138.725856365383,121.274143634617,0,180,12.7711810292348,-180,90,90,279.78,218.23,0.4424,0,1472,720,921.6,1.28,72,K_PREDICTION_NOT_COMMITTED
99,RegionE,0,382.03,382.03,477.5375,761.175,365.592136644968,128.054636644968,0,128.054636644968,111.945363355031,0,220,47.528226710063,-220,82,82,247.24,192.85,0.2317,0,1012,560,700,1.25,72,K_PREDICTION_NOT_COMMITTED
99,RegionF,0.239999999999998,364.39,364.63,463.0801,761.175,346.470346505176,133.390246505176,0,133.390246505176,116.609753494824,0,220,61.3144069896489,-220,85,85,260.26,203,0.2739,0,966,540,685.8,1.27,72,K_PREDICTION_NOT_COMMITTED
100,RegionA,8.44933333333342,392.170333,400.619666333333,540.83654955,800,494.727474318269,53.890924768269,0,53.890924768269,46.109075231731,0,0,251.381600913462,0,35,35,468.28,0,0.6446,0,630,420,567,1.35,72,K_PREDICTION_NOT_COMMITTED
100,RegionB,44.48,358.644667,403.124667,544.21830045,800,502.720132741442,48.5018322914421,0,48.5018322914421,41.4981677085579,0,0,248.778034967116,0,32,32,448.77,0,0.603,0,585,410,553.5,1.35,72,K_PREDICTION_NOT_COMMITTED
100,RegionC,23.9786666666667,378.371667,402.350333666667,555.24346046,800,516.050746513029,45.8072860530287,0,45.8072860530287,39.1927139469713,0,0,238.141967433943,0,30,30,435.77,0,0.5718,0,540,405,558.9,1.38,72,K_PREDICTION_NOT_COMMITTED
100,RegionD,6.7733333333334,400.438333,407.211666333333,521.230932906667,800,399.956789272049,138.725856365383,0,138.725856365383,121.274143634617,0,180,81.3173543625682,-180,90,90,279.67,218.14,0.4367,0,1472,720,921.6,1.28,72,K_PREDICTION_NOT_COMMITTED
100,RegionE,0,383.613333,383.613333,479.51666625,800,367.571302894969,128.054636644968,0,128.054636644968,111.945363355031,0,220,84.374060460063,-220,82,82,247.15,192.78,0.2287,0,1012,560,700,1.25,72,K_PREDICTION_NOT_COMMITTED
100,RegionF,0,375.018,375.018,476.27286,800,359.663106505176,133.390246505176,0,133.390246505176,116.609753494824,0,220,86.946646989649,-220,85,85,260.16,202.92,0.2703,0,966,540,685.8,1.27,72,K_PREDICTION_NOT_COMMITTED
101,RegionA,20.7413333333333,392.081333,412.822666333333,557.31059955,838.825,511.201524318269,53.890924768269,0,53.890924768269,46.109075231731,0,0,273.732550913462,0,35,35,468.11,0,0.6338,0,630,420,567,1.35,72,K_PREDICTION_NOT_COMMITTED
101,RegionB,32.5026666666666,375.808,408.310666666667,551.2194,838.825,509.721232291442,48.5018322914421,0,48.5018322914421,41.4981677085579,0,0,280.601935417116,0,32,32,448.61,0,0.5929,0,585,410,553.5,1.35,72,K_PREDICTION_NOT_COMMITTED
101,RegionC,21.51,380.224,401.734,554.39292,838.825,515.200206053029,45.8072860530287,0,45.8072860530287,39.1927139469713,0,0,277.817507893943,0,30,30,435.6,0,0.5622,0,540,405,558.9,1.38,72,K_PREDICTION_NOT_COMMITTED
101,RegionD,10.36,389.18,399.54,511.4112,838.825,455.1181,203.7069,0,203.7069,56.2931,0,180,0,-180,90,220.954270946237,279.57,218.06,0.4293,0,1472,720,921.6,1.28,72,K_PREDICTION_NOT_COMMITTED
101,RegionE,0,394.06,394.06,492.575,838.825,380.629636644969,128.054636644968,0,128.054636644968,111.945363355031,0,220,110.140726710063,-220,82,82,247.06,192.71,0.2249,0,1012,560,700,1.25,72,K_PREDICTION_NOT_COMMITTED
101,RegionF,0,397.084,397.084,504.29668,838.825,436.56084,182.26416,0,182.26416,67.73584,0,220,0,-220,85,183.49407384086,260.06,202.85,0.2658,0,966,540,685.8,1.27,72,K_PREDICTION_NOT_COMMITTED
102,RegionA,18.96,363.382667,382.342667,516.16260045,875,470.053525218269,53.890924768269,0,53.890924768269,46.109075231731,0,0,351.055550013462,0,35,35,467.95,0,0.6212,0,630,420,567,1.35,72,K_PREDICTION_NOT_COMMITTED
102,RegionB,19.7120000000001,373.1,392.812,530.2962,875,488.798032291442,48.5018322914421,0,48.5018322914421,41.4981677085579,0,0,337.700135417116,0,32,32,448.45,0,0.5812,0,585,410,553.5,1.35,72,K_PREDICTION_NOT_COMMITTED
102,RegionC,19.0606666666667,385.68,404.740666666667,558.54212,875,519.349406053029,45.8072860530287,0,45.8072860530287,39.1927139469713,0,0,309.843307893943,0,30,30,435.45,0,0.5511,0,540,405,558.9,1.38,72,K_PREDICTION_NOT_COMMITTED
102,RegionD,226.717,365.984,592.701,758.65728,875,572.402092730765,73.7448127307651,0,73.7448127307651,186.255187269235,0,180,48.8530945384699,-180,220.954270946237,90,279.47,217.99,0.4208,0,1472,720,921.6,1.28,72,K_PREDICTION_NOT_COMMITTED
102,RegionE,0,399.044,399.044,498.805,875,498.805,-0,0,0,0,0,220,156.195,-220,82,82,246.97,192.64,0.2204,0,1012,560,700,1.25,72,K_PREDICTION_NOT_COMMITTED
102,RegionF,111.1,428.016667,539.116667,684.67816709,875,519.194500100351,84.5163330103511,0,84.5163330103511,165.483666989649,0,220,51.2891668892978,-220,183.49407384086,85,259.97,202.78,0.2605,0,966,540,685.8,1.27,72,K_PREDICTION_NOT_COMMITTED
103,RegionA,31.4866666666667,363.722333,395.208999666667,533.53214955,906.065,487.423074318269,53.890924768269,0,53.890924768269,46.109075231731,0,0,364.751000913462,0,35,35,719.67,0,0.6079,0,630,420,567,1.35,72,K_PREDICTION_NOT_COMMITTED
103,RegionB,2.376,379.741333,382.117333,515.85839955,906.065,474.360231841442,48.5018322914421,0,48.5018322914421,41.4981677085579,0,0,383.202935867116,0,32,32,689.68,0,0.5687,0,585,410,553.5,1.35,72,K_PREDICTION_NOT_COMMITTED
103,RegionC,20.4126666666667,383.168,403.580666666667,556.94132,906.065,517.748606053029,45.8072860530287,0,45.8072860530287,39.1927139469713,0,0,342.509107893943,0,30,30,669.69,0,0.5392,0,540,405,558.9,1.38,72,K_PREDICTION_NOT_COMMITTED
103,RegionD,119.206,400.633333,519.839333,665.39434624,906.065,665.39434624,-0,0,0,0,0,180,60.6706537599999,-180,90,90,429.8,335.24,0.4118,0,1472,720,921.6,1.28,72,K_PREDICTION_NOT_COMMITTED
103,RegionE,0,412.501,412.501,515.62625,906.065,515.62625,170.43875,0,170.43875,0,0,220,0,-220,82,242.212425,379.83,296.27,0.2157,0,1012,560,700,1.25,72,K_PREDICTION_NOT_COMMITTED
103,RegionF,107.056333333333,426.425667,533.482000333333,677.522140423333,906.065,677.522140423333,-0,0,0,0,0,220,8.54285957666661,-220,85,85,399.82,311.86,0.2549,0,966,540,685.8,1.27,72,K_PREDICTION_NOT_COMMITTED
104,RegionA,55.2493333333333,364.392,419.641333333333,566.5158,929.905,520.406724768269,53.890924768269,0,53.890924768269,46.109075231731,0,0,355.607350463462,0,35,35,719.43,0,0.5945,0,630,420,567,1.35,72,K_PREDICTION_NOT_COMMITTED
104,RegionB,2.47466666666667,383.753333,386.227999666667,521.40779955,929.905,479.909631841442,48.5018322914421,0,48.5018322914421,41.4981677085579,0,0,401.493535867116,0,32,32,689.45,0,0.5562,0,585,410,553.5,1.35,72,K_PREDICTION_NOT_COMMITTED
104,RegionC,14.8833333333333,378.510667,393.394000333333,542.88372046,929.905,503.691006513029,45.8072860530287,0,45.8072860530287,39.1927139469713,0,0,380.406707433943,0,30,30,669.47,0,0.5274,0,540,405,558.9,1.38,72,K_PREDICTION_NOT_COMMITTED
104,RegionD,87.3196666666666,372.17,459.489666666667,588.146773333333,929.905,588.146773333333,-0,0,0,0,0,180,161.758226666667,-180,90,90,429.66,335.13,0.4027,0,1472,720,921.6,1.28,72,K_PREDICTION_NOT_COMMITTED
104,RegionE,0.32,363.476667,363.796667,454.74583375,929.905,263.301187901105,48.5553541511045,0,48.5553541511045,191.444645848896,0,220,398.048457947791,-220,242.212425,82,379.7,296.17,0.211,0,1012,560,700,1.25,72,K_PREDICTION_NOT_COMMITTED
104,RegionF,87.328,369.234,456.562,579.83374,929.905,579.83374,-0,0,0,0,0,220,130.07126,-220,85,85,399.68,311.75,0.2493,0,966,540,685.8,1.27,72,K_PREDICTION_NOT_COMMITTED
105,RegionA,44.2,362.781333,406.981333,549.42479955,944.89,503.315724318269,53.890924768269,0,53.890924768269,46.109075231731,0,0,387.683350913462,0,35,35,719.2,0,0.582,0,630,420,567,1.35,72,K_PREDICTION_NOT_COMMITTED
105,RegionB,15.7066666666667,380.3,396.006666666667,534.609,944.89,493.110832291442,48.5018322914421,0,48.5018322914421,41.4981677085579,0,0,403.277335417116,0,32,32,689.24,0,0.5445,0,585,410,553.5,1.35,72,K_PREDICTION_NOT_COMMITTED
105,RegionC,20.3576666666666,377.629333,397.986999666667,549.22205954,944.89,510.029345593028,45.8072860530287,0,45.8072860530287,39.1927139469713,0,0,389.053368353943,0,30,30,669.26,0,0.5163,0,540,405,558.9,1.38,72,K_PREDICTION_NOT_COMMITTED
105,RegionD,84.62,376.005,460.625,589.6,944.89,589.6,-0,0,0,0,0,180,175.29,-180,90,90,429.52,335.03,0.3943,0,1472,720,921.6,1.28,72,K_PREDICTION_NOT_COMMITTED
105,RegionE,0.32,407.118,407.438,509.2975,944.89,509.2975,215.5925,0,215.5925,0,0,220,0,-220,82,284.65695,379.58,296.07,0.2065,0,1012,560,700,1.25,72,K_PREDICTION_NOT_COMMITTED
105,RegionF,75.6773333333334,341.79,417.467333333333,530.183513333333,944.89,530.183513333333,194.706486666667,0,194.706486666667,0,0,220,0,-220,85,268.024097466667,399.56,311.66,0.2441,0,966,540,685.8,1.27,72,K_PREDICTION_NOT_COMMITTED
106,RegionA,44.2003333333333,372.284333,416.484666333333,562.25429955,950,516.145224318269,53.890924768269,0,53.890924768269,46.109075231731,0,0,379.963850913462,0,35,35,718.99,0,0.5713,0,630,420,567,1.35,72,K_PREDICTION_NOT_COMMITTED
106,RegionB,16.096,379.217333,395.313333,533.67299955,950,492.174831841442,48.5018322914421,0,48.5018322914421,41.4981677085579,0,0,409.323335867116,0,32,32,689.03,0,0.5344,0,585,410,553.5,1.35,72,K_PREDICTION_NOT_COMMITTED
106,RegionC,16.62,372.074667,388.694667,536.39864046,950,497.205926513029,45.8072860530287,0,45.8072860530287,39.1927139469713,0,0,406.986787433943,0,30,30,669.06,0,0.5068,0,540,405,558.9,1.38,72,K_PREDICTION_NOT_COMMITTED
106,RegionD,87.7173333333333,336.756667,424.474000333333,543.326720426667,950,543.326720426667,-0,0,0,0,0,180,226.673279573333,-180,90,90,429.39,334.92,0.387,0,1472,720,921.6,1.28,72,K_PREDICTION_NOT_COMMITTED
106,RegionE,2.82,362.426,365.246,456.5575,950,244.051383523637,27.4938835236368,0,27.4938835236368,212.506116476363,0,220,458.454732952726,-220,284.65695,82,379.47,295.99,0.2027,0,1012,560,700,1.25,72,K_PREDICTION_NOT_COMMITTED
106,RegionF,16.4663333333334,343.937333,360.403666333333,457.712656243333,950,250.284201092336,42.5715448490023,0,42.5715448490023,207.428455150998,0,220,437.144254058662,-220,268.024097466667,85,399.44,311.56,0.2396,0,966,540,685.8,1.27,72,K_PREDICTION_NOT_COMMITTED
107,RegionA,16.8146666666666,384.015667,400.830333666667,541.12095045,944.89,495.011875218269,53.890924768269,0,53.890924768269,46.109075231731,0,0,395.987200013462,0,35,35,718.78,0,0.5629,0,630,420,567,1.35,72,K_PREDICTION_NOT_COMMITTED
107,RegionB,12.028,373.581667,385.609667,520.57305045,944.89,479.074882741442,48.5018322914421,0,48.5018322914421,41.4981677085579,0,0,417.313284967116,0,32,32,688.83,0,0.5266,0,585,410,553.5,1.35,72,K_PREDICTION_NOT_COMMITTED
107,RegionC,27.22,358.188,385.408,531.86304,944.89,492.670326053029,45.8072860530287,0,45.8072860530287,39.1927139469713,0,0,406.412387893943,0,30,30,668.87,0,0.4994,0,540,405,558.9,1.38,72,K_PREDICTION_NOT_COMMITTED
107,RegionD,207.265333333333,322.183333,529.448666333333,677.694292906667,944.89,677.694292906667,-0,0,0,0,0,180,87.1957070933335,-180,90,90,429.27,334.83,0.3814,0,1472,720,921.6,1.28,72,K_PREDICTION_NOT_COMMITTED
107,RegionE,58.4983333333333,328.676,387.174333333333,483.967916666667,944.89,372.022553311635,128.054636644969,0,128.054636644969,111.945363355031,0,220,224.812810043396,-220,82,82,379.36,295.9,0.1998,0,1012,560,700,1.25,72,K_PREDICTION_NOT_COMMITTED
107,RegionF,79.9,326.412667,406.312667,516.01708709,944.89,516.01708709,-0,0,0,0,0,220,208.87291291,-220,85,85,399.32,311.47,0.2361,0,966,540,685.8,1.27,72,K_PREDICTION_NOT_COMMITTED
108,RegionA,5.1546666666666,342.648,347.802666666667,469.5336,929.905,423.424524768269,53.890924768269,0,53.890924768269,46.109075231731,0,0,452.589550463462,0,35,35,718.59,0,0.5575,0,630,420,567,1.35,72,K_PREDICTION_NOT_COMMITTED
108,RegionB,2.56,321.71,324.27,437.7645,929.905,396.266332291442,48.5018322914421,0,48.5018322914421,41.4981677085579,0,0,485.136835417116,0,32,32,688.65,0,0.5216,0,585,410,553.5,1.35,72,K_PREDICTION_NOT_COMMITTED
108,RegionC,52.9533333333333,344.026667,396.980000333333,547.83240046,929.905,508.639686513029,45.8072860530287,0,45.8072860530287,39.1927139469713,0,0,375.458027433943,0,30,30,668.68,0,0.4946,0,540,405,558.9,1.38,72,K_PREDICTION_NOT_COMMITTED
108,RegionD,184.704,293.34,478.044,611.89632,929.905,611.89632,-0,0,0,0,0,180,138.00868,-180,90,90,429.16,334.74,0.3777,0,1472,720,921.6,1.28,72,K_PREDICTION_NOT_COMMITTED
108,RegionE,128.741,283.864,412.605,515.75625,929.905,515.75625,-0,0,0,0,0,220,194.14875,-220,82,82,379.25,295.81,0.1978,0,1012,560,700,1.25,72,K_PREDICTION_NOT_COMMITTED
108,RegionF,133.329333333333,288.164667,421.494000333333,535.297380423333,929.905,535.297380423333,174.607619576667,0,174.607619576667,0,0,220,0,-220,85,249.131162402067,399.21,311.38,0.2338,0,966,540,685.8,1.27,72,K_PREDICTION_NOT_COMMITTED
109,RegionA,5.52,325.478667,330.998667,446.84820045,906.065,400.739125218269,53.890924768269,0,53.890924768269,46.109075231731,-1.4210854715202e-14,0,451.434950013462,-1.4210854715202e-14,35,35,718.4,0,0.5554,-7.89270870882319e-15,630,420,567,1.35,72,K_PREDICTION_NOT_COMMITTED
109,RegionB,71.8986666666667,276.999333,348.897999666667,471.01229955,906.065,429.514131841442,48.5018322914421,0,48.5018322914421,41.4981677085579,0,0,428.049035867116,0,32,32,688.47,0,0.5196,0,585,410,553.5,1.35,72,K_PREDICTION_NOT_COMMITTED
109,RegionC,68.5466666666667,311.952,380.498666666667,525.08816,906.065,485.895446053029,45.8072860530287,0,45.8072860530287,39.1927139469713,0,0,374.362267893943,0,30,30,668.52,0,0.4927,0,540,405,558.9,1.38,72,K_PREDICTION_NOT_COMMITTED
109,RegionD,190.698333333333,229.390333,420.088666333333,537.713492906666,906.065,537.713492906666,188.351507093334,0,188.351507093334,0,0,180,0,-180,90,267.050416667734,429.05,334.66,0.3763,0,1472,720,921.6,1.28,72,K_PREDICTION_NOT_COMMITTED
109,RegionE,102.129,291.689333,393.818333,492.27291625,906.065,492.27291625,-0,0,0,0,0,220,193.79208375,-220,82,82,379.16,295.74,0.1971,0,1012,560,700,1.25,72,K_PREDICTION_NOT_COMMITTED
109,RegionF,66.2956666666669,218.782,285.077666666667,362.048636666667,906.065,163.99507726323,51.9464405965628,0,51.9464405965628,198.053559403437,0,220,470.123482140207,-220,249.131162402067,85,399.11,311.31,0.2329,0,966,540,685.8,1.27,72,K_PREDICTION_NOT_COMMITTED
110,RegionA,58.8509999999999,281.095,339.946,458.9271,875,412.818024768269,53.890924768269,0,53.890924768269,46.109075231731,0,0,408.291050463462,0,35,35,718.23,0,0.5567,0,630,420,567,1.35,72,K_PREDICTION_NOT_COMMITTED
110,RegionB,76.0133333333333,272.532,348.545333333333,470.5362,875,429.038032291442,48.5018322914421,0,48.5018322914421,41.4981677085579,0,0,397.460135417116,0,32,32,688.31,0,0.5208,0,585,410,553.5,1.35,72,K_PREDICTION_NOT_COMMITTED
110,RegionC,48.6626666666665,255.109333,303.771999666666,419.20535954,875,380.012645593028,45.8072860530287,0,45.8072860530287,39.1927139469713,-2.1316282072803e-14,0,449.180068353943,-2.1316282072803e-14,30,30,668.36,0,0.4939,-1.05281117157574e-14,540,405,558.9,1.38,72,K_PREDICTION_NOT_COMMITTED
110,RegionD,156.828,178.025667,334.853667,428.61269376,875,219.484058875253,50.8713651152533,0,50.8713651152533,209.128634884747,0,180,424.644576009493,-180,267.050416667734,90,428.95,334.58,0.3771,0,1472,720,921.6,1.28,72,K_PREDICTION_NOT_COMMITTED
110,RegionE,93.9786666666667,287.048,381.026666666667,476.283333333333,875,476.283333333333,-0,0,0,0,0,220,178.716666666667,-220,82,82,379.07,295.67,0.1975,0,1012,560,700,1.25,72,K_PREDICTION_NOT_COMMITTED
110,RegionF,80.6313333333335,210.151,290.782333333333,369.293563333333,875,252.683809838509,133.390246505176,0,133.390246505176,116.609753494824,0,220,268.925943656315,-220,85,85,399.02,311.24,0.2335,0,966,540,685.8,1.27,72,K_PREDICTION_NOT_COMMITTED
111,RegionA,6.03566666666665,272.895333,278.930999666667,376.55684955,838.825,330.447774318269,53.890924768269,0,53.890924768269,46.109075231731,-1.4210854715202e-14,0,454.486300913462,-1.4210854715202e-14,35,35,718.08,0,0.5613,-7.97655275164288e-15,630,420,567,1.35,72,K_PREDICTION_NOT_COMMITTED
111,RegionB,80.785,261.314,342.099,461.83365,838.825,420.335482291442,48.5018322914421,0,48.5018322914421,41.4981677085579,0,0,369.987685417116,0,32,32,688.16,0,0.5251,0,585,410,553.5,1.35,72,K_PREDICTION_NOT_COMMITTED
111,RegionC,1.18633333333333,231.575667,232.762000333333,321.21156046,838.825,282.018846513029,45.8072860530287,0,45.8072860530287,39.1927139469713,-2.1316282072803e-14,0,510.998867433943,-2.1316282072803e-14,30,30,668.21,0,0.4979,-1.06133768440486e-14,540,405,558.9,1.38,72,K_PREDICTION_NOT_COMMITTED
111,RegionD,210.412333333333,192.432667,402.845000333333,515.641600426667,838.825,515.641600426667,-0,0,0,0,0,180,143.183399573334,-180,90,90,428.85,334.5,0.3802,0,1472,720,921.6,1.28,72,K_PREDICTION_NOT_COMMITTED
111,RegionE,73.4789999999999,280.036,353.515,441.89375,838.825,441.89375,-0,0,0,0,0,220,176.93125,-220,82,82,378.98,295.6,0.1992,0,1012,560,700,1.25,72,K_PREDICTION_NOT_COMMITTED
111,RegionF,89.2373333333334,193.271667,282.509000333333,358.786430423333,838.825,242.176676928509,133.390246505176,0,133.390246505176,116.609753494824,0,220,243.258076566316,-220,85,85,398.93,311.17,0.2354,0,966,540,685.8,1.27,72,K_PREDICTION_NOT_COMMITTED
112,RegionA,0.441333333333333,228.568667,229.010000333333,309.16350045,800,263.054425218269,53.890924768269,0,53.890924768269,46.109075231731,-1.4210854715202e-14,0,483.054650013462,-1.4210854715202e-14,35,35,717.93,0,0.5688,-8.0831341620069e-15,630,420,567,1.35,72,K_PREDICTION_NOT_COMMITTED
112,RegionB,79.0516666666667,226.379333,305.430999666667,412.33184955,800,370.833681841442,48.5018322914421,0,48.5018322914421,41.4981677085579,1.4210854715202e-14,0,380.664485867116,1.4210854715202e-14,32,32,688.02,0,0.5321,7.56159579395899e-15,585,410,553.5,1.35,72,K_PREDICTION_NOT_COMMITTED
112,RegionC,0.72,179.136667,179.856667,248.20220046,800,209.009486513029,45.8072860530287,0,45.8072860530287,39.1927139469713,7.105427357601e-15,0,545.183227433943,7.105427357601e-15,30,30,668.07,0,0.5046,3.58539864464547e-15,540,405,558.9,1.38,72,K_PREDICTION_NOT_COMMITTED
112,RegionD,197.858666666667,146.620667,344.479333666667,440.933547093333,800,440.933547093333,-0,0,0,0,0,180,179.066452906667,-180,90,90,428.76,334.43,0.3853,0,1472,720,921.6,1.28,72,K_PREDICTION_NOT_COMMITTED
112,RegionE,141.785,204.982667,346.767667,433.45958375,800,433.45958375,-0,0,0,0,0,220,146.54041625,-220,82,82,378.91,295.55,0.2018,0,1012,560,700,1.25,72,K_PREDICTION_NOT_COMMITTED
112,RegionF,138.175333333333,191.08,329.255333333333,418.154273333333,800,418.154273333333,-0,0,0,0,0,220,161.845726666667,-220,85,85,398.85,311.1,0.2385,0,966,540,685.8,1.27,72,K_PREDICTION_NOT_COMMITTED
113,RegionA,0.597333333333335,222.519333,223.116666333333,301.20749955,761.175,255.098424318269,53.890924768269,0,53.890924768269,46.109075231731,-1.4210854715202e-14,0,452.185650913462,-1.4210854715202e-14,35,35,1040.81,0,0.5788,-8.22524270915892e-15,630,420,567,1.35,72,K_PREDICTION_NOT_COMMITTED
113,RegionB,35.8839999999999,226.473333,262.357333,354.18239955,761.175,312.684231841442,48.5018322914421,0,48.5018322914421,41.4981677085579,1.4210854715202e-14,0,399.988935867116,1.4210854715202e-14,32,32,997.44,0,0.5414,7.69375674281036e-15,585,410,553.5,1.35,72,K_PREDICTION_NOT_COMMITTED
113,RegionC,17.1,180.61,197.71,272.8398,761.175,233.647086053029,45.8072860530287,0,45.8072860530287,39.1927139469713,7.105427357601e-15,0,481.720627893943,7.105427357601e-15,30,30,968.53,0,0.5134,3.64792640539235e-15,540,405,558.9,1.38,72,K_PREDICTION_NOT_COMMITTED
113,RegionD,218.76,137.533333,356.293333,456.05546624,761.175,456.05546624,-0,0,0,0,0,180,125.11953376,-180,90,90,621.59,484.84,0.3921,0,1472,720,921.6,1.28,72,K_PREDICTION_NOT_COMMITTED
113,RegionE,145.412333333333,151.161,296.573333333333,370.716666666667,761.175,370.716666666667,-0,0,0,0,0,220,170.458333333333,-220,82,82,549.32,428.47,0.2054,0,1012,560,700,1.25,72,K_PREDICTION_NOT_COMMITTED
113,RegionF,127.413333333333,179.636,307.049333333333,389.952653333333,761.175,389.952653333333,-0,0,0,0,0,220,151.222346666667,-220,85,85,578.23,451.02,0.2427,0,966,540,685.8,1.27,72,K_PREDICTION_NOT_COMMITTED
114,RegionA,0.269333333333334,224.428333,224.697666333333,303.34184955,725,257.232774318269,53.890924768269,0,53.890924768269,46.109075231731,-1.4210854715202e-14,0,413.876300913462,-1.4210854715202e-14,35,35,1040.64,0,0.5904,-8.39008862385526e-15,630,420,567,1.35,72,K_PREDICTION_NOT_COMMITTED
114,RegionB,51.2436666666666,235.535667,286.779333666667,387.15210045,725,345.653932741442,48.5018322914421,0,48.5018322914421,41.4981677085579,1.4210854715202e-14,0,330.844234967116,1.4210854715202e-14,32,32,997.28,0,0.5523,7.84865505920607e-15,585,410,553.5,1.35,72,K_PREDICTION_NOT_COMMITTED
114,RegionC,39.98,200.88,240.86,332.3868,725,293.194086053029,45.8072860530287,0,45.8072860530287,39.1927139469713,-2.1316282072803e-14,0,385.998627893943,-2.1316282072803e-14,30,30,968.37,0,0.5237,-1.11633369215269e-14,540,405,558.9,1.38,72,K_PREDICTION_NOT_COMMITTED
114,RegionD,111.106666666667,117.871,228.977666666667,293.091413333334,725,293.091413333334,251.908586666666,0,251.908586666666,0,0,180,0,-180,90,326.794071466666,621.49,484.76,0.4,0,1472,720,921.6,1.28,72,K_PREDICTION_NOT_COMMITTED
114,RegionE,98.5573333333333,139.656667,238.214000333333,297.767500416667,725,297.767500416667,-0,0,0,0,0,220,207.232499583333,-220,82,82,549.22,428.39,0.2095,0,1012,560,700,1.25,72,K_PREDICTION_NOT_COMMITTED
114,RegionF,133.569666666667,175.203333,308.772999666667,392.141709576667,725,392.141709576667,-0,0,0,0,0,220,112.858290423333,-220,85,85,578.13,450.94,0.2476,0,966,540,685.8,1.27,72,K_PREDICTION_NOT_COMMITTED
115,RegionA,9.94133333333333,245.3,255.241333333333,344.5758,693.935,298.466724768269,53.890924768269,0,53.890924768269,46.109075231731,-1.4210854715202e-14,0,341.577350463462,-1.4210854715202e-14,35,35,1040.48,0,0.603,-8.56914539326681e-15,630,420,567,1.35,72,K_PREDICTION_NOT_COMMITTED
115,RegionB,41.5253333333333,202.203667,243.729000333333,329.03415045,693.935,287.535982741442,48.5018322914421,0,48.5018322914421,41.4981677085579,1.4210854715202e-14,0,357.897184967116,1.4210854715202e-14,32,32,997.13,0,0.5641,8.01634314484545e-15,585,410,553.5,1.35,72,K_PREDICTION_NOT_COMMITTED
115,RegionC,79.1986666666667,191.842667,271.041333666667,374.03704046,693.935,334.844326513029,45.8072860530287,0,45.8072860530287,39.1927139469713,-2.1316282072803e-14,0,313.283387433943,-2.1316282072803e-14,30,30,968.23,0,0.5349,-1.14020792807423e-14,540,405,558.9,1.38,72,K_PREDICTION_NOT_COMMITTED
115,RegionD,33.4493333333334,106.672,140.121333333333,179.355306666667,693.935,-0,80.6446933333333,0,80.6446933333333,179.355306666667,0,180,433.290306666667,-180,326.794071466666,209.744914741218,621.4,484.69,0.4085,0,1472,720,921.6,1.28,72,K_PREDICTION_NOT_COMMITTED
115,RegionE,147.855333333334,173.969333,321.824666333334,402.280832916667,693.935,402.280832916667,-0,0,0,0,0,220,71.654167083333,-220,82,82,549.14,428.33,0.214,0,1012,560,700,1.25,72,K_PREDICTION_NOT_COMMITTED
115,RegionF,38.6593333333333,153.214,191.873333333333,243.679133333333,693.935,243.679133333333,143.652549608874,0,143.652549608874,0,0,220,86.6033170577923,-220,85,220.033396632342,578.05,450.88,0.2529,0,966,540,685.8,1.27,72,K_PREDICTION_NOT_COMMITTED
116,RegionA,55.32,208.359667,263.679667,355.96755045,670.095,309.858475218269,53.890924768269,0,53.890924768269,46.109075231731,-1.4210854715202e-14,0,306.345600013462,-1.4210854715202e-14,35,35,1040.35,0,0.6155,-8.74678107720683e-15,630,420,567,1.35,72,K_PREDICTION_NOT_COMMITTED
116,RegionB,87.68,199.210667,286.890667,387.30240045,670.095,345.804232741442,48.5018322914421,0,48.5018322914421,41.4981677085579,1.4210854715202e-14,0,275.788934967116,1.4210854715202e-14,32,32,997,0,0.5758,8.18261014501331e-15,585,410,553.5,1.35,72,K_PREDICTION_NOT_COMMITTED
116,RegionC,66.7253333333333,225.776,292.501333333333,403.65184,670.095,364.459126053029,45.8072860530287,0,45.8072860530287,39.1927139469713,-2.1316282072803e-14,0,259.828587893943,-2.1316282072803e-14,30,30,968.1,0,0.546,-1.16386900117504e-14,540,405,558.9,1.38,72,K_PREDICTION_NOT_COMMITTED
116,RegionD,11.9173333333333,109.83,121.747333333333,155.836586666667,670.095,-0,104.163413333333,0,104.163413333333,155.836586666667,0,180,385.931586666667,-180,209.744914741218,140.092301052329,621.32,484.63,0.417,0,1472,720,921.6,1.28,72,K_PREDICTION_NOT_COMMITTED
116,RegionE,104.05,159.417333,263.467333,329.33416625,670.095,329.33416625,-0,0,0,0,0,220,120.76083375,-220,82,82,549.07,428.27,0.2184,0,1012,560,700,1.25,72,K_PREDICTION_NOT_COMMITTED
116,RegionF,0,144.578667,144.578667,183.61490709,670.095,0,66.38509291,-0,66.38509291,183.61490709,0,220,383.70990709,-220,220.033396632342,85,577.97,450.82,0.2581,0,966,540,685.8,1.27,72,K_PREDICTION_NOT_COMMITTED
117,RegionA,91.616,243.404,335.02,452.277,655.11,406.167924768269,53.890924768269,0,53.890924768269,46.109075231731,0,0,195.051150463462,0,35,35,1040.24,0,0.6272,0,630,420,567,1.35,72,K_PREDICTION_NOT_COMMITTED
117,RegionB,78.444,237.571333,316.015333,426.62069955,655.11,385.122531841442,48.5018322914421,0,48.5018322914421,41.4981677085579,1.4210854715202e-14,0,221.485635867116,1.4210854715202e-14,32,32,996.89,0,0.5868,8.33892954688054e-15,585,410,553.5,1.35,72,K_PREDICTION_NOT_COMMITTED
117,RegionC,45.135,239.618667,284.753667,392.96006046,655.11,353.767346513029,45.8072860530287,0,45.8072860530287,39.1927139469713,-2.1316282072803e-14,0,255.535367433943,-2.1316282072803e-14,30,30,968,0,0.5564,-1.18603793453076e-14,540,405,558.9,1.38,72,K_PREDICTION_NOT_COMMITTED
117,RegionD,0.32,156.784333,157.104333,201.09354624,655.11,54.9630158917628,113.869469651763,0,113.869469651763,146.130530348237,0,180,306.277514456474,-180,140.092301052329,90,621.25,484.57,0.4249,0,1472,720,921.6,1.28,72,K_PREDICTION_NOT_COMMITTED
117,RegionE,36.7986666666667,167.026,203.824666666667,254.780833333333,655.11,254.780833333333,-0,0,0,0,0,220,180.329166666667,-220,82,82,549.01,428.23,0.2226,0,1012,560,700,1.25,72,K_PREDICTION_NOT_COMMITTED
117,RegionF,0,187.155333,187.155333,237.68727291,655.11,237.68727291,-0,0,0,0,0,220,197.42272709,-220,85,85,577.91,450.77,0.263,0,966,540,685.8,1.27,72,K_PREDICTION_NOT_COMMITTED
118,RegionA,71.2693333333332,291.925,363.194333333333,490.31235,650,444.203274768269,53.890924768269,0,53.890924768269,46.109075231731,0,0,151.905800463462,0,35,35,645.61,0,0.6373,0,630,420,567,1.35,72,K_PREDICTION_NOT_COMMITTED
118,RegionB,40.908,262.605,303.513,409.74255,650,368.244382291442,48.5018322914421,0,48.5018322914421,41.4981677085579,1.4210854715202e-14,0,233.253785417116,1.4210854715202e-14,32,32,618.71,0,0.5962,8.47251158120343e-15,585,410,553.5,1.35,72,K_PREDICTION_NOT_COMMITTED
118,RegionC,63.2193333333333,273.180667,336.400000333333,464.23200046,650,425.039286513029,45.8072860530287,0,45.8072860530287,39.1927139469713,0,0,179.153427433943,0,30,30,600.77,0,0.5653,0,540,405,558.9,1.38,72,K_PREDICTION_NOT_COMMITTED
118,RegionD,0.32,191.944333,192.264333,246.09834624,650,124.824202605383,138.725856365383,0,138.725856365383,121.274143634617,0,180,206.449941029235,-180,90,90,385.57,300.74,0.4317,0,1472,720,921.6,1.28,72,K_PREDICTION_NOT_COMMITTED
118,RegionE,1.90999999999999,227.966667,229.876667,287.34583375,650,287.34583375,-0,0,0,0,0,220,142.65416625,-220,82,82,340.74,265.78,0.2261,0,1012,560,700,1.25,72,K_PREDICTION_NOT_COMMITTED
118,RegionF,0,218.496333,218.496333,277.49034291,650,277.49034291,-0,0,0,0,0,220,152.50965709,-220,85,85,358.67,279.76,0.2673,0,966,540,685.8,1.27,72,K_PREDICTION_NOT_COMMITTED
119,RegionA,60.9426666666667,311.327333,372.269999666667,502.56449955,655.11,456.455424318269,53.890924768269,0,53.890924768269,46.109075231731,0,0,144.763650913462,0,35,35,645.56,0,0.645,0,630,420,567,1.35,72,K_PREDICTION_NOT_COMMITTED
119,RegionB,33.8666666666667,295.927333,329.793999666667,445.22189955,655.11,403.723731841442,48.5018322914421,0,48.5018322914421,41.4981677085579,0,0,202.884435867116,0,32,32,618.66,0,0.6034,0,585,410,553.5,1.35,72,K_PREDICTION_NOT_COMMITTED
119,RegionC,65.3020000000001,301.731333,367.033333,506.50599954,655.11,467.313285593029,45.8072860530287,0,45.8072860530287,39.1927139469713,0,0,141.989428353943,0,30,30,600.73,0,0.5722,0,540,405,558.9,1.38,72,K_PREDICTION_NOT_COMMITTED
119,RegionD,0.32,174.268,174.588,223.47264,655.11,102.198496365383,138.725856365383,0,138.725856365383,121.274143634617,0,180,234.185647269235,-180,90,90,385.54,300.72,0.4369,0,1472,720,921.6,1.28,72,K_PREDICTION_NOT_COMMITTED
119,RegionE,1.2,225.234,226.434,283.0425,655.11,283.0425,-0,0,0,0,0,220,152.0675,-220,82,82,340.71,265.75,0.2289,0,1012,560,700,1.25,72,K_PREDICTION_NOT_COMMITTED
119,RegionF,0,254.54,254.54,323.2658,655.11,323.2658,-0,0,0,0,0,220,111.8442,-220,85,85,358.65,279.75,0.2705,0,966,540,685.8,1.27,72,K_PREDICTION_NOT_COMMITTED
120,RegionA,58.5706666666667,306.666,365.236666666667,493.0695,670.095,446.960424768269,53.890924768269,0,53.890924768269,46.109075231731,0,0,169.243650463462,0,35,35,466.22,0,0.6498,0,630,420,567,1.35,72,K_PREDICTION_NOT_COMMITTED
120,RegionB,22.5146666666666,337.062333,359.576999666667,485.42894955,670.095,443.930781841442,48.5018322914421,0,48.5018322914421,41.4981677085579,0,0,177.662385867116,0,32,32,446.79,0,0.6079,0,585,410,553.5,1.35,72,K_PREDICTION_NOT_COMMITTED
120,RegionC,50.552,338.101333,388.653333,536.34159954,670.095,497.148885593029,45.8072860530287,0,45.8072860530287,39.1927139469713,0,0,127.138828353943,0,30,30,433.84,0,0.5764,0,540,405,558.9,1.38,72,K_PREDICTION_NOT_COMMITTED
120,RegionD,0.32,222.334,222.654,284.99712,670.095,284.99712,-0,0,0,0,0,180,205.09788,-180,90,90,278.44,217.18,0.4402,0,1472,720,921.6,1.28,72,K_PREDICTION_NOT_COMMITTED
120,RegionE,1.2,254.036667,255.236667,319.04583375,670.095,319.04583375,-0,0,0,0,0,220,131.04916625,-220,82,82,246.06,191.93,0.2306,0,1012,560,700,1.25,72,K_PREDICTION_NOT_COMMITTED
120,RegionF,0,233.448,233.448,296.47896,670.095,296.47896,-0,0,0,0,0,220,153.61604,-220,85,85,259.01,202.03,0.2725,0,966,540,685.8,1.27,72,K_PREDICTION_NOT_COMMITTED
121,RegionA,49.8036666666667,358.344667,408.148333666667,551.00025045,693.935,504.891175218269,53.890924768269,0,53.890924768269,46.109075231731,0,0,135.152900013462,0,35,35,466.2,0,0.6513,0,630,420,567,1.35,72,K_PREDICTION_NOT_COMMITTED
121,RegionB,5.52833333333334,376.388333,381.916666333333,515.58749955,693.935,474.089331841442,48.5018322914421,0,48.5018322914421,41.4981677085579,0,0,171.343835867116,0,32,32,446.78,0,0.6093,0,585,410,553.5,1.35,72,K_PREDICTION_NOT_COMMITTED
121,RegionC,35.8186666666668,346.094667,381.913333666667,527.04040046,693.935,487.847686513029,45.8072860530287,0,45.8072860530287,39.1927139469713,0,0,160.280027433943,0,30,30,433.83,0,0.5778,0,540,405,558.9,1.38,72,K_PREDICTION_NOT_COMMITTED
121,RegionD,0.32,230.687333,231.007333,295.68938624,693.935,295.68938624,218.24561376,0,218.24561376,0,0,180,0,-180,90,295.1508769344,278.43,217.18,0.4412,0,1472,720,921.6,1.28,72,K_PREDICTION_NOT_COMMITTED
121,RegionE,1,270.402667,271.402667,339.25333375,693.935,339.25333375,-0,0,0,0,0,220,134.68166625,-220,82,82,246.05,191.92,0.2311,0,1012,560,700,1.25,72,K_PREDICTION_NOT_COMMITTED
121,RegionF,0,301.723667,301.723667,383.18905709,693.935,383.18905709,90.74594291,0,90.74594291,0,0,220,0,-220,85,170.3011863354,259,202.02,0.2731,0,966,540,685.8,1.27,72,K_PREDICTION_NOT_COMMITTED
122,RegionA,28.5379999999999,376.662333,405.200333,547.02044955,725,500.911374318269,53.890924768269,0,53.890924768269,46.109075231731,0,0,170.197700913462,0,35,35,466.2,0,0.6495,0,630,420,567,1.35,72,K_PREDICTION_NOT_COMMITTED
122,RegionB,2.16,379.675,381.835,515.47725,725,473.979082291442,48.5018322914421,0,48.5018322914421,41.4981677085579,0,0,202.519085417116,0,32,32,446.78,0,0.6076,0,585,410,553.5,1.35,72,K_PREDICTION_NOT_COMMITTED
122,RegionC,25.3853333333333,343.804,369.189333333333,509.48128,725,470.288566053029,45.8072860530287,0,45.8072860530287,39.1927139469713,0,0,208.904147893943,0,30,30,433.83,0,0.5762,0,540,405,558.9,1.38,72,K_PREDICTION_NOT_COMMITTED
122,RegionD,0.32,218.152,218.472,279.64416,725,56.5717474778615,36.9275874778615,0,36.9275874778615,223.072412522138,0,180,451.500665044277,-180,295.1508769344,90,278.43,217.18,0.44,0,1472,720,921.6,1.28,72,K_PREDICTION_NOT_COMMITTED
122,RegionE,1.12,244.546333,245.666333,307.08291625,725,307.08291625,-0,0,0,0,0,220,197.91708375,-220,82,82,246.05,191.92,0.2305,0,1012,560,700,1.25,72,K_PREDICTION_NOT_COMMITTED
122,RegionF,0,312.862667,312.862667,397.33558709,725,397.33558709,107.66441291,0,107.66441291,0,0,220,0,-220,170.3011863354,271.5057344708,259,202.02,0.2724,0,966,540,685.8,1.27,72,K_PREDICTION_NOT_COMMITTED
123,RegionA,10.6613333333334,378.057333,388.718666333333,524.77019955,761.175,478.661124318269,53.890924768269,0,53.890924768269,46.109075231731,0,0,228.622950913462,0,35,35,466.21,0,0.6445,0,630,420,567,1.35,72,K_PREDICTION_NOT_COMMITTED
123,RegionB,2.296,388.519,390.815,527.60025,761.175,486.102082291442,48.5018322914421,0,48.5018322914421,41.4981677085579,0,0,226.571085417116,0,32,32,446.78,0,0.6029,0,585,410,553.5,1.35,72,K_PREDICTION_NOT_COMMITTED
123,RegionC,21.8693333333333,360.162,382.031333333333,527.20324,761.175,488.010526053029,45.8072860530287,0,45.8072860530287,39.1927139469713,0,0,227.357187893943,0,30,30,433.83,0,0.5717,0,540,405,558.9,1.38,72,K_PREDICTION_NOT_COMMITTED
123,RegionD,0.0586666666666679,264.578667,264.637333666667,338.735787093333,761.175,338.735787093333,-0,0,0,0,0,180,242.439212906667,-180,90,90,278.43,217.18,0.4366,0,1472,720,921.6,1.28,72,K_PREDICTION_NOT_COMMITTED
123,RegionE,0.967999999999997,274.026,274.994,343.7425,761.175,343.7425,-0,0,0,0,0,220,197.4325,-220,82,82,246.05,191.92,0.2287,0,1012,560,700,1.25,72,K_PREDICTION_NOT_COMMITTED
123,RegionF,0,373.126667,373.126667,473.87086709,761.175,473.87086709,67.30413291,0,67.30413291,0,0,220,0,-220,271.5057344708,334.7716194062,259,202.02,0.2703,0,966,540,685.8,1.27,72,K_PREDICTION_NOT_COMMITTED
124,RegionA,12.368,381.421667,393.789667,531.61605045,800,485.506975218269,53.890924768269,0,53.890924768269,46.109075231731,0,0,260.602100013462,0,35,35,466.22,0,0.6365,0,630,420,567,1.35,72,K_PREDICTION_NOT_COMMITTED
124,RegionB,11.0933333333333,374.459333,385.552666333333,520.49609955,800,478.997931841442,48.5018322914421,0,48.5018322914421,41.4981677085579,0,0,272.500235867116,0,32,32,446.8,0,0.5955,0,585,410,553.5,1.35,72,K_PREDICTION_NOT_COMMITTED
124,RegionC,29.0026666666666,359.832,388.834666666667,536.59184,800,497.399126053029,45.8072860530287,0,45.8072860530287,39.1927139469713,0,0,256.793587893943,0,30,30,433.85,0,0.5647,0,540,405,558.9,1.38,72,K_PREDICTION_NOT_COMMITTED
124,RegionD,0,311.531667,311.531667,398.76053376,800,398.76053376,-0,0,0,0,0,180,221.23946624,-180,90,90,278.44,217.18,0.4312,0,1472,720,921.6,1.28,72,K_PREDICTION_NOT_COMMITTED
124,RegionE,1.04,346.673333,347.713333,434.64166625,800,434.64166625,-0,0,0,0,0,220,145.35833375,-220,82,82,246.06,191.93,0.2259,0,1012,560,700,1.25,72,K_PREDICTION_NOT_COMMITTED
124,RegionF,142.52,389.320667,531.840667,675.43764709,800,475.818799572292,50.3811524822922,0,50.3811524822922,199.618847517708,0,220,53.8000479454157,-220,334.7716194062,167.485980677503,259.01,202.03,0.2669,0,966,540,685.8,1.27,72,K_PREDICTION_NOT_COMMITTED
125,RegionA,11.3906666666667,387.876,399.266666666667,539.01,838.825,492.900924768269,53.890924768269,0,53.890924768269,46.109075231731,0,0,292.033150463462,0,35,35,466.25,0,0.6262,0,630,420,567,1.35,72,K_PREDICTION_NOT_COMMITTED
125,RegionB,11.4253333333333,357.128,368.553333333333,497.547,838.825,456.048832291442,48.5018322914421,0,48.5018322914421,41.4981677085579,0,0,334.274335417116,0,32,32,446.82,0,0.5858,0,585,410,553.5,1.35,72,K_PREDICTION_NOT_COMMITTED
125,RegionC,16.785,379.153333,395.938333,546.39489954,838.825,507.202185593029,45.8072860530287,0,45.8072860530287,39.1927139469713,0,0,285.815528353943,0,30,30,433.87,0,0.5555,0,540,405,558.9,1.38,72,K_PREDICTION_NOT_COMMITTED
125,RegionD,98.88,345.446667,444.326667,568.73813376,838.825,568.73813376,90.0868662400001,0,90.0868662400001,0,0,180,0,-180,90,174.6816542656,278.45,217.19,0.4242,0,1472,720,921.6,1.28,72,K_PREDICTION_NOT_COMMITTED
125,RegionE,7.36,396.345,403.705,504.63125,838.825,504.63125,-0,0,0,0,0,220,114.19375,-220,82,82,246.08,191.94,0.2222,0,1012,560,700,1.25,72,K_PREDICTION_NOT_COMMITTED
125,RegionF,112.16,399.126667,511.286667,649.33406709,838.825,509.079533545,109.745466455,0,109.745466455,140.254533545,0,220,0,-220,167.485980677503,119.83539275273,259.03,202.04,0.2626,0,966,540,685.8,1.27,72,K_PREDICTION_NOT_COMMITTED
126,RegionA,10.64,386.666667,397.306667,536.36400045,875,490.254925218269,53.890924768269,0,53.890924768269,46.109075231731,0,0,330.854150013462,0,35,35,466.29,0,0.6142,0,630,420,567,1.35,72,K_PREDICTION_NOT_COMMITTED
126,RegionB,32.6933333333333,337.606667,370.300000333333,499.90500045,875,458.406832741442,48.5018322914421,0,48.5018322914421,41.4981677085579,0,0,368.091334967116,0,32,32,446.86,0,0.5746,0,585,410,553.5,1.35,72,K_PREDICTION_NOT_COMMITTED
126,RegionC,15.9266666666667,383.006667,398.933333666667,550.52800046,875,511.335286513029,45.8072860530287,0,45.8072860530287,39.1927139469713,0,0,317.857427433943,0,30,30,433.9,0,0.5449,0,540,405,558.9,1.38,72,K_PREDICTION_NOT_COMMITTED
126,RegionD,228.514333333333,324.308,552.822333333333,707.612586666667,875,544.318413970579,96.705827303912,0,96.705827303912,163.294172696088,0,180,53.9757587255094,-180,174.6816542656,90,278.48,217.21,0.4161,0,1472,720,921.6,1.28,72,K_PREDICTION_NOT_COMMITTED
126,RegionE,73.436,400.923333,474.359333,592.94916625,875,592.94916625,-0,0,0,0,0,220,62.05083375,-220,82,82,246.1,191.96,0.218,0,1012,560,700,1.25,72,K_PREDICTION_NOT_COMMITTED
126,RegionF,134.24,395.516667,529.756667,672.79096709,875,538.895483545,116.104516455,0,116.104516455,133.895483545,0,220,0,-220,119.83539275273,85,259.05,202.06,0.2576,0,966,540,685.8,1.27,72,K_PREDICTION_NOT_COMMITTED
127,RegionA,26.304,389.185333,415.489333,560.91059955,906.065,514.801524318269,53.890924768269,0,53.890924768269,46.109075231731,0,0,337.372550913462,0,35,35,717.43,0,0.6014,0,630,420,567,1.35,72,K_PREDICTION_NOT_COMMITTED
127,RegionB,49.253,357.413333,406.666333,548.99954955,906.065,507.501381841442,48.5018322914421,0,48.5018322914421,41.4981677085579,0,0,350.061785867116,0,32,32,687.54,0,0.5626,0,585,410,553.5,1.35,72,K_PREDICTION_NOT_COMMITTED
127,RegionC,16.9653333333333,379.978667,396.944000333333,547.78272046,906.065,508.590006513029,45.8072860530287,0,45.8072860530287,39.1927139469713,0,0,351.667707433943,0,30,30,667.61,0,0.5335,0,540,405,558.9,1.38,72,K_PREDICTION_NOT_COMMITTED
127,RegionD,107.272333333333,297.751333,405.023666333333,518.430292906666,906.065,518.430292906666,207.634707093334,0,207.634707093334,0,0,180,0,-180,90,285.176624667734,428.47,334.21,0.4074,0,1472,720,921.6,1.28,72,K_PREDICTION_NOT_COMMITTED
127,RegionE,93.0396666666667,427.918333,520.957999666667,651.197499583333,906.065,651.197499583333,-0,0,0,0,0,220,34.8675004166668,-220,82,82,378.65,295.35,0.2134,0,1012,560,700,1.25,72,K_PREDICTION_NOT_COMMITTED
127,RegionF,117.613333333333,373.895,491.508333333333,624.215583333333,906.065,624.215583333333,-0,0,0,0,0,220,61.849416666667,-220,85,85,398.57,310.88,0.2522,0,966,540,685.8,1.27,72,K_PREDICTION_NOT_COMMITTED
128,RegionA,1.51466666666678,392.532,394.046666666667,531.963,929.905,485.853924768269,53.890924768269,0,53.890924768269,46.109075231731,0,0,390.160150463462,0,35,35,717.52,0,0.5886,0,630,420,567,1.35,72,K_PREDICTION_NOT_COMMITTED
128,RegionB,29.1846666666667,371.58,400.764666666667,541.0323,929.905,499.534132291442,48.5018322914421,0,48.5018322914421,41.4981677085579,0,0,381.869035417116,0,32,32,687.62,0,0.5506,0,585,410,553.5,1.35,72,K_PREDICTION_NOT_COMMITTED
128,RegionC,19.3426666666667,377.752,397.094666666667,547.99064,929.905,508.797926053029,45.8072860530287,0,45.8072860530287,39.1927139469713,0,0,375.299787893943,0,30,30,667.69,0,0.5222,0,540,405,558.9,1.38,72,K_PREDICTION_NOT_COMMITTED
128,RegionD,51.1586666666667,278.65,329.808666666667,422.155093333333,929.905,204.032021654221,41.8769283208876,0,41.8769283208876,218.123071679112,0,180,503.996050024891,-180,285.176624667734,90,428.52,334.25,0.3987,0,1472,720,921.6,1.28,72,K_PREDICTION_NOT_COMMITTED
128,RegionE,90.4533333333333,432.373333,522.826666333333,653.533332916667,929.905,653.533332916667,-0,0,0,0,0,220,56.3716670833333,-220,82,82,378.69,295.38,0.2089,0,1012,560,700,1.25,72,K_PREDICTION_NOT_COMMITTED
128,RegionF,73.3866666666664,339.52,412.906666666666,524.391466666666,929.905,524.391466666666,185.513533333334,0,185.513533333334,0,0,220,0,-220,85,259.382721333334,398.62,310.92,0.2468,0,966,540,685.8,1.27,72,K_PREDICTION_NOT_COMMITTED
129,RegionA,24.3013333333333,394.724,419.025333333333,565.6842,944.89,519.575124768269,53.890924768269,0,53.890924768269,46.109075231731,0,0,371.423950463462,0,35,35,717.62,0,0.5767,0,630,420,567,1.35,72,K_PREDICTION_NOT_COMMITTED
129,RegionB,6.50666666666687,379.22,385.726666666667,520.731,944.89,479.232832291442,48.5018322914421,0,48.5018322914421,41.4981677085579,0,0,417.155335417115,0,32,32,687.72,0,0.5395,0,585,410,553.5,1.35,72,K_PREDICTION_NOT_COMMITTED
129,RegionC,20.308,376.888333,397.196333,548.13093954,944.89,508.938225593029,45.8072860530287,0,45.8072860530287,39.1927139469713,0,0,390.144488353943,0,30,30,667.78,0,0.5116,0,540,405,558.9,1.38,72,K_PREDICTION_NOT_COMMITTED
129,RegionD,47.0093333333333,255.874,302.883333333333,387.690666666667,944.89,266.416523032049,138.725856365383,0,138.725856365383,121.274143634617,0,180,359.747620602568,-180,90,90,428.58,334.29,0.3907,0,1472,720,921.6,1.28,72,K_PREDICTION_NOT_COMMITTED
129,RegionE,160.604,386.67,547.274,684.0925,944.89,684.0925,-0,0,0,0,0,220,40.7975,-220,82,82,378.74,295.42,0.2046,0,1012,560,700,1.25,72,K_PREDICTION_NOT_COMMITTED
129,RegionF,25.8426666666663,321.192333,347.034999666666,440.734449576666,944.89,237.593946514026,46.8594969373598,0,46.8594969373598,203.14050306264,0,220,440.436556548614,-220,259.382721333334,85,398.68,310.97,0.2418,0,966,540,685.8,1.27,72,K_PREDICTION_NOT_COMMITTED
130,RegionA,24.88,395.056,419.936,566.9136,950,520.804524768269,53.890924768269,0,53.890924768269,46.109075231731,0,0,375.304550463462,0,35,35,717.73,0,0.5665,0,630,420,567,1.35,72,K_PREDICTION_NOT_COMMITTED
130,RegionB,1.36933333333334,385.630667,387.000000333333,522.45000045,950,480.951832741442,48.5018322914421,0,48.5018322914421,41.4981677085579,0,0,420.546334967116,0,32,32,687.83,0,0.53,0,585,410,553.5,1.35,72,K_PREDICTION_NOT_COMMITTED
130,RegionC,22.282666666667,377.534667,399.817333666667,551.747920460001,950,512.555206513029,45.8072860530287,0,45.8072860530287,39.1927139469713,0,0,391.637507433942,0,30,30,667.89,0,0.5026,0,540,405,558.9,1.38,72,K_PREDICTION_NOT_COMMITTED
130,RegionD,44.664,275.474,320.138,409.77664,950,288.502496365383,138.725856365383,0,138.725856365383,121.274143634617,0,180,342.771647269235,-180,90,90,428.65,334.35,0.3838,0,1472,720,921.6,1.28,72,K_PREDICTION_NOT_COMMITTED
130,RegionE,159.533333333333,359.217333,518.750666333333,648.438332916667,950,648.438332916667,-0,0,0,0,0,220,81.5616670833333,-220,82,82,378.8,295.46,0.201,0,1012,560,700,1.25,72,K_PREDICTION_NOT_COMMITTED
130,RegionF,0,319.613333,319.613333,405.90893291,950,289.299179415176,133.390246505176,0,133.390246505176,116.609753494824,0,220,307.310574079649,-220,85,85,398.74,311.02,0.2376,0,966,540,685.8,1.27,72,K_PREDICTION_NOT_COMMITTED
131,RegionA,25.2053333333333,394.084667,419.290000333333,566.04150045,944.89,519.932425218269,53.890924768269,0,53.890924768269,46.109075231731,0,0,371.066650013462,0,35,35,717.86,0,0.5588,0,630,420,567,1.35,72,K_PREDICTION_NOT_COMMITTED
131,RegionB,1.216,362.173667,363.389667,490.57605045,944.89,449.077882741442,48.5018322914421,0,48.5018322914421,41.4981677085579,0,0,447.310284967116,0,32,32,687.95,0,0.5227,0,585,410,553.5,1.35,72,K_PREDICTION_NOT_COMMITTED
131,RegionC,28.2986666666667,376.648333,404.946999666667,558.82685954,944.89,519.634145593029,45.8072860530287,0,45.8072860530287,39.1927139469713,0,0,379.448568353943,0,30,30,668.01,0,0.4957,0,540,405,558.9,1.38,72,K_PREDICTION_NOT_COMMITTED
131,RegionD,94.1,254.588333,348.688333,446.32106624,944.89,325.046922605383,138.725856365383,0,138.725856365383,121.274143634617,0,180,301.117221029235,-180,90,90,428.72,334.4,0.3785,0,1472,720,921.6,1.28,72,K_PREDICTION_NOT_COMMITTED
131,RegionE,144.461333333333,307.940333,452.401666333333,565.502082916667,944.89,565.502082916667,-0,0,0,0,0,220,159.387917083333,-220,82,82,378.87,295.52,0.1983,0,1012,560,700,1.25,72,K_PREDICTION_NOT_COMMITTED
131,RegionF,0,296.254,296.254,376.24258,944.89,259.632826505176,133.390246505176,0,133.390246505176,116.609753494824,0,220,331.866926989649,-220,85,85,398.81,311.07,0.2343,0,966,540,685.8,1.27,72,K_PREDICTION_NOT_COMMITTED
132,RegionA,51.4706666666667,354.341333,405.811999666667,547.84619955,929.905,501.737124318269,53.890924768269,0,53.890924768269,46.109075231731,0,0,374.276950913462,0,35,35,718.01,0,0.554,0,630,420,567,1.35,72,K_PREDICTION_NOT_COMMITTED
132,RegionB,3.35066666666667,338.976667,342.327333666667,462.14190045,929.905,420.643732741442,48.5018322914421,0,48.5018322914421,41.4981677085579,0,0,460.759434967116,0,32,32,688.09,0,0.5182,0,585,410,553.5,1.35,72,K_PREDICTION_NOT_COMMITTED
132,RegionC,39.564,358.654,398.218,549.54084,929.905,510.348126053029,45.8072860530287,0,45.8072860530287,39.1927139469713,0,0,373.749587893943,0,30,30,668.15,0,0.4914,0,540,405,558.9,1.38,72,K_PREDICTION_NOT_COMMITTED
132,RegionD,45.9476666666666,230.684,276.631666666667,354.088533333333,929.905,232.814389698716,138.725856365383,0,138.725856365383,121.274143634617,0,180,378.364753935902,-180,90,90,428.81,334.47,0.3753,0,1472,720,921.6,1.28,72,K_PREDICTION_NOT_COMMITTED
132,RegionE,153.84,314.968,468.808,586.01,929.905,586.01,-0,0,0,0,0,220,123.895,-220,82,82,378.95,295.58,0.1966,0,1012,560,700,1.25,72,K_PREDICTION_NOT_COMMITTED
132,RegionF,3.2,264.08,267.28,339.4456,929.905,222.835846505176,133.390246505176,0,133.390246505176,116.609753494824,0,220,353.678906989649,-220,85,85,398.89,311.13,0.2323,0,966,540,685.8,1.27,72,K_PREDICTION_NOT_COMMITTED
133,RegionA,51.6,341.941667,393.541667,531.28125045,906.065,485.172175218269,53.890924768269,0,53.890924768269,46.109075231731,0,0,367.001900013462,0,35,35,718.17,0,0.5524,0,630,420,567,1.35,72,K_PREDICTION_NOT_COMMITTED
133,RegionB,86.04,301.575,387.615,523.28025,906.065,481.782082291442,48.5018322914421,0,48.5018322914421,41.4981677085579,0,0,375.781085417116,0,32,32,688.24,0,0.5168,0,585,410,553.5,1.35,72,K_PREDICTION_NOT_COMMITTED
133,RegionC,68.9653333333333,328.36,397.325333333333,548.30896,906.065,509.116246053029,45.8072860530287,0,45.8072860530287,39.1927139469713,0,0,351.141467893943,0,30,30,668.29,0,0.4901,0,540,405,558.9,1.38,72,K_PREDICTION_NOT_COMMITTED
133,RegionD,10.2266666666668,200.539,210.765666666667,269.780053333334,906.065,148.505909698716,138.725856365383,0,138.725856365383,121.274143634617,0,180,438.833233935901,-180,90,90,428.9,334.54,0.3742,0,1472,720,921.6,1.28,72,K_PREDICTION_NOT_COMMITTED
133,RegionE,155.956,286.758,442.714,553.3925,906.065,553.3925,-0,0,0,0,0,220,132.6725,-220,82,82,379.03,295.64,0.196,0,1012,560,700,1.25,72,K_PREDICTION_NOT_COMMITTED
133,RegionF,5.4,224.404,229.804,291.85108,906.065,175.241326505176,133.390246505176,0,133.390246505176,116.609753494824,0,220,377.433426989649,-220,85,85,398.98,311.2,0.2317,0,966,540,685.8,1.27,72,K_PREDICTION_NOT_COMMITTED
134,RegionA,71.1666666666666,306.775333,377.941999666667,510.22169955,875,464.112624318269,53.890924768269,0,53.890924768269,46.109075231731,0,0,356.996450913462,0,35,35,718.34,0,0.5543,0,630,420,567,1.35,72,K_PREDICTION_NOT_COMMITTED
134,RegionB,84.8146666666665,273.643333,358.457999666666,483.91829955,875,442.420131841442,48.5018322914421,0,48.5018322914421,41.4981677085579,0,0,384.078035867116,0,32,32,688.41,0,0.5186,0,585,410,553.5,1.35,72,K_PREDICTION_NOT_COMMITTED
134,RegionC,50.4059999999998,315.886,366.292,505.48296,875,466.290246053028,45.8072860530287,0,45.8072860530287,39.1927139469713,0,0,362.902467893943,0,30,30,668.46,0,0.4917,0,540,405,558.9,1.38,72,K_PREDICTION_NOT_COMMITTED
134,RegionD,3.48166666666668,206.765667,210.247333666667,269.116587093333,875,147.842443458716,138.725856365383,0,138.725856365383,121.274143634617,0,180,408.431700175901,-180,90,90,429.01,334.63,0.3755,0,1472,720,921.6,1.28,72,K_PREDICTION_NOT_COMMITTED
134,RegionE,149.389333333333,281.648667,431.038000333333,538.797500416666,875,538.797500416666,-0,0,0,0,0,220,116.202499583334,-220,82,82,379.12,295.71,0.1967,0,1012,560,700,1.25,72,K_PREDICTION_NOT_COMMITTED
134,RegionF,137.524,182.827333,320.351333,406.84619291,875,406.84619291,248.15380709,0,248.15380709,0,0,220,0,-220,85,318.2645786646,399.08,311.28,0.2325,0,966,540,685.8,1.27,72,K_PREDICTION_NOT_COMMITTED
135,RegionA,38.196,280.622,318.818,430.4043,838.825,384.295224768269,53.890924768269,0,53.890924768269,46.109075231731,-1.4210854715202e-14,0,400.638850463462,-1.4210854715202e-14,35,35,718.53,0,0.5595,-7.95097321315552e-15,630,420,567,1.35,72,K_PREDICTION_NOT_COMMITTED
135,RegionB,42.2316666666664,259.902333,302.133999666666,407.88089955,838.825,366.382731841442,48.5018322914421,0,48.5018322914421,41.4981677085579,1.4210854715202e-14,0,423.940435867116,1.4210854715202e-14,32,32,688.59,0,0.5234,7.43796135793673e-15,585,410,553.5,1.35,72,K_PREDICTION_NOT_COMMITTED
135,RegionC,67.5893333333333,263.776667,331.366000333333,457.28508046,838.825,457.28508046,85,0,85,-0,0,0,296.53991954,0,30,109.05,668.63,0,0.4963,0,540,405,558.9,1.38,72,K_PREDICTION_NOT_COMMITTED
135,RegionD,1.64,189.307,190.947,244.41216,838.825,123.138016365383,138.725856365383,0,138.725856365383,121.274143634617,0,180,396.961127269235,-180,90,90,429.12,334.71,0.379,0,1472,720,921.6,1.28,72,K_PREDICTION_NOT_COMMITTED
135,RegionE,96.6506666666668,218.153333,314.803999666667,393.504999583334,838.825,393.504999583334,225.320000416667,0,225.320000416667,0,0,220,0,-220,82,293.800800391666,379.22,295.79,0.1985,0,1012,560,700,1.25,72,K_PREDICTION_NOT_COMMITTED
135,RegionF,105.473666666667,158.241333,263.714999666667,334.918049576667,838.825,102.559678987574,17.6416294109071,0,17.6416294109071,232.358370589093,0,220,498.623691601519,-220,318.2645786646,85,399.18,311.36,0.2346,0,966,540,685.8,1.27,72,K_PREDICTION_NOT_COMMITTED
136,RegionA,53.5120000000001,214.743333,268.255333,362.14469955,800,316.035624318269,53.890924768269,0,53.890924768269,46.109075231731,-1.4210854715202e-14,0,430.073450913462,-1.4210854715202e-14,35,35,718.73,0,0.5676,-8.06608113634866e-15,630,420,567,1.35,72,K_PREDICTION_NOT_COMMITTED
136,RegionB,6.14166666666669,221.916333,228.057999666667,307.87829955,800,266.380131841442,48.5018322914421,0,48.5018322914421,41.4981677085579,1.4210854715202e-14,0,485.118035867116,1.4210854715202e-14,32,32,688.78,0,0.531,7.54596385377226e-15,585,410,553.5,1.35,72,K_PREDICTION_NOT_COMMITTED
136,RegionC,55.8693333333334,232.52,288.389333333333,397.97728,800,319.591852106057,6.61457210605734,0,6.61457210605734,78.3854278939427,1.4210854715202e-14,0,473.793575787885,1.4210854715202e-14,109.05,30,668.82,0,0.5035,7.15516534910421e-15,540,405,558.9,1.38,72,K_PREDICTION_NOT_COMMITTED
136,RegionD,1.15000000000001,138.187667,139.337667,178.35221376,800,57.0780701253826,138.725856365383,0,138.725856365383,121.274143634617,0,180,424.196073509235,-180,90,90,429.24,334.81,0.3845,0,1472,720,921.6,1.28,72,K_PREDICTION_NOT_COMMITTED
136,RegionE,3.85333333333319,203.412,207.265333333333,259.081666666666,800,42.0382644874701,22.9565978208036,0,22.9565978208036,217.043402179196,0,220,515.005137691726,-220,293.800800391666,82,379.33,295.88,0.2014,0,1012,560,700,1.25,72,K_PREDICTION_NOT_COMMITTED
136,RegionF,10.618333333333,160.766,171.384333333333,217.658103333333,800,101.048349838509,133.390246505176,0,133.390246505176,116.609753494824,0,220,345.561403656316,-220,85,85,399.29,311.45,0.238,0,966,540,685.8,1.27,72,K_PREDICTION_NOT_COMMITTED
137,RegionA,35.532,212.364667,247.896667,334.66050045,761.175,288.551425218269,53.890924768269,0,53.890924768269,46.109075231731,-1.4210854715202e-14,0,418.732650013462,-1.4210854715202e-14,35,35,1042.47,0,0.5782,-8.2167161963298e-15,630,420,567,1.35,72,K_PREDICTION_NOT_COMMITTED
137,RegionB,2.31999999999999,190.385333,192.705333,260.15219955,761.175,218.654031841442,48.5018322914421,0,48.5018322914421,41.4981677085579,1.4210854715202e-14,0,494.019135867116,1.4210854715202e-14,32,32,999.04,0,0.5409,7.68665131545276e-15,585,410,553.5,1.35,72,K_PREDICTION_NOT_COMMITTED
137,RegionC,42.085,198.348,240.433,331.79754,761.175,292.604826053029,45.8072860530287,0,45.8072860530287,39.1927139469713,-2.1316282072803e-14,0,422.762887893943,-2.1316282072803e-14,30,30,970.08,0,0.5129,-1.09331210751407e-14,540,405,558.9,1.38,72,K_PREDICTION_NOT_COMMITTED
137,RegionD,0.8,71.459667,72.259667,92.49237376,761.175,-0,167.50762624,0,167.50762624,92.49237376,0,180,413.66737376,-180,90,148.003003332267,622.59,485.62,0.3917,0,1472,720,921.6,1.28,72,K_PREDICTION_NOT_COMMITTED
137,RegionE,1.4,185.24,186.64,233.3,761.175,121.354636644969,128.054636644969,0,128.054636644969,111.945363355031,0,220,291.765726710063,-220,82,82,550.19,429.15,0.2052,0,1012,560,700,1.25,72,K_PREDICTION_NOT_COMMITTED
137,RegionF,1.08233333333333,206.795667,207.878000333333,264.005060423333,761.175,147.395306928509,133.390246505176,0,133.390246505176,116.609753494824,0,220,260.389446566316,-220,85,85,579.15,451.74,0.2425,0,966,540,685.8,1.27,72,K_PREDICTION_NOT_COMMITTED
138,RegionA,80.6106666666667,206.013333,286.623999666667,386.94239955,725,340.833324318269,53.890924768269,0,53.890924768269,46.109075231731,-1.4210854715202e-14,0,330.275750913462,-1.4210854715202e-14,35,35,1042.81,0,0.5904,-8.39008862385526e-15,630,420,567,1.35,72,K_PREDICTION_NOT_COMMITTED
138,RegionB,1.40800000000001,149.184667,150.592667,203.30010045,725,161.801932741442,48.5018322914421,0,48.5018322914421,41.4981677085579,-1.4210854715202e-14,0,514.696234967116,-1.4210854715202e-14,32,32,999.36,0,0.5523,-7.84865505920607e-15,585,410,553.5,1.35,72,K_PREDICTION_NOT_COMMITTED
138,RegionC,79.337,202.76,282.097,389.29386,725,350.101146053029,45.8072860530287,0,45.8072860530287,39.1927139469713,-2.1316282072803e-14,0,329.091567893943,-2.1316282072803e-14,30,30,970.39,0,0.5237,-1.11633369215269e-14,540,405,558.9,1.38,72,K_PREDICTION_NOT_COMMITTED
138,RegionD,0.8,48.889,49.689,63.60192,725,-0,196.39808,0,196.39808,63.60192,0,180,348.60192,-180,148.003003332267,264.228037241944,622.79,485.78,0.4,0,1472,720,921.6,1.28,72,K_PREDICTION_NOT_COMMITTED
138,RegionE,11.8706666666667,183.238,195.108666666667,243.885833333333,725,131.940469978302,128.054636644969,0,128.054636644969,111.945363355031,0,220,245.00489337673,-220,82,82,550.37,429.29,0.2095,0,1012,560,700,1.25,72,K_PREDICTION_NOT_COMMITTED
138,RegionF,0,198.917,198.917,252.62459,725,139.175903098881,136.551313098881,0,136.551313098881,113.448686901119,0,220,229.272783802239,-220,85,91.3703989354001,579.34,451.89,0.2476,0,966,540,685.8,1.27,72,K_PREDICTION_NOT_COMMITTED
139,RegionA,77.04,199.123333,276.163333,372.82049955,693.935,326.711424318269,53.890924768269,0,53.890924768269,46.109075231731,-1.4210854715202e-14,0,313.332650913462,-1.4210854715202e-14,35,35,1043.16,0,0.6036,-8.57767190609593e-15,630,420,567,1.35,72,K_PREDICTION_NOT_COMMITTED
139,RegionB,88.9946666666667,176.488,265.482666666667,358.4016,693.935,316.903432291442,48.5018322914421,0,48.5018322914421,41.4981677085579,1.4210854715202e-14,0,328.529735417116,1.4210854715202e-14,32,32,999.7,0,0.5646,8.02344857220305e-15,585,410,553.5,1.35,72,K_PREDICTION_NOT_COMMITTED
139,RegionC,72.5506666666668,227.595,300.145666666667,414.20102,693.935,375.008306053029,45.8072860530287,0,45.8072860530287,39.1927139469713,-2.1316282072803e-14,0,273.119407893942,-2.1316282072803e-14,30,30,970.72,0,0.5354,-1.14127374217787e-14,540,405,558.9,1.38,72,K_PREDICTION_NOT_COMMITTED
139,RegionD,0.8,105.289,106.089,135.79392,693.935,-0,124.20608,0,124.20608,135.79392,0,180,389.72892,-180,264.228037241944,234.966784700009,623,485.94,0.4089,0,1472,720,921.6,1.28,72,K_PREDICTION_NOT_COMMITTED
139,RegionE,0.34666666666667,145.25,145.596666666667,181.995833333333,693.935,113.44587982557,171.450046492237,0,171.450046492237,68.5499535077633,0,220,189.039073682193,-220,82,169.453416275,550.56,429.44,0.2142,0,1012,560,700,1.25,72,K_PREDICTION_NOT_COMMITTED
139,RegionF,0,210.727667,210.727667,267.62413709,693.935,267.62413709,206.31086291,0,206.31086291,0,0,220,0,-220,91.3703989354001,285.3026100708,579.53,452.03,0.2531,0,966,540,685.8,1.27,72,K_PREDICTION_NOT_COMMITTED
140,RegionA,94.4093333333333,189.285333,283.694666333333,382.98779955,670.095,354.72739860152,71.7395990515197,0,71.7395990515197,28.2604009484803,1.77635683940025e-14,0,243.628002346961,1.77635683940025e-14,35,71,1043.53,0,0.6167,1.09547926285813e-14,630,420,567,1.35,72,K_PREDICTION_NOT_COMMITTED
140,RegionB,89.611,180.270667,269.881667,364.34025045,670.095,341.136973881774,66.7967234317741,0,66.7967234317741,23.2032765682259,2.8421709430404e-14,0,262.161302686452,2.8421709430404e-14,32,68.9,1000.05,0,0.5769,1.63964841704001e-14,585,410,553.5,1.35,72,K_PREDICTION_NOT_COMMITTED
140,RegionC,71.48,259.582,331.062,456.86556,670.095,433.959761336495,62.0942013364949,0,62.0942013364949,22.9057986635051,0,0,174.04103732701,0,30,62.85,971.07,0,0.5471,0,540,405,558.9,1.38,72,K_PREDICTION_NOT_COMMITTED
140,RegionD,0.8,165.593333,166.393333,212.98346624,670.095,136.876487647707,183.893021407707,0,183.893021407707,76.1069785922926,0,180,169.325490944585,-180,234.966784700009,325.990763971326,623.22,486.11,0.4178,0,1472,720,921.6,1.28,72,K_PREDICTION_NOT_COMMITTED
140,RegionE,0.24,185.326,185.566,231.9575,670.095,231.9575,218.1375,0,218.1375,0,0,220,0,-220,169.453416275,374.502666275,550.75,429.59,0.2188,0,1012,560,700,1.25,72,K_PREDICTION_NOT_COMMITTED
140,RegionF,0,171.898333,171.898333,218.31088291,670.095,218.31088291,231.78411709,0,231.78411709,0,0,220,0,-220,285.3026100708,503.1796801354,579.74,452.2,0.2586,0,966,540,685.8,1.27,72,K_PREDICTION_NOT_COMMITTED
141,RegionA,94.88,253.160667,348.040667,469.85490045,655.11,469.85490045,100,0,100,-0,0,0,85.25509955,0,71,164,1043.92,0,0.6291,0,630,420,567,1.35,72,K_PREDICTION_NOT_COMMITTED
141,RegionB,89.04,216.861,305.901,412.96635,655.11,412.96635,90,0,90,-0,0,0,152.14365,0,68.9,152.6,1000.43,0,0.5885,0,585,410,553.5,1.35,72,K_PREDICTION_NOT_COMMITTED
141,RegionC,65.2816666666666,276.92,342.201666666667,472.2383,655.11,472.2383,85,0,85,-0,0,0,97.8717000000001,0,62.85,141.9,971.43,0,0.558,0,540,405,558.9,1.38,72,K_PREDICTION_NOT_COMMITTED
141,RegionD,0.613333333333339,186.776667,187.390000333333,239.859200426667,655.11,227.484600213333,247.625399786667,0,247.625399786667,12.3746002133333,0,180,0,-180,325.990763971326,545.452618036026,623.45,486.29,0.4261,0,1472,720,921.6,1.28,72,K_PREDICTION_NOT_COMMITTED
141,RegionE,0.24,184.761333,185.001333,231.25166625,655.11,231.25166625,203.85833375,0,203.85833375,0,0,220,0,-220,374.502666275,566.1295,550.96,429.75,0.2232,0,1012,560,700,1.25,72,K_PREDICTION_NOT_COMMITTED
141,RegionF,0,220.046667,220.046667,279.45926709,655.11,279.45926709,155.65073291,0,155.65073291,0,0,220,0,-220,503.1796801354,649.4913690708,579.96,452.37,0.2638,0,966,540,685.8,1.27,72,K_PREDICTION_NOT_COMMITTED
142,RegionA,80.8519999999997,286.014667,366.866667,495.27000045,650,495.27000045,100,-0,100,-0,0,0,54.7299995500003,0,164,257,648.21,0,0.6397,0,630,420,567,1.35,72,K_PREDICTION_NOT_COMMITTED
142,RegionB,88.9653333333333,239.148,328.113333333333,442.953,650,442.953,90,0,90,-0,0,0,117.047,0,152.6,236.3,621.2,0,0.5984,0,585,410,553.5,1.35,72,K_PREDICTION_NOT_COMMITTED
142,RegionC,31.4240000000001,313.215667,344.639667,475.60274046,650,475.60274046,85,0,85,-0,0,0,89.3972595399998,0,141.9,220.95,603.19,0,0.5675,0,540,405,558.9,1.38,72,K_PREDICTION_NOT_COMMITTED
142,RegionD,0.2,177.253333,177.453333,227.14026624,650,218.57013312,251.42986688,0,251.42986688,8.57013312000001,0,180,0,-180,545.452618036026,772.581496,387.12,301.95,0.4333,0,1472,720,921.6,1.28,72,K_PREDICTION_NOT_COMMITTED
142,RegionE,0.64,219.291333,219.931333,274.91416625,650,274.91416625,155.08583375,0,155.08583375,0,0,220,0,-220,566.1295,711.910183725,342.11,266.85,0.227,0,1012,560,700,1.25,72,K_PREDICTION_NOT_COMMITTED
142,RegionF,0,237.903333,237.903333,302.13723291,650,302.13723291,127.86276709,0,127.86276709,0,0,220,0,-220,649.4913690708,769.6823701354,360.12,280.89,0.2683,0,966,540,685.8,1.27,72,K_PREDICTION_NOT_COMMITTED
143,RegionA,36.4533333333333,318.133333,354.586666333333,478.69199955,655.11,478.69199955,100,-0,100,-0,0,0,76.4180004500001,0,257,350,648.47,0,0.648,0,630,420,567,1.35,72,K_PREDICTION_NOT_COMMITTED
143,RegionB,88.349333333333,280.229333,368.578666333333,497.58119955,655.11,497.58119955,90,0,90,-0,0,0,67.5288004500003,0,236.3,320,621.45,0,0.6062,0,585,410,553.5,1.35,72,K_PREDICTION_NOT_COMMITTED
143,RegionC,5.16800000000006,290.780667,295.948667,408.40916046,655.11,408.40916046,85,0,85,-0,0,0,161.70083954,0,220.95,300,603.44,0,0.5748,0,540,405,558.9,1.38,72,K_PREDICTION_NOT_COMMITTED
143,RegionD,0,265.28,265.28,339.5584,655.11,339.5584,135.5516,0,135.5516,0,0,180,0,-180,772.581496,900,387.28,302.08,0.439,0,1472,720,921.6,1.28,72,K_PREDICTION_NOT_COMMITTED
143,RegionE,0.635999999999997,255.460667,256.096667,320.12083375,655.11,320.12083375,114.98916625,0,114.98916625,0,0,220,0,-220,711.910183725,820,342.25,266.95,0.2299,0,1012,560,700,1.25,72,K_PREDICTION_NOT_COMMITTED
143,RegionF,0,275.327333,275.327333,349.66571291,655.11,349.66571291,85.44428709,0,85.44428709,0,0,220,0,-220,769.6823701354,850,360.26,281,0.2717,0,966,540,685.8,1.27,72,K_PREDICTION_NOT_COMMITTED
120,RegionA,5.73600000000001,306.666,312.402,421.7427,670.095,321.7427,-0,0,0,100,-0,0,348.3523,-0,241.304347826087,132.608695652174,466.22,0,0.6498,-0,630,420,567,1.35,96,K_PREDICTION_NOT_COMMITTED
120,RegionB,34.1506666666667,337.062333,371.212999666667,501.13754955,670.095,432.148543298653,21.0109937486527,0,21.0109937486527,68.9890062513473,0,0,216.935462952695,0,87.4478260869565,32,446.79,0,0.6079,0,585,410,553.5,1.35,96,K_PREDICTION_NOT_COMMITTED
120,RegionC,5.962,338.101333,344.063333,474.80739954,670.095,389.80739954,0,0,0,85,0,0,280.28760046,0,240.467391304348,148.076086956522,433.84,0,0.5764,0,540,405,558.9,1.38,96,K_PREDICTION_NOT_COMMITTED
120,RegionD,70.8083333333333,222.334,293.142333333333,375.222186666667,670.095,160.775436220965,45.5532495542986,0,45.5532495542986,214.446750445701,0,180,283.766314224736,-180,277.767849124014,90,278.44,217.18,0.4402,0,1472,720,921.6,1.28,96,K_PREDICTION_NOT_COMMITTED
120,RegionE,53.86,254.036667,307.896667,384.87083375,670.095,214.723623084916,69.8527893349163,0,69.8527893349163,170.147210665084,0,220,165.518587580167,-220,199.292367987634,82,246.06,191.93,0.2306,0,1012,560,700,1.25,96,K_PREDICTION_NOT_COMMITTED
120,RegionF,27.4346666666667,233.448,260.882666666667,331.320986666667,670.095,81.3209866666666,-0,0,0,250,0,220,368.774013333333,-220,581.182795698925,312.36559139785,259.01,202.03,0.2725,0,966,540,685.8,1.27,96,K_PREDICTION_NOT_COMMITTED
121,RegionA,5.588,358.344667,363.932667,491.30910045,693.935,396.805974776363,5.49687432636343,0,5.49687432636343,94.5031256736366,0,0,291.632150897273,0,132.608695652174,35,466.2,0,0.6513,0,630,420,567,1.35,96,K_PREDICTION_NOT_COMMITTED
121,RegionB,33.28,376.388333,409.668333,553.05224955,693.935,511.554081841442,48.5018322914421,0,48.5018322914421,41.4981677085579,0,0,133.879085867116,0,32,32,446.78,0,0.6093,0,585,410,553.5,1.35,96,K_PREDICTION_NOT_COMMITTED
121,RegionC,3.47066666666667,346.094667,349.565333666667,482.40016046,693.935,397.40016046,-0,0,0,85,0,0,296.53483954,0,148.076086956522,55.6847826086957,433.83,0,0.5778,0,540,405,558.9,1.38,96,K_PREDICTION_NOT_COMMITTED
121,RegionD,68.9166666666667,230.687333,299.603999666667,383.493119573333,693.935,262.218975938716,138.725856365383,0,138.725856365383,121.274143634617,0,180,112.990167695902,-180,90,90,278.43,217.18,0.4412,0,1472,720,921.6,1.28,96,K_PREDICTION_NOT_COMMITTED
121,RegionE,53.204,270.402667,323.606667,404.50833375,693.935,292.562970394969,128.054636644968,0,128.054636644968,111.945363355031,0,220,53.3173929600629,-220,82,82,246.05,191.92,0.2311,0,1012,560,700,1.25,96,K_PREDICTION_NOT_COMMITTED
121,RegionF,8.12800000000012,301.723667,309.851667,393.51161709,693.935,306.520709806976,163.009092716976,0,163.009092716976,86.9909072830244,0,220,4.40519747604854,-220,312.36559139785,372.05552857006,259,202.02,0.2731,0,966,540,685.8,1.27,96,K_PREDICTION_NOT_COMMITTED
122,RegionA,5.43066666666667,376.662333,382.092999666667,515.82554955,725,469.716474318269,53.890924768269,0,53.890924768269,46.109075231731,0,0,201.392600913462,0,35,35,466.2,0,0.6495,0,630,420,567,1.35,96,K_PREDICTION_NOT_COMMITTED
122,RegionB,29.61,379.675,409.285,552.53475,725,511.036582291442,48.5018322914421,0,48.5018322914421,41.4981677085579,0,0,165.461585417116,0,32,32,446.78,0,0.6076,0,585,410,553.5,1.35,96,K_PREDICTION_NOT_COMMITTED
122,RegionC,3.00533333333333,343.804,346.809333333333,478.59688,725,426.669740530287,33.0728605302867,0,33.0728605302867,51.9271394697133,0,0,265.257398939427,0,55.6847826086957,30,433.83,0,0.5762,0,540,405,558.9,1.38,96,K_PREDICTION_NOT_COMMITTED
122,RegionD,56.3753333333334,218.152,274.527333333333,351.394986666667,725,230.120843032049,138.725856365383,0,138.725856365383,121.274143634617,0,180,176.153300602568,-180,90,90,278.43,217.18,0.44,0,1472,720,921.6,1.28,96,K_PREDICTION_NOT_COMMITTED
122,RegionE,39.0573333333334,244.546333,283.603666333333,354.504582916667,725,242.559219561635,128.054636644968,0,128.054636644968,111.945363355031,0,220,134.386143793396,-220,82,82,246.05,191.92,0.2305,0,1012,560,700,1.25,96,K_PREDICTION_NOT_COMMITTED
122,RegionF,0,312.862667,312.862667,397.33558709,725,326.167793545,178.832206455,0,178.832206455,71.167793545,0,220,0,-220,372.05552857006,463.633293449588,259,202.02,0.2724,0,966,540,685.8,1.27,96,K_PREDICTION_NOT_COMMITTED
123,RegionA,4.752,378.057333,382.809333,516.79259955,761.175,470.683524318269,53.890924768269,0,53.890924768269,46.109075231731,0,0,236.600550913462,0,35,35,466.21,0,0.6445,0,630,420,567,1.35,96,K_PREDICTION_NOT_COMMITTED
123,RegionB,14.952,388.519,403.471,544.68585,761.175,503.187682291442,48.5018322914421,0,48.5018322914421,41.4981677085579,0,0,209.485485417116,0,32,32,446.78,0,0.6029,0,585,410,553.5,1.35,96,K_PREDICTION_NOT_COMMITTED
123,RegionC,2.44933333333333,360.162,362.611333333333,500.40364,761.175,461.210926053029,45.8072860530287,0,45.8072860530287,39.1927139469713,0,0,254.156787893943,0,30,30,433.83,0,0.5717,0,540,405,558.9,1.38,96,K_PREDICTION_NOT_COMMITTED
123,RegionD,35.5653333333333,264.578667,300.144000333333,384.184320426667,761.175,262.910176792049,138.725856365383,0,138.725856365383,121.274143634617,0,180,179.538966842568,-180,90,90,278.43,217.18,0.4366,0,1472,720,921.6,1.28,96,K_PREDICTION_NOT_COMMITTED
123,RegionE,31.588,274.026,305.614,382.0175,761.175,270.072136644969,128.054636644968,0,128.054636644968,111.945363355031,0,220,143.048226710063,-220,82,82,246.05,191.92,0.2287,0,1012,560,700,1.25,96,K_PREDICTION_NOT_COMMITTED
123,RegionF,0,373.126667,373.126667,473.87086709,761.175,382.522933545,158.652066455,0,158.652066455,91.347933545,0,220,0,-220,463.633293449588,514.542651460299,259,202.02,0.2703,0,966,540,685.8,1.27,96,K_PREDICTION_NOT_COMMITTED
124,RegionA,14.568,381.421667,395.989667,534.58605045,800,488.476975218269,53.890924768269,0,53.890924768269,46.109075231731,0,0,257.632100013462,0,35,35,466.22,0,0.6365,0,630,420,567,1.35,96,K_PREDICTION_NOT_COMMITTED
124,RegionB,19.7216666666667,374.459333,394.180999666667,532.14434955,800,490.646181841442,48.5018322914421,0,48.5018322914421,41.4981677085579,0,0,260.851985867116,0,32,32,446.8,0,0.5955,0,585,410,553.5,1.35,96,K_PREDICTION_NOT_COMMITTED
124,RegionC,16.716,359.832,376.548,519.63624,800,480.443526053029,45.8072860530287,0,45.8072860530287,39.1927139469713,0,0,273.749187893943,0,30,30,433.85,0,0.5647,0,540,405,558.9,1.38,96,K_PREDICTION_NOT_COMMITTED
124,RegionD,12.4766666666667,311.531667,324.008333666667,414.730667093333,800,293.456523458716,138.725856365383,0,138.725856365383,121.274143634617,0,180,187.817620175901,-180,90,90,278.44,217.18,0.4312,0,1472,720,921.6,1.28,96,K_PREDICTION_NOT_COMMITTED
124,RegionE,23.26,346.673333,369.933333,462.41666625,800,350.471302894969,128.054636644968,0,128.054636644968,111.945363355031,0,220,101.474060460063,-220,82,82,246.06,191.93,0.2259,0,1012,560,700,1.25,96,K_PREDICTION_NOT_COMMITTED
124,RegionF,142.52,389.320667,531.840667,675.43764709,800,502.718823545,77.281176455,0,77.281176455,172.718823545,0,220,0,-220,514.542651460299,401.467792225848,259.01,202.03,0.2669,0,966,540,685.8,1.27,96,K_PREDICTION_NOT_COMMITTED
125,RegionA,12.3173333333333,387.876,400.193333333333,540.261,838.825,494.151924768269,53.890924768269,0,53.890924768269,46.109075231731,0,0,290.782150463462,0,35,35,466.25,0,0.6262,0,630,420,567,1.35,96,K_PREDICTION_NOT_COMMITTED
125,RegionB,12.432,357.128,369.56,498.906,838.825,457.407832291442,48.5018322914421,0,48.5018322914421,41.4981677085579,0,0,332.915335417116,0,32,32,446.82,0,0.5858,0,585,410,553.5,1.35,96,K_PREDICTION_NOT_COMMITTED
125,RegionC,16.1333333333333,379.153333,395.286666333333,545.49559954,838.825,506.302885593029,45.8072860530287,0,45.8072860530287,39.1927139469713,0,0,286.714828353943,0,30,30,433.87,0,0.5555,0,540,405,558.9,1.38,96,K_PREDICTION_NOT_COMMITTED
125,RegionD,98.88,345.446667,444.326667,568.73813376,838.825,483.78156688,175.04343312,0,175.04343312,84.95656688,0,180,0,-180,90,163.189679950004,278.45,217.19,0.4242,0,1472,720,921.6,1.28,96,K_PREDICTION_NOT_COMMITTED
125,RegionE,17.9983333333332,396.345,414.343333333333,517.929166666667,838.825,405.983803311635,128.054636644968,0,128.054636644968,111.945363355031,0,220,84.7865600433965,-220,82,82,246.08,191.94,0.2222,0,1012,560,700,1.25,96,K_PREDICTION_NOT_COMMITTED
125,RegionF,112.16,399.126667,511.286667,649.33406709,838.825,509.079533545,109.745466455,0,109.745466455,140.254533545,0,220,0,-220,401.467792225848,353.817204301075,259.03,202.04,0.2626,0,966,540,685.8,1.27,96,K_PREDICTION_NOT_COMMITTED
126,RegionA,10.64,386.666667,397.306667,536.36400045,875,490.254925218269,53.890924768269,0,53.890924768269,46.109075231731,0,0,330.854150013462,0,35,35,466.29,0,0.6142,0,630,420,567,1.35,96,K_PREDICTION_NOT_COMMITTED
126,RegionB,32.6933333333333,337.606667,370.300000333333,499.90500045,875,458.406832741442,48.5018322914421,0,48.5018322914421,41.4981677085579,0,0,368.091334967116,0,32,32,446.86,0,0.5746,0,585,410,553.5,1.35,96,K_PREDICTION_NOT_COMMITTED
126,RegionC,15.9266666666667,383.006667,398.933333666667,550.52800046,875,511.335286513029,45.8072860530287,0,45.8072860530287,39.1927139469713,0,0,317.857427433943,0,30,30,433.9,0,0.5449,0,540,405,558.9,1.38,96,K_PREDICTION_NOT_COMMITTED
126,RegionD,228.514333333333,324.308,552.822333333333,707.612586666667,875,550.020866277432,102.408279610765,0,102.408279610765,157.591720389235,0,180,42.5708541118031,-180,163.189679950004,90,278.48,217.21,0.4161,0,1472,720,921.6,1.28,96,K_PREDICTION_NOT_COMMITTED
126,RegionE,73.436,400.923333,474.359333,592.94916625,875,592.94916625,-0,0,0,0,0,220,62.05083375,-220,82,82,246.1,191.96,0.218,0,1012,560,700,1.25,96,K_PREDICTION_NOT_COMMITTED
126,RegionF,134.24,395.516667,529.756667,672.79096709,875,422.79096709,-0,0,0,250,0,220,232.20903291,-220,353.817204301075,85,259.05,202.06,0.2576,0,966,540,685.8,1.27,96,K_PREDICTION_NOT_COMMITTED
127,RegionA,26.304,389.185333,415.489333,560.91059955,906.065,514.801524318269,53.890924768269,0,53.890924768269,46.109075231731,0,0,337.372550913462,0,35,35,717.43,0,0.6014,0,630,420,567,1.35,96,K_PREDICTION_NOT_COMMITTED
127,RegionB,49.253,357.413333,406.666333,548.99954955,906.065,507.501381841442,48.5018322914421,0,48.5018322914421,41.4981677085579,0,0,350.061785867116,0,32,32,687.54,0,0.5626,0,585,410,553.5,1.35,96,K_PREDICTION_NOT_COMMITTED
127,RegionC,16.9653333333333,379.978667,396.944000333333,547.78272046,906.065,508.590006513029,45.8072860530287,0,45.8072860530287,39.1927139469713,0,0,351.667707433943,0,30,30,667.61,0,0.5335,0,540,405,558.9,1.38,96,K_PREDICTION_NOT_COMMITTED
127,RegionD,107.272333333333,297.751333,405.023666333333,518.430292906666,906.065,518.430292906666,207.634707093334,0,207.634707093334,0,0,180,0,-180,90,285.176624667734,428.47,334.21,0.4074,0,1472,720,921.6,1.28,96,K_PREDICTION_NOT_COMMITTED
127,RegionE,93.0396666666667,427.918333,520.957999666667,651.197499583333,906.065,651.197499583333,-0,0,0,0,0,220,34.8675004166668,-220,82,82,378.65,295.35,0.2134,0,1012,560,700,1.25,96,K_PREDICTION_NOT_COMMITTED
127,RegionF,117.613333333333,373.895,491.508333333333,624.215583333333,906.065,624.215583333333,-0,0,0,0,0,220,61.849416666667,-220,85,85,398.57,310.88,0.2522,0,966,540,685.8,1.27,96,K_PREDICTION_NOT_COMMITTED
128,RegionA,1.51466666666678,392.532,394.046666666667,531.963,929.905,485.853924768269,53.890924768269,0,53.890924768269,46.109075231731,0,0,390.160150463462,0,35,35,717.52,0,0.5886,0,630,420,567,1.35,96,K_PREDICTION_NOT_COMMITTED
128,RegionB,29.1846666666667,371.58,400.764666666667,541.0323,929.905,499.534132291442,48.5018322914421,0,48.5018322914421,41.4981677085579,0,0,381.869035417116,0,32,32,687.62,0,0.5506,0,585,410,553.5,1.35,96,K_PREDICTION_NOT_COMMITTED
128,RegionC,19.3426666666667,377.752,397.094666666667,547.99064,929.905,508.797926053029,45.8072860530287,0,45.8072860530287,39.1927139469713,0,0,375.299787893943,0,30,30,667.69,0,0.5222,0,540,405,558.9,1.38,96,K_PREDICTION_NOT_COMMITTED
128,RegionD,51.1586666666667,278.65,329.808666666667,422.155093333333,929.905,204.032021654221,41.8769283208876,0,41.8769283208876,218.123071679112,0,180,503.996050024891,-180,285.176624667734,90,428.52,334.25,0.3987,0,1472,720,921.6,1.28,96,K_PREDICTION_NOT_COMMITTED
128,RegionE,90.4533333333333,432.373333,522.826666333333,653.533332916667,929.905,653.533332916667,-0,0,0,0,0,220,56.3716670833333,-220,82,82,378.69,295.38,0.2089,0,1012,560,700,1.25,96,K_PREDICTION_NOT_COMMITTED
128,RegionF,73.3866666666664,339.52,412.906666666666,524.391466666666,929.905,524.391466666666,185.513533333334,0,185.513533333334,0,0,220,0,-220,85,259.382721333334,398.62,310.92,0.2468,0,966,540,685.8,1.27,96,K_PREDICTION_NOT_COMMITTED
129,RegionA,24.3013333333333,394.724,419.025333333333,565.6842,944.89,519.575124768269,53.890924768269,0,53.890924768269,46.109075231731,0,0,371.423950463462,0,35,35,717.62,0,0.5767,0,630,420,567,1.35,96,K_PREDICTION_NOT_COMMITTED
129,RegionB,6.50666666666687,379.22,385.726666666667,520.731,944.89,479.232832291442,48.5018322914421,0,48.5018322914421,41.4981677085579,0,0,417.155335417115,0,32,32,687.72,0,0.5395,0,585,410,553.5,1.35,96,K_PREDICTION_NOT_COMMITTED
129,RegionC,20.308,376.888333,397.196333,548.13093954,944.89,508.938225593029,45.8072860530287,0,45.8072860530287,39.1927139469713,0,0,390.144488353943,0,30,30,667.78,0,0.5116,0,540,405,558.9,1.38,96,K_PREDICTION_NOT_COMMITTED
129,RegionD,47.0093333333333,255.874,302.883333333333,387.690666666667,944.89,266.416523032049,138.725856365383,0,138.725856365383,121.274143634617,0,180,359.747620602568,-180,90,90,428.58,334.29,0.3907,0,1472,720,921.6,1.28,96,K_PREDICTION_NOT_COMMITTED
129,RegionE,160.604,386.67,547.274,684.0925,944.89,684.0925,-0,0,0,0,0,220,40.7975,-220,82,82,378.74,295.42,0.2046,0,1012,560,700,1.25,96,K_PREDICTION_NOT_COMMITTED
129,RegionF,25.8426666666663,321.192333,347.034999666666,440.734449576666,944.89,237.593946514026,46.8594969373598,0,46.8594969373598,203.14050306264,0,220,440.436556548614,-220,259.382721333334,85,398.68,310.97,0.2418,0,966,540,685.8,1.27,96,K_PREDICTION_NOT_COMMITTED
130,RegionA,24.88,395.056,419.936,566.9136,950,520.804524768269,53.890924768269,0,53.890924768269,46.109075231731,0,0,375.304550463462,0,35,35,717.73,0,0.5665,0,630,420,567,1.35,96,K_PREDICTION_NOT_COMMITTED
130,RegionB,1.36933333333334,385.630667,387.000000333333,522.45000045,950,480.951832741442,48.5018322914421,0,48.5018322914421,41.4981677085579,0,0,420.546334967116,0,32,32,687.83,0,0.53,0,585,410,553.5,1.35,96,K_PREDICTION_NOT_COMMITTED
130,RegionC,22.282666666667,377.534667,399.817333666667,551.747920460001,950,512.555206513029,45.8072860530287,0,45.8072860530287,39.1927139469713,0,0,391.637507433942,0,30,30,667.89,0,0.5026,0,540,405,558.9,1.38,96,K_PREDICTION_NOT_COMMITTED
130,RegionD,44.664,275.474,320.138,409.77664,950,288.502496365383,138.725856365383,0,138.725856365383,121.274143634617,0,180,342.771647269235,-180,90,90,428.65,334.35,0.3838,0,1472,720,921.6,1.28,96,K_PREDICTION_NOT_COMMITTED
130,RegionE,159.533333333333,359.217333,518.750666333333,648.438332916667,950,648.438332916667,-0,0,0,0,0,220,81.5616670833333,-220,82,82,378.8,295.46,0.201,0,1012,560,700,1.25,96,K_PREDICTION_NOT_COMMITTED
130,RegionF,0,319.613333,319.613333,405.90893291,950,289.299179415176,133.390246505176,0,133.390246505176,116.609753494824,0,220,307.310574079649,-220,85,85,398.74,311.02,0.2376,0,966,540,685.8,1.27,96,K_PREDICTION_NOT_COMMITTED
131,RegionA,25.2053333333333,394.084667,419.290000333333,566.04150045,944.89,519.932425218269,53.890924768269,0,53.890924768269,46.109075231731,0,0,371.066650013462,0,35,35,717.86,0,0.5588,0,630,420,567,1.35,96,K_PREDICTION_NOT_COMMITTED
131,RegionB,1.216,362.173667,363.389667,490.57605045,944.89,449.077882741442,48.5018322914421,0,48.5018322914421,41.4981677085579,0,0,447.310284967116,0,32,32,687.95,0,0.5227,0,585,410,553.5,1.35,96,K_PREDICTION_NOT_COMMITTED
131,RegionC,28.2986666666667,376.648333,404.946999666667,558.82685954,944.89,519.634145593029,45.8072860530287,0,45.8072860530287,39.1927139469713,0,0,379.448568353943,0,30,30,668.01,0,0.4957,0,540,405,558.9,1.38,96,K_PREDICTION_NOT_COMMITTED
131,RegionD,94.1,254.588333,348.688333,446.32106624,944.89,325.046922605383,138.725856365383,0,138.725856365383,121.274143634617,0,180,301.117221029235,-180,90,90,428.72,334.4,0.3785,0,1472,720,921.6,1.28,96,K_PREDICTION_NOT_COMMITTED
131,RegionE,144.461333333333,307.940333,452.401666333333,565.502082916667,944.89,565.502082916667,-0,0,0,0,0,220,159.387917083333,-220,82,82,378.87,295.52,0.1983,0,1012,560,700,1.25,96,K_PREDICTION_NOT_COMMITTED
131,RegionF,0,296.254,296.254,376.24258,944.89,259.632826505176,133.390246505176,0,133.390246505176,116.609753494824,0,220,331.866926989649,-220,85,85,398.81,311.07,0.2343,0,966,540,685.8,1.27,96,K_PREDICTION_NOT_COMMITTED
132,RegionA,51.4706666666667,354.341333,405.811999666667,547.84619955,929.905,501.737124318269,53.890924768269,0,53.890924768269,46.109075231731,0,0,374.276950913462,0,35,35,718.01,0,0.554,0,630,420,567,1.35,96,K_PREDICTION_NOT_COMMITTED
132,RegionB,3.35066666666667,338.976667,342.327333666667,462.14190045,929.905,420.643732741442,48.5018322914421,0,48.5018322914421,41.4981677085579,0,0,460.759434967116,0,32,32,688.09,0,0.5182,0,585,410,553.5,1.35,96,K_PREDICTION_NOT_COMMITTED
132,RegionC,39.564,358.654,398.218,549.54084,929.905,510.348126053029,45.8072860530287,0,45.8072860530287,39.1927139469713,0,0,373.749587893943,0,30,30,668.15,0,0.4914,0,540,405,558.9,1.38,96,K_PREDICTION_NOT_COMMITTED
132,RegionD,45.9476666666666,230.684,276.631666666667,354.088533333333,929.905,232.814389698716,138.725856365383,0,138.725856365383,121.274143634617,0,180,378.364753935902,-180,90,90,428.81,334.47,0.3753,0,1472,720,921.6,1.28,96,K_PREDICTION_NOT_COMMITTED
132,RegionE,153.84,314.968,468.808,586.01,929.905,586.01,-0,0,0,0,0,220,123.895,-220,82,82,378.95,295.58,0.1966,0,1012,560,700,1.25,96,K_PREDICTION_NOT_COMMITTED
132,RegionF,3.2,264.08,267.28,339.4456,929.905,222.835846505176,133.390246505176,0,133.390246505176,116.609753494824,0,220,353.678906989649,-220,85,85,398.89,311.13,0.2323,0,966,540,685.8,1.27,96,K_PREDICTION_NOT_COMMITTED
133,RegionA,51.6,341.941667,393.541667,531.28125045,906.065,485.172175218269,53.890924768269,0,53.890924768269,46.109075231731,0,0,367.001900013462,0,35,35,718.17,0,0.5524,0,630,420,567,1.35,96,K_PREDICTION_NOT_COMMITTED
133,RegionB,86.04,301.575,387.615,523.28025,906.065,481.782082291442,48.5018322914421,0,48.5018322914421,41.4981677085579,0,0,375.781085417116,0,32,32,688.24,0,0.5168,0,585,410,553.5,1.35,96,K_PREDICTION_NOT_COMMITTED
133,RegionC,68.9653333333333,328.36,397.325333333333,548.30896,906.065,509.116246053029,45.8072860530287,0,45.8072860530287,39.1927139469713,0,0,351.141467893943,0,30,30,668.29,0,0.4901,0,540,405,558.9,1.38,96,K_PREDICTION_NOT_COMMITTED
133,RegionD,10.2266666666668,200.539,210.765666666667,269.780053333334,906.065,148.505909698716,138.725856365383,0,138.725856365383,121.274143634617,0,180,438.833233935901,-180,90,90,428.9,334.54,0.3742,0,1472,720,921.6,1.28,96,K_PREDICTION_NOT_COMMITTED
133,RegionE,155.956,286.758,442.714,553.3925,906.065,553.3925,-0,0,0,0,0,220,132.6725,-220,82,82,379.03,295.64,0.196,0,1012,560,700,1.25,96,K_PREDICTION_NOT_COMMITTED
133,RegionF,5.4,224.404,229.804,291.85108,906.065,175.241326505176,133.390246505176,0,133.390246505176,116.609753494824,0,220,377.433426989649,-220,85,85,398.98,311.2,0.2317,0,966,540,685.8,1.27,96,K_PREDICTION_NOT_COMMITTED
134,RegionA,71.1666666666666,306.775333,377.941999666667,510.22169955,875,464.112624318269,53.890924768269,0,53.890924768269,46.109075231731,0,0,356.996450913462,0,35,35,718.34,0,0.5543,0,630,420,567,1.35,96,K_PREDICTION_NOT_COMMITTED
134,RegionB,84.8146666666665,273.643333,358.457999666666,483.91829955,875,483.91829955,90,0,90,0,0,0,301.08170045,0,32,115.7,688.41,0,0.5186,0,585,410,553.5,1.35,96,K_PREDICTION_NOT_COMMITTED
134,RegionC,50.4059999999998,315.886,366.292,505.48296,875,466.290246053028,45.8072860530287,0,45.8072860530287,39.1927139469713,0,0,362.902467893943,0,30,30,668.46,0,0.4917,0,540,405,558.9,1.38,96,K_PREDICTION_NOT_COMMITTED
134,RegionD,3.48166666666668,206.765667,210.247333666667,269.116587093333,875,147.842443458716,138.725856365383,0,138.725856365383,121.274143634617,0,180,408.431700175901,-180,90,90,429.01,334.63,0.3755,0,1472,720,921.6,1.28,96,K_PREDICTION_NOT_COMMITTED
134,RegionE,149.389333333333,281.648667,431.038000333333,538.797500416666,875,538.797500416666,-0,0,0,0,0,220,116.202499583334,-220,82,82,379.12,295.71,0.1967,0,1012,560,700,1.25,96,K_PREDICTION_NOT_COMMITTED
134,RegionF,137.524,182.827333,320.351333,406.84619291,875,406.84619291,248.15380709,0,248.15380709,0,0,220,0,-220,85,318.2645786646,399.08,311.28,0.2325,0,966,540,685.8,1.27,96,K_PREDICTION_NOT_COMMITTED
135,RegionA,38.196,280.622,318.818,430.4043,838.825,384.295224768269,53.890924768269,0,53.890924768269,46.109075231731,-1.4210854715202e-14,0,400.638850463462,-1.4210854715202e-14,35,35,718.53,0,0.5595,-7.95097321315552e-15,630,420,567,1.35,96,K_PREDICTION_NOT_COMMITTED
135,RegionB,42.2316666666664,259.902333,302.133999666666,407.88089955,838.825,324.884564132884,7.00366458288424,0,7.00366458288424,82.9963354171158,2.8421709430404e-14,0,506.936771284232,2.8421709430404e-14,115.7,32,688.59,0,0.5234,1.48759227158735e-14,585,410,553.5,1.35,96,K_PREDICTION_NOT_COMMITTED
135,RegionC,67.5893333333333,263.776667,331.366000333333,457.28508046,838.825,418.092366513029,45.8072860530287,0,45.8072860530287,39.1927139469713,0,0,374.925347433943,0,30,30,668.63,0,0.4963,0,540,405,558.9,1.38,96,K_PREDICTION_NOT_COMMITTED
135,RegionD,1.64,189.307,190.947,244.41216,838.825,123.138016365383,138.725856365383,0,138.725856365383,121.274143634617,0,180,396.961127269235,-180,90,90,429.12,334.71,0.379,0,1472,720,921.6,1.28,96,K_PREDICTION_NOT_COMMITTED
135,RegionE,96.6506666666668,218.153333,314.803999666667,393.504999583334,838.825,393.504999583334,225.320000416667,0,225.320000416667,0,0,220,0,-220,82,293.800800391666,379.22,295.79,0.1985,0,1012,560,700,1.25,96,K_PREDICTION_NOT_COMMITTED
135,RegionF,105.473666666667,158.241333,263.714999666667,334.918049576667,838.825,102.559678987574,17.6416294109071,0,17.6416294109071,232.358370589093,0,220,498.623691601519,-220,318.2645786646,85,399.18,311.36,0.2346,0,966,540,685.8,1.27,96,K_PREDICTION_NOT_COMMITTED
136,RegionA,53.5120000000001,214.743333,268.255333,362.14469955,800,316.035624318269,53.890924768269,0,53.890924768269,46.109075231731,-1.4210854715202e-14,0,430.073450913462,-1.4210854715202e-14,35,35,718.73,0,0.5676,-8.06608113634866e-15,630,420,567,1.35,96,K_PREDICTION_NOT_COMMITTED
136,RegionB,6.14166666666669,221.916333,228.057999666667,307.87829955,800,266.380131841442,48.5018322914421,0,48.5018322914421,41.4981677085579,1.4210854715202e-14,0,485.118035867116,1.4210854715202e-14,32,32,688.78,0,0.531,7.54596385377226e-15,585,410,553.5,1.35,96,K_PREDICTION_NOT_COMMITTED
136,RegionC,55.8693333333334,232.52,288.389333333333,397.97728,800,358.784566053029,45.8072860530287,0,45.8072860530287,39.1927139469713,-2.1316282072803e-14,0,395.408147893943,-2.1316282072803e-14,30,30,668.82,0,0.5035,-1.07327480236563e-14,540,405,558.9,1.38,96,K_PREDICTION_NOT_COMMITTED
136,RegionD,1.15000000000001,138.187667,139.337667,178.35221376,800,57.0780701253826,138.725856365383,0,138.725856365383,121.274143634617,0,180,424.196073509235,-180,90,90,429.24,334.81,0.3845,0,1472,720,921.6,1.28,96,K_PREDICTION_NOT_COMMITTED
136,RegionE,3.85333333333319,203.412,207.265333333333,259.081666666666,800,42.0382644874701,22.9565978208036,0,22.9565978208036,217.043402179196,0,220,515.005137691726,-220,293.800800391666,82,379.33,295.88,0.2014,0,1012,560,700,1.25,96,K_PREDICTION_NOT_COMMITTED
136,RegionF,10.618333333333,160.766,171.384333333333,217.658103333333,800,101.048349838509,133.390246505176,0,133.390246505176,116.609753494824,0,220,345.561403656316,-220,85,85,399.29,311.45,0.238,0,966,540,685.8,1.27,96,K_PREDICTION_NOT_COMMITTED
137,RegionA,35.532,212.364667,247.896667,334.66050045,761.175,288.551425218269,53.890924768269,0,53.890924768269,46.109075231731,-1.4210854715202e-14,0,418.732650013462,-1.4210854715202e-14,35,35,1042.47,0,0.5782,-8.2167161963298e-15,630,420,567,1.35,96,K_PREDICTION_NOT_COMMITTED
137,RegionB,2.31999999999999,190.385333,192.705333,260.15219955,761.175,218.654031841442,48.5018322914421,0,48.5018322914421,41.4981677085579,1.4210854715202e-14,0,494.019135867116,1.4210854715202e-14,32,32,999.04,0,0.5409,7.68665131545276e-15,585,410,553.5,1.35,96,K_PREDICTION_NOT_COMMITTED
137,RegionC,42.085,198.348,240.433,331.79754,761.175,292.604826053029,45.8072860530287,0,45.8072860530287,39.1927139469713,-2.1316282072803e-14,0,422.762887893943,-2.1316282072803e-14,30,30,970.08,0,0.5129,-1.09331210751407e-14,540,405,558.9,1.38,96,K_PREDICTION_NOT_COMMITTED
137,RegionD,0.8,71.459667,72.259667,92.49237376,761.175,-0,167.50762624,0,167.50762624,92.49237376,0,180,413.66737376,-180,90,148.003003332267,622.59,485.62,0.3917,0,1472,720,921.6,1.28,96,K_PREDICTION_NOT_COMMITTED
137,RegionE,1.4,185.24,186.64,233.3,761.175,121.354636644969,128.054636644969,0,128.054636644969,111.945363355031,0,220,291.765726710063,-220,82,82,550.19,429.15,0.2052,0,1012,560,700,1.25,96,K_PREDICTION_NOT_COMMITTED
137,RegionF,1.08233333333333,206.795667,207.878000333333,264.005060423333,761.175,147.395306928509,133.390246505176,0,133.390246505176,116.609753494824,0,220,260.389446566316,-220,85,85,579.15,451.74,0.2425,0,966,540,685.8,1.27,96,K_PREDICTION_NOT_COMMITTED
138,RegionA,80.6106666666667,206.013333,286.623999666667,386.94239955,725,340.833324318269,53.890924768269,0,53.890924768269,46.109075231731,-1.4210854715202e-14,0,330.275750913462,-1.4210854715202e-14,35,35,1042.81,0,0.5904,-8.39008862385526e-15,630,420,567,1.35,96,K_PREDICTION_NOT_COMMITTED
138,RegionB,1.40800000000001,149.184667,150.592667,203.30010045,725,161.801932741442,48.5018322914421,0,48.5018322914421,41.4981677085579,-1.4210854715202e-14,0,514.696234967116,-1.4210854715202e-14,32,32,999.36,0,0.5523,-7.84865505920607e-15,585,410,553.5,1.35,96,K_PREDICTION_NOT_COMMITTED
138,RegionC,79.337,202.76,282.097,389.29386,725,350.101146053029,45.8072860530287,0,45.8072860530287,39.1927139469713,-2.1316282072803e-14,0,329.091567893943,-2.1316282072803e-14,30,30,970.39,0,0.5237,-1.11633369215269e-14,540,405,558.9,1.38,96,K_PREDICTION_NOT_COMMITTED
138,RegionD,0.8,48.889,49.689,63.60192,725,-0,196.39808,0,196.39808,63.60192,0,180,348.60192,-180,148.003003332267,264.228037241944,622.79,485.78,0.4,0,1472,720,921.6,1.28,96,K_PREDICTION_NOT_COMMITTED
138,RegionE,11.8706666666667,183.238,195.108666666667,243.885833333333,725,131.940469978302,128.054636644969,0,128.054636644969,111.945363355031,0,220,245.00489337673,-220,82,82,550.37,429.29,0.2095,0,1012,560,700,1.25,96,K_PREDICTION_NOT_COMMITTED
138,RegionF,0,198.917,198.917,252.62459,725,136.014836505176,133.390246505176,0,133.390246505176,116.609753494824,0,220,235.594916989649,-220,85,85,579.34,451.89,0.2476,0,966,540,685.8,1.27,96,K_PREDICTION_NOT_COMMITTED
139,RegionA,77.04,199.123333,276.163333,372.82049955,693.935,326.711424318269,53.890924768269,0,53.890924768269,46.109075231731,-1.4210854715202e-14,0,313.332650913462,-1.4210854715202e-14,35,35,1043.16,0,0.6036,-8.57767190609593e-15,630,420,567,1.35,96,K_PREDICTION_NOT_COMMITTED
139,RegionB,88.9946666666667,176.488,265.482666666667,358.4016,693.935,316.903432291442,48.5018322914421,0,48.5018322914421,41.4981677085579,1.4210854715202e-14,0,328.529735417116,1.4210854715202e-14,32,32,999.7,0,0.5646,8.02344857220305e-15,585,410,553.5,1.35,96,K_PREDICTION_NOT_COMMITTED
139,RegionC,72.5506666666668,227.595,300.145666666667,414.20102,693.935,375.008306053029,45.8072860530287,0,45.8072860530287,39.1927139469713,-2.1316282072803e-14,0,273.119407893942,-2.1316282072803e-14,30,30,970.72,0,0.5354,-1.14127374217787e-14,540,405,558.9,1.38,96,K_PREDICTION_NOT_COMMITTED
139,RegionD,0.8,105.289,106.089,135.79392,693.935,-0,124.20608,0,124.20608,135.79392,0,180,389.72892,-180,264.228037241944,234.966784700009,623,485.94,0.4089,0,1472,720,921.6,1.28,96,K_PREDICTION_NOT_COMMITTED
139,RegionE,0.34666666666667,145.25,145.596666666667,181.995833333333,693.935,70.0504699783018,128.054636644969,0,128.054636644969,111.945363355031,0,220,275.82989337673,-220,82,82,550.56,429.44,0.2142,0,1012,560,700,1.25,96,K_PREDICTION_NOT_COMMITTED
139,RegionF,0,210.727667,210.727667,267.62413709,693.935,267.62413709,-0,0,0,0,0,220,206.31086291,-220,85,85,579.53,452.03,0.2531,0,966,540,685.8,1.27,96,K_PREDICTION_NOT_COMMITTED
140,RegionA,94.4093333333333,189.285333,283.694666333333,382.98779955,670.095,336.878724318269,53.890924768269,0,53.890924768269,46.109075231731,-1.4210854715202e-14,0,279.325350913462,-1.4210854715202e-14,35,35,1043.53,0,0.6167,-8.76383410286508e-15,630,420,567,1.35,96,K_PREDICTION_NOT_COMMITTED
140,RegionB,89.611,180.270667,269.881667,364.34025045,670.095,322.842082741442,48.5018322914421,0,48.5018322914421,41.4981677085579,1.4210854715202e-14,0,298.751084967116,1.4210854715202e-14,32,32,1000.05,0,0.5769,8.19824208520004e-15,585,410,553.5,1.35,96,K_PREDICTION_NOT_COMMITTED
140,RegionC,71.48,259.582,331.062,456.86556,670.095,417.672846053029,45.8072860530287,0,45.8072860530287,39.1927139469713,0,0,206.614867893943,0,30,30,971.07,0,0.5471,0,540,405,558.9,1.38,96,K_PREDICTION_NOT_COMMITTED
140,RegionD,0.8,165.593333,166.393333,212.98346624,670.095,19.7751054615303,66.7916392215303,0,66.7916392215303,193.20836077847,0,180,403.52825531694,-180,234.966784700009,90,623.22,486.11,0.4178,0,1472,720,921.6,1.28,96,K_PREDICTION_NOT_COMMITTED
140,RegionE,0.24,185.326,185.566,231.9575,670.095,231.9575,-0,0,0,0,0,220,218.1375,-220,82,82,550.75,429.59,0.2188,0,1012,560,700,1.25,96,K_PREDICTION_NOT_COMMITTED
140,RegionF,0,171.898333,171.898333,218.31088291,670.095,218.31088291,-0,0,0,0,0,220,231.78411709,-220,85,85,579.74,452.2,0.2586,0,966,540,685.8,1.27,96,K_PREDICTION_NOT_COMMITTED
141,RegionA,94.88,253.160667,348.040667,469.85490045,655.11,423.745825218269,53.890924768269,0,53.890924768269,46.109075231731,0,0,177.473250013462,0,35,35,1043.92,0,0.6291,0,630,420,567,1.35,96,K_PREDICTION_NOT_COMMITTED
141,RegionB,89.04,216.861,305.901,412.96635,655.11,371.468182291442,48.5018322914421,0,48.5018322914421,41.4981677085579,1.4210854715202e-14,0,235.139985417116,1.4210854715202e-14,32,32,1000.43,0,0.5885,8.36308799989638e-15,585,410,553.5,1.35,96,K_PREDICTION_NOT_COMMITTED
141,RegionC,65.2816666666666,276.92,342.201666666667,472.2383,655.11,433.045586053029,45.8072860530287,0,45.8072860530287,39.1927139469713,0,0,176.257127893943,0,30,30,971.43,0,0.558,0,540,405,558.9,1.38,96,K_PREDICTION_NOT_COMMITTED
141,RegionD,0.613333333333339,186.776667,187.390000333333,239.859200426667,655.11,118.585056792049,138.725856365383,0,138.725856365383,121.274143634617,0,180,217.799086842568,-180,90,90,623.45,486.29,0.4261,0,1472,720,921.6,1.28,96,K_PREDICTION_NOT_COMMITTED
141,RegionE,0.24,184.761333,185.001333,231.25166625,655.11,231.25166625,-0,0,0,0,0,220,203.85833375,-220,82,82,550.96,429.75,0.2232,0,1012,560,700,1.25,96,K_PREDICTION_NOT_COMMITTED
141,RegionF,0,220.046667,220.046667,279.45926709,655.11,279.45926709,-0,0,0,0,0,220,155.65073291,-220,85,85,579.96,452.37,0.2638,0,966,540,685.8,1.27,96,K_PREDICTION_NOT_COMMITTED
142,RegionA,80.8519999999997,286.014667,366.866667,495.27000045,650,449.160925218269,53.890924768269,0,53.890924768269,46.109075231731,0,0,146.948150013462,0,35,35,648.21,0,0.6397,0,630,420,567,1.35,96,K_PREDICTION_NOT_COMMITTED
142,RegionB,88.9653333333333,239.148,328.113333333333,442.953,650,401.454832291442,48.5018322914421,0,48.5018322914421,41.4981677085579,0,0,200.043335417116,0,32,32,621.2,0,0.5984,0,585,410,553.5,1.35,96,K_PREDICTION_NOT_COMMITTED
142,RegionC,31.4240000000001,313.215667,344.639667,475.60274046,650,436.410026513029,45.8072860530287,0,45.8072860530287,39.1927139469713,0,0,167.782687433942,0,30,30,603.19,0,0.5675,0,540,405,558.9,1.38,96,K_PREDICTION_NOT_COMMITTED
142,RegionD,0.2,177.253333,177.453333,227.14026624,650,105.866122605383,138.725856365383,0,138.725856365383,121.274143634617,0,180,225.408021029235,-180,90,90,387.12,301.95,0.4333,0,1472,720,921.6,1.28,96,K_PREDICTION_NOT_COMMITTED
142,RegionE,0.64,219.291333,219.931333,274.91416625,650,274.91416625,-0,0,0,0,0,220,155.08583375,-220,82,82,342.11,266.85,0.227,0,1012,560,700,1.25,96,K_PREDICTION_NOT_COMMITTED
142,RegionF,0,237.903333,237.903333,302.13723291,650,302.13723291,-0,0,0,0,0,220,127.86276709,-220,85,85,360.12,280.89,0.2683,0,966,540,685.8,1.27,96,K_PREDICTION_NOT_COMMITTED
143,RegionA,36.4533333333333,318.133333,354.586666333333,478.69199955,655.11,432.582924318269,53.890924768269,0,53.890924768269,46.109075231731,0,0,168.636150913462,0,35,35,648.47,0,0.648,0,630,420,567,1.35,96,K_PREDICTION_NOT_COMMITTED
143,RegionB,88.349333333333,280.229333,368.578666333333,497.58119955,655.11,456.083031841442,48.5018322914421,0,48.5018322914421,41.4981677085579,0,0,150.525135867116,0,32,32,621.45,0,0.6062,0,585,410,553.5,1.35,96,K_PREDICTION_NOT_COMMITTED
143,RegionC,5.16800000000006,290.780667,295.948667,408.40916046,655.11,369.216446513029,45.8072860530287,0,45.8072860530287,39.1927139469713,-2.1316282072803e-14,0,240.086267433943,-2.1316282072803e-14,30,30,603.44,0,0.5748,-1.22525989354472e-14,540,405,558.9,1.38,96,K_PREDICTION_NOT_COMMITTED
143,RegionD,0,265.28,265.28,339.5584,655.11,339.5584,-0,0,0,0,0,180,135.5516,-180,90,90,387.28,302.08,0.439,0,1472,720,921.6,1.28,96,K_PREDICTION_NOT_COMMITTED
143,RegionE,0.635999999999997,255.460667,256.096667,320.12083375,655.11,320.12083375,-0,0,0,0,0,220,114.98916625,-220,82,82,342.25,266.95,0.2299,0,1012,560,700,1.25,96,K_PREDICTION_NOT_COMMITTED
143,RegionF,0,275.327333,275.327333,349.66571291,655.11,349.66571291,-0,0,0,0,0,220,85.44428709,-220,85,85,360.26,281,0.2717,0,966,540,685.8,1.27,96,K_PREDICTION_NOT_COMMITTED
144,RegionA,18.8,336.998,355.798,480.3273,670.095,434.218224768269,53.890924768269,0,53.890924768269,46.109075231731,0,0,181.985850463462,0,35,35,468.54,0,0.6534,0,630,420,567,1.35,96,K_PREDICTION_NOT_COMMITTED
144,RegionB,22.5493333333332,304.97,327.519333333333,442.1511,670.095,400.652932291442,48.5018322914421,0,48.5018322914421,41.4981677085579,0,0,220.940235417116,0,32,32,449.02,0,0.6112,0,585,410,553.5,1.35,96,K_PREDICTION_NOT_COMMITTED
144,RegionC,5.08,362.724667,367.804667,507.57044046,670.095,468.377726513029,45.8072860530287,0,45.8072860530287,39.1927139469713,0,0,155.909987433943,0,30,30,436,0,0.5796,0,540,405,558.9,1.38,96,K_PREDICTION_NOT_COMMITTED
144,RegionD,3.76,231.856667,235.616667,301.58933376,670.095,301.58933376,-0,0,0,0,0,180,188.50566624,-180,90,90,279.82,218.26,0.4426,0,1472,720,921.6,1.28,96,K_PREDICTION_NOT_COMMITTED
144,RegionE,0.4,265.43,265.83,332.2875,670.095,332.2875,-0,0,0,0,0,220,117.8075,-220,82,82,247.29,192.89,0.2318,0,1012,560,700,1.25,96,K_PREDICTION_NOT_COMMITTED
144,RegionF,0,267.916,267.916,340.25332,670.095,340.25332,-0,0,0,0,0,220,109.84168,-220,85,85,260.3,203.03,0.274,0,966,540,685.8,1.27,96,K_PREDICTION_NOT_COMMITTED
145,RegionA,37.52,350.883667,388.403667,524.34495045,693.935,478.235875218269,53.890924768269,0,53.890924768269,46.109075231731,0,0,161.808200013462,0,35,35,468.75,0,0.6555,0,630,420,567,1.35,96,K_PREDICTION_NOT_COMMITTED
145,RegionB,2.13466666666667,334.237667,336.372333666667,454.10265045,693.935,412.604482741442,48.5018322914421,0,48.5018322914421,41.4981677085579,0,0,232.828684967116,0,32,32,449.22,0,0.6132,0,585,410,553.5,1.35,96,K_PREDICTION_NOT_COMMITTED
145,RegionC,4.48066666666669,360.476,364.956666666667,503.6402,693.935,464.447486053029,45.8072860530287,0,45.8072860530287,39.1927139469713,0,0,183.680227893943,0,30,30,436.2,0,0.5815,0,540,405,558.9,1.38,96,K_PREDICTION_NOT_COMMITTED
145,RegionD,46.5559999999999,333.425333,379.981333,486.37610624,693.935,486.37610624,-0,0,0,0,0,180,27.55889376,-180,90,90,279.95,218.36,0.444,0,1472,720,921.6,1.28,96,K_PREDICTION_NOT_COMMITTED
145,RegionE,0.4,257.047333,257.447333,321.80916625,693.935,321.80916625,-0,0,0,0,0,220,152.12583375,-220,82,82,247.4,192.97,0.2326,0,1012,560,700,1.25,96,K_PREDICTION_NOT_COMMITTED
145,RegionF,0,291.240667,291.240667,369.87564709,693.935,369.87564709,-0,0,0,0,0,220,104.05935291,-220,85,85,260.42,203.13,0.2749,0,966,540,685.8,1.27,96,K_PREDICTION_NOT_COMMITTED
146,RegionA,19.9053333333336,391.932,411.837333333334,555.9804,725,509.871324768269,53.890924768269,0,53.890924768269,46.109075231731,0,0,161.237750463462,0,35,35,468.96,0,0.6543,0,630,420,567,1.35,96,K_PREDICTION_NOT_COMMITTED
146,RegionB,24.0633333333333,377.583333,401.646666333333,542.22299955,725,500.724831841442,48.5018322914421,0,48.5018322914421,41.4981677085579,0,0,175.773335867116,0,32,32,449.42,0,0.6121,0,585,410,553.5,1.35,96,K_PREDICTION_NOT_COMMITTED
146,RegionC,1.31266666666669,377.88,379.192666666667,523.28588,725,484.093166053029,45.8072860530287,0,45.8072860530287,39.1927139469713,0,0,195.099547893943,0,30,30,436.4,0,0.5804,0,540,405,558.9,1.38,96,K_PREDICTION_NOT_COMMITTED
146,RegionD,5.73600000000026,340.043333,345.779333,442.59754624,725,442.59754624,-0,0,0,0,0,180,102.40245376,-180,90,90,280.08,218.46,0.4432,0,1472,720,921.6,1.28,96,K_PREDICTION_NOT_COMMITTED
146,RegionE,0.4,276.222,276.622,345.7775,725,345.7775,-0,0,0,0,0,220,159.2225,-220,82,82,247.51,193.06,0.2322,0,1012,560,700,1.25,96,K_PREDICTION_NOT_COMMITTED
146,RegionF,0.24,349.808,350.048,444.56096,725,444.56096,-0,0,0,0,0,220,60.43904,-220,85,85,260.54,203.22,0.2744,0,966,540,685.8,1.27,96,K_PREDICTION_NOT_COMMITTED
147,RegionA,24.88,394.537667,419.417667,566.21385045,761.175,520.104775218269,53.890924768269,0,53.890924768269,46.109075231731,0,0,187.179300013462,0,35,35,469.19,0,0.6498,0,630,420,567,1.35,96,K_PREDICTION_NOT_COMMITTED
147,RegionB,19.198,368.366667,387.564667,523.21230045,761.175,481.714132741442,48.5018322914421,0,48.5018322914421,41.4981677085579,0,0,230.959034967116,0,32,32,449.64,0,0.6079,0,585,410,553.5,1.35,96,K_PREDICTION_NOT_COMMITTED
147,RegionC,26.2266666666667,376.841,403.067666666667,556.23338,761.175,517.040666053029,45.8072860530287,0,45.8072860530287,39.1927139469713,0,0,198.327047893943,0,30,30,436.6,0,0.5764,0,540,405,558.9,1.38,96,K_PREDICTION_NOT_COMMITTED
147,RegionD,0,326.196,326.196,417.53088,761.175,417.53088,-0,0,0,0,0,180,163.64412,-180,90,90,280.21,218.56,0.4402,0,1472,720,921.6,1.28,96,K_PREDICTION_NOT_COMMITTED
147,RegionE,0.4,320.953333,321.353333,401.69166625,761.175,401.69166625,-0,0,0,0,0,220,139.48333375,-220,82,82,247.63,193.15,0.2306,0,1012,560,700,1.25,96,K_PREDICTION_NOT_COMMITTED
147,RegionF,0.24,340.432,340.672,432.65344,761.175,432.65344,108.52156,0,108.52156,0,0,220,0,-220,85,187.0102664,260.66,203.31,0.2725,0,966,540,685.8,1.27,96,K_PREDICTION_NOT_COMMITTED
148,RegionA,44.6306666666667,369.178,413.808666666667,558.6417,800,512.532624768269,53.890924768269,0,53.890924768269,46.109075231731,0,0,233.576450463462,0,35,35,469.41,0,0.6424,0,630,420,567,1.35,96,K_PREDICTION_NOT_COMMITTED
148,RegionB,45.3796666666667,351.450667,396.830333666667,535.72095045,800,494.222782741442,48.5018322914421,0,48.5018322914421,41.4981677085579,0,0,257.275384967116,0,32,32,449.86,0,0.601,0,585,410,553.5,1.35,96,K_PREDICTION_NOT_COMMITTED
148,RegionC,27.2933333333333,371.88,399.173333333333,550.8592,800,511.666486053029,45.8072860530287,0,45.8072860530287,39.1927139469713,0,0,242.526227893943,0,30,30,436.82,0,0.5699,0,540,405,558.9,1.38,96,K_PREDICTION_NOT_COMMITTED
148,RegionD,0,353.12,353.12,451.9936,800,451.9936,-0,0,0,0,0,180,168.0064,-180,90,90,280.34,218.67,0.4352,0,1472,720,921.6,1.28,96,K_PREDICTION_NOT_COMMITTED
148,RegionE,8.41333333333333,413.850667,422.264000333333,527.830000416667,800,527.830000416667,-0,0,0,0,0,220,52.1699995833333,-220,82,82,247.75,193.25,0.228,0,1012,560,700,1.25,96,K_PREDICTION_NOT_COMMITTED
148,RegionF,149.54,353.8,503.34,639.2418,800,472.013357063281,82.7715570632804,0,82.7715570632804,167.22844293672,0,220,25.215085873439,-220,187.0102664,85,260.79,203.42,0.2694,0,966,540,685.8,1.27,96,K_PREDICTION_NOT_COMMITTED
149,RegionA,44.544,371.296,415.84,561.384,838.825,515.274924768269,53.890924768269,0,53.890924768269,46.109075231731,0,0,269.659150463462,0,35,35,469.65,0,0.6327,0,630,420,567,1.35,96,K_PREDICTION_NOT_COMMITTED
149,RegionB,44.2033333333333,348.705667,392.909000333333,530.42715045,838.825,488.928982741442,48.5018322914421,0,48.5018322914421,41.4981677085579,0,0,301.394184967116,0,32,32,450.08,0,0.5919,0,585,410,553.5,1.35,96,K_PREDICTION_NOT_COMMITTED
149,RegionC,34.972,368.563,403.535,556.8783,838.825,517.685586053029,45.8072860530287,0,45.8072860530287,39.1927139469713,0,0,275.332127893943,0,30,30,437.04,0,0.5612,0,540,405,558.9,1.38,96,K_PREDICTION_NOT_COMMITTED
149,RegionD,0,354.664667,354.664667,453.97077376,838.825,453.97077376,-0,0,0,0,0,180,204.85422624,-180,90,90,280.49,218.78,0.4286,0,1472,720,921.6,1.28,96,K_PREDICTION_NOT_COMMITTED
149,RegionE,8.16,440.740667,448.900667,561.12583375,838.825,561.12583375,57.6991662500001,0,57.6991662500001,0,0,220,0,-220,82,136.237216275,247.87,193.34,0.2245,0,1012,560,700,1.25,96,K_PREDICTION_NOT_COMMITTED
149,RegionF,126.315666666667,354.912,481.227666666667,611.159136666667,838.825,611.159136666667,-0,0,0,0,0,220,7.66586333333339,-220,85,85,260.92,203.52,0.2653,0,966,540,685.8,1.27,96,K_PREDICTION_NOT_COMMITTED
150,RegionA,64.052,348.436333,412.488333,556.85924955,875,510.750174318269,53.890924768269,0,53.890924768269,46.109075231731,0,0,310.358900913462,0,35,35,469.89,0,0.6212,0,630,420,567,1.35,96,K_PREDICTION_NOT_COMMITTED
150,RegionB,53.0313333333333,346.142,399.173333333333,538.884,875,497.385832291442,48.5018322914421,0,48.5018322914421,41.4981677085579,0,0,329.112335417116,0,32,32,450.31,0,0.5812,0,585,410,553.5,1.35,96,K_PREDICTION_NOT_COMMITTED
150,RegionC,40.3466666666668,363.59,403.936666666667,557.4326,875,518.239886053029,45.8072860530287,0,45.8072860530287,39.1927139469713,0,0,310.952827893943,0,30,30,437.26,0,0.5511,0,540,405,558.9,1.38,96,K_PREDICTION_NOT_COMMITTED
150,RegionD,0,370.759667,370.759667,474.57237376,875,474.57237376,-0,0,0,0,0,180,220.42762624,-180,90,90,280.63,218.89,0.4208,0,1472,720,921.6,1.28,96,K_PREDICTION_NOT_COMMITTED
150,RegionE,100.8,450.106333,550.906333,688.63291625,875,549.774410681891,101.141494431891,0,101.141494431891,138.858505568109,0,220,4.08409488621817,-220,136.237216275,82,248,193.44,0.2204,0,1012,560,700,1.25,96,K_PREDICTION_NOT_COMMITTED
150,RegionF,42.7786666666664,366.813,409.591666666666,520.181416666666,875,520.181416666666,-0,0,0,0,0,220,134.818583333334,-220,85,85,261.05,203.62,0.2605,0,966,540,685.8,1.27,96,K_PREDICTION_NOT_COMMITTED
151,RegionA,53.1640000000001,366.450667,419.614667,566.47980045,906.065,520.370725218269,53.890924768269,0,53.890924768269,46.109075231731,0,0,331.803350013462,0,35,35,723.29,0,0.609,0,630,420,567,1.35,96,K_PREDICTION_NOT_COMMITTED
151,RegionB,51.4306666666666,326.869333,378.299999666667,510.70499955,906.065,469.206831841442,48.5018322914421,0,48.5018322914421,41.4981677085579,0,0,388.356335867116,0,32,32,693.15,0,0.5697,0,585,410,553.5,1.35,96,K_PREDICTION_NOT_COMMITTED
151,RegionC,34.925,364.693,399.618,551.47284,906.065,512.280126053029,45.8072860530287,0,45.8072860530287,39.1927139469713,0,0,347.977587893943,0,30,30,673.06,0,0.5402,0,540,405,558.9,1.38,96,K_PREDICTION_NOT_COMMITTED
151,RegionD,0,403.898667,403.898667,516.99029376,906.065,516.99029376,209.07470624,0,209.07470624,0,0,180,0,-180,90,286.5302238656,431.97,336.94,0.4125,0,1472,720,921.6,1.28,96,K_PREDICTION_NOT_COMMITTED
151,RegionE,128.54,414.088,542.628,678.285,906.065,678.285,-0,0,0,0,0,220,7.77999999999997,-220,82,82,381.74,297.76,0.2161,0,1012,560,700,1.25,96,K_PREDICTION_NOT_COMMITTED
151,RegionF,0.24,354.293333,354.533333,450.25733291,906.065,450.25733291,-0,0,0,0,0,220,235.80766709,-220,85,85,401.83,313.43,0.2554,0,966,540,685.8,1.27,96,K_PREDICTION_NOT_COMMITTED
152,RegionA,53.6316666666667,364.145,417.776666666667,563.9985,929.905,517.889424768269,53.890924768269,0,53.890924768269,46.109075231731,0,0,358.124650463462,0,35,35,723.68,0,0.5967,0,630,420,567,1.35,96,K_PREDICTION_NOT_COMMITTED
152,RegionB,75.7906666666667,328.503333,404.293999666667,545.79689955,929.905,504.298731841442,48.5018322914421,0,48.5018322914421,41.4981677085579,0,0,377.104435867116,0,32,32,693.53,0,0.5582,0,585,410,553.5,1.35,96,K_PREDICTION_NOT_COMMITTED
152,RegionC,32.4933333333333,370.846667,403.340000333333,556.60920046,929.905,517.416486513029,45.8072860530287,0,45.8072860530287,39.1927139469713,0,0,366.681227433943,0,30,30,673.43,0,0.5293,0,540,405,558.9,1.38,96,K_PREDICTION_NOT_COMMITTED
152,RegionD,31.76,336.277667,368.037667,471.08821376,929.905,252.293470298786,41.2052565387856,0,41.2052565387856,218.794743461214,0,180,456.406273162429,-180,286.5302238656,90,432.2,337.12,0.4042,0,1472,720,921.6,1.28,96,K_PREDICTION_NOT_COMMITTED
152,RegionE,147.990666666667,364.443333,512.433999666667,640.542499583333,929.905,640.542499583333,-0,0,0,0,0,220,69.3625004166665,-220,82,82,381.94,297.91,0.2117,0,1012,560,700,1.25,96,K_PREDICTION_NOT_COMMITTED
152,RegionF,0.151999999999998,399.073333,399.225333,507.01617291,929.905,507.01617291,-0,0,0,0,0,220,202.88882709,-220,85,85,402.05,313.6,0.2502,0,966,540,685.8,1.27,96,K_PREDICTION_NOT_COMMITTED
153,RegionA,37.9793333333334,362.887333,400.866666333333,541.16999955,944.89,495.060924318269,53.890924768269,0,53.890924768269,46.109075231731,0,0,395.938150913462,0,35,35,724.08,0,0.5853,0,630,420,567,1.35,96,K_PREDICTION_NOT_COMMITTED
153,RegionB,69.9070000000001,331.892,401.799,542.42865,944.89,500.930482291442,48.5018322914421,0,48.5018322914421,41.4981677085579,0,0,395.457685417115,0,32,32,693.91,0,0.5475,0,585,410,553.5,1.35,96,K_PREDICTION_NOT_COMMITTED
153,RegionC,32.8933333333334,351.995667,384.889000333333,531.14682046,944.89,491.954106513029,45.8072860530287,0,45.8072860530287,39.1927139469713,0,0,407.128607433943,0,30,30,673.8,0,0.5192,0,540,405,558.9,1.38,96,K_PREDICTION_NOT_COMMITTED
153,RegionD,31.76,306.476,338.236,432.94208,944.89,311.667936365383,138.725856365383,0,138.725856365383,121.274143634617,0,180,314.496207269235,-180,90,90,432.44,337.3,0.3965,0,1472,720,921.6,1.28,96,K_PREDICTION_NOT_COMMITTED
153,RegionE,145.227333333333,357.672,502.899333333333,628.624166666667,944.89,628.624166666667,-0,0,0,0,0,220,96.2658333333333,-220,82,82,382.15,298.08,0.2077,0,1012,560,700,1.25,96,K_PREDICTION_NOT_COMMITTED
153,RegionF,0,386.276333,386.276333,490.57094291,944.89,490.57094291,-0,0,0,0,0,220,234.31905709,-220,85,85,402.27,313.77,0.2455,0,966,540,685.8,1.27,96,K_PREDICTION_NOT_COMMITTED
154,RegionA,12.0540000000001,362.026667,374.080667,505.00890045,950,458.899825218269,53.890924768269,0,53.890924768269,46.109075231731,0,0,437.209250013462,0,35,35,724.49,0,0.5756,0,630,420,567,1.35,96,K_PREDICTION_NOT_COMMITTED
154,RegionB,10.4353333333333,318.720667,329.156000333333,444.36060045,950,402.862432741442,48.5018322914421,0,48.5018322914421,41.4981677085579,0,0,498.635734967116,0,32,32,694.3,0,0.5385,0,585,410,553.5,1.35,96,K_PREDICTION_NOT_COMMITTED
154,RegionC,37.8260000000001,356.249333,394.075333,543.82395954,950,504.631245593029,45.8072860530287,0,45.8072860530287,39.1927139469713,0,0,399.561468353943,0,30,30,674.18,0,0.5106,0,540,405,558.9,1.38,96,K_PREDICTION_NOT_COMMITTED
154,RegionD,68.9066666666666,280.851,349.757666666667,447.689813333333,950,326.415669698716,138.725856365383,0,138.725856365383,121.274143634617,0,180,304.858473935902,-180,90,90,432.68,337.49,0.3899,0,1472,720,921.6,1.28,96,K_PREDICTION_NOT_COMMITTED
154,RegionE,93.32,328.757333,422.077333,527.59666625,950,527.59666625,-0,0,0,0,0,220,202.40333375,-220,82,82,382.37,298.25,0.2043,0,1012,560,700,1.25,96,K_PREDICTION_NOT_COMMITTED
154,RegionF,147.04,390.495,537.535,682.66945,950,682.66945,-0,0,0,0,0,220,47.33055,-220,85,85,402.49,313.94,0.2414,0,966,540,685.8,1.27,96,K_PREDICTION_NOT_COMMITTED
155,RegionA,3.016,335.084,338.1,456.435,944.89,410.325924768269,53.890924768269,0,53.890924768269,46.109075231731,0,0,480.673150463462,0,35,35,724.9,0,0.5684,0,630,420,567,1.35,96,K_PREDICTION_NOT_COMMITTED
155,RegionB,13.52,335.733333,349.253333,471.49199955,944.89,429.993831841442,48.5018322914421,0,48.5018322914421,41.4981677085579,0,0,466.394335867116,0,32,32,694.7,0,0.5317,0,585,410,553.5,1.35,96,K_PREDICTION_NOT_COMMITTED
155,RegionC,22.019,374.999333,397.018333,547.88529954,944.89,508.692585593029,45.8072860530287,0,45.8072860530287,39.1927139469713,0,0,390.390128353943,0,30,30,674.56,0,0.5042,0,540,405,558.9,1.38,96,K_PREDICTION_NOT_COMMITTED
155,RegionD,45.3093333333334,298.387333,343.696666333333,439.931732906667,944.89,318.657589272049,138.725856365383,0,138.725856365383,121.274143634617,0,180,307.506554362568,-180,90,90,432.93,337.69,0.385,0,1472,720,921.6,1.28,96,K_PREDICTION_NOT_COMMITTED
155,RegionE,153.561333333334,270.168667,423.730000333334,529.662500416667,944.89,529.662500416667,-0,0,0,0,0,220,195.227499583333,-220,82,82,382.59,298.42,0.2017,0,1012,560,700,1.25,96,K_PREDICTION_NOT_COMMITTED
155,RegionF,147.04,334.113333,481.153333,611.06473291,944.89,611.06473291,-0,0,0,0,0,220,113.82526709,-220,85,85,402.72,314.12,0.2383,0,966,540,685.8,1.27,96,K_PREDICTION_NOT_COMMITTED
156,RegionA,3.21466666666667,294.420667,297.635333666667,401.80770045,929.905,355.698625218269,53.890924768269,0,53.890924768269,46.109075231731,-1.4210854715202e-14,0,520.315450013462,-1.4210854715202e-14,35,35,725.32,0,0.564,-8.01492205937393e-15,630,420,567,1.35,96,K_PREDICTION_NOT_COMMITTED
156,RegionB,62.2253333333333,330.251333,392.476666333333,529.84349955,929.905,488.345331841442,48.5018322914421,0,48.5018322914421,41.4981677085579,0,0,393.057835867116,0,32,32,695.1,0,0.5276,0,585,410,553.5,1.35,96,K_PREDICTION_NOT_COMMITTED
156,RegionC,36.9653333333333,360.645333,397.610666333333,548.70271954,929.905,509.510005593029,45.8072860530287,0,45.8072860530287,39.1927139469713,0,0,374.587708353943,0,30,30,674.95,0,0.5003,0,540,405,558.9,1.38,96,K_PREDICTION_NOT_COMMITTED
156,RegionD,42.7653333333333,313.963,356.728333333333,456.612266666667,929.905,335.338123032049,138.725856365383,0,138.725856365383,121.274143634617,0,180,275.841020602568,-180,90,90,433.18,337.88,0.3821,0,1472,720,921.6,1.28,96,K_PREDICTION_NOT_COMMITTED
156,RegionE,123.16,273.463333,396.623333,495.77916625,929.905,495.77916625,-0,0,0,0,0,220,214.12583375,-220,82,82,382.81,298.59,0.2001,0,1012,560,700,1.25,96,K_PREDICTION_NOT_COMMITTED
156,RegionF,147.04,258.796667,405.836667,515.41256709,929.905,515.41256709,-0,0,0,0,0,220,194.49243291,-220,85,85,402.96,314.31,0.2365,0,966,540,685.8,1.27,96,K_PREDICTION_NOT_COMMITTED
157,RegionA,93.4256666666667,300.667333,394.092999666667,532.02554955,906.065,485.916474318269,53.890924768269,0,53.890924768269,46.109075231731,0,0,366.257600913462,0,35,35,725.75,0,0.563,0,630,420,567,1.35,96,K_PREDICTION_NOT_COMMITTED
157,RegionB,83.6133333333333,320.346667,403.960000333333,545.34600045,906.065,503.847832741442,48.5018322914421,0,48.5018322914421,41.4981677085579,0,0,353.715334967116,0,32,32,695.51,0,0.5266,0,585,410,553.5,1.35,96,K_PREDICTION_NOT_COMMITTED
157,RegionC,35.16,318.777667,353.937667,488.43398046,906.065,449.241266513029,45.8072860530287,0,45.8072860530287,39.1927139469713,0,0,411.016447433943,0,30,30,675.35,0,0.4994,0,540,405,558.9,1.38,96,K_PREDICTION_NOT_COMMITTED
157,RegionD,227.816333333333,268.195,496.011333333333,634.894506666666,906.065,634.894506666666,-0,0,0,0,0,180,91.1704933333338,-180,90,90,433.43,338.08,0.3814,0,1472,720,921.6,1.28,96,K_PREDICTION_NOT_COMMITTED
157,RegionE,156.356,272.333,428.689,535.86125,906.065,535.86125,-0,0,0,0,0,220,150.20375,-220,82,82,383.03,298.76,0.1998,0,1012,560,700,1.25,96,K_PREDICTION_NOT_COMMITTED
157,RegionF,146.591333333333,247.51,394.101333333333,500.508693333333,906.065,500.508693333333,185.556306666667,0,185.556306666667,0,0,220,0,-220,85,259.422928266667,403.19,314.49,0.2361,0,966,540,685.8,1.27,96,K_PREDICTION_NOT_COMMITTED
158,RegionA,92.0426666666667,298.799667,390.842333666667,527.63715045,875,481.528075218269,53.890924768269,0,53.890924768269,46.109075231731,0,0,339.581000013462,0,35,35,726.18,0,0.5653,0,630,420,567,1.35,96,K_PREDICTION_NOT_COMMITTED
158,RegionB,83.812,310.117,393.929,531.80415,875,490.305982291442,48.5018322914421,0,48.5018322914421,41.4981677085579,0,0,336.192185417116,0,32,32,695.93,0,0.5288,0,585,410,553.5,1.35,96,K_PREDICTION_NOT_COMMITTED
158,RegionC,34.4633333333333,287.297,321.760333333333,444.02926,875,404.836546053029,45.8072860530287,0,45.8072860530287,39.1927139469713,0,0,424.356167893943,0,30,30,675.75,0,0.5015,0,540,405,558.9,1.38,96,K_PREDICTION_NOT_COMMITTED
158,RegionD,160.345333333334,238.123667,398.469000333334,510.040320426667,875,510.040320426667,-0,0,0,0,0,180,184.959679573333,-180,90,90,433.69,338.28,0.3829,0,1472,720,921.6,1.28,96,K_PREDICTION_NOT_COMMITTED
158,RegionE,147.773333333333,259.408667,407.182000333333,508.977500416667,875,508.977500416667,146.022499583333,0,146.022499583333,0,0,220,0,-220,82,219.261149608333,383.26,298.94,0.2006,0,1012,560,700,1.25,96,K_PREDICTION_NOT_COMMITTED
158,RegionF,37.8239999999998,192.407667,230.231667,292.39421709,875,89.233762875935,46.8395457859353,0,46.8395457859353,203.160454214065,0,220,518.92669133813,-220,259.422928266667,85,403.44,314.68,0.2371,0,966,540,685.8,1.27,96,K_PREDICTION_NOT_COMMITTED
159,RegionA,93.8866666666667,267.128,361.014666666667,487.3698,838.825,441.260724768269,53.890924768269,0,53.890924768269,46.109075231731,0,0,343.673350463462,0,35,35,726.62,0,0.5709,0,630,420,567,1.35,96,K_PREDICTION_NOT_COMMITTED
159,RegionB,82.2126666666667,290.853,373.065666666667,503.63865,838.825,462.140482291442,48.5018322914421,0,48.5018322914421,41.4981677085579,0,0,328.182685417116,0,32,32,696.35,0,0.5341,0,585,410,553.5,1.35,96,K_PREDICTION_NOT_COMMITTED
159,RegionC,32.1906666666666,264.551667,296.742333666667,409.50442046,838.825,370.311706513029,45.8072860530287,0,45.8072860530287,39.1927139469713,-2.1316282072803e-14,0,422.706007433943,-2.1316282072803e-14,30,30,676.16,0,0.5064,-1.07945652416674e-14,540,405,558.9,1.38,96,K_PREDICTION_NOT_COMMITTED
159,RegionD,228.730666666667,227.770667,456.501333666667,584.321707093333,838.825,584.321707093333,-0,0,0,0,0,180,74.5032929066667,-180,90,90,433.96,338.49,0.3867,0,1472,720,921.6,1.28,96,K_PREDICTION_NOT_COMMITTED
159,RegionE,66.5613333333336,222.274667,288.836000333334,361.045000416667,838.825,180.989046337193,59.9440459205262,0,59.9440459205262,180.055954079474,0,220,377.891907742281,-220,219.261149608333,82,383.5,299.13,0.2026,0,1012,560,700,1.25,96,K_PREDICTION_NOT_COMMITTED
159,RegionF,0,163.168667,163.168667,207.22420709,838.825,90.6144535951755,133.390246505176,0,133.390246505176,116.609753494824,0,220,394.820299899649,-220,85,85,403.68,314.87,0.2394,0,966,540,685.8,1.27,96,K_PREDICTION_NOT_COMMITTED
160,RegionA,93.68,263.229333,356.909333,481.82759955,800,435.718524318269,53.890924768269,0,53.890924768269,46.109075231731,0,0,310.390550913462,0,35,35,727.07,0,0.5794,0,630,420,567,1.35,96,K_PREDICTION_NOT_COMMITTED
160,RegionB,81.4863333333333,246.62,328.106333333333,442.94355,800,401.445382291442,48.5018322914421,0,48.5018322914421,41.4981677085579,0,0,350.052785417116,0,32,32,696.77,0,0.5421,0,585,410,553.5,1.35,96,K_PREDICTION_NOT_COMMITTED
160,RegionC,9.26266666666666,214.883333,224.145999666667,309.32147954,800,270.128765593029,45.8072860530287,0,45.8072860530287,39.1927139469713,-2.1316282072803e-14,0,484.063948353943,-2.1316282072803e-14,30,30,676.58,0,0.514,-1.09565689854207e-14,540,405,558.9,1.38,96,K_PREDICTION_NOT_COMMITTED
160,RegionD,221.226666666667,192.836,414.062666666667,530.000213333333,800,530.000213333333,-0,0,0,0,0,180,89.9997866666666,-180,90,90,434.22,338.69,0.3925,0,1472,720,921.6,1.28,96,K_PREDICTION_NOT_COMMITTED
160,RegionE,35.9,199.069667,234.969667,293.71208375,800,181.766720394969,128.054636644969,0,128.054636644969,111.945363355031,0,220,270.178642960063,-220,82,82,383.73,299.31,0.2056,0,1012,560,700,1.25,96,K_PREDICTION_NOT_COMMITTED
160,RegionF,0,150.786333,150.786333,191.49864291,800,74.8888894151756,133.390246505176,0,133.390246505176,116.609753494824,0,220,371.720864079649,-220,85,85,403.93,315.07,0.243,0,966,540,685.8,1.27,96,K_PREDICTION_NOT_COMMITTED
161,RegionA,89.2880000000001,207.14,296.428,400.1778,761.175,354.068724768269,53.890924768269,0,53.890924768269,46.109075231731,-1.4210854715202e-14,0,353.215350463462,-1.4210854715202e-14,35,35,1054.9,0,0.5904,-8.39008862385526e-15,630,420,567,1.35,96,K_PREDICTION_NOT_COMMITTED
161,RegionB,24.2133333333331,231.162,255.375333333333,344.7567,761.175,303.258532291442,48.5018322914421,0,48.5018322914421,41.4981677085579,1.4210854715202e-14,0,409.414635417116,1.4210854715202e-14,32,32,1010.94,0,0.5523,7.84865505920607e-15,585,410,553.5,1.35,96,K_PREDICTION_NOT_COMMITTED
161,RegionC,2.32,216.496667,218.816667,301.96700046,761.175,262.774286513029,45.8072860530287,0,45.8072860530287,39.1927139469713,-2.1316282072803e-14,0,452.593427433943,-2.1316282072803e-14,30,30,981.64,0,0.5237,-1.11633369215269e-14,540,405,558.9,1.38,96,K_PREDICTION_NOT_COMMITTED
161,RegionD,217.232,104.311333,321.543333,411.57546624,761.175,411.57546624,-0,0,0,0,0,180,169.59953376,-180,90,90,630.01,491.41,0.3999,0,1472,720,921.6,1.28,96,K_PREDICTION_NOT_COMMITTED
161,RegionE,144.693333333333,196.233333,340.926666333333,426.158332916667,761.175,426.158332916667,-0,0,0,0,0,220,115.016667083333,-220,82,82,556.75,434.27,0.2095,0,1012,560,700,1.25,96,K_PREDICTION_NOT_COMMITTED
161,RegionF,120.98,176.203333,297.183333,377.42283291,761.175,377.42283291,-0,0,0,0,0,220,163.75216709,-220,85,85,586.05,457.12,0.2476,0,966,540,685.8,1.27,96,K_PREDICTION_NOT_COMMITTED
162,RegionA,26.7513333333335,229.25,256.001333333333,345.6018,725,299.492724768269,53.890924768269,0,53.890924768269,46.109075231731,-1.4210854715202e-14,0,371.616350463462,-1.4210854715202e-14,35,35,1055.55,0,0.603,-8.56914539326681e-15,630,420,567,1.35,96,K_PREDICTION_NOT_COMMITTED
162,RegionB,1.12,223.074667,224.194667,302.66280045,725,261.164632741442,48.5018322914421,0,48.5018322914421,41.4981677085579,1.4210854715202e-14,0,415.333534967116,1.4210854715202e-14,32,32,1011.57,0,0.5641,8.01634314484545e-15,585,410,553.5,1.35,96,K_PREDICTION_NOT_COMMITTED
162,RegionC,3.22933333333333,237.537667,240.767000333333,332.25846046,725,293.065746513029,45.8072860530287,0,45.8072860530287,39.1927139469713,-2.1316282072803e-14,0,386.126967433943,-2.1316282072803e-14,30,30,982.25,0,0.5349,-1.14020792807423e-14,540,405,558.9,1.38,96,K_PREDICTION_NOT_COMMITTED
162,RegionD,217.450666666667,76.653333,294.103999666667,376.453119573333,725,376.453119573333,168.546880426667,0,168.546880426667,0,0,180,0,-180,90,248.434067601067,630.4,491.71,0.4085,0,1472,720,921.6,1.28,96,K_PREDICTION_NOT_COMMITTED
162,RegionE,67.6663333333334,167.84,235.506333333333,294.382916666667,725,294.382916666667,210.617083333333,0,210.617083333333,0,0,220,0,-220,82,279.980058333333,557.1,434.54,0.214,0,1012,560,700,1.25,96,K_PREDICTION_NOT_COMMITTED
162,RegionF,145.028,173.276667,318.304667,404.24692709,725,404.24692709,-0,0,0,0,0,220,100.75307291,-220,85,85,586.42,457.41,0.2529,0,966,540,685.8,1.27,96,K_PREDICTION_NOT_COMMITTED
163,RegionA,84.1096666666666,179.008333,263.117999666667,355.20929955,693.935,309.100224318269,53.890924768269,0,53.890924768269,46.109075231731,-1.4210854715202e-14,0,330.943850913462,-1.4210854715202e-14,35,35,1056.21,0,0.6165,-8.76099193192204e-15,630,420,567,1.35,96,K_PREDICTION_NOT_COMMITTED
163,RegionB,57.476,220.21,277.686,374.8761,693.935,333.377932291442,48.5018322914421,0,48.5018322914421,41.4981677085579,1.4210854715202e-14,0,312.055235417116,1.4210854715202e-14,32,32,1012.2,0,0.5768,8.19682099972852e-15,585,410,553.5,1.35,96,K_PREDICTION_NOT_COMMITTED
163,RegionC,78.7083333333333,240.840667,319.549000333333,440.97762046,693.935,401.784906513029,45.8072860530287,0,45.8072860530287,39.1927139469713,0,0,246.342807433943,0,30,30,982.86,0,0.5469,0,540,405,558.9,1.38,96,K_PREDICTION_NOT_COMMITTED
163,RegionD,53.5386666666669,86.906667,140.445333666667,179.770027093334,693.935,121.917421215626,202.147394122292,0,202.147394122292,57.8526058777078,0,180,189.870184662082,-180,248.434067601067,376.245514981712,630.79,492.02,0.4177,0,1472,720,921.6,1.28,96,K_PREDICTION_NOT_COMMITTED
163,RegionE,8.24266666666686,166.556,174.798666666667,218.498333333334,693.935,8.31294530110648,29.8146119677729,0,29.8146119677729,210.185388032227,0,220,435.807442731121,-220,279.980058333333,82,557.45,434.81,0.2188,0,1012,560,700,1.25,96,K_PREDICTION_NOT_COMMITTED
163,RegionF,42.4153333333332,157.276667,199.692000333333,253.608840423333,693.935,253.608840423333,162.132519720709,0,162.132519720709,0,0,220,58.1936398559576,-220,85,237.404568537467,586.78,457.69,0.2585,0,966,540,685.8,1.27,96,K_PREDICTION_NOT_COMMITTED
164,RegionA,70.8986666666667,199.314667,270.213333666667,364.78800045,670.095,336.52759950152,71.7395990515197,0,71.7395990515197,28.2604009484803,1.77635683940025e-14,0,261.827801446961,1.77635683940025e-14,35,71,1056.88,0,0.6301,1.1192824445061e-14,630,420,567,1.35,96,K_PREDICTION_NOT_COMMITTED
164,RegionB,65.6,206.436667,272.036667,367.24950045,670.095,344.046223881774,66.7967234317741,0,66.7967234317741,23.2032765682259,2.8421709430404e-14,0,259.252052686452,2.8421709430404e-14,32,68.9,1012.84,0,0.5894,1.67517555382801e-14,585,410,553.5,1.35,96,K_PREDICTION_NOT_COMMITTED
164,RegionC,78.5786666666667,262.001333,340.579999666667,470.00039954,670.095,447.094600876495,62.0942013364949,0,62.0942013364949,22.9057986635051,0,0,160.90619778701,0,30,62.85,983.48,0,0.5589,0,540,405,558.9,1.38,96,K_PREDICTION_NOT_COMMITTED
164,RegionD,0.439999999999995,99.742667,100.182667,128.23381376,670.095,-0,131.76618624,0,131.76618624,128.23381376,0,180,358.32881376,-180,376.245514981712,362.2199088,631.19,492.33,0.4268,0,1472,720,921.6,1.28,96,K_PREDICTION_NOT_COMMITTED
164,RegionE,0.6,204.968,205.568,256.96,670.095,256.96,165.57804964539,0,165.57804964539,0,0,220,27.5569503546099,-220,82,237.643366666667,557.8,435.08,0.2236,0,1012,560,700,1.25,96,K_PREDICTION_NOT_COMMITTED
164,RegionF,0.4,208.950333,209.350333,265.87492291,670.095,265.87492291,184.22007709,0,184.22007709,0,0,220,0,-220,237.404568537467,410.571441002067,587.15,457.98,0.2642,0,966,540,685.8,1.27,96,K_PREDICTION_NOT_COMMITTED
165,RegionA,70.968,187.963,258.931,349.55685,655.11,349.55685,100,0,100,-0,0,0,205.55315,0,71,164,1057.54,0,0.6427,0,630,420,567,1.35,96,K_PREDICTION_NOT_COMMITTED
165,RegionB,81.28,231.560667,312.840667,422.33490045,655.11,422.33490045,90,0,90,-0,0,0,142.77509955,0,68.9,152.6,1013.48,0,0.6013,0,585,410,553.5,1.35,96,K_PREDICTION_NOT_COMMITTED
165,RegionC,73.4053333333335,254.22,327.625333333333,452.12296,655.11,452.12296,85,0,85,-0,0,0,117.98704,0,62.85,141.9,984.1,0,0.5702,0,540,405,558.9,1.38,96,K_PREDICTION_NOT_COMMITTED
165,RegionD,0,163.610667,163.610667,209.42165376,655.11,209.42165376,260,0,260,0,0,180,5.68834623999999,-180,362.2199088,606.6199088,631.59,492.64,0.4354,0,1472,720,921.6,1.28,96,K_PREDICTION_NOT_COMMITTED
165,RegionE,0.24,190.554,190.794,238.4925,655.11,238.4925,196.6175,0,196.6175,0,0,220,0,-220,237.643366666667,422.463816666667,558.15,435.36,0.2281,0,1012,560,700,1.25,96,K_PREDICTION_NOT_COMMITTED
165,RegionF,0.306666666666672,209.238333,209.544999666667,266.122149576667,655.11,266.122149576667,168.987850423333,0,168.987850423333,0,0,220,0,-220,410.571441002067,569.4200204,587.52,458.27,0.2695,0,966,540,685.8,1.27,96,K_PREDICTION_NOT_COMMITTED
166,RegionA,55.8853333333331,266.513333,322.398666333333,435.23819955,650,435.23819955,100,0,100,-0,0,0,114.76180045,0,164,257,656.82,0,0.6537,0,630,420,567,1.35,96,K_PREDICTION_NOT_COMMITTED
166,RegionB,81.22,250.551,331.771,447.89085,650,447.89085,90,0,90,-0,0,0,112.10915,0,152.6,236.3,629.46,0,0.6115,0,585,410,553.5,1.35,96,K_PREDICTION_NOT_COMMITTED
166,RegionC,10.0653333333332,275.838667,285.904000333333,394.54752046,650,394.54752046,85,0,85,-0,0,0,170.45247954,0,141.9,220.95,611.21,0,0.5799,0,540,405,558.9,1.38,96,K_PREDICTION_NOT_COMMITTED
166,RegionD,0,232.066,232.066,297.04448,650,297.04448,172.95552,0,172.95552,0,0,180,0,-180,606.6199088,769.1980976,392.27,305.97,0.4428,0,1472,720,921.6,1.28,96,K_PREDICTION_NOT_COMMITTED
166,RegionE,0.24,174.54,174.78,218.475,650,218.475,211.525,0,211.525,0,0,220,0,-220,422.463816666667,621.297316666667,346.66,270.39,0.232,0,1012,560,700,1.25,96,K_PREDICTION_NOT_COMMITTED
166,RegionF,0,199.152,199.152,252.92304,650,252.92304,177.07696,0,177.07696,0,0,220,0,-220,569.4200204,735.8723628,364.9,284.62,0.2741,0,966,540,685.8,1.27,96,K_PREDICTION_NOT_COMMITTED
167,RegionA,25.2853333333334,309.352,334.637333333333,451.7604,655.11,451.7604,100,0,100,-0,0,0,103.3496,0,257,350,657.24,0,0.6623,0,630,420,567,1.35,96,K_PREDICTION_NOT_COMMITTED
167,RegionB,80.9693333333333,269.613333,350.582666333333,473.28659955,655.11,473.28659955,90,-0,90,-0,0,0,91.8234004499999,0,236.3,320,629.85,0,0.6195,0,585,410,553.5,1.35,96,K_PREDICTION_NOT_COMMITTED
167,RegionC,1.79333333333334,323.326333,325.119666333333,448.66513954,655.11,448.66513954,85,0,85,-0,0,0,121.44486046,0,220.95,300,611.6,0,0.5875,0,540,405,558.9,1.38,96,K_PREDICTION_NOT_COMMITTED
167,RegionD,0,262.468,262.468,335.95904,655.11,335.95904,139.15096,0,139.15096,0,0,180,0,-180,769.1980976,900,392.52,306.17,0.4486,0,1472,720,921.6,1.28,96,K_PREDICTION_NOT_COMMITTED
167,RegionE,0.437333333333336,178.542,178.979333333333,223.724166666667,655.11,223.724166666667,211.385833333333,0,211.385833333333,0,0,220,0,-220,621.297316666667,820,346.88,270.57,0.235,0,1012,560,700,1.25,96,K_PREDICTION_NOT_COMMITTED
167,RegionF,0,247.006,247.006,313.69762,655.11,313.69762,121.41238,0,121.41238,0,0,220,0,-220,735.8723628,850,365.13,284.8,0.2777,0,966,540,685.8,1.27,96,K_PREDICTION_NOT_COMMITTED
144,RegionA,1.76,336.998,338.758,457.3233,670.095,357.3233,-0,0,0,100,0,0,312.7717,0,350,241.304347826087,468.54,0,0.6534,0,630,420,567,1.35,120,K_PREDICTION_NOT_COMMITTED
144,RegionB,2.87733333333334,304.97,307.847333333333,415.5939,670.095,332.597564582884,7.00366458288424,0,7.00366458288424,82.9963354171158,-0,0,330.493770834232,-0,115.7,32,449.02,0,0.6112,-0,585,410,553.5,1.35,120,K_PREDICTION_NOT_COMMITTED
144,RegionC,9.76,362.724667,372.484667,514.02884046,670.095,429.02884046,-0,0,0,85,0,0,241.06615954,0,300,207.608695652174,436,0,0.5796,0,540,405,558.9,1.38,120,K_PREDICTION_NOT_COMMITTED
144,RegionD,82.9713333333333,231.856667,314.828000333333,402.979840426667,670.095,281.727547444152,138.747707017485,0,138.747707017485,121.252292982515,0,180,69.6197455383631,-180,95.5102800000001,95.554314937818,279.82,218.26,0.4426,0,1472,720,921.6,1.28,120,K_PREDICTION_NOT_COMMITTED
144,RegionE,19.44,265.43,284.87,356.0875,670.095,244.142136644969,128.054636644968,0,128.054636644968,111.945363355031,0,220,77.898226710063,-220,82,82,247.29,192.89,0.2318,0,1012,560,700,1.25,120,K_PREDICTION_NOT_COMMITTED
144,RegionF,54.98,267.916,322.896,410.07792,670.095,271.143993967601,111.066073967601,0,111.066073967601,138.933926032399,0,220,67.8849320647978,-220,129.989208784862,85,260.3,203.03,0.274,0,966,540,685.8,1.27,120,K_PREDICTION_NOT_COMMITTED
145,RegionA,20.48,350.883667,371.363667,501.34095045,693.935,401.34095045,0,0,0,100,0,0,292.59404955,0,241.304347826087,132.608695652174,468.75,0,0.6555,0,630,420,567,1.35,120,K_PREDICTION_NOT_COMMITTED
145,RegionB,2.13466666666667,334.237667,336.372333666667,454.10265045,693.935,412.604482741442,48.5018322914421,0,48.5018322914421,41.4981677085579,0,0,232.828684967116,0,32,32,449.22,0,0.6132,0,585,410,553.5,1.35,120,K_PREDICTION_NOT_COMMITTED
145,RegionC,8.64066666666666,360.476,369.116666666667,509.381,693.935,424.381,0,0,0,85,0,0,269.554,0,207.608695652174,115.217391304348,436.2,0,0.5815,0,540,405,558.9,1.38,120,K_PREDICTION_NOT_COMMITTED
145,RegionD,58.7586666666666,333.425333,392.183999666667,501.995519573333,693.935,377.965259786667,135.969740213333,0,135.969740213333,124.030259786667,0,180,0,-180,95.554314937818,90,279.95,218.36,0.444,0,1472,720,921.6,1.28,120,K_PREDICTION_NOT_COMMITTED
145,RegionE,19.44,257.047333,276.487333,345.60916625,693.935,233.663802894969,128.054636644968,0,128.054636644968,111.945363355031,0,220,112.216560460063,-220,82,82,247.4,192.97,0.2326,0,1012,560,700,1.25,120,K_PREDICTION_NOT_COMMITTED
145,RegionF,54.98,291.240667,346.220667,439.70024709,693.935,328.453613433684,138.753366343684,0,138.753366343684,111.246633656316,0,220,6.72802022263118,-220,85,95.8081281734767,260.42,203.13,0.2749,0,966,540,685.8,1.27,120,K_PREDICTION_NOT_COMMITTED
146,RegionA,20.0146666666667,391.932,411.946666666667,556.128,725,461.624874326363,5.49687432636343,0,5.49687432636343,94.5031256736366,0,0,257.878251347273,0,132.608695652174,35,468.96,0,0.6543,0,630,420,567,1.35,120,K_PREDICTION_NOT_COMMITTED
146,RegionB,24.0633333333333,377.583333,401.646666333333,542.22299955,725,500.724831841442,48.5018322914421,0,48.5018322914421,41.4981677085579,0,0,175.773335867116,0,32,32,449.42,0,0.6121,0,585,410,553.5,1.35,120,K_PREDICTION_NOT_COMMITTED
146,RegionC,4.18566666666672,377.88,382.065666666667,527.25062,725,445.807421034706,3.55680103470574,0,3.55680103470574,81.4431989652943,0,0,275.635777930589,0,115.217391304348,30,436.4,0,0.5804,0,540,405,558.9,1.38,120,K_PREDICTION_NOT_COMMITTED
146,RegionD,5.73600000000026,340.043333,345.779333,442.59754624,725,321.323402605383,138.725856365383,0,138.725856365383,121.274143634617,0,180,84.9507410292345,-180,90,90,280.08,218.46,0.4432,0,1472,720,921.6,1.28,120,K_PREDICTION_NOT_COMMITTED
146,RegionE,19.44,276.222,295.662,369.5775,725,257.632136644969,128.054636644968,0,128.054636644968,111.945363355031,0,220,119.313226710063,-220,82,82,247.51,193.06,0.2322,0,1012,560,700,1.25,120,K_PREDICTION_NOT_COMMITTED
146,RegionF,43.0626666666667,349.808,392.870666666667,498.945746666667,725,376.972873333334,128.027126666666,0,128.027126666666,121.972873333333,0,220,0,-220,95.8081281734767,85,260.54,203.22,0.2744,0,966,540,685.8,1.27,120,K_PREDICTION_NOT_COMMITTED
147,RegionA,25.28,394.537667,419.817667,566.75385045,761.175,520.644775218269,53.890924768269,0,53.890924768269,46.109075231731,0,0,186.639300013462,0,35,35,469.19,0,0.6498,0,630,420,567,1.35,120,K_PREDICTION_NOT_COMMITTED
147,RegionB,19.198,368.366667,387.564667,523.21230045,761.175,481.714132741442,48.5018322914421,0,48.5018322914421,41.4981677085579,0,0,230.959034967116,0,32,32,449.64,0,0.6079,0,585,410,553.5,1.35,120,K_PREDICTION_NOT_COMMITTED
147,RegionC,27.6266666666667,376.841,404.467666666667,558.16538,761.175,518.972666053029,45.8072860530287,0,45.8072860530287,39.1927139469713,0,0,196.395047893943,0,30,30,436.6,0,0.5764,0,540,405,558.9,1.38,120,K_PREDICTION_NOT_COMMITTED
147,RegionD,0,326.196,326.196,417.53088,761.175,296.256736365383,138.725856365383,0,138.725856365383,121.274143634617,0,180,146.192407269235,-180,90,90,280.21,218.56,0.4402,0,1472,720,921.6,1.28,120,K_PREDICTION_NOT_COMMITTED
147,RegionE,19.44,320.953333,340.393333,425.49166625,761.175,313.546302894969,128.054636644968,0,128.054636644968,111.945363355031,0,220,99.574060460063,-220,82,82,247.63,193.15,0.2306,0,1012,560,700,1.25,120,K_PREDICTION_NOT_COMMITTED
147,RegionF,9.76100000000031,340.432,350.193,444.74511,761.175,367.960055,173.214945,0,173.214945,76.7850550000002,0,220,0,-220,85,165.257473031182,260.66,203.31,0.2725,0,966,540,685.8,1.27,120,K_PREDICTION_NOT_COMMITTED
148,RegionA,44.7506666666667,369.178,413.928666666667,558.8037,800,512.694624768269,53.890924768269,0,53.890924768269,46.109075231731,0,0,233.414450463462,0,35,35,469.41,0,0.6424,0,630,420,567,1.35,120,K_PREDICTION_NOT_COMMITTED
148,RegionB,45.3796666666667,351.450667,396.830333666667,535.72095045,800,494.222782741442,48.5018322914421,0,48.5018322914421,41.4981677085579,0,0,257.275384967116,0,32,32,449.86,0,0.601,0,585,410,553.5,1.35,120,K_PREDICTION_NOT_COMMITTED
148,RegionC,28.6933333333333,371.88,400.573333333333,552.7912,800,513.598486053029,45.8072860530287,0,45.8072860530287,39.1927139469713,0,0,240.594227893943,0,30,30,436.82,0,0.5699,0,540,405,558.9,1.38,120,K_PREDICTION_NOT_COMMITTED
148,RegionD,0,353.12,353.12,451.9936,800,330.719456365383,138.725856365383,0,138.725856365383,121.274143634617,0,180,150.554687269235,-180,90,90,280.34,218.67,0.4352,0,1472,720,921.6,1.28,120,K_PREDICTION_NOT_COMMITTED
148,RegionE,16.9813333333331,413.850667,430.832000333333,538.540000416666,800,430.670785351572,132.130784934906,0,132.130784934906,107.869215065094,0,220,17.1984297135226,-220,82,90.2145345430107,247.75,193.25,0.228,0,1012,560,700,1.25,120,K_PREDICTION_NOT_COMMITTED
148,RegionF,149.54,353.8,503.34,639.2418,800,482.807348010352,93.5655480103513,0,93.5655480103513,156.434451989649,0,220,3.62710397929715,-220,165.257473031182,85,260.79,203.42,0.2694,0,966,540,685.8,1.27,120,K_PREDICTION_NOT_COMMITTED
149,RegionA,44.544,371.296,415.84,561.384,838.825,515.274924768269,53.890924768269,0,53.890924768269,46.109075231731,0,0,269.659150463462,0,35,35,469.65,0,0.6327,0,630,420,567,1.35,120,K_PREDICTION_NOT_COMMITTED
149,RegionB,44.2033333333333,348.705667,392.909000333333,530.42715045,838.825,488.928982741442,48.5018322914421,0,48.5018322914421,41.4981677085579,0,0,301.394184967116,0,32,32,450.08,0,0.5919,0,585,410,553.5,1.35,120,K_PREDICTION_NOT_COMMITTED
149,RegionC,35.4453333333333,368.563,404.008333333333,557.5315,838.825,518.338786053029,45.8072860530287,0,45.8072860530287,39.1927139469713,0,0,274.678927893943,0,30,30,437.04,0,0.5612,0,540,405,558.9,1.38,120,K_PREDICTION_NOT_COMMITTED
149,RegionD,0,354.664667,354.664667,453.97077376,838.825,332.696630125383,138.725856365383,0,138.725856365383,121.274143634617,0,180,187.402513509235,-180,90,90,280.49,218.78,0.4286,0,1472,720,921.6,1.28,120,K_PREDICTION_NOT_COMMITTED
149,RegionE,8.16,440.740667,448.900667,561.12583375,838.825,469.975416875,148.849583125,0,148.849583125,91.1504168750001,0,220,0,-220,90.2145345430107,132.121941739651,247.87,193.34,0.2245,0,1012,560,700,1.25,120,K_PREDICTION_NOT_COMMITTED
149,RegionF,126.315666666667,354.912,481.227666666667,611.159136666667,838.825,611.159136666667,-0,0,0,0,0,220,7.66586333333339,-220,85,85,260.92,203.52,0.2653,0,966,540,685.8,1.27,120,K_PREDICTION_NOT_COMMITTED
150,RegionA,64.052,348.436333,412.488333,556.85924955,875,510.750174318269,53.890924768269,0,53.890924768269,46.109075231731,0,0,310.358900913462,0,35,35,469.89,0,0.6212,0,630,420,567,1.35,120,K_PREDICTION_NOT_COMMITTED
150,RegionB,53.0313333333333,346.142,399.173333333333,538.884,875,497.385832291442,48.5018322914421,0,48.5018322914421,41.4981677085579,0,0,329.112335417116,0,32,32,450.31,0,0.5812,0,585,410,553.5,1.35,120,K_PREDICTION_NOT_COMMITTED
150,RegionC,40.3466666666668,363.59,403.936666666667,557.4326,875,518.239886053029,45.8072860530287,0,45.8072860530287,39.1927139469713,0,0,310.952827893943,0,30,30,437.26,0,0.5511,0,540,405,558.9,1.38,120,K_PREDICTION_NOT_COMMITTED
150,RegionD,0,370.759667,370.759667,474.57237376,875,474.57237376,-0,0,0,0,0,180,220.42762624,-180,90,90,280.63,218.89,0.4208,0,1472,720,921.6,1.28,120,K_PREDICTION_NOT_COMMITTED
150,RegionE,100.8,450.106333,550.906333,688.63291625,875,551.816458125,103.183541875,0,103.183541875,136.816458125,0,220,0,-220,132.121941739651,82,248,193.44,0.2204,0,1012,560,700,1.25,120,K_PREDICTION_NOT_COMMITTED
150,RegionF,42.7786666666664,366.813,409.591666666666,520.181416666666,875,520.181416666666,-0,0,0,0,0,220,134.818583333334,-220,85,85,261.05,203.62,0.2605,0,966,540,685.8,1.27,120,K_PREDICTION_NOT_COMMITTED
151,RegionA,53.1640000000001,366.450667,419.614667,566.47980045,906.065,520.370725218269,53.890924768269,0,53.890924768269,46.109075231731,0,0,331.803350013462,0,35,35,723.29,0,0.609,0,630,420,567,1.35,120,K_PREDICTION_NOT_COMMITTED
151,RegionB,51.4306666666666,326.869333,378.299999666667,510.70499955,906.065,469.206831841442,48.5018322914421,0,48.5018322914421,41.4981677085579,0,0,388.356335867116,0,32,32,693.15,0,0.5697,0,585,410,553.5,1.35,120,K_PREDICTION_NOT_COMMITTED
151,RegionC,34.925,364.693,399.618,551.47284,906.065,512.280126053029,45.8072860530287,0,45.8072860530287,39.1927139469713,0,0,347.977587893943,0,30,30,673.06,0,0.5402,0,540,405,558.9,1.38,120,K_PREDICTION_NOT_COMMITTED
151,RegionD,0,403.898667,403.898667,516.99029376,906.065,516.99029376,209.07470624,0,209.07470624,0,0,180,0,-180,90,286.5302238656,431.97,336.94,0.4125,0,1472,720,921.6,1.28,120,K_PREDICTION_NOT_COMMITTED
151,RegionE,128.54,414.088,542.628,678.285,906.065,678.285,-0,0,0,0,0,220,7.77999999999997,-220,82,82,381.74,297.76,0.2161,0,1012,560,700,1.25,120,K_PREDICTION_NOT_COMMITTED
151,RegionF,0.24,354.293333,354.533333,450.25733291,906.065,450.25733291,-0,0,0,0,0,220,235.80766709,-220,85,85,401.83,313.43,0.2554,0,966,540,685.8,1.27,120,K_PREDICTION_NOT_COMMITTED
152,RegionA,53.6316666666667,364.145,417.776666666667,563.9985,929.905,517.889424768269,53.890924768269,0,53.890924768269,46.109075231731,0,0,358.124650463462,0,35,35,723.68,0,0.5967,0,630,420,567,1.35,120,K_PREDICTION_NOT_COMMITTED
152,RegionB,75.7906666666667,328.503333,404.293999666667,545.79689955,929.905,504.298731841442,48.5018322914421,0,48.5018322914421,41.4981677085579,0,0,377.104435867116,0,32,32,693.53,0,0.5582,0,585,410,553.5,1.35,120,K_PREDICTION_NOT_COMMITTED
152,RegionC,32.4933333333333,370.846667,403.340000333333,556.60920046,929.905,517.416486513029,45.8072860530287,0,45.8072860530287,39.1927139469713,0,0,366.681227433943,0,30,30,673.43,0,0.5293,0,540,405,558.9,1.38,120,K_PREDICTION_NOT_COMMITTED
152,RegionD,31.76,336.277667,368.037667,471.08821376,929.905,252.293470298786,41.2052565387856,0,41.2052565387856,218.794743461214,0,180,456.406273162429,-180,286.5302238656,90,432.2,337.12,0.4042,0,1472,720,921.6,1.28,120,K_PREDICTION_NOT_COMMITTED
152,RegionE,147.990666666667,364.443333,512.433999666667,640.542499583333,929.905,640.542499583333,-0,0,0,0,0,220,69.3625004166665,-220,82,82,381.94,297.91,0.2117,0,1012,560,700,1.25,120,K_PREDICTION_NOT_COMMITTED
152,RegionF,0.151999999999998,399.073333,399.225333,507.01617291,929.905,507.01617291,-0,0,0,0,0,220,202.88882709,-220,85,85,402.05,313.6,0.2502,0,966,540,685.8,1.27,120,K_PREDICTION_NOT_COMMITTED
153,RegionA,37.9793333333334,362.887333,400.866666333333,541.16999955,944.89,495.060924318269,53.890924768269,0,53.890924768269,46.109075231731,0,0,395.938150913462,0,35,35,724.08,0,0.5853,0,630,420,567,1.35,120,K_PREDICTION_NOT_COMMITTED
153,RegionB,69.9070000000001,331.892,401.799,542.42865,944.89,500.930482291442,48.5018322914421,0,48.5018322914421,41.4981677085579,0,0,395.457685417115,0,32,32,693.91,0,0.5475,0,585,410,553.5,1.35,120,K_PREDICTION_NOT_COMMITTED
153,RegionC,32.8933333333334,351.995667,384.889000333333,531.14682046,944.89,491.954106513029,45.8072860530287,0,45.8072860530287,39.1927139469713,0,0,407.128607433943,0,30,30,673.8,0,0.5192,0,540,405,558.9,1.38,120,K_PREDICTION_NOT_COMMITTED
153,RegionD,31.76,306.476,338.236,432.94208,944.89,311.667936365383,138.725856365383,0,138.725856365383,121.274143634617,0,180,314.496207269235,-180,90,90,432.44,337.3,0.3965,0,1472,720,921.6,1.28,120,K_PREDICTION_NOT_COMMITTED
153,RegionE,145.227333333333,357.672,502.899333333333,628.624166666667,944.89,628.624166666667,-0,0,0,0,0,220,96.2658333333333,-220,82,82,382.15,298.08,0.2077,0,1012,560,700,1.25,120,K_PREDICTION_NOT_COMMITTED
153,RegionF,0,386.276333,386.276333,490.57094291,944.89,490.57094291,-0,0,0,0,0,220,234.31905709,-220,85,85,402.27,313.77,0.2455,0,966,540,685.8,1.27,120,K_PREDICTION_NOT_COMMITTED
154,RegionA,12.0540000000001,362.026667,374.080667,505.00890045,950,458.899825218269,53.890924768269,0,53.890924768269,46.109075231731,0,0,437.209250013462,0,35,35,724.49,0,0.5756,0,630,420,567,1.35,120,K_PREDICTION_NOT_COMMITTED
154,RegionB,10.4353333333333,318.720667,329.156000333333,444.36060045,950,402.862432741442,48.5018322914421,0,48.5018322914421,41.4981677085579,0,0,498.635734967116,0,32,32,694.3,0,0.5385,0,585,410,553.5,1.35,120,K_PREDICTION_NOT_COMMITTED
154,RegionC,37.8260000000001,356.249333,394.075333,543.82395954,950,504.631245593029,45.8072860530287,0,45.8072860530287,39.1927139469713,0,0,399.561468353943,0,30,30,674.18,0,0.5106,0,540,405,558.9,1.38,120,K_PREDICTION_NOT_COMMITTED
154,RegionD,68.9066666666666,280.851,349.757666666667,447.689813333333,950,326.415669698716,138.725856365383,0,138.725856365383,121.274143634617,0,180,304.858473935902,-180,90,90,432.68,337.49,0.3899,0,1472,720,921.6,1.28,120,K_PREDICTION_NOT_COMMITTED
154,RegionE,93.32,328.757333,422.077333,527.59666625,950,527.59666625,-0,0,0,0,0,220,202.40333375,-220,82,82,382.37,298.25,0.2043,0,1012,560,700,1.25,120,K_PREDICTION_NOT_COMMITTED
154,RegionF,147.04,390.495,537.535,682.66945,950,682.66945,-0,0,0,0,0,220,47.33055,-220,85,85,402.49,313.94,0.2414,0,966,540,685.8,1.27,120,K_PREDICTION_NOT_COMMITTED
155,RegionA,3.016,335.084,338.1,456.435,944.89,410.325924768269,53.890924768269,0,53.890924768269,46.109075231731,0,0,480.673150463462,0,35,35,724.9,0,0.5684,0,630,420,567,1.35,120,K_PREDICTION_NOT_COMMITTED
155,RegionB,13.52,335.733333,349.253333,471.49199955,944.89,429.993831841442,48.5018322914421,0,48.5018322914421,41.4981677085579,0,0,466.394335867116,0,32,32,694.7,0,0.5317,0,585,410,553.5,1.35,120,K_PREDICTION_NOT_COMMITTED
155,RegionC,22.019,374.999333,397.018333,547.88529954,944.89,508.692585593029,45.8072860530287,0,45.8072860530287,39.1927139469713,0,0,390.390128353943,0,30,30,674.56,0,0.5042,0,540,405,558.9,1.38,120,K_PREDICTION_NOT_COMMITTED
155,RegionD,45.3093333333334,298.387333,343.696666333333,439.931732906667,944.89,318.657589272049,138.725856365383,0,138.725856365383,121.274143634617,0,180,307.506554362568,-180,90,90,432.93,337.69,0.385,0,1472,720,921.6,1.28,120,K_PREDICTION_NOT_COMMITTED
155,RegionE,153.561333333334,270.168667,423.730000333334,529.662500416667,944.89,529.662500416667,-0,0,0,0,0,220,195.227499583333,-220,82,82,382.59,298.42,0.2017,0,1012,560,700,1.25,120,K_PREDICTION_NOT_COMMITTED
155,RegionF,147.04,334.113333,481.153333,611.06473291,944.89,611.06473291,-0,0,0,0,0,220,113.82526709,-220,85,85,402.72,314.12,0.2383,0,966,540,685.8,1.27,120,K_PREDICTION_NOT_COMMITTED
156,RegionA,3.21466666666667,294.420667,297.635333666667,401.80770045,929.905,355.698625218269,53.890924768269,0,53.890924768269,46.109075231731,-1.4210854715202e-14,0,520.315450013462,-1.4210854715202e-14,35,35,725.32,0,0.564,-8.01492205937393e-15,630,420,567,1.35,120,K_PREDICTION_NOT_COMMITTED
156,RegionB,62.2253333333333,330.251333,392.476666333333,529.84349955,929.905,488.345331841442,48.5018322914421,0,48.5018322914421,41.4981677085579,0,0,393.057835867116,0,32,32,695.1,0,0.5276,0,585,410,553.5,1.35,120,K_PREDICTION_NOT_COMMITTED
156,RegionC,36.9653333333333,360.645333,397.610666333333,548.70271954,929.905,509.510005593029,45.8072860530287,0,45.8072860530287,39.1927139469713,0,0,374.587708353943,0,30,30,674.95,0,0.5003,0,540,405,558.9,1.38,120,K_PREDICTION_NOT_COMMITTED
156,RegionD,42.7653333333333,313.963,356.728333333333,456.612266666667,929.905,335.338123032049,138.725856365383,0,138.725856365383,121.274143634617,0,180,275.841020602568,-180,90,90,433.18,337.88,0.3821,0,1472,720,921.6,1.28,120,K_PREDICTION_NOT_COMMITTED
156,RegionE,123.16,273.463333,396.623333,495.77916625,929.905,495.77916625,-0,0,0,0,0,220,214.12583375,-220,82,82,382.81,298.59,0.2001,0,1012,560,700,1.25,120,K_PREDICTION_NOT_COMMITTED
156,RegionF,147.04,258.796667,405.836667,515.41256709,929.905,515.41256709,-0,0,0,0,0,220,194.49243291,-220,85,85,402.96,314.31,0.2365,0,966,540,685.8,1.27,120,K_PREDICTION_NOT_COMMITTED
157,RegionA,93.4256666666667,300.667333,394.092999666667,532.02554955,906.065,485.916474318269,53.890924768269,0,53.890924768269,46.109075231731,0,0,366.257600913462,0,35,35,725.75,0,0.563,0,630,420,567,1.35,120,K_PREDICTION_NOT_COMMITTED
157,RegionB,83.6133333333333,320.346667,403.960000333333,545.34600045,906.065,503.847832741442,48.5018322914421,0,48.5018322914421,41.4981677085579,0,0,353.715334967116,0,32,32,695.51,0,0.5266,0,585,410,553.5,1.35,120,K_PREDICTION_NOT_COMMITTED
157,RegionC,35.16,318.777667,353.937667,488.43398046,906.065,449.241266513029,45.8072860530287,0,45.8072860530287,39.1927139469713,0,0,411.016447433943,0,30,30,675.35,0,0.4994,0,540,405,558.9,1.38,120,K_PREDICTION_NOT_COMMITTED
157,RegionD,227.816333333333,268.195,496.011333333333,634.894506666666,906.065,634.894506666666,-0,0,0,0,0,180,91.1704933333338,-180,90,90,433.43,338.08,0.3814,0,1472,720,921.6,1.28,120,K_PREDICTION_NOT_COMMITTED
157,RegionE,156.356,272.333,428.689,535.86125,906.065,535.86125,-0,0,0,0,0,220,150.20375,-220,82,82,383.03,298.76,0.1998,0,1012,560,700,1.25,120,K_PREDICTION_NOT_COMMITTED
157,RegionF,146.591333333333,247.51,394.101333333333,500.508693333333,906.065,500.508693333333,185.556306666667,0,185.556306666667,0,0,220,0,-220,85,259.422928266667,403.19,314.49,0.2361,0,966,540,685.8,1.27,120,K_PREDICTION_NOT_COMMITTED
158,RegionA,92.0426666666667,298.799667,390.842333666667,527.63715045,875,481.528075218269,53.890924768269,0,53.890924768269,46.109075231731,0,0,339.581000013462,0,35,35,726.18,0,0.5653,0,630,420,567,1.35,120,K_PREDICTION_NOT_COMMITTED
158,RegionB,83.812,310.117,393.929,531.80415,875,490.305982291442,48.5018322914421,0,48.5018322914421,41.4981677085579,0,0,336.192185417116,0,32,32,695.93,0,0.5288,0,585,410,553.5,1.35,120,K_PREDICTION_NOT_COMMITTED
158,RegionC,34.4633333333333,287.297,321.760333333333,444.02926,875,404.836546053029,45.8072860530287,0,45.8072860530287,39.1927139469713,0,0,424.356167893943,0,30,30,675.75,0,0.5015,0,540,405,558.9,1.38,120,K_PREDICTION_NOT_COMMITTED
158,RegionD,160.345333333334,238.123667,398.469000333334,510.040320426667,875,510.040320426667,-0,0,0,0,0,180,184.959679573333,-180,90,90,433.69,338.28,0.3829,0,1472,720,921.6,1.28,120,K_PREDICTION_NOT_COMMITTED
158,RegionE,147.773333333333,259.408667,407.182000333333,508.977500416667,875,508.977500416667,146.022499583333,0,146.022499583333,0,0,220,0,-220,82,219.261149608333,383.26,298.94,0.2006,0,1012,560,700,1.25,120,K_PREDICTION_NOT_COMMITTED
158,RegionF,37.8239999999998,192.407667,230.231667,292.39421709,875,89.233762875935,46.8395457859353,0,46.8395457859353,203.160454214065,0,220,518.92669133813,-220,259.422928266667,85,403.44,314.68,0.2371,0,966,540,685.8,1.27,120,K_PREDICTION_NOT_COMMITTED
159,RegionA,93.8866666666667,267.128,361.014666666667,487.3698,838.825,441.260724768269,53.890924768269,0,53.890924768269,46.109075231731,0,0,343.673350463462,0,35,35,726.62,0,0.5709,0,630,420,567,1.35,120,K_PREDICTION_NOT_COMMITTED
159,RegionB,82.2126666666667,290.853,373.065666666667,503.63865,838.825,462.140482291442,48.5018322914421,0,48.5018322914421,41.4981677085579,0,0,328.182685417116,0,32,32,696.35,0,0.5341,0,585,410,553.5,1.35,120,K_PREDICTION_NOT_COMMITTED
159,RegionC,32.1906666666666,264.551667,296.742333666667,409.50442046,838.825,370.311706513029,45.8072860530287,0,45.8072860530287,39.1927139469713,-2.1316282072803e-14,0,422.706007433943,-2.1316282072803e-14,30,30,676.16,0,0.5064,-1.07945652416674e-14,540,405,558.9,1.38,120,K_PREDICTION_NOT_COMMITTED
159,RegionD,228.730666666667,227.770667,456.501333666667,584.321707093333,838.825,584.321707093333,-0,0,0,0,0,180,74.5032929066667,-180,90,90,433.96,338.49,0.3867,0,1472,720,921.6,1.28,120,K_PREDICTION_NOT_COMMITTED
159,RegionE,66.5613333333336,222.274667,288.836000333334,361.045000416667,838.825,180.989046337193,59.9440459205262,0,59.9440459205262,180.055954079474,0,220,377.891907742281,-220,219.261149608333,82,383.5,299.13,0.2026,0,1012,560,700,1.25,120,K_PREDICTION_NOT_COMMITTED
159,RegionF,0,163.168667,163.168667,207.22420709,838.825,90.6144535951755,133.390246505176,0,133.390246505176,116.609753494824,0,220,394.820299899649,-220,85,85,403.68,314.87,0.2394,0,966,540,685.8,1.27,120,K_PREDICTION_NOT_COMMITTED
160,RegionA,93.68,263.229333,356.909333,481.82759955,800,435.718524318269,53.890924768269,0,53.890924768269,46.109075231731,0,0,310.390550913462,0,35,35,727.07,0,0.5794,0,630,420,567,1.35,120,K_PREDICTION_NOT_COMMITTED
160,RegionB,81.4863333333333,246.62,328.106333333333,442.94355,800,401.445382291442,48.5018322914421,0,48.5018322914421,41.4981677085579,0,0,350.052785417116,0,32,32,696.77,0,0.5421,0,585,410,553.5,1.35,120,K_PREDICTION_NOT_COMMITTED
160,RegionC,9.26266666666666,214.883333,224.145999666667,309.32147954,800,270.128765593029,45.8072860530287,0,45.8072860530287,39.1927139469713,-2.1316282072803e-14,0,484.063948353943,-2.1316282072803e-14,30,30,676.58,0,0.514,-1.09565689854207e-14,540,405,558.9,1.38,120,K_PREDICTION_NOT_COMMITTED
160,RegionD,221.226666666667,192.836,414.062666666667,530.000213333333,800,530.000213333333,-0,0,0,0,0,180,89.9997866666666,-180,90,90,434.22,338.69,0.3925,0,1472,720,921.6,1.28,120,K_PREDICTION_NOT_COMMITTED
160,RegionE,35.9,199.069667,234.969667,293.71208375,800,181.766720394969,128.054636644969,0,128.054636644969,111.945363355031,0,220,270.178642960063,-220,82,82,383.73,299.31,0.2056,0,1012,560,700,1.25,120,K_PREDICTION_NOT_COMMITTED
160,RegionF,0,150.786333,150.786333,191.49864291,800,74.8888894151756,133.390246505176,0,133.390246505176,116.609753494824,0,220,371.720864079649,-220,85,85,403.93,315.07,0.243,0,966,540,685.8,1.27,120,K_PREDICTION_NOT_COMMITTED
161,RegionA,89.2880000000001,207.14,296.428,400.1778,761.175,354.068724768269,53.890924768269,0,53.890924768269,46.109075231731,-1.4210854715202e-14,0,353.215350463462,-1.4210854715202e-14,35,35,1054.9,0,0.5904,-8.39008862385526e-15,630,420,567,1.35,120,K_PREDICTION_NOT_COMMITTED
161,RegionB,24.2133333333331,231.162,255.375333333333,344.7567,761.175,303.258532291442,48.5018322914421,0,48.5018322914421,41.4981677085579,1.4210854715202e-14,0,409.414635417116,1.4210854715202e-14,32,32,1010.94,0,0.5523,7.84865505920607e-15,585,410,553.5,1.35,120,K_PREDICTION_NOT_COMMITTED
161,RegionC,2.32,216.496667,218.816667,301.96700046,761.175,262.774286513029,45.8072860530287,0,45.8072860530287,39.1927139469713,-2.1316282072803e-14,0,452.593427433943,-2.1316282072803e-14,30,30,981.64,0,0.5237,-1.11633369215269e-14,540,405,558.9,1.38,120,K_PREDICTION_NOT_COMMITTED
161,RegionD,217.232,104.311333,321.543333,411.57546624,761.175,411.57546624,-0,0,0,0,0,180,169.59953376,-180,90,90,630.01,491.41,0.3999,0,1472,720,921.6,1.28,120,K_PREDICTION_NOT_COMMITTED
161,RegionE,144.693333333333,196.233333,340.926666333333,426.158332916667,761.175,426.158332916667,-0,0,0,0,0,220,115.016667083333,-220,82,82,556.75,434.27,0.2095,0,1012,560,700,1.25,120,K_PREDICTION_NOT_COMMITTED
161,RegionF,120.98,176.203333,297.183333,377.42283291,761.175,377.42283291,-0,0,0,0,0,220,163.75216709,-220,85,85,586.05,457.12,0.2476,0,966,540,685.8,1.27,120,K_PREDICTION_NOT_COMMITTED
162,RegionA,26.7513333333335,229.25,256.001333333333,345.6018,725,299.492724768269,53.890924768269,0,53.890924768269,46.109075231731,-1.4210854715202e-14,0,371.616350463462,-1.4210854715202e-14,35,35,1055.55,0,0.603,-8.56914539326681e-15,630,420,567,1.35,120,K_PREDICTION_NOT_COMMITTED
162,RegionB,1.12,223.074667,224.194667,302.66280045,725,261.164632741442,48.5018322914421,0,48.5018322914421,41.4981677085579,1.4210854715202e-14,0,415.333534967116,1.4210854715202e-14,32,32,1011.57,0,0.5641,8.01634314484545e-15,585,410,553.5,1.35,120,K_PREDICTION_NOT_COMMITTED
162,RegionC,3.22933333333333,237.537667,240.767000333333,332.25846046,725,293.065746513029,45.8072860530287,0,45.8072860530287,39.1927139469713,-2.1316282072803e-14,0,386.126967433943,-2.1316282072803e-14,30,30,982.25,0,0.5349,-1.14020792807423e-14,540,405,558.9,1.38,120,K_PREDICTION_NOT_COMMITTED
162,RegionD,217.450666666667,76.653333,294.103999666667,376.453119573333,725,376.453119573333,168.546880426667,0,168.546880426667,0,0,180,0,-180,90,248.434067601067,630.4,491.71,0.4085,0,1472,720,921.6,1.28,120,K_PREDICTION_NOT_COMMITTED
162,RegionE,67.6663333333334,167.84,235.506333333333,294.382916666667,725,294.382916666667,210.617083333333,0,210.617083333333,0,0,220,0,-220,82,279.980058333333,557.1,434.54,0.214,0,1012,560,700,1.25,120,K_PREDICTION_NOT_COMMITTED
162,RegionF,145.028,173.276667,318.304667,404.24692709,725,404.24692709,-0,0,0,0,0,220,100.75307291,-220,85,85,586.42,457.41,0.2529,0,966,540,685.8,1.27,120,K_PREDICTION_NOT_COMMITTED
163,RegionA,84.1096666666666,179.008333,263.117999666667,355.20929955,693.935,309.100224318269,53.890924768269,0,53.890924768269,46.109075231731,-1.4210854715202e-14,0,330.943850913462,-1.4210854715202e-14,35,35,1056.21,0,0.6165,-8.76099193192204e-15,630,420,567,1.35,120,K_PREDICTION_NOT_COMMITTED
163,RegionB,57.476,220.21,277.686,374.8761,693.935,333.377932291442,48.5018322914421,0,48.5018322914421,41.4981677085579,1.4210854715202e-14,0,312.055235417116,1.4210854715202e-14,32,32,1012.2,0,0.5768,8.19682099972852e-15,585,410,553.5,1.35,120,K_PREDICTION_NOT_COMMITTED
163,RegionC,78.7083333333333,240.840667,319.549000333333,440.97762046,693.935,401.784906513029,45.8072860530287,0,45.8072860530287,39.1927139469713,0,0,246.342807433943,0,30,30,982.86,0,0.5469,0,540,405,558.9,1.38,120,K_PREDICTION_NOT_COMMITTED
163,RegionD,53.5386666666669,86.906667,140.445333666667,179.770027093334,693.935,-0,80.2299729066663,0,80.2299729066663,179.770027093334,0,180,433.705027093334,-180,248.434067601067,130.549137731899,630.79,492.02,0.4177,0,1472,720,921.6,1.28,120,K_PREDICTION_NOT_COMMITTED
163,RegionE,8.24266666666686,166.556,174.798666666667,218.498333333334,693.935,8.31294530110648,29.8146119677729,0,29.8146119677729,210.185388032227,0,220,435.807442731121,-220,279.980058333333,82,557.45,434.81,0.2188,0,1012,560,700,1.25,120,K_PREDICTION_NOT_COMMITTED
163,RegionF,42.4153333333332,157.276667,199.692000333333,253.608840423333,693.935,253.608840423333,-0,0,0,0,0,220,220.326159576667,-220,85,85,586.78,457.69,0.2585,0,966,540,685.8,1.27,120,K_PREDICTION_NOT_COMMITTED
164,RegionA,70.8986666666667,199.314667,270.213333666667,364.78800045,670.095,318.678925218269,53.890924768269,0,53.890924768269,46.109075231731,-1.4210854715202e-14,0,297.525150013462,-1.4210854715202e-14,35,35,1056.88,0,0.6301,-8.95425955604878e-15,630,420,567,1.35,120,K_PREDICTION_NOT_COMMITTED
164,RegionB,65.6,206.436667,272.036667,367.24950045,670.095,325.751332741442,48.5018322914421,0,48.5018322914421,41.4981677085579,1.4210854715202e-14,0,295.841834967116,1.4210854715202e-14,32,32,1012.84,0,0.5894,8.37587776914006e-15,585,410,553.5,1.35,120,K_PREDICTION_NOT_COMMITTED
164,RegionC,78.5786666666667,262.001333,340.579999666667,470.00039954,670.095,430.807685593029,45.8072860530287,0,45.8072860530287,39.1927139469713,0,0,193.480028353943,0,30,30,983.48,0,0.5589,0,540,405,558.9,1.38,120,K_PREDICTION_NOT_COMMITTED
164,RegionD,0.439999999999995,99.742667,100.182667,128.23381376,670.095,-0,131.76618624,0,131.76618624,128.23381376,0,180,358.32881376,-180,130.549137731899,116.523531550187,631.19,492.33,0.4268,0,1472,720,921.6,1.28,120,K_PREDICTION_NOT_COMMITTED
164,RegionE,0.6,204.968,205.568,256.96,670.095,256.96,-0,0,0,0,0,220,193.135,-220,82,82,557.8,435.08,0.2236,0,1012,560,700,1.25,120,K_PREDICTION_NOT_COMMITTED
164,RegionF,0.4,208.950333,209.350333,265.87492291,670.095,265.87492291,-0,0,0,0,0,220,184.22007709,-220,85,85,587.15,457.98,0.2642,0,966,540,685.8,1.27,120,K_PREDICTION_NOT_COMMITTED
165,RegionA,70.968,187.963,258.931,349.55685,655.11,303.447774768269,53.890924768269,0,53.890924768269,46.109075231731,-1.4210854715202e-14,0,297.771300463462,-1.4210854715202e-14,35,35,1057.54,0,0.6427,-9.13331632546033e-15,630,420,567,1.35,120,K_PREDICTION_NOT_COMMITTED
165,RegionB,81.28,231.560667,312.840667,422.33490045,655.11,380.836732741442,48.5018322914421,0,48.5018322914421,41.4981677085579,1.4210854715202e-14,0,225.771434967116,1.4210854715202e-14,32,32,1013.48,0,0.6013,8.54498694025096e-15,585,410,553.5,1.35,120,K_PREDICTION_NOT_COMMITTED
165,RegionC,73.4053333333335,254.22,327.625333333333,452.12296,655.11,412.930246053029,45.8072860530287,0,45.8072860530287,39.1927139469713,0,0,196.372467893943,0,30,30,984.1,0,0.5702,0,540,405,558.9,1.38,120,K_PREDICTION_NOT_COMMITTED
165,RegionD,0,163.610667,163.610667,209.42165376,655.11,74.9862229939804,125.56456923398,0,125.56456923398,134.43543076602,0,180,274.559207772039,-180,116.523531550187,90,631.59,492.64,0.4354,0,1472,720,921.6,1.28,120,K_PREDICTION_NOT_COMMITTED
165,RegionE,0.24,190.554,190.794,238.4925,655.11,238.4925,-0,0,0,0,0,220,196.6175,-220,82,82,558.15,435.36,0.2281,0,1012,560,700,1.25,120,K_PREDICTION_NOT_COMMITTED
165,RegionF,0.306666666666672,209.238333,209.544999666667,266.122149576667,655.11,266.122149576667,-0,0,0,0,0,220,168.987850423333,-220,85,85,587.52,458.27,0.2695,0,966,540,685.8,1.27,120,K_PREDICTION_NOT_COMMITTED
166,RegionA,55.8853333333331,266.513333,322.398666333333,435.23819955,650,389.129124318269,53.890924768269,0,53.890924768269,46.109075231731,-1.4210854715202e-14,0,206.979950913462,-1.4210854715202e-14,35,35,656.82,0,0.6537,-9.28963572732755e-15,630,420,567,1.35,120,K_PREDICTION_NOT_COMMITTED
166,RegionB,81.22,250.551,331.771,447.89085,650,406.392682291442,48.5018322914421,0,48.5018322914421,41.4981677085579,0,0,195.105485417116,0,32,32,629.46,0,0.6115,0,585,410,553.5,1.35,120,K_PREDICTION_NOT_COMMITTED
166,RegionC,10.0653333333332,275.838667,285.904000333333,394.54752046,650,355.354806513029,45.8072860530287,0,45.8072860530287,39.1927139469713,-2.1316282072803e-14,0,248.837907433943,-2.1316282072803e-14,30,30,611.21,0,0.5799,-1.23613119740185e-14,540,405,558.9,1.38,120,K_PREDICTION_NOT_COMMITTED
166,RegionD,0,232.066,232.066,297.04448,650,297.04448,-0,0,0,0,0,180,172.95552,-180,90,90,392.27,305.97,0.4428,0,1472,720,921.6,1.28,120,K_PREDICTION_NOT_COMMITTED
166,RegionE,0.24,174.54,174.78,218.475,650,218.475,-0,0,0,0,0,220,211.525,-220,82,82,346.66,270.39,0.232,0,1012,560,700,1.25,120,K_PREDICTION_NOT_COMMITTED
166,RegionF,0,199.152,199.152,252.92304,650,252.92304,-0,0,0,0,0,220,177.07696,-220,85,85,364.9,284.62,0.2741,0,966,540,685.8,1.27,120,K_PREDICTION_NOT_COMMITTED
167,RegionA,25.2853333333334,309.352,334.637333333333,451.7604,655.11,405.651324768269,53.890924768269,0,53.890924768269,46.109075231731,0,0,195.567750463462,0,35,35,657.24,0,0.6623,0,630,420,567,1.35,120,K_PREDICTION_NOT_COMMITTED
167,RegionB,80.9693333333333,269.613333,350.582666333333,473.28659955,655.11,431.788431841442,48.5018322914421,0,48.5018322914421,41.4981677085579,0,0,174.819735867116,0,32,32,629.85,0,0.6195,0,585,410,553.5,1.35,120,K_PREDICTION_NOT_COMMITTED
167,RegionC,1.79333333333334,323.326333,325.119666333333,448.66513954,655.11,409.472425593029,45.8072860530287,0,45.8072860530287,39.1927139469713,0,0,199.830288353943,0,30,30,611.6,0,0.5875,0,540,405,558.9,1.38,120,K_PREDICTION_NOT_COMMITTED
167,RegionD,0,262.468,262.468,335.95904,655.11,335.95904,-0,0,0,0,0,180,139.15096,-180,90,90,392.52,306.17,0.4486,0,1472,720,921.6,1.28,120,K_PREDICTION_NOT_COMMITTED
167,RegionE,0.437333333333336,178.542,178.979333333333,223.724166666667,655.11,223.724166666667,-0,0,0,0,0,220,211.385833333333,-220,82,82,346.88,270.57,0.235,0,1012,560,700,1.25,120,K_PREDICTION_NOT_COMMITTED
167,RegionF,0,247.006,247.006,313.69762,655.11,313.69762,-0,0,0,0,0,220,121.41238,-220,85,85,365.13,284.8,0.2777,0,966,540,685.8,1.27,120,K_PREDICTION_NOT_COMMITTED
168,RegionA,16.1653333333333,301.320667,317.486000333333,428.60610045,670.095,382.497025218269,53.890924768269,0,53.890924768269,46.109075231731,-1.4210854715202e-14,0,233.707050013462,-1.4210854715202e-14,35,35,474.97,0,0.6679,-9.49142986428342e-15,630,420,567,1.35,120,K_PREDICTION_NOT_COMMITTED
168,RegionB,67.8439999999998,309.148667,376.992667,508.94010045,670.095,467.441932741442,48.5018322914421,0,48.5018322914421,41.4981677085579,0,0,154.151234967116,0,32,32,455.18,0,0.6248,0,585,410,553.5,1.35,120,K_PREDICTION_NOT_COMMITTED
168,RegionC,0.597333333333331,379.03,379.627333333333,523.88572,670.095,484.693006053029,45.8072860530287,0,45.8072860530287,39.1927139469713,0,0,139.594707893943,0,30,30,441.99,0,0.5925,0,540,405,558.9,1.38,120,K_PREDICTION_NOT_COMMITTED
168,RegionD,0,257.692,257.692,329.84576,670.095,329.84576,-0,0,0,0,0,180,160.24924,-180,90,90,283.67,221.26,0.4525,0,1472,720,921.6,1.28,120,K_PREDICTION_NOT_COMMITTED
168,RegionE,0.00799999999999955,202.740667,202.748667,253.43583375,670.095,253.43583375,-0,0,0,0,0,220,196.65916625,-220,82,82,250.68,195.53,0.237,0,1012,560,700,1.25,120,K_PREDICTION_NOT_COMMITTED
168,RegionF,0,258.337,258.337,328.08799,670.095,328.08799,-0,0,0,0,0,220,122.00701,-220,85,85,263.87,205.82,0.2801,0,966,540,685.8,1.27,120,K_PREDICTION_NOT_COMMITTED
169,RegionA,7.65066666666672,360.523333,368.173999666667,497.03489955,693.935,450.925824318269,53.890924768269,0,53.890924768269,46.109075231731,0,0,189.118250913462,0,35,35,475.28,0,0.6703,0,630,420,567,1.35,120,K_PREDICTION_NOT_COMMITTED
169,RegionB,30.4826666666668,378.424,408.906666666667,552.024,693.935,510.525832291442,48.5018322914421,0,48.5018322914421,41.4981677085579,0,0,134.907335417116,0,32,32,455.47,0,0.6271,0,585,410,553.5,1.35,120,K_PREDICTION_NOT_COMMITTED
169,RegionC,0.326666666666663,379.08,379.406666666667,523.5812,693.935,484.388486053029,45.8072860530287,0,45.8072860530287,39.1927139469713,0,0,163.739227893943,0,30,30,442.27,0,0.5946,0,540,405,558.9,1.38,120,K_PREDICTION_NOT_COMMITTED
169,RegionD,0,294.548,294.548,377.02144,693.935,377.02144,-0,0,0,0,0,180,136.91356,-180,90,90,283.85,221.4,0.4541,0,1472,720,921.6,1.28,120,K_PREDICTION_NOT_COMMITTED
169,RegionE,0,259.278667,259.278667,324.09833375,693.935,324.09833375,-0,0,0,0,0,220,149.83666625,-220,82,82,250.84,195.66,0.2378,0,1012,560,700,1.25,120,K_PREDICTION_NOT_COMMITTED
169,RegionF,0,280.288333,280.288333,355.96618291,693.935,355.96618291,-0,0,0,0,0,220,117.96881709,-220,85,85,264.04,205.95,0.2811,0,966,540,685.8,1.27,120,K_PREDICTION_NOT_COMMITTED
170,RegionA,41.4793333333334,368.431667,409.911000333333,553.37985045,725,507.270775218269,53.890924768269,0,53.890924768269,46.109075231731,0,0,163.838300013462,0,35,35,475.58,0,0.6693,0,630,420,567,1.35,120,K_PREDICTION_NOT_COMMITTED
170,RegionB,46.1293333333332,361.444667,407.574000333333,550.22490045,725,508.726732741442,48.5018322914421,0,48.5018322914421,41.4981677085579,0,0,167.771434967116,0,32,32,455.76,0,0.6261,0,585,410,553.5,1.35,120,K_PREDICTION_NOT_COMMITTED
170,RegionC,32.78,371.741333,404.521333,558.23943954,725,519.046725593029,45.8072860530287,0,45.8072860530287,39.1927139469713,0,0,160.145988353943,0,30,30,442.55,0,0.5937,0,540,405,558.9,1.38,120,K_PREDICTION_NOT_COMMITTED
170,RegionD,0.24,313.989667,314.229667,402.21397376,725,402.21397376,-0,0,0,0,0,180,142.78602624,-180,90,90,284.02,221.54,0.4534,0,1472,720,921.6,1.28,120,K_PREDICTION_NOT_COMMITTED
170,RegionE,0,301.46,301.46,376.825,725,376.825,-0,0,0,0,0,220,128.175,-220,82,82,251,195.78,0.2375,0,1012,560,700,1.25,120,K_PREDICTION_NOT_COMMITTED
170,RegionF,0,344.084,344.084,436.98668,725,436.98668,-0,0,0,0,0,220,68.01332,-220,85,85,264.21,206.08,0.2807,0,966,540,685.8,1.27,120,K_PREDICTION_NOT_COMMITTED
171,RegionA,38.24,374.043,412.283,556.58205,761.175,510.472974768269,53.890924768269,0,53.890924768269,46.109075231731,0,0,196.811100463462,0,35,35,475.88,0,0.665,0,630,420,567,1.35,120,K_PREDICTION_NOT_COMMITTED
171,RegionB,35.1906666666667,374.809333,409.999999666667,553.49999955,761.175,512.001831841442,48.5018322914421,0,48.5018322914421,41.4981677085579,0,0,200.671335867116,0,32,32,456.05,0,0.6221,0,585,410,553.5,1.35,120,K_PREDICTION_NOT_COMMITTED
171,RegionC,31.227,369.866667,401.093667,553.50926046,761.175,514.316546513029,45.8072860530287,0,45.8072860530287,39.1927139469713,0,0,201.051167433943,0,30,30,442.83,0,0.59,0,540,405,558.9,1.38,120,K_PREDICTION_NOT_COMMITTED
171,RegionD,0.24,287.144667,287.384667,367.85237376,761.175,367.85237376,-0,0,0,0,0,180,213.32262624,-180,90,90,284.2,221.68,0.4505,0,1472,720,921.6,1.28,120,K_PREDICTION_NOT_COMMITTED
171,RegionE,0,344.240667,344.240667,430.30083375,761.175,430.30083375,-0,0,0,0,0,220,110.87416625,-220,82,82,251.16,195.9,0.236,0,1012,560,700,1.25,120,K_PREDICTION_NOT_COMMITTED
171,RegionF,0,330.159333,330.159333,419.30235291,761.175,419.30235291,-0,0,0,0,0,220,121.87264709,-220,85,85,264.38,206.22,0.2789,0,966,540,685.8,1.27,120,K_PREDICTION_NOT_COMMITTED
172,RegionA,44.0586666666667,374.178333,418.236999666667,564.61994955,800,518.510874318269,53.890924768269,0,53.890924768269,46.109075231731,0,0,227.598200913462,0,35,35,476.18,0,0.6578,0,630,420,567,1.35,120,K_PREDICTION_NOT_COMMITTED
172,RegionB,52.37,357.403,409.773,553.19355,800,511.695382291442,48.5018322914421,0,48.5018322914421,41.4981677085579,0,0,239.802785417116,0,32,32,456.33,0,0.6154,0,585,410,553.5,1.35,120,K_PREDICTION_NOT_COMMITTED
172,RegionC,34.5433333333333,365.64,400.183333333333,552.253,800,513.060286053029,45.8072860530287,0,45.8072860530287,39.1927139469713,0,0,241.132427893943,0,30,30,443.11,0,0.5836,0,540,405,558.9,1.38,120,K_PREDICTION_NOT_COMMITTED
172,RegionD,0.24,324.052667,324.292667,415.09461376,800,415.09461376,-0,0,0,0,0,180,204.90538624,-180,90,90,284.38,221.82,0.4456,0,1472,720,921.6,1.28,120,K_PREDICTION_NOT_COMMITTED
172,RegionE,0,416.07,416.07,520.0875,800,520.0875,59.9125,0,59.9125,0,0,220,0,-220,82,138.31775,251.31,196.02,0.2334,0,1012,560,700,1.25,120,K_PREDICTION_NOT_COMMITTED
172,RegionF,2.34,323.958,326.298,414.39846,800,414.39846,165.60154,0,165.60154,0,0,220,0,-220,85,240.6654476,264.54,206.34,0.2759,0,966,540,685.8,1.27,120,K_PREDICTION_NOT_COMMITTED
173,RegionA,41.8856666666667,376.617667,418.503333666667,564.97950045,838.825,518.870425218269,53.890924768269,0,53.890924768269,46.109075231731,0,0,266.063650013462,0,35,35,476.47,0,0.6483,0,630,420,567,1.35,120,K_PREDICTION_NOT_COMMITTED
173,RegionB,50.8026666666667,341.093333,391.895999666667,529.05959955,838.825,487.561431841442,48.5018322914421,0,48.5018322914421,41.4981677085579,0,0,302.761735867116,0,32,32,456.62,0,0.6064,0,585,410,553.5,1.35,120,K_PREDICTION_NOT_COMMITTED
173,RegionC,38.8466666666666,352.260667,391.107333666667,539.72812046,838.825,500.535406513029,45.8072860530287,0,45.8072860530287,39.1927139469713,0,0,292.482307433943,0,30,30,443.38,0,0.5751,0,540,405,558.9,1.38,120,K_PREDICTION_NOT_COMMITTED
173,RegionD,0.306666666666665,395.751333,396.057999666667,506.954239573333,838.825,506.954239573333,151.870760426667,0,151.870760426667,0,0,180,0,-180,90,232.758514801067,284.56,221.96,0.4391,0,1472,720,921.6,1.28,120,K_PREDICTION_NOT_COMMITTED
173,RegionE,0,419.270667,419.270667,524.08833375,838.825,524.08833375,94.7366662500001,0,94.7366662500001,0,0,220,0,-220,138.31775,227.370216275,251.47,196.15,0.23,0,1012,560,700,1.25,120,K_PREDICTION_NOT_COMMITTED
173,RegionF,148.52,336.592,485.112,616.09224,838.825,616.09224,2.7327600000001,0,2.7327600000001,0,0,220,0,-220,240.6654476,243.234242,264.71,206.47,0.2719,0,966,540,685.8,1.27,120,K_PREDICTION_NOT_COMMITTED
174,RegionA,35.21,383.521,418.731,565.28685,875,519.177774768269,53.890924768269,0,53.890924768269,46.109075231731,0,0,301.931300463462,0,35,35,476.77,0,0.637,0,630,420,567,1.35,120,K_PREDICTION_NOT_COMMITTED
174,RegionB,51.9083333333335,344.966667,396.875000333333,535.78125045,875,494.283082741442,48.5018322914421,0,48.5018322914421,41.4981677085579,0,0,332.215084967116,0,32,32,456.9,0,0.5959,0,585,410,553.5,1.35,120,K_PREDICTION_NOT_COMMITTED
174,RegionC,42.0553333333333,347.76,389.815333333333,537.94516,875,498.752446053029,45.8072860530287,0,45.8072860530287,39.1927139469713,0,0,330.440267893943,0,30,30,443.66,0,0.5651,0,540,405,558.9,1.38,120,K_PREDICTION_NOT_COMMITTED
174,RegionD,0.24,423.282667,423.522667,542.10901376,875,542.10901376,152.89098624,0,152.89098624,0,0,180,0,-180,232.758514801067,376.476041866667,284.74,222.1,0.4315,0,1472,720,921.6,1.28,120,K_PREDICTION_NOT_COMMITTED
174,RegionE,143.45,415.505667,558.955667,698.69458375,875,529.6254938799,70.9309101298998,0,70.9309101298998,169.0690898701,0,220,54.4435959902004,-220,227.370216275,112.250551506676,251.63,196.27,0.226,0,1012,560,700,1.25,120,K_PREDICTION_NOT_COMMITTED
174,RegionF,149.404,385.515333,534.919333,679.34755291,875,484.22011450428,54.8725615942802,0,54.8725615942802,195.12743840572,0,220,115.907323901439,-220,243.234242,85,264.87,206.6,0.2671,0,966,540,685.8,1.27,120,K_PREDICTION_NOT_COMMITTED
175,RegionA,57.804,358.006667,415.810667,561.34440045,906.065,515.235325218269,53.890924768269,0,53.890924768269,46.109075231731,0,0,336.938750013462,0,35,35,733.94,0,0.6248,0,630,420,567,1.35,120,K_PREDICTION_NOT_COMMITTED
175,RegionB,6.40000000000003,371.342667,377.742667,509.95260045,906.065,468.454432741442,48.5018322914421,0,48.5018322914421,41.4981677085579,0,0,389.108734967116,0,32,32,703.36,0,0.5845,0,585,410,553.5,1.35,120,K_PREDICTION_NOT_COMMITTED
175,RegionC,33.591,357.976667,391.567667,540.36338046,906.065,501.170666513029,45.8072860530287,0,45.8072860530287,39.1927139469713,0,0,359.087047433943,0,30,30,682.97,0,0.5543,0,540,405,558.9,1.38,120,K_PREDICTION_NOT_COMMITTED
175,RegionD,233.872,365.996,599.868,767.83104,906.065,616.94802,109.11698,0,109.11698,150.88302,0,180,0,-180,376.476041866667,316.806196615054,438.33,341.9,0.4233,0,1472,720,921.6,1.28,120,K_PREDICTION_NOT_COMMITTED
175,RegionE,140.968333333333,419.013333,559.981666333333,699.977082916667,906.065,573.021041458333,113.043958541667,0,113.043958541667,126.956041458333,0,220,0,-220,112.250551506676,82,387.36,302.14,0.2217,0,1012,560,700,1.25,120,K_PREDICTION_NOT_COMMITTED
175,RegionF,149.38,379.066667,528.446667,671.12726709,906.065,671.12726709,-0,0,0,0,0,220,14.9377329100001,-220,85,85,407.74,318.04,0.262,0,966,540,685.8,1.27,120,K_PREDICTION_NOT_COMMITTED
176,RegionA,19.466666666667,364.669333,384.135999666667,518.58359955,929.905,472.47452431827,53.890924768269,0,53.890924768269,46.109075231731,0,0,403.539550913461,0,35,35,734.39,0,0.6126,0,630,420,567,1.35,120,K_PREDICTION_NOT_COMMITTED
176,RegionB,0.611999999999981,369.634667,370.246667,499.83300045,929.905,458.334832741442,48.5018322914421,0,48.5018322914421,41.4981677085579,0,0,423.068334967116,0,32,32,703.79,0,0.5731,0,585,410,553.5,1.35,120,K_PREDICTION_NOT_COMMITTED
176,RegionC,21.982,357.012,378.994,523.01172,929.905,483.819006053029,45.8072860530287,0,45.8072860530287,39.1927139469713,0,0,400.278707893943,0,30,30,683.39,0,0.5435,0,540,405,558.9,1.38,120,K_PREDICTION_NOT_COMMITTED
176,RegionD,233.66,425.69,659.35,843.968,929.905,666.9365,82.9684999999999,0,82.9684999999999,177.0315,0,180,0,-180,316.806196615054,204.440135002151,438.59,342.1,0.415,0,1472,720,921.6,1.28,120,K_PREDICTION_NOT_COMMITTED
176,RegionE,149.757666666667,359.69,509.447666666667,636.809583333333,929.905,636.809583333333,-0,0,0,0,0,220,73.0954166666668,-220,82,82,387.59,302.32,0.2174,0,1012,560,700,1.25,120,K_PREDICTION_NOT_COMMITTED
176,RegionF,145.63,371.678,517.308,656.98116,929.905,656.98116,-0,0,0,0,0,220,52.9238400000002,-220,85,85,407.99,318.23,0.2569,0,966,540,685.8,1.27,120,K_PREDICTION_NOT_COMMITTED
177,RegionA,13.0866666666667,364.26,377.346666666667,509.418,944.89,463.308924768269,53.890924768269,0,53.890924768269,46.109075231731,0,0,427.690150463462,0,35,35,734.83,0,0.6013,0,630,420,567,1.35,120,K_PREDICTION_NOT_COMMITTED
177,RegionB,0.981333333333335,370.504667,371.486000333333,501.50610045,944.89,460.007932741442,48.5018322914421,0,48.5018322914421,41.4981677085579,0,0,436.380234967116,0,32,32,704.21,0,0.5625,0,585,410,553.5,1.35,120,K_PREDICTION_NOT_COMMITTED
177,RegionC,7.074,357.71,364.784,503.40192,944.89,464.209206053029,45.8072860530287,0,45.8072860530287,39.1927139469713,0,0,434.873507893943,0,30,30,683.8,0,0.5334,0,540,405,558.9,1.38,120,K_PREDICTION_NOT_COMMITTED
177,RegionD,221.409333333334,413.445,634.854333333334,812.613546666667,944.89,634.552867149006,81.939320482339,0,81.939320482339,178.060679517661,0,180,48.3978123686547,-180,204.440135002151,90,438.86,342.31,0.4074,0,1472,720,921.6,1.28,120,K_PREDICTION_NOT_COMMITTED
177,RegionE,133.059,332.598333,465.657333,582.07166625,944.89,582.07166625,-0,0,0,0,0,220,142.81833375,-220,82,82,387.83,302.51,0.2134,0,1012,560,700,1.25,120,K_PREDICTION_NOT_COMMITTED
177,RegionF,81.9906666666669,375.437333,457.427999666667,580.933559576667,944.89,580.933559576667,-0,0,0,0,0,220,143.956440423333,-220,85,85,408.24,318.43,0.2522,0,966,540,685.8,1.27,120,K_PREDICTION_NOT_COMMITTED
178,RegionA,0.88,364.965333,365.845333,493.89119955,950,447.782124318269,53.890924768269,0,53.890924768269,46.109075231731,0,0,448.326950913462,0,35,35,735.27,0,0.5917,0,630,420,567,1.35,120,K_PREDICTION_NOT_COMMITTED
178,RegionB,6.34,378.068667,384.408667,518.95170045,950,477.453532741442,48.5018322914421,0,48.5018322914421,41.4981677085579,0,0,424.044634967116,0,32,32,704.63,0,0.5535,0,585,410,553.5,1.35,120,K_PREDICTION_NOT_COMMITTED
178,RegionC,3.55866666666667,359.312667,362.871333666667,500.76244046,950,461.569726513029,45.8072860530287,0,45.8072860530287,39.1927139469713,0,0,442.622987433943,0,30,30,684.21,0,0.5249,0,540,405,558.9,1.38,120,K_PREDICTION_NOT_COMMITTED
178,RegionD,124.044666666667,405.41,529.454666666667,677.701973333334,950,677.701973333334,-0,0,0,0,0,180,92.2980266666665,-180,90,90,439.12,342.51,0.4008,0,1472,720,921.6,1.28,120,K_PREDICTION_NOT_COMMITTED
178,RegionE,156.864,336.890333,493.754333,617.19291625,950,617.19291625,-0,0,0,0,0,220,112.80708375,-220,82,82,388.06,302.69,0.21,0,1012,560,700,1.25,120,K_PREDICTION_NOT_COMMITTED
178,RegionF,138.548,350.863333,489.411333,621.55239291,950,621.55239291,-0,0,0,0,0,220,108.44760709,-220,85,85,408.48,318.61,0.2481,0,966,540,685.8,1.27,120,K_PREDICTION_NOT_COMMITTED
179,RegionA,52.5486666666667,366.046,418.594666666667,565.1028,944.89,518.993724768269,53.890924768269,0,53.890924768269,46.109075231731,0,0,372.005350463462,0,35,35,735.7,0,0.5845,0,630,420,567,1.35,120,K_PREDICTION_NOT_COMMITTED
179,RegionB,43.415,364.677333,408.092333,550.92464955,944.89,509.426481841442,48.5018322914421,0,48.5018322914421,41.4981677085579,0,0,386.961685867116,0,32,32,705.05,0,0.5468,0,585,410,553.5,1.35,120,K_PREDICTION_NOT_COMMITTED
179,RegionC,2.66466666666666,359.978667,362.643333666667,500.44780046,944.89,461.255086513029,45.8072860530287,0,45.8072860530287,39.1927139469713,0,0,437.827627433943,0,30,30,684.61,0,0.5185,0,540,405,558.9,1.38,120,K_PREDICTION_NOT_COMMITTED
179,RegionD,219.941333333333,335.803333,555.744666333333,711.353172906667,944.89,711.353172906667,-0,0,0,0,0,180,53.536827093333,-180,90,90,439.38,342.72,0.3959,0,1472,720,921.6,1.28,120,K_PREDICTION_NOT_COMMITTED
179,RegionE,152.459333333333,304.554,457.013333333333,571.266666666667,944.89,571.266666666667,-0,0,0,0,0,220,153.623333333333,-220,82,82,388.29,302.87,0.2074,0,1012,560,700,1.25,120,K_PREDICTION_NOT_COMMITTED
179,RegionF,132.933333333333,329.413,462.346333333333,587.179843333333,944.89,587.179843333333,-0,0,0,0,0,220,137.710156666667,-220,85,85,408.72,318.8,0.2451,0,966,540,685.8,1.27,120,K_PREDICTION_NOT_COMMITTED
180,RegionA,48.4693333333333,315.633,364.102333333333,491.53815,929.905,445.429074768269,53.890924768269,0,53.890924768269,46.109075231731,0,0,430.585000463462,0,35,35,736.13,0,0.5802,0,630,420,567,1.35,120,K_PREDICTION_NOT_COMMITTED
180,RegionB,62.342,346.758,409.1,552.285,929.905,510.786832291442,48.5018322914421,0,48.5018322914421,41.4981677085579,0,0,370.616335417116,0,32,32,705.45,0,0.5427,0,585,410,553.5,1.35,120,K_PREDICTION_NOT_COMMITTED
180,RegionC,2.41600000000001,336.752667,339.168667,468.05276046,929.905,428.860046513029,45.8072860530287,0,45.8072860530287,39.1927139469713,0,0,455.237667433943,0,30,30,685.01,0,0.5147,0,540,405,558.9,1.38,120,K_PREDICTION_NOT_COMMITTED
180,RegionD,222.792,268.416,491.208,628.74624,929.905,628.74624,-0,0,0,0,0,180,121.15876,-180,90,90,439.63,342.91,0.393,0,1472,720,921.6,1.28,120,K_PREDICTION_NOT_COMMITTED
180,RegionE,151.322666666667,276.638,427.960666666667,534.950833333333,929.905,534.950833333333,-0,0,0,0,0,220,174.954166666667,-220,82,82,388.51,303.04,0.2059,0,1012,560,700,1.25,120,K_PREDICTION_NOT_COMMITTED
180,RegionF,131.706666666667,281.840667,413.547333666667,525.205113756667,929.905,525.205113756667,-0,0,0,0,0,220,184.699886243333,-220,85,85,408.96,318.99,0.2433,0,966,540,685.8,1.27,120,K_PREDICTION_NOT_COMMITTED
181,RegionA,91.0453333333333,317.99,409.035333333333,552.1977,906.065,506.088624768269,53.890924768269,0,53.890924768269,46.109075231731,0,0,346.085450463462,0,35,35,736.55,0,0.5791,0,630,420,567,1.35,120,K_PREDICTION_NOT_COMMITTED
181,RegionB,68.482,341.468667,409.950667,553.43340045,906.065,511.935232741442,48.5018322914421,0,48.5018322914421,41.4981677085579,0,0,345.627934967116,0,32,32,705.86,0,0.5417,0,585,410,553.5,1.35,120,K_PREDICTION_NOT_COMMITTED
181,RegionC,1.85066666666667,326.594,328.444666666667,453.25364,906.065,414.060926053029,45.8072860530287,0,45.8072860530287,39.1927139469713,0,0,446.196787893943,0,30,30,685.4,0,0.5137,0,540,405,558.9,1.38,120,K_PREDICTION_NOT_COMMITTED
181,RegionD,224.210666666667,221.118,445.328666666667,570.020693333333,906.065,570.020693333333,-0,0,0,0,0,180,156.044306666667,-180,90,90,439.88,343.11,0.3923,0,1472,720,921.6,1.28,120,K_PREDICTION_NOT_COMMITTED
181,RegionE,149.937333333333,264.538667,414.476000333333,518.095000416667,906.065,518.095000416667,-0,0,0,0,0,220,167.969999583333,-220,82,82,388.73,303.21,0.2055,0,1012,560,700,1.25,120,K_PREDICTION_NOT_COMMITTED
181,RegionF,130.833333333333,287.548667,418.382000333333,531.345140423333,906.065,531.345140423333,-0,0,0,0,0,220,154.719859576667,-220,85,85,409.19,319.17,0.2428,0,966,540,685.8,1.27,120,K_PREDICTION_NOT_COMMITTED
182,RegionA,88.3266666666665,303.750333,392.076999666666,529.30394955,875,529.30394955,100,0,100,-0,0,0,245.69605045,0,35,128,736.96,0,0.5814,0,630,420,567,1.35,120,K_PREDICTION_NOT_COMMITTED
182,RegionB,40.0769999999998,309.637333,349.714333,472.11434955,875,430.616181841442,48.5018322914421,0,48.5018322914421,41.4981677085579,0,0,395.881985867116,0,32,32,706.25,0,0.5439,0,585,410,553.5,1.35,120,K_PREDICTION_NOT_COMMITTED
182,RegionC,84.2933333333333,315.200333,399.493666333333,551.30125954,875,512.108545593029,45.8072860530287,0,45.8072860530287,39.1927139469713,0,0,317.084168353943,0,30,30,685.78,0,0.5157,0,540,405,558.9,1.38,120,K_PREDICTION_NOT_COMMITTED
182,RegionD,221.22,152.356667,373.576667,478.17813376,875,478.17813376,216.82186624,0,216.82186624,0,0,180,0,-180,90,293.8125542656,440.13,343.3,0.3938,0,1472,720,921.6,1.28,120,K_PREDICTION_NOT_COMMITTED
182,RegionE,147.18,256.735333,403.915333,504.89416625,875,504.89416625,150.10583375,0,150.10583375,0,0,220,0,-220,82,223.099483725,388.95,303.38,0.2063,0,1012,560,700,1.25,120,K_PREDICTION_NOT_COMMITTED
182,RegionF,144.649333333333,249.93,394.579333333333,501.115753333333,875,501.115753333333,153.884246666667,0,153.884246666667,0,0,220,0,-220,85,229.651191866667,409.42,319.35,0.2438,0,966,540,685.8,1.27,120,K_PREDICTION_NOT_COMMITTED
183,RegionA,51.708,278.432333,330.140333,445.68944955,838.825,353.471299086538,7.78184953653805,0,7.78184953653805,92.218150463462,2.8421709430404e-14,0,477.571851376924,2.8421709430404e-14,128,35,737.36,0,0.5869,1.66807012647041e-14,630,420,567,1.35,120,K_PREDICTION_NOT_COMMITTED
183,RegionB,19.6636666666666,267.131,286.794666666667,387.1728,838.825,345.674632291442,48.5018322914421,0,48.5018322914421,41.4981677085579,1.4210854715202e-14,0,444.648535417116,1.4210854715202e-14,32,32,706.64,0,0.5491,7.80318032411742e-15,585,410,553.5,1.35,120,K_PREDICTION_NOT_COMMITTED
183,RegionC,79.5306666666665,277.303,356.833666666666,492.43046,838.825,453.237746053028,45.8072860530287,0,45.8072860530287,39.1927139469713,0,0,339.779967893943,0,30,30,686.16,0,0.5207,0,540,405,558.9,1.38,120,K_PREDICTION_NOT_COMMITTED
183,RegionD,215.490666666667,91.218,306.708666666667,392.587093333334,838.825,170.178772200579,37.5916788672457,0,37.5916788672457,222.408321132754,0,180,451.054548932175,-180,293.8125542656,90,440.37,343.49,0.3976,0,1472,720,921.6,1.28,120,K_PREDICTION_NOT_COMMITTED
183,RegionE,30.6159999999999,225.446667,256.062667,320.07833375,838.825,138.117753308078,58.0394195580781,0,58.0394195580781,181.960580441922,0,220,422.667827133844,-220,223.099483725,82,389.16,303.54,0.2083,0,1012,560,700,1.25,120,K_PREDICTION_NOT_COMMITTED
183,RegionF,60.7946666666663,217.09,277.884666666666,352.913526666666,838.825,164.526156889695,61.6126302230286,0,61.6126302230286,188.387369776971,0,220,392.686212887277,-220,229.651191866667,85,409.65,319.53,0.2461,0,966,540,685.8,1.27,120,K_PREDICTION_NOT_COMMITTED
184,RegionA,4.96533333333359,201.404,206.369333333334,278.5986,800,232.489524768269,53.890924768269,0,53.890924768269,46.109075231731,-1.4210854715202e-14,0,513.619550463462,-1.4210854715202e-14,35,35,737.76,0,0.5954,-8.46114289743127e-15,630,420,567,1.35,120,K_PREDICTION_NOT_COMMITTED
184,RegionB,79.1780000000001,253.036667,332.214667,448.48980045,800,406.991632741442,48.5018322914421,0,48.5018322914421,41.4981677085579,0,0,344.506534967116,0,32,32,707.02,0,0.557,0,585,410,553.5,1.35,120,K_PREDICTION_NOT_COMMITTED
184,RegionC,54.9586666666667,225.099333,280.057999666667,386.48003954,800,347.287325593029,45.8072860530287,0,45.8072860530287,39.1927139469713,-2.1316282072803e-14,0,406.905388353943,-2.1316282072803e-14,30,30,686.53,0,0.5282,-1.12592601908545e-14,540,405,558.9,1.38,120,K_PREDICTION_NOT_COMMITTED
184,RegionD,207.611,64.283333,271.894333,348.02474624,800,226.750602605382,138.725856365383,0,138.725856365383,121.274143634617,0,180,254.523541029235,-180,90,90,440.61,343.68,0.4033,0,1472,720,921.6,1.28,120,K_PREDICTION_NOT_COMMITTED
184,RegionE,9.94,150.066667,160.006667,200.00833375,800,88.0629703949685,128.054636644969,0,128.054636644969,111.945363355031,0,220,363.882392960063,-220,82,82,389.37,303.71,0.2113,0,1012,560,700,1.25,120,K_PREDICTION_NOT_COMMITTED
184,RegionF,8.62399999999989,176.169,184.793,234.68711,800,118.077356505175,133.390246505176,0,133.390246505176,116.609753494824,0,220,328.532396989649,-220,85,85,409.87,319.7,0.2497,0,966,540,685.8,1.27,120,K_PREDICTION_NOT_COMMITTED
185,RegionA,8.16266666666666,200.586667,208.749333666667,281.81160045,761.175,235.702525218269,53.890924768269,0,53.890924768269,46.109075231731,-1.4210854715202e-14,0,471.581550013462,-1.4210854715202e-14,35,35,1070.31,0,0.6062,-8.61462012835545e-15,630,420,567,1.35,120,K_PREDICTION_NOT_COMMITTED
185,RegionB,57.356,236.008333,293.364333,396.04184955,761.175,354.543681841442,48.5018322914421,0,48.5018322914421,41.4981677085579,1.4210854715202e-14,0,358.129485867116,1.4210854715202e-14,32,32,1025.72,0,0.5671,8.05897570899106e-15,585,410,553.5,1.35,120,K_PREDICTION_NOT_COMMITTED
185,RegionC,80.116,192.269333,272.385333,375.89175954,761.175,336.699045593029,45.8072860530287,0,45.8072860530287,39.1927139469713,-2.1316282072803e-14,0,378.668668353943,-2.1316282072803e-14,30,30,995.99,0,0.5378,-1.14638964987535e-14,540,405,558.9,1.38,120,K_PREDICTION_NOT_COMMITTED
185,RegionD,87.8853333333332,50.924667,138.810000333333,177.676800426666,761.175,56.402656792049,138.725856365383,0,138.725856365383,121.274143634617,0,180,386.046486842568,-180,90,90,639.21,498.58,0.4107,0,1472,720,921.6,1.28,120,K_PREDICTION_NOT_COMMITTED
185,RegionE,4.71333333333325,157.416333,162.129666333333,202.662082916667,761.175,90.7167195616351,128.054636644969,0,128.054636644969,111.945363355031,0,220,322.403643793396,-220,82,82,564.89,440.61,0.2151,0,1012,560,700,1.25,120,K_PREDICTION_NOT_COMMITTED
185,RegionF,0.66,184.785,185.445,235.51515,761.175,118.905396505176,133.390246505176,0,133.390246505176,116.609753494824,0,220,288.879356989649,-220,85,85,594.62,463.8,0.2542,0,966,540,685.8,1.27,120,K_PREDICTION_NOT_COMMITTED
186,RegionA,87.3773333333333,208.206333,295.583666333333,399.03794955,725,352.928874318269,53.890924768269,0,53.890924768269,46.109075231731,-1.4210854715202e-14,0,318.180200913462,-1.4210854715202e-14,35,35,1070.86,0,0.6188,-8.793676897767e-15,630,420,567,1.35,120,K_PREDICTION_NOT_COMMITTED
186,RegionB,51.9946666666668,217.238,269.232666666667,363.4641,725,321.965932291442,48.5018322914421,0,48.5018322914421,41.4981677085579,1.4210854715202e-14,0,354.532235417116,1.4210854715202e-14,32,32,1026.24,0,0.5788,8.22524270915892e-15,585,410,553.5,1.35,120,K_PREDICTION_NOT_COMMITTED
186,RegionC,75.5573333333332,158.865333,234.422666333333,323.50327954,725,284.310565593028,45.8072860530287,0,45.8072860530287,39.1927139469713,-2.1316282072803e-14,0,394.882148353943,-2.1316282072803e-14,30,30,996.5,0,0.5489,-1.17005072297616e-14,540,405,558.9,1.38,120,K_PREDICTION_NOT_COMMITTED
186,RegionD,33.5213333333335,94.104667,127.626000333333,163.361280426667,725,42.0871367920494,138.725856365383,0,138.725856365383,121.274143634617,0,180,364.187006842568,-180,90,90,639.54,498.84,0.4192,0,1472,720,921.6,1.28,120,K_PREDICTION_NOT_COMMITTED
186,RegionE,0.907666666666655,156.614,157.521666666667,196.902083333333,725,84.9567199783018,128.054636644969,0,128.054636644969,111.945363355031,0,220,291.98864337673,-220,82,82,565.18,440.84,0.2196,0,1012,560,700,1.25,120,K_PREDICTION_NOT_COMMITTED
186,RegionF,0.66,215.650667,216.310667,274.71454709,725,274.71454709,177.063276387376,0,177.063276387376,0,0,220,53.2221765226239,-220,85,251.439479804134,594.92,464.04,0.2595,0,966,540,685.8,1.27,120,K_PREDICTION_NOT_COMMITTED
187,RegionA,87.344,230.37,317.714,428.9139,693.935,382.804824768269,53.890924768269,0,53.890924768269,46.109075231731,-1.4210854715202e-14,0,257.239250463462,-1.4210854715202e-14,35,35,1071.4,0,0.6321,-8.98268126547919e-15,630,420,567,1.35,120,K_PREDICTION_NOT_COMMITTED
187,RegionB,39.3319999999999,212.242667,251.574667,339.62580045,693.935,298.127632741442,48.5018322914421,0,48.5018322914421,41.4981677085579,1.4210854715202e-14,0,347.305534967116,1.4210854715202e-14,32,32,1026.76,0,0.5913,8.40287839309895e-15,585,410,553.5,1.35,120,K_PREDICTION_NOT_COMMITTED
187,RegionC,73.6,199.581333,273.181333,376.99023954,693.935,337.797525593029,45.8072860530287,0,45.8072860530287,39.1927139469713,-2.1316282072803e-14,0,310.330188353943,-2.1316282072803e-14,30,30,996.99,0,0.5608,-1.19541709864279e-14,540,405,558.9,1.38,120,K_PREDICTION_NOT_COMMITTED
187,RegionD,8.89666666666664,76.571,85.4676666666666,109.398613333333,693.935,-0,150.601386666667,0,150.601386666667,109.398613333333,0,180,363.333613333333,-180,90,113.932385903943,639.86,499.09,0.4282,0,1472,720,921.6,1.28,120,K_PREDICTION_NOT_COMMITTED
187,RegionE,0,170.515,170.515,213.14375,693.935,198.529499737088,225.385749737088,0,225.385749737088,14.6142502629121,0,220,50.0197505258242,-220,82,278.148357158333,565.46,441.06,0.2243,0,1012,560,700,1.25,120,K_PREDICTION_NOT_COMMITTED
187,RegionF,139.822666666667,203.219333,343.041999666667,435.663339576667,693.935,435.663339576667,38.2716604233331,0,38.2716604233331,0,0,220,0,-220,251.439479804134,287.414840602067,595.22,464.27,0.2651,0,966,540,685.8,1.27,120,K_PREDICTION_NOT_COMMITTED
188,RegionA,31.307,237.691333,268.998333,363.14774955,670.095,334.88734860152,71.7395990515197,0,71.7395990515197,28.2604009484803,1.77635683940025e-14,0,263.468052346961,1.77635683940025e-14,35,71,1071.92,0,0.6455,1.14663833983286e-14,630,420,567,1.35,120,K_PREDICTION_NOT_COMMITTED
188,RegionB,7.93333333333323,247.149333,255.082666333333,344.36159955,670.095,321.158322981774,66.7967234317741,0,66.7967234317741,23.2032765682259,2.8421709430404e-14,0,282.139953586452,2.8421709430404e-14,32,68.9,1027.26,0,0.6038,1.71610281540779e-14,585,410,553.5,1.35,120,K_PREDICTION_NOT_COMMITTED
188,RegionC,77.4906666666666,199.765333,277.255999666667,382.61327954,670.095,359.707480876495,62.0942013364949,0,62.0942013364949,22.9057986635051,1.4210854715202e-14,0,248.29331778701,1.4210854715202e-14,30,62.85,997.48,0,0.5726,8.13713540992467e-15,540,405,558.9,1.38,120,K_PREDICTION_NOT_COMMITTED
188,RegionD,1.42,120.948,122.368,156.63104,670.095,113.143193901571,216.512153901571,0,216.512153901571,43.4878460984285,7.105427357601e-15,180,160.439652196857,-180,113.932385903943,270.6926857344,640.17,499.33,0.4373,3.10720338347892e-15,1472,720,921.6,1.28,120,K_PREDICTION_NOT_COMMITTED
188,RegionE,0.4,211.147333,211.547333,264.43416625,670.095,264.43416625,185.66083375,0,185.66083375,0,0,220,0,-220,278.148357158333,452.669540883333,565.73,441.27,0.229,0,1012,560,700,1.25,120,K_PREDICTION_NOT_COMMITTED
188,RegionF,31.6816666666666,202.458333,234.139999666667,297.357799576667,670.095,297.357799576667,152.737200423333,0,152.737200423333,0,0,220,0,-220,287.414840602067,430.987809,595.51,464.5,0.2707,0,966,540,685.8,1.27,120,K_PREDICTION_NOT_COMMITTED
189,RegionA,9.23433333333326,256.834333,266.068666333333,359.19269955,655.11,359.19269955,100,0,100,-0,0,0,195.91730045,0,71,164,1072.42,0,0.658,0,630,420,567,1.35,120,K_PREDICTION_NOT_COMMITTED
189,RegionB,0.963999999999999,268.665667,269.629667,364.00005045,655.11,364.00005045,90,0,90,-0,0,0,201.10994955,0,68.9,152.6,1027.74,0,0.6155,0,585,410,553.5,1.35,120,K_PREDICTION_NOT_COMMITTED
189,RegionC,15.5439999999998,243.256667,258.800667,357.14492046,655.11,357.14492046,85,0,85,-0,0,0,212.96507954,0,62.85,141.9,997.95,0,0.5837,0,540,405,558.9,1.38,120,K_PREDICTION_NOT_COMMITTED
189,RegionD,0.303999999999996,91.066,91.37,116.9536,655.11,116.9536,260,0,260,-0,0,180,98.1564,-180,270.6926857344,515.0926857344,640.48,499.57,0.4457,0,1472,720,921.6,1.28,120,K_PREDICTION_NOT_COMMITTED
189,RegionE,0.88,249.369333,250.249333,312.81166625,655.11,312.81166625,122.29833375,0,122.29833375,0,0,220,0,-220,452.669540883333,567.629974608333,566,441.48,0.2335,0,1012,560,700,1.25,120,K_PREDICTION_NOT_COMMITTED
189,RegionF,0.425,182.725,183.15,232.6005,655.11,232.6005,202.5095,0,202.5095,0,0,220,0,-220,430.987809,621.346739,595.79,464.72,0.2759,0,966,540,685.8,1.27,120,K_PREDICTION_NOT_COMMITTED
190,RegionA,2.85333333333334,257.145,259.998333333333,350.99775,650,350.99775,100,0,100,-0,0,0,199.00225,0,164,257,665.95,0,0.6687,0,630,420,567,1.35,120,K_PREDICTION_NOT_COMMITTED
190,RegionB,1.44,277.585333,279.025333,376.68419955,650,376.68419955,90,0,90,-0,0,0,183.31580045,0,152.6,236.3,638.2,0,0.6256,0,585,410,553.5,1.35,120,K_PREDICTION_NOT_COMMITTED
190,RegionC,2.16,256.926667,259.086667,357.53960046,650,357.53960046,85,0,85,-0,0,0,207.46039954,0,141.9,220.95,619.7,0,0.5932,0,540,405,558.9,1.38,120,K_PREDICTION_NOT_COMMITTED
190,RegionD,0,153.385333,153.385333,196.33322624,650,196.33322624,260,0,260,0,0,180,13.66677376,-180,515.0926857344,759.4926857344,397.72,310.22,0.453,0,1472,720,921.6,1.28,120,K_PREDICTION_NOT_COMMITTED
190,RegionE,0.88,259.285,260.165,325.20625,650,325.20625,104.79375,0,104.79375,0,0,220,0,-220,567.629974608333,666.136099608333,351.47,274.15,0.2373,0,1012,560,700,1.25,120,K_PREDICTION_NOT_COMMITTED
190,RegionF,0,217.473333,217.473333,276.19113291,650,276.19113291,153.80886709,0,153.80886709,0,0,220,0,-220,621.346739,765.9270740646,369.97,288.58,0.2804,0,966,540,685.8,1.27,120,K_PREDICTION_NOT_COMMITTED
191,RegionA,22.276,286.893333,309.169333,417.37859955,655.11,417.37859955,100,0,100,-0,0,0,137.73140045,0,257,350,666.24,0,0.6771,0,630,420,567,1.35,120,K_PREDICTION_NOT_COMMITTED
191,RegionB,75.6546666666667,297.675333,373.329999666667,503.99549955,655.11,503.99549955,90,0,90,-0,0,0,61.1145004499999,0,236.3,320,638.48,0,0.6334,0,585,410,553.5,1.35,120,K_PREDICTION_NOT_COMMITTED
191,RegionC,2.40266666666667,242.076667,244.479333666667,337.38148046,655.11,337.38148046,85,0,85,-0,0,0,232.72851954,0,220.95,300,619.97,0,0.6006,0,540,405,558.9,1.38,120,K_PREDICTION_NOT_COMMITTED
191,RegionD,0.195999999999999,254.205667,254.401667,325.63413376,655.11,325.63413376,149.47586624,0,149.47586624,0,0,180,0,-180,759.4926857344,900,397.89,310.35,0.4586,0,1472,720,921.6,1.28,120,K_PREDICTION_NOT_COMMITTED
191,RegionE,0.82666666666667,216.313333,217.139999666667,271.424999583333,655.11,271.424999583333,163.685000416667,0,163.685000416667,0,0,220,0,-220,666.136099608333,820,351.63,274.27,0.2402,0,1012,560,700,1.25,120,K_PREDICTION_NOT_COMMITTED
191,RegionF,0,272.181667,272.181667,345.67071709,655.11,345.67071709,89.43928291,0,89.43928291,0,0,220,0,-220,765.9270740646,850,370.13,288.7,0.2839,0,966,540,685.8,1.27,120,K_PREDICTION_NOT_COMMITTED
