Hour,Region,AI_IT_Load_MW,NonAI_IT_Load_MW,Total_IT_Load_MW,Facility_Load_MW,AvailableRenewable_MW,RenewableDirectUse_MW,RenewableCharge_MW,GridCharge_MW,ChargePower_MW,DischargePower_MW,GridPurchase_MW,GridSell_MW,RenewableCurtailment_MW,NetGridImport_MW,SOCStart_MWh,SOCEnd_MWh,ElectricityPrice_CNY_per_MWh,SellPrice_CNY_per_MWh,CarbonIntensity_tCO2_per_MWh,CarbonEmission_tCO2,Available_GPU,Max_IT_Power_MW,Max_Facility_Power_MW,PUE,DecisionWindowStart
0,RegionA,1.35833333333333,367.981667,369.340000333333,498.60900045,670.095,398.60900045,0,0,0,100,0,0,271.48599955,0,157.5,48.804347826087,468,0,0.6679,0,630,420,567,1.35,0
0,RegionB,8.09066666666667,325.436667,333.527333666667,450.26190045,670.095,360.26190045,0,0,0,90,0,0,309.83309955,0,144,46.1739130434783,448.5,0,0.6248,0,585,410,553.5,1.35,0
0,RegionC,2.82,337.659333,340.479333,469.86147954,670.095,384.86147954,0,0,0,85,0,0,285.23352046,0,135,42.6086956521739,435.5,0,0.5925,0,540,405,558.9,1.38,0
0,RegionD,0,296.44,296.44,379.4432,670.095,379.4432,110.6518,0,110.6518,0,0,180,0,-180,405,509.012692,279.5,218.01,0.4525,0,1472,720,921.6,1.28,0
0,RegionE,0,346.67,346.67,433.3375,670.095,409.23541625,0,0,0,24.10208375,0,220,40.85958375,-220,370,344.083780913979,247,192.66,0.237,0,1012,560,700,1.25,0
0,RegionF,0,358.41,358.41,455.1807,670.095,455.1807,0,0,0,0,0,214.9143,0,-214.9143,382.5,382.5,260,202.8,0.2801,0,966,540,685.8,1.27,0
1,RegionA,3.02,393.03,396.05,534.6675,693.935,534.6675,100,0,100,0,0,0,59.2674999999999,0,48.804347826087,141.804347826087,468.31,0,0.6703,0,630,420,567,1.35,0
1,RegionB,8.448,381.385333,389.833333,526.27499955,693.935,526.27499955,89.9485741000468,0,89.9485741000468,0,0,0,77.7114263499532,0,46.1739130434783,129.826086956522,448.79,0,0.6271,0,585,410,553.5,1.35,0
1,RegionC,32.2706666666667,357.876,390.146666666667,538.4024,693.935,526.8024,0,0,0,11.6,0,0,167.1326,0,42.6086956521739,30,435.78,0,0.5946,0,540,405,558.9,1.38,0
1,RegionD,0.208,304.584,304.792,390.13376,693.935,260.45195644,0,0,0,129.68180356,0,180,253.48304356,-180,509.012692,369.569892473118,279.68,218.15,0.4541,0,1472,720,921.6,1.28,0
1,RegionE,0,382.138333,382.138333,477.67291625,693.935,473.935,0,0,0,3.73791625000001,0,220,0,-220,344.083780913979,340.064516129032,247.16,192.78,0.2378,0,1012,560,700,1.25,0
1,RegionF,0,314.83,314.83,399.8341,693.935,149.8341,0,0,0,250,0,220,324.1009,-220,382.5,113.682795698925,260.17,202.93,0.2811,0,966,540,685.8,1.27,0
2,RegionA,3.76,395.664,399.424,539.2224,725,440.9624,0,0,0,98.26,0,0,284.0376,0,141.804347826087,35,468.61,0,0.6693,0,630,420,567,1.35,0
2,RegionB,20.4506666666667,361.789333,382.239999666667,516.02399955,725,426.02399955,0,0,0,90,0,0,298.97600045,0,129.826086956522,32,449.08,0,0.6261,0,585,410,553.5,1.35,0
2,RegionC,33.056,357.1,390.156,538.41528,725,538.41528,85,0,85,0,0,0,101.58472,0,30,109.05,436.07,0,0.5937,0,540,405,558.9,1.38,0
2,RegionD,2.3,309.091667,311.391667,398.58133376,725,138.58133376,0,0,0,260,0,180,406.41866624,-180,369.569892473118,90,279.86,218.29,0.4534,0,1472,720,921.6,1.28,0
2,RegionE,0,382.82,382.82,478.525,725,238.525,0,0,0,240,0,220,266.475,-220,340.064516129032,82,247.32,192.91,0.2375,0,1012,560,700,1.25,0
2,RegionF,0,319.95,319.95,406.3365,725,379.6615,0,0,0,26.675,0,220,125.3385,-220,113.682795698925,85,260.34,203.07,0.2807,0,966,540,685.8,1.27,0
3,RegionA,4.535,392.285,396.82,535.707,761.175,535.707,100,0,100,0,0,0,125.468,0,35,128,468.91,0,0.665,0,630,420,567,1.35,0
3,RegionB,16.7586666666667,363.532,380.290666666667,513.3924,761.175,513.3924,0,0,0,0,0,0,247.7826,0,32,32,449.38,0,0.6221,0,585,410,553.5,1.35,0
3,RegionC,33.212,357.1,390.312,538.63056,761.175,465.90456,0,0,0,72.726,0,0,295.27044,0,109.05,30,436.35,0,0.59,0,540,405,558.9,1.38,0
3,RegionD,2.3,310.994333,313.294333,401.01674624,761.175,401.01674624,180.15825376,0,180.15825376,0,0,180,0,-180,90,259.3487585344,280.05,218.44,0.4505,0,1472,720,921.6,1.28,0
3,RegionE,0,390.24,390.24,487.8,761.175,487.8,53.3749999999999,0,53.3749999999999,0,0,220,0,-220,82,132.1725,247.48,193.03,0.236,0,1012,560,700,1.25,0
3,RegionF,0,331.53,331.53,421.0431,761.175,421.0431,120.1319,0,120.1319,0,0,220,0,-220,85,197.923986,260.51,203.2,0.2789,0,966,540,685.8,1.27,0
4,RegionA,3.94666666666667,390.553333,394.499999666667,532.57499955,800,532.57499955,100,0,100,0,0,0,167.42500045,0,128,221,469.22,0,0.6578,0,630,420,567,1.35,0
4,RegionB,15.12,364.354667,379.474667,512.29080045,800,512.29080045,60.757363253857,0,60.757363253857,0,0,0,226.951836296143,0,32,88.504347826087,449.67,0,0.6154,0,585,410,553.5,1.35,0
4,RegionC,39.732,355.5,395.232,545.42016,800,545.42016,0,0,0,0,0,0,254.57984,0,30,30,436.63,0,0.5836,0,540,405,558.9,1.38,0
4,RegionD,0.0383333333333332,357.345667,357.384000333333,457.451520426667,800,457.451520426667,162.548479573333,0,162.548479573333,0,0,180,0,-180,259.3487585344,412.144329333333,280.23,218.58,0.4456,0,1472,720,921.6,1.28,0
4,RegionE,0,376.258333,376.258333,470.32291625,800,423.66249125,0,0,0,46.6604249999999,0,220,156.33750875,-220,132.1725,82,247.64,193.16,0.2334,0,1012,560,700,1.25,0
4,RegionF,0,339.75,339.75,431.4825,800,431.4825,148.5175,0,148.5175,0,0,220,0,-220,197.923986,337.530436,260.68,203.33,0.2759,0,966,540,685.8,1.27,0
5,RegionA,3.992,390.19,394.182,532.1457,838.825,432.1457,0,0,0,100,0,0,406.6793,0,221,112.304347826087,469.52,0,0.6483,0,630,420,567,1.35,0
5,RegionB,5.74933333333334,376.153333,381.902666333333,515.56859955,838.825,515.56859955,0,0,0,0,0,0,323.25640045,0,88.504347826087,88.504347826087,449.96,0,0.6064,0,585,410,553.5,1.35,0
5,RegionC,31.966,362.527333,394.493333,544.40079954,838.825,544.40079954,85,0,85,0,0,0,209.42420046,0,30,109.05,436.91,0,0.5751,0,540,405,558.9,1.38,0
5,RegionD,15.12,359.761333,374.881333,479.84810624,838.825,479.84810624,178.97689376,0,178.97689376,0,0,180,0,-180,412.144329333333,580.382609467733,280.41,218.72,0.4391,0,1472,720,921.6,1.28,0
5,RegionE,0.24,402.854,403.094,503.8675,838.825,503.8675,114.9575,0,114.9575,0,0,220,0,-220,82,190.06005,247.8,193.28,0.23,0,1012,560,700,1.25,0
5,RegionF,0,374.923333,374.923333,476.15263291,838.825,476.15263291,142.67236709,0,142.67236709,0,0,220,0,-220,337.530436,471.6424610646,260.84,203.46,0.2719,0,966,540,685.8,1.27,0
6,RegionA,4.732,392.482667,397.214667,536.23980045,875,536.23980045,100,0,100,0,0,0,238.76019955,0,112.304347826087,205.304347826087,469.82,0,0.637,0,630,420,567,1.35,0
6,RegionB,4.43866666666667,379.895,384.333666666667,518.85045,875,518.85045,90,0,90,0,0,0,266.14955,0,88.504347826087,172.204347826087,450.24,0,0.5959,0,585,410,553.5,1.35,0
6,RegionC,19.5613333333333,356.012,375.573333333333,518.2912,875,445.5652,0,0,0,72.726,0,0,429.4348,0,109.05,30,437.19,0,0.5651,0,540,405,558.9,1.38,0
6,RegionD,15.12,376.36,391.48,501.0944,875,501.0944,193.9056,0,193.9056,0,0,180,0,-180,580.382609467733,762.653873467733,280.59,218.86,0.4315,0,1472,720,921.6,1.28,0
6,RegionE,10.8,438.076667,448.876667,561.09583375,875,460.59998725,0,0,0,100.4958465,0,220,194.40001275,-220,190.06005,82,247.96,193.41,0.226,0,1012,560,700,1.25,0
6,RegionF,116.232333333333,408.834667,525.067000333333,666.835090423333,875,655,0,0,0,11.8350904233333,0,220,0,-220,471.6424610646,458.916557383596,261.01,203.59,0.2671,0,966,540,685.8,1.27,0
7,RegionA,3.852,391.310667,395.162667,533.46960045,906.065,533.46960045,100,0,100,0,0,0,272.59539955,0,205.304347826087,298.304347826087,723.26,0,0.6248,0,630,420,567,1.35,0
7,RegionB,5.09066666666667,378.021333,383.111999666667,517.20119955,906.065,517.20119955,90,0,90,0,0,0,298.86380045,0,172.204347826087,255.904347826087,693.12,0,0.5845,0,585,410,553.5,1.35,0
7,RegionC,6.44266666666667,352.289333,358.731999666667,495.05015954,906.065,495.05015954,0,0,0,0,0,0,411.01484046,0,30,30,673.03,0,0.5543,0,540,405,558.9,1.38,0
7,RegionD,20.076,367.372333,387.448333,495.93386624,906.065,235.93386624,0,0,0,260,0,180,490.13113376,-180,762.653873467733,483.083980994615,431.95,336.92,0.4233,0,1472,720,921.6,1.28,0
7,RegionE,111.32,428.322667,539.642667,674.55333375,906.065,674.55333375,11.51166625,0,11.51166625,0,0,220,0,-220,82,92.820966275,381.72,297.74,0.2217,0,1012,560,700,1.25,0
7,RegionF,80.568,371.44,452.008,574.05016,906.065,574.05016,0,0,0,0,0,220,112.01484,-220,458.916557383596,458.916557383596,401.81,313.41,0.262,0,966,540,685.8,1.27,0
8,RegionA,5.96266666666667,379.82,385.782666666667,520.8066,929.905,420.8066,0,0,0,100,0,0,509.0984,0,298.304347826087,189.608695652174,723.71,0,0.6126,0,630,420,567,1.35,0
8,RegionB,0.912,377.305333,378.217333,510.59339955,929.905,420.59339955,0,0,0,90,0,0,509.31160045,0,255.904347826087,158.078260869565,693.56,0,0.5731,0,585,410,553.5,1.35,0
8,RegionC,4.9,351.746667,356.646667,492.17240046,929.905,492.17240046,85,0,85,0,0,0,352.73259954,0,30,109.05,673.45,0,0.5435,0,540,405,558.9,1.38,0
8,RegionD,138.408,363.737333,502.145333,642.74602624,929.905,642.74602624,107.15897376,0,107.15897376,0,0,180,0,-180,483.083980994615,583.813416329015,432.22,337.13,0.415,0,1472,720,921.6,1.28,0
8,RegionE,99.014,394.935667,493.949667,617.43708375,929.905,617.43708375,92.4679162499999,0,92.4679162499999,0,0,220,0,-220,92.820966275,179.74080755,381.96,297.93,0.2174,0,1012,560,700,1.25,0
8,RegionF,70.2,349.92,420.12,533.5524,929.905,283.5524,0,0,0,250,0,220,426.3526,-220,458.916557383596,190.099353082521,402.06,313.61,0.2569,0,966,540,685.8,1.27,0
9,RegionA,6.64,381.911333,388.551333,524.54429955,944.89,524.54429955,100,0,100,0,0,0,320.34570045,0,189.608695652174,282.608695652174,724.16,0,0.6013,0,630,420,567,1.35,0
9,RegionB,10.6786666666667,376.248,386.926666666667,522.351,944.89,522.351,90,0,90,0,0,0,332.539,0,158.078260869565,241.778260869565,693.99,0,0.5625,0,585,410,553.5,1.35,0
9,RegionC,21.157,359.160667,380.317667,524.83838046,944.89,524.83838046,85,0,85,0,0,0,335.05161954,0,109.05,188.1,673.87,0,0.5334,0,540,405,558.9,1.38,0
9,RegionD,187.346,344.891333,532.237333,681.26378624,944.89,681.26378624,83.6262137599999,0,83.6262137599999,0,0,180,0,-180,583.813416329015,662.422057263415,432.48,337.33,0.4074,0,1472,720,921.6,1.28,0
9,RegionE,82.0433333333333,413.19,495.233333333333,619.041666666667,944.89,619.041666666667,0,0,0,0,0,220,105.848333333333,-220,179.74080755,179.74080755,382.2,298.12,0.2134,0,1012,560,700,1.25,0
9,RegionF,129.562,402.599333,532.161333,675.84489291,944.89,578.102494543255,0,0,0,97.7423983667446,0,220,146.787505456745,-220,190.099353082521,85,402.31,313.8,0.2522,0,966,540,685.8,1.27,0
10,RegionA,7.296,374.416667,381.712667,515.31210045,950,415.31210045,0,0,0,100,0,0,534.68789955,0,282.608695652174,173.913043478261,724.61,0,0.5917,0,630,420,567,1.35,0
10,RegionB,0.85333333333334,378.72,379.573333333333,512.424,950,422.424,0,0,0,90,0,0,527.576,0,241.778260869565,143.952173913043,694.41,0,0.5535,0,585,410,553.5,1.35,0
10,RegionC,22.1596666666667,365.219667,387.379333666667,534.58348046,950,449.58348046,0,0,0,85,0,0,500.41651954,0,188.1,95.7086956521739,674.29,0,0.5249,0,540,405,558.9,1.38,0
10,RegionD,133.057666666667,347.351333,480.408999666667,614.923519573333,950,354.923519573333,0,0,0,260,0,180,415.076480426667,-180,662.422057263415,382.852164790297,432.75,337.55,0.4008,0,1472,720,921.6,1.28,0
10,RegionE,94.92,340.493333,435.413333,544.26666625,950,453.3677152285,0,0,0,90.8989510214999,0,220,276.6322847715,-220,179.74080755,82,382.43,298.3,0.21,0,1012,560,700,1.25,0
10,RegionF,137.685333333333,352.333333,490.018666333333,622.323706243333,950,622.323706243333,107.676293756667,0,107.676293756667,0,0,220,0,-220,85,186.215716131267,402.56,314,0.2481,0,966,540,685.8,1.27,0
11,RegionA,7.79466666666667,355.858,363.652666666667,490.9311,944.89,490.9311,100,0,100,0,0,0,353.9589,0,173.913043478261,266.913043478261,725.04,0,0.5845,0,630,420,567,1.35,0
11,RegionB,8.48,380.863333,389.343333,525.61349955,944.89,435.61349955,0,0,0,90,0,0,509.27650045,0,143.952173913043,46.1260869565217,694.83,0,0.5468,0,585,410,553.5,1.35,0
11,RegionC,21.33,359.438,380.768,525.45984,944.89,465.00784,0,0,0,60.452,0,0,479.88216,0,95.7086956521739,30,674.69,0,0.5185,0,540,405,558.9,1.38,0
11,RegionD,82.3766666666667,304.246,386.622666666667,494.877013333333,944.89,494.877013333333,0,0,0,0,0,180,270.012986666667,-180,382.852164790297,382.852164790297,433.01,337.75,0.3959,0,1472,720,921.6,1.28,0
11,RegionE,103.5,296.71,400.21,500.2625,944.89,500.2625,0,0,0,0,0,220,224.6275,-220,82,82,382.66,298.47,0.2074,0,1012,560,700,1.25,0
11,RegionF,126.930666666667,311.191333,438.121999666667,556.414939576667,944.89,462.284323574589,0,0,0,94.130616002078,0,220,262.605676425411,-220,186.215716131267,85,402.8,314.18,0.2451,0,966,540,685.8,1.27,0
12,RegionA,6.86133333333333,331.547333,338.408666333333,456.85169955,929.905,356.85169955,0,0,0,100,0,0,573.05330045,0,266.913043478261,158.217391304348,725.48,0,0.5802,0,630,420,567,1.35,0
12,RegionB,32.796,331.360333,364.156333,491.61104955,929.905,491.61104955,90,0,90,0,0,0,348.29395045,0,46.1260869565217,129.826086956522,695.25,0,0.5427,0,585,410,553.5,1.35,0
12,RegionC,17.5066666666667,331.413333,348.919999666667,481.50959954,929.905,481.50959954,0,0,0,0,0,0,448.39540046,0,30,30,675.1,0,0.5147,0,540,405,558.9,1.38,0
12,RegionD,175.876666666667,271.27,447.146666666667,572.347733333333,929.905,312.347733333333,0,0,0,260,0,180,437.557266666667,-180,382.852164790297,103.282272317178,433.27,337.95,0.393,0,1472,720,921.6,1.28,0
12,RegionE,146.229333333333,285.225333,431.454666333333,539.318332916667,929.905,539.318332916667,0,0,0,-0,0,220,170.586667083333,-220,82,82,382.89,298.65,0.2059,0,1012,560,700,1.25,0
12,RegionF,107.76,335.506667,443.266667,562.94866709,929.905,562.94866709,0,0,0,0,0,220,146.95633291,-220,85,85,403.04,314.37,0.2433,0,966,540,685.8,1.27,0
13,RegionA,4.764,315.802,320.566,432.7641,906.065,432.7641,100,0,100,0,-0,0,373.3009,-0,158.217391304348,251.217391304348,725.9,0,0.5791,-0,630,420,567,1.35,0
13,RegionB,33.68,303.576333,337.256333,455.29604955,906.065,365.29604955,0,0,0,90,0,0,540.76895045,0,129.826086956522,32,695.66,0,0.5417,0,585,410,553.5,1.35,0
13,RegionC,18.356,318.768667,337.124667,465.23204046,906.065,465.23204046,85,0,85,0,0,0,355.83295954,0,30,109.05,675.49,0,0.5137,0,540,405,558.9,1.38,0
13,RegionD,183.34,289.992,473.332,605.86496,906.065,593.512446745024,0,0,0,12.3525132549759,0,180,132.552553254976,-180,103.282272317178,90,433.53,338.15,0.3923,0,1472,720,921.6,1.28,0
13,RegionE,37.349,239.157333,276.506333,345.63291625,906.065,345.63291625,0,0,0,0,0,220,340.43208375,-220,82,82,383.12,298.83,0.2055,0,1012,560,700,1.25,0
13,RegionF,126.668,282.996,409.664,520.27328,906.065,520.27328,0,0,0,0,0,220,165.79172,-220,85,85,403.28,314.56,0.2428,0,966,540,685.8,1.27,0
14,RegionA,6.11866666666667,306.239333,312.357999666667,421.68329955,875,321.68329955,0,0,0,100,0,0,553.31670045,0,251.217391304348,142.521739130435,726.32,0,0.5814,0,630,420,567,1.35,0
14,RegionB,30.83,287.683333,318.513333,429.99299955,875,429.99299955,0,0,0,0,-0,0,445.00700045,-0,32,32,696.06,0,0.5439,-0,585,410,553.5,1.35,0
14,RegionC,8.82133333333333,295.744,304.565333333333,420.30016,875,420.30016,0,0,0,0,0,0,454.69984,0,109.05,109.05,675.88,0,0.5157,0,540,405,558.9,1.38,0
14,RegionD,150.688666666667,209.709333,360.397999666667,461.309439573333,875,461.309439573333,233.690560426667,0,233.690560426667,0,0,180,0,-180,90,309.669126801067,433.78,338.35,0.3938,0,1472,720,921.6,1.28,0
14,RegionE,12.0033333333333,212.674,224.677333333333,280.846666666667,875,280.846666666667,213.082269348261,0,213.082269348261,0,0,220,161.071063985072,-220,82,282.297333187366,383.34,299.01,0.2063,0,1012,560,700,1.25,0
14,RegionF,148.327333333333,246.254,394.581333333333,501.118293333333,875,501.118293333333,0,0,0,0,0,220,153.881706666667,-220,85,85,403.51,314.74,0.2438,0,966,540,685.8,1.27,0
15,RegionA,9.18266666666667,274.162,283.344666666667,382.5153,838.825,382.5153,100,0,100,0,-0,0,356.3097,-0,142.521739130435,235.521739130435,726.74,0,0.5869,-0,630,420,567,1.35,0
15,RegionB,25.276,236.227333,261.503333,353.02949955,838.825,353.02949955,90,0,90,0,-0,0,395.79550045,-0,32,115.7,696.45,0,0.5491,-0,585,410,553.5,1.35,0
15,RegionC,0.601666666666666,266.480667,267.082333666667,368.57362046,838.825,295.84762046,0,0,0,72.726,0,0,542.97737954,0,109.05,30,676.27,0,0.5207,0,540,405,558.9,1.38,0
15,RegionD,71.7426666666667,204.339333,276.081999666667,353.384959573333,838.825,353.384959573333,260,0,260,0,0,180,45.4400404266667,-180,309.669126801067,554.069126801067,434.02,338.54,0.3976,0,1472,720,921.6,1.28,0
15,RegionE,40.37,220.633333,261.003333,326.25416625,838.825,326.25416625,240,0,240,0,0,220,52.57083375,-220,282.297333187366,507.897333187366,383.55,299.17,0.2083,0,1012,560,700,1.25,0
15,RegionF,141.537333333333,177.93,319.467333333333,405.723513333333,838.825,405.723513333333,0,0,0,0,0,220,213.101486666667,-220,85,85,403.74,314.92,0.2461,0,966,540,685.8,1.27,0
16,RegionA,8.04666666666667,229.189333,237.235999666667,320.26859955,800,220.26859955,0,0,0,100,0,0,579.73140045,0,235.521739130435,126.826086956522,727.14,0,0.5954,0,630,420,567,1.35,0
16,RegionB,24.19,197.768,221.958,299.6433,800,299.6433,0,0,0,0,-0,0,500.3567,-0,115.7,115.7,696.84,0,0.557,-0,585,410,553.5,1.35,0
16,RegionC,0.08,238.387667,238.467667,329.08538046,800,329.08538046,0,0,0,0,0,0,470.91461954,0,30,30,676.64,0,0.5282,0,540,405,558.9,1.38,0
16,RegionD,15.9493333333333,186.41,202.359333333333,259.019946666667,800,0,0,0,0,259.019946666667,0,180,620,-180,554.069126801067,275.553055116479,434.26,338.72,0.4033,0,1472,720,921.6,1.28,0
16,RegionE,44.7693333333333,227.071333,271.840666333333,339.800832916667,800,339.800832916667,240,0,240,0,0,220,0.199167083333293,-220,507.897333187366,733.497333187366,383.77,299.34,0.2113,0,1012,560,700,1.25,0
16,RegionF,127.104,162.106667,289.210667,367.29754709,800,367.29754709,0,0,0,0,0,220,212.70245291,-220,85,85,403.97,315.1,0.2497,0,966,540,685.8,1.27,0
17,RegionA,21.46,217.430333,238.890333,322.50194955,761.175,322.50194955,100,0,100,0,-0,0,338.67305045,-0,126.826086956522,219.826086956522,1054.92,0,0.6062,-0,630,420,567,1.35,0
17,RegionB,2.92,212.509667,215.429667,290.83005045,761.175,290.83005045,0,0,0,0,-0,0,470.34494955,-0,115.7,115.7,1010.97,0,0.5671,-0,585,410,553.5,1.35,0
17,RegionC,27.6,256.505,284.105,392.0649,761.175,392.0649,85,0,85,0,-0,0,284.1101,-0,30,109.05,981.67,0,0.5378,-0,540,405,558.9,1.38,0
17,RegionD,42.336,167.765333,210.101333,268.92970624,761.175,268.92970624,260,0,260,0,0,180,52.2452937599999,-180,275.553055116479,519.953055116479,630.02,491.42,0.4107,0,1472,720,921.6,1.28,0
17,RegionE,152.22,219.966,372.186,465.2325,761.175,465.2325,0,0,0,0,0,220,75.9424999999999,-220,733.497333187366,733.497333187366,556.77,434.28,0.2151,0,1012,560,700,1.25,0
17,RegionF,102.433333333333,160.028667,262.462000333333,333.326740423333,761.175,333.326740423333,0,0,0,0,0,220,207.848259576667,-220,85,85,586.07,457.13,0.2542,0,966,540,685.8,1.27,0
18,RegionA,29.968,204.150333,234.118333,316.05974955,725,216.05974955,0,0,0,100,0,0,508.94025045,0,219.826086956522,111.130434782609,1055.49,0,0.6188,0,630,420,567,1.35,0
18,RegionB,0.113333333333333,158.044667,158.158000333333,213.51330045,725,213.51330045,0,0,0,0,-0,0,511.48669955,-0,115.7,115.7,1011.51,0,0.5788,-0,585,410,553.5,1.35,0
18,RegionC,29.1746666666666,193.717,222.891666666667,307.5905,725,234.8645,0,0,0,72.726,0,0,490.1355,0,109.05,30,982.19,0,0.5489,0,540,405,558.9,1.38,0
18,RegionD,49.529,128.204,177.733,227.49824,725,0,0,0,0,227.49824,0,180,545,-180,519.953055116479,275.331291675619,630.36,491.68,0.4192,0,1472,720,921.6,1.28,0
18,RegionE,87.2403333333334,192.447333,279.687666333333,349.609582916667,725,349.609582916667,0,0,0,0,0,220,155.390417083333,-220,733.497333187366,733.497333187366,557.06,434.51,0.2196,0,1012,560,700,1.25,0
18,RegionF,86.3533333333333,159.312667,245.666000333333,311.995820423333,725,311.995820423333,193.004179576667,0,193.004179576667,0,0,220,0,-220,85,266.423928802067,586.38,457.38,0.2595,0,966,540,685.8,1.27,0
19,RegionA,69.816,227.419333,297.235333,401.26769955,693.935,401.26769955,100,0,100,0,-0,0,192.66730045,-0,111.130434782609,204.130434782609,1056.03,0,0.6321,-0,630,420,567,1.35,0
19,RegionB,0.48,178.952333,179.432333,242.23364955,693.935,242.23364955,90,0,90,0,-0,0,361.70135045,-0,115.7,199.4,1012.03,0,0.5913,-0,585,410,553.5,1.35,0
19,RegionC,4.264,207.644,211.908,292.43304,693.935,292.43304,85,0,85,0,-0,0,316.50196,-0,30,109.05,982.7,0,0.5608,-0,540,405,558.9,1.38,0
19,RegionD,42.3406666666667,142.655667,184.996333666667,236.795307093333,693.935,236.795307093333,260,0,260,0,-0,180,17.1396929066666,-180,275.331291675619,519.731291675619,630.69,491.94,0.4282,-0,1472,720,921.6,1.28,0
19,RegionE,45.4533333333333,244.270667,289.724000333333,362.155000416667,693.935,362.155000416667,0,0,0,0,0,220,111.779999583333,-220,733.497333187366,733.497333187366,557.35,434.73,0.2243,0,1012,560,700,1.25,0
19,RegionF,91.797,137.827,229.624,291.62248,693.935,291.62248,182.31252,0,182.31252,0,0,220,0,-220,266.423928802067,437.797697602067,586.68,457.61,0.2651,0,966,540,685.8,1.27,0
20,RegionA,68.0396666666666,187.096333,255.135999666667,344.43359955,670.095,344.43359955,100,0,100,0,-0,0,225.66140045,-0,204.130434782609,297.130434782609,1056.56,0,0.6455,-0,630,420,567,1.35,0
20,RegionB,18.2826666666667,204.582,222.864666666667,300.8673,670.095,300.8673,90,0,90,0,-0,0,279.2277,-0,199.4,283.1,1012.54,0,0.6038,-0,585,410,553.5,1.35,0
20,RegionC,8.98,236.909333,245.889333,339.32727954,670.095,339.32727954,85,0,85,0,-0,0,245.76772046,-0,109.05,188.1,983.19,0,0.5726,-0,540,405,558.9,1.38,0
20,RegionD,21.196,132.850667,154.046667,197.17973376,670.095,57.5296325016746,0,0,0,139.650101258325,0,180,432.565367498325,-180,519.731291675619,369.569892473118,631,492.18,0.4373,0,1472,720,921.6,1.28,0
20,RegionE,29.152,204.61,233.762,292.2025,670.095,52.2025,0,0,0,240,0,220,397.8925,-220,733.497333187366,475.432817058333,557.63,434.95,0.229,0,1012,560,700,1.25,0
20,RegionF,80.4746666666667,165.202,245.676666666667,312.009366666667,670.095,312.009366666667,138.085633333333,0,138.085633333333,0,0,220,0,-220,437.797697602067,567.5981929354,586.98,457.84,0.2707,0,966,540,685.8,1.27,0
21,RegionA,59.9683333333333,212.461,272.429333333333,367.7796,655.11,326.6196,0,0,0,41.1600000000002,0,0,328.4904,0,297.130434782609,252.391304347826,1057.08,0,0.658,0,630,420,567,1.35,0
21,RegionB,46.2,219.931,266.131,359.27685,655.11,359.27685,39.6774193548387,0,39.6774193548387,0,-0,0,256.155730645161,-0,283.1,320,1013.04,0,0.6155,-0,585,410,553.5,1.35,0
21,RegionC,11.06,252.873333,263.933333,364.22799954,655.11,279.22799954,0,0,0,85,0,0,375.88200046,0,188.1,95.7086956521739,983.67,0,0.5837,0,540,405,558.9,1.38,0
21,RegionD,57.54,150.805,208.345,266.6816,655.11,266.6816,0,0,0,0,0,180,208.4284,-180,369.569892473118,369.569892473118,631.31,492.42,0.4457,0,1472,720,921.6,1.28,0
21,RegionE,27.3013333333334,175.528,202.829333333333,253.536666666667,655.11,253.536666666667,181.573333333333,0,181.573333333333,0,0,220,0,-220,475.432817058333,646.111750391667,557.9,435.16,0.2335,0,1012,560,700,1.25,0
21,RegionF,91.587,136.434333,228.021333,289.58709291,655.11,289.58709291,145.52290709,0,145.52290709,0,0,220,0,-220,567.5981929354,704.3897256,587.27,458.07,0.2759,0,966,540,685.8,1.27,0
22,RegionA,57.8543333333333,220.847333,278.701666333333,376.24724955,650,276.24724955,0,0,0,100,0,0,373.75275045,0,252.391304347826,143.695652173913,656.43,0,0.6687,0,630,420,567,1.35,0
22,RegionB,37.5266666666667,275.023333,312.549999666667,421.94249955,650,421.94249955,0,0,0,0,-0,0,228.05750045,-0,320,320,629.08,0,0.6256,-0,585,410,553.5,1.35,0
22,RegionC,12.7903333333333,283.544667,296.335000333333,408.94230046,650,408.94230046,85,0,85,0,-0,0,156.05769954,-0,95.7086956521739,174.758695652174,610.85,0,0.5932,-0,540,405,558.9,1.38,0
22,RegionD,57.4866666666667,176.678667,234.165333666667,299.731627093333,650,39.7316270933333,0,0,0,260,0,180,430.268372906667,-180,369.569892473118,90,392.04,305.79,0.453,0,1472,720,921.6,1.28,0
22,RegionE,18.768,235.15,253.918,317.3975,650,317.3975,112.6025,0,112.6025,0,0,220,0,-220,646.111750391667,751.958100391667,346.45,270.23,0.2373,0,1012,560,700,1.25,0
22,RegionF,81.744,211.309333,293.053333,372.17773291,650,372.17773291,57.82226709,0,57.82226709,0,0,220,0,-220,704.3897256,758.7426566646,364.68,284.45,0.2804,0,966,540,685.8,1.27,0
23,RegionA,60.476,221.735333,282.211333,380.98529955,655.11,280.98529955,0,0,0,100,0,0,374.12470045,0,143.695652173913,35,656.73,0,0.6771,0,630,420,567,1.35,0
23,RegionB,66.688,292.435667,359.123667,484.81695045,655.11,394.81695045,0,0,0,90,0,0,260.29304955,0,320,222.173913043478,629.37,0,0.6334,0,585,410,553.5,1.35,0
23,RegionC,12.96,326.044667,339.004667,467.82644046,655.11,467.82644046,85,0,85,0,0,0,102.28355954,0,174.758695652174,253.808695652174,611.13,0,0.6006,0,540,405,558.9,1.38,0
23,RegionD,63.9,244.746667,308.646667,395.06773376,655.11,395.06773376,80.04226624,0,80.04226624,0,0,180,0,-180,90,165.2397302656,392.22,305.93,0.4586,0,1472,720,921.6,1.28,0
23,RegionE,3.15733333333332,287.022667,290.180000333333,362.725000416667,655.11,362.725000416667,72.3849995833334,0,72.3849995833334,0,0,220,0,-220,751.958100391667,820,346.61,270.36,0.2402,0,1012,560,700,1.25,0
23,RegionF,52.759,240.361,293.12,372.2624,655.11,372.2624,62.8476000000001,0,62.8476000000001,0,0,220,0,-220,758.7426566646,817.8194006646,364.85,284.58,0.2839,0,966,540,685.8,1.27,0
24,RegionA,54.2173333333333,297.296667,351.514000333333,474.54390045,670.095,474.54390045,100,0,100,0,0,0,95.5510995499999,0,35,128,474.52,0,0.6825,0,630,420,567,1.35,24
24,RegionB,66.468,327.626,394.094,532.0269,670.095,447.0669,0,0,0,84.96,0,0,223.0281,0,222.173913043478,129.826086956522,454.75,0,0.6384,0,585,410,553.5,1.35,24
24,RegionC,4.64,337.84,342.48,472.6224,670.095,387.6224,0,0,0,85,0,0,282.4726,0,253.808695652174,161.417391304348,441.56,0,0.6054,0,540,405,558.9,1.38,24
24,RegionD,81.5,274.789,356.289,456.04992,670.095,386.076970852992,0,0,0,69.972949147008,0,180,104.018029147008,-180,165.2397302656,90,283.39,221.04,0.4623,0,1472,720,921.6,1.28,24
24,RegionE,28.52,275.55,304.07,380.0875,670.095,140.0875,0,0,0,240,0,220,310.0075,-220,820,561.935483870968,250.44,195.34,0.2422,0,1012,560,700,1.25,24
24,RegionF,31.22,267.935667,299.155667,379.92769709,670.095,198.405654471922,0,0,0,181.522042618078,0,220,251.689345528078,-220,817.8194006646,622.634408602151,263.62,205.62,0.2862,0,966,540,685.8,1.27,24
25,RegionA,30.6973333333333,345.349333,376.046666333333,507.66299955,693.935,422.10299955,0,0,0,85.56,0,0,271.83200045,0,128,35,474.72,0,0.6846,0,630,420,567,1.35,24
25,RegionB,42.7026666666666,365.876333,408.578999666667,551.58164955,693.935,461.58164955,0,0,0,90,0,0,232.35335045,0,129.826086956522,32,454.94,0,0.6404,0,585,410,553.5,1.35,24
25,RegionC,4.56,384.88,389.44,537.4272,693.935,452.4272,0,0,0,85,0,0,241.5078,0,161.417391304348,69.0260869565218,441.75,0,0.6073,0,540,405,558.9,1.38,24
25,RegionD,67.3346666666666,312.02,379.354666666667,485.573973333333,693.935,485.573973333333,28.3610266666667,0,28.3610266666667,0,0,180,0,-180,90,116.659365066667,283.51,221.14,0.4637,0,1472,720,921.6,1.28,24
25,RegionE,33.8906666666667,322.796,356.686666666667,445.858333333333,693.935,205.858333333333,0,0,0,240,0,220,268.076666666667,-220,561.935483870968,303.870967741935,250.55,195.43,0.2429,0,1012,560,700,1.25,24
25,RegionF,13.8053333333334,328.328,342.133333333333,434.509333333333,693.935,434.509333333333,0,0,0,0,0,220,39.4256666666666,-220,622.634408602151,622.634408602151,263.73,205.71,0.2871,0,966,540,685.8,1.27,24
26,RegionA,19.4833333333333,392.358667,411.842000333333,555.98670045,725,555.98670045,100,0,100,0,0,0,69.0132995499999,0,35,128,474.91,0,0.6833,0,630,420,567,1.35,24
26,RegionB,25.4813333333334,383.777667,409.259000333333,552.49965045,725,552.49965045,90,0,90,0,0,0,82.5003495499999,0,32,115.7,455.13,0,0.6392,0,585,410,553.5,1.35,24
26,RegionC,4.35733333333333,371.44,375.797333333333,518.60032,725,482.69632,0,0,0,35.904,0,0,242.30368,0,69.0260869565218,30,441.93,0,0.6061,0,540,405,558.9,1.38,24
26,RegionD,29.829,366.438333,396.267333,507.22218624,725,507.22218624,37.7778137600001,0,37.7778137600001,0,0,180,0,-180,116.659365066667,152.170510001067,283.63,221.23,0.4629,0,1472,720,921.6,1.28,24
26,RegionE,28.5273333333333,386.19,414.717333333333,518.396666666667,725,312.056666666667,0,0,0,206.34,0,220,192.943333333333,-220,303.870967741935,82,250.65,195.51,0.2425,0,1012,560,700,1.25,24
26,RegionF,2.88,340.716,343.596,436.36692,725,186.36692,0,0,0,250,0,220,318.63308,-220,622.634408602151,353.817204301075,263.84,205.8,0.2865,0,966,540,685.8,1.27,24
27,RegionA,17.8746666666667,397.85,415.724666666667,561.2283,761.175,561.2283,33.7540906965872,0,33.7540906965872,0,0,0,166.192609303413,0,128,159.391304347826,475.1,0,0.6787,0,630,420,567,1.35,24
27,RegionB,12.7106666666667,387.552,400.262666666667,540.3546,761.175,463.3506,0,0,0,77.004,0,0,297.8244,0,115.7,32,455.31,0,0.6349,0,585,410,553.5,1.35,24
27,RegionC,10.9333333333333,363.676,374.609333333333,516.96088,761.175,516.96088,85,0,85,0,0,0,159.21412,0,30,109.05,442.11,0,0.6021,0,540,405,558.9,1.38,24
27,RegionD,13.2853333333333,342.975333,356.260666333333,456.013652906667,761.175,398.195078605674,0,0,0,57.8185743009921,0,180,182.979921394325,-180,152.170510001067,90,283.74,221.32,0.4598,0,1472,720,921.6,1.28,24
27,RegionE,26.38,391.1,417.48,521.85,761.175,521.85,19.3249999999999,0,19.3249999999999,0,0,220,0,-220,82,100.1655,250.75,195.59,0.2408,0,1012,560,700,1.25,24
27,RegionF,3.44,334.62,338.06,429.3362,761.175,179.3362,0,0,0,250,0,220,361.8388,-220,353.817204301075,85,263.94,205.87,0.2846,0,966,540,685.8,1.27,24
28,RegionA,13.9266666666667,396.64,410.566666666667,554.265,800,454.265,0,0,0,100,0,0,345.735,0,159.391304347826,50.695652173913,475.28,0,0.6712,0,630,420,567,1.35,24
28,RegionB,15.3233333333333,386.12,401.443333333333,541.9485,800,541.9485,0,0,0,0,0,0,258.0515,0,32,32,455.48,0,0.6279,0,585,410,553.5,1.35,24
28,RegionC,1.28,369.153333,370.433333,511.19799954,800,511.19799954,85,0,85,0,0,0,203.80200046,0,109.05,188.1,442.27,0,0.5954,0,540,405,558.9,1.38,24
28,RegionD,2.33333333333333,320.44,322.773333333333,413.149866666667,800,413.149866666667,206.850133333333,0,206.850133333333,0,0,180,0,-180,90,284.439125333333,283.85,221.4,0.4547,0,1472,720,921.6,1.28,24
28,RegionE,21.905,399.183667,421.088667,526.36083375,800,526.36083375,53.63916625,0,53.63916625,0,0,220,0,-220,100.1655,150.586316275,250.84,195.66,0.2382,0,1012,560,700,1.25,24
28,RegionF,29.495,258.082,287.577,365.22279,800,365.22279,214.77721,0,214.77721,0,0,220,0,-220,85,286.8905774,264.04,205.95,0.2815,0,966,540,685.8,1.27,24
29,RegionA,25.2343333333333,379.377333,404.611666333333,546.22574955,838.825,546.22574955,100,0,100,0,0,0,192.59925045,0,50.695652173913,143.695652173913,475.45,0,0.6612,0,630,420,567,1.35,24
29,RegionB,21.549,386.485333,408.034333,550.84634955,838.825,550.84634955,90,0,90,0,0,0,197.97865045,0,32,115.7,455.64,0,0.6186,0,585,410,553.5,1.35,24
29,RegionC,2.10666666666667,367.992,370.098666666667,510.73616,838.825,425.73616,0,0,0,85,0,0,413.08884,0,188.1,95.7086956521739,442.43,0,0.5866,0,540,405,558.9,1.38,24
29,RegionD,2.3,339.493333,341.793333,437.49546624,838.825,437.49546624,221.32953376,0,221.32953376,0,0,180,0,-180,284.439125333333,492.488887067733,283.95,221.48,0.4479,0,1472,720,921.6,1.28,24
29,RegionE,1.04533333333335,396.141667,397.187000333333,496.483750416667,838.825,496.483750416667,122.341249583333,0,122.341249583333,0,0,220,0,-220,150.586316275,265.587090883333,250.93,195.73,0.2346,0,1012,560,700,1.25,24
29,RegionF,130.929,357.664,488.593,620.51311,838.825,618.825,0,0,0,1.68810999999988,0,220,0,-220,286.8905774,285.075405356989,264.14,206.03,0.2773,0,966,540,685.8,1.27,24
30,RegionA,42.1066666666667,356.301667,398.408333666667,537.85125045,875,437.85125045,0,0,0,100,0,0,437.14874955,0,143.695652173913,35,475.61,0,0.6496,0,630,420,567,1.35,24
30,RegionB,25.092,371.976333,397.068333,536.04224955,875,459.03824955,0,0,0,77.004,0,0,415.96175045,0,115.7,32,455.79,0,0.6077,0,585,410,553.5,1.35,24
30,RegionC,2.36666666666667,368.290667,370.657333666667,511.50712046,875,511.50712046,85,0,85,0,0,0,278.49287954,0,95.7086956521739,174.758695652174,442.58,0,0.5763,0,540,405,558.9,1.38,24
30,RegionD,190.891333333333,375.696,566.587333333333,725.231786666667,875,725.231786666667,0,0,0,0,0,149.768213333333,0,-149.768213333333,492.488887067733,492.488887067733,284.04,221.55,0.44,0,1472,720,921.6,1.28,24
30,RegionE,0,389.288333,389.288333,486.61041625,875,486.61041625,168.38958375,0,168.38958375,0,0,220,0,-220,265.587090883333,423.873299608333,251.02,195.8,0.2305,0,1012,560,700,1.25,24
30,RegionF,114.274333333333,409.034,523.308333333333,664.601583333333,875,655,0,0,0,9.60158333333339,0,220,0,-220,285.075405356989,274.751122202867,264.23,206.1,0.2724,0,966,540,685.8,1.27,24
31,RegionA,43.0986666666667,346.030333,389.128999666667,525.32414955,906.065,525.32414955,0,0,0,0,0,0,380.74085045,0,35,35,731.94,0,0.637,0,630,420,567,1.35,24
31,RegionB,23.8,371.708,395.508,533.9358,906.065,533.9358,90,0,90,0,0,0,282.1292,0,32,115.7,701.44,0,0.5959,0,585,410,553.5,1.35,24
31,RegionC,2.648,381.238333,383.886333,529.76313954,906.065,444.76313954,0,0,0,85,0,0,461.30186046,0,174.758695652174,82.3673913043478,681.11,0,0.5651,0,540,405,558.9,1.38,24
31,RegionD,62.42,375.308667,437.728667,560.29269376,906.065,300.29269376,0,0,0,260,0,180,425.77230624,-180,492.488887067733,212.918994594615,437.13,340.96,0.4315,0,1472,720,921.6,1.28,24
31,RegionE,143.14,390.455333,533.595333,666.99416625,906.065,666.99416625,19.07083375,0,19.07083375,0,0,220,0,-220,423.873299608333,441.799883333333,386.3,301.31,0.226,0,1012,560,700,1.25,24
31,RegionF,102.572,420.017,522.589,663.68803,906.065,663.68803,0,0,0,0,0,220,22.3769700000001,-220,274.751122202867,274.751122202867,406.63,317.17,0.2671,0,966,540,685.8,1.27,24
32,RegionA,28.3816666666666,363.262667,391.644333666667,528.71985045,929.905,528.71985045,72.463768115942,0,72.463768115942,0,0,0,328.721381434058,0,35,102.391304347826,732.16,0,0.6245,0,630,420,567,1.35,24
32,RegionB,40.028,368.347333,408.375333,551.30669955,929.905,474.30269955,0,0,0,77.004,0,0,455.60230045,0,115.7,32,701.66,0,0.5842,0,585,410,553.5,1.35,24
32,RegionC,7.9,347.712,355.612,490.74456,929.905,490.74456,85,0,85,0,0,0,354.16044,0,82.3673913043478,161.417391304348,681.32,0,0.554,0,540,405,558.9,1.38,24
32,RegionD,11.54,362.314,373.854,478.53312,929.905,364.218455027008,0,0,0,114.314664972992,0,180,385.686544972992,-180,212.918994594615,90,437.26,341.06,0.423,0,1472,720,921.6,1.28,24
32,RegionE,143.506666666667,361.386333,504.892999666667,631.116249583333,929.905,391.116249583333,0,0,0,240,0,220,318.788750416667,-220,441.799883333333,183.735367204301,386.42,301.41,0.2216,0,1012,560,700,1.25,24
32,RegionF,127.250666666667,369.103,496.353666666667,630.369156666667,929.905,630.369156666667,0,0,0,0,0,220,79.5358433333332,-220,274.751122202867,274.751122202867,406.76,317.27,0.2619,0,966,540,685.8,1.27,24
33,RegionA,27.704,371.739,399.443,539.24805,944.89,539.24805,100,0,100,0,0,0,305.64195,0,102.391304347826,195.391304347826,732.37,0,0.6128,0,630,420,567,1.35,24
33,RegionB,26.4026666666667,371.185333,397.587999666667,536.74379955,944.89,536.74379955,90,0,90,0,0,0,318.14620045,0,32,115.7,701.85,0,0.5732,0,585,410,553.5,1.35,24
33,RegionC,41.7266666666667,336.899333,378.625999666667,522.50387954,944.89,437.50387954,0,0,0,85,0,0,507.38612046,0,161.417391304348,69.0260869565218,681.51,0,0.5436,0,540,405,558.9,1.38,24
33,RegionD,12.5933333333333,394.727333,407.320666333333,521.370452906667,944.89,521.370452906667,243.519547093333,0,243.519547093333,0,0,180,0,-180,90,318.908374267733,437.39,341.16,0.4151,0,1472,720,921.6,1.28,24
33,RegionE,143.46,371.328,514.788,643.485,944.89,643.485,81.405,0,81.405,0,0,220,0,-220,183.735367204301,260.256067204301,386.53,301.49,0.2174,0,1012,560,700,1.25,24
33,RegionF,90.8950000000001,361.943333,452.838333,575.10468291,944.89,398.636139261333,0,0,0,176.468543648667,0,220,326.253860738667,-220,274.751122202867,85,406.87,317.36,0.257,0,966,540,685.8,1.27,24
34,RegionA,33.8066666666666,362.323333,396.129999666667,534.77549955,950,434.77549955,0,0,0,100,0,0,515.22450045,0,195.391304347826,86.695652173913,732.56,0,0.6027,0,630,420,567,1.35,24
34,RegionB,25.6,369.669333,395.269333,533.61359955,950,456.60959955,0,0,0,77.004,0,0,493.39040045,0,115.7,32,702.04,0,0.5638,0,585,410,553.5,1.35,24
34,RegionC,55.116,344.553667,399.669667,551.54414046,950,515.64014046,0,0,0,35.904,0,0,434.35985954,0,69.0260869565218,30,681.69,0,0.5347,0,540,405,558.9,1.38,24
34,RegionD,11.6166666666667,319.663333,331.279999666667,424.038399573333,950,211.153611504341,0,0,0,212.884788068992,0,180,558.846388495659,-180,318.908374267733,90,437.5,341.25,0.4083,0,1472,720,921.6,1.28,24
34,RegionE,150.056,283.343333,433.399333,541.74916625,950,463.07902375,0,0,0,78.6701424999999,0,220,266.92097625,-220,260.256067204301,175.664516129032,386.63,301.57,0.2139,0,1012,560,700,1.25,24
34,RegionF,115.157333333333,283.486667,398.644000333333,506.277880423333,950,506.277880423333,0,0,0,0,0,220,223.722119576667,-220,85,85,406.98,317.44,0.2527,0,966,540,685.8,1.27,24
35,RegionA,15.338,364.628667,379.966667,512.95500045,944.89,512.95500045,100,0,100,0,0,0,331.93499955,0,86.695652173913,179.695652173913,732.74,0,0.595,0,630,420,567,1.35,24
35,RegionB,25.2013333333333,367.168,392.369333333333,529.6986,944.89,529.6986,0,0,0,0,0,0,415.1914,0,32,32,702.21,0,0.5566,0,585,410,553.5,1.35,24
35,RegionC,48.9266666666667,343.248667,392.175333666667,541.20196046,944.89,541.20196046,85,0,85,0,0,0,318.68803954,0,30,109.05,681.85,0,0.5278,0,540,405,558.9,1.38,24
35,RegionD,54.08,308.657,362.737,464.30336,944.89,464.30336,260,0,260,0,0,180,40.58664,-180,90,334.4,437.61,341.34,0.4031,0,1472,720,921.6,1.28,24
35,RegionE,85.7653333333333,298.431667,384.197000333333,480.246250416667,944.89,480.246250416667,240,0,240,0,0,220,4.64374958333332,-220,175.664516129032,401.264516129032,386.72,301.64,0.2111,0,1012,560,700,1.25,24
35,RegionF,49.337,292.686667,342.023667,434.37005709,944.89,434.37005709,0,0,0,0,0,220,290.51994291,-220,85,85,407.08,317.52,0.2495,0,966,540,685.8,1.27,24
36,RegionA,34.2813333333333,314.984,349.265333333333,471.5082,929.905,371.5082,0,0,0,100,0,0,558.3968,0,179.695652173913,71,732.9,0,0.5902,0,630,420,567,1.35,24
36,RegionB,37.0183333333333,334.88,371.898333333333,502.06275,929.905,502.06275,0,0,0,0,0,0,427.84225,0,32,32,702.36,0,0.5521,0,585,410,553.5,1.35,24
36,RegionC,46.9383333333333,309.524667,356.463000333333,491.91894046,929.905,491.91894046,28.6909770920991,0,28.6909770920991,0,0,0,409.295082447901,0,109.05,135.732608695652,682,0,0.5236,0,540,405,558.9,1.38,24
36,RegionD,201.002,213.238333,414.240333,530.22762624,929.905,530.22762624,37.4147792267216,0,37.4147792267216,0,0,180,182.262594533278,-180,334.4,369.569892473118,437.7,341.41,0.3998,0,1472,720,921.6,1.28,24
36,RegionE,133.814666666667,272.351333,406.165999666667,507.707499583333,929.905,267.707499583333,0,0,0,240,0,220,442.197500416667,-220,401.264516129032,143.2,386.81,301.71,0.2094,0,1012,560,700,1.25,24
36,RegionF,42.74,272.396,315.136,400.22272,929.905,400.22272,0,0,0,0,0,220,309.68228,-220,85,85,407.17,317.59,0.2475,0,966,540,685.8,1.27,24
37,RegionA,43.585,287.213667,330.798667,446.57820045,906.065,446.57820045,100,0,100,0,-0,0,359.48679955,-0,71,164,733.05,0,0.5887,-0,630,420,567,1.35,24
37,RegionB,28.4583333333334,313.805667,342.264000333333,462.05640045,906.065,462.05640045,39.6774193548387,0,39.6774193548387,0,0,0,404.331180195161,0,32,68.9,702.51,0,0.5507,0,585,410,553.5,1.35,24
37,RegionC,43.6166666666667,319.545333,363.161999666667,501.16355954,906.065,501.16355954,85,0,85,0,0,0,319.90144046,0,135.732608695652,214.782608695652,682.14,0,0.5222,0,540,405,558.9,1.38,24
37,RegionD,105.045333333333,218.228667,323.274000333333,413.790720426667,906.065,153.790720426667,0,0,0,260,0,180,572.274279573333,-180,369.569892473118,90,437.79,341.48,0.3988,0,1472,720,921.6,1.28,24
37,RegionE,97.5476666666667,229.532,327.079666666667,408.849583333333,906.065,408.849583333333,240,0,240,0,0,220,37.2154166666668,-220,143.2,368.8,386.89,301.77,0.2089,0,1012,560,700,1.25,24
37,RegionF,134.4,245.626333,380.026333,482.63344291,906.065,482.63344291,0,0,0,0,0,220,203.43155709,-220,85,85,407.25,317.66,0.2469,0,966,540,685.8,1.27,24
38,RegionA,41.29,277.904,319.194,430.9119,875,430.9119,100,0,100,0,-0,0,344.0881,-0,164,257,733.18,0,0.5905,-0,630,420,567,1.35,24
38,RegionB,17.0733333333333,293.57,310.643333333333,419.3685,875,419.3685,90,0,90,0,-0,0,365.6315,-0,68.9,152.6,702.63,0,0.5524,-0,585,410,553.5,1.35,24
38,RegionC,15.5216666666667,299.369,314.890666666667,434.54912,875,349.54912,0,0,0,85,0,0,525.45088,0,214.782608695652,122.391304347826,682.27,0,0.5238,0,540,405,558.9,1.38,24
38,RegionD,74.1066666666667,179.738667,253.845333666667,324.922027093333,875,324.922027093333,37.4147792267216,0,37.4147792267216,0,0,180,332.663193679945,-180,90,125.169892473118,437.87,341.54,0.4,0,1472,720,921.6,1.28,24
38,RegionE,85.9446666666667,227.268333,313.212999666667,391.516249583333,875,391.516249583333,240,0,240,0,0,220,23.4837504166666,-220,368.8,594.4,386.96,301.83,0.2095,0,1012,560,700,1.25,24
38,RegionF,133.127666666667,289.364,422.491666666667,536.564416666667,875,536.564416666667,118.435583333333,0,118.435583333333,0,0,220,0,-220,85,196.329448333333,407.32,317.71,0.2476,0,966,540,685.8,1.27,24
39,RegionA,25.5953333333333,267.354667,292.950000333333,395.48250045,838.825,395.48250045,100,0,100,0,-0,0,343.34249955,-0,257,350,733.3,0,0.5955,-0,630,420,567,1.35,24
39,RegionB,17.3066666666667,266.34,283.646666666667,382.923,838.825,382.923,90,0,90,0,-0,0,365.902,-0,152.6,236.3,702.75,0,0.5571,-0,585,410,553.5,1.35,24
39,RegionC,8.04900000000001,265.478,273.527,377.46726,838.825,292.46726,0,0,0,85,0,0,546.35774,0,122.391304347826,30,682.38,0,0.5283,0,540,405,558.9,1.38,24
39,RegionD,93.12,171.684667,264.804667,338.94997376,838.825,338.94997376,260,0,260,0,0,180,59.8750262400001,-180,125.169892473118,369.569892473118,437.94,341.59,0.4034,0,1472,720,921.6,1.28,24
39,RegionE,57.7109999999999,213.527667,271.238667,339.04833375,838.825,339.04833375,240,0,240,0,0,220,39.7766662500001,-220,594.4,820,387.02,301.88,0.2113,0,1012,560,700,1.25,24
39,RegionF,116.966666666667,248.650667,365.617333666667,464.334013756667,838.825,360.797626806667,0,0,0,103.53638695,0,220,258.027373193333,-220,196.329448333333,85,407.39,317.76,0.2497,0,966,540,685.8,1.27,24
40,RegionA,14.572,261.053333,275.625333,372.09419955,800,272.09419955,0,0,0,100,0,0,527.90580045,0,350,241.304347826087,733.4,0,0.6035,0,630,420,567,1.35,24
40,RegionB,16.142,218.339,234.481,316.54935,800,316.54935,90,0,90,0,-0,0,393.45065,-0,236.3,320,702.85,0,0.5645,-0,585,410,553.5,1.35,24
40,RegionC,3.476,236.16,239.636,330.69768,800,330.69768,85,0,85,0,-0,0,384.30232,-0,30,109.05,682.47,0,0.5353,-0,540,405,558.9,1.38,24
40,RegionD,171.053333333333,158.062333,329.115666333333,421.268052906667,800,161.268052906667,0,0,0,260,0,180,458.731947093333,-180,369.569892473118,90,438.01,341.65,0.4088,0,1472,720,921.6,1.28,24
40,RegionE,81.18,212.746667,293.926667,367.40833375,800,161.06833375,0,0,0,206.34,0,220,418.93166625,-220,820,598.129032258065,387.07,301.91,0.2141,0,1012,560,700,1.25,24
40,RegionF,136.206666666667,158.324,294.530666666667,374.053946666667,800,374.053946666667,205.946053333333,0,205.946053333333,0,0,220,0,-220,85,278.589290133333,407.45,317.81,0.2531,0,966,540,685.8,1.27,24
41,RegionA,8.284,232.056667,240.340667,324.45990045,761.175,234.65990045,0,0,0,89.8,0,0,526.51509955,0,241.304347826087,143.695652173913,1063.56,0,0.6138,0,630,420,567,1.35,24
41,RegionB,16.92,188.030667,204.950667,276.68340045,761.175,186.68340045,0,0,0,90,0,0,574.49159955,0,320,222.173913043478,1019.25,0,0.5742,0,585,410,553.5,1.35,24
41,RegionC,2.532,193.568,196.1,270.618,761.175,270.618,85,0,85,0,-0,0,405.557,-0,109.05,188.1,989.71,0,0.5445,-0,540,405,558.9,1.38,24
41,RegionD,194.401333333333,162.287,356.688333333333,456.561066666667,761.175,456.561066666667,124.613933333333,0,124.613933333333,0,0,180,0,-180,90,207.137097333333,635.18,495.44,0.4158,0,1472,720,921.6,1.28,24
41,RegionE,138.42,173.899333,312.319333,390.39916625,761.175,150.39916625,0,0,0,240,0,220,390.77583375,-220,598.129032258065,340.064516129032,561.33,437.84,0.2178,0,1012,560,700,1.25,24
41,RegionF,77.881,152.268333,230.149333,292.28965291,761.175,112.251613086,0,0,0,180.038039824,0,220,428.923386914,-220,278.589290133333,85,590.87,460.88,0.2574,0,966,540,685.8,1.27,24
42,RegionA,10.1433333333333,200.420667,210.564000333333,284.26140045,725,284.26140045,0,0,0,0,0,0,440.73859955,0,143.695652173913,143.695652173913,1063.67,0,0.6258,0,630,420,567,1.35,24
42,RegionB,9.92933333333335,221.176,231.105333333333,311.9922,725,311.9922,90,0,90,0,-0,0,323.0078,-0,222.173913043478,305.873913043478,1019.35,0,0.5854,-0,585,410,553.5,1.35,24
42,RegionC,3.608,222.197333,225.805333,311.61135954,725,311.61135954,64.0135577372604,0,64.0135577372604,0,-0,0,349.37508272274,-0,188.1,247.632608695652,989.8,0,0.5551,-0,540,405,558.9,1.38,24
42,RegionD,37.4663333333333,156.541667,194.008000333333,248.330240426667,725,248.330240426667,260,0,260,0,-0,180,36.6697595733334,-180,207.137097333333,451.537097333333,635.25,495.5,0.4239,-0,1472,720,921.6,1.28,24
42,RegionE,144.224,187.964,332.188,415.235,725,415.235,0,0,0,0,0,220,89.765,-220,340.064516129032,340.064516129032,561.38,437.88,0.222,0,1012,560,700,1.25,24
42,RegionF,53.0266666666667,120.509667,173.536333666667,220.391143756667,725,220.391143756667,250,0,250,0,0,220,34.6088562433333,-220,85,320,590.93,460.93,0.2624,0,966,540,685.8,1.27,24
43,RegionA,7.33866666666667,201.789,209.127666666667,282.32235,693.935,182.32235,0,0,0,100,0,0,511.61265,0,143.695652173913,35,1063.75,0,0.6386,0,630,420,567,1.35,24
43,RegionB,11.594,203.090667,214.684667,289.82430045,693.935,199.82430045,0,0,0,90,0,0,494.11069955,0,305.873913043478,208.047826086956,1019.43,0,0.5974,0,585,410,553.5,1.35,24
43,RegionC,3.49333333333333,193.576,197.069333333333,271.95568,693.935,186.95568,0,0,0,85,0,0,506.97932,0,247.632608695652,155.241304347826,989.88,0,0.5665,0,540,405,558.9,1.38,24
43,RegionD,20.1733333333333,147.677,167.850333333333,214.848426666667,693.935,214.848426666667,260,0,260,0,-0,180,39.0865733333334,-180,451.537097333333,695.937097333333,635.3,495.53,0.4326,-0,1472,720,921.6,1.28,24
43,RegionE,105.538,166.596667,272.134667,340.16833375,693.935,340.16833375,0,0,0,0,0,220,133.76666625,-220,340.064516129032,340.064516129032,561.43,437.92,0.2266,0,1012,560,700,1.25,24
43,RegionF,150.930666666667,109.314,260.244666666667,330.510726666667,693.935,330.510726666667,143.424273333333,0,143.424273333333,0,0,220,0,-220,320,454.818816933333,590.97,460.96,0.2678,0,966,540,685.8,1.27,24
44,RegionA,6.17933333333334,226.008,232.187333333333,313.4529,670.095,313.4529,100,0,100,0,-0,0,256.6421,-0,35,128,1063.82,0,0.6514,-0,630,420,567,1.35,24
44,RegionB,36.47,215.833333,252.303333,340.60949955,670.095,250.60949955,0,0,0,90,0,0,419.48550045,0,208.047826086956,110.221739130435,1019.49,0,0.6094,0,585,410,553.5,1.35,24
44,RegionC,3.80933333333333,189.823333,193.632666333333,267.21307954,670.095,182.21307954,0,0,0,85,0,0,487.88192046,0,155.241304347826,62.85,989.94,0,0.5778,0,540,405,558.9,1.38,24
44,RegionD,9.74133333333337,156.484,166.225333333333,212.768426666667,670.095,212.768426666667,180.831947529542,0,180.831947529542,0,-0,180,96.4946258037912,-180,695.937097333333,865.919128011103,635.33,495.56,0.4413,-0,1472,720,921.6,1.28,24
44,RegionE,57.376,184.928,242.304,302.88,670.095,62.88,0,0,0,240,0,220,387.215,-220,340.064516129032,82,561.46,437.94,0.2311,0,1012,560,700,1.25,24
44,RegionF,107.570666666667,100.272667,207.843333666667,263.961033756667,670.095,13.9610337566666,0,0,0,250,0,220,436.133966243333,-220,454.818816933333,186.001612632258,591.01,460.99,0.2732,0,966,540,685.8,1.27,24
45,RegionA,5.37533333333334,214.410667,219.786000333333,296.71110045,655.11,296.71110045,100,0,100,0,-0,0,258.39889955,-0,128,221,1063.86,0,0.6633,-0,630,420,567,1.35,24
45,RegionB,30.729,237.610667,268.339667,362.25855045,655.11,362.25855045,90,0,90,0,-0,0,202.85144955,-0,110.221739130435,193.921739130435,1019.53,0,0.6205,-0,585,410,553.5,1.35,24
45,RegionC,3.856,232.738333,236.594333,326.50017954,655.11,326.50017954,85,0,85,0,-0,0,243.60982046,-0,62.85,141.9,989.98,0,0.5884,-0,540,405,558.9,1.38,24
45,RegionD,0.402666666666667,185.405333,185.807999666667,237.834239573333,655.11,0,0,0,0,237.834239573333,0,180,475.11,-180,865.919128011103,610.1833865344,635.36,495.58,0.4493,0,1472,720,921.6,1.28,24
45,RegionE,57.3333333333333,191.304,248.637333333333,310.796666666667,655.11,310.796666666667,124.313333333333,0,124.313333333333,0,0,220,0,-220,82,198.854533333333,561.48,437.95,0.2354,0,1012,560,700,1.25,24
45,RegionF,66.8893333333333,167.805333,234.694666333333,298.062226243333,655.11,298.062226243333,137.047773756667,0,137.047773756667,0,0,220,0,-220,186.001612632258,314.826519963525,591.03,461,0.2782,0,966,540,685.8,1.27,24
46,RegionA,20.2083333333333,271.582333,291.790666333333,393.91739955,650,393.91739955,100,0,100,0,-0,0,156.08260045,-0,221,314,660.34,0,0.6735,-0,630,420,567,1.35,24
46,RegionB,14.3226666666667,263.05,277.372666666667,374.4531,650,284.4531,0,0,0,90,0,0,365.5469,0,193.921739130435,96.095652173913,632.82,0,0.63,0,585,410,553.5,1.35,24
46,RegionC,5.62933333333333,227.322667,232.952000333333,321.47376046,650,321.47376046,85,0,85,0,-0,0,243.52623954,-0,141.9,220.95,614.48,0,0.5974,-0,540,405,558.9,1.38,24
46,RegionD,0.4,217.961667,218.361667,279.50293376,650,279.50293376,190.49706624,0,190.49706624,0,0,180,0,-180,610.1833865344,789.2506288,394.37,307.61,0.4562,0,1472,720,921.6,1.28,24
46,RegionE,57.76,222.699333,280.459333,350.57416625,650,241.89945025,0,0,0,108.674716,0,220,188.10054975,-220,198.854533333333,82,348.51,271.84,0.239,0,1012,560,700,1.25,24
46,RegionF,59.72,211.020667,270.740667,343.84064709,650,136.379513157961,0,0,0,207.461133932039,0,220,293.620486842039,-220,314.826519963525,91.7500318645581,366.85,286.14,0.2824,0,966,540,685.8,1.27,24
47,RegionA,20.324,283.456,303.78,410.103,655.11,310.103,0,0,0,100,0,0,345.007,0,314,205.304347826087,660.33,0,0.6812,0,630,420,567,1.35,24
47,RegionB,10.3253333333333,293.868,304.193333333333,410.661,655.11,410.661,90,0,90,0,-0,0,154.449,-0,96.095652173913,179.795652173913,632.82,0,0.6373,-0,585,410,553.5,1.35,24
47,RegionC,44.0673333333333,273.767667,317.835000333333,438.61230046,655.11,438.61230046,85,0,85,0,0,0,131.49769954,0,220.95,300,614.48,0,0.6043,0,540,405,558.9,1.38,24
47,RegionD,18.98,260.154,279.134,357.29152,655.11,357.29152,117.81848,0,117.81848,0,0,180,0,-180,789.2506288,900,394.37,307.61,0.4615,0,1472,720,921.6,1.28,24
47,RegionE,53.9573333333333,224.238667,278.196000333333,347.745000416667,655.11,347.745000416667,0,0,0,0,0,220,87.3649995833334,-220,82,82,348.51,271.84,0.2417,0,1012,560,700,1.25,24
47,RegionF,75.08,218.796,293.876,373.22252,655.11,373.22252,61.88748,0,61.88748,0,0,220,0,-220,91.7500318645581,149.924263064558,366.85,286.14,0.2857,0,966,540,685.8,1.27,24
48,RegionA,50.1133333333333,299.653667,349.767000333333,472.18545045,670.095,372.18545045,0,0,0,100,0,0,297.90954955,0,205.304347826087,96.6086956521739,476.9,0,0.686,0,630,420,567,1.35,48
48,RegionB,28.8453333333334,319.901333,348.746666333333,470.80799955,670.095,380.80799955,0,0,0,90,0,0,289.28700045,0,179.795652173913,81.9695652173913,457.03,0,0.6418,0,585,410,553.5,1.35,48
48,RegionC,36.2466666666667,294.181667,330.428333666667,455.99110046,670.095,370.99110046,0,0,0,85,0,0,299.10389954,0,300,207.608695652174,443.78,0,0.6086,0,540,405,558.9,1.38,48
48,RegionD,18.98,286.583333,305.563333,391.12106624,670.095,131.12106624,0,0,0,260,0,180,358.97393376,-180,900,620.430107526882,284.81,222.15,0.4647,0,1472,720,921.6,1.28,48
48,RegionE,71.6239999999999,280.196,351.82,439.775,670.095,439.775,0,0,0,0,0,220,10.3200000000001,-220,82,82,251.7,196.33,0.2434,0,1012,560,700,1.25,48
48,RegionF,79.4,316.846667,396.246667,503.23326709,670.095,442.853702439961,0,0,0,60.379564650039,0,220,7.24129756003902,-220,149.924263064558,85,264.94,206.65,0.2877,0,966,540,685.8,1.27,48
49,RegionA,48.944,353.456667,402.400667,543.24090045,693.935,486.56090045,0,0,0,56.68,0,0,207.37409955,0,96.6086956521739,35,476.88,0,0.6876,0,630,420,567,1.35,48
49,RegionB,31.6333333333333,355.685667,387.319000333333,522.88065045,693.935,476.90865045,0,0,0,45.972,0,0,217.02634955,0,81.9695652173913,32,457.01,0,0.6432,0,585,410,553.5,1.35,48
49,RegionC,33.6923333333333,340.5,374.192333333333,516.38542,693.935,431.38542,0,0,0,85,0,0,262.54958,0,207.608695652174,115.217391304348,443.76,0,0.6099,0,540,405,558.9,1.38,48
49,RegionD,18.98,308.566667,327.546667,419.25973376,693.935,159.25973376,0,0,0,260,0,180,354.67526624,-180,620.430107526882,340.860215053763,284.8,222.14,0.4658,0,1472,720,921.6,1.28,48
49,RegionE,49.7133333333334,305.973333,355.686666333333,444.608332916667,693.935,444.608332916667,29.3266670833332,0,29.3266670833332,0,0,220,0,-220,82,109.567067058333,251.68,196.31,0.244,0,1012,560,700,1.25,48
49,RegionF,46.5679999999999,316.678333,363.246333,461.32284291,693.935,461.32284291,0,0,0,0,0,220,12.61215709,-220,85,85,264.93,206.65,0.2883,0,966,540,685.8,1.27,48
50,RegionA,48.145,367.556,415.701,561.19635,725,561.19635,100,0,100,0,0,0,63.8036499999999,0,35,128,476.85,0,0.6857,0,630,420,567,1.35,48
50,RegionB,31.8833333333333,375.368667,407.252000333333,549.79020045,725,549.79020045,0,0,0,0,0,0,175.20979955,0,32,32,456.98,0,0.6414,0,585,410,553.5,1.35,48
50,RegionC,31.1213333333333,361.685333,392.806666333333,542.07319954,725,463.67319954,0,0,0,78.4,0,0,261.32680046,0,115.217391304348,30,443.73,0,0.6083,0,540,405,558.9,1.38,48
50,RegionD,16.6266666666667,373.227333,389.853999666667,499.013119573333,725,265.713119573333,0,0,0,233.3,0,180,279.286880426667,-180,340.860215053763,90,284.78,222.13,0.4645,0,1472,720,921.6,1.28,48
50,RegionE,29.3013333333333,317.958667,347.260000333333,434.075000416667,725,434.075000416667,70.9249995833334,0,70.9249995833334,0,0,220,0,-220,109.567067058333,176.236566666667,251.67,196.3,0.2433,0,1012,560,700,1.25,48
50,RegionF,16.648,357.371,374.019,475.00413,725,475.00413,29.99587,0,29.99587,0,0,220,0,-220,85,113.1961178,264.91,206.63,0.2875,0,966,540,685.8,1.27,48
51,RegionA,35.4513333333333,368.969,404.420333333333,545.96745,761.175,545.96745,100,0,100,0,0,0,115.20755,0,128,221,476.81,0,0.6805,0,630,420,567,1.35,48
51,RegionB,29.304,374.812667,404.116667,545.55750045,761.175,545.55750045,90,0,90,0,0,0,125.61749955,0,32,115.7,456.94,0,0.6366,0,585,410,553.5,1.35,48
51,RegionC,30.7043333333333,351.342,382.046333333333,527.22394,761.175,527.22394,0,0,0,0,0,0,233.95106,0,30,30,443.7,0,0.6037,0,540,405,558.9,1.38,48
51,RegionD,29.41,394.837667,424.247667,543.03701376,761.175,543.03701376,38.1379862399999,0,38.1379862399999,0,0,180,0,-180,90,125.8497070656,284.76,222.11,0.461,0,1472,720,921.6,1.28,48
51,RegionE,0.779999999999981,399.896,400.676,500.845,761.175,500.845,40.33,0,40.33,0,0,220,0,-220,176.236566666667,214.146766666667,251.65,196.29,0.2415,0,1012,560,700,1.25,48
51,RegionF,16.41,360.258667,376.668667,478.36920709,761.175,478.36920709,62.8057929099999,0,62.8057929099999,0,0,220,0,-220,113.1961178,172.2335631354,264.89,206.61,0.2854,0,966,540,685.8,1.27,48
52,RegionA,11.8506666666667,367.018667,378.869333666667,511.47360045,800,511.47360045,100,0,100,0,0,0,188.52639955,0,221,314,476.76,0,0.6724,0,630,420,567,1.35,48
52,RegionB,29.6576666666667,373.632,403.289666666667,544.44105,800,467.43705,0,0,0,77.004,0,0,332.56295,0,115.7,32,456.89,0,0.629,0,585,410,553.5,1.35,48
52,RegionC,27.5023333333334,354.712333,382.214666333333,527.45623954,800,527.45623954,85,0,85,0,0,0,187.54376046,0,30,109.05,443.65,0,0.5965,0,540,405,558.9,1.38,48
52,RegionD,20.9133333333334,405.689,426.602333333333,546.050986666667,800,546.050986666667,73.9490133333333,0,73.9490133333333,0,0,180,0,-180,125.8497070656,195.361779598933,284.73,222.09,0.4555,0,1472,720,921.6,1.28,48
52,RegionE,0.0946666666666664,420.4,420.494666666667,525.618333333333,800,525.618333333333,54.3816666666667,0,54.3816666666667,0,0,220,0,-220,214.146766666667,265.265533333333,251.62,196.26,0.2386,0,1012,560,700,1.25,48
52,RegionF,16.32,404.673667,420.993667,534.66195709,800,453.534743374078,0,0,0,81.1272137159219,0,220,126.465256625922,-220,172.2335631354,85,264.87,206.6,0.282,0,966,540,685.8,1.27,48
53,RegionA,19.6656666666667,365.62,385.285666666667,520.13565,838.825,420.13565,0,0,0,100,0,0,418.68935,0,314,205.304347826087,476.7,0,0.6618,0,630,420,567,1.35,48
53,RegionB,19.8346666666667,374.350667,394.185333666667,532.15020045,838.825,532.15020045,0,0,0,0,0,0,306.67479955,0,32,32,456.84,0,0.6191,0,585,410,553.5,1.35,48
53,RegionC,4.09466666666666,350.66,354.754666666667,489.56144,838.825,489.56144,0,0,0,0,0,0,349.26356,0,109.05,109.05,443.6,0,0.5871,0,540,405,558.9,1.38,48
53,RegionD,16.5763333333333,394.26,410.836333333333,525.870506666667,838.825,427.884051639659,0,0,0,97.9864550270078,0,180,230.940948360341,-180,195.361779598933,90,284.7,222.07,0.4483,0,1472,720,921.6,1.28,48
53,RegionE,0.0306666666666666,374.23,374.260666666667,467.825833333333,838.825,297.388887333333,0,0,0,170.436946,0,220,321.436112666667,-220,265.265533333333,82,251.59,196.24,0.2348,0,1012,560,700,1.25,48
53,RegionF,38.976,412.111333,451.087333,572.88091291,838.825,572.88091291,0,0,0,0,0,220,45.94408709,-220,85,85,264.83,206.57,0.2775,0,966,540,685.8,1.27,48
54,RegionA,20.88,363.447333,384.327333,518.84189955,875,476.60189955,0,0,0,42.24,0,0,398.39810045,0,205.304347826087,159.391304347826,476.63,0,0.6496,0,630,420,567,1.35,48
54,RegionB,12.918,376.582,389.5,525.825,875,525.825,0,0,0,0,0,0,349.175,0,32,32,456.77,0,0.6077,0,585,410,553.5,1.35,48
54,RegionC,44.6026666666667,352.974667,397.577333666667,548.65672046,875,475.93072046,0,0,0,72.726,0,0,399.06927954,0,109.05,30,443.53,0,0.5763,0,540,405,558.9,1.38,48
54,RegionD,13.76,383.845333,397.605333,508.93482624,875,508.93482624,0,0,0,0,0,180,186.06517376,-180,90,90,284.66,222.03,0.44,0,1472,720,921.6,1.28,48
54,RegionE,0,394.69,394.69,493.3625,875,493.3625,161.6375,0,161.6375,0,0,220,0,-220,82,233.93925,251.56,196.22,0.2305,0,1012,560,700,1.25,48
54,RegionF,119.52,410.888667,530.408667,673.61900709,875,673.61900709,0,0,0,0,0,201.38099291,0,-201.38099291,85,85,264.8,206.54,0.2724,0,966,540,685.8,1.27,48
55,RegionA,20.7493333333333,384.070667,404.820000333333,546.50700045,906.065,546.50700045,0,0,0,0,0,0,359.55799955,0,159.391304347826,159.391304347826,733.16,0,0.6364,0,630,420,567,1.35,48
55,RegionB,8.246,362.800667,371.046667,500.91300045,906.065,500.91300045,54.866760168303,0,54.866760168303,0,0,0,350.285239381697,0,32,83.0260869565218,702.62,0,0.5954,0,585,410,553.5,1.35,48
55,RegionC,28.9863333333333,364.162333,393.148666333333,542.54515954,906.065,542.54515954,85,0,85,0,0,0,278.51984046,0,30,109.05,682.25,0,0.5646,0,540,405,558.9,1.38,48
55,RegionD,7.61066666666668,381.221333,388.831999666667,497.704959573333,906.065,497.704959573333,0,0,0,0,0,180,228.360040426667,-180,90,90,437.86,341.53,0.4311,0,1472,720,921.6,1.28,48
55,RegionE,147.24,360.728,507.968,634.96,906.065,634.96,51.1050000000001,0,51.1050000000001,0,0,220,0,-220,233.93925,281.97795,386.95,301.82,0.2258,0,1012,560,700,1.25,48
55,RegionF,138.306666666667,397.77,536.076666666667,680.817366666667,906.065,680.817366666667,5.24763333333351,0,5.24763333333351,0,0,220,0,-220,85,89.9327753333335,407.31,317.7,0.2669,0,966,540,685.8,1.27,48
56,RegionA,22.28,395.708,417.988,564.2838,929.905,564.2838,100,0,100,0,0,0,265.6212,0,159.391304347826,252.391304347826,733.03,0,0.6233,0,630,420,567,1.35,48
56,RegionB,6.736,363.474667,370.210667,499.78440045,929.905,499.78440045,0,0,0,0,0,0,430.12059955,0,83.0260869565218,83.0260869565218,702.49,0,0.5831,0,585,410,553.5,1.35,48
56,RegionC,5.10599999999997,369.144,374.25,516.465,929.905,516.465,43.0364656381487,0,43.0364656381487,0,0,0,370.403534361851,0,109.05,149.073913043478,682.13,0,0.5529,0,540,405,558.9,1.38,48
56,RegionD,208.057333333333,354.405333,562.462666333333,719.952212906667,929.905,719.952212906667,29.9527870933333,0,29.9527870933333,0,0,180,0,-180,90,118.155619867733,437.78,341.47,0.4222,0,1472,720,921.6,1.28,48
56,RegionE,147.24,328.697333,475.937333,594.92166625,929.905,594.92166625,114.98333375,0,114.98333375,0,0,220,0,-220,281.97795,390.062283725,386.88,301.77,0.2212,0,1012,560,700,1.25,48
56,RegionF,147.692,390.491,538.183,683.49241,929.905,678.90492894,0,0,0,4.58748106000015,0,220,31.0000710600002,-220,89.9327753333335,85,407.24,317.65,0.2614,0,966,540,685.8,1.27,48
57,RegionA,24.0826666666667,394.839,418.921666666667,565.54425,944.89,465.54425,0,0,0,100,0,0,479.34575,0,252.391304347826,143.695652173913,732.89,0,0.6109,0,630,420,567,1.35,48
57,RegionB,10.9666666666667,350.683333,361.649999666667,488.22749955,944.89,488.22749955,0,0,0,0,0,0,456.66250045,0,83.0260869565218,83.0260869565218,702.35,0,0.5715,0,585,410,553.5,1.35,48
57,RegionC,2.012,380.521333,382.533333,527.89599954,944.89,442.89599954,0,0,0,85,0,0,501.99400046,0,149.073913043478,56.6826086956522,682,0,0.542,0,540,405,558.9,1.38,48
57,RegionD,194.807333333333,283.035333,477.842666333333,611.638612906667,944.89,611.638612906667,153.251387093333,0,153.251387093333,0,0,180,0,-180,118.155619867733,262.211923735467,437.7,341.41,0.4139,0,1472,720,921.6,1.28,48
57,RegionE,147.94,326.703333,474.643333,593.30416625,944.89,593.30416625,131.58583375,0,131.58583375,0,0,220,0,-220,390.062283725,513.75296745,386.8,301.7,0.2168,0,1012,560,700,1.25,48
57,RegionF,115.493333333333,367.804,483.297333333333,613.787613333333,944.89,613.787613333333,111.102386666667,0,111.102386666667,0,0,220,0,-220,85,189.436243466667,407.16,317.58,0.2562,0,966,540,685.8,1.27,48
58,RegionA,25.338,393.742,419.08,565.758,950,465.758,0,0,0,100,0,0,484.242,0,143.695652173913,35,732.74,0,0.6003,0,630,420,567,1.35,48
58,RegionB,10.464,352.103333,362.567333,489.46589955,950,489.46589955,90,0,90,0,0,0,370.53410045,0,83.0260869565218,166.726086956522,702.2,0,0.5616,0,585,410,553.5,1.35,48
58,RegionC,1.86533333333333,375.805667,377.671000333333,521.18598046,950,521.18598046,85,0,85,0,0,0,343.81401954,0,56.6826086956522,135.732608695652,681.85,0,0.5325,0,540,405,558.9,1.38,48
58,RegionD,207.888,250.433,458.321,586.65088,950,586.65088,183.34912,0,183.34912,0,0,180,0,-180,262.211923735467,434.560096535467,437.61,341.34,0.4067,0,1472,720,921.6,1.28,48
58,RegionE,142.493333333333,345.775,488.268333333333,610.335416666667,950,448.805156938167,0,0,0,161.5302597285,0,220,281.194843061833,-220,513.75296745,340.064516129032,386.72,301.64,0.213,0,1012,560,700,1.25,48
58,RegionF,95.6773333333334,348.414667,444.092000333333,563.996840423333,950,563.996840423333,166.003159576667,0,166.003159576667,0,0,220,0,-220,189.436243466667,345.479213468733,407.08,317.52,0.2517,0,966,540,685.8,1.27,48
59,RegionA,42.2566666666667,355.772667,398.029333666667,537.33960045,944.89,537.33960045,38.7096774193548,0,38.7096774193548,0,0,0,368.840722130645,0,35,71,732.57,0,0.592,0,630,420,567,1.35,48
59,RegionB,10.3533333333333,336.06,346.413333333333,467.658,944.89,467.658,0,0,0,0,0,0,477.232,0,166.726086956522,166.726086956522,702.04,0,0.5538,0,585,410,553.5,1.35,48
59,RegionC,2.964,366.89,369.854,510.39852,944.89,510.39852,85,0,85,0,0,0,349.49148,0,135.732608695652,214.782608695652,681.69,0,0.5252,0,540,405,558.9,1.38,48
59,RegionD,205.691333333333,265.384667,471.076000333333,602.977280426667,944.89,342.977280426667,0,0,0,260,0,180,421.912719573333,-180,434.560096535467,154.990204062348,437.51,341.26,0.401,0,1472,720,921.6,1.28,48
59,RegionE,139.666666666667,328.249333,467.915999666667,584.894999583333,944.89,344.894999583333,0,0,0,240,0,220,379.995000416667,-220,340.064516129032,82,386.63,301.57,0.2101,0,1012,560,700,1.25,48
59,RegionF,145.550666666667,340.433333,485.983999666667,617.199679576667,944.89,617.199679576667,107.690320423333,0,107.690320423333,0,0,220,0,-220,345.479213468733,446.708114666667,406.98,317.44,0.2483,0,966,540,685.8,1.27,48
60,RegionA,28.4243333333333,342.323333,370.747666333333,500.50934955,929.905,500.50934955,100,0,100,0,0,0,329.39565045,0,71,164,732.39,0,0.5866,0,630,420,567,1.35,48
60,RegionB,7.51666666666665,334.288333,341.804999666667,461.43674955,929.905,461.43674955,0,0,0,0,0,0,468.46825045,0,166.726086956522,166.726086956522,701.87,0,0.5488,0,585,410,553.5,1.35,48
60,RegionC,50.324,317.704333,368.028333,507.87909954,929.905,422.87909954,0,0,0,85,0,0,507.02590046,0,214.782608695652,122.391304347826,681.53,0,0.5204,0,540,405,558.9,1.38,48
60,RegionD,202.351,198.047667,400.398667,512.51029376,929.905,512.51029376,237.39470624,0,237.39470624,0,0,180,0,-180,154.990204062348,378.141227927948,437.4,341.17,0.3974,0,1472,720,921.6,1.28,48
60,RegionE,57.2553333333335,295.396667,352.652000333333,440.815000416667,929.905,440.815000416667,240,0,240,0,0,220,29.0899995833331,-220,82,307.6,386.54,301.5,0.2082,0,1012,560,700,1.25,48
60,RegionF,46.4606666666667,330.826,377.286666666667,479.154066666667,929.905,229.154066666667,0,0,0,250,0,220,480.750933333333,-220,446.708114666667,177.890910365591,406.88,317.37,0.246,0,966,540,685.8,1.27,48
61,RegionA,15.2666666666667,339.249667,354.516333666667,478.59705045,906.065,478.59705045,100,0,100,0,0,0,327.46794955,0,164,257,732.19,0,0.5845,0,630,420,567,1.35,48
61,RegionB,4.70499999999999,328.121,332.826,449.3151,906.065,449.3151,0,0,0,0,0,0,456.7499,0,166.726086956522,166.726086956522,701.69,0,0.5468,0,585,410,553.5,1.35,48
61,RegionC,76.872,316.767,393.639,543.22182,906.065,458.22182,0,0,0,85,0,0,447.84318,0,122.391304347826,30,681.35,0,0.5185,0,540,405,558.9,1.38,48
61,RegionD,196.173,175.836,372.009,476.17152,906.065,216.17152,0,0,0,260,0,180,509.89348,-180,378.141227927948,98.5713354548301,437.28,341.08,0.396,0,1472,720,921.6,1.28,48
61,RegionE,0.616000000000003,285.347,285.963,357.45375,906.065,147.64575,0,0,0,209.808,0,220,538.41925,-220,307.6,82,386.44,301.42,0.2074,0,1012,560,700,1.25,48
61,RegionF,20.2026666666667,312.475667,332.678333666667,422.501483756667,906.065,336.112937116667,0,0,0,86.38854664,0,220,349.952062883333,-220,177.890910365591,85,406.77,317.28,0.2451,0,966,540,685.8,1.27,48
62,RegionA,17.008,308.241,325.249,439.08615,875,439.08615,100,0,100,0,-0,0,335.91385,-0,257,350,731.99,0,0.5857,-0,630,420,567,1.35,48
62,RegionB,19.1473333333333,311.455333,330.602666333333,446.31359955,875,446.31359955,90,0,90,0,0,0,338.68640045,0,166.726086956522,250.426086956522,701.49,0,0.5479,0,585,410,553.5,1.35,48
62,RegionC,77.2623333333333,298.518,375.780333333333,518.57686,875,518.57686,35.3225806451613,0,35.3225806451613,0,0,0,321.100559354839,0,30,62.85,681.16,0,0.5196,0,540,405,558.9,1.38,48
62,RegionD,170.460333333333,204.373333,374.833666333333,479.787092906667,875,471.815750933675,0,0,0,7.97134197299204,0,180,223.184249066325,-180,98.5713354548301,90,437.16,340.98,0.3968,0,1472,720,921.6,1.28,48
62,RegionE,0.280000000000001,271.802333,272.082333,340.10291625,875,340.10291625,0,0,0,0,0,220,314.89708375,-220,82,82,386.33,301.34,0.2078,0,1012,560,700,1.25,48
62,RegionF,20.16,286.006,306.166,388.83082,875,388.83082,250,0,250,0,0,220,16.16918,-220,85,320,406.66,317.19,0.2456,0,966,540,685.8,1.27,48
63,RegionA,16.0533333333334,286.419667,302.473000333333,408.33855045,838.825,308.33855045,0,0,0,100,0,0,530.48644955,0,350,241.304347826087,731.77,0,0.5902,0,630,420,567,1.35,48
63,RegionB,18.28,279.583667,297.863667,402.11595045,838.825,402.11595045,0,0,0,0,-0,0,436.70904955,-0,250.426086956522,250.426086956522,701.28,0,0.5521,-0,585,410,553.5,1.35,48
63,RegionC,76.5513333333333,259.678667,336.230000333333,463.99740046,838.825,463.99740046,85,0,85,0,0,0,289.82759954,0,62.85,141.9,680.96,0,0.5236,0,540,405,558.9,1.38,48
63,RegionD,204.082,144.096667,348.178667,445.66869376,838.825,445.66869376,213.15630624,0,213.15630624,0,0,180,0,-180,90,290.3669278656,437.03,340.88,0.3998,0,1472,720,921.6,1.28,48
63,RegionE,0,237.860667,237.860667,297.32583375,838.825,297.32583375,0,0,0,0,0,220,321.49916625,-220,82,82,386.21,301.24,0.2094,0,1012,560,700,1.25,48
63,RegionF,11.872,241.45,253.322,321.71894,838.825,321.71894,250,0,250,0,0,220,47.10606,-220,320,555,406.54,317.1,0.2475,0,966,540,685.8,1.27,48
64,RegionA,3.55733333333334,236.52,240.077333333333,324.1044,800,224.1044,0,0,0,100,0,0,575.8956,0,241.304347826087,132.608695652174,731.55,0,0.5976,0,630,420,567,1.35,48
64,RegionB,17.6163333333333,245.72,263.336333333333,355.50405,800,355.50405,0,0,0,0,-0,0,444.49595,-0,250.426086956522,250.426086956522,701.07,0,0.559,-0,585,410,553.5,1.35,48
64,RegionC,78.168,227.540667,305.708667,421.87796046,800,421.87796046,85,0,85,0,-0,0,293.12203954,-0,141.9,220.95,680.75,0,0.5301,-0,540,405,558.9,1.38,48
64,RegionD,129.619333333333,76.120667,205.740000333333,263.347200426667,800,77.0059575116587,0,0,0,186.341242915008,0,180,542.994042488341,-180,290.3669278656,90,436.9,340.78,0.4048,0,1472,720,921.6,1.28,48
64,RegionE,0,227.440667,227.440667,284.30083375,800,284.30083375,240,0,240,0,0,220,55.69916625,-220,82,307.6,386.1,301.16,0.212,0,1012,560,700,1.25,48
64,RegionF,130.312,226.945333,357.257333,453.71681291,800,203.71681291,0,0,0,250,0,220,376.28318709,-220,555,286.182795698925,406.42,317.01,0.2506,0,966,540,685.8,1.27,48
65,RegionA,5.28,239.890667,245.170667,330.98040045,761.175,330.98040045,100,0,100,0,-0,0,330.19459955,-0,132.608695652174,225.608695652174,1060.4,0,0.6073,-0,630,420,567,1.35,48
65,RegionB,1.58266666666667,227.763333,229.345999666667,309.61709955,761.175,309.61709955,0,0,0,0,-0,0,451.55790045,-0,250.426086956522,250.426086956522,1016.22,0,0.5681,-0,585,410,553.5,1.35,48
65,RegionC,53.1463333333334,245.517333,298.663666333333,412.15585954,761.175,412.15585954,0,0,0,0,-0,0,349.01914046,-0,220.95,220.95,986.76,0,0.5388,-0,540,405,558.9,1.38,48
65,RegionD,81.38,94.344667,175.724667,224.92757376,761.175,224.92757376,260,0,260,0,-0,180,96.24742624,-180,90,334.4,633.3,493.97,0.4114,-0,1472,720,921.6,1.28,48
65,RegionE,114.808,208.96,323.768,404.71,761.175,404.71,136.465,0,136.465,0,0,220,0,-220,307.6,435.8771,559.66,436.53,0.2155,0,1012,560,700,1.25,48
65,RegionF,137.128666666667,170.062,307.190666666667,390.132146666667,761.175,390.132146666667,151.042853333333,0,151.042853333333,0,0,220,0,-220,286.182795698925,428.163077832258,589.11,459.51,0.2547,0,966,540,685.8,1.27,48
66,RegionA,42.875,209.495333,252.370333,340.69994955,725,240.69994955,0,0,0,100,0,0,484.30005045,0,225.608695652174,116.913043478261,1060.05,0,0.6188,0,630,420,567,1.35,48
66,RegionB,6.04500000000001,236.126667,242.171667,326.93175045,725,326.93175045,0,0,0,0,-0,0,398.06824955,-0,250.426086956522,250.426086956522,1015.88,0,0.5788,-0,585,410,553.5,1.35,48
66,RegionC,17.7626666666669,220.44,238.202666666667,328.71968,725,328.71968,85,0,85,0,-0,0,311.28032,-0,220.95,300,986.43,0,0.5489,-0,540,405,558.9,1.38,48
66,RegionD,223.551666666667,82.288,305.839666666667,391.474773333333,725,391.474773333333,0,0,0,0,0,180,153.525226666667,-180,334.4,334.4,633.08,493.8,0.4192,0,1472,720,921.6,1.28,48
66,RegionE,97.3973333333333,185.9,283.297333333333,354.121666666667,725,354.121666666667,150.878333333333,0,150.878333333333,0,0,220,0,-220,435.8771,577.702733333333,559.47,436.39,0.2196,0,1012,560,700,1.25,48
66,RegionF,67.3050000000001,177.836333,245.141333,311.32949291,725,311.32949291,193.67050709,0,193.67050709,0,0,220,0,-220,428.163077832258,610.213354496858,588.91,459.35,0.2595,0,966,540,685.8,1.27,48
67,RegionA,34.6453333333333,168.972,203.617333333333,274.8834,693.935,274.8834,100,0,100,0,-0,0,319.0516,-0,116.913043478261,209.913043478261,1059.68,0,0.631,-0,630,420,567,1.35,48
67,RegionB,3.38733333333335,198.035333,201.422666333333,271.92059955,693.935,181.92059955,0,0,0,90,0,0,512.01440045,0,250.426086956522,152.6,1015.52,0,0.5903,0,585,410,553.5,1.35,48
67,RegionC,3.85833333333333,231.301667,235.160000333333,324.52080046,693.935,239.52080046,0,0,0,85,0,0,454.41419954,0,300,207.608695652174,986.09,0,0.5598,0,540,405,558.9,1.38,48
67,RegionD,130.601,107.298333,237.899333,304.51114624,693.935,77.2191462400001,0,0,0,227.292,0,180,436.71585376,-180,334.4,90,632.86,493.63,0.4275,0,1472,720,921.6,1.28,48
67,RegionE,102.269,195.692,297.961,372.45125,693.935,372.45125,101.48375,0,101.48375,0,0,220,0,-220,577.702733333333,673.097458333333,559.27,436.23,0.2239,0,1012,560,700,1.25,48
67,RegionF,23.352,158.181333,181.533333,230.54733291,693.935,0,0,0,0,230.54733291,0,220,473.935,-220,610.213354496858,362.312996529116,588.71,459.19,0.2646,0,966,540,685.8,1.27,48
68,RegionA,46.9120000000001,228.786667,275.698667,372.19320045,670.095,311.27320045,0,0,0,60.92,0,0,358.82179955,0,209.913043478261,143.695652173913,1059.29,0,0.6433,0,630,420,567,1.35,48
68,RegionB,8.18,263.133,271.313,366.27255,670.095,366.27255,90,0,90,0,-0,0,213.82245,-0,152.6,236.3,1015.16,0,0.6018,-0,585,410,553.5,1.35,48
68,RegionC,3.29866666666667,253.163333,256.461999666667,353.91755954,670.095,353.91755954,85,0,85,0,-0,0,231.17744046,-0,207.608695652174,286.658695652174,985.73,0,0.5707,-0,540,405,558.9,1.38,48
68,RegionD,123.720333333333,125.310333,249.030666333333,318.759252906667,670.095,318.759252906667,171.335747093333,0,171.335747093333,0,0,180,0,-180,90,251.055602267733,632.63,493.45,0.4358,0,1472,720,921.6,1.28,48
68,RegionE,56.3213333333333,197.27,253.591333333333,316.989166666667,670.095,76.9891666666667,0,0,0,240,0,220,373.105833333333,-220,673.097458333333,415.032942204301,559.07,436.07,0.2283,0,1012,560,700,1.25,48
68,RegionF,22.76,177.382,200.142,254.18034,670.095,254.18034,195.91466,0,195.91466,0,0,220,0,-220,362.312996529116,546.472776929116,588.5,459.03,0.2698,0,966,540,685.8,1.27,48
69,RegionA,21.9,211.915,233.815,315.65025,655.11,315.65025,0,0,0,0,0,0,339.45975,0,143.695652173913,143.695652173913,1058.9,0,0.6547,0,630,420,567,1.35,48
69,RegionB,8.62266666666667,244.470667,253.093333666667,341.67600045,655.11,341.67600045,90,0,90,0,-0,0,223.43399955,-0,236.3,320,1014.78,0,0.6125,-0,585,410,553.5,1.35,48
69,RegionC,5.4,244.86,250.26,345.3588,655.11,260.3588,0,0,0,85,0,0,394.7512,0,286.658695652174,194.267391304348,985.36,0,0.5808,0,540,405,558.9,1.38,48
69,RegionD,122.68,143.030667,265.710667,340.10965376,655.11,190.327943651008,0,0,0,149.781710108992,0,180,284.782056348992,-180,251.055602267733,90,632.4,493.27,0.4435,0,1472,720,921.6,1.28,48
69,RegionE,34.24,188.409333,222.649333,278.31166625,655.11,38.31166625,0,0,0,240,0,220,396.79833375,-220,415.032942204301,156.968426075269,558.86,435.91,0.2323,0,1012,560,700,1.25,48
69,RegionF,35.844,212.939333,248.783333,315.95483291,655.11,315.95483291,119.15516709,0,119.15516709,0,0,220,0,-220,546.472776929116,658.478633993716,588.28,458.86,0.2745,0,966,540,685.8,1.27,48
70,RegionA,20.06,227.495333,247.555333,334.19969955,650,334.19969955,0,0,0,0,0,0,315.80030045,0,143.695652173913,143.695652173913,656.99,0,0.6644,0,630,420,567,1.35,48
70,RegionB,10.0293333333333,265.599,275.628333333333,372.09825,650,282.09825,0,0,0,90,0,0,367.90175,0,320,222.173913043478,629.62,0,0.6215,0,585,410,553.5,1.35,48
70,RegionC,2.03599999999998,267.538333,269.574333,372.01257954,650,287.01257954,0,0,0,85,0,0,362.98742046,0,194.267391304348,101.876086956522,611.37,0,0.5894,0,540,405,558.9,1.38,48
70,RegionD,118.051333333333,188,306.051333333333,391.745706666667,650,391.745706666667,0,0,0,0,0,180,78.2542933333334,-180,90,90,392.37,306.05,0.4501,0,1472,720,921.6,1.28,48
70,RegionE,34.184,184.696,218.88,273.6,650,273.6,156.4,0,156.4,0,0,220,0,-220,156.968426075269,303.984426075269,346.75,270.47,0.2357,0,1012,560,700,1.25,48
70,RegionF,17.812,218.657667,236.469667,300.31647709,650,50.31647709,0,0,0,250,0,220,379.68352291,-220,658.478633993716,389.66142969264,365,284.7,0.2786,0,966,540,685.8,1.27,48
71,RegionA,38.3176666666667,318.438667,356.756333666667,481.62105045,655.11,381.62105045,0,0,0,100,0,0,273.48894955,0,143.695652173913,35,656.73,0,0.6716,0,630,420,567,1.35,48
71,RegionB,15.1043333333333,322.898667,338.003000333333,456.30405045,655.11,366.30405045,0,0,0,90,0,0,288.80594955,0,222.173913043478,124.347826086957,629.37,0,0.6283,0,585,410,553.5,1.35,48
71,RegionC,7.60266666666667,289.031,296.633666666667,409.35446,655.11,409.35446,85,0,85,0,-0,0,160.75554,-0,101.876086956522,180.926086956522,611.13,0,0.5958,-0,540,405,558.9,1.38,48
71,RegionD,106.730666666667,245.928667,352.659333666667,451.403947093333,655.11,451.403947093333,0,0,0,0,0,180,23.7060529066666,-180,90,90,392.22,305.93,0.455,0,1472,720,921.6,1.28,48
71,RegionE,34,238.149333,272.149333,340.18666625,655.11,133.74115,0,0,0,206.44551625,0,220,301.36885,-220,303.984426075269,82,346.61,270.36,0.2383,0,1012,560,700,1.25,48
71,RegionF,15.665,215.715,231.38,293.8526,655.11,43.8526,0,0,0,250,0,220,391.2574,-220,389.66142969264,120.844225391565,364.85,284.58,0.2817,0,966,540,685.8,1.27,48
72,RegionA,44.028,302.842667,346.870667,468.27540045,670.095,468.27540045,0,0,0,0,0,0,201.81959955,0,35,35,474.12,0,0.676,0,630,420,567,1.35,72
72,RegionB,15.411,317.892,333.303,449.95905,670.095,364.99905,0,0,0,84.96,0,0,305.09595,0,124.347826086957,32,454.36,0,0.6324,0,585,410,553.5,1.35,72
72,RegionC,11.1933333333333,341.601,352.794333333333,486.85618,670.095,401.85618,0,0,0,85,0,0,268.23882,0,180.926086956522,88.5347826086957,441.19,0,0.5997,0,540,405,558.9,1.38,72
72,RegionD,60.6400000000002,291.69,352.33,450.9824,670.095,450.9824,0,0,0,0,0,180,39.1125999999998,-180,90,90,283.15,220.86,0.4579,0,1472,720,921.6,1.28,72
72,RegionE,32.1706666666667,253.302,285.472666666667,356.840833333333,670.095,356.840833333333,0,0,0,0,0,220,93.2541666666666,-220,82,82,250.23,195.18,0.2399,0,1012,560,700,1.25,72
72,RegionF,52.8683333333333,301.035333,353.903666333333,449.457656243333,670.095,427.972733719178,0,0,0,21.4849225241556,0,220,22.1222662808223,-220,120.844225391565,97.7421581612903,263.4,205.45,0.2835,0,966,540,685.8,1.27,72
73,RegionA,24.7760000000001,361.522,386.298,521.5023,693.935,521.5023,0,0,0,0,0,0,172.4327,0,35,35,473.92,0,0.677,0,630,420,567,1.35,72
73,RegionB,12.845,368.093333,380.938333,514.26674955,693.935,514.26674955,90,0,90,0,0,0,89.6682504499998,0,32,115.7,454.17,0,0.6334,0,585,410,553.5,1.35,72
73,RegionC,12.5906666666667,365.13,377.720666666667,521.25452,693.935,467.40252,0,0,0,53.8520000000001,0,0,226.53248,0,88.5347826086957,30,441.01,0,0.6006,0,540,405,558.9,1.38,72
73,RegionD,17,365.628333,382.628333,489.76426624,693.935,489.76426624,24.17073376,0,24.17073376,0,0,180,0,-180,90,112.7204897344,283.03,220.76,0.4586,0,1472,720,921.6,1.28,72
73,RegionE,4.21200000000004,291.614,295.826,369.7825,693.935,369.7825,104.1525,0,104.1525,0,0,220,0,-220,82,179.90335,250.12,195.09,0.2402,0,1012,560,700,1.25,72
73,RegionF,28.9933333333334,323.290667,352.284000333333,447.400680423333,693.935,447.400680423333,0,0,0,0,0,220,26.5343195766666,-220,97.7421581612903,97.7421581612903,263.29,205.37,0.2839,0,966,540,685.8,1.27,72
74,RegionA,9.04,371.458667,380.498667,513.67320045,725,513.67320045,100,0,100,0,0,0,111.32679955,0,35,128,473.72,0,0.6747,0,630,420,567,1.35,72
74,RegionB,12.963,367.508333,380.471333,513.63629955,725,513.63629955,90,0,90,0,0,0,121.36370045,0,115.7,199.4,453.98,0,0.6312,0,585,410,553.5,1.35,72
74,RegionC,13.1666666666667,377.063333,390.229999666667,538.51739954,725,538.51739954,0,0,0,0,0,0,186.48260046,0,30,30,440.82,0,0.5985,0,540,405,558.9,1.38,72
74,RegionD,14.86,331.47,346.33,443.3024,725,422.172344547008,0,0,0,21.130055452992,0,180,122.827655452992,-180,112.7204897344,90,282.92,220.68,0.4571,0,1472,720,921.6,1.28,72
74,RegionE,0.48,299.294,299.774,374.7175,725,374.7175,130.2825,0,130.2825,0,0,220,0,-220,179.90335,302.3689,250.02,195.02,0.2394,0,1012,560,700,1.25,72
74,RegionF,14.54,392.428667,406.968667,516.85020709,725,505,0,0,0,11.85020709,0,220,0,-220,97.7421581612903,85,263.18,205.28,0.2829,0,966,540,685.8,1.27,72
75,RegionA,6.844,377.1,383.944,518.3244,761.175,518.3244,38.7096774193548,0,38.7096774193548,0,0,0,204.140922580645,0,128,164,473.51,0,0.6691,0,630,420,567,1.35,72
75,RegionB,11.6333333333333,378.232,389.865333333333,526.3182,761.175,526.3182,90,0,90,0,0,0,144.8568,0,199.4,283.1,453.78,0,0.6259,0,585,410,553.5,1.35,72
75,RegionC,8.68700000000002,380.682667,389.369667,537.33014046,761.175,537.33014046,85,0,85,0,0,0,138.84485954,0,30,109.05,440.63,0,0.5936,0,540,405,558.9,1.38,72
75,RegionD,14.86,310.046667,324.906667,415.88053376,761.175,415.88053376,165.29446624,0,165.29446624,0,0,180,0,-180,90,245.3767982656,282.79,220.58,0.4533,0,1472,720,921.6,1.28,72
75,RegionE,0.912000000000003,347.807333,348.719333,435.89916625,761.175,230.95608925,0,0,0,204.943077,0,220,310.21891075,-220,302.3689,82,249.91,194.93,0.2374,0,1012,560,700,1.25,72
75,RegionF,30.5039999999999,385.849333,416.353333,528.76873291,761.175,528.76873291,0,0,0,0,0,220,12.40626709,-220,85,85,263.06,205.19,0.2806,0,966,540,685.8,1.27,72
76,RegionA,6.377,385.21,391.587,528.64245,800,528.64245,100,0,100,0,0,0,171.35755,0,164,257,473.31,0,0.6606,0,630,420,567,1.35,72
76,RegionB,9.85066666666666,386.954667,396.805333666667,535.68720045,800,445.68720045,0,0,0,90,0,0,354.31279955,0,283.1,185.273913043478,453.59,0,0.6179,0,585,410,553.5,1.35,72
76,RegionC,4.02,380.176,384.196,530.19048,800,457.46448,0,0,0,72.726,0,0,342.53552,0,109.05,30,440.44,0,0.586,0,540,405,558.9,1.38,72
76,RegionD,13.7600000000001,312.463333,326.223333,417.56586624,800,417.56586624,202.43413376,0,202.43413376,0,0,180,0,-180,245.3767982656,435.664884,282.67,220.48,0.4475,0,1472,720,921.6,1.28,72
76,RegionE,0.48,353.893667,354.373667,442.96708375,800,442.96708375,137.03291625,0,137.03291625,0,0,220,0,-220,82,210.810941275,249.8,194.84,0.2344,0,1012,560,700,1.25,72
76,RegionF,29.2,421.586,450.786,572.49822,800,572.49822,7.50177999999994,0,7.50177999999994,0,0,220,0,-220,85,92.0516731999999,262.95,205.1,0.277,0,966,540,685.8,1.27,72
77,RegionA,5.398,373.84,379.238,511.9713,838.825,511.9713,100,0,100,0,0,0,226.8537,0,257,350,473.1,0,0.6496,0,630,420,567,1.35,72
77,RegionB,21.4353333333333,386.617333,408.052666333333,550.87109955,838.825,550.87109955,90,0,90,0,0,0,197.95390045,0,185.273913043478,268.973913043478,453.38,0,0.6077,0,585,410,553.5,1.35,72
77,RegionC,6.604,370.138667,376.742667,519.90488046,838.825,519.90488046,0,0,0,0,0,0,318.92011954,0,30,30,440.24,0,0.5763,0,540,405,558.9,1.38,72
77,RegionD,2.62,345.211333,347.831333,445.22410624,838.825,185.22410624,0,0,0,260,0,180,473.60089376,-180,435.664884,156.094991526882,282.54,220.38,0.4401,0,1472,720,921.6,1.28,72
77,RegionE,128.72,355.540667,484.260667,605.32583375,838.825,605.32583375,13.49916625,0,13.49916625,0,0,220,0,-220,210.810941275,223.50015755,249.69,194.76,0.2305,0,1012,560,700,1.25,72
77,RegionF,21.1333333333332,410.823333,431.956666333333,548.584966243333,838.825,548.584966243333,0,0,0,0,0,220,70.2400337566668,-220,92.0516731999999,92.0516731999999,262.83,205.01,0.2724,0,966,540,685.8,1.27,72
78,RegionA,5.88833333333335,372.316667,378.205000333333,510.57675045,875,410.57675045,0,0,0,100,0,0,464.42324955,0,350,241.304347826087,472.88,0,0.637,0,630,420,567,1.35,72
78,RegionB,20.4423333333333,388.683667,409.126000333333,552.32010045,875,462.32010045,0,0,0,90,0,0,412.67989955,0,268.973913043478,171.147826086957,453.18,0,0.5959,0,585,410,553.5,1.35,72
78,RegionC,5.69333333333333,371.694,377.387333333333,520.79452,875,520.79452,0,0,0,0,0,0,354.20548,0,30,30,440.04,0,0.5651,0,540,405,558.9,1.38,72
78,RegionD,0.741666666666675,361.534667,362.276333666667,463.713707093333,875,463.713707093333,231.286292906667,0,231.286292906667,0,0,180,0,-180,156.094991526882,373.504106859148,282.42,220.29,0.4315,0,1472,720,921.6,1.28,72
78,RegionE,110.717,400.903333,511.620333,639.52541625,875,507.9302697285,0,0,0,131.5951465215,0,220,147.0697302715,-220,223.50015755,82,249.58,194.67,0.226,0,1012,560,700,1.25,72
78,RegionF,9.19833333333333,418.821,428.019333333333,543.584553333333,875,543.584553333333,0,0,0,0,0,220,111.415446666667,-220,92.0516731999999,92.0516731999999,262.71,204.91,0.2671,0,966,540,685.8,1.27,72
79,RegionA,4.16,371.395333,375.555333,506.99969955,906.065,406.99969955,0,0,0,100,0,0,499.06530045,0,241.304347826087,132.608695652174,727.18,0,0.6235,0,630,420,567,1.35,72
79,RegionB,20.8076666666667,386.321667,407.129333666667,549.62460045,906.065,549.62460045,90,0,90,0,0,0,266.44039955,0,171.147826086957,254.847826086957,696.88,0,0.5832,0,585,410,553.5,1.35,72
79,RegionC,9.30800000000001,350.975667,360.283667,497.19146046,906.065,497.19146046,0,0,0,0,0,0,408.87353954,0,30,30,676.68,0,0.5531,0,540,405,558.9,1.38,72
79,RegionD,207.98,415.188667,623.168667,797.65589376,906.065,584.880127714326,0,0,0,212.775766045674,0,180,141.184872285674,-180,373.504106859148,144.712960573477,434.29,338.75,0.4223,0,1472,720,921.6,1.28,72
79,RegionE,37.6666666666667,355.978,393.644666666667,492.055833333333,906.065,492.055833333333,194.009166666667,0,194.009166666667,0,0,220,0,-220,82,264.368616666667,383.79,299.36,0.2212,0,1012,560,700,1.25,72
79,RegionF,9.14,409.726667,418.866667,531.96066709,906.065,525.402611014,0,0,0,6.55805607599994,0,220,160.662388986,-220,92.0516731999999,85,403.99,315.11,0.2615,0,966,540,685.8,1.27,72
80,RegionA,4.72,381.298667,386.018667,521.12520045,929.905,521.12520045,100,0,100,0,0,0,308.77979955,0,132.608695652174,225.608695652174,726.85,0,0.6099,0,630,420,567,1.35,72
80,RegionB,18.7453333333333,377.498667,396.244000333333,534.92940045,929.905,444.92940045,0,0,0,90,0,0,484.97559955,0,254.847826086957,157.021739130435,696.56,0,0.5706,0,585,410,553.5,1.35,72
80,RegionC,13.9036666666667,349.180333,363.083999666667,501.05591954,929.905,501.05591954,85,0,85,0,0,0,343.84908046,0,30,109.05,676.37,0,0.5411,0,540,405,558.9,1.38,72
80,RegionD,200.140666666667,425.475,625.615666666667,800.788053333334,929.905,749.905,0,0,0,50.8830533333336,0,180,0,-180,144.712960573477,90,434.09,338.59,0.4132,0,1472,720,921.6,1.28,72
80,RegionE,61.036,357.25,418.286,522.8575,929.905,522.8575,187.0475,0,187.0475,0,0,220,0,-220,264.368616666667,440.193266666666,383.61,299.22,0.2164,0,1012,560,700,1.25,72
80,RegionF,21.46,393.484,414.944,526.97888,929.905,526.97888,182.92612,0,182.92612,0,0,220,0,-220,85,256.9505528,403.81,314.97,0.2558,0,966,540,685.8,1.27,72
81,RegionA,3.29200000000001,387.717333,391.009333,527.86259955,944.89,527.86259955,0,0,0,0,0,0,417.02740045,0,225.608695652174,225.608695652174,726.51,0,0.5973,0,630,420,567,1.35,72
81,RegionB,18.72,377.732,396.452,535.2102,944.89,445.2102,0,0,0,90,0,0,499.6798,0,157.021739130435,59.195652173913,696.24,0,0.5587,0,585,410,553.5,1.35,72
81,RegionC,14.154,350.472,364.626,503.18388,944.89,503.18388,35.3225806451613,0,35.3225806451613,0,0,0,406.383539354839,0,109.05,141.9,676.06,0,0.5298,0,540,405,558.9,1.38,72
81,RegionD,196.517333333333,383.713333,580.230666333333,742.695252906667,944.89,742.695252906667,22.1947470933333,0,22.1947470933333,0,0,180,0,-180,90,110.863062267733,433.89,338.43,0.4046,0,1472,720,921.6,1.28,72
81,RegionE,72.4793333333334,384.276667,456.756000333333,570.945000416667,944.89,570.945000416667,153.944999583333,0,153.944999583333,0,0,220,0,-220,440.193266666666,584.901566275,383.44,299.08,0.2119,0,1012,560,700,1.25,72
81,RegionF,131.008,404.797,535.805,680.47235,944.89,520.558335896,0,0,0,159.914014104,0,220,204.331664104,-220,256.9505528,85,403.62,314.82,0.2505,0,966,540,685.8,1.27,72
82,RegionA,2.04,374.038,376.078,507.7053,950,507.7053,0,0,0,0,0,0,442.2947,0,225.608695652174,225.608695652174,726.18,0,0.5863,0,630,420,567,1.35,72
82,RegionB,18.96,364.837,383.797,518.12595,950,493.10595,0,0,0,25.02,0,0,456.89405,0,59.195652173913,32,695.92,0,0.5485,0,585,410,553.5,1.35,72
82,RegionC,6.96966666666669,347.185333,354.154999666667,488.73389954,950,488.73389954,85,0,85,0,0,0,376.26610046,0,141.9,220.95,675.75,0,0.5201,0,540,405,558.9,1.38,72
82,RegionD,191.8,371.632667,563.432667,721.19381376,950,701.791165851008,0,0,0,19.4026479089919,0,180,68.208834148992,-180,110.863062267733,90,433.69,338.28,0.3972,0,1472,720,921.6,1.28,72
82,RegionE,59.36,369.815333,429.175333,536.46916625,950,296.46916625,0,0,0,240,0,220,433.53083375,-220,584.901566275,326.837050145968,383.26,298.94,0.208,0,1012,560,700,1.25,72
82,RegionF,127.52,406.97,534.49,678.8023,950,678.8023,51.1976999999999,0,51.1976999999999,0,0,220,0,-220,85,133.125838,403.43,314.68,0.2459,0,966,540,685.8,1.27,72
83,RegionA,2.32,354.018,356.338,481.0563,944.89,481.0563,0,0,0,0,0,0,463.8337,0,225.608695652174,225.608695652174,725.84,0,0.5777,0,630,420,567,1.35,72
83,RegionB,10.4106666666667,329.102,339.512666666667,458.3421,944.89,458.3421,0,0,0,0,0,0,486.5479,0,32,32,695.59,0,0.5405,0,585,410,553.5,1.35,72
83,RegionC,5.76666666666667,342.998333,348.764999666667,481.29569954,944.89,481.29569954,85,0,85,0,0,0,378.59430046,0,220.95,300,675.43,0,0.5125,0,540,405,558.9,1.38,72
83,RegionD,191.587333333333,376.634667,568.222000333333,727.324160426666,944.89,727.324160426666,0,0,0,0,0,180,37.5658395733335,-180,90,90,433.49,338.12,0.3914,0,1472,720,921.6,1.28,72
83,RegionE,69.72,307.605,377.325,471.65625,944.89,471.65625,240,0,240,0,0,220,13.2337499999999,-220,326.837050145968,552.437050145968,383.08,298.8,0.205,0,1012,560,700,1.25,72
83,RegionF,151.74,326.5,478.24,607.3648,944.89,607.3648,12.6320872340426,0,12.6320872340426,0,0,220,104.893112765957,-220,133.125838,145,403.24,314.53,0.2423,0,966,540,685.8,1.27,72
84,RegionA,2.564,334.495333,337.059333,455.03009955,929.905,355.03009955,0,0,0,100,0,0,574.87490045,0,225.608695652174,116.913043478261,725.5,0,0.5721,0,630,420,567,1.35,72
84,RegionB,1.94666666666666,290.966,292.912666666667,395.4321,929.905,395.4321,90,0,90,0,-0,0,444.4729,-0,32,115.7,695.27,0,0.5352,-0,585,410,553.5,1.35,72
84,RegionC,5.81833333333333,338.398667,344.217000333333,475.01946046,929.905,390.01946046,0,0,0,85,0,0,539.88553954,0,300,207.608695652174,675.12,0,0.5075,0,540,405,558.9,1.38,72
84,RegionD,185.159666666667,297.496667,482.656333666667,617.800107093333,929.905,617.800107093333,132.104892906667,0,132.104892906667,0,0,180,0,-180,90,214.178599332267,433.28,337.96,0.3875,0,1472,720,921.6,1.28,72
84,RegionE,62.0096666666666,293.975333,355.984999666667,444.981249583333,929.905,444.981249583333,240,0,240,0,0,220,24.9237504166667,-220,552.437050145968,778.037050145968,382.9,298.66,0.203,0,1012,560,700,1.25,72
84,RegionF,148.222,292.08,440.302,559.18354,929.905,559.18354,0,0,0,0,0,220,150.72146,-220,145,145,403.05,314.38,0.2399,0,966,540,685.8,1.27,72
85,RegionA,49.632,307.488667,357.120667,482.11290045,906.065,406.75290045,0,0,0,75.36,0,0,499.31209955,0,116.913043478261,35,725.16,0,0.5697,0,630,420,567,1.35,72
85,RegionB,12.4826666666667,312.315,324.797666666667,438.47685,906.065,361.47285,0,0,0,77.004,0,0,544.59215,0,115.7,32,694.94,0,0.5329,0,585,410,553.5,1.35,72
85,RegionC,80.7469999999999,311.376333,392.123333,541.13019954,906.065,456.13019954,0,0,0,85,0,0,449.93480046,0,207.608695652174,115.217391304348,674.8,0,0.5054,0,540,405,558.9,1.38,72
85,RegionD,64.8750000000001,290.474,355.349,454.84672,906.065,454.84672,260,0,260,0,0,180,11.21828,-180,214.178599332267,458.578599332267,433.08,337.8,0.3859,0,1472,720,921.6,1.28,72
85,RegionE,30.2313333333333,283.427,313.658333333333,392.072916666667,906.065,152.072916666667,0,0,0,240,0,220,533.992083333333,-220,778.037050145968,519.972534016935,382.72,298.52,0.2022,0,1012,560,700,1.25,72
85,RegionF,34.1630000000002,254.799667,288.962667,366.98258709,906.065,366.98258709,250,0,250,0,0,220,69.0824129099998,-220,145,380,402.87,314.24,0.2389,0,966,540,685.8,1.27,72
86,RegionA,39.9146666666668,275.65,315.564666666667,426.0123,875,426.0123,100,0,100,0,-0,0,348.9877,-0,35,128,724.82,0,0.5707,-0,630,420,567,1.35,72
86,RegionB,22.0786666666666,318.624,340.702666666667,459.9486,875,459.9486,15.1893408134642,0,15.1893408134642,0,0,0,399.862059186536,0,32,46.1260869565217,694.62,0,0.5339,0,585,410,553.5,1.35,72
86,RegionC,28.496,284.484,312.98,431.9124,875,431.9124,85,0,85,0,0,0,358.0876,0,115.217391304348,194.267391304348,674.48,0,0.5063,0,540,405,558.9,1.38,72
86,RegionD,33.48,241.32,274.8,351.744,875,91.744,0,0,0,260,0,180,603.256,-180,458.578599332267,179.008706859149,432.88,337.65,0.3866,0,1472,720,921.6,1.28,72
86,RegionE,27.18,246.533333,273.713333,342.14166625,875,102.14166625,0,0,0,240,0,220,552.85833375,-220,519.972534016935,261.908017887903,382.54,298.38,0.2025,0,1012,560,700,1.25,72
86,RegionF,25.5833333333333,232.902,258.485333333333,328.276373333333,875,328.276373333333,250,0,250,0,0,220,76.7236266666667,-220,380,615,402.68,314.09,0.2393,0,966,540,685.8,1.27,72
87,RegionA,60.792,256.704,317.496,428.6196,838.825,343.0596,0,0,0,85.56,0,0,495.7654,0,128,35,724.48,0,0.575,0,630,420,567,1.35,72
87,RegionB,21.5643333333333,282.425667,303.990000333333,410.38650045,838.825,410.38650045,0,0,0,0,-0,0,428.43849955,-0,46.1260869565217,46.1260869565217,694.29,0,0.5379,-0,585,410,553.5,1.35,72
87,RegionC,17.6813333333333,233.911333,251.592666333333,347.19787954,838.825,262.19787954,0,0,0,85,0,0,576.62712046,0,194.267391304348,101.876086956522,674.17,0,0.51,0,540,405,558.9,1.38,72
87,RegionD,207.06,231.859,438.919,561.81632,838.825,561.81632,97.00868,0,97.00868,0,0,180,0,-180,179.008706859149,270.196866059149,432.68,337.49,0.3895,0,1472,720,921.6,1.28,72
87,RegionE,101.042,189.231333,290.273333,362.84166625,838.825,362.84166625,240,0,240,0,0,220,15.98333375,-220,261.908017887903,487.508017887903,382.36,298.24,0.204,0,1012,560,700,1.25,72
87,RegionF,16.1783333333334,230.647667,246.826000333333,313.469020423333,838.825,313.469020423333,250,0,250,0,0,220,55.3559795766666,-220,615,850,402.49,313.94,0.2411,0,966,540,685.8,1.27,72
88,RegionA,61.728,236.548333,298.276333,402.67304955,800,402.67304955,0,0,0,0,0,0,397.32695045,0,35,35,724.14,0,0.5822,0,630,420,567,1.35,72
88,RegionB,17.8953333333333,232.306667,250.202000333333,337.77270045,800,337.77270045,90,0,90,0,-0,0,372.22729955,-0,46.1260869565217,129.826086956522,693.97,0,0.5446,-0,585,410,553.5,1.35,72
88,RegionC,17.6933333333333,206.233,223.926333333333,309.01834,800,309.01834,85,0,85,0,-0,0,405.98166,-0,101.876086956522,180.926086956522,673.86,0,0.5164,-0,540,405,558.9,1.38,72
88,RegionD,212.371666666667,166.361667,378.733333666667,484.778667093333,800,484.778667093333,135.221332906667,0,135.221332906667,0,0,180,0,-180,270.196866059149,397.304918991415,432.48,337.33,0.3944,0,1472,720,921.6,1.28,72
88,RegionE,95.528,158.38,253.908,317.385,800,317.385,240,0,240,0,0,220,22.6150000000001,-220,487.508017887903,713.108017887903,382.19,298.11,0.2066,0,1012,560,700,1.25,72
88,RegionF,132.14,207.583333,339.723333,431.44863291,800,431.44863291,0,0,0,0,0,220,148.55136709,-220,850,850,402.3,313.79,0.2441,0,966,540,685.8,1.27,72
89,RegionA,64.4253333333333,213.708667,278.134000333333,375.48090045,761.175,375.48090045,100,0,100,0,-0,0,285.69409955,-0,35,128,1049.53,0,0.5917,-0,630,420,567,1.35,72
89,RegionB,18.1013333333333,217.679333,235.780666333333,318.30389955,761.175,228.30389955,0,0,0,90,0,0,532.87110045,0,129.826086956522,32,1005.8,0,0.5536,0,585,410,553.5,1.35,72
89,RegionC,18.1306666666667,168.837333,186.967999666667,258.01583954,761.175,173.01583954,0,0,0,85,0,0,588.15916046,0,180.926086956522,88.5347826086957,976.64,0,0.5249,0,540,405,558.9,1.38,72
89,RegionD,205.722666666667,116.454,322.176666666667,412.386133333333,761.175,412.386133333333,168.788866666667,0,168.788866666667,0,0,180,0,-180,397.304918991415,555.966453658082,626.8,488.9,0.4009,0,1472,720,921.6,1.28,72
89,RegionE,113.944,161.694667,275.638667,344.54833375,761.175,104.54833375,0,0,0,240,0,220,436.62666625,-220,713.108017887903,455.043501758871,553.92,432.06,0.21,0,1012,560,700,1.25,72
89,RegionF,132.64,176.568667,309.208667,392.69500709,761.175,142.69500709,0,0,0,250,0,220,398.47999291,-220,850,581.182795698925,583.07,454.79,0.2481,0,966,540,685.8,1.27,72
90,RegionA,50.2373333333334,216.545333,266.782666333333,360.15659955,725,360.15659955,0,0,0,0,0,0,364.84340045,0,128,128,1049.05,0,0.603,0,630,420,567,1.35,72
90,RegionB,36.8,244.863333,281.663333,380.24549955,725,380.24549955,39.6774193548387,0,39.6774193548387,0,-0,0,305.077081095161,-0,32,68.9,1005.34,0,0.5641,-0,585,410,553.5,1.35,72
90,RegionC,17.4253333333333,193.879333,211.304666333333,291.60043954,725,291.60043954,85,0,85,0,-0,0,348.39956046,-0,88.5347826086957,167.584782608696,976.2,0,0.5349,-0,540,405,558.9,1.38,72
90,RegionD,205.067,104.771667,309.838667,396.59349376,725,396.59349376,148.40650624,0,148.40650624,0,0,180,0,-180,555.966453658082,695.468569523682,626.51,488.68,0.4085,0,1472,720,921.6,1.28,72
90,RegionE,110.1,158.636,268.736,335.92,725,335.92,169.08,0,169.08,0,0,220,0,-220,455.043501758871,613.978701758871,553.66,431.85,0.214,0,1012,560,700,1.25,72
90,RegionF,133.339333333333,182.73,316.069333333333,401.408053333333,725,151.408053333333,0,0,0,250,0,220,353.591946666667,-220,581.182795698925,312.36559139785,582.8,454.58,0.2529,0,966,540,685.8,1.27,72
91,RegionA,26.6166666666667,196.398667,223.015333666667,301.07070045,693.935,215.51070045,0,0,0,85.56,0,0,478.42429955,0,128,35,1048.57,0,0.6152,0,630,420,567,1.35,72
91,RegionB,32.5299999999999,222.54,255.07,344.3445,693.935,344.3445,90,0,90,0,-0,0,259.5905,-0,68.9,152.6,1004.88,0,0.5755,-0,585,410,553.5,1.35,72
91,RegionC,18.22,156.992,175.212,241.79256,693.935,156.79256,0,0,0,85,0,0,537.14244,0,167.584782608696,75.1934782608696,975.75,0,0.5457,0,540,405,558.9,1.38,72
91,RegionD,122.527333333333,128.078,250.605333333333,320.774826666667,693.935,60.7748266666665,0,0,0,260,0,180,453.160173333333,-180,695.468569523682,415.898677050564,626.23,488.46,0.4167,0,1472,720,921.6,1.28,72
91,RegionE,101.02,179.24,280.26,350.325,693.935,110.325,0,0,0,240,0,220,363.61,-220,613.978701758871,355.914185629839,553.41,431.66,0.2183,0,1012,560,700,1.25,72
91,RegionF,93.8833333333335,159.349333,253.232666333333,321.605486243334,693.935,321.605486243334,152.329513756666,0,152.329513756666,0,0,220,0,-220,312.36559139785,455.555334329116,582.54,454.38,0.258,0,966,540,685.8,1.27,72
92,RegionA,20.9376666666667,223.522,244.459666666667,330.02055,670.095,330.02055,100,0,100,0,-0,0,240.07445,-0,35,128,1048.1,0,0.6274,-0,630,420,567,1.35,72
92,RegionB,38.6466666666667,249.842,288.488666666667,389.4597,670.095,389.4597,90,0,90,0,-0,0,190.6353,-0,152.6,236.3,1004.43,0,0.5869,-0,585,410,553.5,1.35,72
92,RegionC,8.09333333333336,223.526333,231.619666333333,319.63513954,670.095,278.05713954,0,0,0,41.578,0,0,392.03786046,0,75.1934782608696,30,975.32,0,0.5565,0,540,405,558.9,1.38,72
92,RegionD,51.9013333333334,157.033333,208.934666333333,267.436372906667,670.095,7.43637290666669,0,0,0,260,0,180,482.658627093333,-180,415.898677050564,136.328784577445,625.95,488.24,0.425,0,1472,720,921.6,1.28,72
92,RegionE,132.231,135.823667,268.054667,335.06833375,670.095,335.06833375,115.02666625,0,115.02666625,0,0,220,0,-220,355.914185629839,464.039251904839,553.16,431.46,0.2226,0,1012,560,700,1.25,72
92,RegionF,65.9993333333334,167.106667,233.106000333333,296.044620423333,670.095,296.044620423333,154.050379576667,0,154.050379576667,0,0,220,0,-220,455.555334329116,600.362691131183,582.28,454.18,0.2631,0,966,540,685.8,1.27,72
93,RegionA,50.2969999999999,242.756,293.053,395.62155,655.11,310.06155,0,0,0,85.56,0,0,345.04845,0,128,35,1047.64,0,0.6387,0,630,420,567,1.35,72
93,RegionB,26.715,273.361,300.076,405.1026,655.11,405.1026,0,0,0,0,-0,0,250.0074,-0,236.3,236.3,1003.99,0,0.5975,-0,585,410,553.5,1.35,72
93,RegionC,12.572,228.882667,241.454667,333.20744046,655.11,333.20744046,85,0,85,0,-0,0,236.90255954,-0,30,109.05,974.88,0,0.5666,-0,540,405,558.9,1.38,72
93,RegionD,45.855,196.834333,242.689333,310.64234624,655.11,267.556576582976,0,0,0,43.0857696570242,0,180,207.553423417024,-180,136.328784577445,90,625.67,488.02,0.4326,0,1472,720,921.6,1.28,72
93,RegionE,62.3993333333332,180.286667,242.686000333333,303.357500416667,655.11,303.357500416667,131.752499583333,0,131.752499583333,0,0,220,0,-220,464.039251904839,587.886601513172,552.92,431.28,0.2266,0,1012,560,700,1.25,72
93,RegionF,57.28,219.338333,276.618333,351.30528291,655.11,351.30528291,83.80471709,0,83.80471709,0,0,220,0,-220,600.362691131183,679.139125195783,582.02,453.98,0.2678,0,966,540,685.8,1.27,72
94,RegionA,28.0509999999999,259.392,287.443,388.04805,650,388.04805,0,0,0,0,0,0,261.95195,0,35,35,649.97,0,0.6483,0,630,420,567,1.35,72
94,RegionB,9.21033333333338,257.45,266.660333333333,359.99145,650,359.99145,90,0,90,0,-0,0,200.00855,-0,236.3,320,622.89,0,0.6065,-0,585,410,553.5,1.35,72
94,RegionC,13.88,284.158,298.038,411.29244,650,411.29244,0,0,0,0,0,0,238.70756,0,109.05,109.05,604.84,0,0.5751,0,540,405,558.9,1.38,72
94,RegionD,53.9439999999999,220.082,274.026,350.75328,650,350.75328,0,0,0,0,0,180,119.24672,-180,90,90,388.18,302.78,0.4392,0,1472,720,921.6,1.28,72
94,RegionE,38.0933333333333,196.395,234.488333333333,293.110416666667,650,293.110416666667,136.889583333333,0,136.889583333333,0,0,220,0,-220,587.886601513172,716.562809846505,343.04,267.57,0.23,0,1012,560,700,1.25,72
94,RegionF,58.24,208.39,266.63,338.6201,650,88.6201,0,0,0,250,0,220,341.3799,-220,679.139125195783,410.321920894707,361.1,281.66,0.2719,0,966,540,685.8,1.27,72
95,RegionA,3.09866666666666,323.515667,326.614333666667,440.92935045,655.11,440.92935045,0,0,0,0,0,0,214.18064955,0,35,35,649.7,0,0.6555,0,630,420,567,1.35,72
95,RegionB,15.6733333333333,296.256,311.929333333333,421.1046,655.11,331.1046,0,0,0,90,0,0,324.0054,0,320,222.173913043478,622.63,0,0.6132,0,585,410,553.5,1.35,72
95,RegionC,24.6,273.435333,298.035333,411.28875954,655.11,338.56275954,0,0,0,72.726,0,0,316.54724046,0,109.05,30,604.58,0,0.5815,0,540,405,558.9,1.38,72
95,RegionD,86.96,229.478,316.438,405.04064,655.11,405.04064,0,0,0,0,0,180,70.06936,-180,90,90,388.01,302.65,0.4441,0,1472,720,921.6,1.28,72
95,RegionE,27.16,193.616,220.776,275.97,655.11,35.97,0,0,0,240,0,220,399.14,-220,716.562809846505,458.498293717473,342.9,267.46,0.2326,0,1012,560,700,1.25,72
95,RegionF,53.152,287.521333,340.673333,432.65513291,655.11,182.65513291,0,0,0,250,0,220,252.45486709,-220,410.321920894707,141.504716593632,360.94,281.53,0.2749,0,966,540,685.8,1.27,72
96,RegionA,29.4963333333333,335.832667,365.329000333333,493.19415045,670.095,493.19415045,0,0,0,0,0,0,176.90084955,0,35,35,469.03,0,0.6598,0,630,420,567,1.35,96
96,RegionB,29.8093333333333,303.977,333.786333333333,450.61155,670.095,360.61155,0,0,0,90,0,0,309.48345,0,222.173913043478,124.347826086957,449.48,0,0.6173,0,585,410,553.5,1.35,96
96,RegionC,18.9093333333333,319.768667,338.678000333333,467.37564046,670.095,467.37564046,85,0,85,0,0,0,117.71935954,0,30,109.05,436.46,0,0.5853,0,540,405,558.9,1.38,96
96,RegionD,94.9973333333333,225.576333,320.573666333333,410.334292906667,670.095,410.334292906667,79.7607070933334,0,79.7607070933334,0,0,180,0,-180,90,164.975064667733,280.11,218.49,0.447,0,1472,720,921.6,1.28,96
96,RegionE,70.4746666666666,243.204,313.678666666667,392.098333333333,670.095,152.098333333333,0,0,0,240,0,220,297.996666666667,-220,458.498293717473,200.433777588441,247.54,193.08,0.2341,0,1012,560,700,1.25,96
96,RegionF,33.92,304.272,338.192,429.50384,670.095,429.50384,20.59116,0,20.59116,0,0,220,0,-220,141.504716593632,160.860406993632,260.57,203.24,0.2767,0,966,540,685.8,1.27,96
97,RegionA,29.952,389.929333,419.881333,566.83979955,693.935,566.83979955,100,0,100,0,0,0,27.0952004499999,0,35,128,468.83,0,0.6609,0,630,420,567,1.35,96
97,RegionB,31.064,359.708,390.772,527.5422,693.935,442.5822,0,0,0,84.96,0,0,251.3528,0,124.347826086957,32,449.3,0,0.6183,0,585,410,553.5,1.35,96
97,RegionC,22.7346666666667,354.778667,377.513333666667,520.96840046,693.935,448.24240046,0,0,0,72.726,0,0,245.69259954,0,109.05,30,436.28,0,0.5863,0,540,405,558.9,1.38,96
97,RegionD,74.2479999999999,291.195333,365.443333,467.76746624,693.935,467.76746624,46.16753376,0,46.16753376,0,0,180,0,-180,164.975064667733,208.372546402133,280,218.4,0.4477,0,1472,720,921.6,1.28,96
97,RegionE,56,317.668667,373.668667,467.08583375,693.935,373.370753926083,0,0,0,93.7150798239168,0,220,100.564246073917,-220,200.433777588441,99.6648745519713,247.44,193,0.2345,0,1012,560,700,1.25,96
97,RegionF,4.25066666666665,289.32,293.570666666667,372.834746666667,693.935,302.284568162589,0,0,0,70.5501785040778,0,220,171.650431837411,-220,160.860406993632,85,260.46,203.16,0.2772,0,966,540,685.8,1.27,96
98,RegionA,31.3836666666667,368.268333,399.651999666667,539.53019955,725,539.53019955,0,0,0,0,0,0,185.46980045,0,128,128,468.65,0,0.6586,0,630,420,567,1.35,96
98,RegionB,30.0466666666667,361.733333,391.779999666667,528.90299955,725,528.90299955,90,0,90,0,0,0,106.09700045,0,32,115.7,449.12,0,0.6161,0,585,410,553.5,1.35,96
98,RegionC,24.5366666666667,367.761333,392.297999666667,541.37123954,725,541.37123954,0,0,0,0,0,0,183.62876046,0,30,30,436.1,0,0.5843,0,540,405,558.9,1.38,96
98,RegionD,69.6,359.078,428.678,548.70784,725,548.70784,0,0,0,0,0,176.29216,0,-176.29216,208.372546402133,208.372546402133,279.89,218.31,0.4462,0,1472,720,921.6,1.28,96
98,RegionE,25.8586666666666,391.284,417.142666666667,521.428333333333,725,505,0,0,0,16.4283333333333,0,220,0,-220,99.6648745519713,82,247.34,192.93,0.2337,0,1012,560,700,1.25,96
98,RegionF,0.4,330.338,330.738,420.03726,725,420.03726,84.96274,0,84.96274,0,0,220,0,-220,85,164.8649756,260.36,203.08,0.2762,0,966,540,685.8,1.27,96
99,RegionA,29.8293333333333,389.356,419.185333333333,565.9002,761.175,480.3402,0,0,0,85.56,0,0,280.8348,0,128,35,468.46,0,0.6531,0,630,420,567,1.35,96
99,RegionB,28.176,364.249,392.425,529.77375,761.175,529.77375,90,0,90,0,0,0,141.40125,0,115.7,199.4,448.94,0,0.6109,0,585,410,553.5,1.35,96
99,RegionC,15.0106666666666,374.593333,389.603999666667,537.65351954,761.175,537.65351954,0,0,0,0,0,0,223.52148046,0,30,30,435.93,0,0.5793,0,540,405,558.9,1.38,96
99,RegionD,69.6,380.031333,449.631333,575.52810624,761.175,575.52810624,5.6468937599999,0,5.6468937599999,0,0,180,0,-180,208.372546402133,213.680626536533,279.78,218.23,0.4424,0,1472,720,921.6,1.28,96
99,RegionE,16.32,382.03,398.35,497.9375,761.175,497.9375,0,0,0,0,0,220,43.2375,-220,82,82,247.24,192.85,0.2317,0,1012,560,700,1.25,96
99,RegionF,0.239999999999998,364.39,364.63,463.0801,761.175,388.805672692,0,0,0,74.274427308,0,220,152.369327308,-220,164.8649756,85,260.26,203,0.2739,0,966,540,685.8,1.27,96
100,RegionA,23.2810000000001,392.170333,415.451333,560.85929955,800,560.85929955,0,0,0,0,0,0,239.14070045,0,35,35,468.28,0,0.6446,0,630,420,567,1.35,96
100,RegionB,30.612,358.644667,389.256667,525.49650045,800,435.49650045,0,0,0,90,0,0,364.50349955,0,199.4,101.573913043478,448.77,0,0.603,0,585,410,553.5,1.35,96
100,RegionC,6.37866666666669,378.371667,384.750333666667,530.95546046,800,530.95546046,0,0,0,0,0,0,269.04453954,0,30,30,435.77,0,0.5718,0,540,405,558.9,1.38,96
100,RegionD,8.37333333333331,400.438333,408.811666333333,523.278932906667,800,523.278932906667,96.7210670933333,0,96.7210670933333,0,0,180,0,-180,213.680626536533,304.598429604267,279.67,218.14,0.4367,0,1472,720,921.6,1.28,96
100,RegionE,16.32,383.613333,399.933333,499.91666625,800,499.91666625,80.08333375,0,80.08333375,0,0,220,0,-220,82,157.278333725,247.15,192.78,0.2287,0,1012,560,700,1.25,96
100,RegionF,0,375.018,375.018,476.27286,800,476.27286,0,0,0,-0,0,220,103.72714,-220,85,85,260.16,202.92,0.2703,0,966,540,685.8,1.27,96
101,RegionA,8.96466666666666,392.081333,401.045999666667,541.41209955,838.825,541.41209955,100,0,100,0,0,0,197.41290045,0,35,128,468.11,0,0.6338,0,630,420,567,1.35,96
101,RegionB,13.3826666666666,375.808,389.190666666667,525.4074,838.825,461.3994,0,0,0,64.008,0,0,377.4256,0,101.573913043478,32,448.61,0,0.5929,0,585,410,553.5,1.35,96
101,RegionC,5.07333333333333,380.224,385.297333333333,531.71032,838.825,531.71032,0,0,0,0,0,0,307.11468,0,30,30,435.6,0,0.5622,0,540,405,558.9,1.38,96
101,RegionD,10.36,389.18,399.54,511.4112,838.825,511.4112,147.4138,0,147.4138,0,0,180,0,-180,304.598429604267,443.167401604267,279.57,218.06,0.4293,0,1472,720,921.6,1.28,96
101,RegionE,16.32,394.06,410.38,512.975,838.825,512.975,105.85,0,105.85,0,0,220,0,-220,157.278333725,256.777333725,247.06,192.71,0.2249,0,1012,560,700,1.25,96
101,RegionF,0,397.084,397.084,504.29668,838.825,504.29668,0,0,0,0,0,220,114.52832,-220,85,85,260.06,202.85,0.2658,0,966,540,685.8,1.27,96
102,RegionA,4.06499999999999,363.382667,367.447667,496.05435045,875,496.05435045,100,0,100,0,0,0,278.94564955,0,128,221,467.95,0,0.6212,0,630,420,567,1.35,96
102,RegionB,13.38,373.1,386.48,521.748,875,521.748,0,0,0,0,0,0,353.252,0,32,32,448.45,0,0.5812,0,585,410,553.5,1.35,96
102,RegionC,4.67733333333333,385.68,390.357333333333,538.69312,875,538.69312,0,0,0,0,0,0,336.30688,0,30,30,435.45,0,0.5511,0,540,405,558.9,1.38,96
102,RegionD,222.717,365.984,588.701,753.53728,875,493.53728,0,0,0,260,0,180,201.46272,-180,443.167401604267,163.597509131148,279.47,217.99,0.4208,0,1472,720,921.6,1.28,96
102,RegionE,11.632,399.044,410.676,513.345,875,350.80207963575,0,0,0,162.54292036425,0,220,304.19792036425,-220,256.777333725,82,246.97,192.64,0.2204,0,1012,560,700,1.25,96
102,RegionF,107.6,428.016667,535.616667,680.23316709,875,680.23316709,0,0,0,0,0,194.76683291,0,-194.76683291,85,85,259.97,202.78,0.2605,0,966,540,685.8,1.27,96
103,RegionA,2.20666666666666,363.722333,365.928999666667,494.00414955,906.065,422.88414955,0,0,0,71.12,0,0,483.18085045,0,221,143.695652173913,719.67,0,0.6079,0,630,420,567,1.35,96
103,RegionB,7.14399999999997,379.741333,386.885333,522.29519955,906.065,522.29519955,0,0,0,0,0,0,383.76980045,0,32,32,689.68,0,0.5687,0,585,410,553.5,1.35,96
103,RegionC,7.336,383.168,390.504,538.89552,906.065,538.89552,0,0,0,0,0,0,367.16948,0,30,30,669.69,0,0.5392,0,540,405,558.9,1.38,96
103,RegionD,115.206,400.633333,515.839333,660.27434624,906.065,660.27434624,65.7906537599998,0,65.7906537599998,0,0,180,0,-180,163.597509131148,225.440723665548,429.8,335.24,0.4118,0,1472,720,921.6,1.28,96
103,RegionE,24.32,412.501,436.821,546.02625,906.065,546.02625,0,0,0,0,0,220,140.03875,-220,82,82,379.83,296.27,0.2157,0,1012,560,700,1.25,96
103,RegionF,104.636333333333,426.425667,531.062000333333,674.448740423333,906.065,674.448740423333,11.6162595766667,0,11.6162595766667,0,0,220,0,-220,85,95.9192840020667,399.82,311.86,0.2549,0,966,540,685.8,1.27,96
104,RegionA,14.6093333333333,364.392,379.001333333333,511.6518,929.905,411.6518,0,0,0,100,0,0,518.2532,0,143.695652173913,35,719.43,0,0.5945,0,630,420,567,1.35,96
104,RegionB,4.07466666666667,383.753333,387.827999666667,523.56779955,929.905,523.56779955,0,0,0,0,0,0,406.33720045,0,32,32,689.45,0,0.5562,0,585,410,553.5,1.35,96
104,RegionC,3.75,378.510667,382.260667,527.51972046,929.905,527.51972046,85,0,85,0,0,0,317.38527954,0,30,109.05,669.47,0,0.5274,0,540,405,558.9,1.38,96
104,RegionD,81.2196666666667,372.17,453.389666666667,580.338773333333,929.905,454.378900324374,0,0,0,125.95987300896,0,180,295.526099675626,-180,225.440723665548,90,429.66,335.13,0.4027,0,1472,720,921.6,1.28,96
104,RegionE,24.64,363.476667,388.116667,485.14583375,929.905,485.14583375,224.75916625,0,224.75916625,0,0,220,0,-220,82,293.273616275,379.7,296.17,0.211,0,1012,560,700,1.25,96
104,RegionF,100.508,369.234,469.742,596.57234,929.905,596.57234,24.3594896797963,0,24.3594896797963,0,0,220,88.9731703202036,-220,95.9192840020667,118.817204301075,399.68,311.75,0.2493,0,966,540,685.8,1.27,96
105,RegionA,13.496,362.781333,376.277333,507.97439955,944.89,507.97439955,0,0,0,0,0,0,436.91560045,0,35,35,719.2,0,0.582,0,630,420,567,1.35,96
105,RegionB,16.7216666666667,380.3,397.021666666667,535.97925,944.89,535.97925,0,0,0,0,0,0,408.91075,0,32,32,689.24,0,0.5445,0,585,410,553.5,1.35,96
105,RegionC,2.30166666666666,377.629333,379.930999666667,524.30477954,944.89,524.30477954,85,0,85,0,0,0,335.58522046,0,109.05,188.1,669.26,0,0.5163,0,540,405,558.9,1.38,96
105,RegionD,76.32,376.005,452.325,578.976,944.89,578.976,0,0,0,0,0,180,185.914,-180,90,90,429.52,335.03,0.3943,0,1472,720,921.6,1.28,96
105,RegionE,14.704,407.118,421.822,527.2775,944.89,330.79303686425,0,0,0,196.48446313575,0,220,394.09696313575,-220,293.273616275,82,379.58,296.07,0.2065,0,1012,560,700,1.25,96
105,RegionF,97.8573333333334,341.79,439.647333333333,558.352113333333,944.89,558.352113333333,0,0,0,0,0,220,166.537886666667,-220,118.817204301075,118.817204301075,399.56,311.66,0.2441,0,966,540,685.8,1.27,96
106,RegionA,14.2203333333333,372.284333,386.504666333333,521.78129955,950,521.78129955,0,0,0,0,0,0,428.21870045,0,35,35,718.99,0,0.5713,0,630,420,567,1.35,96
106,RegionB,18.2593333333333,379.217333,397.476666333333,536.59349955,950,536.59349955,90,0,90,0,0,0,323.40650045,0,32,115.7,689.03,0,0.5344,0,585,410,553.5,1.35,96
106,RegionC,3.74,372.074667,375.814667,518.62424046,950,433.62424046,0,0,0,85,0,0,516.37575954,0,188.1,95.7086956521739,669.06,0,0.5068,0,540,405,558.9,1.38,96
106,RegionD,71.4173333333333,336.756667,408.174000333333,522.462720426667,950,522.462720426667,0,0,0,0,0,180,247.537279573333,-180,90,90,429.39,334.92,0.387,0,1472,720,921.6,1.28,96
106,RegionE,12.88,362.426,375.306,469.1325,950,469.1325,0,0,0,0,0,220,260.8675,-220,82,82,379.47,295.99,0.2027,0,1012,560,700,1.25,96
106,RegionF,27.8196666666667,343.937333,371.756999666667,472.131389576667,950,472.131389576667,250,0,250,0,0,220,7.86861042333317,-220,118.817204301075,353.817204301075,399.44,311.56,0.2396,0,966,540,685.8,1.27,96
107,RegionA,2.88266666666665,384.015667,386.898333666667,522.31275045,944.89,522.31275045,100,0,100,0,0,0,322.57724955,0,35,128,718.78,0,0.5629,0,630,420,567,1.35,96
107,RegionB,14.1796666666667,373.581667,387.761333666667,523.47780045,944.89,446.47380045,0,0,0,77.004,0,0,498.41619955,0,115.7,32,688.83,0,0.5266,0,585,410,553.5,1.35,96
107,RegionC,3.09000000000001,358.188,361.278,498.56364,944.89,498.56364,0,0,0,0,0,0,446.32636,0,95.7086956521739,95.7086956521739,668.87,0,0.4994,0,540,405,558.9,1.38,96
107,RegionD,189.465333333333,322.183333,511.648666333333,654.910292906666,944.89,654.910292906666,0,0,0,0,0,180,109.979707093334,-180,90,90,429.27,334.83,0.3814,0,1472,720,921.6,1.28,96
107,RegionE,56.2076666666666,328.676,384.883666666667,481.104583333333,944.89,481.104583333333,240,0,240,0,0,220,3.78541666666672,-220,82,307.6,379.36,295.9,0.1998,0,1012,560,700,1.25,96
107,RegionF,92.02,326.412667,418.432667,531.40948709,944.89,531.40948709,0,0,0,0,0,220,193.48051291,-220,353.817204301075,353.817204301075,399.32,311.47,0.2361,0,966,540,685.8,1.27,96
108,RegionA,1.71866666666667,342.648,344.366666666667,464.895,929.905,464.895,33.7540906965872,0,33.7540906965872,0,0,0,431.255909303413,0,128,159.391304347826,718.59,0,0.5575,0,630,420,567,1.35,96
108,RegionB,20.5,321.71,342.21,461.9835,929.905,461.9835,90,0,90,0,0,0,377.9215,0,32,115.7,688.65,0,0.5216,0,585,410,553.5,1.35,96
108,RegionC,27.2133333333333,344.026667,371.240000333333,512.31120046,929.905,451.85920046,0,0,0,60.452,0,0,478.04579954,0,95.7086956521739,30,668.68,0,0.4946,0,540,405,558.9,1.38,96
108,RegionD,166.710666666667,293.34,460.050666666667,588.864853333333,929.905,588.864853333333,161.040146666667,0,161.040146666667,0,0,180,0,-180,90,241.377737866667,429.16,334.74,0.3777,0,1472,720,921.6,1.28,96
108,RegionE,122.641,283.864,406.505,508.13125,929.905,298.32325,0,0,0,209.808,0,220,411.58175,-220,307.6,82,379.25,295.81,0.1978,0,1012,560,700,1.25,96
108,RegionF,127.676,288.164667,415.840667,528.11764709,929.905,528.11764709,0,0,0,0,0,220,181.78735291,-220,353.817204301075,353.817204301075,399.21,311.38,0.2338,0,966,540,685.8,1.27,96
109,RegionA,3.84500000000001,325.478667,329.323667,444.58695045,906.065,444.58695045,100,0,100,0,-0,0,361.47804955,-0,159.391304347826,252.391304347826,718.4,0,0.5554,-0,630,420,567,1.35,96
109,RegionB,33.3186666666667,276.999333,310.317999666667,418.92929955,906.065,418.92929955,90,0,90,0,-0,0,397.13570045,-0,115.7,199.4,688.47,0,0.5196,-0,585,410,553.5,1.35,96
109,RegionC,77.6866666666667,311.952,389.638666666667,537.70136,906.065,537.70136,85,0,85,0,0,0,283.36364,0,30,109.05,668.52,0,0.4927,0,540,405,558.9,1.38,96
109,RegionD,172.403333333333,229.390333,401.793666333333,514.295892906667,906.065,373.514596690667,0,0,0,140.781296216,0,180,352.550403309333,-180,241.377737866667,90,429.05,334.66,0.3763,0,1472,720,921.6,1.28,96
109,RegionE,96.4906666666667,291.689333,388.179999666667,485.224999583333,906.065,485.224999583333,200.840000416667,0,200.840000416667,0,0,220,0,-220,82,270.789600391667,379.16,295.74,0.1971,0,1012,560,700,1.25,96
109,RegionF,66.8276666666669,218.782,285.609666666667,362.724276666667,906.065,112.724276666667,0,0,0,250,0,220,573.340723333333,-220,353.817204301075,85,399.11,311.31,0.2329,0,966,540,685.8,1.27,96
110,RegionA,28.1276666666666,281.095,309.222666666667,417.4506,875,317.4506,0,0,0,100,0,0,557.5494,0,252.391304347826,143.695652173913,718.23,0,0.5567,0,630,420,567,1.35,96
110,RegionB,36.9333333333333,272.532,309.465333333333,417.7782,875,417.7782,90,0,90,0,-0,0,367.2218,-0,199.4,283.1,688.31,0,0.5208,-0,585,410,553.5,1.35,96
110,RegionC,70.6293333333332,255.109333,325.738666333333,449.51935954,875,449.51935954,0,0,0,0,0,0,425.48064046,0,109.05,109.05,668.36,0,0.4939,0,540,405,558.9,1.38,96
110,RegionD,138.894666666667,178.025667,316.920333666667,405.658027093333,875,405.658027093333,0,0,0,0,0,180,289.341972906667,-180,90,90,428.95,334.58,0.3771,0,1472,720,921.6,1.28,96
110,RegionE,88.5986666666667,287.048,375.646666666667,469.558333333333,875,293.984004969083,0,0,0,175.57432836425,0,220,361.015995030917,-220,270.789600391667,82,379.07,295.67,0.1975,0,1012,560,700,1.25,96
110,RegionF,69.0280000000001,210.151,279.179,354.55733,875,354.55733,250,0,250,0,0,220,50.4426699999998,-220,85,320,399.02,311.24,0.2335,0,966,540,685.8,1.27,96
111,RegionA,4.35900000000002,272.895333,277.254333,374.29334955,838.825,274.29334955,0,0,0,100,0,0,564.53165045,0,143.695652173913,35,718.08,0,0.5613,0,630,420,567,1.35,96
111,RegionB,41.705,261.314,303.019,409.07565,838.825,409.07565,0,0,0,0,0,0,429.74935,0,283.1,283.1,688.16,0,0.5251,0,585,410,553.5,1.35,96
111,RegionC,42.1346666666667,231.575667,273.710333666667,377.72026046,838.825,304.99426046,0,0,0,72.726,0,0,533.83073954,0,109.05,30,668.21,0,0.4979,0,540,405,558.9,1.38,96
111,RegionD,194.755666666667,192.432667,387.188333666667,495.601067093333,838.825,495.601067093333,0,0,0,0,0,180,163.223932906667,-180,90,90,428.85,334.5,0.3802,0,1472,720,921.6,1.28,96
111,RegionE,69.2373333333333,280.036,349.273333333333,436.591666666667,838.825,436.591666666667,0,0,0,0,0,220,182.233333333333,-220,82,82,378.98,295.6,0.1992,0,1012,560,700,1.25,96
111,RegionF,78.6706666666667,193.271667,271.942333666667,345.366763756667,838.825,345.366763756667,250,0,250,0,0,220,23.4582362433334,-220,320,555,398.93,311.17,0.2354,0,966,540,685.8,1.27,96
112,RegionA,6.13133333333334,228.568667,234.700000333333,316.84500045,800,316.84500045,100,0,100,0,-0,0,383.15499955,-0,35,128,717.93,0,0.5688,-0,630,420,567,1.35,96
112,RegionB,33.3173333333333,226.379333,259.696666333333,350.59049955,800,260.59049955,0,0,0,90,0,0,539.40950045,0,283.1,185.273913043478,688.02,0,0.5321,0,585,410,553.5,1.35,96
112,RegionC,41.4933333333333,179.136667,220.630000333333,304.46940046,800,304.46940046,0,0,0,0,0,0,495.53059954,0,30,30,668.07,0,0.5046,0,540,405,558.9,1.38,96
112,RegionD,190.473666666667,146.620667,337.094333666667,431.480747093333,800,431.480747093333,0,0,0,0,0,180,188.519252906667,-180,90,90,428.76,334.43,0.3853,0,1472,720,921.6,1.28,96
112,RegionE,136.785,204.982667,341.767667,427.20958375,800,427.20958375,0,0,0,0,0,220,152.79041625,-220,82,82,378.91,295.55,0.2018,0,1012,560,700,1.25,96
112,RegionF,134.675333333333,191.08,325.755333333333,413.709273333333,800,413.709273333333,166.290726666667,0,166.290726666667,0,0,220,0,-220,555,711.313283066667,398.85,311.1,0.2385,0,966,540,685.8,1.27,96
113,RegionA,14.2973333333333,222.519333,236.816666333333,319.70249955,761.175,319.70249955,0,0,0,0,-0,0,441.47250045,-0,128,128,1040.81,0,0.5788,-0,630,420,567,1.35,96
113,RegionB,8.39666666666663,226.473333,234.869999666667,317.07449955,761.175,227.07449955,0,0,0,90,0,0,534.10050045,0,185.273913043478,87.4478260869565,997.44,0,0.5414,0,585,410,553.5,1.35,96
113,RegionC,37.7233333333334,180.61,218.333333333333,301.3,761.175,301.3,85,0,85,0,-0,0,374.875,-0,30,109.05,968.53,0,0.5134,-0,540,405,558.9,1.38,96
113,RegionD,212.16,137.533333,349.693333,447.60746624,761.175,447.60746624,133.56753376,0,133.56753376,0,0,180,0,-180,90,215.5534817344,621.59,484.84,0.3921,0,1472,720,921.6,1.28,96
113,RegionE,143.380666666667,151.161,294.541666666667,368.177083333333,761.175,368.177083333333,0,0,0,0,0,220,172.997916666667,-220,82,82,549.32,428.47,0.2054,0,1012,560,700,1.25,96
113,RegionF,123.913333333333,179.636,303.549333333333,385.507653333333,761.175,385.507653333333,147.539060567376,0,147.539060567376,0,0,220,8.12828609929059,-220,711.313283066667,850,578.23,451.02,0.2427,0,966,540,685.8,1.27,96
114,RegionA,25.3293333333333,224.428333,249.757666333333,337.17284955,725,337.17284955,55.5867227676484,0,55.5867227676484,0,-0,0,332.240427682352,-0,128,179.695652173913,1040.64,0,0.5904,-0,630,420,567,1.35,96
114,RegionB,2.35466666666667,235.535667,237.890333666667,321.15195045,725,270.13995045,0,0,0,51.012,0,0,454.86004955,0,87.4478260869565,32,997.28,0,0.5523,0,585,410,553.5,1.35,96
114,RegionC,56.1073333333333,200.88,256.987333333333,354.64252,725,354.64252,85,0,85,0,-0,0,285.35748,-0,109.05,188.1,968.37,0,0.5237,-0,540,405,558.9,1.38,96
114,RegionD,110.008333333334,117.871,227.879333333334,291.685546666667,725,174.920808653675,0,0,0,116.764738012992,0,180,370.079191346325,-180,215.5534817344,90,621.49,484.76,0.4,0,1472,720,921.6,1.28,96
114,RegionE,97.2573333333333,139.656667,236.914000333333,296.142500416667,725,296.142500416667,0,0,0,0,0,220,208.857499583333,-220,82,82,549.22,428.39,0.2095,0,1012,560,700,1.25,96
114,RegionF,147.374666666667,175.203333,322.577999666667,409.674059576667,725,409.674059576667,-0,0,0,0,0,220,95.3259404233331,-220,850,850,578.13,450.94,0.2476,0,966,540,685.8,1.27,96
115,RegionA,27.7213333333333,245.3,273.021333333333,368.5788,693.935,368.5788,100,0,100,0,-0,0,225.3562,-0,179.695652173913,272.695652173913,1040.48,0,0.603,-0,630,420,567,1.35,96
115,RegionB,3.68533333333334,202.203667,205.889000333333,277.95015045,693.935,277.95015045,90,0,90,0,-0,0,325.98484955,-0,32,115.7,997.13,0,0.5641,-0,585,410,553.5,1.35,96
115,RegionC,42.4036666666667,191.842667,234.246333666667,323.25994046,693.935,323.25994046,85,0,85,0,-0,0,285.67505954,-0,188.1,267.15,968.23,0,0.5349,-0,540,405,558.9,1.38,96
115,RegionD,35.5093333333334,106.672,142.181333333333,181.992106666667,693.935,181.992106666667,260,0,260,0,-0,180,71.9428933333332,-180,90,334.4,621.4,484.69,0.4085,-0,1472,720,921.6,1.28,96
115,RegionE,144.333666666667,173.969333,318.302999666667,397.878749583334,693.935,397.878749583334,76.0562504166663,0,76.0562504166663,0,0,220,0,-220,82,153.492875391666,549.14,428.33,0.214,0,1012,560,700,1.25,96
115,RegionF,83.056,153.214,236.27,300.0629,693.935,300.0629,0,0,0,0,0,220,173.8721,-220,850,850,578.05,450.88,0.2529,0,966,540,685.8,1.27,96
116,RegionA,28.74,208.359667,237.099667,320.08455045,670.095,220.08455045,0,0,0,100,0,0,450.01044955,0,272.695652173913,164,1040.35,0,0.6155,0,630,420,567,1.35,96
116,RegionB,3.74,199.210667,202.950667,273.98340045,670.095,273.98340045,90,0,90,0,-0,0,306.11159955,-0,115.7,199.4,997,0,0.5758,-0,585,410,553.5,1.35,96
116,RegionC,25.2703333333333,225.776,251.046333333333,346.44394,670.095,261.44394,0,0,0,85,0,0,408.65106,0,267.15,174.758695652174,968.1,0,0.546,0,540,405,558.9,1.38,96
116,RegionD,14.0173333333333,109.83,123.847333333333,158.524586666667,670.095,-0,0,0,0,158.524586666667,0,180,490.095,-180,334.4,163.943455197133,621.32,484.63,0.417,0,1472,720,921.6,1.28,96
116,RegionE,129.428333333333,159.417333,288.845666333333,361.057082916666,670.095,361.057082916666,89.0379170833336,0,89.0379170833336,0,0,220,0,-220,153.492875391666,237.18851745,549.07,428.27,0.2184,0,1012,560,700,1.25,96
116,RegionF,57.92,144.578667,202.498667,257.17330709,670.095,257.17330709,0,0,0,0,0,220,192.92169291,-220,850,850,577.97,450.82,0.2581,0,966,540,685.8,1.27,96
117,RegionA,42.5176666666667,243.404,285.921666666667,385.99425,655.11,385.99425,100,0,100,0,-0,0,169.11575,-0,164,257,1040.24,0,0.6272,-0,630,420,567,1.35,96
117,RegionB,2.86666666666667,237.571333,240.437999666667,324.59129955,655.11,324.59129955,90,0,90,0,-0,0,240.51870045,-0,199.4,283.1,996.89,0,0.5868,-0,585,410,553.5,1.35,96
117,RegionC,14.108,239.618667,253.726667,350.14280046,655.11,350.14280046,85,0,85,0,-0,0,219.96719954,-0,174.758695652174,253.808695652174,968,0,0.5564,-0,540,405,558.9,1.38,96
117,RegionD,3.42,156.784333,160.204333,205.06154624,655.11,205.06154624,260,0,260,0,-0,180,10.04845376,-180,163.943455197133,408.343455197133,621.25,484.57,0.4249,-0,1472,720,921.6,1.28,96
117,RegionE,62.6786666666667,167.026,229.704666666667,287.130833333333,655.11,287.130833333333,147.979166666667,0,147.979166666667,0,0,220,0,-220,237.18851745,376.288934116666,549.01,428.23,0.2226,0,1012,560,700,1.25,96
117,RegionF,57.92,187.155333,245.075333,311.24567291,655.11,311.24567291,0,0,0,0,0,220,123.86432709,-220,850,850,577.91,450.77,0.263,0,966,540,685.8,1.27,96
118,RegionA,8.8346666666666,291.925,300.759666666667,406.02555,650,406.02555,100,0,100,0,-0,0,143.97445,-0,257,350,645.61,0,0.6373,-0,630,420,567,1.35,96
118,RegionB,4.08,262.605,266.685,360.02475,650,270.02475,0,0,0,90,0,0,379.97525,0,283.1,185.273913043478,618.71,0,0.5962,0,585,410,553.5,1.35,96
118,RegionC,4.3546666666667,273.180667,277.535333666667,382.99876046,650,297.99876046,0,0,0,85,0,0,352.00123954,0,253.808695652174,161.417391304348,600.77,0,0.5653,0,540,405,558.9,1.38,96
118,RegionD,73.08,191.944333,265.024333,339.23114624,650,79.23114624,0,0,0,260,0,180,390.76885376,-180,408.343455197133,128.773562724014,385.57,300.74,0.4317,0,1472,720,921.6,1.28,96
118,RegionE,20.3073333333332,227.966667,248.274000333333,310.342500416666,650,70.3425004166665,0,0,0,240,0,220,359.657499583334,-220,376.288934116666,118.224417987634,340.74,265.78,0.2261,0,1012,560,700,1.25,96
118,RegionF,33.544,218.496333,252.040333,320.09122291,650,320.09122291,-0,0,0,0,0,220,109.90877709,-220,850,850,358.67,279.76,0.2673,0,966,540,685.8,1.27,96
119,RegionA,6.18100000000001,311.327333,317.508333,428.63624955,655.11,328.63624955,0,0,0,100,0,0,326.47375045,0,350,241.304347826087,645.56,0,0.645,0,630,420,567,1.35,96
119,RegionB,35.4366666666667,295.927333,331.363999666667,447.34139955,655.11,357.34139955,0,0,0,90,0,0,297.76860045,0,185.273913043478,87.4478260869565,618.66,0,0.6034,0,585,410,553.5,1.35,96
119,RegionC,9.54533333333333,301.731333,311.276666333333,429.56179954,655.11,429.56179954,85,0,85,0,0,0,140.54820046,0,161.417391304348,240.467391304348,600.73,0,0.5722,0,540,405,558.9,1.38,96
119,RegionD,73.08,174.268,247.348,316.60544,655.11,316.60544,158.50456,0,158.50456,0,0,180,0,-180,128.773562724014,277.767849124014,385.54,300.72,0.4369,0,1472,720,921.6,1.28,96
119,RegionE,53.86,225.234,279.094,348.8675,655.11,348.8675,86.2425,0,86.2425,0,0,220,0,-220,118.224417987634,199.292367987634,340.71,265.75,0.2289,0,1012,560,700,1.25,96
119,RegionF,29.6,254.54,284.14,360.8578,655.11,110.8578,0,0,0,250,0,220,324.2522,-220,850,581.182795698925,358.65,279.75,0.2705,0,966,540,685.8,1.27,96
120,RegionA,38.7193333333333,306.666,345.385333333333,466.2702,670.095,366.2702,0,0,0,100,0,0,303.8248,0,241.304347826087,132.608695652174,466.22,0,0.6498,0,630,420,567,1.35,120
120,RegionB,34.1506666666667,337.062333,371.212999666667,501.13754955,670.095,450.12554955,0,0,0,51.012,0,0,219.96945045,0,87.4478260869565,32,446.79,0,0.6079,0,585,410,553.5,1.35,120
120,RegionC,12.6313333333334,338.101333,350.732666333333,484.01107954,670.095,399.01107954,0,0,0,85,0,0,271.08392046,0,240.467391304348,148.076086956522,433.84,0,0.5764,0,540,405,558.9,1.38,120
120,RegionD,98.3283333333333,222.334,320.662333333333,410.447786666667,670.095,235.823686981333,0,0,0,174.624099685333,0,180,254.271313018667,-180,277.767849124014,90,278.44,217.18,0.4402,0,1472,720,921.6,1.28,120
120,RegionE,62.4,254.036667,316.436667,395.54583375,670.095,286.4639315215,0,0,0,109.0819022285,0,220,163.6310684785,-220,199.292367987634,82,246.06,191.93,0.2306,0,1012,560,700,1.25,120
120,RegionF,59.392,233.448,292.84,371.9068,670.095,160.4568,0,0,0,211.45,0,220,289.6382,-220,581.182795698925,353.817204301075,259.01,202.03,0.2725,0,966,540,685.8,1.27,120
121,RegionA,36.608,358.344667,394.952667,533.18610045,693.935,443.38610045,0,0,0,89.8,0,0,250.54889955,0,132.608695652174,35,466.2,0,0.6513,0,630,420,567,1.35,120
121,RegionB,33.28,376.388333,409.668333,553.05224955,693.935,553.05224955,0,0,0,-0,0,0,140.88275045,0,32,32,446.78,0,0.6093,0,585,410,553.5,1.35,120
121,RegionC,7.03066666666667,346.094667,353.125333666667,487.31296046,693.935,487.31296046,0,0,0,0,0,0,206.62203954,0,148.076086956522,148.076086956522,433.83,0,0.5778,0,540,405,558.9,1.38,120
121,RegionD,105.396666666667,230.687333,336.083999666667,430.187519573333,693.935,430.187519573333,83.7474804266666,0,83.7474804266666,0,0,180,0,-180,90,168.722631601067,278.43,217.18,0.4412,0,1472,720,921.6,1.28,120
121,RegionE,61.744,270.402667,332.146667,415.18333375,693.935,415.18333375,58.7516662499999,0,58.7516662499999,0,0,220,0,-220,82,137.226566275,246.05,191.92,0.2311,0,1012,560,700,1.25,120
121,RegionF,27.6480000000001,301.723667,329.371667,418.30201709,693.935,168.30201709,0,0,0,250,0,220,305.63298291,-220,353.817204301075,85,259,202.02,0.2731,0,966,540,685.8,1.27,120
122,RegionA,31.9026666666667,376.662333,408.564999666667,551.56274955,725,551.56274955,100,0,100,0,0,0,73.43725045,0,35,128,466.2,0,0.6495,0,630,420,567,1.35,120
122,RegionB,29.61,379.675,409.285,552.53475,725,552.53475,90,0,90,0,0,0,82.46525,0,32,115.7,446.78,0,0.6076,0,585,410,553.5,1.35,120
122,RegionC,4.21866666666666,343.804,348.022666666667,480.27128,725,395.27128,0,0,0,85,0,0,329.72872,0,148.076086956522,55.6847826086957,433.83,0,0.5762,0,540,405,558.9,1.38,120
122,RegionD,92.8553333333334,218.152,311.007333333333,398.089386666667,725,398.089386666667,146.910613333333,0,146.910613333333,0,0,180,0,-180,168.722631601067,306.8186081344,278.43,217.18,0.44,0,1472,720,921.6,1.28,120
122,RegionE,47.5973333333334,244.546333,292.143666333333,365.179582916667,725,313.818876280917,0,0,0,51.3607066357499,0,220,191.181123719083,-220,137.226566275,82,246.05,191.92,0.2305,0,1012,560,700,1.25,120
122,RegionF,18.2186666666667,312.862667,331.081333666667,420.473293756667,725,420.473293756667,84.5267062433332,0,84.5267062433332,0,0,220,0,-220,85,164.455103868733,259,202.02,0.2724,0,966,540,685.8,1.27,120
123,RegionA,29.392,378.057333,407.449333,550.05659955,761.175,550.05659955,16.8770453482936,0,16.8770453482936,0,0,0,194.241355101706,0,128,143.695652173913,466.21,0,0.6445,0,630,420,567,1.35,120
123,RegionB,14.952,388.519,403.471,544.68585,761.175,544.68585,90,0,90,0,0,0,126.48915,0,115.7,199.4,446.78,0,0.6029,0,585,410,553.5,1.35,120
123,RegionC,3.44933333333333,360.162,363.611333333333,501.78364,761.175,478.15364,0,0,0,23.6300000000001,0,0,283.02136,0,55.6847826086957,30,433.83,0,0.5717,0,540,405,558.9,1.38,120
123,RegionD,65.8586666666667,264.578667,330.437333666667,422.959787093333,761.175,422.959787093333,158.215212906667,0,158.215212906667,0,0,180,0,-180,306.8186081344,455.540908266666,278.43,217.18,0.4366,0,1472,720,921.6,1.28,120
123,RegionE,34.2733333333333,274.026,308.299333333333,385.374166666667,761.175,385.374166666667,155.800833333333,0,155.800833333333,0,0,220,0,-220,82,228.452783333333,246.05,191.92,0.2287,0,1012,560,700,1.25,120
123,RegionF,0,373.126667,373.126667,473.87086709,761.175,473.87086709,67.30413291,0,67.30413291,0,0,220,0,-220,164.455103868733,227.720988804133,259,202.02,0.2703,0,966,540,685.8,1.27,120
124,RegionA,19.167,381.421667,400.588667,540.79470045,800,440.79470045,0,0,0,100,0,0,359.20529955,0,143.695652173913,35,466.22,0,0.6365,0,630,420,567,1.35,120
124,RegionB,10.8616666666667,374.459333,385.320999666667,520.18334955,800,430.18334955,0,0,0,90,0,0,369.81665045,0,199.4,101.573913043478,446.8,0,0.5955,0,585,410,553.5,1.35,120
124,RegionC,2.546,359.832,362.378,500.08164,800,500.08164,0,0,0,0,0,0,299.91836,0,30,30,433.85,0,0.5647,0,540,405,558.9,1.38,120
124,RegionD,42.5006666666667,311.531667,354.032333666667,453.161387093333,800,193.161387093333,0,0,0,260,0,180,426.838612906667,-180,455.540908266666,175.971015793548,278.44,217.18,0.4312,0,1472,720,921.6,1.28,120
124,RegionE,25.31,346.673333,371.983333,464.97916625,800,464.97916625,115.02083375,0,115.02083375,0,0,220,0,-220,228.452783333333,336.572367058333,246.06,191.93,0.2259,0,1012,560,700,1.25,120
124,RegionF,87.2506666666666,389.320667,476.571333666667,605.245593756667,800,472.515074168823,0,0,0,132.730519587844,0,220,107.484925831177,-220,227.720988804133,85,259.01,202.03,0.2669,0,966,540,685.8,1.27,120
125,RegionA,8.07199999999997,387.876,395.948,534.5298,838.825,534.5298,50.6311360448807,0,50.6311360448807,0,0,0,253.664063955119,0,35,82.0869565217391,466.25,0,0.6262,0,630,420,567,1.35,120
125,RegionB,3.57199999999999,357.128,360.7,486.945,838.825,486.945,0,0,0,0,0,0,351.88,0,101.573913043478,101.573913043478,446.82,0,0.5858,0,585,410,553.5,1.35,120
125,RegionC,1.41333333333333,379.153333,380.566666333333,525.18199954,838.825,525.18199954,85,0,85,0,0,0,228.64300046,0,30,109.05,433.87,0,0.5555,0,540,405,558.9,1.38,120
125,RegionD,108.752,345.446667,454.198667,581.37429376,838.825,581.37429376,77.4507062399999,0,77.4507062399999,0,0,180,0,-180,175.971015793548,248.774679659148,278.45,217.19,0.4242,0,1472,720,921.6,1.28,120
125,RegionE,19.6983333333332,396.345,416.043333333333,520.054166666667,838.825,520.054166666667,0,0,0,0,0,220,98.7708333333335,-220,336.572367058333,336.572367058333,246.08,191.94,0.2222,0,1012,560,700,1.25,120
125,RegionF,60,399.126667,459.126667,583.09086709,838.825,583.09086709,35.7341329100001,0,35.7341329100001,0,0,220,0,-220,85,118.5900849354,259.03,202.04,0.2626,0,966,540,685.8,1.27,120
126,RegionA,1.99333333333332,386.666667,388.660000333333,524.69100045,875,524.69100045,100,0,100,0,0,0,250.30899955,0,82.0869565217391,175.086956521739,466.29,0,0.6142,0,630,420,567,1.35,120
126,RegionB,5.79333333333334,337.606667,343.400000333333,463.59000045,875,399.58200045,0,0,0,64.008,0,0,475.41799955,0,101.573913043478,32,446.86,0,0.5746,0,585,410,553.5,1.35,120
126,RegionC,1.20666666666667,383.006667,384.213333666667,530.21440046,875,457.48840046,0,0,0,72.726,0,0,417.51159954,0,109.05,30,433.9,0,0.5449,0,540,405,558.9,1.38,120
126,RegionD,168.977,324.308,493.285,631.4048,875,631.4048,63.5952,0,63.5952,0,0,180,0,-180,248.774679659148,308.554167659148,278.48,217.21,0.4161,0,1472,720,921.6,1.28,120
126,RegionE,74.536,400.923333,475.459333,594.32416625,875,594.32416625,60.67583375,0,60.67583375,0,0,220,0,-220,336.572367058333,393.607650783333,246.1,191.96,0.218,0,1012,560,700,1.25,120
126,RegionF,100.48,395.516667,495.996667,629.91576709,875,598.676988100078,0,0,0,31.2387789899221,0,220,56.323011899922,-220,118.5900849354,85,259.05,202.06,0.2576,0,966,540,685.8,1.27,120
127,RegionA,16.924,389.185333,406.109333,548.24759955,906.065,548.24759955,0,0,0,0,0,0,357.81740045,0,175.086956521739,175.086956521739,717.43,0,0.6014,0,630,420,567,1.35,120
127,RegionB,23.953,357.413333,381.366333,514.84454955,906.065,514.84454955,39.6774193548387,0,39.6774193548387,0,0,0,351.543031095161,0,32,68.9,687.54,0,0.5626,0,585,410,553.5,1.35,120
127,RegionC,2.24533333333333,379.978667,382.224000333333,527.46912046,906.065,527.46912046,85,0,85,0,0,0,293.59587954,0,30,109.05,667.61,0,0.5335,0,540,405,558.9,1.38,120
127,RegionD,105.399,297.751333,403.150333,516.03242624,906.065,312.777050316992,0,0,0,203.255375923008,0,180,413.287949683008,-180,308.554167659148,90,428.47,334.21,0.4074,0,1472,720,921.6,1.28,120
127,RegionE,82.253,427.918333,510.171333,637.71416625,906.065,397.71416625,0,0,0,240,0,220,288.35083375,-220,393.607650783333,135.543134654301,378.65,295.35,0.2134,0,1012,560,700,1.25,120
127,RegionF,122.533333333333,373.895,496.428333333333,630.463983333333,906.065,630.463983333333,55.601016666667,0,55.601016666667,0,0,220,0,-220,85,137.264955666667,398.57,310.88,0.2522,0,966,540,685.8,1.27,120
128,RegionA,5.64066666666667,392.532,398.172666666667,537.5331,929.905,537.5331,0,0,0,0,0,0,392.3719,0,175.086956521739,175.086956521739,717.52,0,0.5886,0,630,420,567,1.35,120
128,RegionB,22.868,371.58,394.448,532.5048,929.905,532.5048,90,0,90,0,0,0,307.4002,0,68.9,152.6,687.62,0,0.5506,0,585,410,553.5,1.35,120
128,RegionC,4.62266666666667,377.752,382.374666666667,527.67704,929.905,527.67704,85,0,85,0,0,0,317.22796,0,109.05,188.1,667.69,0,0.5222,0,540,405,558.9,1.38,120
128,RegionD,49.4986666666667,278.65,328.148666666667,420.030293333333,929.905,420.030293333333,0,0,0,0,0,180,329.874706666667,-180,90,90,428.52,334.25,0.3987,0,1472,720,921.6,1.28,120
128,RegionE,79.08,432.373333,511.453333,639.31666625,929.905,639.31666625,70.5883337500001,0,70.5883337500001,0,0,220,0,-220,135.543134654301,201.896168379301,378.69,295.38,0.2089,0,1012,560,700,1.25,120
128,RegionF,103.562666666667,339.52,443.082666666667,562.714986666667,929.905,514.108577896666,0,0,0,48.6064087700003,0,220,195.796422103334,-220,137.264955666667,85,398.62,310.92,0.2468,0,966,540,685.8,1.27,120
129,RegionA,1.48966666666668,394.724,396.213666666667,534.88845,944.89,434.88845,0,0,0,100,0,0,510.00155,0,175.086956521739,66.3913043478261,717.62,0,0.5767,0,630,420,567,1.35,120
129,RegionB,21.6466666666667,379.22,400.866666666667,541.17,944.89,541.17,90,0,90,0,0,0,313.72,0,152.6,236.3,687.72,0,0.5395,0,585,410,553.5,1.35,120
129,RegionC,5.58800000000001,376.888333,382.476333,527.81733954,944.89,442.81733954,0,0,0,85,0,0,502.07266046,0,188.1,95.7086956521739,667.78,0,0.5116,0,540,405,558.9,1.38,120
129,RegionD,65.0293333333333,255.874,320.903333333333,410.756266666667,944.89,410.756266666667,0,0,0,0,0,180,354.133733333333,-180,90,90,428.58,334.29,0.3907,0,1472,720,921.6,1.28,120
129,RegionE,108.904,386.67,495.574,619.4675,944.89,619.4675,105.4225,0,105.4225,0,0,220,0,-220,201.896168379301,300.993318379301,378.74,295.42,0.2046,0,1012,560,700,1.25,120
129,RegionF,77.5706666666665,321.192333,398.762999666666,506.429009576666,944.89,506.429009576666,218.460990423334,0,218.460990423334,0,0,220,0,-220,85,290.353330997934,398.68,310.97,0.2418,0,966,540,685.8,1.27,120
130,RegionA,1.36,395.056,396.416,535.1616,950,535.1616,100,0,100,0,0,0,314.8384,0,66.3913043478261,159.391304347826,717.73,0,0.5665,0,630,420,567,1.35,120
130,RegionB,15.3893333333332,385.630667,401.020000333333,541.37700045,950,541.37700045,90,0,90,0,0,0,318.62299955,0,236.3,320,687.83,0,0.53,0,585,410,553.5,1.35,120
130,RegionC,13.0760000000002,377.534667,390.610667,539.04272046,950,478.59072046,0,0,0,60.452,0,0,471.40927954,0,95.7086956521739,30,667.89,0,0.5026,0,540,405,558.9,1.38,120
130,RegionD,39.7373333333332,275.474,315.211333333333,403.470506666666,950,403.470506666666,260,0,260,0,0,180,106.529493333334,-180,90,334.4,428.65,334.35,0.3838,0,1472,720,921.6,1.28,120
130,RegionE,108.753333333333,359.217333,467.970666333333,584.963332916667,950,584.963332916667,145.036667083333,0,145.036667083333,0,0,220,0,-220,300.993318379301,437.327785437634,378.8,295.46,0.201,0,1012,560,700,1.25,120
130,RegionF,66.26,319.613333,385.873333,490.05913291,950,299.080535081922,0,0,0,190.978597828078,0,220,430.919464918078,-220,290.353330997934,85,398.74,311.02,0.2376,0,966,540,685.8,1.27,120
131,RegionA,1.68533333333333,394.084667,395.770000333333,534.28950045,944.89,534.28950045,100,0,100,0,0,0,310.60049955,0,159.391304347826,252.391304347826,717.86,0,0.5588,0,630,420,567,1.35,120
131,RegionB,2.79433333333334,362.173667,364.968000333333,492.70680045,944.89,492.70680045,0,0,0,0,0,0,452.18319955,0,320,320,687.95,0,0.5227,0,585,410,553.5,1.35,120
131,RegionC,14.3986666666667,376.648333,391.046999666667,539.64485954,944.89,539.64485954,0,0,0,0,0,0,405.24514046,0,30,30,668.01,0,0.4957,0,540,405,558.9,1.38,120
131,RegionD,109.503333333333,254.588333,364.091666333333,466.037332906666,944.89,466.037332906667,260,0,260,0,0,180,38.8526670933335,-180,334.4,578.8,428.72,334.4,0.3785,0,1472,720,921.6,1.28,120
131,RegionE,92.5613333333335,307.940333,400.501666333334,500.627082916667,944.89,500.627082916667,220.847267264928,0,220.847267264928,0,0,220,3.41564981840509,-220,437.327785437634,644.924216666667,378.87,295.52,0.1983,0,1012,560,700,1.25,120
131,RegionF,65.9319999999997,296.254,362.186,459.97622,944.89,459.97622,250,0,250,0,0,220,14.9137800000003,-220,85,320,398.81,311.07,0.2343,0,966,540,685.8,1.27,120
132,RegionA,1.07066666666667,354.341333,355.411999666667,479.80619955,929.905,379.80619955,0,0,0,100,0,0,550.09880045,0,252.391304347826,143.695652173913,718.01,0,0.554,0,630,420,567,1.35,120
132,RegionB,1.25066666666667,338.976667,340.227333666667,459.30690045,929.905,369.30690045,0,0,0,90,0,0,560.59809955,0,320,222.173913043478,688.09,0,0.5182,0,585,410,553.5,1.35,120
132,RegionC,17.524,358.654,376.178,519.12564,929.905,519.12564,0,0,0,0,0,0,410.77936,0,30,30,668.15,0,0.4914,0,540,405,558.9,1.38,120
132,RegionD,83.0853333333331,230.684,313.769333333333,401.624746666666,929.905,401.624746666666,0,0,0,0,0,180,348.280253333334,-180,578.8,578.8,428.81,334.47,0.3753,0,1472,720,921.6,1.28,120
132,RegionE,101.46,314.968,416.428,520.535,929.905,520.535,0,0,0,0,0,220,189.37,-220,644.924216666667,644.924216666667,378.95,295.58,0.1966,0,1012,560,700,1.25,120
132,RegionF,33.4599999999998,264.08,297.54,377.8758,929.905,159.3258,0,0,0,218.55,0,220,550.5792,-220,320,85,398.89,311.13,0.2323,0,966,540,685.8,1.27,120
133,RegionA,1.2,341.941667,343.141667,463.24125045,906.065,363.24125045,0,0,0,100,0,0,542.82374955,0,143.695652173913,35,718.17,0,0.5524,0,630,420,567,1.35,120
133,RegionB,63.08,301.575,364.655,492.28425,906.065,402.28425,0,0,0,90,0,0,503.78075,0,222.173913043478,124.347826086957,688.24,0,0.5168,0,585,410,553.5,1.35,120
133,RegionC,29.802,328.36,358.162,494.26356,906.065,494.26356,78.3590462833099,0,78.3590462833099,0,0,0,333.44239371669,0,30,102.873913043478,668.29,0,0.4901,0,540,405,558.9,1.38,120
133,RegionD,62.9666666666668,200.539,263.505666666667,337.287253333334,906.065,337.287253333334,0,0,0,0,0,180,388.777746666667,-180,578.8,578.8,428.9,334.54,0.3742,0,1472,720,921.6,1.28,120
133,RegionE,113.093333333333,286.758,399.851333333333,499.814166666667,906.065,499.814166666667,186.250833333333,0,186.250833333333,0,0,220,0,-220,644.924216666667,820,379.03,295.64,0.196,0,1012,560,700,1.25,120
133,RegionF,8.01466666666663,224.404,232.418666666667,295.171706666667,906.065,295.171706666667,250,0,250,0,0,220,140.893293333333,-220,85,320,398.98,311.2,0.2317,0,966,540,685.8,1.27,120
134,RegionA,3.05999999999998,306.775333,309.835333,418.27769955,875,418.27769955,33.7540906965872,0,33.7540906965872,0,-0,0,422.968209753413,-0,35,66.3913043478261,718.34,0,0.5543,-0,630,420,567,1.35,120
134,RegionB,71.0146666666664,273.643333,344.657999666666,465.28829955,875,465.28829955,90,0,90,0,0,0,319.71170045,0,124.347826086957,208.047826086957,688.41,0,0.5186,0,585,410,553.5,1.35,120
134,RegionC,24.7759999999998,315.886,340.662,470.11356,875,470.11356,85,0,85,0,0,0,319.88644,0,102.873913043478,181.923913043478,668.46,0,0.4917,0,540,405,558.9,1.38,120
134,RegionD,47.3976666666665,206.765667,254.163333666666,325.329067093333,875,91.4140808533332,0,0,0,233.91498624,0,180,603.585919146667,-180,578.8,327.278509419355,429.01,334.63,0.3755,0,1472,720,921.6,1.28,120
134,RegionE,115.799333333333,281.648667,397.448000333333,496.810000416667,875,256.810000416667,0,0,0,240,0,220,398.189999583333,-220,820,561.935483870968,379.12,295.71,0.1967,0,1012,560,700,1.25,120
134,RegionF,134.124,182.827333,316.951333,402.52819291,875,183.97819291,0,0,0,218.55,0,220,471.02180709,-220,320,85,399.08,311.28,0.2325,0,966,540,685.8,1.27,120
135,RegionA,1.53066666666667,280.622,282.152666666667,380.9061,838.825,380.9061,100,0,100,0,-0,0,357.9189,-0,66.3913043478261,159.391304347826,718.53,0,0.5595,-0,630,420,567,1.35,120
135,RegionB,49.605,259.902333,309.507333,417.83489955,838.825,345.87089955,0,0,0,71.964,0,0,492.95410045,0,208.047826086957,129.826086956522,688.59,0,0.5234,0,585,410,553.5,1.35,120
135,RegionC,19.5586666666667,263.776667,283.335333666667,391.00276046,838.825,391.00276046,0,0,0,0,-0,0,447.82223954,-0,181.923913043478,181.923913043478,668.63,0,0.4963,-0,540,405,558.9,1.38,120
135,RegionD,34.7333333333334,189.307,224.040333333333,286.771626666667,838.825,286.771626666667,0,0,0,0,0,180,372.053373333333,-180,327.278509419355,327.278509419355,429.12,334.71,0.379,0,1472,720,921.6,1.28,120
135,RegionE,122.717333333334,218.153333,340.870666333334,426.088332916667,838.825,426.088332916667,192.736667083333,0,192.736667083333,0,0,220,0,-220,561.935483870968,743.107950929301,379.22,295.79,0.1985,0,1012,560,700,1.25,120
135,RegionF,109.138666666667,158.241333,267.379999666667,339.572599576667,838.825,339.572599576667,250,0,250,0,0,220,29.2524004233333,-220,85,320,399.18,311.36,0.2346,0,966,540,685.8,1.27,120
136,RegionA,1.21333333333333,214.743333,215.956666333333,291.54149955,800,191.54149955,0,0,0,100,0,0,608.45850045,0,159.391304347826,50.695652173913,718.73,0,0.5676,0,630,420,567,1.35,120
136,RegionB,79.787,221.916333,301.703333,407.29949955,800,317.29949955,0,0,0,90,0,0,482.70050045,0,129.826086956522,32,688.78,0,0.531,0,585,410,553.5,1.35,120
136,RegionC,15.38,232.52,247.9,342.102,800,257.102,0,0,0,85,0,0,542.898,0,181.923913043478,89.5326086956521,668.82,0,0.5035,0,540,405,558.9,1.38,120
136,RegionD,34.21,138.187667,172.397667,220.66901376,800,0,0,0,0,220.66901376,0,180,620,-180,327.278509419355,90,429.24,334.81,0.3845,0,1472,720,921.6,1.28,120
136,RegionE,45.6879999999999,203.412,249.1,311.375,800,71.3749999999999,0,0,0,240,0,220,508.625,-220,743.107950929301,485.043434800269,379.33,295.88,0.2014,0,1012,560,700,1.25,120
136,RegionF,15.833333333333,160.766,176.599333333333,224.281153333333,800,224.281153333333,0,0,0,0,0,220,355.718846666667,-220,320,320,399.29,311.45,0.238,0,966,540,685.8,1.27,120
137,RegionA,9.77199999999999,212.364667,222.136667,299.88450045,761.175,299.88450045,100,0,100,0,-0,0,361.29049955,-0,50.695652173913,143.695652173913,1042.47,0,0.5782,-0,630,420,567,1.35,120
137,RegionB,78.4453333333333,190.385333,268.830666333333,362.92139955,761.175,362.92139955,90,0,90,0,-0,0,308.25360045,-0,32,115.7,999.04,0,0.5409,-0,585,410,553.5,1.35,120
137,RegionC,16.34,198.348,214.688,296.26944,761.175,296.26944,85,0,85,0,-0,0,379.90556,-0,89.5326086956521,168.582608695652,970.08,0,0.5129,-0,540,405,558.9,1.38,120
137,RegionD,14.5356666666669,71.459667,85.9953336666669,110.074027093334,761.175,110.074027093334,0,0,0,0,0,180,471.100972906666,-180,90,90,622.59,485.62,0.3917,0,1472,720,921.6,1.28,120
137,RegionE,37.56,185.24,222.8,278.5,761.175,38.5,0,0,0,240,0,220,502.675,-220,485.043434800269,226.978918671236,550.19,429.15,0.2052,0,1012,560,700,1.25,120
137,RegionF,6.04233333333333,206.795667,212.838000333333,270.304260423333,761.175,51.7542604233333,0,0,0,218.55,0,220,489.420739576667,-220,320,85,579.15,451.74,0.2425,0,966,540,685.8,1.27,120
138,RegionA,9.33066666666666,206.013333,215.343999666667,290.71439955,725,190.71439955,0,0,0,100,0,0,534.28560045,0,143.695652173913,35,1042.81,0,0.5904,0,630,420,567,1.35,120
138,RegionB,66.493,149.184667,215.677667,291.16485045,725,214.16085045,0,0,0,77.004,0,0,510.83914955,0,115.7,32,999.36,0,0.5523,0,585,410,553.5,1.35,120
138,RegionC,6.2866666666667,202.76,209.046666666667,288.4844,725,288.4844,85,0,85,0,-0,0,351.5156,-0,168.582608695652,247.632608695652,970.39,0,0.5237,-0,540,405,558.9,1.38,120
138,RegionD,34.96,48.889,83.849,107.32672,725,107.32672,260,0,260,0,-0,180,177.67328,-180,90,334.4,622.79,485.78,0.4,-0,1472,720,921.6,1.28,120
138,RegionE,46.5806666666667,183.238,229.818666666667,287.273333333333,725,152.442938969084,0,0,0,134.83039436425,0,220,352.557061030916,-220,226.978918671236,82,550.37,429.29,0.2095,0,1012,560,700,1.25,120
138,RegionF,0.248000000000056,198.917,199.165,252.93955,725,252.93955,250,0,250,0,0,220,2.06044999999995,-220,85,320,579.34,451.89,0.2476,0,966,540,685.8,1.27,120
139,RegionA,9.52,199.123333,208.643333,281.66849955,693.935,281.66849955,38.7096774193548,0,38.7096774193548,0,-0,0,373.556823030645,-0,35,71,1043.16,0,0.6036,-0,630,420,567,1.35,120
139,RegionB,43.2066666666668,176.488,219.694666666667,296.5878,693.935,296.5878,90,0,90,0,-0,0,307.3472,-0,32,115.7,999.7,0,0.5646,-0,585,410,553.5,1.35,120
139,RegionC,1.17866666666667,227.595,228.773666666667,315.70766,693.935,230.70766,0,0,0,85,0,0,463.22734,0,247.632608695652,155.241304347826,970.72,0,0.5354,0,540,405,558.9,1.38,120
139,RegionD,102.12,105.289,207.409,265.48352,693.935,265.48352,248.45148,0,248.45148,0,0,180,0,-180,334.4,567.9443912,623,485.94,0.4089,0,1472,720,921.6,1.28,120
139,RegionE,34.6506666666668,145.25,179.900666666667,224.875833333333,693.935,224.875833333333,0,0,0,0,0,220,249.059166666666,-220,82,82,550.56,429.44,0.2142,0,1012,560,700,1.25,120
139,RegionF,0,210.727667,210.727667,267.62413709,693.935,267.62413709,206.31086291,0,206.31086291,0,0,220,0,-220,320,513.9322111354,579.53,452.03,0.2531,0,966,540,685.8,1.27,120
140,RegionA,9.44933333333333,189.285333,198.734666333333,268.29179955,670.095,268.29179955,100,0,100,0,-0,0,301.80320045,-0,71,164,1043.53,0,0.6167,-0,630,420,567,1.35,120
140,RegionB,29.303,180.270667,209.573667,282.92445045,670.095,205.92045045,0,0,0,77.004,0,0,464.17454955,0,115.7,32,1000.05,0,0.5769,0,585,410,553.5,1.35,120
140,RegionC,1.44,259.582,261.022,360.21036,670.095,275.21036,0,0,0,85,0,0,394.88464,0,155.241304347826,62.85,971.07,0,0.5471,0,540,405,558.9,1.38,120
140,RegionD,102.12,165.593333,267.713333,342.67306624,670.095,158.184782424,0,0,0,184.488283816,0,180,331.910217576,-180,567.9443912,369.569892473118,623.22,486.11,0.4178,0,1472,720,921.6,1.28,120
140,RegionE,14.0266666666666,185.326,199.352666666667,249.190833333333,670.095,249.190833333333,200.904166666667,0,200.904166666667,0,0,220,0,-220,82,270.849916666667,550.75,429.59,0.2188,0,1012,560,700,1.25,120
140,RegionF,0,171.898333,171.898333,218.31088291,670.095,0,0,0,0,218.31088291,0,220,450.095,-220,513.9322111354,279.189326285938,579.74,452.2,0.2586,0,966,540,685.8,1.27,120
141,RegionA,6.31466666666664,253.160667,259.475333666667,350.29170045,655.11,350.29170045,100,0,100,0,-0,0,204.81829955,-0,164,257,1043.92,0,0.6291,-0,630,420,567,1.35,120
141,RegionB,20.2876666666665,216.861,237.148666666667,320.1507,655.11,320.1507,90,0,90,0,-0,0,244.9593,-0,32,115.7,1000.43,0,0.5885,-0,585,410,553.5,1.35,120
141,RegionC,1.30666666666666,276.92,278.226666666667,383.9528,655.11,383.9528,85,0,85,0,-0,0,186.1572,-0,62.85,141.9,971.43,0,0.558,-0,540,405,558.9,1.38,120
141,RegionD,101.933333333333,186.776667,288.710000333333,369.548800426667,655.11,109.548800426667,0,0,0,260,0,180,365.561199573333,-180,369.569892473118,90,623.45,486.29,0.4261,0,1472,720,921.6,1.28,120
141,RegionE,0.24,184.761333,185.001333,231.25166625,655.11,55.62124375,0,0,0,175.6304225,0,220,379.48875625,-220,270.849916666667,82,550.96,429.75,0.2232,0,1012,560,700,1.25,120
141,RegionF,34.66,220.046667,254.706667,323.47746709,655.11,323.47746709,111.63253291,0,111.63253291,0,0,220,0,-220,279.189326285938,384.123907221338,579.96,452.37,0.2638,0,966,540,685.8,1.27,120
142,RegionA,1.64933333333333,286.014667,287.664000333333,388.34640045,650,388.34640045,0,0,0,0,-0,0,261.65359955,-0,257,257,648.21,0,0.6397,-0,630,420,567,1.35,120
142,RegionB,12.2133333333333,239.148,251.361333333333,339.3378,650,262.3338,0,0,0,77.004,0,0,387.6662,0,115.7,32,621.2,0,0.5984,0,585,410,553.5,1.35,120
142,RegionC,1.6,313.215667,314.815667,434.44562046,650,434.44562046,85,0,85,0,0,0,130.55437954,0,141.9,220.95,603.19,0,0.5675,0,540,405,558.9,1.38,120
142,RegionD,101.52,177.253333,278.773333,356.82986624,650,356.82986624,0,0,0,0,0,180,113.17013376,-180,90,90,387.12,301.95,0.4333,0,1472,720,921.6,1.28,120
142,RegionE,19.68,219.291333,238.971333,298.71416625,650,298.71416625,131.28583375,0,131.28583375,0,0,220,0,-220,82,205.408683725,342.11,266.85,0.227,0,1012,560,700,1.25,120
142,RegionF,54.98,237.903333,292.883333,371.96183291,650,121.96183291,0,0,0,250,0,220,308.03816709,-220,384.123907221338,115.306702920262,360.12,280.89,0.2683,0,966,540,685.8,1.27,120
143,RegionA,1.136,318.133333,319.269333,431.01359955,655.11,431.01359955,100,0,100,0,-0,0,124.09640045,-0,257,350,648.47,0,0.648,-0,630,420,567,1.35,120
143,RegionB,4.92266666666672,280.229333,285.151999666667,384.95519955,655.11,384.95519955,90,0,90,0,-0,0,180.15480045,-0,32,115.7,621.45,0,0.6062,-0,585,410,553.5,1.35,120
143,RegionC,9.6,290.780667,300.380667,414.52532046,655.11,414.52532046,85,0,85,0,-0,0,155.58467954,-0,220.95,300,603.44,0,0.5748,-0,540,405,558.9,1.38,120
143,RegionD,101.32,265.28,366.6,469.248,655.11,469.248,5.86200000000009,0,5.86200000000009,0,0,180,0,-180,90,95.5102800000001,387.28,302.08,0.439,0,1472,720,921.6,1.28,120
143,RegionE,19.676,255.460667,275.136667,343.92083375,655.11,229.15075788575,0,0,0,114.77007586425,0,220,205.95924211425,-220,205.408683725,82,342.25,266.95,0.2299,0,1012,560,700,1.25,120
143,RegionF,54.98,275.327333,330.307333,419.49031291,655.11,419.49031291,15.61968709,0,15.61968709,0,0,220,0,-220,115.306702920262,129.989208784862,360.26,281,0.2717,0,966,540,685.8,1.27,120
