TaskID,TaskType,ArrivalHour,SourceRegion,TargetRegion,NetworkLatency_ms,MaxLatency_ms,StartHour,FinishHour,Duration_h,GPU_Demand,Task_Full_IT_Power_MW,WaitHours,Migration_GPU_Workload_GPUh,IsMigrated
75,BatchInference,13,RegionD,RegionD,5,80,13,19.5833333333333,6.58333333333333,15,1.5,0,0,0
84,AITraining,2,RegionF,RegionA,82,150,20,24.4,4.4,71,11.36,18,312.4,1
261,AITraining,1,RegionF,RegionA,82,150,1,5.15,4.15,92,14.72,0,381.8,1
673,RealTimeInference,11,RegionC,RegionA,15,20,11,12.9166666666667,1.91666666666667,2,0.16,0,3.83333333333333,1
1681,BatchInference,2,RegionB,RegionD,60,80,2,7.3,5.3,20,2,0,106,1
1819,BatchInference,5,RegionC,RegionC,5,80,5,9.08333333333333,4.08333333333333,11,1.1,0,0,0
1930,BatchInference,2,RegionB,RegionB,5,80,2,3.9,1.9,18,1.8,0,0,0
1952,AITraining,7,RegionE,RegionC,70,150,7,7.18333333333333,0.183333333333333,74,11.84,0,13.5666666666667,1
1970,RealTimeInference,5,RegionB,RegionA,12,20,5,10.7666666666667,5.76666666666667,1,0.08,0,5.76666666666667,1
2196,RealTimeInference,16,RegionD,RegionD,5,20,16,17.7,1.7,6,0.48,0,0,0
2521,RealTimeInference,19,RegionB,RegionB,5,20,19,20.6333333333333,1.63333333333333,5,0.4,0,0,0
2639,RealTimeInference,22,RegionB,RegionC,14,20,22,24.4666666666667,2.46666666666667,4,0.32,0,9.86666666666667,1
2671,AITraining,21,RegionD,RegionE,22,150,21,26.15,5.15,95,15.2,0,489.25,1
2690,AITraining,1,RegionD,RegionB,60,150,14,19.3,5.3,82,13.12,13,434.6,1
3249,RealTimeInference,14,RegionB,RegionA,12,20,14,19.5333333333333,5.53333333333333,4,0.32,0,22.1333333333333,1
3300,RealTimeInference,6,RegionA,RegionA,5,20,6,7.18333333333333,1.18333333333333,6,0.48,0,0,0
3362,RealTimeInference,16,RegionC,RegionA,15,20,16,19.95,3.95,4,0.32,0,15.8,1
3445,AITraining,0,RegionD,RegionC,58,150,0,1.23333333333333,1.23333333333333,57,9.12,0,70.3,1
3460,RealTimeInference,3,RegionB,RegionC,14,20,3,6.55,3.55,3,0.24,0,10.65,1
3614,AITraining,3,RegionB,RegionD,60,150,12,14.7666666666667,2.76666666666667,59,9.44,9,163.233333333333,1
3788,AITraining,5,RegionE,RegionD,22,150,5,5.95,0.95,56,8.96,0,53.2,1
4020,AITraining,17,RegionF,RegionC,76,150,17,22.9166666666667,5.91666666666667,90,14.4,0,532.5,1
4434,RealTimeInference,23,RegionA,RegionB,12,20,23,26.1333333333333,3.13333333333333,5,0.4,0,15.6666666666667,1
4588,AITraining,21,RegionE,RegionA,78,150,21,26.05,5.05,119,19.04,0,600.95,1
4717,RealTimeInference,4,RegionA,RegionA,5,20,4,7.6,3.6,4,0.32,0,0,0
4742,AITraining,8,RegionA,RegionC,15,150,8,12.6,4.6,80,12.8,0,368,1
4787,BatchInference,8,RegionF,RegionD,25,80,8,14.55,6.55,13,1.3,0,85.15,1
5204,RealTimeInference,17,RegionB,RegionA,12,20,17,21.3333333333333,4.33333333333333,7,0.56,0,30.3333333333333,1
5249,BatchInference,6,RegionB,RegionD,60,80,10,10.9166666666667,0.916666666666667,5,0.5,4,4.58333333333333,1
5291,RealTimeInference,12,RegionC,RegionA,15,20,12,17.2166666666667,5.21666666666667,2,0.16,0,10.4333333333333,1
5348,AITraining,6,RegionD,RegionC,58,150,6,9.81666666666667,3.81666666666667,32,5.12,0,122.133333333333,1
5450,AITraining,0,RegionF,RegionC,76,150,0,5.73333333333333,5.73333333333333,116,18.56,0,665.066666666667,1
5647,RealTimeInference,2,RegionA,RegionB,12,20,2,6.78333333333333,4.78333333333333,3,0.24,0,14.35,1
5714,RealTimeInference,5,RegionA,RegionA,5,20,5,7.9,2.9,7,0.56,0,0,0
6016,AITraining,15,RegionD,RegionB,60,150,15,18.2333333333333,3.23333333333333,126,20.16,0,407.4,1
6224,AITraining,20,RegionF,RegionA,82,150,20,25.2166666666667,5.21666666666667,101,16.16,0,526.883333333333,1
6307,AITraining,12,RegionE,RegionC,70,150,12,13.8166666666667,1.81666666666667,69,11.04,0,125.35,1
6540,RealTimeInference,21,RegionA,RegionC,15,20,21,27.5,6.5,6,0.48,0,39,1
7029,RealTimeInference,22,RegionC,RegionC,5,20,22,23.45,1.45,3,0.24,0,0,0
7060,BatchInference,1,RegionC,RegionD,58,80,10,14.4333333333333,4.43333333333333,5,0.5,9,22.1666666666667,1
7092,RealTimeInference,22,RegionA,RegionC,15,20,22,23.5333333333333,1.53333333333333,6,0.48,0,9.2,1
7133,AITraining,13,RegionE,RegionC,70,150,19,23.6333333333333,4.63333333333333,34,5.44,6,157.533333333333,1
7246,AITraining,6,RegionF,RegionC,76,150,6,9.83333333333333,3.83333333333333,29,4.64,0,111.166666666667,1
7759,AITraining,2,RegionF,RegionA,82,150,8,12.1833333333333,4.18333333333333,123,19.68,6,514.55,1
8048,RealTimeInference,19,RegionA,RegionB,12,20,19,24.2166666666667,5.21666666666667,4,0.32,0,20.8666666666667,1
8480,RealTimeInference,12,RegionC,RegionA,15,20,12,18.15,6.15,5,0.4,0,30.75,1
8678,AITraining,16,RegionB,RegionC,14,150,16,16.2166666666667,0.216666666666667,69,11.04,0,14.95,1
8692,AITraining,2,RegionD,RegionC,58,150,2,3.08333333333333,1.08333333333333,66,10.56,0,71.5,1
8755,RealTimeInference,23,RegionC,RegionB,14,20,23,29.3833333333333,6.38333333333333,7,0.56,0,44.6833333333333,1
9020,RealTimeInference,2,RegionA,RegionC,15,20,2,8.01666666666667,6.01666666666667,5,0.4,0,30.0833333333333,1
9101,RealTimeInference,2,RegionB,RegionC,14,20,2,2.7,0.7,4,0.32,0,2.8,1
9159,RealTimeInference,8,RegionB,RegionB,5,20,8,12.85,4.85,4,0.32,0,0,0
9170,AITraining,0,RegionB,RegionC,14,150,0,2.48333333333333,2.48333333333333,50,8,0,124.166666666667,1
9233,BatchInference,11,RegionD,RegionD,5,80,18,21.6833333333333,3.68333333333333,17,1.7,7,0,0
9260,BatchInference,9,RegionE,RegionD,22,80,9,14.6,5.6,12,1.2,0,67.2,1
9291,RealTimeInference,13,RegionB,RegionA,12,20,13,18.9333333333333,5.93333333333333,2,0.16,0,11.8666666666667,1
9326,RealTimeInference,15,RegionC,RegionB,14,20,15,16.4166666666667,1.41666666666667,2,0.16,0,2.83333333333333,1
9378,RealTimeInference,16,RegionC,RegionA,15,20,16,17.4833333333333,1.48333333333333,7,0.56,0,10.3833333333333,1
9424,AITraining,11,RegionF,RegionD,25,150,11,12.5666666666667,1.56666666666667,65,10.4,0,101.833333333333,1
9483,AITraining,13,RegionF,RegionB,79,150,19,23.3833333333333,4.38333333333333,126,20.16,6,552.3,1
9487,BatchInference,5,RegionC,RegionD,58,80,8,12.7166666666667,4.71666666666667,9,0.9,3,42.45,1
9537,BatchInference,0,RegionA,RegionC,15,80,0,0.316666666666667,0.316666666666667,17,1.7,0,5.38333333333333,1
9676,AITraining,20,RegionD,RegionB,60,150,20,23.2833333333333,3.28333333333333,64,10.24,0,210.133333333333,1
10307,BatchInference,11,RegionC,RegionD,58,80,11,13.7166666666667,2.71666666666667,10,1,0,27.1666666666667,1
10404,RealTimeInference,5,RegionA,RegionA,5,20,5,9.78333333333333,4.78333333333333,7,0.56,0,0,0
10525,AITraining,12,RegionE,RegionA,78,150,14,17.2666666666667,3.26666666666667,38,6.08,2,124.133333333333,1
10691,AITraining,11,RegionF,RegionB,79,150,12,15.1166666666667,3.11666666666667,112,17.92,1,349.066666666667,1
10916,RealTimeInference,8,RegionA,RegionB,12,20,8,10.0833333333333,2.08333333333333,2,0.16,0,4.16666666666667,1
10943,RealTimeInference,14,RegionB,RegionB,5,20,14,16.2166666666667,2.21666666666667,2,0.16,0,0,0
10946,RealTimeInference,14,RegionC,RegionB,14,20,14,17.7333333333333,3.73333333333333,6,0.48,0,22.4,1
10960,BatchInference,6,RegionF,RegionC,76,80,6,11.6,5.6,9,0.9,0,50.4,1
11030,RealTimeInference,11,RegionB,RegionC,14,20,11,12.9166666666667,1.91666666666667,6,0.48,0,11.5,1
11033,BatchInference,0,RegionA,RegionC,15,80,0,3.95,3.95,5,0.5,0,19.75,1
11183,RealTimeInference,12,RegionF,RegionF,5,20,12,18.5833333333333,6.58333333333333,7,0.56,0,0,0
11283,BatchInference,17,RegionB,RegionD,60,80,17,22.0166666666667,5.01666666666667,22,2.2,0,110.366666666667,1
11311,RealTimeInference,4,RegionB,RegionC,14,20,4,10.5333333333333,6.53333333333333,2,0.16,0,13.0666666666667,1
11346,RealTimeInference,11,RegionC,RegionB,14,20,11,13.6166666666667,2.61666666666667,2,0.16,0,5.23333333333333,1
11646,BatchInference,2,RegionD,RegionD,5,80,10,15.85,5.85,17,1.7,8,0,0
12031,RealTimeInference,3,RegionA,RegionA,5,20,3,5.56666666666667,2.56666666666667,6,0.48,0,0,0
12072,AITraining,8,RegionD,RegionC,58,150,14,19.05,5.05,121,19.36,6,611.05,1
12073,RealTimeInference,22,RegionC,RegionC,5,20,22,28.3333333333333,6.33333333333333,4,0.32,0,0,0
12079,RealTimeInference,15,RegionB,RegionA,12,20,15,15.9333333333333,0.933333333333333,5,0.4,0,4.66666666666667,1
12084,AITraining,7,RegionD,RegionC,58,150,9,12.8833333333333,3.88333333333333,89,14.24,2,345.616666666667,1
12511,AITraining,5,RegionD,RegionB,60,150,5,9.83333333333333,4.83333333333333,20,3.2,0,96.6666666666667,1
12529,AITraining,14,RegionD,RegionC,58,150,14,17.1333333333333,3.13333333333333,24,3.84,0,75.2,1
12733,BatchInference,6,RegionB,RegionB,5,80,6,6.16666666666667,0.166666666666667,20,2,0,0,0
12742,AITraining,19,RegionE,RegionD,22,150,19,21.95,2.95,29,4.64,0,85.55,1
12937,BatchInference,17,RegionB,RegionB,5,80,23,25.0166666666667,2.01666666666667,9,0.9,6,0,0
12976,AITraining,14,RegionD,RegionD,5,150,14,20.2166666666667,6.21666666666667,65,10.4,0,0,0
13021,RealTimeInference,18,RegionA,RegionB,12,20,18,20.0166666666667,2.01666666666667,5,0.4,0,10.0833333333333,1
13050,RealTimeInference,12,RegionB,RegionC,14,20,12,12.35,0.35,7,0.56,0,2.45,1
13423,BatchInference,23,RegionC,RegionB,14,80,23,27.0666666666667,4.06666666666667,9,0.9,0,36.6,1
13615,RealTimeInference,8,RegionC,RegionC,5,20,8,13.3333333333333,5.33333333333333,5,0.4,0,0,0
13772,RealTimeInference,18,RegionC,RegionA,15,20,18,18.5,0.5,1,0.08,0,0.5,1
13807,RealTimeInference,17,RegionA,RegionB,12,20,17,23.4,6.4,2,0.16,0,12.8,1
13810,RealTimeInference,11,RegionB,RegionB,5,20,11,13.8833333333333,2.88333333333333,5,0.4,0,0,0
13847,AITraining,0,RegionB,RegionB,5,150,0,0.966666666666667,0.966666666666667,35,5.6,0,0,0
13853,RealTimeInference,21,RegionA,RegionC,15,20,21,23.0833333333333,2.08333333333333,6,0.48,0,12.5,1
13868,AITraining,5,RegionD,RegionA,65,150,13,13.6833333333333,0.683333333333333,52,8.32,8,35.5333333333333,1
13959,BatchInference,11,RegionA,RegionD,65,80,12,15.4,3.4,16,1.6,1,54.4,1
14042,AITraining,17,RegionF,RegionA,82,150,17,19.7,2.7,54,8.64,0,145.8,1
14112,AITraining,0,RegionD,RegionC,58,150,0,1.4,1.4,102,16.32,0,142.8,1
14132,RealTimeInference,15,RegionB,RegionA,12,20,15,16.6833333333333,1.68333333333333,6,0.48,0,10.1,1
14205,RealTimeInference,16,RegionC,RegionA,15,20,16,19.25,3.25,1,0.08,0,3.25,1
14243,RealTimeInference,15,RegionB,RegionA,12,20,15,20.2166666666667,5.21666666666667,7,0.56,0,36.5166666666667,1
14355,RealTimeInference,15,RegionB,RegionB,5,20,15,15.45,0.45,2,0.16,0,0,0
14374,AITraining,10,RegionD,RegionB,60,150,14,18.8,4.8,123,19.68,4,590.4,1
14640,AITraining,3,RegionF,RegionC,76,150,3,8.91666666666667,5.91666666666667,118,18.88,0,698.166666666667,1
14687,AITraining,9,RegionD,RegionA,65,150,13,13.45,0.45,107,17.12,4,48.15,1
14921,AITraining,17,RegionF,RegionD,25,150,17,21.1666666666667,4.16666666666667,119,19.04,0,495.833333333333,1
14959,RealTimeInference,8,RegionB,RegionA,12,20,8,13.3166666666667,5.31666666666667,6,0.48,0,31.9,1
14997,RealTimeInference,14,RegionB,RegionB,5,20,14,17.2,3.2,5,0.4,0,0,0
15020,RealTimeInference,5,RegionD,RegionD,5,20,5,7.31666666666667,2.31666666666667,3,0.24,0,0,0
15080,AITraining,2,RegionB,RegionC,14,150,13,14.05,1.05,63,10.08,11,66.15,1
15119,AITraining,19,RegionA,RegionB,12,150,19,23.9333333333333,4.93333333333333,58,9.28,0,286.133333333333,1
15197,RealTimeInference,1,RegionD,RegionD,5,20,1,1.65,0.65,4,0.32,0,0,0
15302,BatchInference,23,RegionF,RegionB,79,80,23,28.3,5.3,16,1.6,0,84.8,1
15352,RealTimeInference,17,RegionB,RegionA,12,20,17,18.1166666666667,1.11666666666667,7,0.56,0,7.81666666666667,1
15383,RealTimeInference,3,RegionA,RegionB,12,20,3,9.4,6.4,5,0.4,0,32,1
15478,RealTimeInference,18,RegionC,RegionB,14,20,18,20.2166666666667,2.21666666666667,5,0.4,0,11.0833333333333,1
15577,BatchInference,10,RegionE,RegionD,22,80,17,19.9333333333333,2.93333333333333,14,1.4,7,41.0666666666667,1
15603,RealTimeInference,14,RegionC,RegionB,14,20,14,16.1666666666667,2.16666666666667,7,0.56,0,15.1666666666667,1
15627,BatchInference,15,RegionC,RegionD,58,80,15,21.5333333333333,6.53333333333333,16,1.6,0,104.533333333333,1
15673,AITraining,2,RegionD,RegionA,65,150,14,19.9833333333333,5.98333333333333,108,17.28,12,646.2,1
15705,RealTimeInference,17,RegionB,RegionA,12,20,17,21.6166666666667,4.61666666666667,2,0.16,0,9.23333333333333,1
15802,AITraining,19,RegionC,RegionB,14,150,19,21.1666666666667,2.16666666666667,23,3.68,0,49.8333333333333,1
15810,AITraining,19,RegionD,RegionC,58,150,19,23.65,4.65,85,13.6,0,395.25,1
15945,BatchInference,4,RegionF,RegionD,25,80,12,14.4833333333333,2.48333333333333,10,1,8,24.8333333333333,1
16083,RealTimeInference,12,RegionF,RegionF,5,20,12,16.3666666666667,4.36666666666667,1,0.08,0,0,0
16288,BatchInference,9,RegionB,RegionD,60,80,9,12.3,3.3,23,2.3,0,75.9,1
16511,AITraining,0,RegionD,RegionA,65,150,0,1.36666666666667,1.36666666666667,36,5.76,0,49.2,1
16550,RealTimeInference,10,RegionA,RegionC,15,20,10,12.7,2.7,5,0.4,0,13.5,1
16661,AITraining,15,RegionB,RegionA,12,150,15,19.6333333333333,4.63333333333333,98,15.68,0,454.066666666667,1
16915,AITraining,10,RegionF,RegionB,79,150,13,14.1,1.1,102,16.32,3,112.2,1
16962,BatchInference,7,RegionF,RegionD,25,80,9,11.3666666666667,2.36666666666667,21,2.1,2,49.7,1
17221,RealTimeInference,1,RegionB,RegionA,12,20,1,1.43333333333333,0.433333333333333,6,0.48,0,2.6,1
17295,AITraining,9,RegionE,RegionB,74,150,9,13.1333333333333,4.13333333333333,39,6.24,0,161.2,1
17660,RealTimeInference,7,RegionB,RegionB,5,20,7,10.85,3.85,2,0.16,0,0,0
17762,RealTimeInference,17,RegionE,RegionF,18,20,17,19.2666666666667,2.26666666666667,7,0.56,0,15.8666666666667,1
17840,BatchInference,9,RegionE,RegionD,22,80,9,13.0166666666667,4.01666666666667,4,0.4,0,16.0666666666667,1
17844,BatchInference,5,RegionC,RegionD,58,80,12,15.7833333333333,3.78333333333333,16,1.6,7,60.5333333333333,1
18177,RealTimeInference,11,RegionA,RegionA,5,20,11,12.9333333333333,1.93333333333333,6,0.48,0,0,0
18195,RealTimeInference,5,RegionE,RegionF,18,20,5,8.41666666666667,3.41666666666667,3,0.24,0,10.25,1
18322,RealTimeInference,16,RegionA,RegionA,5,20,16,18.2,2.2,3,0.24,0,0,0
18364,AITraining,10,RegionE,RegionC,70,150,13,14.05,1.05,120,19.2,3,126,1
18424,RealTimeInference,17,RegionC,RegionA,15,20,17,21.25,4.25,3,0.24,0,12.75,1
18475,RealTimeInference,10,RegionB,RegionA,12,20,10,10.6,0.6,7,0.56,0,4.2,1
18519,BatchInference,14,RegionB,RegionD,60,80,14,19.7666666666667,5.76666666666667,5,0.5,0,28.8333333333333,1
18564,BatchInference,4,RegionB,RegionC,14,80,4,8.31666666666667,4.31666666666667,12,1.2,0,51.8,1
18585,AITraining,2,RegionD,RegionD,5,150,10,15.9666666666667,5.96666666666667,16,2.56,8,0,0
19256,RealTimeInference,8,RegionC,RegionC,5,20,8,11.6666666666667,3.66666666666667,5,0.4,0,0,0
19302,AITraining,4,RegionE,RegionC,70,150,14,19.0833333333333,5.08333333333333,66,10.56,10,335.5,1
19459,AITraining,3,RegionE,RegionA,78,150,11,14.3333333333333,3.33333333333333,55,8.8,8,183.333333333333,1
19608,AITraining,1,RegionD,RegionB,60,150,12,14.3166666666667,2.31666666666667,91,14.56,11,210.816666666667,1
19780,RealTimeInference,2,RegionB,RegionB,5,20,2,3.45,1.45,4,0.32,0,0,0
19878,RealTimeInference,15,RegionB,RegionA,12,20,15,15.55,0.55,1,0.08,0,0.55,1
19938,RealTimeInference,15,RegionC,RegionA,15,20,15,17.7666666666667,2.76666666666667,7,0.56,0,19.3666666666667,1
20023,AITraining,0,RegionE,RegionB,74,150,0,1.46666666666667,1.46666666666667,61,9.76,0,89.4666666666667,1
20030,RealTimeInference,10,RegionC,RegionA,15,20,10,13.65,3.65,2,0.16,0,7.3,1
20103,RealTimeInference,22,RegionC,RegionC,5,20,22,24,2,3,0.24,0,0,0
20129,BatchInference,5,RegionE,RegionD,22,80,10,10.9666666666667,0.966666666666667,12,1.2,5,11.6,1
20428,RealTimeInference,9,RegionB,RegionB,5,20,9,13.8,4.8,3,0.24,0,0,0
20510,AITraining,8,RegionF,RegionD,25,150,14,15.7166666666667,1.71666666666667,73,11.68,6,125.316666666667,1
20619,AITraining,11,RegionD,RegionA,65,150,11,17.25,6.25,23,3.68,0,143.75,1
20728,BatchInference,13,RegionA,RegionD,65,80,13,19.4333333333333,6.43333333333333,22,2.2,0,141.533333333333,1
20731,AITraining,14,RegionE,RegionD,22,150,14,18.45,4.45,24,3.84,0,106.8,1
20876,RealTimeInference,5,RegionC,RegionC,5,20,5,6.26666666666667,1.26666666666667,3,0.24,0,0,0
21075,BatchInference,13,RegionA,RegionD,65,80,13,13.5666666666667,0.566666666666667,12,1.2,0,6.8,1
21662,RealTimeInference,19,RegionB,RegionB,5,20,19,23.1666666666667,4.16666666666667,2,0.16,0,0,0
21674,AITraining,3,RegionD,RegionC,58,150,20,23.7666666666667,3.76666666666667,93,14.88,17,350.3,1
21852,RealTimeInference,16,RegionB,RegionA,12,20,16,21.2333333333333,5.23333333333333,1,0.08,0,5.23333333333333,1
21961,RealTimeInference,15,RegionA,RegionA,5,20,15,16.7666666666667,1.76666666666667,5,0.4,0,0,0
22079,AITraining,19,RegionB,RegionA,12,150,19,24.0666666666667,5.06666666666667,112,17.92,0,567.466666666667,1
22173,RealTimeInference,23,RegionB,RegionB,5,20,23,26.7333333333333,3.73333333333333,2,0.16,0,0,0
22372,BatchInference,12,RegionD,RegionD,5,80,12,14.0833333333333,2.08333333333333,20,2,0,0,0
22425,RealTimeInference,8,RegionC,RegionA,15,20,8,11.7833333333333,3.78333333333333,4,0.32,0,15.1333333333333,1
22465,BatchInference,9,RegionF,RegionD,25,80,9,14.0833333333333,5.08333333333333,10,1,0,50.8333333333333,1
22468,RealTimeInference,6,RegionB,RegionB,5,20,6,10.4166666666667,4.41666666666667,6,0.48,0,0,0
22850,AITraining,13,RegionE,RegionC,70,150,19,23.6,4.6,82,13.12,6,377.2,1
22958,RealTimeInference,2,RegionA,RegionB,12,20,2,6.51666666666667,4.51666666666667,3,0.24,0,13.55,1
22975,BatchInference,3,RegionD,RegionD,5,80,11,11.85,0.85,21,2.1,8,0,0
22977,AITraining,10,RegionF,RegionB,79,150,13,13.6333333333333,0.633333333333333,62,9.92,3,39.2666666666667,1
23197,AITraining,3,RegionE,RegionA,78,150,12,14.15,2.15,101,16.16,9,217.15,1
23279,AITraining,7,RegionA,RegionA,5,150,14,18.0666666666667,4.06666666666667,18,2.88,7,0,0
23341,AITraining,14,RegionD,RegionB,60,150,20,23.1666666666667,3.16666666666667,52,8.32,6,164.666666666667,1
23535,RealTimeInference,19,RegionA,RegionB,12,20,19,19.5166666666667,0.516666666666667,1,0.08,0,0.516666666666667,1
23584,BatchInference,2,RegionC,RegionD,58,80,8,12.1,4.1,16,1.6,6,65.6,1
23631,AITraining,17,RegionE,RegionD,22,150,17,18.65,1.65,103,16.48,0,169.95,1
23705,RealTimeInference,9,RegionE,RegionF,18,20,9,14.0166666666667,5.01666666666667,5,0.4,0,25.0833333333333,1
23761,RealTimeInference,1,RegionB,RegionB,5,20,1,3.23333333333333,2.23333333333333,1,0.08,0,0,0
23858,BatchInference,6,RegionB,RegionB,5,80,6,11.85,5.85,14,1.4,0,0,0
23962,RealTimeInference,6,RegionA,RegionA,5,20,6,7.15,1.15,1,0.08,0,0,0
23996,BatchInference,4,RegionB,RegionD,60,80,9,12.5833333333333,3.58333333333333,16,1.6,5,57.3333333333333,1
24169,BatchInference,2,RegionD,RegionC,58,80,9,11.0166666666667,2.01666666666667,23,2.3,7,46.3833333333333,1
24179,AITraining,15,RegionD,RegionD,5,150,15,18.7666666666667,3.76666666666667,52,8.32,0,0,0
24581,BatchInference,18,RegionC,RegionD,58,80,18,21.9333333333333,3.93333333333333,13,1.3,0,51.1333333333333,1
24957,BatchInference,9,RegionE,RegionD,22,80,10,16.2166666666667,6.21666666666667,18,1.8,1,111.9,1
24987,RealTimeInference,8,RegionB,RegionB,5,20,8,14.3666666666667,6.36666666666667,4,0.32,0,0,0
25044,AITraining,12,RegionB,RegionA,12,150,12,17.0666666666667,5.06666666666667,119,19.04,0,602.933333333333,1
25241,RealTimeInference,20,RegionA,RegionB,12,20,20,22.0166666666667,2.01666666666667,2,0.16,0,4.03333333333333,1
25313,RealTimeInference,13,RegionA,RegionA,5,20,13,14.2333333333333,1.23333333333333,4,0.32,0,0,0
25492,RealTimeInference,23,RegionB,RegionC,14,20,23,25.8166666666667,2.81666666666667,5,0.4,0,14.0833333333333,1
25499,RealTimeInference,0,RegionB,RegionA,12,20,0,6.31666666666667,6.31666666666667,4,0.32,0,25.2666666666667,1
25578,RealTimeInference,22,RegionB,RegionC,14,20,22,26.8833333333333,4.88333333333333,5,0.4,0,24.4166666666667,1
25602,RealTimeInference,22,RegionA,RegionC,15,20,22,24.45,2.45,7,0.56,0,17.15,1
25683,RealTimeInference,18,RegionB,RegionA,12,20,18,22.8333333333333,4.83333333333333,5,0.4,0,24.1666666666667,1
25713,RealTimeInference,17,RegionA,RegionA,5,20,17,17.55,0.55,7,0.56,0,0,0
25727,BatchInference,10,RegionB,RegionD,60,80,17,23.6166666666667,6.61666666666667,7,0.7,7,46.3166666666667,1
25752,AITraining,13,RegionA,RegionA,5,150,14,14.6333333333333,0.633333333333333,45,7.2,1,0,0
25812,BatchInference,16,RegionA,RegionD,65,80,16,20.5333333333333,4.53333333333333,15,1.5,0,68,1
25876,AITraining,17,RegionF,RegionD,25,150,17,18.8833333333333,1.88333333333333,48,7.68,0,90.4,1
26152,RealTimeInference,13,RegionF,RegionF,5,20,13,16.2666666666667,3.26666666666667,4,0.32,0,0,0
26204,RealTimeInference,20,RegionD,RegionD,5,20,20,22.3333333333333,2.33333333333333,1,0.08,0,0,0
26211,AITraining,11,RegionF,RegionB,79,150,18,24.1833333333333,6.18333333333333,41,6.56,7,253.516666666667,1
26283,BatchInference,11,RegionF,RegionD,25,80,11,16.1166666666667,5.11666666666667,4,0.4,0,20.4666666666667,1
26299,AITraining,0,RegionD,RegionB,60,150,0,6.38333333333333,6.38333333333333,117,18.72,0,746.85,1
26407,RealTimeInference,8,RegionC,RegionC,5,20,8,11.9833333333333,3.98333333333333,2,0.16,0,0,0
26458,AITraining,17,RegionE,RegionA,78,150,17,18.7333333333333,1.73333333333333,74,11.84,0,128.266666666667,1
26591,AITraining,6,RegionF,RegionB,79,150,6,11.75,5.75,24,3.84,0,138,1
26596,RealTimeInference,14,RegionC,RegionB,14,20,14,15.8,1.8,2,0.16,0,3.6,1
26706,BatchInference,0,RegionC,RegionA,15,80,0,1.66666666666667,1.66666666666667,13,1.3,0,21.6666666666667,1
26744,RealTimeInference,8,RegionA,RegionC,15,20,8,12.6666666666667,4.66666666666667,4,0.32,0,18.6666666666667,1
26769,RealTimeInference,14,RegionA,RegionB,12,20,14,14.35,0.35,7,0.56,0,2.45,1
27050,RealTimeInference,15,RegionC,RegionA,15,20,15,20.9666666666667,5.96666666666667,6,0.48,0,35.8,1
27150,AITraining,13,RegionC,RegionB,14,150,13,13.4833333333333,0.483333333333333,28,4.48,0,13.5333333333333,1
27186,AITraining,13,RegionE,RegionC,70,150,13,17.0666666666667,4.06666666666667,40,6.4,0,162.666666666667,1
27448,AITraining,9,RegionE,RegionC,70,150,16,19.2166666666667,3.21666666666667,24,3.84,7,77.2,1
27475,RealTimeInference,4,RegionC,RegionB,14,20,4,6.75,2.75,5,0.4,0,13.75,1
27563,AITraining,1,RegionC,RegionC,5,150,1,7.11666666666667,6.11666666666667,22,3.52,0,0,0
27584,RealTimeInference,21,RegionA,RegionA,5,20,21,21.6666666666667,0.666666666666667,2,0.16,0,0,0
27644,AITraining,18,RegionD,RegionA,65,150,18,22.9333333333333,4.93333333333333,118,18.88,0,582.133333333333,1
27871,AITraining,18,RegionB,RegionD,60,150,18,21.3333333333333,3.33333333333333,109,17.44,0,363.333333333333,1
27877,AITraining,8,RegionF,RegionD,25,150,10,11.3666666666667,1.36666666666667,56,8.96,2,76.5333333333333,1
27907,RealTimeInference,1,RegionB,RegionA,12,20,1,4.45,3.45,2,0.16,0,6.9,1
28111,AITraining,10,RegionE,RegionB,74,150,14,20.0166666666667,6.01666666666667,62,9.92,4,373.033333333333,1
28291,BatchInference,8,RegionA,RegionD,65,80,11,15.7833333333333,4.78333333333333,22,2.2,3,105.233333333333,1
28402,RealTimeInference,23,RegionA,RegionC,15,20,23,23.9166666666667,0.916666666666667,5,0.4,0,4.58333333333333,1
28403,BatchInference,18,RegionA,RegionB,12,80,23,25.15,2.15,4,0.4,5,8.6,1
28419,BatchInference,2,RegionD,RegionC,58,80,2,2.38333333333333,0.383333333333333,19,1.9,0,7.28333333333333,1
28627,BatchInference,6,RegionB,RegionD,60,80,11,14.75,3.75,18,1.8,5,67.5,1
28705,BatchInference,4,RegionB,RegionD,60,80,11,16.35,5.35,14,1.4,7,74.9,1
28789,BatchInference,18,RegionA,RegionD,65,80,18,20.9166666666667,2.91666666666667,13,1.3,0,37.9166666666667,1
28855,BatchInference,2,RegionA,RegionD,65,80,10,15.6666666666667,5.66666666666667,21,2.1,8,119,1
29032,AITraining,7,RegionB,RegionB,5,150,14,14.9166666666667,0.916666666666667,21,3.36,7,0,0
29122,BatchInference,3,RegionE,RegionD,22,80,10,15.6833333333333,5.68333333333333,9,0.9,7,51.15,1
29158,RealTimeInference,12,RegionA,RegionB,12,20,12,15.8833333333333,3.88333333333333,4,0.32,0,15.5333333333333,1
29186,RealTimeInference,6,RegionB,RegionC,14,20,6,9.05,3.05,3,0.24,0,9.15,1
29231,RealTimeInference,9,RegionB,RegionC,14,20,9,11.7166666666667,2.71666666666667,5,0.4,0,13.5833333333333,1
29510,RealTimeInference,14,RegionD,RegionD,5,20,14,17.75,3.75,2,0.16,0,0,0
29531,BatchInference,4,RegionA,RegionD,65,80,11,16.25,5.25,18,1.8,7,94.5,1
29753,BatchInference,17,RegionF,RegionB,79,80,23,25.9,2.9,8,0.8,6,23.2,1
29760,AITraining,19,RegionA,RegionA,5,150,19,24.3166666666667,5.31666666666667,92,14.72,0,0,0
29796,BatchInference,18,RegionC,RegionD,58,80,18,19.4666666666667,1.46666666666667,17,1.7,0,24.9333333333333,1
29883,BatchInference,16,RegionE,RegionD,22,80,16,19.8,3.8,23,2.3,0,87.4,1
30000,AITraining,1,RegionE,RegionB,74,150,13,13.1833333333333,0.183333333333333,102,16.32,12,18.7,1
30202,BatchInference,18,RegionC,RegionB,14,80,23,24.8,1.8,18,1.8,5,32.4,1
30231,BatchInference,0,RegionE,RegionA,78,80,0,1.95,1.95,23,2.3,0,44.85,1
30279,AITraining,11,RegionD,RegionD,5,150,18,22.1833333333333,4.18333333333333,91,14.56,7,0,0
30358,BatchInference,11,RegionB,RegionD,60,80,11,12.0833333333333,1.08333333333333,23,2.3,0,24.9166666666667,1
30518,RealTimeInference,2,RegionB,RegionC,14,20,2,3.18333333333333,1.18333333333333,6,0.48,0,7.1,1
30540,RealTimeInference,8,RegionE,RegionF,18,20,8,12.4333333333333,4.43333333333333,3,0.24,0,13.3,1
30724,AITraining,23,RegionF,RegionB,79,150,23,24.0666666666667,1.06666666666667,99,15.84,0,105.6,1
30787,RealTimeInference,6,RegionB,RegionB,5,20,6,7.76666666666667,1.76666666666667,4,0.32,0,0,0
30858,RealTimeInference,9,RegionB,RegionA,12,20,9,14.3833333333333,5.38333333333333,4,0.32,0,21.5333333333333,1
31200,BatchInference,11,RegionD,RegionD,5,80,18,20.1666666666667,2.16666666666667,21,2.1,7,0,0
31463,RealTimeInference,0,RegionC,RegionB,14,20,0,1.23333333333333,1.23333333333333,2,0.16,0,2.46666666666667,1
31506,AITraining,12,RegionD,RegionC,58,150,12,16.3333333333333,4.33333333333333,57,9.12,0,247,1
31516,BatchInference,9,RegionD,RegionD,5,80,13,14.35,1.35,12,1.2,4,0,0
31840,RealTimeInference,15,RegionA,RegionA,5,20,15,19,4,4,0.32,0,0,0
31947,RealTimeInference,23,RegionB,RegionB,5,20,23,25.75,2.75,4,0.32,0,0,0
31980,BatchInference,10,RegionC,RegionD,58,80,10,11.9333333333333,1.93333333333333,22,2.2,0,42.5333333333333,1
32064,RealTimeInference,13,RegionA,RegionB,12,20,13,19.4833333333333,6.48333333333333,3,0.24,0,19.45,1
32245,BatchInference,8,RegionE,RegionD,22,80,9,11.2333333333333,2.23333333333333,11,1.1,1,24.5666666666667,1
32406,BatchInference,4,RegionC,RegionD,58,80,9,12.0833333333333,3.08333333333333,12,1.2,5,37,1
32629,BatchInference,17,RegionC,RegionD,58,80,17,22.0833333333333,5.08333333333333,20,2,0,101.666666666667,1
32717,RealTimeInference,13,RegionC,RegionA,15,20,13,18.4666666666667,5.46666666666667,2,0.16,0,10.9333333333333,1
32732,AITraining,1,RegionC,RegionD,58,150,1,5.18333333333333,4.18333333333333,81,12.96,0,338.85,1
32824,AITraining,12,RegionC,RegionD,58,150,19,22.4666666666667,3.46666666666667,49,7.84,7,169.866666666667,1
32867,RealTimeInference,19,RegionC,RegionA,15,20,19,22.5833333333333,3.58333333333333,1,0.08,0,3.58333333333333,1
32974,RealTimeInference,23,RegionA,RegionB,12,20,23,29.2,6.2,4,0.32,0,24.8,1
33148,AITraining,10,RegionE,RegionA,78,150,14,19.0166666666667,5.01666666666667,98,15.68,4,491.633333333333,1
33214,RealTimeInference,20,RegionB,RegionA,12,20,20,20.1833333333333,0.183333333333333,2,0.16,0,0.366666666666667,1
33300,BatchInference,1,RegionD,RegionD,5,80,10,14.4833333333333,4.48333333333333,16,1.6,9,0,0
33458,BatchInference,12,RegionE,RegionD,22,80,12,17.3333333333333,5.33333333333333,20,2,0,106.666666666667,1
33557,AITraining,5,RegionF,RegionD,25,150,9,12.9833333333333,3.98333333333333,18,2.88,4,71.7,1
33683,RealTimeInference,14,RegionA,RegionA,5,20,14,16.1833333333333,2.18333333333333,3,0.24,0,0,0
33707,BatchInference,2,RegionE,RegionD,22,80,10,16.3666666666667,6.36666666666667,8,0.8,8,50.9333333333333,1
33849,RealTimeInference,2,RegionB,RegionC,14,20,2,8.56666666666667,6.56666666666667,1,0.08,0,6.56666666666667,1
33853,RealTimeInference,19,RegionA,RegionA,5,20,19,22.0166666666667,3.01666666666667,1,0.08,0,0,0
33879,RealTimeInference,23,RegionF,RegionE,18,20,23,26.5666666666667,3.56666666666667,6,0.48,0,21.4,1
34003,BatchInference,5,RegionF,RegionD,25,80,9,11.4833333333333,2.48333333333333,6,0.6,4,14.9,1
34086,RealTimeInference,23,RegionB,RegionB,5,20,23,23.2333333333333,0.233333333333333,7,0.56,0,0,0
34240,BatchInference,13,RegionA,RegionD,65,80,13,19.25,6.25,12,1.2,0,75,1
34306,BatchInference,3,RegionA,RegionD,65,80,3,5.95,2.95,18,1.8,0,53.1,1
34476,BatchInference,7,RegionF,RegionD,25,80,7,12,5,16,1.6,0,80,1
34504,RealTimeInference,19,RegionA,RegionA,5,20,19,20.8166666666667,1.81666666666667,1,0.08,0,0,0
34562,AITraining,18,RegionC,RegionB,14,150,18,21.7166666666667,3.71666666666667,40,6.4,0,148.666666666667,1
34564,RealTimeInference,8,RegionB,RegionB,5,20,8,8.98333333333333,0.983333333333333,4,0.32,0,0,0
34725,RealTimeInference,8,RegionE,RegionF,18,20,8,8.9,0.9,1,0.08,0,0.9,1
34759,RealTimeInference,23,RegionA,RegionC,15,20,23,23.25,0.25,3,0.24,0,0.75,1
35004,RealTimeInference,0,RegionB,RegionA,12,20,0,1.56666666666667,1.56666666666667,5,0.4,0,7.83333333333333,1
35095,RealTimeInference,18,RegionB,RegionC,14,20,18,22.5833333333333,4.58333333333333,6,0.48,0,27.5,1
35164,RealTimeInference,11,RegionC,RegionA,15,20,11,11.8333333333333,0.833333333333333,7,0.56,0,5.83333333333333,1
35299,AITraining,5,RegionD,RegionD,5,150,14,20.65,6.65,61,9.76,9,0,0
35364,BatchInference,23,RegionB,RegionB,5,80,23,27.2,4.2,19,1.9,0,0,0
35934,RealTimeInference,22,RegionA,RegionC,15,20,22,22.5333333333333,0.533333333333333,7,0.56,0,3.73333333333333,1
36115,RealTimeInference,0,RegionC,RegionC,5,20,0,0.566666666666667,0.566666666666667,2,0.16,0,0,0
36270,AITraining,15,RegionD,RegionB,60,150,15,20.55,5.55,30,4.8,0,166.5,1
36404,AITraining,13,RegionF,RegionD,25,150,14,17.4,3.4,93,14.88,1,316.2,1
36458,AITraining,22,RegionC,RegionB,14,150,22,22.4833333333333,0.483333333333333,45,7.2,0,21.75,1
36551,RealTimeInference,3,RegionA,RegionA,5,20,3,8.66666666666667,5.66666666666667,7,0.56,0,0,0
36591,RealTimeInference,14,RegionB,RegionA,12,20,14,20.2,6.2,3,0.24,0,18.6,1
36635,AITraining,6,RegionC,RegionC,5,150,12,15.4333333333333,3.43333333333333,86,13.76,6,0,0
36843,BatchInference,13,RegionE,RegionD,22,80,13,18.6833333333333,5.68333333333333,12,1.2,0,68.2,1
36974,AITraining,10,RegionF,RegionD,25,150,13,13.7333333333333,0.733333333333333,74,11.84,3,54.2666666666667,1
36976,RealTimeInference,5,RegionA,RegionC,15,20,5,6.03333333333333,1.03333333333333,1,0.08,0,1.03333333333333,1
37041,AITraining,18,RegionA,RegionB,12,150,18,24.5833333333333,6.58333333333333,41,6.56,0,269.916666666667,1
37109,AITraining,8,RegionD,RegionB,60,150,14,14.6166666666667,0.616666666666667,26,4.16,6,16.0333333333333,1
37127,RealTimeInference,7,RegionA,RegionC,15,20,7,12.7666666666667,5.76666666666667,6,0.48,0,34.6,1
37306,BatchInference,1,RegionC,RegionC,5,80,1,7.23333333333333,6.23333333333333,12,1.2,0,0,0
37313,RealTimeInference,22,RegionB,RegionC,14,20,22,25.9333333333333,3.93333333333333,3,0.24,0,11.8,1
37404,RealTimeInference,15,RegionB,RegionA,12,20,15,17.2,2.2,1,0.08,0,2.2,1
37652,AITraining,12,RegionD,RegionC,58,150,14,17.2166666666667,3.21666666666667,43,6.88,2,138.316666666667,1
37899,BatchInference,10,RegionE,RegionC,70,80,12,12.2,0.2,19,1.9,2,3.8,1
37909,RealTimeInference,22,RegionB,RegionC,14,20,22,27.6,5.6,1,0.08,0,5.6,1
37928,RealTimeInference,16,RegionA,RegionA,5,20,16,20.4166666666667,4.41666666666667,6,0.48,0,0,0
37945,RealTimeInference,6,RegionC,RegionB,14,20,6,10.9666666666667,4.96666666666667,3,0.24,0,14.9,1
37951,BatchInference,11,RegionE,RegionD,22,80,11,14.1,3.1,21,2.1,0,65.1,1
38166,BatchInference,10,RegionC,RegionD,58,80,17,18.9,1.9,9,0.9,7,17.1,1
38225,BatchInference,9,RegionC,RegionA,15,80,9,10.0166666666667,1.01666666666667,23,2.3,0,23.3833333333333,1
38246,AITraining,13,RegionE,RegionD,22,150,13,16.2666666666667,3.26666666666667,125,20,0,408.333333333333,1
38258,AITraining,8,RegionE,RegionC,70,150,11,14.7333333333333,3.73333333333333,90,14.4,3,336,1
38350,AITraining,7,RegionE,RegionB,74,150,7,8.98333333333333,1.98333333333333,96,15.36,0,190.4,1
38429,RealTimeInference,14,RegionB,RegionA,12,20,14,18.4,4.4,7,0.56,0,30.8,1
39228,RealTimeInference,0,RegionB,RegionC,14,20,0,5.41666666666667,5.41666666666667,3,0.24,0,16.25,1
39234,BatchInference,7,RegionB,RegionD,60,80,10,15.8166666666667,5.81666666666667,18,1.8,3,104.7,1
39265,RealTimeInference,0,RegionA,RegionB,12,20,0,2.98333333333333,2.98333333333333,3,0.24,0,8.95,1
39287,RealTimeInference,5,RegionB,RegionC,14,20,5,11.0833333333333,6.08333333333333,6,0.48,0,36.5,1
39430,RealTimeInference,1,RegionA,RegionA,5,20,1,6.53333333333333,5.53333333333333,2,0.16,0,0,0
39586,RealTimeInference,14,RegionA,RegionB,12,20,14,15.8833333333333,1.88333333333333,1,0.08,0,1.88333333333333,1
39657,BatchInference,10,RegionE,RegionD,22,80,10,13.8166666666667,3.81666666666667,15,1.5,0,57.25,1
40001,BatchInference,16,RegionB,RegionD,60,80,16,19.1666666666667,3.16666666666667,17,1.7,0,53.8333333333333,1
40014,BatchInference,16,RegionB,RegionD,60,80,16,18.2666666666667,2.26666666666667,16,1.6,0,36.2666666666667,1
40083,RealTimeInference,2,RegionC,RegionB,14,20,2,6.6,4.6,1,0.08,0,4.6,1
40202,AITraining,18,RegionF,RegionC,76,150,18,20.55,2.55,86,13.76,0,219.3,1
40326,BatchInference,2,RegionE,RegionC,70,80,9,11.0833333333333,2.08333333333333,15,1.5,7,31.25,1
40372,AITraining,21,RegionF,RegionB,79,150,21,25.6333333333333,4.63333333333333,78,12.48,0,361.4,1
40493,AITraining,4,RegionD,RegionB,60,150,13,13.3166666666667,0.316666666666667,55,8.8,9,17.4166666666667,1
40629,AITraining,16,RegionA,RegionC,15,150,16,17.8333333333333,1.83333333333333,50,8,0,91.6666666666667,1
41246,RealTimeInference,18,RegionA,RegionB,12,20,18,21.3666666666667,3.36666666666667,7,0.56,0,23.5666666666667,1
41339,RealTimeInference,0,RegionA,RegionC,15,20,0,4.91666666666667,4.91666666666667,6,0.48,0,29.5,1
41484,BatchInference,15,RegionB,RegionD,60,80,15,21.4,6.4,7,0.7,0,44.8,1
41632,AITraining,5,RegionF,RegionA,82,150,5,8.73333333333333,3.73333333333333,127,20.32,0,474.133333333333,1
41749,AITraining,14,RegionF,RegionD,25,150,20,22.4166666666667,2.41666666666667,92,14.72,6,222.333333333333,1
41851,RealTimeInference,3,RegionA,RegionA,5,20,3,7.28333333333333,4.28333333333333,5,0.4,0,0,0
42068,RealTimeInference,6,RegionB,RegionB,5,20,6,11.75,5.75,6,0.48,0,0,0
42385,RealTimeInference,18,RegionC,RegionA,15,20,18,22.4,4.4,1,0.08,0,4.4,1
42488,RealTimeInference,8,RegionB,RegionC,14,20,8,10.4666666666667,2.46666666666667,4,0.32,0,9.86666666666667,1
42842,RealTimeInference,10,RegionB,RegionA,12,20,10,13.4833333333333,3.48333333333333,6,0.48,0,20.9,1
43009,RealTimeInference,21,RegionC,RegionC,5,20,21,23.2166666666667,2.21666666666667,1,0.08,0,0,0
43098,RealTimeInference,3,RegionB,RegionA,12,20,3,8.9,5.9,4,0.32,0,23.6,1
43357,RealTimeInference,8,RegionC,RegionA,15,20,8,13.6333333333333,5.63333333333333,5,0.4,0,28.1666666666667,1
43422,AITraining,1,RegionF,RegionD,25,150,1,5.06666666666667,4.06666666666667,102,16.32,0,414.8,1
43586,AITraining,18,RegionF,RegionB,79,150,18,24.3333333333333,6.33333333333333,24,3.84,0,152,1
44095,RealTimeInference,15,RegionB,RegionA,12,20,15,20.7833333333333,5.78333333333333,6,0.48,0,34.7,1
44123,BatchInference,5,RegionD,RegionD,5,80,10,16.35,6.35,6,0.6,5,0,0
44126,AITraining,7,RegionC,RegionD,58,150,7,11.95,4.95,107,17.12,0,529.65,1
44241,BatchInference,11,RegionD,RegionD,5,80,18,22.8666666666667,4.86666666666667,6,0.6,7,0,0
44429,AITraining,6,RegionD,RegionC,58,150,12,15.3333333333333,3.33333333333333,17,2.72,6,56.6666666666667,1
44470,RealTimeInference,10,RegionB,RegionB,5,20,10,14.3833333333333,4.38333333333333,1,0.08,0,0,0
44529,RealTimeInference,6,RegionB,RegionB,5,20,6,8.36666666666667,2.36666666666667,5,0.4,0,0,0
45050,AITraining,15,RegionF,RegionD,25,150,15,17.85,2.85,89,14.24,0,253.65,1
45189,BatchInference,1,RegionA,RegionD,65,80,10,16.5,6.5,22,2.2,9,143,1
45272,RealTimeInference,20,RegionC,RegionC,5,20,20,25.4,5.4,5,0.4,0,0,0
45357,RealTimeInference,17,RegionC,RegionA,15,20,17,19.05,2.05,6,0.48,0,12.3,1
45525,AITraining,4,RegionD,RegionB,60,150,12,13.5,1.5,92,14.72,8,138,1
45568,RealTimeInference,15,RegionE,RegionF,18,20,15,15.5666666666667,0.566666666666667,3,0.24,0,1.7,1
45612,RealTimeInference,16,RegionC,RegionA,15,20,16,19.1833333333333,3.18333333333333,1,0.08,0,3.18333333333333,1
45702,RealTimeInference,9,RegionB,RegionA,12,20,9,13.5666666666667,4.56666666666667,7,0.56,0,31.9666666666667,1
45713,AITraining,17,RegionB,RegionA,12,150,23,25.3666666666667,2.36666666666667,33,5.28,6,78.1,1
45744,RealTimeInference,16,RegionC,RegionA,15,20,16,22.5,6.5,2,0.16,0,13,1
46200,BatchInference,3,RegionB,RegionD,60,80,11,12.0166666666667,1.01666666666667,8,0.8,8,8.13333333333333,1
46352,BatchInference,9,RegionC,RegionD,58,80,10,11.4166666666667,1.41666666666667,6,0.6,1,8.5,1
46454,RealTimeInference,21,RegionA,RegionC,15,20,21,25.8666666666667,4.86666666666667,1,0.08,0,4.86666666666667,1
46494,AITraining,1,RegionC,RegionD,58,150,8,13.65,5.65,74,11.84,7,418.1,1
46612,BatchInference,2,RegionA,RegionB,12,80,9,11.1333333333333,2.13333333333333,5,0.5,7,10.6666666666667,1
46736,BatchInference,16,RegionA,RegionD,65,80,16,21.5833333333333,5.58333333333333,5,0.5,0,27.9166666666667,1
46821,BatchInference,14,RegionF,RegionD,25,80,14,18.4333333333333,4.43333333333333,6,0.6,0,26.6,1
47017,AITraining,11,RegionF,RegionB,79,150,18,24.0833333333333,6.08333333333333,20,3.2,7,121.666666666667,1
47055,BatchInference,11,RegionD,RegionD,5,80,11,14.9166666666667,3.91666666666667,23,2.3,0,0,0
47097,AITraining,16,RegionB,RegionB,5,150,16,19.9666666666667,3.96666666666667,49,7.84,0,0,0
47136,RealTimeInference,11,RegionA,RegionB,12,20,11,15.6,4.6,7,0.56,0,32.2,1
47472,RealTimeInference,4,RegionA,RegionC,15,20,4,6.81666666666667,2.81666666666667,7,0.56,0,19.7166666666667,1
47481,BatchInference,7,RegionD,RegionD,5,80,10,11.5,1.5,11,1.1,3,0,0
47581,BatchInference,7,RegionE,RegionD,22,80,10,11.95,1.95,20,2,3,39,1
47596,RealTimeInference,15,RegionA,RegionA,5,20,15,21.2666666666667,6.26666666666667,4,0.32,0,0,0
47834,AITraining,15,RegionD,RegionC,58,150,15,20.15,5.15,59,9.44,0,303.85,1
47915,AITraining,17,RegionF,RegionA,82,150,23,27.6833333333333,4.68333333333333,54,8.64,6,252.9,1
47933,AITraining,1,RegionE,RegionD,22,150,10,13.8333333333333,3.83333333333333,37,5.92,9,141.833333333333,1
47985,BatchInference,6,RegionC,RegionC,5,80,6,11.7333333333333,5.73333333333333,6,0.6,0,0,0
48009,AITraining,2,RegionB,RegionA,12,150,9,12.1833333333333,3.18333333333333,76,12.16,7,241.933333333333,1
48401,RealTimeInference,13,RegionC,RegionB,14,20,13,16.4166666666667,3.41666666666667,4,0.32,0,13.6666666666667,1
48504,RealTimeInference,6,RegionB,RegionB,5,20,6,10.3333333333333,4.33333333333333,3,0.24,0,0,0
48524,AITraining,4,RegionE,RegionD,22,150,4,7.38333333333333,3.38333333333333,125,20,0,422.916666666667,1
48568,AITraining,11,RegionD,RegionD,5,150,11,11.3666666666667,0.366666666666667,120,19.2,0,0,0
48596,RealTimeInference,11,RegionB,RegionA,12,20,11,15.6666666666667,4.66666666666667,1,0.08,0,4.66666666666667,1
49057,RealTimeInference,6,RegionC,RegionC,5,20,6,11.1833333333333,5.18333333333333,5,0.4,0,0,0
49086,RealTimeInference,12,RegionA,RegionA,5,20,12,15.1166666666667,3.11666666666667,2,0.16,0,0,0
49112,BatchInference,18,RegionB,RegionD,60,80,18,21.35,3.35,12,1.2,0,40.2,1
49231,AITraining,5,RegionD,RegionB,60,150,14,19,5,30,4.8,9,150,1
49303,RealTimeInference,22,RegionB,RegionC,14,20,22,22.1666666666667,0.166666666666667,6,0.48,0,1,1
49344,AITraining,9,RegionE,RegionB,74,150,9,13.9833333333333,4.98333333333333,57,9.12,0,284.05,1
49353,RealTimeInference,22,RegionF,RegionF,5,20,22,28.05,6.05,5,0.4,0,0,0
49368,RealTimeInference,14,RegionA,RegionA,5,20,14,14.5166666666667,0.516666666666667,6,0.48,0,0,0
49578,RealTimeInference,2,RegionA,RegionC,15,20,2,5.93333333333333,3.93333333333333,6,0.48,0,23.6,1
49610,BatchInference,7,RegionA,RegionD,65,80,9,12.25,3.25,14,1.4,2,45.5,1
49665,AITraining,17,RegionE,RegionD,22,150,17,21.6333333333333,4.63333333333333,36,5.76,0,166.8,1
49719,AITraining,7,RegionF,RegionB,79,150,14,17.9833333333333,3.98333333333333,53,8.48,7,211.116666666667,1
69,AITraining,47,RegionE,RegionA,78,150,47,49.4333333333333,2.43333333333333,118,18.88,0,287.133333333333,1
173,RealTimeInference,38,RegionB,RegionA,12,20,38,41.55,3.55,6,0.48,0,21.3,1
201,AITraining,39,RegionF,RegionB,79,150,39,40.75,1.75,97,15.52,0,169.75,1
318,BatchInference,24,RegionD,RegionD,5,80,32,37.9833333333333,5.98333333333333,18,1.8,8,0,0
392,AITraining,41,RegionF,RegionC,76,150,41,46.3,5.3,112,17.92,0,593.6,1
587,AITraining,38,RegionE,RegionB,74,150,44,44.7833333333333,0.783333333333333,103,16.48,6,80.6833333333333,1
774,RealTimeInference,31,RegionA,RegionA,5,20,31,35.5666666666667,4.56666666666667,6,0.48,0,0,0
912,BatchInference,21,RegionA,RegionD,65,80,32,36.0333333333333,4.03333333333333,11,1.1,11,44.3666666666667,1
1208,RealTimeInference,37,RegionA,RegionA,5,20,37,41.5833333333333,4.58333333333333,3,0.24,0,0,0
1230,RealTimeInference,27,RegionB,RegionC,14,20,27,29.6166666666667,2.61666666666667,1,0.08,0,2.61666666666667,1
1397,RealTimeInference,27,RegionA,RegionA,5,20,27,29.4,2.4,5,0.4,0,0,0
1420,RealTimeInference,38,RegionB,RegionB,5,20,38,43.2833333333333,5.28333333333333,5,0.4,0,0,0
1536,RealTimeInference,43,RegionA,RegionA,5,20,43,45.85,2.85,1,0.08,0,0,0
1573,BatchInference,18,RegionF,RegionD,25,80,34,35.3333333333333,1.33333333333333,20,2,16,26.6666666666667,1
1698,RealTimeInference,33,RegionF,RegionF,5,20,33,36.8166666666667,3.81666666666667,4,0.32,0,0,0
1710,AITraining,34,RegionF,RegionD,25,150,38,43.4333333333333,5.43333333333333,46,7.36,4,249.933333333333,1
1807,BatchInference,32,RegionD,RegionD,5,80,32,35.8666666666667,3.86666666666667,20,2,0,0,0
1818,AITraining,39,RegionD,RegionA,65,150,39,44.0833333333333,5.08333333333333,52,8.32,0,264.333333333333,1
2113,AITraining,36,RegionD,RegionB,60,150,36,39.9166666666667,3.91666666666667,25,4,0,97.9166666666667,1
2228,RealTimeInference,38,RegionC,RegionB,14,20,38,42.3,4.3,6,0.48,0,25.8,1
2413,BatchInference,23,RegionF,RegionD,25,80,31,37.6,6.6,11,1.1,8,72.6,1
2434,AITraining,36,RegionD,RegionA,65,150,36,39.4333333333333,3.43333333333333,119,19.04,0,408.566666666667,1
2450,AITraining,30,RegionE,RegionB,74,150,30,31.4666666666667,1.46666666666667,76,12.16,0,111.466666666667,1
2471,AITraining,24,RegionF,RegionF,5,150,24,25.0833333333333,1.08333333333333,125,20,0,0,0
2578,AITraining,27,RegionC,RegionD,58,150,35,35.45,0.45,115,18.4,8,51.75,1
2703,AITraining,19,RegionD,RegionD,5,150,38,44.2666666666667,6.26666666666667,110,17.6,19,0,0
2724,AITraining,39,RegionD,RegionA,65,150,39,39.3166666666667,0.316666666666667,84,13.44,0,26.6,1
2743,AITraining,27,RegionD,RegionC,58,150,38,41.45,3.45,36,5.76,11,124.2,1
2761,AITraining,34,RegionA,RegionB,12,150,38,44.6166666666667,6.61666666666667,51,8.16,4,337.45,1
2864,AITraining,34,RegionE,RegionA,78,150,38,43.9833333333333,5.98333333333333,76,12.16,4,454.733333333333,1
2894,AITraining,33,RegionD,RegionD,5,150,40,42.55,2.55,30,4.8,7,0,0
3029,BatchInference,26,RegionF,RegionD,25,80,35,35.8166666666667,0.816666666666667,22,2.2,9,17.9666666666667,1
3055,RealTimeInference,46,RegionC,RegionA,15,20,46,47.4666666666667,1.46666666666667,3,0.24,0,4.4,1
3253,AITraining,23,RegionA,RegionB,12,150,38,40.8666666666667,2.86666666666667,54,8.64,15,154.8,1
3259,AITraining,26,RegionF,RegionD,25,150,38,44.3833333333333,6.38333333333333,125,20,12,797.916666666667,1
3313,BatchInference,25,RegionA,RegionD,65,80,32,37.15,5.15,7,0.7,7,36.05,1
3476,RealTimeInference,47,RegionA,RegionB,12,20,47,51.6833333333333,4.68333333333333,7,0.56,0,32.7833333333333,1
3489,AITraining,30,RegionA,RegionA,5,150,30,33.2833333333333,3.28333333333333,57,9.12,0,0,0
3573,RealTimeInference,34,RegionC,RegionB,14,20,34,38.8333333333333,4.83333333333333,2,0.16,0,9.66666666666667,1
3689,RealTimeInference,29,RegionB,RegionC,14,20,29,29.7666666666667,0.766666666666667,4,0.32,0,3.06666666666667,1
3765,AITraining,20,RegionB,RegionC,14,150,38,41.85,3.85,52,8.32,18,200.2,1
3919,RealTimeInference,27,RegionB,RegionA,12,20,27,31.7333333333333,4.73333333333333,1,0.08,0,4.73333333333333,1
4004,AITraining,42,RegionE,RegionC,70,150,42,47.8,5.8,119,19.04,0,690.2,1
4299,RealTimeInference,42,RegionB,RegionA,12,20,42,45.0833333333333,3.08333333333333,2,0.16,0,6.16666666666667,1
4368,AITraining,23,RegionA,RegionC,15,150,42,45.95,3.95,34,5.44,19,134.3,1
4546,RealTimeInference,40,RegionA,RegionB,12,20,40,44.8833333333333,4.88333333333333,7,0.56,0,34.1833333333333,1
4559,BatchInference,32,RegionA,RegionD,65,80,32,33.4333333333333,1.43333333333333,4,0.4,0,5.73333333333333,1
4744,RealTimeInference,39,RegionA,RegionA,5,20,39,42.6333333333333,3.63333333333333,7,0.56,0,0,0
4756,AITraining,34,RegionD,RegionD,5,150,34,36.85,2.85,57,9.12,0,0,0
4759,BatchInference,38,RegionD,RegionD,5,80,38,42.5,4.5,13,1.3,0,0,0
4830,RealTimeInference,43,RegionB,RegionA,12,20,43,47.7666666666667,4.76666666666667,7,0.56,0,33.3666666666667,1
4880,RealTimeInference,27,RegionA,RegionA,5,20,27,30.1666666666667,3.16666666666667,7,0.56,0,0,0
4968,BatchInference,34,RegionC,RegionA,15,80,34,34.2833333333333,0.283333333333333,18,1.8,0,5.1,1
4988,AITraining,39,RegionE,RegionD,22,150,39,44.0666666666667,5.06666666666667,24,3.84,0,121.6,1
5018,AITraining,45,RegionC,RegionA,15,150,45,50.65,5.65,21,3.36,0,118.65,1
5068,RealTimeInference,43,RegionC,RegionA,15,20,43,45.4833333333333,2.48333333333333,3,0.24,0,7.45,1
5084,AITraining,45,RegionD,RegionB,60,150,45,49.3,4.3,75,12,0,322.5,1
5096,AITraining,19,RegionA,RegionD,65,150,38,44.1833333333333,6.18333333333333,105,16.8,19,649.25,1
5167,AITraining,24,RegionF,RegionC,76,150,32,37.1,5.1,89,14.24,8,453.9,1
5276,BatchInference,29,RegionC,RegionD,58,80,29,33.7833333333333,4.78333333333333,22,2.2,0,105.233333333333,1
5395,AITraining,37,RegionE,RegionC,70,150,37,40.2833333333333,3.28333333333333,100,16,0,328.333333333333,1
5542,AITraining,29,RegionA,RegionD,65,150,29,34.9166666666667,5.91666666666667,105,16.8,0,621.25,1
5611,BatchInference,32,RegionC,RegionD,58,80,32,35.5333333333333,3.53333333333333,8,0.8,0,28.2666666666667,1
5699,AITraining,36,RegionF,RegionB,79,150,38,42.2,4.2,33,5.28,2,138.6,1
5722,AITraining,42,RegionD,RegionD,5,150,42,45.1166666666667,3.11666666666667,35,5.6,0,0,0
5892,AITraining,44,RegionD,RegionB,60,150,44,48.4666666666667,4.46666666666667,70,11.2,0,312.666666666667,1
6006,BatchInference,40,RegionD,RegionD,5,80,40,43.25,3.25,7,0.7,0,0,0
6122,BatchInference,41,RegionC,RegionD,58,80,41,43.7,2.7,11,1.1,0,29.7,1
6175,AITraining,44,RegionE,RegionA,78,150,44,45.6333333333333,1.63333333333333,77,12.32,0,125.766666666667,1
6218,RealTimeInference,42,RegionA,RegionB,12,20,42,48.25,6.25,7,0.56,0,43.75,1
6321,RealTimeInference,39,RegionC,RegionB,14,20,39,41.75,2.75,6,0.48,0,16.5,1
6382,BatchInference,20,RegionA,RegionD,65,80,32,37.3666666666667,5.36666666666667,22,2.2,12,118.066666666667,1
6384,AITraining,2,RegionD,RegionE,22,150,24,26.7833333333333,2.78333333333333,118,18.88,22,328.433333333333,1
6447,AITraining,26,RegionF,RegionB,79,150,35,38.3166666666667,3.31666666666667,63,10.08,9,208.95,1
6608,AITraining,41,RegionE,RegionA,78,150,41,47.4833333333333,6.48333333333333,125,20,0,810.416666666667,1
6834,RealTimeInference,27,RegionE,RegionF,18,20,27,33.0666666666667,6.06666666666667,7,0.56,0,42.4666666666667,1
7145,RealTimeInference,42,RegionB,RegionA,12,20,42,47.0833333333333,5.08333333333333,6,0.48,0,30.5,1
7217,BatchInference,3,RegionB,RegionF,79,80,24,24.9666666666667,0.966666666666667,20,2,21,19.3333333333333,1
7226,BatchInference,20,RegionD,RegionF,25,80,24,26.1666666666667,2.16666666666667,14,1.4,4,30.3333333333333,1
7282,RealTimeInference,28,RegionA,RegionA,5,20,28,28.85,0.85,5,0.4,0,0,0
7338,BatchInference,20,RegionE,RegionD,22,80,33,36.5333333333333,3.53333333333333,21,2.1,13,74.2,1
7559,BatchInference,26,RegionC,RegionB,14,80,26,28.5333333333333,2.53333333333333,18,1.8,0,45.6,1
7670,RealTimeInference,34,RegionB,RegionB,5,20,34,37.8833333333333,3.88333333333333,2,0.16,0,0,0
7726,AITraining,37,RegionF,RegionC,76,150,37,38.3,1.3,46,7.36,0,59.8,1
8124,BatchInference,19,RegionD,RegionE,22,80,24,26.85,2.85,6,0.6,5,17.1,1
8139,BatchInference,42,RegionF,RegionD,25,80,42,46.7333333333333,4.73333333333333,22,2.2,0,104.133333333333,1
8266,RealTimeInference,35,RegionA,RegionB,12,20,35,40.15,5.15,4,0.32,0,20.6,1
8324,AITraining,43,RegionC,RegionC,5,150,43,49.1333333333333,6.13333333333333,125,20,0,0,0
8349,RealTimeInference,39,RegionD,RegionD,5,20,39,41.3333333333333,2.33333333333333,3,0.24,0,0,0
8374,AITraining,25,RegionE,RegionA,78,150,25,26.3,1.3,83,13.28,0,107.9,1
8390,AITraining,28,RegionD,RegionC,58,150,36,36.95,0.95,91,14.56,8,86.45,1
8736,RealTimeInference,42,RegionD,RegionD,5,20,42,45.0333333333333,3.03333333333333,1,0.08,0,0,0
8884,BatchInference,13,RegionC,RegionD,58,80,32,37.6166666666667,5.61666666666667,21,2.1,19,117.95,1
8906,RealTimeInference,40,RegionC,RegionB,14,20,40,42.3666666666667,2.36666666666667,4,0.32,0,9.46666666666667,1
9068,RealTimeInference,45,RegionB,RegionB,5,20,45,49.75,4.75,1,0.08,0,0,0
9155,AITraining,34,RegionF,RegionB,79,150,34,37.8,3.8,64,10.24,0,243.2,1
9256,BatchInference,17,RegionB,RegionE,74,80,24,24.75,0.75,11,1.1,7,8.25,1
9330,BatchInference,30,RegionC,RegionA,15,80,30,34.3666666666667,4.36666666666667,6,0.6,0,26.2,1
9531,AITraining,26,RegionC,RegionC,5,150,26,30.9833333333333,4.98333333333333,79,12.64,0,0,0
9559,BatchInference,31,RegionB,RegionD,60,80,39,45.25,6.25,9,0.9,8,56.25,1
9617,RealTimeInference,47,RegionA,RegionA,5,20,47,49.05,2.05,4,0.32,0,0,0
9757,RealTimeInference,43,RegionB,RegionB,5,20,43,45.8666666666667,2.86666666666667,6,0.48,0,0,0
9917,RealTimeInference,26,RegionF,RegionE,18,20,26,26.5333333333333,0.533333333333333,2,0.16,0,1.06666666666667,1
10175,BatchInference,27,RegionB,RegionD,60,80,27,31.9333333333333,4.93333333333333,23,2.3,0,113.466666666667,1
10202,RealTimeInference,25,RegionB,RegionA,12,20,25,26,1,5,0.4,0,5,1
10227,RealTimeInference,26,RegionA,RegionB,12,20,26,31.5333333333333,5.53333333333333,7,0.56,0,38.7333333333333,1
10238,AITraining,29,RegionF,RegionD,25,150,29,31.4333333333333,2.43333333333333,43,6.88,0,104.633333333333,1
10437,AITraining,31,RegionD,RegionA,65,150,38,44.0166666666667,6.01666666666667,17,2.72,7,102.283333333333,1
10496,AITraining,22,RegionD,RegionD,5,150,38,44.2333333333333,6.23333333333333,94,15.04,16,0,0
10786,RealTimeInference,25,RegionB,RegionA,12,20,25,28.9333333333333,3.93333333333333,7,0.56,0,27.5333333333333,1
10926,RealTimeInference,45,RegionC,RegionB,14,20,45,46.0833333333333,1.08333333333333,7,0.56,0,7.58333333333333,1
11178,RealTimeInference,39,RegionA,RegionA,5,20,39,39.6833333333333,0.683333333333333,3,0.24,0,0,0
11253,AITraining,26,RegionE,RegionA,78,150,35,38.1166666666667,3.11666666666667,37,5.92,9,115.316666666667,1
11328,AITraining,41,RegionB,RegionD,60,150,41,44.4166666666667,3.41666666666667,37,5.92,0,126.416666666667,1
11392,BatchInference,34,RegionE,RegionB,74,80,34,35.0166666666667,1.01666666666667,15,1.5,0,15.25,1
11453,AITraining,32,RegionC,RegionD,58,150,32,34.1333333333333,2.13333333333333,112,17.92,0,238.933333333333,1
11611,RealTimeInference,25,RegionA,RegionA,5,20,25,30.1833333333333,5.18333333333333,1,0.08,0,0,0
11729,AITraining,32,RegionD,RegionD,5,150,32,34.7666666666667,2.76666666666667,20,3.2,0,0,0
11953,AITraining,6,RegionD,RegionB,60,150,42,44.1333333333333,2.13333333333333,75,12,36,160,1
12155,AITraining,36,RegionD,RegionB,60,150,36,41.5833333333333,5.58333333333333,28,4.48,0,156.333333333333,1
12166,AITraining,15,RegionF,RegionD,25,150,38,41.3333333333333,3.33333333333333,122,19.52,23,406.666666666667,1
12187,BatchInference,40,RegionA,RegionD,65,80,40,44.85,4.85,22,2.2,0,106.7,1
12258,AITraining,32,RegionF,RegionC,76,150,32,33.4833333333333,1.48333333333333,64,10.24,0,94.9333333333333,1
12272,BatchInference,25,RegionF,RegionB,79,80,36,36.8833333333333,0.883333333333333,6,0.6,11,5.3,1
12339,RealTimeInference,39,RegionA,RegionB,12,20,39,42.8333333333333,3.83333333333333,5,0.4,0,19.1666666666667,1
12423,AITraining,46,RegionA,RegionC,15,150,46,49.5333333333333,3.53333333333333,53,8.48,0,187.266666666667,1
12445,RealTimeInference,42,RegionB,RegionB,5,20,42,43.7166666666667,1.71666666666667,1,0.08,0,0,0
12473,AITraining,29,RegionE,RegionD,22,150,29,32.7166666666667,3.71666666666667,85,13.6,0,315.916666666667,1
12495,BatchInference,19,RegionF,RegionB,79,80,34,34.4833333333333,0.483333333333333,7,0.7,15,3.38333333333333,1
12513,RealTimeInference,33,RegionC,RegionB,14,20,33,39.5833333333333,6.58333333333333,7,0.56,0,46.0833333333333,1
12560,RealTimeInference,34,RegionC,RegionA,15,20,34,34.85,0.85,3,0.24,0,2.55,1
12576,RealTimeInference,29,RegionA,RegionC,15,20,29,31.1666666666667,2.16666666666667,6,0.48,0,13,1
12698,RealTimeInference,39,RegionE,RegionF,18,20,39,42.45,3.45,6,0.48,0,20.7,1
12727,RealTimeInference,39,RegionB,RegionA,12,20,39,43.4666666666667,4.46666666666667,1,0.08,0,4.46666666666667,1
12817,RealTimeInference,34,RegionA,RegionB,12,20,34,35.7333333333333,1.73333333333333,6,0.48,0,10.4,1
13110,RealTimeInference,42,RegionC,RegionA,15,20,42,43.35,1.35,3,0.24,0,4.05,1
13130,BatchInference,24,RegionE,RegionD,22,80,31,37.55,6.55,13,1.3,7,85.15,1
13191,AITraining,44,RegionB,RegionC,14,150,44,49.2,5.2,66,10.56,0,343.2,1
13203,AITraining,21,RegionF,RegionA,82,150,24,25.4,1.4,116,18.56,3,162.4,1
13234,AITraining,2,RegionE,RegionB,74,150,24,26.5833333333333,2.58333333333333,73,11.68,22,188.583333333333,1
13274,RealTimeInference,29,RegionC,RegionA,15,20,29,35.0333333333333,6.03333333333333,6,0.48,0,36.2,1
13348,AITraining,30,RegionA,RegionA,5,150,30,32.0166666666667,2.01666666666667,94,15.04,0,0,0
13399,AITraining,46,RegionF,RegionA,82,150,46,48.9166666666667,2.91666666666667,26,4.16,0,75.8333333333333,1
13597,BatchInference,24,RegionF,RegionD,25,80,31,37.4833333333333,6.48333333333333,19,1.9,7,123.183333333333,1
13689,RealTimeInference,44,RegionA,RegionB,12,20,44,47.3,3.3,1,0.08,0,3.3,1
13699,RealTimeInference,36,RegionB,RegionB,5,20,36,40.3,4.3,3,0.24,0,0,0
13940,AITraining,28,RegionD,RegionD,5,150,28,31.8666666666667,3.86666666666667,124,19.84,0,0,0
13967,BatchInference,24,RegionB,RegionA,12,80,34,35.9166666666667,1.91666666666667,5,0.5,10,9.58333333333333,1
13980,BatchInference,32,RegionB,RegionD,60,80,32,33.2666666666667,1.26666666666667,10,1,0,12.6666666666667,1
14079,AITraining,28,RegionD,RegionD,5,150,38,38.6166666666667,0.616666666666667,72,11.52,10,0,0
14085,RealTimeInference,24,RegionB,RegionC,14,20,24,30,6,3,0.24,0,18,1
14121,RealTimeInference,37,RegionC,RegionA,15,20,37,41.4,4.4,6,0.48,0,26.4,1
14266,RealTimeInference,28,RegionF,RegionF,5,20,28,32.3,4.3,7,0.56,0,0,0
14281,BatchInference,20,RegionB,RegionA,12,80,34,34.3666666666667,0.366666666666667,15,1.5,14,5.5,1
14554,BatchInference,12,RegionF,RegionD,25,80,33,37.3666666666667,4.36666666666667,17,1.7,21,74.2333333333333,1
14655,RealTimeInference,33,RegionA,RegionB,12,20,33,37.5833333333333,4.58333333333333,1,0.08,0,4.58333333333333,1
14743,BatchInference,20,RegionD,RegionD,5,80,32,36.45,4.45,5,0.5,12,0,0
14986,BatchInference,32,RegionD,RegionD,5,80,32,34.4666666666667,2.46666666666667,13,1.3,0,0,0
15004,RealTimeInference,31,RegionB,RegionA,12,20,31,32.45,1.45,5,0.4,0,7.25,1
15164,BatchInference,20,RegionE,RegionD,22,80,42,44.7,2.7,19,1.9,22,51.3,1
15172,BatchInference,31,RegionA,RegionA,5,80,31,33.1166666666667,2.11666666666667,5,0.5,0,0,0
15480,RealTimeInference,31,RegionA,RegionB,12,20,31,37.6333333333333,6.63333333333333,7,0.56,0,46.4333333333333,1
15483,AITraining,32,RegionE,RegionB,74,150,32,33.7833333333333,1.78333333333333,58,9.28,0,103.433333333333,1
15792,RealTimeInference,33,RegionB,RegionB,5,20,33,37.0166666666667,4.01666666666667,6,0.48,0,0,0
15951,RealTimeInference,42,RegionC,RegionC,5,20,42,42.5,0.5,7,0.56,0,0,0
15952,RealTimeInference,24,RegionA,RegionC,15,20,24,29,5,3,0.24,0,15,1
15966,BatchInference,34,RegionA,RegionA,5,80,34,34.2666666666667,0.266666666666667,7,0.7,0,0,0
16318,BatchInference,33,RegionE,RegionD,22,80,33,36.8833333333333,3.88333333333333,22,2.2,0,85.4333333333333,1
16619,BatchInference,42,RegionD,RegionD,5,80,42,46.5666666666667,4.56666666666667,19,1.9,0,0,0
16748,BatchInference,32,RegionB,RegionD,60,80,32,34.6166666666667,2.61666666666667,20,2,0,52.3333333333333,1
16808,RealTimeInference,32,RegionB,RegionA,12,20,32,35.8333333333333,3.83333333333333,7,0.56,0,26.8333333333333,1
16833,AITraining,20,RegionD,RegionA,65,150,24,25.75,1.75,87,13.92,4,152.25,1
17016,AITraining,29,RegionD,RegionD,5,150,29,32.8666666666667,3.86666666666667,103,16.48,0,0,0
17030,RealTimeInference,45,RegionA,RegionB,12,20,45,49.6333333333333,4.63333333333333,7,0.56,0,32.4333333333333,1
17152,BatchInference,14,RegionF,RegionD,25,80,34,35.7,1.7,16,1.6,20,27.2,1
17208,RealTimeInference,38,RegionB,RegionB,5,20,38,42.35,4.35,4,0.32,0,0,0
17364,AITraining,14,RegionD,RegionD,5,150,34,35.95,1.95,89,14.24,20,0,0
17392,AITraining,42,RegionE,RegionB,74,150,42,48.1166666666667,6.11666666666667,27,4.32,0,165.15,1
17614,RealTimeInference,37,RegionB,RegionC,14,20,37,39.5666666666667,2.56666666666667,4,0.32,0,10.2666666666667,1
17814,BatchInference,26,RegionE,RegionA,78,80,26,28.0166666666667,2.01666666666667,7,0.7,0,14.1166666666667,1
17835,BatchInference,39,RegionA,RegionD,65,80,39,43.5,4.5,20,2,0,90,1
17866,BatchInference,15,RegionE,RegionA,78,80,33,35.2833333333333,2.28333333333333,22,2.2,18,50.2333333333333,1
17966,BatchInference,24,RegionA,RegionA,5,80,34,34.55,0.55,21,2.1,10,0,0
18149,RealTimeInference,26,RegionE,RegionF,18,20,26,30.75,4.75,6,0.48,0,28.5,1
18202,BatchInference,17,RegionA,RegionE,78,80,24,25.45,1.45,19,1.9,7,27.55,1
18213,AITraining,14,RegionE,RegionE,5,150,24,25,1,123,19.68,10,0,0
18290,RealTimeInference,31,RegionB,RegionB,5,20,31,33.3,2.3,4,0.32,0,0,0
18431,BatchInference,27,RegionF,RegionD,25,80,27,31.1833333333333,4.18333333333333,13,1.3,0,54.3833333333333,1
18715,BatchInference,13,RegionB,RegionD,60,80,32,36.4833333333333,4.48333333333333,12,1.2,19,53.8,1
18806,RealTimeInference,25,RegionA,RegionA,5,20,25,29.3333333333333,4.33333333333333,1,0.08,0,0,0
18811,AITraining,29,RegionF,RegionA,82,150,29,31.8,2.8,73,11.68,0,204.4,1
18865,RealTimeInference,43,RegionA,RegionB,12,20,43,48.5,5.5,5,0.4,0,27.5,1
19278,BatchInference,19,RegionA,RegionD,65,80,32,37.8166666666667,5.81666666666667,19,1.9,13,110.516666666667,1
19502,RealTimeInference,42,RegionA,RegionC,15,20,42,43.0666666666667,1.06666666666667,2,0.16,0,2.13333333333333,1
19703,BatchInference,24,RegionE,RegionD,22,80,32,36.7666666666667,4.76666666666667,10,1,8,47.6666666666667,1
19933,BatchInference,26,RegionF,RegionB,79,80,26,32.05,6.05,15,1.5,0,90.75,1
19953,RealTimeInference,45,RegionE,RegionF,18,20,45,48.3166666666667,3.31666666666667,6,0.48,0,19.9,1
20061,BatchInference,29,RegionC,RegionD,58,80,29,31.1666666666667,2.16666666666667,13,1.3,0,28.1666666666667,1
20222,AITraining,40,RegionF,RegionD,25,150,40,45.85,5.85,66,10.56,0,386.1,1
20253,BatchInference,13,RegionD,RegionD,5,80,32,37.0333333333333,5.03333333333333,10,1,19,0,0
20442,RealTimeInference,32,RegionB,RegionA,12,20,32,34.3,2.3,6,0.48,0,13.8,1
20476,AITraining,45,RegionE,RegionB,74,150,45,45.6833333333333,0.683333333333333,17,2.72,0,11.6166666666667,1
20576,BatchInference,25,RegionF,RegionB,79,80,34,34.7166666666667,0.716666666666667,9,0.9,9,6.45,1
20581,RealTimeInference,44,RegionC,RegionA,15,20,44,45.45,1.45,4,0.32,0,5.8,1
20614,RealTimeInference,31,RegionC,RegionB,14,20,31,36.5166666666667,5.51666666666667,4,0.32,0,22.0666666666667,1
20960,BatchInference,28,RegionC,RegionA,15,80,34,35.1666666666667,1.16666666666667,22,2.2,6,25.6666666666667,1
21009,RealTimeInference,41,RegionE,RegionF,18,20,41,43.1666666666667,2.16666666666667,1,0.08,0,2.16666666666667,1
21074,BatchInference,28,RegionE,RegionD,22,80,28,32.5166666666667,4.51666666666667,22,2.2,0,99.3666666666667,1
21077,BatchInference,25,RegionB,RegionA,12,80,34,35.2833333333333,1.28333333333333,7,0.7,9,8.98333333333333,1
21113,AITraining,40,RegionF,RegionA,82,150,46,50.6333333333333,4.63333333333333,109,17.44,6,505.033333333333,1
21249,BatchInference,34,RegionC,RegionD,58,80,34,39.8833333333333,5.88333333333333,16,1.6,0,94.1333333333333,1
21492,BatchInference,26,RegionD,RegionD,5,80,32,36.4833333333333,4.48333333333333,18,1.8,6,0,0
21588,BatchInference,20,RegionB,RegionD,60,80,42,44.5333333333333,2.53333333333333,8,0.8,22,20.2666666666667,1
21672,RealTimeInference,28,RegionA,RegionB,12,20,28,31.6333333333333,3.63333333333333,2,0.16,0,7.26666666666667,1
21707,BatchInference,25,RegionB,RegionD,60,80,34,36.35,2.35,8,0.8,9,18.8,1
21737,AITraining,27,RegionF,RegionD,25,150,27,31.1833333333333,4.18333333333333,116,18.56,0,485.266666666667,1
21762,RealTimeInference,34,RegionC,RegionB,14,20,34,35.4,1.4,6,0.48,0,8.4,1
21971,RealTimeInference,30,RegionB,RegionB,5,20,30,30.7166666666667,0.716666666666667,5,0.4,0,0,0
22031,RealTimeInference,35,RegionC,RegionC,5,20,35,35.6666666666667,0.666666666666667,7,0.56,0,0,0
22157,BatchInference,19,RegionF,RegionF,5,80,24,26.3166666666667,2.31666666666667,23,2.3,5,0,0
22231,AITraining,28,RegionD,RegionA,65,150,28,28.9333333333333,0.933333333333333,78,12.48,0,72.8,1
22261,RealTimeInference,28,RegionC,RegionB,14,20,28,33.6666666666667,5.66666666666667,1,0.08,0,5.66666666666667,1
22269,AITraining,31,RegionA,RegionB,12,150,31,33.3833333333333,2.38333333333333,63,10.08,0,150.15,1
22712,AITraining,24,RegionE,RegionD,22,150,32,36.2333333333333,4.23333333333333,63,10.08,8,266.7,1
22812,AITraining,40,RegionF,RegionA,82,150,40,45.8666666666667,5.86666666666667,50,8,0,293.333333333333,1
22873,BatchInference,41,RegionA,RegionD,65,80,41,43.8666666666667,2.86666666666667,17,1.7,0,48.7333333333333,1
22964,RealTimeInference,46,RegionF,RegionE,18,20,46,51.0333333333333,5.03333333333333,7,0.56,0,35.2333333333333,1
22988,BatchInference,23,RegionD,RegionD,5,80,32,37.85,5.85,8,0.8,9,0,0
23077,AITraining,34,RegionD,RegionD,5,150,38,43.4666666666667,5.46666666666667,124,19.84,4,0,0
23218,AITraining,37,RegionE,RegionB,74,150,37,38,1,50,8,0,50,1
23396,AITraining,40,RegionF,RegionC,76,150,40,42.2333333333333,2.23333333333333,68,10.88,0,151.866666666667,1
23414,RealTimeInference,27,RegionB,RegionC,14,20,27,33.4666666666667,6.46666666666667,5,0.4,0,32.3333333333333,1
23416,AITraining,6,RegionF,RegionE,18,150,24,27.05,3.05,86,13.76,18,262.3,1
23659,BatchInference,34,RegionF,RegionD,25,80,34,38.2,4.2,8,0.8,0,33.6,1
24133,RealTimeInference,40,RegionA,RegionB,12,20,40,43.2,3.2,3,0.24,0,9.6,1
24313,BatchInference,29,RegionD,RegionD,5,80,29,35.4333333333333,6.43333333333333,6,0.6,0,0,0
24542,BatchInference,27,RegionD,RegionD,5,80,35,38.4333333333333,3.43333333333333,5,0.5,8,0,0
24664,AITraining,41,RegionD,RegionB,60,150,41,44,3,123,19.68,0,369,1
24732,RealTimeInference,29,RegionB,RegionA,12,20,29,33.9166666666667,4.91666666666667,5,0.4,0,24.5833333333333,1
24815,BatchInference,20,RegionA,RegionD,65,80,42,45.3333333333333,3.33333333333333,17,1.7,22,56.6666666666667,1
24913,BatchInference,16,RegionA,RegionB,12,80,34,35.15,1.15,19,1.9,18,21.85,1
25035,AITraining,26,RegionE,RegionD,22,150,35,35.3,0.3,68,10.88,9,20.4,1
25102,BatchInference,34,RegionF,RegionD,25,80,34,37.1166666666667,3.11666666666667,14,1.4,0,43.6333333333333,1
25455,RealTimeInference,32,RegionC,RegionC,5,20,32,32.7666666666667,0.766666666666667,6,0.48,0,0,0
25700,AITraining,21,RegionB,RegionC,14,150,38,38.5,0.5,122,19.52,17,61,1
25816,BatchInference,23,RegionE,RegionD,22,80,31,37.4166666666667,6.41666666666667,17,1.7,8,109.083333333333,1
26530,BatchInference,32,RegionD,RegionD,5,80,32,34.4833333333333,2.48333333333333,8,0.8,0,0,0
26685,AITraining,29,RegionD,RegionD,5,150,29,31.7166666666667,2.71666666666667,70,11.2,0,0,0
26732,BatchInference,22,RegionC,RegionD,58,80,32,36.7,4.7,4,0.4,10,18.8,1
26748,AITraining,28,RegionF,RegionA,82,150,36,37.6666666666667,1.66666666666667,86,13.76,8,143.333333333333,1
26768,RealTimeInference,41,RegionD,RegionD,5,20,41,44.0166666666667,3.01666666666667,2,0.16,0,0,0
26807,BatchInference,24,RegionE,RegionD,22,80,32,37.0666666666667,5.06666666666667,14,1.4,8,70.9333333333333,1
26866,RealTimeInference,45,RegionC,RegionB,14,20,45,49.2833333333333,4.28333333333333,5,0.4,0,21.4166666666667,1
26937,BatchInference,30,RegionD,RegionD,5,80,30,35.55,5.55,23,2.3,0,0,0
26984,BatchInference,40,RegionE,RegionD,22,80,40,45.3333333333333,5.33333333333333,4,0.4,0,21.3333333333333,1
27007,AITraining,28,RegionD,RegionA,65,150,36,38.7666666666667,2.76666666666667,32,5.12,8,88.5333333333333,1
27294,BatchInference,33,RegionA,RegionD,65,80,40,42.0833333333333,2.08333333333333,22,2.2,7,45.8333333333333,1
27354,RealTimeInference,42,RegionA,RegionC,15,20,42,43.1,1.1,3,0.24,0,3.3,1
27799,BatchInference,28,RegionA,RegionA,5,80,34,35.3166666666667,1.31666666666667,12,1.2,6,0,0
28080,BatchInference,24,RegionF,RegionD,25,80,34,35.5833333333333,1.58333333333333,9,0.9,10,14.25,1
28327,BatchInference,14,RegionD,RegionB,60,80,34,35.2166666666667,1.21666666666667,16,1.6,20,19.4666666666667,1
28480,AITraining,37,RegionF,RegionB,79,150,37,37.6833333333333,0.683333333333333,53,8.48,0,36.2166666666667,1
28641,BatchInference,35,RegionC,RegionD,58,80,35,39.8166666666667,4.81666666666667,19,1.9,0,91.5166666666667,1
28909,AITraining,26,RegionD,RegionB,60,150,35,38.5833333333333,3.58333333333333,45,7.2,9,161.25,1
28938,AITraining,45,RegionE,RegionD,22,150,45,48.9833333333333,3.98333333333333,92,14.72,0,366.466666666667,1
28960,AITraining,30,RegionB,RegionD,60,150,32,37.6,5.6,102,16.32,2,571.2,1
29044,BatchInference,33,RegionF,RegionD,25,80,34,35.85,1.85,8,0.8,1,14.8,1
29770,AITraining,15,RegionE,RegionB,74,150,24,24.95,0.95,65,10.4,9,61.75,1
30211,AITraining,21,RegionF,RegionE,18,150,24,25.1166666666667,1.11666666666667,115,18.4,3,128.416666666667,1
30223,BatchInference,27,RegionD,RegionD,5,80,35,37.5333333333333,2.53333333333333,4,0.4,8,0,0
30463,AITraining,7,RegionD,RegionB,60,150,24,25.4833333333333,1.48333333333333,91,14.56,17,134.983333333333,1
30686,BatchInference,19,RegionB,RegionD,60,80,42,44.3333333333333,2.33333333333333,5,0.5,23,11.6666666666667,1
30738,RealTimeInference,34,RegionA,RegionB,12,20,34,36.15,2.15,3,0.24,0,6.45,1
30794,AITraining,35,RegionE,RegionD,22,150,35,38.6166666666667,3.61666666666667,68,10.88,0,245.933333333333,1
30801,RealTimeInference,25,RegionC,RegionA,15,20,25,27.5666666666667,2.56666666666667,2,0.16,0,5.13333333333333,1
30871,AITraining,44,RegionD,RegionB,60,150,44,50.2166666666667,6.21666666666667,84,13.44,0,522.2,1
30978,AITraining,34,RegionE,RegionD,22,150,38,42.75,4.75,102,16.32,4,484.5,1
31024,RealTimeInference,38,RegionC,RegionB,14,20,38,42.1,4.1,7,0.56,0,28.7,1
31040,RealTimeInference,34,RegionA,RegionB,12,20,34,37.3333333333333,3.33333333333333,1,0.08,0,3.33333333333333,1
31183,RealTimeInference,29,RegionF,RegionF,5,20,29,32.0333333333333,3.03333333333333,4,0.32,0,0,0
31318,RealTimeInference,44,RegionB,RegionB,5,20,44,49.1666666666667,5.16666666666667,2,0.16,0,0,0
31464,AITraining,43,RegionF,RegionB,79,150,43,49.1833333333333,6.18333333333333,42,6.72,0,259.7,1
31796,RealTimeInference,30,RegionB,RegionC,14,20,30,34.0166666666667,4.01666666666667,1,0.08,0,4.01666666666667,1
31877,BatchInference,19,RegionE,RegionD,22,80,32,37.2,5.2,16,1.6,13,83.2,1
31942,BatchInference,29,RegionD,RegionD,5,80,29,31.35,2.35,18,1.8,0,0,0
31977,BatchInference,13,RegionA,RegionD,65,80,32,37.6166666666667,5.61666666666667,10,1,19,56.1666666666667,1
32183,AITraining,35,RegionD,RegionA,65,150,35,40.95,5.95,113,18.08,0,672.35,1
32236,AITraining,20,RegionE,RegionD,22,150,32,37.4333333333333,5.43333333333333,85,13.6,12,461.833333333333,1
32313,RealTimeInference,30,RegionA,RegionA,5,20,30,35.6166666666667,5.61666666666667,6,0.48,0,0,0
32363,BatchInference,26,RegionE,RegionB,74,80,26,28.3666666666667,2.36666666666667,9,0.9,0,21.3,1
32371,RealTimeInference,34,RegionA,RegionC,15,20,34,35.7666666666667,1.76666666666667,1,0.08,0,1.76666666666667,1
32429,RealTimeInference,44,RegionD,RegionD,5,20,44,50.0333333333333,6.03333333333333,5,0.4,0,0,0
32474,BatchInference,31,RegionE,RegionA,78,80,31,35.5666666666667,4.56666666666667,12,1.2,0,54.8,1
32497,RealTimeInference,41,RegionA,RegionB,12,20,41,42.7333333333333,1.73333333333333,5,0.4,0,8.66666666666667,1
32517,AITraining,24,RegionD,RegionD,5,150,38,43.55,5.55,101,16.16,14,0,0
32621,BatchInference,29,RegionA,RegionD,65,80,29,31.7833333333333,2.78333333333333,19,1.9,0,52.8833333333333,1
32721,RealTimeInference,39,RegionB,RegionB,5,20,39,43.1333333333333,4.13333333333333,1,0.08,0,0,0
32723,BatchInference,30,RegionD,RegionB,60,80,30,33.5333333333333,3.53333333333333,8,0.8,0,28.2666666666667,1
33002,AITraining,40,RegionD,RegionB,60,150,46,49.25,3.25,86,13.76,6,279.5,1
33056,BatchInference,32,RegionC,RegionA,15,80,34,35.2833333333333,1.28333333333333,12,1.2,2,15.4,1
33137,AITraining,27,RegionF,RegionC,76,150,35,36.1666666666667,1.16666666666667,89,14.24,8,103.833333333333,1
33159,BatchInference,21,RegionB,RegionD,60,80,42,44.85,2.85,11,1.1,21,31.35,1
33338,RealTimeInference,44,RegionB,RegionA,12,20,44,47.2833333333333,3.28333333333333,6,0.48,0,19.7,1
33364,RealTimeInference,27,RegionB,RegionA,12,20,27,29.0833333333333,2.08333333333333,1,0.08,0,2.08333333333333,1
33384,BatchInference,32,RegionC,RegionD,58,80,32,38.6166666666667,6.61666666666667,21,2.1,0,138.95,1
33480,AITraining,41,RegionC,RegionA,15,150,41,46.95,5.95,121,19.36,0,719.95,1
33517,RealTimeInference,29,RegionC,RegionA,15,20,29,34.5833333333333,5.58333333333333,2,0.16,0,11.1666666666667,1
33626,BatchInference,32,RegionC,RegionD,58,80,32,34.3,2.3,13,1.3,0,29.9,1
33676,BatchInference,30,RegionA,RegionD,65,80,30,32.1666666666667,2.16666666666667,4,0.4,0,8.66666666666667,1
33698,BatchInference,21,RegionB,RegionA,12,80,33,35.1,2.1,22,2.2,12,46.2,1
34101,BatchInference,35,RegionE,RegionD,22,80,35,36.7666666666667,1.76666666666667,11,1.1,0,19.4333333333333,1
34129,RealTimeInference,33,RegionA,RegionB,12,20,33,37.5,4.5,1,0.08,0,4.5,1
34376,RealTimeInference,46,RegionC,RegionA,15,20,46,46.1833333333333,0.183333333333333,4,0.32,0,0.733333333333333,1
34411,RealTimeInference,41,RegionA,RegionB,12,20,41,44.5,3.5,6,0.48,0,21,1
34436,BatchInference,35,RegionF,RegionD,25,80,35,39.6833333333333,4.68333333333333,12,1.2,0,56.2,1
34494,RealTimeInference,46,RegionC,RegionB,14,20,46,47.8666666666667,1.86666666666667,7,0.56,0,13.0666666666667,1
34622,AITraining,7,RegionD,RegionE,22,150,24,27.75,3.75,113,18.08,17,423.75,1
34632,AITraining,40,RegionF,RegionA,82,150,40,45.5666666666667,5.56666666666667,89,14.24,0,495.433333333333,1
34865,AITraining,44,RegionD,RegionB,60,150,44,47.7833333333333,3.78333333333333,78,12.48,0,295.1,1
34995,AITraining,32,RegionC,RegionA,15,150,32,36.1333333333333,4.13333333333333,60,9.6,0,248,1
35084,RealTimeInference,30,RegionC,RegionB,14,20,30,33.5,3.5,2,0.16,0,7,1
35147,RealTimeInference,29,RegionA,RegionC,15,20,29,29.8333333333333,0.833333333333333,1,0.08,0,0.833333333333333,1
35334,BatchInference,14,RegionE,RegionA,78,80,34,34.6333333333333,0.633333333333333,16,1.6,20,10.1333333333333,1
35341,AITraining,25,RegionF,RegionA,82,150,25,28.7,3.7,46,7.36,0,170.2,1
35353,AITraining,34,RegionE,RegionC,70,150,41,41.3333333333333,0.333333333333333,59,9.44,7,19.6666666666667,1
35378,RealTimeInference,31,RegionB,RegionA,12,20,31,31.4166666666667,0.416666666666667,2,0.16,0,0.833333333333333,1
35467,BatchInference,23,RegionA,RegionD,65,80,32,36.55,4.55,22,2.2,9,100.1,1
35582,RealTimeInference,32,RegionB,RegionC,14,20,32,32.25,0.25,7,0.56,0,1.75,1
35702,AITraining,28,RegionF,RegionB,79,150,36,36.6166666666667,0.616666666666667,103,16.48,8,63.5166666666667,1
35712,BatchInference,28,RegionC,RegionD,58,80,28,34.4333333333333,6.43333333333333,16,1.6,0,102.933333333333,1
35896,BatchInference,13,RegionC,RegionD,58,80,42,44.3166666666667,2.31666666666667,19,1.9,29,44.0166666666667,1
36012,RealTimeInference,30,RegionA,RegionA,5,20,30,33.1,3.1,3,0.24,0,0,0
36155,BatchInference,15,RegionF,RegionD,25,80,34,35.9666666666667,1.96666666666667,23,2.3,19,45.2333333333333,1
36411,RealTimeInference,32,RegionF,RegionF,5,20,32,32.9166666666667,0.916666666666667,5,0.4,0,0,0
36516,RealTimeInference,35,RegionF,RegionF,5,20,35,36.3333333333333,1.33333333333333,4,0.32,0,0,0
36707,AITraining,41,RegionC,RegionD,58,150,47,48.6666666666667,1.66666666666667,59,9.44,6,98.3333333333333,1
36764,BatchInference,31,RegionE,RegionA,78,80,34,35.5833333333333,1.58333333333333,10,1,3,15.8333333333333,1
37018,BatchInference,25,RegionC,RegionD,58,80,25,31.35,6.35,7,0.7,0,44.45,1
37176,AITraining,28,RegionE,RegionD,22,150,28,32.95,4.95,65,10.4,0,321.75,1
37204,RealTimeInference,38,RegionC,RegionB,14,20,38,44.0833333333333,6.08333333333333,6,0.48,0,36.5,1
37216,AITraining,45,RegionE,RegionD,22,150,45,50.85,5.85,94,15.04,0,549.9,1
37355,AITraining,20,RegionF,RegionD,25,150,38,39.5,1.5,51,8.16,18,76.5,1
37390,RealTimeInference,40,RegionA,RegionB,12,20,40,44.4833333333333,4.48333333333333,5,0.4,0,22.4166666666667,1
37392,AITraining,28,RegionE,RegionC,70,150,28,32.7666666666667,4.76666666666667,104,16.64,0,495.733333333333,1
37669,RealTimeInference,27,RegionC,RegionB,14,20,27,27.8833333333333,0.883333333333333,5,0.4,0,4.41666666666667,1
37999,BatchInference,34,RegionA,RegionD,65,80,34,37.65,3.65,7,0.7,0,25.55,1
38070,AITraining,40,RegionF,RegionC,76,150,40,44.2166666666667,4.21666666666667,24,3.84,0,101.2,1
38259,BatchInference,18,RegionD,RegionA,65,80,34,34.4166666666667,0.416666666666667,18,1.8,16,7.5,1
38616,AITraining,44,RegionC,RegionC,5,150,44,50.1333333333333,6.13333333333333,44,7.04,0,0,0
38617,RealTimeInference,28,RegionA,RegionA,5,20,28,30.65,2.65,5,0.4,0,0,0
38643,RealTimeInference,38,RegionA,RegionB,12,20,38,38.8333333333333,0.833333333333333,1,0.08,0,0.833333333333333,1
38736,AITraining,26,RegionD,RegionC,58,150,26,28.05,2.05,20,3.2,0,41,1
38856,AITraining,25,RegionE,RegionB,74,150,32,37.6666666666667,5.66666666666667,49,7.84,7,277.666666666667,1
39019,BatchInference,26,RegionD,RegionD,5,80,35,37.7666666666667,2.76666666666667,10,1,9,0,0
39129,AITraining,18,RegionD,RegionC,58,150,33,34.3333333333333,1.33333333333333,40,6.4,15,53.3333333333333,1
39221,RealTimeInference,30,RegionB,RegionA,12,20,30,34.1333333333333,4.13333333333333,3,0.24,0,12.4,1
39595,AITraining,24,RegionD,RegionD,5,150,24,25.3333333333333,1.33333333333333,26,4.16,0,0,0
39706,AITraining,36,RegionD,RegionC,58,150,36,39.0166666666667,3.01666666666667,80,12.8,0,241.333333333333,1
39756,RealTimeInference,27,RegionD,RegionD,5,20,27,27.6166666666667,0.616666666666667,2,0.16,0,0,0
39776,AITraining,33,RegionF,RegionA,82,150,38,38.3166666666667,0.316666666666667,26,4.16,5,8.23333333333333,1
39991,RealTimeInference,39,RegionC,RegionB,14,20,39,40.7333333333333,1.73333333333333,3,0.24,0,5.2,1
40125,RealTimeInference,25,RegionA,RegionB,12,20,25,30.7833333333333,5.78333333333333,2,0.16,0,11.5666666666667,1
40498,RealTimeInference,39,RegionA,RegionA,5,20,39,39.2166666666667,0.216666666666667,4,0.32,0,0,0
40655,AITraining,32,RegionF,RegionA,82,150,32,38.0166666666667,6.01666666666667,96,15.36,0,577.6,1
40835,BatchInference,12,RegionC,RegionD,58,80,42,45.1,3.1,17,1.7,30,52.7,1
41222,AITraining,34,RegionD,RegionD,5,150,41,41.65,0.65,55,8.8,7,0,0
41397,BatchInference,39,RegionA,RegionD,65,80,39,44.45,5.45,4,0.4,0,21.8,1
41584,RealTimeInference,28,RegionB,RegionB,5,20,28,29.4166666666667,1.41666666666667,4,0.32,0,0,0
41624,BatchInference,26,RegionD,RegionD,5,80,35,35.65,0.65,7,0.7,9,0,0
41814,RealTimeInference,29,RegionC,RegionA,15,20,29,33.7,4.7,4,0.32,0,18.8,1
41835,AITraining,28,RegionF,RegionA,82,150,36,38.2166666666667,2.21666666666667,67,10.72,8,148.516666666667,1
41857,BatchInference,21,RegionB,RegionA,12,80,34,34.2666666666667,0.266666666666667,10,1,13,2.66666666666667,1
41942,RealTimeInference,39,RegionA,RegionA,5,20,39,44.4333333333333,5.43333333333333,1,0.08,0,0,0
42168,AITraining,21,RegionE,RegionB,74,150,42,44.0166666666667,2.01666666666667,104,16.64,21,209.733333333333,1
42266,AITraining,32,RegionE,RegionA,78,150,39,43.3,4.3,36,5.76,7,154.8,1
42341,RealTimeInference,26,RegionA,RegionA,5,20,26,31.9666666666667,5.96666666666667,7,0.56,0,0,0
42513,RealTimeInference,31,RegionA,RegionA,5,20,31,35.0166666666667,4.01666666666667,5,0.4,0,0,0
42631,AITraining,37,RegionD,RegionB,60,150,37,42.15,5.15,65,10.4,0,334.75,1
42723,AITraining,27,RegionD,RegionB,60,150,27,32.1333333333333,5.13333333333333,50,8,0,256.666666666667,1
42774,AITraining,36,RegionA,RegionA,5,150,36,40.1666666666667,4.16666666666667,68,10.88,0,0,0
42788,AITraining,27,RegionD,RegionC,58,150,38,40.3333333333333,2.33333333333333,83,13.28,11,193.666666666667,1
43117,RealTimeInference,36,RegionA,RegionB,12,20,36,39.4,3.4,7,0.56,0,23.8,1
43181,AITraining,19,RegionB,RegionA,12,150,38,44.0166666666667,6.01666666666667,43,6.88,19,258.716666666667,1
43284,AITraining,40,RegionF,RegionB,79,150,40,43.6833333333333,3.68333333333333,59,9.44,0,217.316666666667,1
43352,RealTimeInference,36,RegionA,RegionB,12,20,36,40.25,4.25,3,0.24,0,12.75,1
43368,RealTimeInference,38,RegionB,RegionB,5,20,38,42.5333333333333,4.53333333333333,1,0.08,0,0,0
43410,RealTimeInference,47,RegionF,RegionE,18,20,47,53.3833333333333,6.38333333333333,1,0.08,0,6.38333333333333,1
43450,BatchInference,42,RegionA,RegionD,65,80,42,46.8833333333333,4.88333333333333,17,1.7,0,83.0166666666667,1
43613,RealTimeInference,43,RegionD,RegionD,5,20,43,43.2333333333333,0.233333333333333,5,0.4,0,0,0
43753,AITraining,28,RegionD,RegionB,60,150,28,33.9333333333333,5.93333333333333,51,8.16,0,302.6,1
43760,AITraining,34,RegionD,RegionC,58,150,34,37.75,3.75,71,11.36,0,266.25,1
43781,AITraining,21,RegionE,RegionE,5,150,24,24.5166666666667,0.516666666666667,111,17.76,3,0,0
44000,RealTimeInference,27,RegionD,RegionD,5,20,27,27.85,0.85,7,0.56,0,0,0
44014,RealTimeInference,40,RegionA,RegionB,12,20,40,42.85,2.85,1,0.08,0,2.85,1
44031,RealTimeInference,29,RegionB,RegionA,12,20,29,33.4833333333333,4.48333333333333,1,0.08,0,4.48333333333333,1
44082,BatchInference,15,RegionC,RegionD,58,80,42,45.0166666666667,3.01666666666667,8,0.8,27,24.1333333333333,1
44138,BatchInference,28,RegionF,RegionB,79,80,33,35.05,2.05,7,0.7,5,14.35,1
44145,RealTimeInference,28,RegionA,RegionB,12,20,28,33.0666666666667,5.06666666666667,7,0.56,0,35.4666666666667,1
44162,RealTimeInference,32,RegionB,RegionA,12,20,32,35.5833333333333,3.58333333333333,5,0.4,0,17.9166666666667,1
44184,AITraining,33,RegionF,RegionC,76,150,33,38.15,5.15,75,12,0,386.25,1
44243,BatchInference,19,RegionF,RegionD,25,80,32,36.5166666666667,4.51666666666667,11,1.1,13,49.6833333333333,1
44397,BatchInference,21,RegionC,RegionD,58,80,32,36.6,4.6,12,1.2,11,55.2,1
44468,RealTimeInference,42,RegionA,RegionB,12,20,42,44.2666666666667,2.26666666666667,7,0.56,0,15.8666666666667,1
44474,BatchInference,19,RegionA,RegionA,5,80,34,35.2,1.2,21,2.1,15,0,0
44498,AITraining,45,RegionF,RegionD,25,150,45,50.25,5.25,87,13.92,0,456.75,1
44525,RealTimeInference,40,RegionE,RegionF,18,20,40,45.75,5.75,1,0.08,0,5.75,1
44543,BatchInference,33,RegionD,RegionA,65,80,33,35.0666666666667,2.06666666666667,5,0.5,0,10.3333333333333,1
44553,RealTimeInference,42,RegionA,RegionB,12,20,42,42.6666666666667,0.666666666666667,6,0.48,0,4,1
44584,BatchInference,29,RegionF,RegionD,25,80,29,31.65,2.65,8,0.8,0,21.2,1
44791,RealTimeInference,30,RegionB,RegionB,5,20,30,32.7833333333333,2.78333333333333,6,0.48,0,0,0
44925,AITraining,28,RegionF,RegionD,25,150,28,31.7166666666667,3.71666666666667,80,12.8,0,297.333333333333,1
45166,RealTimeInference,27,RegionC,RegionA,15,20,27,29.8333333333333,2.83333333333333,4,0.32,0,11.3333333333333,1
45331,BatchInference,26,RegionE,RegionB,74,80,26,28.2666666666667,2.26666666666667,18,1.8,0,40.8,1
45443,AITraining,27,RegionF,RegionC,76,150,27,31.0333333333333,4.03333333333333,25,4,0,100.833333333333,1
45567,RealTimeInference,41,RegionC,RegionB,14,20,41,44.9166666666667,3.91666666666667,2,0.16,0,7.83333333333333,1
45689,BatchInference,32,RegionC,RegionD,58,80,32,38.5166666666667,6.51666666666667,7,0.7,0,45.6166666666667,1
45697,RealTimeInference,45,RegionB,RegionB,5,20,45,49.8,4.8,3,0.24,0,0,0
45781,AITraining,44,RegionD,RegionA,65,150,44,48.75,4.75,48,7.68,0,228,1
45816,BatchInference,40,RegionE,RegionD,22,80,40,40.85,0.85,8,0.8,0,6.8,1
45851,BatchInference,35,RegionA,RegionD,65,80,35,36.5,1.5,17,1.7,0,25.5,1
45885,RealTimeInference,34,RegionA,RegionB,12,20,34,40.3333333333333,6.33333333333333,4,0.32,0,25.3333333333333,1
45951,RealTimeInference,37,RegionB,RegionC,14,20,37,40.1666666666667,3.16666666666667,6,0.48,0,19,1
46041,AITraining,25,RegionB,RegionC,14,150,34,35.2166666666667,1.21666666666667,127,20.32,9,154.516666666667,1
46220,RealTimeInference,39,RegionB,RegionA,12,20,39,43.3166666666667,4.31666666666667,2,0.16,0,8.63333333333333,1
46443,BatchInference,24,RegionB,RegionD,60,80,31,37.2833333333333,6.28333333333333,8,0.8,7,50.2666666666667,1
46476,RealTimeInference,38,RegionB,RegionA,12,20,38,38.2333333333333,0.233333333333333,3,0.24,0,0.7,1
46482,AITraining,23,RegionD,RegionC,58,150,24,24.65,0.65,98,15.68,1,63.7,1
46831,RealTimeInference,47,RegionB,RegionB,5,20,47,52.9666666666667,5.96666666666667,2,0.16,0,0,0
46964,AITraining,21,RegionF,RegionE,18,150,24,26.9,2.9,97,15.52,3,281.3,1
46997,AITraining,10,RegionF,RegionC,76,150,24,24.4666666666667,0.466666666666667,52,8.32,14,24.2666666666667,1
47038,AITraining,36,RegionB,RegionC,14,150,36,42.4833333333333,6.48333333333333,74,11.84,0,479.766666666667,1
47095,AITraining,26,RegionF,RegionD,25,150,32,36.3,4.3,85,13.6,6,365.5,1
47129,AITraining,32,RegionF,RegionC,76,150,39,43.5833333333333,4.58333333333333,104,16.64,7,476.666666666667,1
47134,BatchInference,29,RegionD,RegionD,5,80,29,30.4,1.4,9,0.9,0,0,0
47267,RealTimeInference,42,RegionF,RegionF,5,20,42,43.8666666666667,1.86666666666667,7,0.56,0,0,0
47314,AITraining,38,RegionC,RegionD,58,150,38,42.3666666666667,4.36666666666667,111,17.76,0,484.7,1
47335,AITraining,40,RegionD,RegionD,5,150,40,44.5,4.5,36,5.76,0,0,0
47360,AITraining,42,RegionD,RegionC,58,150,47,48.9166666666667,1.91666666666667,19,3.04,5,36.4166666666667,1
47574,RealTimeInference,35,RegionC,RegionC,5,20,35,36,1,5,0.4,0,0,0
47696,RealTimeInference,40,RegionB,RegionA,12,20,40,40.45,0.45,7,0.56,0,3.15,1
47813,BatchInference,13,RegionB,RegionD,60,80,42,45.6166666666667,3.61666666666667,16,1.6,29,57.8666666666667,1
47836,RealTimeInference,28,RegionC,RegionC,5,20,28,34.2,6.2,6,0.48,0,0,0
47855,BatchInference,29,RegionD,RegionD,5,80,29,32.8333333333333,3.83333333333333,20,2,0,0,0
47894,AITraining,46,RegionE,RegionC,70,150,46,49.2333333333333,3.23333333333333,26,4.16,0,84.0666666666667,1
48170,BatchInference,17,RegionD,RegionA,65,80,34,34.95,0.95,6,0.6,17,5.7,1
48209,BatchInference,37,RegionD,RegionD,5,80,37,41.8166666666667,4.81666666666667,17,1.7,0,0,0
48267,RealTimeInference,26,RegionB,RegionA,12,20,26,28.8666666666667,2.86666666666667,4,0.32,0,11.4666666666667,1
48306,AITraining,29,RegionD,RegionA,65,150,29,34.8166666666667,5.81666666666667,60,9.6,0,349,1
48373,BatchInference,19,RegionD,RegionD,5,80,42,44.65,2.65,15,1.5,23,0,0
48437,RealTimeInference,43,RegionA,RegionB,12,20,43,46.6833333333333,3.68333333333333,2,0.16,0,7.36666666666667,1
48545,BatchInference,26,RegionE,RegionA,78,80,26,32.5166666666667,6.51666666666667,15,1.5,0,97.75,1
48703,AITraining,24,RegionF,RegionD,25,150,32,37.2166666666667,5.21666666666667,100,16,8,521.666666666667,1
48708,AITraining,33,RegionE,RegionD,22,150,38,43.5666666666667,5.56666666666667,123,19.68,5,684.7,1
48985,BatchInference,22,RegionF,RegionD,25,80,42,44.3166666666667,2.31666666666667,11,1.1,20,25.4833333333333,1
49177,RealTimeInference,24,RegionA,RegionC,15,20,24,29.4666666666667,5.46666666666667,3,0.24,0,16.4,1
49193,AITraining,29,RegionE,RegionB,74,150,37,37.55,0.55,77,12.32,8,42.35,1
49207,RealTimeInference,46,RegionC,RegionA,15,20,46,47,1,5,0.4,0,5,1
49321,BatchInference,33,RegionA,RegionD,65,80,33,37.4833333333333,4.48333333333333,18,1.8,0,80.7,1
49429,BatchInference,32,RegionD,RegionD,5,80,32,34,2,19,1.9,0,0,0
49650,RealTimeInference,42,RegionA,RegionB,12,20,42,45.7,3.7,3,0.24,0,11.1,1
49651,RealTimeInference,27,RegionB,RegionB,5,20,27,30.4,3.4,6,0.48,0,0,0
49812,AITraining,19,RegionF,RegionC,76,150,24,28.0666666666667,4.06666666666667,34,5.44,5,138.266666666667,1
49874,RealTimeInference,26,RegionB,RegionC,14,20,26,26.6333333333333,0.633333333333333,1,0.08,0,0.633333333333333,1
423,BatchInference,57,RegionD,RegionA,65,80,57,57.6333333333333,0.633333333333333,12,1.2,0,7.6,1
430,RealTimeInference,50,RegionC,RegionC,5,20,50,52.6333333333333,2.63333333333333,3,0.24,0,0,0
555,BatchInference,62,RegionD,RegionD,5,80,68,70.5166666666667,2.51666666666667,20,2,6,0,0
603,BatchInference,33,RegionA,RegionA,5,80,57,57.2666666666667,0.266666666666667,9,0.9,24,0,0
678,RealTimeInference,60,RegionB,RegionB,5,20,60,64.55,4.55,2,0.16,0,0,0
940,AITraining,66,RegionD,RegionA,65,150,66,68.9666666666667,2.96666666666667,93,14.88,0,275.9,1
1303,AITraining,64,RegionF,RegionB,79,150,70,70.7666666666667,0.766666666666667,51,8.16,6,39.1,1
1351,BatchInference,62,RegionA,RegionD,65,80,68,68.5333333333333,0.533333333333333,13,1.3,6,6.93333333333333,1
1399,BatchInference,48,RegionC,RegionB,14,80,48,51.9,3.9,14,1.4,0,54.6,1
1476,BatchInference,50,RegionA,RegionD,65,80,56,60.85,4.85,6,0.6,6,29.1,1
1735,AITraining,49,RegionE,RegionD,22,150,57,59.75,2.75,16,2.56,8,44,1
1765,RealTimeInference,51,RegionA,RegionC,15,20,51,53.2333333333333,2.23333333333333,5,0.4,0,11.1666666666667,1
1767,AITraining,46,RegionE,RegionA,78,150,48,48.6333333333333,0.633333333333333,83,13.28,2,52.5666666666667,1
2003,BatchInference,15,RegionC,RegionD,58,80,57,59.5833333333333,2.58333333333333,13,1.3,42,33.5833333333333,1
2050,BatchInference,50,RegionD,RegionA,65,80,60,61.2,1.2,14,1.4,10,16.8,1
2116,AITraining,34,RegionE,RegionA,78,150,62,68.5833333333333,6.58333333333333,66,10.56,28,434.5,1
2246,RealTimeInference,52,RegionB,RegionA,12,20,52,54.1333333333333,2.13333333333333,4,0.32,0,8.53333333333333,1
2616,RealTimeInference,67,RegionE,RegionF,18,20,67,72.05,5.05,2,0.16,0,10.1,1
2640,AITraining,29,RegionE,RegionD,22,150,57,60.7833333333333,3.78333333333333,81,12.96,28,306.45,1
2682,BatchInference,43,RegionF,RegionB,79,80,60,61.8333333333333,1.83333333333333,12,1.2,17,22,1
2695,AITraining,62,RegionF,RegionC,76,150,68,72.05,4.05,84,13.44,6,340.2,1
2784,BatchInference,39,RegionC,RegionD,58,80,57,57.7833333333333,0.783333333333333,10,1,18,7.83333333333333,1
2896,RealTimeInference,60,RegionB,RegionB,5,20,60,66,6,4,0.32,0,0,0
2908,BatchInference,51,RegionC,RegionB,14,80,60,61.4833333333333,1.48333333333333,13,1.3,9,19.2833333333333,1
2927,BatchInference,61,RegionB,RegionD,60,80,67,67.1833333333333,0.183333333333333,21,2.1,6,3.85,1
3027,BatchInference,66,RegionD,RegionD,5,80,66,70.7333333333333,4.73333333333333,23,2.3,0,0,0
3102,BatchInference,56,RegionA,RegionD,65,80,63,68.5333333333333,5.53333333333333,9,0.9,7,49.8,1
3120,AITraining,34,RegionF,RegionF,5,150,48,51.6166666666667,3.61666666666667,78,12.48,14,0,0
3377,RealTimeInference,62,RegionE,RegionF,18,20,62,62.5833333333333,0.583333333333333,6,0.48,0,3.5,1
3477,RealTimeInference,64,RegionA,RegionA,5,20,64,67.6666666666667,3.66666666666667,1,0.08,0,0,0
3557,BatchInference,48,RegionB,RegionA,12,80,60,61.4333333333333,1.43333333333333,12,1.2,12,17.2,1
3574,RealTimeInference,48,RegionF,RegionE,18,20,48,51.4833333333333,3.48333333333333,7,0.56,0,24.3833333333333,1
3687,RealTimeInference,64,RegionA,RegionB,12,20,64,64.3166666666667,0.316666666666667,1,0.08,0,0.316666666666667,1
3904,BatchInference,49,RegionB,RegionA,12,80,49,52.4833333333333,3.48333333333333,4,0.4,0,13.9333333333333,1
3967,RealTimeInference,52,RegionC,RegionB,14,20,52,52.4333333333333,0.433333333333333,3,0.24,0,1.3,1
3980,RealTimeInference,71,RegionC,RegionC,5,20,71,72.7333333333333,1.73333333333333,4,0.32,0,0,0
4016,AITraining,57,RegionD,RegionA,65,150,64,67.2,3.2,53,8.48,7,169.6,1
4046,RealTimeInference,52,RegionE,RegionF,18,20,52,57.6166666666667,5.61666666666667,2,0.16,0,11.2333333333333,1
4445,RealTimeInference,65,RegionC,RegionA,15,20,65,65.7166666666667,0.716666666666667,5,0.4,0,3.58333333333333,1
4881,BatchInference,40,RegionB,RegionA,12,80,60,61.6,1.6,8,0.8,20,12.8,1
4972,AITraining,48,RegionC,RegionA,15,150,62,64.05,2.05,74,11.84,14,151.7,1
5102,RealTimeInference,59,RegionD,RegionD,5,20,59,60.0833333333333,1.08333333333333,1,0.08,0,0,0
5141,AITraining,54,RegionF,RegionB,79,150,55,61.35,6.35,72,11.52,1,457.2,1
5510,BatchInference,38,RegionA,RegionD,65,80,48,48.9833333333333,0.983333333333333,4,0.4,10,3.93333333333333,1
5540,BatchInference,56,RegionD,RegionD,5,80,63,67.05,4.05,23,2.3,7,0,0
5656,RealTimeInference,55,RegionB,RegionC,14,20,55,57.35,2.35,4,0.32,0,9.4,1
5753,RealTimeInference,48,RegionA,RegionB,12,20,48,52.7666666666667,4.76666666666667,1,0.08,0,4.76666666666667,1
5760,RealTimeInference,55,RegionA,RegionB,12,20,55,59.25,4.25,5,0.4,0,21.25,1
5851,RealTimeInference,51,RegionA,RegionB,12,20,51,56.2333333333333,5.23333333333333,6,0.48,0,31.4,1
5859,BatchInference,54,RegionB,RegionB,5,80,56,61.7333333333333,5.73333333333333,15,1.5,2,0,0
5902,BatchInference,34,RegionF,RegionD,25,80,48,51.6833333333333,3.68333333333333,15,1.5,14,55.25,1
5931,RealTimeInference,61,RegionA,RegionB,12,20,61,63.1666666666667,2.16666666666667,5,0.4,0,10.8333333333333,1
6028,BatchInference,66,RegionA,RegionD,65,80,66,72,6,10,1,0,60,1
6047,RealTimeInference,67,RegionF,RegionE,18,20,67,73.3166666666667,6.31666666666667,6,0.48,0,37.9,1
6068,RealTimeInference,63,RegionA,RegionA,5,20,63,68.4166666666667,5.41666666666667,4,0.32,0,0,0
6204,AITraining,66,RegionF,RegionB,79,150,66,68.6333333333333,2.63333333333333,91,14.56,0,239.633333333333,1
6270,RealTimeInference,67,RegionF,RegionF,5,20,67,70.3833333333333,3.38333333333333,6,0.48,0,0,0
6316,RealTimeInference,52,RegionF,RegionF,5,20,52,55.1666666666667,3.16666666666667,5,0.4,0,0,0
6377,BatchInference,63,RegionB,RegionD,60,80,63,68.0166666666667,5.01666666666667,20,2,0,100.333333333333,1
6487,BatchInference,37,RegionA,RegionA,5,80,60,61.95,1.95,18,1.8,23,0,0
6674,RealTimeInference,62,RegionB,RegionB,5,20,62,62.6666666666667,0.666666666666667,5,0.4,0,0,0
6683,AITraining,50,RegionF,RegionC,76,150,50,52.6666666666667,2.66666666666667,85,13.6,0,226.666666666667,1
6859,AITraining,32,RegionF,RegionD,25,150,57,59.5833333333333,2.58333333333333,121,19.36,25,312.583333333333,1
6946,RealTimeInference,60,RegionA,RegionA,5,20,60,61.8,1.8,3,0.24,0,0,0
7039,AITraining,57,RegionD,RegionC,58,150,57,63.1666666666667,6.16666666666667,71,11.36,0,437.833333333333,1
7096,AITraining,53,RegionF,RegionD,25,150,56,60.2,4.2,71,11.36,3,298.2,1
7118,RealTimeInference,68,RegionA,RegionB,12,20,68,74.2333333333333,6.23333333333333,5,0.4,0,31.1666666666667,1
7122,AITraining,58,RegionF,RegionB,79,150,65,65.2666666666667,0.266666666666667,42,6.72,7,11.2,1
7497,BatchInference,58,RegionA,RegionD,65,80,58,60.2166666666667,2.21666666666667,6,0.6,0,13.3,1
7506,AITraining,49,RegionD,RegionC,58,150,49,49.3333333333333,0.333333333333333,103,16.48,0,34.3333333333333,1
7722,BatchInference,64,RegionB,RegionD,60,80,70,70.65,0.65,23,2.3,6,14.95,1
7752,RealTimeInference,61,RegionD,RegionD,5,20,61,61.2333333333333,0.233333333333333,6,0.48,0,0,0
7941,BatchInference,65,RegionD,RegionD,5,80,65,65.3,0.3,12,1.2,0,0,0
7966,RealTimeInference,50,RegionB,RegionB,5,20,50,50.8833333333333,0.883333333333333,7,0.56,0,0,0
8121,AITraining,63,RegionD,RegionD,5,150,63,68.9333333333333,5.93333333333333,82,13.12,0,0,0
8135,BatchInference,41,RegionB,RegionD,60,80,57,59.3166666666667,2.31666666666667,18,1.8,16,41.7,1
8192,AITraining,71,RegionF,RegionD,25,150,71,72.05,1.05,112,17.92,0,117.6,1
8350,AITraining,55,RegionB,RegionA,12,150,62,67.5333333333333,5.53333333333333,115,18.4,7,636.333333333333,1
8444,BatchInference,53,RegionC,RegionA,15,80,60,62.0166666666667,2.01666666666667,9,0.9,7,18.15,1
8494,AITraining,44,RegionA,RegionD,65,150,62,68.3333333333333,6.33333333333333,111,17.76,18,703,1
8634,RealTimeInference,54,RegionB,RegionB,5,20,54,59.9,5.9,5,0.4,0,0,0
9047,RealTimeInference,67,RegionA,RegionA,5,20,67,73.3833333333333,6.38333333333333,1,0.08,0,0,0
9264,BatchInference,66,RegionC,RegionD,58,80,66,70.5666666666667,4.56666666666667,20,2,0,91.3333333333333,1
9389,AITraining,68,RegionD,RegionA,65,150,68,72.8333333333333,4.83333333333333,84,13.44,0,406,1
9427,AITraining,56,RegionD,RegionA,65,150,63,67.7833333333333,4.78333333333333,80,12.8,7,382.666666666667,1
9453,BatchInference,56,RegionB,RegionD,60,80,63,67.5166666666667,4.51666666666667,9,0.9,7,40.65,1
9505,AITraining,67,RegionD,RegionA,65,150,67,72.6,5.6,85,13.6,0,476,1
9518,BatchInference,47,RegionA,RegionD,65,80,57,59.4,2.4,4,0.4,10,9.6,1
9902,RealTimeInference,61,RegionC,RegionA,15,20,61,62.6,1.6,7,0.56,0,11.2,1
9941,BatchInference,68,RegionD,RegionD,5,80,68,68.2166666666667,0.216666666666667,9,0.9,0,0,0
10001,RealTimeInference,57,RegionC,RegionC,5,20,57,58.9333333333333,1.93333333333333,5,0.4,0,0,0
10137,BatchInference,64,RegionC,RegionC,5,80,64,64.4,0.4,18,1.8,0,0,0
10242,AITraining,33,RegionE,RegionD,22,150,62,62.3666666666667,0.366666666666667,71,11.36,29,26.0333333333333,1
10385,AITraining,54,RegionD,RegionA,65,150,54,54.1833333333333,0.183333333333333,26,4.16,0,4.76666666666667,1
10466,AITraining,53,RegionE,RegionC,70,150,53,57.4833333333333,4.48333333333333,57,9.12,0,255.55,1
10486,RealTimeInference,71,RegionC,RegionC,5,20,71,71.6333333333333,0.633333333333333,4,0.32,0,0,0
10588,BatchInference,47,RegionB,RegionD,60,80,57,57.8666666666667,0.866666666666667,16,1.6,10,13.8666666666667,1
10787,AITraining,61,RegionE,RegionB,74,150,61,63.8666666666667,2.86666666666667,117,18.72,0,335.4,1
10796,BatchInference,55,RegionF,RegionB,79,80,55,58,3,5,0.5,0,15,1
10842,BatchInference,51,RegionF,RegionC,76,80,51,56.5166666666667,5.51666666666667,23,2.3,0,126.883333333333,1
10855,BatchInference,48,RegionF,RegionB,79,80,60,61.7833333333333,1.78333333333333,5,0.5,12,8.91666666666667,1
10873,RealTimeInference,63,RegionC,RegionA,15,20,63,66.7,3.7,7,0.56,0,25.9,1
10914,RealTimeInference,61,RegionE,RegionF,18,20,61,61.2333333333333,0.233333333333333,6,0.48,0,1.4,1
10944,RealTimeInference,69,RegionB,RegionA,12,20,69,75.1,6.1,3,0.24,0,18.3,1
11075,AITraining,60,RegionE,RegionC,70,150,60,64.6833333333333,4.68333333333333,97,15.52,0,454.283333333333,1
11181,BatchInference,49,RegionD,RegionA,65,80,60,61.5166666666667,1.51666666666667,16,1.6,11,24.2666666666667,1
11248,RealTimeInference,57,RegionC,RegionB,14,20,57,62.2666666666667,5.26666666666667,4,0.32,0,21.0666666666667,1
11330,AITraining,53,RegionD,RegionD,5,150,62,66.2166666666667,4.21666666666667,117,18.72,9,0,0
11371,BatchInference,57,RegionD,RegionA,65,80,60,61.4,1.4,23,2.3,3,32.2,1
11571,RealTimeInference,57,RegionA,RegionA,5,20,57,57.55,0.55,7,0.56,0,0,0
11757,BatchInference,70,RegionC,RegionD,58,80,70,70.2,0.2,6,0.6,0,1.2,1
11886,AITraining,67,RegionC,RegionA,15,150,67,71.4,4.4,43,6.88,0,189.2,1
11962,BatchInference,48,RegionD,RegionB,60,80,48,54.4166666666667,6.41666666666667,23,2.3,0,147.583333333333,1
11981,RealTimeInference,71,RegionB,RegionC,14,20,71,71.7666666666667,0.766666666666667,4,0.32,0,3.06666666666667,1
12024,BatchInference,34,RegionA,RegionD,65,80,56,61.1666666666667,5.16666666666667,11,1.1,22,56.8333333333333,1
12051,RealTimeInference,70,RegionA,RegionB,12,20,70,76.4166666666667,6.41666666666667,5,0.4,0,32.0833333333333,1
12139,RealTimeInference,68,RegionC,RegionB,14,20,68,74.1666666666667,6.16666666666667,4,0.32,0,24.6666666666667,1
12190,BatchInference,40,RegionC,RegionD,58,80,57,59.2666666666667,2.26666666666667,6,0.6,17,13.6,1
12438,AITraining,48,RegionD,RegionC,58,150,62,66.9333333333333,4.93333333333333,65,10.4,14,320.666666666667,1
12561,AITraining,51,RegionA,RegionA,5,150,51,55.2333333333333,4.23333333333333,86,13.76,0,0,0
12610,BatchInference,49,RegionC,RegionD,58,80,57,59.35,2.35,14,1.4,8,32.9,1
12759,BatchInference,36,RegionB,RegionB,5,80,55,61.4333333333333,6.43333333333333,14,1.4,19,0,0
12783,AITraining,49,RegionF,RegionC,76,150,49,50.1333333333333,1.13333333333333,113,18.08,0,128.066666666667,1
12798,BatchInference,65,RegionA,RegionD,65,80,65,69.55,4.55,9,0.9,0,40.95,1
12887,BatchInference,61,RegionD,RegionD,5,80,67,70.1666666666667,3.16666666666667,6,0.6,6,0,0
12906,RealTimeInference,70,RegionB,RegionB,5,20,70,70.2,0.2,1,0.08,0,0,0
12966,BatchInference,38,RegionE,RegionD,22,80,57,59.1,2.1,23,2.3,19,48.3,1
12999,RealTimeInference,60,RegionC,RegionB,14,20,60,63.7666666666667,3.76666666666667,7,0.56,0,26.3666666666667,1
13022,BatchInference,39,RegionB,RegionD,60,80,57,59.2666666666667,2.26666666666667,12,1.2,18,27.2,1
13173,AITraining,32,RegionD,RegionC,58,150,55,61.4666666666667,6.46666666666667,36,5.76,23,232.8,1
13293,RealTimeInference,60,RegionB,RegionB,5,20,60,64.5,4.5,4,0.32,0,0,0
13393,RealTimeInference,52,RegionC,RegionC,5,20,52,52.3166666666667,0.316666666666667,5,0.4,0,0,0
13437,RealTimeInference,60,RegionB,RegionB,5,20,60,63.2333333333333,3.23333333333333,4,0.32,0,0,0
13496,RealTimeInference,49,RegionB,RegionA,12,20,49,52.25,3.25,7,0.56,0,22.75,1
13504,AITraining,65,RegionF,RegionC,76,150,65,68.6833333333333,3.68333333333333,50,8,0,184.166666666667,1
13556,RealTimeInference,66,RegionC,RegionB,14,20,66,71.2833333333333,5.28333333333333,1,0.08,0,5.28333333333333,1
13585,AITraining,60,RegionD,RegionA,65,150,60,62.2,2.2,93,14.88,0,204.6,1
13675,RealTimeInference,68,RegionC,RegionB,14,20,68,70.4166666666667,2.41666666666667,3,0.24,0,7.25,1
13716,BatchInference,66,RegionA,RegionD,65,80,66,67.9666666666667,1.96666666666667,10,1,0,19.6666666666667,1
13793,BatchInference,46,RegionE,RegionA,78,80,60,61.8833333333333,1.88333333333333,18,1.8,14,33.9,1
13964,BatchInference,67,RegionF,RegionD,25,80,67,71.0166666666667,4.01666666666667,15,1.5,0,60.25,1
14027,BatchInference,49,RegionC,RegionD,58,80,56,60.45,4.45,8,0.8,7,35.6,1
14168,RealTimeInference,56,RegionA,RegionC,15,20,56,57.6333333333333,1.63333333333333,3,0.24,0,4.9,1
14189,BatchInference,58,RegionB,RegionD,60,80,60,66.2,6.2,6,0.6,2,37.2,1
14599,AITraining,66,RegionE,RegionB,74,150,66,71.4166666666667,5.41666666666667,60,9.6,0,325,1
14656,BatchInference,57,RegionC,RegionD,58,80,64,67.5166666666667,3.51666666666667,17,1.7,7,59.7833333333333,1
14886,BatchInference,42,RegionC,RegionD,58,80,57,57.2,0.2,7,0.7,15,1.4,1
15041,AITraining,70,RegionC,RegionC,5,150,70,71.4666666666667,1.46666666666667,80,12.8,0,0,0
15086,BatchInference,60,RegionF,RegionD,25,80,67,71.3833333333333,4.38333333333333,20,2,7,87.6666666666667,1
15133,BatchInference,61,RegionA,RegionD,65,80,67,71.1333333333333,4.13333333333333,4,0.4,6,16.5333333333333,1
15326,AITraining,25,RegionE,RegionD,22,150,62,62.8833333333333,0.883333333333333,38,6.08,37,33.5666666666667,1
15370,BatchInference,35,RegionB,RegionD,60,80,48,49,1,8,0.8,13,8,1
15410,RealTimeInference,49,RegionB,RegionA,12,20,49,55.6333333333333,6.63333333333333,7,0.56,0,46.4333333333333,1
15519,BatchInference,65,RegionF,RegionD,25,80,65,67.4666666666667,2.46666666666667,16,1.6,0,39.4666666666667,1
15717,BatchInference,54,RegionA,RegionC,15,80,54,57.3333333333333,3.33333333333333,22,2.2,0,73.3333333333333,1
15919,BatchInference,64,RegionF,RegionD,25,80,64,70.5166666666667,6.51666666666667,11,1.1,0,71.6833333333333,1
16003,AITraining,51,RegionF,RegionB,79,150,62,62.6833333333333,0.683333333333333,97,15.52,11,66.2833333333333,1
16151,AITraining,53,RegionD,RegionA,65,150,53,54.5166666666667,1.51666666666667,42,6.72,0,63.7,1
16284,RealTimeInference,66,RegionB,RegionB,5,20,66,70.4833333333333,4.48333333333333,4,0.32,0,0,0
16488,RealTimeInference,55,RegionC,RegionB,14,20,55,58.45,3.45,4,0.32,0,13.8,1
16517,AITraining,64,RegionC,RegionA,15,150,70,72.65,2.65,57,9.12,6,151.05,1
16686,BatchInference,65,RegionF,RegionD,25,80,65,68.4333333333333,3.43333333333333,8,0.8,0,27.4666666666667,1
16725,AITraining,63,RegionF,RegionB,79,150,69,72.7666666666667,3.76666666666667,25,4,6,94.1666666666667,1
17131,AITraining,63,RegionE,RegionC,70,150,63,67.9,4.9,82,13.12,0,401.8,1
17494,AITraining,52,RegionB,RegionD,60,150,62,67.7,5.7,24,3.84,10,136.8,1
17606,RealTimeInference,71,RegionA,RegionC,15,20,71,72.65,1.65,4,0.32,0,6.6,1
17776,AITraining,49,RegionB,RegionC,14,150,49,54.4333333333333,5.43333333333333,22,3.52,0,119.533333333333,1
17795,RealTimeInference,60,RegionF,RegionF,5,20,60,61.1333333333333,1.13333333333333,4,0.32,0,0,0
17902,BatchInference,49,RegionB,RegionA,12,80,49,55.0833333333333,6.08333333333333,18,1.8,0,109.5,1
18127,RealTimeInference,59,RegionB,RegionB,5,20,59,62.7,3.7,3,0.24,0,0,0
18172,BatchInference,43,RegionC,RegionD,58,80,56,60.5166666666667,4.51666666666667,19,1.9,13,85.8166666666667,1
18412,BatchInference,58,RegionA,RegionA,5,80,60,61.6833333333333,1.68333333333333,10,1,2,0,0
18518,BatchInference,57,RegionA,RegionA,5,80,57,57.6,0.6,15,1.5,0,0,0
18756,AITraining,58,RegionD,RegionC,58,150,65,66.8166666666667,1.81666666666667,18,2.88,7,32.7,1
18852,BatchInference,41,RegionA,RegionD,65,80,57,59.9666666666667,2.96666666666667,6,0.6,16,17.8,1
18947,BatchInference,39,RegionD,RegionA,65,80,60,61.7333333333333,1.73333333333333,17,1.7,21,29.4666666666667,1
19060,AITraining,36,RegionF,RegionB,79,150,64,64.6166666666667,0.616666666666667,98,15.68,28,60.4333333333333,1
19076,BatchInference,21,RegionB,RegionD,60,80,57,57.8833333333333,0.883333333333333,7,0.7,36,6.18333333333333,1
19204,RealTimeInference,49,RegionC,RegionA,15,20,49,50.6666666666667,1.66666666666667,2,0.16,0,3.33333333333333,1
19223,BatchInference,52,RegionD,RegionB,60,80,52,54.1166666666667,2.11666666666667,5,0.5,0,10.5833333333333,1
19403,AITraining,51,RegionC,RegionB,14,150,62,67.9166666666667,5.91666666666667,75,12,11,443.75,1
19411,AITraining,67,RegionD,RegionC,58,150,67,73.25,6.25,111,17.76,0,693.75,1
19524,RealTimeInference,59,RegionB,RegionB,5,20,59,60.6333333333333,1.63333333333333,7,0.56,0,0,0
19612,AITraining,47,RegionF,RegionB,79,150,62,64.0666666666667,2.06666666666667,27,4.32,15,55.8,1
19719,BatchInference,47,RegionB,RegionD,60,80,57,60.3833333333333,3.38333333333333,20,2,10,67.6666666666667,1
19733,RealTimeInference,65,RegionB,RegionB,5,20,65,71.5666666666667,6.56666666666667,5,0.4,0,0,0
19751,AITraining,58,RegionD,RegionB,60,150,58,61.0333333333333,3.03333333333333,17,2.72,0,51.5666666666667,1
19822,RealTimeInference,63,RegionF,RegionF,5,20,63,64.4,1.4,6,0.48,0,0,0
20015,RealTimeInference,53,RegionB,RegionB,5,20,53,53.3666666666667,0.366666666666667,6,0.48,0,0,0
20029,AITraining,52,RegionE,RegionA,78,150,56,61.6166666666667,5.61666666666667,115,18.4,4,645.916666666667,1
20197,BatchInference,36,RegionA,RegionD,65,80,60,62.9666666666667,2.96666666666667,15,1.5,24,44.5,1
20217,AITraining,29,RegionD,RegionD,5,150,58,58.5166666666667,0.516666666666667,67,10.72,29,0,0
20240,BatchInference,20,RegionD,RegionD,5,80,57,57.9666666666667,0.966666666666667,6,0.6,37,0,0
20714,RealTimeInference,50,RegionF,RegionE,18,20,50,52.1833333333333,2.18333333333333,1,0.08,0,2.18333333333333,1
20830,BatchInference,33,RegionD,RegionD,5,80,56,61.5833333333333,5.58333333333333,16,1.6,23,0,0
20938,BatchInference,50,RegionA,RegionB,12,80,50,55.35,5.35,10,1,0,53.5,1
21003,AITraining,50,RegionA,RegionA,5,150,50,55.5,5.5,88,14.08,0,0,0
21170,BatchInference,44,RegionC,RegionD,58,80,60,63.5833333333333,3.58333333333333,5,0.5,16,17.9166666666667,1
21272,AITraining,37,RegionA,RegionA,5,150,48,50.2833333333333,2.28333333333333,56,8.96,11,0,0
21280,AITraining,63,RegionD,RegionB,60,150,69,73,4,122,19.52,6,488,1
21297,BatchInference,56,RegionE,RegionD,22,80,57,60.5,3.5,21,2.1,1,73.5,1
21415,BatchInference,35,RegionE,RegionC,70,80,57,57.3666666666667,0.366666666666667,23,2.3,22,8.43333333333333,1
21491,RealTimeInference,65,RegionB,RegionB,5,20,65,66.1333333333333,1.13333333333333,5,0.4,0,0,0
21515,RealTimeInference,48,RegionA,RegionB,12,20,48,52.5333333333333,4.53333333333333,1,0.08,0,4.53333333333333,1
21571,RealTimeInference,56,RegionB,RegionB,5,20,56,61.3333333333333,5.33333333333333,6,0.48,0,0,0
21574,BatchInference,12,RegionA,RegionD,65,80,57,57.4,0.4,16,1.6,45,6.4,1
21643,AITraining,59,RegionE,RegionC,70,150,59,60.3333333333333,1.33333333333333,33,5.28,0,44,1
21746,BatchInference,28,RegionB,RegionD,60,80,57,59.2833333333333,2.28333333333333,19,1.9,29,43.3833333333333,1
21904,RealTimeInference,49,RegionB,RegionA,12,20,49,55.2666666666667,6.26666666666667,7,0.56,0,43.8666666666667,1
21986,RealTimeInference,58,RegionC,RegionB,14,20,58,62.6833333333333,4.68333333333333,1,0.08,0,4.68333333333333,1
22172,AITraining,56,RegionD,RegionD,5,150,62,63.3833333333333,1.38333333333333,95,15.2,6,0,0
22192,BatchInference,44,RegionB,RegionD,60,80,57,57.2,0.2,15,1.5,13,3,1
22205,BatchInference,51,RegionB,RegionB,5,80,51,55.6,4.6,8,0.8,0,0,0
22244,BatchInference,48,RegionB,RegionD,60,80,56,61.6666666666667,5.66666666666667,18,1.8,8,102,1
22350,AITraining,65,RegionD,RegionE,22,150,71,71.4333333333333,0.433333333333333,115,18.4,6,49.8333333333333,1
22489,BatchInference,56,RegionD,RegionD,5,80,56,56.3166666666667,0.316666666666667,12,1.2,0,0,0
22528,BatchInference,61,RegionC,RegionD,58,80,61,67.4833333333333,6.48333333333333,13,1.3,0,84.2833333333333,1
22629,AITraining,65,RegionF,RegionF,5,150,71,73.1,2.1,29,4.64,6,0,0
22671,BatchInference,58,RegionB,RegionB,5,80,58,61.3666666666667,3.36666666666667,12,1.2,0,0,0
22772,BatchInference,57,RegionD,RegionD,5,80,57,63.4166666666667,6.41666666666667,11,1.1,0,0,0
22824,RealTimeInference,49,RegionB,RegionA,12,20,49,51.9666666666667,2.96666666666667,1,0.08,0,2.96666666666667,1
22946,BatchInference,62,RegionB,RegionD,60,80,68,70.5333333333333,2.53333333333333,23,2.3,6,58.2666666666667,1
23008,BatchInference,57,RegionD,RegionA,65,80,60,62.0833333333333,2.08333333333333,9,0.9,3,18.75,1
23012,AITraining,53,RegionD,RegionD,5,150,62,66.55,4.55,104,16.64,9,0,0
23035,RealTimeInference,54,RegionC,RegionB,14,20,54,60.05,6.05,6,0.48,0,36.3,1
23045,AITraining,58,RegionD,RegionC,58,150,58,62.6666666666667,4.66666666666667,60,9.6,0,280,1
23103,RealTimeInference,52,RegionA,RegionC,15,20,52,55.65,3.65,6,0.48,0,21.9,1
23312,AITraining,62,RegionA,RegionD,65,150,68,69.2166666666667,1.21666666666667,100,16,6,121.666666666667,1
23642,AITraining,49,RegionD,RegionF,25,150,49,50.5166666666667,1.51666666666667,124,19.84,0,188.066666666667,1
23720,RealTimeInference,58,RegionA,RegionB,12,20,58,59.3,1.3,5,0.4,0,6.5,1
23723,AITraining,48,RegionE,RegionD,22,150,57,60.2666666666667,3.26666666666667,95,15.2,9,310.333333333333,1
23796,AITraining,54,RegionF,RegionD,25,150,57,59.5333333333333,2.53333333333333,40,6.4,3,101.333333333333,1
23894,RealTimeInference,64,RegionC,RegionA,15,20,64,65.9833333333333,1.98333333333333,3,0.24,0,5.95,1
23960,AITraining,57,RegionF,RegionA,82,150,57,57.2,0.2,63,10.08,0,12.6,1
24024,BatchInference,43,RegionD,RegionB,60,80,60,61.4666666666667,1.46666666666667,18,1.8,17,26.4,1
24048,RealTimeInference,67,RegionA,RegionA,5,20,67,70.3666666666667,3.36666666666667,6,0.48,0,0,0
24143,AITraining,49,RegionE,RegionD,22,150,58,58.8,0.8,31,4.96,9,24.8,1
24234,AITraining,50,RegionE,RegionD,22,150,57,60.4,3.4,40,6.4,7,136,1
24370,BatchInference,48,RegionB,RegionD,60,80,55,61.25,6.25,6,0.6,7,37.5,1
24444,BatchInference,41,RegionD,RegionA,65,80,60,61.45,1.45,19,1.9,19,27.55,1
24548,RealTimeInference,54,RegionB,RegionB,5,20,54,56.9333333333333,2.93333333333333,3,0.24,0,0,0
24591,BatchInference,60,RegionA,RegionA,5,80,60,61.5833333333333,1.58333333333333,7,0.7,0,0,0
24600,AITraining,64,RegionD,RegionB,60,150,70,70.8666666666667,0.866666666666667,78,12.48,6,67.6,1
24603,AITraining,46,RegionF,RegionB,79,150,48,53.1833333333333,5.18333333333333,52,8.32,2,269.533333333333,1
24755,AITraining,47,RegionA,RegionD,65,150,62,65.7666666666667,3.76666666666667,69,11.04,15,259.9,1
24835,BatchInference,50,RegionB,RegionB,5,80,50,55.7333333333333,5.73333333333333,10,1,0,0,0
24885,AITraining,48,RegionF,RegionC,76,150,62,67.1666666666667,5.16666666666667,36,5.76,14,186,1
24894,RealTimeInference,56,RegionA,RegionC,15,20,56,57.9666666666667,1.96666666666667,2,0.16,0,3.93333333333333,1
25058,BatchInference,62,RegionB,RegionD,60,80,62,68.2,6.2,19,1.9,0,117.8,1
25108,RealTimeInference,59,RegionC,RegionB,14,20,59,64.8833333333333,5.88333333333333,7,0.56,0,41.1833333333333,1
25151,BatchInference,39,RegionB,RegionB,5,80,48,53.65,5.65,10,1,9,0,0
25278,BatchInference,63,RegionE,RegionD,22,80,63,63.5666666666667,0.566666666666667,14,1.4,0,7.93333333333333,1
25582,AITraining,43,RegionB,RegionD,60,150,62,67.4666666666667,5.46666666666667,59,9.44,19,322.533333333333,1
25643,AITraining,59,RegionD,RegionB,60,150,59,61.75,2.75,44,7.04,0,121,1
25855,RealTimeInference,56,RegionC,RegionA,15,20,56,56.4333333333333,0.433333333333333,5,0.4,0,2.16666666666667,1
25934,BatchInference,55,RegionE,RegionA,78,80,60,61.75,1.75,22,2.2,5,38.5,1
26043,BatchInference,60,RegionB,RegionD,60,80,67,67.55,0.55,14,1.4,7,7.7,1
26296,RealTimeInference,51,RegionE,RegionF,18,20,51,57.4333333333333,6.43333333333333,5,0.4,0,32.1666666666667,1
26414,BatchInference,47,RegionF,RegionD,25,80,55,61,6,7,0.7,8,42,1
26469,BatchInference,57,RegionB,RegionA,12,80,60,60.2333333333333,0.233333333333333,10,1,3,2.33333333333333,1
26578,AITraining,51,RegionF,RegionB,79,150,51,54.3166666666667,3.31666666666667,56,8.96,0,185.733333333333,1
26721,AITraining,47,RegionE,RegionB,74,150,48,48.1833333333333,0.183333333333333,86,13.76,1,15.7666666666667,1
26749,BatchInference,64,RegionA,RegionD,65,80,70,70.9,0.9,18,1.8,6,16.2,1
26855,BatchInference,63,RegionA,RegionD,65,80,63,68.1,5.1,8,0.8,0,40.8,1
26891,BatchInference,52,RegionD,RegionB,60,80,52,55.7333333333333,3.73333333333333,4,0.4,0,14.9333333333333,1
27043,BatchInference,54,RegionE,RegionA,78,80,54,57.1,3.1,7,0.7,0,21.7,1
27164,RealTimeInference,62,RegionA,RegionA,5,20,62,67.4166666666667,5.41666666666667,3,0.24,0,0,0
27482,AITraining,67,RegionF,RegionA,82,150,67,71.4333333333333,4.43333333333333,85,13.6,0,376.833333333333,1
27518,AITraining,61,RegionD,RegionB,60,150,61,65.65,4.65,103,16.48,0,478.95,1
27558,BatchInference,53,RegionB,RegionD,60,80,56,60.7666666666667,4.76666666666667,7,0.7,3,33.3666666666667,1
27672,AITraining,53,RegionE,RegionD,22,150,62,68.2333333333333,6.23333333333333,51,8.16,9,317.9,1
27876,BatchInference,57,RegionE,RegionA,78,80,60,61.85,1.85,9,0.9,3,16.65,1
27905,AITraining,55,RegionD,RegionD,5,150,58,58.5166666666667,0.516666666666667,62,9.92,3,0,0
28042,AITraining,58,RegionC,RegionB,14,150,65,65.2833333333333,0.283333333333333,125,20,7,35.4166666666667,1
28225,AITraining,69,RegionA,RegionB,12,150,69,70.6833333333333,1.68333333333333,92,14.72,0,154.866666666667,1
28261,BatchInference,63,RegionC,RegionD,58,80,69,71.5166666666667,2.51666666666667,18,1.8,6,45.3,1
28539,BatchInference,42,RegionF,RegionD,25,80,57,57.2833333333333,0.283333333333333,23,2.3,15,6.51666666666667,1
28561,AITraining,61,RegionD,RegionA,65,150,61,66.9833333333333,5.98333333333333,68,10.88,0,406.866666666667,1
28662,BatchInference,52,RegionD,RegionA,65,80,60,61.1,1.1,22,2.2,8,24.2,1
28718,BatchInference,39,RegionA,RegionA,5,80,60,61.9666666666667,1.96666666666667,4,0.4,21,0,0
28778,RealTimeInference,53,RegionA,RegionC,15,20,53,53.6333333333333,0.633333333333333,1,0.08,0,0.633333333333333,1
29147,AITraining,55,RegionE,RegionD,22,150,62,67.7166666666667,5.71666666666667,100,16,7,571.666666666667,1
29200,RealTimeInference,57,RegionC,RegionA,15,20,57,58.9666666666667,1.96666666666667,3,0.24,0,5.9,1
29225,BatchInference,58,RegionC,RegionA,15,80,60,60.3166666666667,0.316666666666667,5,0.5,2,1.58333333333333,1
29292,AITraining,55,RegionE,RegionD,22,150,62,67.45,5.45,102,16.32,7,555.9,1
29346,RealTimeInference,62,RegionD,RegionD,5,20,62,66.2,4.2,5,0.4,0,0,0
29629,BatchInference,43,RegionA,RegionD,65,80,57,60.6166666666667,3.61666666666667,20,2,14,72.3333333333333,1
29693,AITraining,64,RegionF,RegionA,82,150,70,73.0166666666667,3.01666666666667,48,7.68,6,144.8,1
29822,BatchInference,60,RegionC,RegionA,15,80,60,62,2,18,1.8,0,36,1
30141,BatchInference,57,RegionA,RegionB,12,80,60,61.8666666666667,1.86666666666667,20,2,3,37.3333333333333,1
30237,AITraining,51,RegionF,RegionA,82,150,51,54.65,3.65,71,11.36,0,259.15,1
30294,RealTimeInference,68,RegionB,RegionA,12,20,68,71.3,3.3,4,0.32,0,13.2,1
30425,BatchInference,35,RegionC,RegionD,58,80,57,57.7666666666667,0.766666666666667,23,2.3,22,17.6333333333333,1
30550,RealTimeInference,51,RegionB,RegionB,5,20,51,56.8166666666667,5.81666666666667,4,0.32,0,0,0
30760,AITraining,58,RegionD,RegionA,65,150,58,63.4,5.4,44,7.04,0,237.6,1
30859,RealTimeInference,68,RegionB,RegionB,5,20,68,68.6166666666667,0.616666666666667,2,0.16,0,0,0
30942,BatchInference,32,RegionB,RegionD,60,80,57,57.9833333333333,0.983333333333333,14,1.4,25,13.7666666666667,1
30968,RealTimeInference,61,RegionA,RegionB,12,20,61,63.05,2.05,5,0.4,0,10.25,1
31119,AITraining,40,RegionD,RegionC,58,150,62,67.3166666666667,5.31666666666667,28,4.48,22,148.866666666667,1
31455,AITraining,46,RegionD,RegionD,5,150,62,62.6333333333333,0.633333333333333,24,3.84,16,0,0
31616,AITraining,33,RegionF,RegionA,82,150,48,52.8166666666667,4.81666666666667,34,5.44,15,163.766666666667,1
31623,AITraining,67,RegionA,RegionC,15,150,67,72.3833333333333,5.38333333333333,102,16.32,0,549.1,1
31647,BatchInference,45,RegionD,RegionA,65,80,60,61.3666666666667,1.36666666666667,9,0.9,15,12.3,1
31659,BatchInference,40,RegionC,RegionD,58,80,60,65.55,5.55,5,0.5,20,27.75,1
31690,BatchInference,54,RegionB,RegionB,5,80,55,61.4333333333333,6.43333333333333,15,1.5,1,0,0
31896,BatchInference,61,RegionD,RegionD,5,80,61,66.2333333333333,5.23333333333333,17,1.7,0,0,0
31974,BatchInference,71,RegionD,RegionF,25,80,71,74.2,3.2,4,0.4,0,12.8,1
32100,RealTimeInference,70,RegionC,RegionB,14,20,70,74.4666666666667,4.46666666666667,5,0.4,0,22.3333333333333,1
32163,RealTimeInference,59,RegionB,RegionB,5,20,59,60.3333333333333,1.33333333333333,3,0.24,0,0,0
32288,AITraining,62,RegionD,RegionB,60,150,68,72.6833333333333,4.68333333333333,121,19.36,6,566.683333333333,1
32570,AITraining,60,RegionD,RegionC,58,150,60,61.7333333333333,1.73333333333333,65,10.4,0,112.666666666667,1
32615,AITraining,64,RegionD,RegionB,60,150,64,69.65,5.65,123,19.68,0,694.95,1
32722,AITraining,56,RegionE,RegionD,22,150,56,56.85,0.85,50,8,0,42.5,1
32728,AITraining,65,RegionE,RegionC,70,150,65,69.9833333333333,4.98333333333333,65,10.4,0,323.916666666667,1
32956,BatchInference,57,RegionB,RegionD,60,80,60,61.2166666666667,1.21666666666667,10,1,3,12.1666666666667,1
33213,BatchInference,34,RegionC,RegionA,15,80,60,61.7166666666667,1.71666666666667,18,1.8,26,30.9,1
33311,RealTimeInference,71,RegionB,RegionC,14,20,71,76.7833333333333,5.78333333333333,2,0.16,0,11.5666666666667,1
33411,AITraining,61,RegionE,RegionA,78,150,61,62.7833333333333,1.78333333333333,65,10.4,0,115.916666666667,1
33469,AITraining,61,RegionD,RegionC,58,150,61,66.6833333333333,5.68333333333333,49,7.84,0,278.483333333333,1
33504,BatchInference,44,RegionE,RegionD,22,80,56,61.3166666666667,5.31666666666667,4,0.4,12,21.2666666666667,1
33597,RealTimeInference,70,RegionF,RegionF,5,20,70,72.2,2.2,3,0.24,0,0,0
33745,RealTimeInference,63,RegionB,RegionB,5,20,63,65.5833333333333,2.58333333333333,1,0.08,0,0,0
33768,BatchInference,55,RegionA,RegionD,65,80,55,58.8666666666667,3.86666666666667,7,0.7,0,27.0666666666667,1
33981,RealTimeInference,57,RegionB,RegionA,12,20,57,59.6666666666667,2.66666666666667,1,0.08,0,2.66666666666667,1
34212,BatchInference,44,RegionD,RegionD,5,80,57,59.8166666666667,2.81666666666667,16,1.6,13,0,0
34309,BatchInference,56,RegionC,RegionA,15,80,60,60.7166666666667,0.716666666666667,16,1.6,4,11.4666666666667,1
34373,AITraining,56,RegionD,RegionB,60,150,56,62.4666666666667,6.46666666666667,55,8.8,0,355.666666666667,1
34495,AITraining,66,RegionF,RegionA,82,150,66,69.0833333333333,3.08333333333333,35,5.6,0,107.916666666667,1
34498,AITraining,35,RegionD,RegionD,5,150,48,48.6833333333333,0.683333333333333,88,14.08,13,0,0
34727,RealTimeInference,52,RegionA,RegionB,12,20,52,52.7166666666667,0.716666666666667,1,0.08,0,0.716666666666667,1
34854,AITraining,48,RegionE,RegionF,18,150,48,51.0166666666667,3.01666666666667,124,19.84,0,374.066666666667,1
34855,RealTimeInference,54,RegionC,RegionA,15,20,54,57.4333333333333,3.43333333333333,5,0.4,0,17.1666666666667,1
35010,AITraining,53,RegionD,RegionD,5,150,62,67.9666666666667,5.96666666666667,102,16.32,9,0,0
35076,AITraining,68,RegionD,RegionC,58,150,68,69.9333333333333,1.93333333333333,36,5.76,0,69.6,1
35132,BatchInference,37,RegionF,RegionB,79,80,48,52.0166666666667,4.01666666666667,19,1.9,11,76.3166666666667,1
35290,BatchInference,43,RegionA,RegionA,5,80,60,61.85,1.85,20,2,17,0,0
35709,BatchInference,59,RegionF,RegionB,79,80,59,61.55,2.55,7,0.7,0,17.85,1
35841,BatchInference,58,RegionA,RegionB,12,80,58,61.5,3.5,19,1.9,0,66.5,1
36008,BatchInference,46,RegionC,RegionA,15,80,60,61.2833333333333,1.28333333333333,5,0.5,14,6.41666666666667,1
36325,RealTimeInference,56,RegionC,RegionA,15,20,56,58.5833333333333,2.58333333333333,3,0.24,0,7.75,1
36472,BatchInference,65,RegionB,RegionD,60,80,65,66.6,1.6,4,0.4,0,6.4,1
36586,BatchInference,63,RegionD,RegionD,5,80,63,68.9,5.9,8,0.8,0,0,0
36596,RealTimeInference,60,RegionA,RegionB,12,20,60,60.7666666666667,0.766666666666667,5,0.4,0,3.83333333333333,1
36617,RealTimeInference,64,RegionB,RegionA,12,20,64,69.6166666666667,5.61666666666667,1,0.08,0,5.61666666666667,1
36741,AITraining,43,RegionD,RegionD,5,150,58,58.9666666666667,0.966666666666667,126,20.16,15,0,0
36767,RealTimeInference,67,RegionA,RegionB,12,20,67,69.3833333333333,2.38333333333333,5,0.4,0,11.9166666666667,1
36795,BatchInference,51,RegionC,RegionC,5,80,51,55.0833333333333,4.08333333333333,20,2,0,0,0
36854,RealTimeInference,69,RegionB,RegionB,5,20,69,74.9166666666667,5.91666666666667,6,0.48,0,0,0
37022,BatchInference,63,RegionA,RegionD,65,80,63,66.9833333333333,3.98333333333333,15,1.5,0,59.75,1
37149,RealTimeInference,54,RegionB,RegionB,5,20,54,60.3,6.3,7,0.56,0,0,0
37253,RealTimeInference,56,RegionA,RegionA,5,20,56,58.4666666666667,2.46666666666667,6,0.48,0,0,0
37321,AITraining,69,RegionE,RegionC,70,150,69,74.1,5.1,71,11.36,0,362.1,1
37654,RealTimeInference,65,RegionB,RegionB,5,20,65,67.4333333333333,2.43333333333333,7,0.56,0,0,0
37811,AITraining,63,RegionD,RegionB,60,150,63,69.25,6.25,108,17.28,0,675,1
37816,AITraining,55,RegionD,RegionA,65,150,55,56,1,89,14.24,0,89,1
37919,AITraining,61,RegionF,RegionC,76,150,61,61.6833333333333,0.683333333333333,45,7.2,0,30.75,1
38132,RealTimeInference,66,RegionA,RegionA,5,20,66,69.0833333333333,3.08333333333333,1,0.08,0,0,0
38152,RealTimeInference,69,RegionB,RegionB,5,20,69,70.7833333333333,1.78333333333333,6,0.48,0,0,0
38224,BatchInference,59,RegionB,RegionB,5,80,59,60.4,1.4,12,1.2,0,0,0
38322,BatchInference,60,RegionB,RegionD,60,80,67,70.9166666666667,3.91666666666667,19,1.9,7,74.4166666666667,1
38446,AITraining,66,RegionD,RegionD,5,150,66,66.3166666666667,0.316666666666667,73,11.68,0,0,0
38480,BatchInference,61,RegionB,RegionD,60,80,61,66.4,5.4,18,1.8,0,97.2,1
38678,BatchInference,31,RegionD,RegionB,60,80,48,53.0666666666667,5.06666666666667,22,2.2,17,111.466666666667,1
38714,AITraining,57,RegionB,RegionC,14,150,64,67,3,85,13.6,7,255,1
39008,BatchInference,48,RegionF,RegionD,25,80,56,60.1166666666667,4.11666666666667,21,2.1,8,86.45,1
39213,BatchInference,42,RegionA,RegionD,65,80,58,59.8833333333333,1.88333333333333,9,0.9,16,16.95,1
39343,BatchInference,53,RegionF,RegionB,79,80,53,56.3,3.3,5,0.5,0,16.5,1
39555,AITraining,69,RegionD,RegionA,65,150,69,71.4666666666667,2.46666666666667,120,19.2,0,296,1
39556,BatchInference,51,RegionC,RegionB,14,80,58,58.55,0.55,16,1.6,7,8.8,1
39592,AITraining,52,RegionF,RegionB,79,150,52,56.3666666666667,4.36666666666667,17,2.72,0,74.2333333333333,1
39652,RealTimeInference,67,RegionA,RegionB,12,20,67,71.2666666666667,4.26666666666667,6,0.48,0,25.6,1
39793,AITraining,27,RegionE,RegionD,22,150,48,49.05,1.05,117,18.72,21,122.85,1
39934,RealTimeInference,51,RegionA,RegionB,12,20,51,54.5333333333333,3.53333333333333,1,0.08,0,3.53333333333333,1
40140,BatchInference,43,RegionC,RegionD,58,80,56,61.4833333333333,5.48333333333333,15,1.5,13,82.25,1
40219,RealTimeInference,71,RegionB,RegionC,14,20,71,72.6,1.6,6,0.48,0,9.6,1
40390,BatchInference,45,RegionD,RegionD,5,80,48,48.8666666666667,0.866666666666667,5,0.5,3,0,0
40401,AITraining,60,RegionD,RegionC,58,150,60,61.4833333333333,1.48333333333333,16,2.56,0,23.7333333333333,1
40528,AITraining,38,RegionE,RegionA,78,150,48,48.3833333333333,0.383333333333333,126,20.16,10,48.3,1
40561,RealTimeInference,66,RegionB,RegionA,12,20,66,67.45,1.45,2,0.16,0,2.9,1
40769,BatchInference,70,RegionB,RegionD,60,80,70,70.6166666666667,0.616666666666667,5,0.5,0,3.08333333333333,1
40814,RealTimeInference,53,RegionA,RegionC,15,20,53,57.4166666666667,4.41666666666667,5,0.4,0,22.0833333333333,1
40833,AITraining,60,RegionC,RegionC,5,150,60,64.2333333333333,4.23333333333333,92,14.72,0,0,0
40838,RealTimeInference,52,RegionC,RegionC,5,20,52,57.15,5.15,6,0.48,0,0,0
40851,AITraining,33,RegionF,RegionC,76,150,62,66.1166666666667,4.11666666666667,30,4.8,29,123.5,1
40930,RealTimeInference,68,RegionD,RegionD,5,20,68,68.4333333333333,0.433333333333333,4,0.32,0,0,0
41076,BatchInference,66,RegionA,RegionD,65,80,66,67.25,1.25,10,1,0,12.5,1
41077,BatchInference,57,RegionB,RegionD,60,80,64,66.6666666666667,2.66666666666667,4,0.4,7,10.6666666666667,1
41105,BatchInference,54,RegionD,RegionD,5,80,54,58.1166666666667,4.11666666666667,5,0.5,0,0,0
41368,AITraining,50,RegionE,RegionC,70,150,50,55.1833333333333,5.18333333333333,117,18.72,0,606.45,1
41503,AITraining,57,RegionD,RegionB,60,150,62,68.5,6.5,71,11.36,5,461.5,1
41557,RealTimeInference,70,RegionB,RegionB,5,20,70,70.55,0.55,4,0.32,0,0,0
41929,BatchInference,29,RegionA,RegionD,65,80,48,48.2333333333333,0.233333333333333,4,0.4,19,0.933333333333333,1
41987,BatchInference,48,RegionA,RegionD,65,80,57,57.8666666666667,0.866666666666667,17,1.7,9,14.7333333333333,1
42093,RealTimeInference,61,RegionA,RegionA,5,20,61,67.4333333333333,6.43333333333333,6,0.48,0,0,0
42114,RealTimeInference,51,RegionB,RegionC,14,20,51,51.75,0.75,3,0.24,0,2.25,1
42224,RealTimeInference,63,RegionA,RegionA,5,20,63,65.1,2.1,2,0.16,0,0,0
42276,AITraining,8,RegionB,RegionD,60,150,57,59.7,2.7,31,4.96,49,83.7,1
42377,RealTimeInference,53,RegionB,RegionC,14,20,53,55.9,2.9,6,0.48,0,17.4,1
42498,BatchInference,48,RegionF,RegionD,25,80,56,60.8,4.8,21,2.1,8,100.8,1
42534,AITraining,51,RegionD,RegionC,58,150,51,56.6333333333333,5.63333333333333,41,6.56,0,230.966666666667,1
42640,BatchInference,59,RegionD,RegionC,58,80,59,59.7833333333333,0.783333333333333,7,0.7,0,5.48333333333333,1
42716,RealTimeInference,53,RegionA,RegionB,12,20,53,59.5166666666667,6.51666666666667,3,0.24,0,19.55,1
42763,RealTimeInference,52,RegionA,RegionA,5,20,52,55.3333333333333,3.33333333333333,5,0.4,0,0,0
42771,AITraining,67,RegionE,RegionA,78,150,67,70.55,3.55,63,10.08,0,223.65,1
42786,BatchInference,57,RegionE,RegionD,22,80,64,66.8333333333333,2.83333333333333,23,2.3,7,65.1666666666667,1
42808,AITraining,69,RegionD,RegionD,5,150,69,71.6833333333333,2.68333333333333,63,10.08,0,0,0
42847,AITraining,33,RegionC,RegionA,15,150,48,49.45,1.45,76,12.16,15,110.2,1
42890,BatchInference,39,RegionD,RegionB,60,80,60,61.55,1.55,18,1.8,21,27.9,1
42918,BatchInference,46,RegionF,RegionB,79,80,60,61.1166666666667,1.11666666666667,22,2.2,14,24.5666666666667,1
42991,RealTimeInference,52,RegionA,RegionC,15,20,52,57.6833333333333,5.68333333333333,1,0.08,0,5.68333333333333,1
43060,BatchInference,39,RegionD,RegionB,60,80,48,51.0166666666667,3.01666666666667,20,2,9,60.3333333333333,1
43194,BatchInference,66,RegionA,RegionD,65,80,66,67.95,1.95,4,0.4,0,7.8,1
43243,AITraining,70,RegionE,RegionC,70,150,70,73.6666666666667,3.66666666666667,87,13.92,0,319,1
43279,AITraining,66,RegionA,RegionD,65,150,66,66.4833333333333,0.483333333333333,92,14.72,0,44.4666666666667,1
43403,AITraining,42,RegionF,RegionD,25,150,62,67.7333333333333,5.73333333333333,121,19.36,20,693.733333333333,1
43579,AITraining,44,RegionE,RegionC,70,150,48,49.2333333333333,1.23333333333333,52,8.32,4,64.1333333333333,1
43740,RealTimeInference,49,RegionA,RegionA,5,20,49,55.0333333333333,6.03333333333333,5,0.4,0,0,0
43819,AITraining,36,RegionD,RegionD,5,150,62,67.9833333333333,5.98333333333333,112,17.92,26,0,0
43886,RealTimeInference,56,RegionB,RegionC,14,20,56,57.4166666666667,1.41666666666667,6,0.48,0,8.5,1
44020,AITraining,48,RegionF,RegionF,5,150,48,51.8666666666667,3.86666666666667,89,14.24,0,0,0
44034,RealTimeInference,67,RegionA,RegionA,5,20,67,72.5833333333333,5.58333333333333,5,0.4,0,0,0
44092,AITraining,57,RegionF,RegionD,25,150,57,58.75,1.75,57,9.12,0,99.75,1
44180,BatchInference,48,RegionB,RegionB,5,80,48,53.7833333333333,5.78333333333333,22,2.2,0,0,0
44376,BatchInference,66,RegionB,RegionD,60,80,66,68.0166666666667,2.01666666666667,9,0.9,0,18.15,1
44737,BatchInference,34,RegionB,RegionD,60,80,56,61.1666666666667,5.16666666666667,22,2.2,22,113.666666666667,1
44745,BatchInference,59,RegionC,RegionB,14,80,59,62.65,3.65,14,1.4,0,51.1,1
44775,RealTimeInference,54,RegionA,RegionB,12,20,54,58.7166666666667,4.71666666666667,6,0.48,0,28.3,1
44801,BatchInference,67,RegionA,RegionD,65,80,67,71.0166666666667,4.01666666666667,13,1.3,0,52.2166666666667,1
44830,RealTimeInference,54,RegionB,RegionA,12,20,54,55.3333333333333,1.33333333333333,6,0.48,0,8,1
44867,BatchInference,49,RegionA,RegionA,5,80,49,55.05,6.05,20,2,0,0,0
44880,RealTimeInference,61,RegionA,RegionB,12,20,61,63.6666666666667,2.66666666666667,3,0.24,0,8,1
44954,AITraining,57,RegionD,RegionD,5,150,57,58.2666666666667,1.26666666666667,98,15.68,0,0,0
45114,RealTimeInference,67,RegionC,RegionB,14,20,67,70.3333333333333,3.33333333333333,4,0.32,0,13.3333333333333,1
45249,BatchInference,46,RegionB,RegionD,60,80,57,59.9333333333333,2.93333333333333,13,1.3,11,38.1333333333333,1
45343,RealTimeInference,49,RegionC,RegionC,5,20,49,51.8666666666667,2.86666666666667,3,0.24,0,0,0
45406,AITraining,66,RegionD,RegionF,25,150,71,74.7833333333333,3.78333333333333,124,19.84,5,469.133333333333,1
45551,RealTimeInference,51,RegionB,RegionB,5,20,51,57.5833333333333,6.58333333333333,7,0.56,0,0,0
45664,BatchInference,45,RegionD,RegionA,65,80,60,61.3166666666667,1.31666666666667,7,0.7,15,9.21666666666667,1
45835,RealTimeInference,56,RegionC,RegionC,5,20,56,56.8666666666667,0.866666666666667,6,0.48,0,0,0
45843,BatchInference,52,RegionF,RegionB,79,80,52,57.3,5.3,13,1.3,0,68.9,1
46045,BatchInference,66,RegionD,RegionD,5,80,66,66.5666666666667,0.566666666666667,21,2.1,0,0,0
46047,BatchInference,50,RegionF,RegionF,5,80,50,50.7833333333333,0.783333333333333,7,0.7,0,0,0
46079,RealTimeInference,71,RegionC,RegionC,5,20,71,71.25,0.25,2,0.16,0,0,0
46305,RealTimeInference,53,RegionA,RegionB,12,20,53,53.95,0.95,1,0.08,0,0.95,1
46506,BatchInference,46,RegionF,RegionB,79,80,48,53.65,5.65,10,1,2,56.5,1
46740,AITraining,32,RegionE,RegionC,70,150,48,49.7333333333333,1.73333333333333,120,19.2,16,208,1
46756,RealTimeInference,62,RegionA,RegionB,12,20,62,62.55,0.55,7,0.56,0,3.85,1
46792,RealTimeInference,49,RegionB,RegionA,12,20,49,49.7,0.7,2,0.16,0,1.4,1
46814,BatchInference,56,RegionF,RegionD,25,80,63,67,4,4,0.4,7,16,1
47045,AITraining,34,RegionC,RegionB,14,150,57,60.8166666666667,3.81666666666667,97,15.52,23,370.216666666667,1
47102,BatchInference,57,RegionE,RegionD,22,80,64,66.7333333333333,2.73333333333333,9,0.9,7,24.6,1
47184,AITraining,44,RegionD,RegionD,5,150,57,59.5333333333333,2.53333333333333,79,12.64,13,0,0
47227,BatchInference,53,RegionE,RegionD,22,80,56,61.2,5.2,16,1.6,3,83.2,1
47513,RealTimeInference,67,RegionB,RegionC,14,20,67,67.5,0.5,4,0.32,0,2,1
47531,AITraining,38,RegionD,RegionD,5,150,62,63.75,1.75,53,8.48,24,0,0
47590,RealTimeInference,48,RegionA,RegionB,12,20,48,54,6,2,0.16,0,12,1
47806,RealTimeInference,61,RegionA,RegionA,5,20,61,62.2666666666667,1.26666666666667,4,0.32,0,0,0
47917,BatchInference,45,RegionA,RegionD,65,80,55,61.3166666666667,6.31666666666667,23,2.3,10,145.283333333333,1
48420,BatchInference,32,RegionE,RegionD,22,80,57,57.8666666666667,0.866666666666667,22,2.2,25,19.0666666666667,1
48457,RealTimeInference,58,RegionB,RegionB,5,20,58,64.3666666666667,6.36666666666667,7,0.56,0,0,0
48472,BatchInference,58,RegionD,RegionD,5,80,58,63.8166666666667,5.81666666666667,6,0.6,0,0,0
48509,AITraining,60,RegionD,RegionC,58,150,60,61.6833333333333,1.68333333333333,72,11.52,0,121.2,1
48608,BatchInference,56,RegionC,RegionA,15,80,60,61.6666666666667,1.66666666666667,20,2,4,33.3333333333333,1
48807,AITraining,44,RegionF,RegionA,82,150,62,65.85,3.85,125,20,18,481.25,1
48820,BatchInference,49,RegionD,RegionA,65,80,60,62.0166666666667,2.01666666666667,16,1.6,11,32.2666666666667,1
48975,BatchInference,48,RegionB,RegionD,60,80,57,60.95,3.95,22,2.2,9,86.9,1
48998,AITraining,54,RegionF,RegionA,82,150,54,55.8833333333333,1.88333333333333,25,4,0,47.0833333333333,1
49181,AITraining,62,RegionF,RegionA,82,150,68,71.1833333333333,3.18333333333333,48,7.68,6,152.8,1
49225,BatchInference,54,RegionC,RegionD,58,80,60,66.4833333333333,6.48333333333333,22,2.2,6,142.633333333333,1
49400,AITraining,62,RegionD,RegionB,60,150,68,68.3833333333333,0.383333333333333,33,5.28,6,12.65,1
49556,BatchInference,56,RegionF,RegionD,25,80,57,59.3333333333333,2.33333333333333,19,1.9,1,44.3333333333333,1
49655,AITraining,70,RegionA,RegionB,12,150,70,73.2166666666667,3.21666666666667,23,3.68,0,73.9833333333333,1
49893,BatchInference,51,RegionB,RegionC,14,80,51,53.4,2.4,7,0.7,0,16.8,1
86,BatchInference,79,RegionB,RegionE,74,80,79,82.45,3.45,23,2.3,0,79.35,1
283,AITraining,22,RegionD,RegionB,60,150,87,89.85,2.85,41,6.56,65,116.85,1
349,RealTimeInference,83,RegionA,RegionB,12,20,83,88.45,5.45,3,0.24,0,16.35,1
399,BatchInference,70,RegionF,RegionE,18,80,83,84.7666666666667,1.76666666666667,9,0.9,13,15.9,1
483,AITraining,84,RegionF,RegionD,25,150,84,87.5166666666667,3.51666666666667,39,6.24,0,137.15,1
666,AITraining,87,RegionE,RegionF,18,150,93,95.6166666666667,2.61666666666667,101,16.16,6,264.283333333333,1
783,BatchInference,76,RegionC,RegionF,76,80,76,78.2166666666667,2.21666666666667,18,1.8,0,39.9,1
789,BatchInference,85,RegionC,RegionD,58,80,85,87.7666666666667,2.76666666666667,17,1.7,0,47.0333333333333,1
913,RealTimeInference,77,RegionA,RegionA,5,20,77,77.85,0.85,5,0.4,0,0,0
1148,RealTimeInference,77,RegionA,RegionA,5,20,77,79.15,2.15,2,0.16,0,0,0
1273,AITraining,89,RegionD,RegionF,25,150,89,91.4833333333333,2.48333333333333,60,9.6,0,149,1
1293,RealTimeInference,93,RegionA,RegionC,15,20,93,96,3,6,0.48,0,18,1
1607,BatchInference,39,RegionA,RegionB,12,80,83,85.6666666666667,2.66666666666667,20,2,44,53.3333333333333,1
1873,RealTimeInference,89,RegionC,RegionB,14,20,89,95.5666666666667,6.56666666666667,1,0.08,0,6.56666666666667,1
1966,BatchInference,46,RegionE,RegionB,74,80,83,85.9166666666667,2.91666666666667,20,2,37,58.3333333333333,1
2112,AITraining,82,RegionB,RegionD,60,150,82,85.5,3.5,91,14.56,0,318.5,1
2214,RealTimeInference,89,RegionB,RegionA,12,20,89,91.75,2.75,6,0.48,0,16.5,1
2222,AITraining,80,RegionF,RegionA,82,150,85,85.45,0.45,109,17.44,5,49.05,1
2602,AITraining,76,RegionF,RegionA,82,150,85,85.35,0.35,34,5.44,9,11.9,1
2801,BatchInference,81,RegionA,RegionA,5,80,81,86.6,5.6,20,2,0,0,0
2860,BatchInference,43,RegionA,RegionB,12,80,83,85.9666666666667,2.96666666666667,5,0.5,40,14.8333333333333,1
3105,BatchInference,93,RegionC,RegionF,76,80,93,98.6833333333333,5.68333333333333,22,2.2,0,125.033333333333,1
3112,AITraining,75,RegionE,RegionE,5,150,79,85.35,6.35,31,4.96,4,0,0
3124,RealTimeInference,78,RegionB,RegionC,14,20,78,83.3333333333333,5.33333333333333,5,0.4,0,26.6666666666667,1
3133,AITraining,88,RegionE,RegionF,18,150,88,89.3666666666667,1.36666666666667,48,7.68,0,65.6,1
3650,BatchInference,67,RegionD,RegionD,5,80,83,86.5,3.5,14,1.4,16,0,0
3834,AITraining,92,RegionE,RegionF,18,150,92,94.25,2.25,123,19.68,0,276.75,1
3839,BatchInference,87,RegionB,RegionE,74,80,93,98.7833333333333,5.78333333333333,11,1.1,6,63.6166666666667,1
3841,RealTimeInference,90,RegionC,RegionA,15,20,90,94.9666666666667,4.96666666666667,3,0.24,0,14.9,1
3894,RealTimeInference,92,RegionC,RegionC,5,20,92,95.9,3.9,5,0.4,0,0,0
3995,RealTimeInference,77,RegionA,RegionC,15,20,77,83.1333333333333,6.13333333333333,3,0.24,0,18.4,1
4086,AITraining,72,RegionA,RegionF,82,150,72,76.6666666666667,4.66666666666667,120,19.2,0,560,1
4132,AITraining,91,RegionA,RegionF,82,150,91,95.0833333333333,4.08333333333333,120,19.2,0,490,1
4162,RealTimeInference,76,RegionB,RegionC,14,20,76,82.1833333333333,6.18333333333333,6,0.48,0,37.1,1
4223,BatchInference,86,RegionF,RegionF,5,80,86,92.3666666666667,6.36666666666667,19,1.9,0,0,0
4270,RealTimeInference,94,RegionA,RegionA,5,20,94,94.1666666666667,0.166666666666667,1,0.08,0,0,0
4380,RealTimeInference,84,RegionC,RegionB,14,20,84,89.2833333333333,5.28333333333333,4,0.32,0,21.1333333333333,1
4473,AITraining,77,RegionA,RegionE,78,150,77,80.6666666666667,3.66666666666667,62,9.92,0,227.333333333333,1
4666,AITraining,76,RegionD,RegionF,25,150,76,77.8166666666667,1.81666666666667,35,5.6,0,63.5833333333333,1
4668,RealTimeInference,77,RegionC,RegionC,5,20,77,80.0333333333333,3.03333333333333,7,0.56,0,0,0
4760,RealTimeInference,81,RegionC,RegionA,15,20,81,83.2166666666667,2.21666666666667,1,0.08,0,2.21666666666667,1
4783,RealTimeInference,94,RegionA,RegionC,15,20,94,96.3333333333333,2.33333333333333,6,0.48,0,14,1
4894,RealTimeInference,88,RegionA,RegionA,5,20,88,88.2,0.2,5,0.4,0,0,0
4896,RealTimeInference,85,RegionB,RegionB,5,20,85,90.1666666666667,5.16666666666667,6,0.48,0,0,0
5078,RealTimeInference,73,RegionA,RegionA,5,20,73,74.9,1.9,4,0.32,0,0,0
5142,RealTimeInference,86,RegionA,RegionB,12,20,86,87.0833333333333,1.08333333333333,6,0.48,0,6.5,1
5415,BatchInference,47,RegionD,RegionA,65,80,83,88.3,5.3,13,1.3,36,68.9,1
5419,RealTimeInference,94,RegionA,RegionC,15,20,94,97.95,3.95,5,0.4,0,19.75,1
5431,AITraining,80,RegionB,RegionD,60,150,95,99.5833333333333,4.58333333333333,54,8.64,15,247.5,1
5606,RealTimeInference,86,RegionC,RegionC,5,20,86,86.3,0.3,5,0.4,0,0,0
5772,RealTimeInference,86,RegionA,RegionB,12,20,86,92.6,6.6,3,0.24,0,19.8,1
5987,RealTimeInference,93,RegionC,RegionC,5,20,93,96.7166666666667,3.71666666666667,7,0.56,0,0,0
6105,RealTimeInference,94,RegionC,RegionC,5,20,94,98.7166666666667,4.71666666666667,5,0.4,0,0,0
6115,BatchInference,89,RegionB,RegionF,79,80,89,95.0333333333333,6.03333333333333,7,0.7,0,42.2333333333333,1
6464,AITraining,88,RegionE,RegionF,18,150,88,88.85,0.85,34,5.44,0,28.9,1
6644,RealTimeInference,87,RegionA,RegionC,15,20,87,90.9166666666667,3.91666666666667,2,0.16,0,7.83333333333333,1
6651,BatchInference,77,RegionA,RegionE,78,80,77,81.7,4.7,14,1.4,0,65.8,1
6917,RealTimeInference,86,RegionB,RegionC,14,20,86,87.6166666666667,1.61666666666667,1,0.08,0,1.61666666666667,1
6964,BatchInference,70,RegionE,RegionF,18,80,83,88.6666666666667,5.66666666666667,21,2.1,13,119,1
7089,AITraining,43,RegionF,RegionF,5,150,87,89.35,2.35,21,3.36,44,0,0
7144,AITraining,82,RegionD,RegionB,60,150,85,85.8666666666667,0.866666666666667,107,17.12,3,92.7333333333333,1
7192,RealTimeInference,89,RegionB,RegionB,5,20,89,93.1666666666667,4.16666666666667,5,0.4,0,0,0
7345,RealTimeInference,74,RegionC,RegionA,15,20,74,76.5833333333333,2.58333333333333,4,0.32,0,10.3333333333333,1
7416,BatchInference,93,RegionD,RegionF,25,80,93,99.1166666666667,6.11666666666667,21,2.1,0,128.45,1
7629,BatchInference,89,RegionA,RegionE,78,80,95,100.433333333333,5.43333333333333,15,1.5,6,81.5,1
7861,BatchInference,44,RegionC,RegionE,70,80,83,84.6833333333333,1.68333333333333,8,0.8,39,13.4666666666667,1
8204,RealTimeInference,81,RegionC,RegionC,5,20,81,82.55,1.55,7,0.56,0,0,0
8292,RealTimeInference,81,RegionA,RegionB,12,20,81,85.8166666666667,4.81666666666667,5,0.4,0,24.0833333333333,1
8428,RealTimeInference,88,RegionF,RegionE,18,20,88,90.1666666666667,2.16666666666667,6,0.48,0,13,1
8914,RealTimeInference,94,RegionA,RegionC,15,20,94,98.7,4.7,4,0.32,0,18.8,1
8919,AITraining,71,RegionF,RegionF,5,150,87,88.6833333333333,1.68333333333333,124,19.84,16,0,0
8960,BatchInference,89,RegionA,RegionC,15,80,95,97.2833333333333,2.28333333333333,22,2.2,6,50.2333333333333,1
8963,BatchInference,83,RegionC,RegionD,58,80,83,86.8166666666667,3.81666666666667,18,1.8,0,68.7,1
9006,AITraining,84,RegionB,RegionE,74,150,84,85.8833333333333,1.88333333333333,106,16.96,0,199.633333333333,1
9119,RealTimeInference,91,RegionA,RegionB,12,20,91,91.9833333333333,0.983333333333333,6,0.48,0,5.9,1
9278,BatchInference,84,RegionD,RegionD,5,80,84,86.9,2.9,6,0.6,0,0,0
9353,BatchInference,93,RegionF,RegionF,5,80,93,94.5,1.5,12,1.2,0,0,0
9484,RealTimeInference,80,RegionE,RegionF,18,20,80,84.05,4.05,6,0.48,0,24.3,1
9693,RealTimeInference,84,RegionC,RegionA,15,20,84,84.8333333333333,0.833333333333333,5,0.4,0,4.16666666666667,1
9798,BatchInference,87,RegionE,RegionF,18,80,87,88.9,1.9,22,2.2,0,41.8,1
9805,BatchInference,73,RegionF,RegionE,18,80,83,85.4166666666667,2.41666666666667,13,1.3,10,31.4166666666667,1
9956,BatchInference,93,RegionF,RegionF,5,80,93,95.5,2.5,13,1.3,0,0,0
10019,AITraining,93,RegionE,RegionE,5,150,93,96.7833333333333,3.78333333333333,78,12.48,0,0,0
10300,RealTimeInference,80,RegionB,RegionC,14,20,80,85.45,5.45,4,0.32,0,21.8,1
10347,RealTimeInference,93,RegionB,RegionC,14,20,93,97.3166666666667,4.31666666666667,6,0.48,0,25.9,1
10430,AITraining,91,RegionD,RegionE,22,150,91,97.0666666666667,6.06666666666667,49,7.84,0,297.266666666667,1
10519,RealTimeInference,80,RegionC,RegionC,5,20,80,80.85,0.85,2,0.16,0,0,0
10992,RealTimeInference,91,RegionC,RegionB,14,20,91,91.7333333333333,0.733333333333333,1,0.08,0,0.733333333333333,1
11134,AITraining,39,RegionE,RegionA,78,150,87,89.6166666666667,2.61666666666667,97,15.52,48,253.816666666667,1
11146,AITraining,78,RegionD,RegionC,58,150,78,78.5166666666667,0.516666666666667,60,9.6,0,31,1
11203,RealTimeInference,78,RegionA,RegionC,15,20,78,82.2833333333333,4.28333333333333,3,0.24,0,12.85,1
11218,RealTimeInference,84,RegionA,RegionA,5,20,84,85.5666666666667,1.56666666666667,4,0.32,0,0,0
11354,RealTimeInference,93,RegionA,RegionC,15,20,93,99.6166666666667,6.61666666666667,5,0.4,0,33.0833333333333,1
11452,BatchInference,90,RegionF,RegionC,76,80,95,98.75,3.75,21,2.1,5,78.75,1
11483,AITraining,74,RegionE,RegionF,18,150,74,78.5,4.5,41,6.56,0,184.5,1
11638,BatchInference,69,RegionB,RegionE,74,80,83,85.3833333333333,2.38333333333333,4,0.4,14,9.53333333333333,1
11647,RealTimeInference,74,RegionC,RegionA,15,20,74,77.2833333333333,3.28333333333333,2,0.16,0,6.56666666666667,1
11650,AITraining,61,RegionD,RegionF,25,150,72,77.65,5.65,88,14.08,11,497.2,1
11711,RealTimeInference,94,RegionB,RegionC,14,20,94,96.95,2.95,7,0.56,0,20.65,1
12119,BatchInference,81,RegionD,RegionB,60,80,83,89.1166666666667,6.11666666666667,12,1.2,2,73.4,1
12165,BatchInference,88,RegionD,RegionF,25,80,88,90.7,2.7,5,0.5,0,13.5,1
12232,AITraining,79,RegionF,RegionE,18,150,79,80.1833333333333,1.18333333333333,56,8.96,0,66.2666666666667,1
12436,AITraining,84,RegionF,RegionD,25,150,84,89.7333333333333,5.73333333333333,77,12.32,0,441.466666666667,1
12524,RealTimeInference,88,RegionB,RegionC,14,20,88,92.9166666666667,4.91666666666667,6,0.48,0,29.5,1
12558,BatchInference,57,RegionD,RegionF,25,80,83,89.4833333333333,6.48333333333333,20,2,26,129.666666666667,1
12578,RealTimeInference,80,RegionB,RegionC,14,20,80,83.4333333333333,3.43333333333333,2,0.16,0,6.86666666666667,1
12600,BatchInference,57,RegionF,RegionB,79,80,83,85.4166666666667,2.41666666666667,4,0.4,26,9.66666666666667,1
12664,AITraining,69,RegionF,RegionA,82,150,87,89.6333333333333,2.63333333333333,95,15.2,18,250.166666666667,1
12668,BatchInference,92,RegionB,RegionF,79,80,92,94.8333333333333,2.83333333333333,16,1.6,0,45.3333333333333,1
12736,RealTimeInference,74,RegionC,RegionA,15,20,74,74.8666666666667,0.866666666666667,2,0.16,0,1.73333333333333,1
12748,RealTimeInference,94,RegionB,RegionB,5,20,94,94.5833333333333,0.583333333333333,4,0.32,0,0,0
12766,RealTimeInference,94,RegionA,RegionC,15,20,94,97.8833333333333,3.88333333333333,6,0.48,0,23.3,1
12923,AITraining,95,RegionD,RegionE,22,150,95,99.0666666666667,4.06666666666667,35,5.6,0,142.333333333333,1
13093,AITraining,65,RegionD,RegionD,5,150,72,73.1166666666667,1.11666666666667,53,8.48,7,0,0
13372,RealTimeInference,73,RegionC,RegionA,15,20,73,77.05,4.05,4,0.32,0,16.2,1
13385,BatchInference,35,RegionD,RegionF,25,80,83,88.75,5.75,21,2.1,48,120.75,1
13425,BatchInference,87,RegionE,RegionF,18,80,93,97.7333333333333,4.73333333333333,16,1.6,6,75.7333333333333,1
13695,AITraining,76,RegionF,RegionD,25,150,80,85.95,5.95,44,7.04,4,261.8,1
13771,BatchInference,40,RegionC,RegionD,58,80,83,86.4,3.4,16,1.6,43,54.4,1
13885,BatchInference,75,RegionF,RegionE,18,80,75,80.4666666666667,5.46666666666667,21,2.1,0,114.8,1
13937,RealTimeInference,74,RegionC,RegionA,15,20,74,75.35,1.35,3,0.24,0,4.05,1
13990,RealTimeInference,95,RegionC,RegionC,5,20,95,98,3,6,0.48,0,0,0
14160,BatchInference,75,RegionE,RegionF,18,80,75,76.8666666666667,1.86666666666667,15,1.5,0,28,1
14285,BatchInference,69,RegionE,RegionD,22,80,72,77.5,5.5,4,0.4,3,22,1
14289,BatchInference,81,RegionC,RegionF,76,80,88,90.5833333333333,2.58333333333333,11,1.1,7,28.4166666666667,1
14316,AITraining,53,RegionE,RegionD,22,150,87,90.2333333333333,3.23333333333333,89,14.24,34,287.766666666667,1
14326,AITraining,77,RegionC,RegionE,70,150,79,85.45,6.45,67,10.72,2,432.15,1
14387,AITraining,95,RegionD,RegionF,25,150,95,100.133333333333,5.13333333333333,80,12.8,0,410.666666666667,1
14699,AITraining,77,RegionF,RegionE,18,150,77,80.6833333333333,3.68333333333333,16,2.56,0,58.9333333333333,1
14710,RealTimeInference,78,RegionC,RegionC,5,20,78,84.05,6.05,4,0.32,0,0,0
14817,RealTimeInference,94,RegionF,RegionE,18,20,94,94.9833333333333,0.983333333333333,5,0.4,0,4.91666666666667,1
14826,AITraining,78,RegionD,RegionA,65,150,85,85.85,0.85,56,8.96,7,47.6,1
15077,BatchInference,85,RegionD,RegionB,60,80,85,89.7166666666667,4.71666666666667,18,1.8,0,84.9,1
15104,AITraining,83,RegionE,RegionB,74,150,83,89.25,6.25,108,17.28,0,675,1
15113,BatchInference,37,RegionA,RegionD,65,80,83,86.45,3.45,6,0.6,46,20.7,1
15184,AITraining,88,RegionF,RegionE,18,150,88,91.2166666666667,3.21666666666667,48,7.68,0,154.4,1
15253,RealTimeInference,88,RegionB,RegionC,14,20,88,89.7,1.7,4,0.32,0,6.8,1
15299,RealTimeInference,88,RegionB,RegionB,5,20,88,91.4833333333333,3.48333333333333,5,0.4,0,0,0
15314,AITraining,89,RegionE,RegionF,18,150,89,91.1666666666667,2.16666666666667,109,17.44,0,236.166666666667,1
15531,AITraining,54,RegionF,RegionC,76,150,87,90.7833333333333,3.78333333333333,65,10.4,33,245.916666666667,1
15542,BatchInference,36,RegionC,RegionF,76,80,83,88.8166666666667,5.81666666666667,12,1.2,47,69.8,1
15565,RealTimeInference,93,RegionA,RegionA,5,20,93,94.5666666666667,1.56666666666667,1,0.08,0,0,0
15713,AITraining,68,RegionE,RegionE,5,150,87,93.0166666666667,6.01666666666667,97,15.52,19,0,0
15872,RealTimeInference,82,RegionC,RegionB,14,20,82,82.5,0.5,6,0.48,0,3,1
16009,RealTimeInference,94,RegionC,RegionC,5,20,94,98.75,4.75,1,0.08,0,0,0
16080,BatchInference,89,RegionC,RegionC,5,80,95,96.75,1.75,12,1.2,6,0,0
16359,BatchInference,81,RegionA,RegionD,65,80,81,86.5,5.5,7,0.7,0,38.5,1
16369,BatchInference,76,RegionD,RegionE,22,80,76,79.3333333333333,3.33333333333333,15,1.5,0,50,1
16401,RealTimeInference,77,RegionB,RegionA,12,20,77,78.1,1.1,6,0.48,0,6.6,1
16461,RealTimeInference,92,RegionB,RegionC,14,20,92,93.0333333333333,1.03333333333333,3,0.24,0,3.1,1
16717,RealTimeInference,94,RegionB,RegionC,14,20,94,96.5,2.5,1,0.08,0,2.5,1
16771,AITraining,75,RegionF,RegionA,82,150,85,85.7833333333333,0.783333333333333,119,19.04,10,93.2166666666667,1
16904,BatchInference,76,RegionA,RegionE,78,80,76,78.3833333333333,2.38333333333333,22,2.2,0,52.4333333333333,1
16982,RealTimeInference,79,RegionA,RegionB,12,20,79,85.5833333333333,6.58333333333333,5,0.4,0,32.9166666666667,1
17127,AITraining,83,RegionC,RegionF,76,150,83,84.3666666666667,1.36666666666667,66,10.56,0,90.2,1
17351,BatchInference,34,RegionB,RegionB,5,80,83,89.0333333333333,6.03333333333333,15,1.5,49,0,0
17356,RealTimeInference,79,RegionA,RegionC,15,20,79,82.55,3.55,3,0.24,0,10.65,1
17362,RealTimeInference,86,RegionE,RegionF,18,20,86,89.35,3.35,3,0.24,0,10.05,1
17463,AITraining,76,RegionD,RegionF,25,150,76,77.4,1.4,95,15.2,0,133,1
17563,BatchInference,88,RegionD,RegionF,25,80,88,91.6,3.6,17,1.7,0,61.2,1
17667,BatchInference,72,RegionC,RegionD,58,80,83,86.8333333333333,3.83333333333333,16,1.6,11,61.3333333333333,1
18096,BatchInference,92,RegionE,RegionF,18,80,92,94.3166666666667,2.31666666666667,8,0.8,0,18.5333333333333,1
18161,RealTimeInference,79,RegionC,RegionB,14,20,79,85.6,6.6,3,0.24,0,19.8,1
18198,RealTimeInference,77,RegionB,RegionA,12,20,77,78.7666666666667,1.76666666666667,2,0.16,0,3.53333333333333,1
18252,AITraining,76,RegionE,RegionE,5,150,76,81.8166666666667,5.81666666666667,123,19.68,0,0,0
18253,RealTimeInference,81,RegionC,RegionB,14,20,81,85.35,4.35,6,0.48,0,26.1,1
18273,RealTimeInference,75,RegionC,RegionA,15,20,75,78.8166666666667,3.81666666666667,3,0.24,0,11.45,1
18507,BatchInference,79,RegionC,RegionE,70,80,79,83.35,4.35,9,0.9,0,39.15,1
19023,RealTimeInference,93,RegionA,RegionC,15,20,93,96.0666666666667,3.06666666666667,7,0.56,0,21.4666666666667,1
19049,BatchInference,93,RegionA,RegionE,78,80,93,93.95,0.95,18,1.8,0,17.1,1
19098,AITraining,69,RegionE,RegionD,22,150,85,85.55,0.55,108,17.28,16,59.4,1
19137,BatchInference,90,RegionD,RegionC,58,80,95,100.8,5.8,21,2.1,5,121.8,1
19292,BatchInference,79,RegionA,RegionE,78,80,79,84.5,5.5,18,1.8,0,99,1
19305,RealTimeInference,86,RegionA,RegionC,15,20,86,92.4166666666667,6.41666666666667,1,0.08,0,6.41666666666667,1
19505,BatchInference,93,RegionD,RegionE,22,80,93,98.2666666666667,5.26666666666667,15,1.5,0,79,1
19934,BatchInference,73,RegionA,RegionE,78,80,83,84.8833333333333,1.88333333333333,4,0.4,10,7.53333333333333,1
20174,BatchInference,93,RegionD,RegionF,25,80,93,95.1833333333333,2.18333333333333,10,1,0,21.8333333333333,1
20249,RealTimeInference,87,RegionA,RegionA,5,20,87,91.9833333333333,4.98333333333333,4,0.32,0,0,0
20264,RealTimeInference,90,RegionB,RegionB,5,20,90,95.0833333333333,5.08333333333333,5,0.4,0,0,0
21056,AITraining,87,RegionC,RegionE,70,150,93,97.4333333333333,4.43333333333333,121,19.36,6,536.433333333333,1
21150,AITraining,76,RegionD,RegionC,58,150,76,76.8333333333333,0.833333333333333,111,17.76,0,92.5,1
21181,RealTimeInference,85,RegionA,RegionB,12,20,85,85.4166666666667,0.416666666666667,4,0.32,0,1.66666666666667,1
21273,BatchInference,88,RegionA,RegionB,12,80,88,88.4166666666667,0.416666666666667,4,0.4,0,1.66666666666667,1
21430,RealTimeInference,90,RegionA,RegionC,15,20,90,92.6166666666667,2.61666666666667,7,0.56,0,18.3166666666667,1
21800,RealTimeInference,81,RegionB,RegionA,12,20,81,87.6,6.6,4,0.32,0,26.4,1
21803,BatchInference,87,RegionF,RegionF,5,80,93,93.65,0.65,4,0.4,6,0,0
22022,BatchInference,51,RegionB,RegionD,60,80,83,85.9,2.9,9,0.9,32,26.1,1
22085,AITraining,67,RegionF,RegionA,82,150,87,89.7833333333333,2.78333333333333,42,6.72,20,116.9,1
22167,AITraining,74,RegionD,RegionE,22,150,74,79.7166666666667,5.71666666666667,122,19.52,0,697.433333333333,1
22243,RealTimeInference,94,RegionA,RegionB,12,20,94,94.5166666666667,0.516666666666667,7,0.56,0,3.61666666666667,1
22330,AITraining,17,RegionD,RegionA,65,150,87,89.4666666666667,2.46666666666667,87,13.92,70,214.6,1
22532,BatchInference,70,RegionA,RegionD,65,80,72,76.2,4.2,16,1.6,2,67.2,1
22667,BatchInference,93,RegionD,RegionD,5,80,93,93.8166666666667,0.816666666666667,14,1.4,0,0,0
23142,AITraining,37,RegionC,RegionC,5,150,72,73.0666666666667,1.06666666666667,33,5.28,35,0,0
23238,RealTimeInference,83,RegionC,RegionA,15,20,83,88.0166666666667,5.01666666666667,3,0.24,0,15.05,1
23288,BatchInference,72,RegionB,RegionE,74,80,83,84.8666666666667,1.86666666666667,22,2.2,11,41.0666666666667,1
23481,AITraining,82,RegionF,RegionD,25,150,82,86.0666666666667,4.06666666666667,20,3.2,0,81.3333333333333,1
23529,BatchInference,89,RegionA,RegionC,15,80,95,97.15,2.15,7,0.7,6,15.05,1
23574,RealTimeInference,82,RegionF,RegionE,18,20,82,87.3166666666667,5.31666666666667,3,0.24,0,15.95,1
23721,AITraining,74,RegionD,RegionF,25,150,74,79.45,5.45,73,11.68,0,397.85,1
23743,BatchInference,90,RegionD,RegionC,58,80,95,98.7166666666667,3.71666666666667,21,2.1,5,78.05,1
23771,RealTimeInference,92,RegionA,RegionC,15,20,92,93.2166666666667,1.21666666666667,2,0.16,0,2.43333333333333,1
23784,RealTimeInference,94,RegionF,RegionE,18,20,94,94.4166666666667,0.416666666666667,5,0.4,0,2.08333333333333,1
23834,BatchInference,72,RegionD,RegionE,22,80,83,84.9166666666667,1.91666666666667,7,0.7,11,13.4166666666667,1
23863,BatchInference,73,RegionA,RegionE,78,80,83,85.4333333333333,2.43333333333333,19,1.9,10,46.2333333333333,1
23944,RealTimeInference,83,RegionB,RegionB,5,20,83,83.7666666666667,0.766666666666667,6,0.48,0,0,0
24089,BatchInference,80,RegionC,RegionB,14,80,83,85.3833333333333,2.38333333333333,8,0.8,3,19.0666666666667,1
24456,RealTimeInference,72,RegionB,RegionA,12,20,72,75.9833333333333,3.98333333333333,2,0.16,0,7.96666666666667,1
24511,RealTimeInference,85,RegionC,RegionB,14,20,85,90.15,5.15,7,0.56,0,36.05,1
24620,BatchInference,50,RegionC,RegionB,14,80,83,85.5166666666667,2.51666666666667,10,1,33,25.1666666666667,1
24642,BatchInference,72,RegionE,RegionD,22,80,72,76.8666666666667,4.86666666666667,10,1,0,48.6666666666667,1
24726,BatchInference,75,RegionD,RegionD,5,80,75,75.4166666666667,0.416666666666667,20,2,0,0,0
24921,BatchInference,73,RegionB,RegionD,60,80,83,86.7333333333333,3.73333333333333,12,1.2,10,44.8,1
25181,BatchInference,77,RegionF,RegionB,79,80,83,85.4666666666667,2.46666666666667,8,0.8,6,19.7333333333333,1
25201,BatchInference,92,RegionA,RegionE,78,80,92,93.9666666666667,1.96666666666667,6,0.6,0,11.8,1
25329,BatchInference,93,RegionC,RegionF,76,80,93,99.05,6.05,9,0.9,0,54.45,1
25561,BatchInference,76,RegionF,RegionE,18,80,76,81.6166666666667,5.61666666666667,9,0.9,0,50.55,1
25751,RealTimeInference,90,RegionC,RegionA,15,20,90,91.8333333333333,1.83333333333333,3,0.24,0,5.5,1
25815,BatchInference,66,RegionD,RegionB,60,80,83,85.85,2.85,22,2.2,17,62.7,1
26115,AITraining,82,RegionD,RegionD,5,150,89,90.7666666666667,1.76666666666667,30,4.8,7,0,0
26123,BatchInference,84,RegionD,RegionF,25,80,84,88.9333333333333,4.93333333333333,8,0.8,0,39.4666666666667,1
26143,AITraining,81,RegionE,RegionB,74,150,88,91.7166666666667,3.71666666666667,74,11.84,7,275.033333333333,1
26174,RealTimeInference,73,RegionA,RegionA,5,20,73,74.8333333333333,1.83333333333333,7,0.56,0,0,0
26197,RealTimeInference,83,RegionC,RegionB,14,20,83,86.4833333333333,3.48333333333333,4,0.32,0,13.9333333333333,1
26258,RealTimeInference,77,RegionA,RegionA,5,20,77,80.8,3.8,2,0.16,0,0,0
26292,AITraining,95,RegionD,RegionD,5,150,95,100.783333333333,5.78333333333333,16,2.56,0,0,0
26329,RealTimeInference,75,RegionF,RegionE,18,20,75,80,5,6,0.48,0,30,1
26487,BatchInference,77,RegionA,RegionC,15,80,77,78.1333333333333,1.13333333333333,16,1.6,0,18.1333333333333,1
26508,BatchInference,79,RegionB,RegionE,74,80,79,79.4333333333333,0.433333333333333,9,0.9,0,3.9,1
26641,BatchInference,69,RegionC,RegionE,70,80,83,85.7833333333333,2.78333333333333,13,1.3,14,36.1833333333333,1
26742,AITraining,87,RegionF,RegionF,5,150,93,98.8333333333333,5.83333333333333,29,4.64,6,0,0
26787,RealTimeInference,75,RegionC,RegionA,15,20,75,79.7166666666667,4.71666666666667,4,0.32,0,18.8666666666667,1
26973,AITraining,77,RegionD,RegionF,25,150,87,88.85,1.85,121,19.36,10,223.85,1
27046,AITraining,58,RegionD,RegionD,5,150,87,90.6166666666667,3.61666666666667,86,13.76,29,0,0
27201,BatchInference,85,RegionF,RegionF,5,80,85,89.9666666666667,4.96666666666667,4,0.4,0,0,0
27217,BatchInference,87,RegionB,RegionD,60,80,93,93.85,0.85,23,2.3,6,19.55,1
27329,AITraining,76,RegionD,RegionF,25,150,76,79.1166666666667,3.11666666666667,33,5.28,0,102.85,1
27409,RealTimeInference,81,RegionB,RegionB,5,20,81,86.8,5.8,2,0.16,0,0,0
27529,AITraining,72,RegionF,RegionF,5,150,87,89.45,2.45,41,6.56,15,0,0
27630,BatchInference,87,RegionB,RegionE,74,80,93,93.9,0.9,19,1.9,6,17.1,1
27745,AITraining,70,RegionF,RegionD,25,150,72,75.8,3.8,28,4.48,2,106.4,1
27773,RealTimeInference,84,RegionA,RegionA,5,20,84,84.8,0.8,2,0.16,0,0,0
27820,RealTimeInference,94,RegionA,RegionC,15,20,94,100.266666666667,6.26666666666667,1,0.08,0,6.26666666666667,1
27862,AITraining,33,RegionE,RegionC,70,150,87,90.1,3.1,119,19.04,54,368.9,1
27993,AITraining,92,RegionE,RegionE,5,150,92,98.0166666666667,6.01666666666667,102,16.32,0,0,0
28008,AITraining,54,RegionF,RegionD,25,150,72,75.4833333333333,3.48333333333333,87,13.92,18,303.05,1
28298,RealTimeInference,91,RegionA,RegionB,12,20,91,91.5333333333333,0.533333333333333,3,0.24,0,1.6,1
28390,AITraining,88,RegionD,RegionE,22,150,88,91.8833333333333,3.88333333333333,123,19.68,0,477.65,1
28486,AITraining,80,RegionF,RegionE,18,150,87,93.1666666666667,6.16666666666667,80,12.8,7,493.333333333333,1
28513,BatchInference,63,RegionF,RegionD,25,80,83,86.4666666666667,3.46666666666667,15,1.5,20,52,1
28520,BatchInference,86,RegionF,RegionF,5,80,86,87.0833333333333,1.08333333333333,15,1.5,0,0,0
28553,BatchInference,81,RegionA,RegionB,12,80,81,85.9,4.9,6,0.6,0,29.4,1
28595,RealTimeInference,78,RegionB,RegionA,12,20,78,80.5166666666667,2.51666666666667,4,0.32,0,10.0666666666667,1
28726,AITraining,75,RegionD,RegionD,5,150,75,76.7666666666667,1.76666666666667,116,18.56,0,0,0
28738,RealTimeInference,76,RegionA,RegionC,15,20,76,78.8333333333333,2.83333333333333,3,0.24,0,8.5,1
28812,AITraining,92,RegionE,RegionE,5,150,92,98.2333333333333,6.23333333333333,91,14.56,0,0,0
29140,RealTimeInference,74,RegionB,RegionA,12,20,74,77.5166666666667,3.51666666666667,6,0.48,0,21.1,1
29273,RealTimeInference,93,RegionC,RegionC,5,20,93,98.6333333333333,5.63333333333333,3,0.24,0,0,0
29482,RealTimeInference,80,RegionC,RegionC,5,20,80,83.5333333333333,3.53333333333333,2,0.16,0,0,0
29728,BatchInference,79,RegionA,RegionE,78,80,79,80.5333333333333,1.53333333333333,7,0.7,0,10.7333333333333,1
29875,BatchInference,44,RegionD,RegionE,22,80,83,84.8166666666667,1.81666666666667,16,1.6,39,29.0666666666667,1
29878,BatchInference,81,RegionA,RegionA,5,80,83,87.3166666666667,4.31666666666667,13,1.3,2,0,0
30068,BatchInference,69,RegionF,RegionF,5,80,83,89.4,6.4,19,1.9,14,0,0
30166,RealTimeInference,94,RegionE,RegionE,5,20,94,99.6,5.6,5,0.4,0,0,0
30334,BatchInference,85,RegionC,RegionB,14,80,85,90.05,5.05,18,1.8,0,90.9,1
30337,RealTimeInference,79,RegionF,RegionE,18,20,79,80.7833333333333,1.78333333333333,6,0.48,0,10.7,1
30394,AITraining,69,RegionE,RegionA,78,150,85,85.3333333333333,0.333333333333333,60,9.6,16,20,1
30750,RealTimeInference,82,RegionE,RegionE,5,20,82,84.4166666666667,2.41666666666667,5,0.4,0,0,0
30800,RealTimeInference,84,RegionB,RegionA,12,20,84,85.4166666666667,1.41666666666667,1,0.08,0,1.41666666666667,1
31159,BatchInference,95,RegionB,RegionC,14,80,95,98.6,3.6,21,2.1,0,75.6,1
31205,AITraining,32,RegionD,RegionB,60,150,87,89.6666666666667,2.66666666666667,63,10.08,55,168,1
31349,RealTimeInference,72,RegionA,RegionA,5,20,72,74.5,2.5,5,0.4,0,0,0
31423,BatchInference,81,RegionD,RegionD,5,80,81,85.65,4.65,17,1.7,0,0,0
31601,BatchInference,87,RegionD,RegionF,25,80,93,94.6333333333333,1.63333333333333,11,1.1,6,17.9666666666667,1
31760,AITraining,85,RegionF,RegionF,5,150,91,91.6166666666667,0.616666666666667,40,6.4,6,0,0
31932,RealTimeInference,82,RegionA,RegionB,12,20,82,86.4666666666667,4.46666666666667,5,0.4,0,22.3333333333333,1
31972,RealTimeInference,95,RegionA,RegionC,15,20,95,101.416666666667,6.41666666666667,1,0.08,0,6.41666666666667,1
31978,RealTimeInference,89,RegionA,RegionC,15,20,89,89.3166666666667,0.316666666666667,4,0.32,0,1.26666666666667,1
31979,AITraining,28,RegionD,RegionA,65,150,85,85.8333333333333,0.833333333333333,108,17.28,57,90,1
32211,RealTimeInference,74,RegionC,RegionA,15,20,74,74.5333333333333,0.533333333333333,3,0.24,0,1.6,1
32330,RealTimeInference,72,RegionC,RegionA,15,20,72,77.6333333333333,5.63333333333333,4,0.32,0,22.5333333333333,1
32376,AITraining,85,RegionF,RegionF,5,150,87,89.4166666666667,2.41666666666667,68,10.88,2,0,0
32486,RealTimeInference,95,RegionB,RegionC,14,20,95,99.9333333333333,4.93333333333333,5,0.4,0,24.6666666666667,1
32800,BatchInference,68,RegionC,RegionE,70,80,83,87.7166666666667,4.71666666666667,22,2.2,15,103.766666666667,1
32843,BatchInference,95,RegionA,RegionE,78,80,95,98.55,3.55,4,0.4,0,14.2,1
32859,AITraining,89,RegionD,RegionF,25,150,95,97.3333333333333,2.33333333333333,106,16.96,6,247.333333333333,1
33099,BatchInference,84,RegionA,RegionD,65,80,84,85.65,1.65,17,1.7,0,28.05,1
33197,BatchInference,63,RegionA,RegionD,65,80,83,85.6,2.6,12,1.2,20,31.2,1
33240,RealTimeInference,77,RegionB,RegionB,5,20,77,77.6833333333333,0.683333333333333,1,0.08,0,0,0
33257,RealTimeInference,77,RegionA,RegionC,15,20,77,82.0333333333333,5.03333333333333,2,0.16,0,10.0666666666667,1
33301,BatchInference,90,RegionE,RegionF,18,80,90,94.3166666666667,4.31666666666667,13,1.3,0,56.1166666666667,1
33316,RealTimeInference,91,RegionA,RegionA,5,20,91,91.4166666666667,0.416666666666667,4,0.32,0,0,0
33376,RealTimeInference,73,RegionA,RegionA,5,20,73,77.3,4.3,3,0.24,0,0,0
33383,AITraining,75,RegionD,RegionF,25,150,75,77.7166666666667,2.71666666666667,76,12.16,0,206.466666666667,1
33552,BatchInference,78,RegionA,RegionE,78,80,78,82.1666666666667,4.16666666666667,19,1.9,0,79.1666666666667,1
33562,BatchInference,80,RegionD,RegionD,5,80,80,81.7833333333333,1.78333333333333,20,2,0,0,0
33641,BatchInference,90,RegionD,RegionE,22,80,95,99.5666666666667,4.56666666666667,8,0.8,5,36.5333333333333,1
33778,RealTimeInference,88,RegionB,RegionB,5,20,88,89.6666666666667,1.66666666666667,2,0.16,0,0,0
33791,AITraining,87,RegionE,RegionE,5,150,93,98.5166666666667,5.51666666666667,50,8,6,0,0
33888,BatchInference,70,RegionB,RegionB,5,80,83,87.3166666666667,4.31666666666667,15,1.5,13,0,0
33896,BatchInference,84,RegionD,RegionB,60,80,84,85.75,1.75,19,1.9,0,33.25,1
33949,AITraining,79,RegionE,RegionE,5,150,79,81.7166666666667,2.71666666666667,83,13.28,0,0,0
33962,AITraining,73,RegionE,RegionF,18,150,87,88.6333333333333,1.63333333333333,94,15.04,14,153.533333333333,1
33964,RealTimeInference,87,RegionE,RegionF,18,20,87,88.8333333333333,1.83333333333333,7,0.56,0,12.8333333333333,1
34064,BatchInference,62,RegionA,RegionD,65,80,81,81.9333333333333,0.933333333333333,4,0.4,19,3.73333333333333,1
34121,RealTimeInference,85,RegionC,RegionB,14,20,85,89.4833333333333,4.48333333333333,4,0.32,0,17.9333333333333,1
34134,AITraining,91,RegionF,RegionF,5,150,91,95.0166666666667,4.01666666666667,117,18.72,0,0,0
34269,RealTimeInference,75,RegionB,RegionC,14,20,75,75.4833333333333,0.483333333333333,1,0.08,0,0.483333333333333,1
34270,AITraining,29,RegionE,RegionF,18,150,72,75.0333333333333,3.03333333333333,108,17.28,43,327.6,1
34293,BatchInference,93,RegionA,RegionE,78,80,93,95.3666666666667,2.36666666666667,14,1.4,0,33.1333333333333,1
34300,RealTimeInference,77,RegionA,RegionC,15,20,77,82.3333333333333,5.33333333333333,3,0.24,0,16,1
34470,AITraining,83,RegionB,RegionB,5,150,83,84.6833333333333,1.68333333333333,124,19.84,0,0,0
34490,BatchInference,73,RegionA,RegionE,78,80,83,85.2,2.2,17,1.7,10,37.4,1
34491,BatchInference,86,RegionB,RegionE,74,80,92,96.1333333333333,4.13333333333333,10,1,6,41.3333333333333,1
34629,AITraining,74,RegionD,RegionA,65,150,85,85.8333333333333,0.833333333333333,126,20.16,11,105,1
35002,RealTimeInference,87,RegionA,RegionA,5,20,87,89.8333333333333,2.83333333333333,6,0.48,0,0,0
35005,RealTimeInference,80,RegionB,RegionC,14,20,80,80.4166666666667,0.416666666666667,3,0.24,0,1.25,1
35125,RealTimeInference,72,RegionD,RegionD,5,20,72,76.25,4.25,7,0.56,0,0,0
35177,RealTimeInference,80,RegionC,RegionA,15,20,80,85.35,5.35,2,0.16,0,10.7,1
35186,BatchInference,80,RegionB,RegionB,5,80,83,88.5166666666667,5.51666666666667,8,0.8,3,0,0
35220,RealTimeInference,89,RegionB,RegionA,12,20,89,95.1166666666667,6.11666666666667,4,0.32,0,24.4666666666667,1
35260,RealTimeInference,86,RegionB,RegionC,14,20,86,92.1,6.1,6,0.48,0,36.6,1
35339,AITraining,87,RegionE,RegionF,18,150,93,94.0833333333333,1.08333333333333,64,10.24,6,69.3333333333333,1
35384,RealTimeInference,79,RegionB,RegionC,14,20,79,83.1333333333333,4.13333333333333,3,0.24,0,12.4,1
35409,BatchInference,38,RegionB,RegionD,60,80,83,85.9,2.9,10,1,45,29,1
35478,AITraining,71,RegionE,RegionD,22,150,85,85.3166666666667,0.316666666666667,40,6.4,14,12.6666666666667,1
35541,BatchInference,85,RegionB,RegionF,79,80,91,94.6333333333333,3.63333333333333,13,1.3,6,47.2333333333333,1
35652,AITraining,88,RegionD,RegionE,22,150,88,93.0666666666667,5.06666666666667,115,18.4,0,582.666666666667,1
35729,RealTimeInference,78,RegionA,RegionC,15,20,78,78.8166666666667,0.816666666666667,5,0.4,0,4.08333333333333,1
35813,RealTimeInference,81,RegionC,RegionA,15,20,81,86.2,5.2,3,0.24,0,15.6,1
35954,BatchInference,94,RegionB,RegionC,14,80,94,97.25,3.25,6,0.6,0,19.5,1
36009,RealTimeInference,86,RegionC,RegionC,5,20,86,87.8833333333333,1.88333333333333,2,0.16,0,0,0
36010,RealTimeInference,82,RegionC,RegionA,15,20,82,88.05,6.05,2,0.16,0,12.1,1
36122,BatchInference,72,RegionF,RegionD,25,80,83,86.0833333333333,3.08333333333333,7,0.7,11,21.5833333333333,1
36244,BatchInference,46,RegionC,RegionB,14,80,83,85.9333333333333,2.93333333333333,19,1.9,37,55.7333333333333,1
36339,RealTimeInference,94,RegionA,RegionC,15,20,94,99.6166666666667,5.61666666666667,3,0.24,0,16.85,1
36670,BatchInference,82,RegionC,RegionD,58,80,83,88,5,19,1.9,1,95,1
36782,RealTimeInference,78,RegionB,RegionC,14,20,78,84.3666666666667,6.36666666666667,3,0.24,0,19.1,1
36792,RealTimeInference,89,RegionA,RegionA,5,20,89,93.7166666666667,4.71666666666667,4,0.32,0,0,0
36891,AITraining,87,RegionD,RegionE,22,150,93,93.6166666666667,0.616666666666667,18,2.88,6,11.1,1
37008,RealTimeInference,85,RegionF,RegionF,5,20,85,88.8666666666667,3.86666666666667,5,0.4,0,0,0
37052,AITraining,75,RegionE,RegionF,18,150,75,77.15,2.15,24,3.84,0,51.6,1
37151,RealTimeInference,76,RegionC,RegionA,15,20,76,77.2833333333333,1.28333333333333,1,0.08,0,1.28333333333333,1
37175,AITraining,92,RegionD,RegionF,25,150,92,95.3166666666667,3.31666666666667,73,11.68,0,242.116666666667,1
37244,AITraining,77,RegionF,RegionE,18,150,87,91.15,4.15,90,14.4,10,373.5,1
37366,RealTimeInference,83,RegionB,RegionA,12,20,83,84.6833333333333,1.68333333333333,3,0.24,0,5.05,1
37368,RealTimeInference,72,RegionC,RegionA,15,20,72,73.8333333333333,1.83333333333333,6,0.48,0,11,1
37467,RealTimeInference,95,RegionE,RegionE,5,20,95,97.6666666666667,2.66666666666667,7,0.56,0,0,0
37567,RealTimeInference,84,RegionA,RegionB,12,20,84,90.0666666666667,6.06666666666667,2,0.16,0,12.1333333333333,1
37629,RealTimeInference,72,RegionC,RegionA,15,20,72,76.85,4.85,7,0.56,0,33.95,1
37818,RealTimeInference,77,RegionB,RegionA,12,20,77,80.45,3.45,6,0.48,0,20.7,1
37963,RealTimeInference,88,RegionB,RegionB,5,20,88,93.7833333333333,5.78333333333333,1,0.08,0,0,0
38027,AITraining,76,RegionD,RegionE,22,150,76,81.75,5.75,29,4.64,0,166.75,1
38277,BatchInference,94,RegionC,RegionE,70,80,94,99.2833333333333,5.28333333333333,21,2.1,0,110.95,1
38456,BatchInference,81,RegionD,RegionF,25,80,88,91.7166666666667,3.71666666666667,20,2,7,74.3333333333333,1
38530,AITraining,83,RegionA,RegionE,78,150,83,86.5333333333333,3.53333333333333,47,7.52,0,166.066666666667,1
38654,RealTimeInference,81,RegionD,RegionD,5,20,81,83.15,2.15,2,0.16,0,0,0
38746,RealTimeInference,73,RegionE,RegionE,5,20,73,73.75,0.75,1,0.08,0,0,0
38790,RealTimeInference,74,RegionC,RegionA,15,20,74,77.6833333333333,3.68333333333333,1,0.08,0,3.68333333333333,1
38907,RealTimeInference,73,RegionB,RegionA,12,20,73,74.75,1.75,7,0.56,0,12.25,1
38983,BatchInference,58,RegionA,RegionE,78,80,79,85.1333333333333,6.13333333333333,11,1.1,21,67.4666666666667,1
38995,BatchInference,76,RegionF,RegionF,5,80,76,78.3833333333333,2.38333333333333,11,1.1,0,0,0
39052,RealTimeInference,75,RegionB,RegionA,12,20,75,78.2166666666667,3.21666666666667,6,0.48,0,19.3,1
39107,BatchInference,82,RegionF,RegionB,79,80,83,85.6,2.6,21,2.1,1,54.6,1
39311,BatchInference,77,RegionA,RegionE,78,80,77,79.7666666666667,2.76666666666667,9,0.9,0,24.9,1
39362,RealTimeInference,85,RegionC,RegionA,15,20,85,86.3333333333333,1.33333333333333,2,0.16,0,2.66666666666667,1
39388,AITraining,71,RegionF,RegionC,76,150,87,90.1333333333333,3.13333333333333,82,13.12,16,256.933333333333,1
39685,BatchInference,77,RegionA,RegionE,78,80,77,81.2166666666667,4.21666666666667,12,1.2,0,50.6,1
39992,RealTimeInference,76,RegionD,RegionD,5,20,76,81.8833333333333,5.88333333333333,4,0.32,0,0,0
40190,RealTimeInference,88,RegionA,RegionC,15,20,88,92.8333333333333,4.83333333333333,2,0.16,0,9.66666666666667,1
40251,BatchInference,95,RegionB,RegionC,14,80,95,99.4666666666667,4.46666666666667,16,1.6,0,71.4666666666667,1
40305,BatchInference,95,RegionD,RegionE,22,80,95,99.0333333333333,4.03333333333333,7,0.7,0,28.2333333333333,1
40322,AITraining,86,RegionD,RegionE,22,150,86,90.9666666666667,4.96666666666667,93,14.88,0,461.9,1
40465,BatchInference,88,RegionA,RegionC,15,80,88,90.2166666666667,2.21666666666667,14,1.4,0,31.0333333333333,1
40632,RealTimeInference,73,RegionB,RegionA,12,20,73,75.8333333333333,2.83333333333333,7,0.56,0,19.8333333333333,1
40651,BatchInference,83,RegionB,RegionE,74,80,90,94.3,4.3,18,1.8,7,77.4,1
40805,BatchInference,58,RegionE,RegionD,22,80,83,86.1333333333333,3.13333333333333,12,1.2,25,37.6,1
41011,AITraining,72,RegionD,RegionD,5,150,72,77.3666666666667,5.36666666666667,77,12.32,0,0,0
41132,AITraining,74,RegionE,RegionE,5,150,74,80.4333333333333,6.43333333333333,104,16.64,0,0,0
41153,RealTimeInference,77,RegionC,RegionA,15,20,77,78,1,1,0.08,0,1,1
41269,AITraining,75,RegionE,RegionE,5,150,87,91.0833333333333,4.08333333333333,39,6.24,12,0,0
41307,RealTimeInference,83,RegionB,RegionA,12,20,83,86.2,3.2,5,0.4,0,16,1
41494,AITraining,90,RegionF,RegionE,18,150,90,94.7833333333333,4.78333333333333,102,16.32,0,487.9,1
41541,AITraining,77,RegionA,RegionE,78,150,77,80.5166666666667,3.51666666666667,55,8.8,0,193.416666666667,1
41616,RealTimeInference,95,RegionB,RegionC,14,20,95,96.4333333333333,1.43333333333333,2,0.16,0,2.86666666666667,1
41637,BatchInference,88,RegionD,RegionF,25,80,88,91.5,3.5,18,1.8,0,63,1
41657,RealTimeInference,91,RegionC,RegionB,14,20,91,92.5166666666667,1.51666666666667,2,0.16,0,3.03333333333333,1
41664,BatchInference,92,RegionE,RegionE,5,80,92,96.6,4.6,19,1.9,0,0,0
41715,BatchInference,48,RegionD,RegionD,5,80,72,76.7666666666667,4.76666666666667,10,1,24,0,0
41972,AITraining,38,RegionF,RegionD,25,150,85,85.3,0.3,48,7.68,47,14.4,1
42112,BatchInference,46,RegionA,RegionB,12,80,83,85.65,2.65,21,2.1,37,55.65,1
42173,RealTimeInference,80,RegionB,RegionB,5,20,80,83.7833333333333,3.78333333333333,6,0.48,0,0,0
42269,AITraining,82,RegionA,RegionE,78,150,87,93.1,6.1,92,14.72,5,561.2,1
42427,BatchInference,81,RegionA,RegionD,65,80,83,86.7833333333333,3.78333333333333,14,1.4,2,52.9666666666667,1
42729,RealTimeInference,90,RegionA,RegionC,15,20,90,91.35,1.35,5,0.4,0,6.75,1
42740,BatchInference,81,RegionE,RegionD,22,80,81,85.85,4.85,15,1.5,0,72.75,1
42752,RealTimeInference,80,RegionC,RegionA,15,20,80,81.8833333333333,1.88333333333333,7,0.56,0,13.1833333333333,1
42790,RealTimeInference,77,RegionB,RegionA,12,20,77,83.4333333333333,6.43333333333333,2,0.16,0,12.8666666666667,1
42907,AITraining,84,RegionD,RegionE,22,150,84,89.9166666666667,5.91666666666667,41,6.56,0,242.583333333333,1
42927,BatchInference,91,RegionB,RegionF,79,80,91,92.1,1.1,13,1.3,0,14.3,1
42964,RealTimeInference,74,RegionF,RegionE,18,20,74,75.9,1.9,6,0.48,0,11.4,1
42979,RealTimeInference,95,RegionA,RegionC,15,20,95,98.3,3.3,3,0.24,0,9.9,1
43220,RealTimeInference,92,RegionA,RegionC,15,20,92,98.3166666666667,6.31666666666667,7,0.56,0,44.2166666666667,1
43231,BatchInference,64,RegionD,RegionD,5,80,83,86.0833333333333,3.08333333333333,23,2.3,19,0,0
43278,BatchInference,65,RegionE,RegionD,22,80,83,86.75,3.75,18,1.8,18,67.5,1
43293,AITraining,53,RegionC,RegionF,76,150,87,88.0166666666667,1.01666666666667,32,5.12,34,32.5333333333333,1
43355,AITraining,82,RegionE,RegionE,5,150,87,93.1,6.1,89,14.24,5,0,0
43603,RealTimeInference,80,RegionB,RegionA,12,20,80,86.25,6.25,5,0.4,0,31.25,1
43633,AITraining,32,RegionF,RegionB,79,150,87,90.0833333333333,3.08333333333333,88,14.08,55,271.333333333333,1
43706,RealTimeInference,78,RegionA,RegionC,15,20,78,83.0833333333333,5.08333333333333,7,0.56,0,35.5833333333333,1
44133,RealTimeInference,81,RegionA,RegionA,5,20,81,86.65,5.65,3,0.24,0,0,0
44394,AITraining,72,RegionF,RegionC,76,150,87,90.15,3.15,75,12,15,236.25,1
44441,BatchInference,90,RegionA,RegionC,15,80,95,97.4166666666667,2.41666666666667,4,0.4,5,9.66666666666667,1
44540,AITraining,74,RegionD,RegionE,22,150,87,89.2666666666667,2.26666666666667,59,9.44,13,133.733333333333,1
44583,AITraining,87,RegionF,RegionD,25,150,93,93.1833333333333,0.183333333333333,111,17.76,6,20.35,1
44659,AITraining,69,RegionD,RegionD,5,150,72,75.4,3.4,105,16.8,3,0,0
44664,AITraining,92,RegionD,RegionE,22,150,92,93.2333333333333,1.23333333333333,68,10.88,0,83.8666666666667,1
44671,RealTimeInference,91,RegionA,RegionC,15,20,91,96.75,5.75,5,0.4,0,28.75,1
44690,RealTimeInference,86,RegionA,RegionC,15,20,86,92.2666666666667,6.26666666666667,4,0.32,0,25.0666666666667,1
44723,BatchInference,77,RegionA,RegionD,65,80,77,79.7666666666667,2.76666666666667,10,1,0,27.6666666666667,1
44802,BatchInference,83,RegionA,RegionB,12,80,83,86.4166666666667,3.41666666666667,4,0.4,0,13.6666666666667,1
44833,AITraining,51,RegionF,RegionE,18,150,87,93.0833333333333,6.08333333333333,19,3.04,36,115.583333333333,1
45452,AITraining,83,RegionD,RegionE,22,150,83,87.3,4.3,70,11.2,0,301,1
45469,BatchInference,74,RegionE,RegionF,18,80,74,78.8333333333333,4.83333333333333,20,2,0,96.6666666666667,1
45710,AITraining,90,RegionE,RegionF,18,150,90,95.35,5.35,115,18.4,0,615.25,1
45808,BatchInference,79,RegionD,RegionE,22,80,79,80.55,1.55,5,0.5,0,7.75,1
45825,BatchInference,90,RegionA,RegionE,78,80,90,95.1833333333333,5.18333333333333,7,0.7,0,36.2833333333333,1
45853,BatchInference,67,RegionC,RegionC,5,80,72,73.0666666666667,1.06666666666667,22,2.2,5,0,0
45983,BatchInference,88,RegionB,RegionF,79,80,88,93.4166666666667,5.41666666666667,6,0.6,0,32.5,1
46020,RealTimeInference,95,RegionC,RegionC,5,20,95,97.6333333333333,2.63333333333333,1,0.08,0,0,0
46080,AITraining,48,RegionA,RegionA,5,150,85,85.6,0.6,53,8.48,37,0,0
46144,AITraining,61,RegionF,RegionA,82,150,85,85.6333333333333,0.633333333333333,125,20,24,79.1666666666667,1
46168,BatchInference,69,RegionC,RegionD,58,80,83,86.85,3.85,7,0.7,14,26.95,1
46272,RealTimeInference,92,RegionA,RegionA,5,20,92,94,2,2,0.16,0,0,0
46303,BatchInference,52,RegionA,RegionD,65,80,83,86.9,3.9,21,2.1,31,81.9,1
46479,AITraining,81,RegionF,RegionA,82,150,87,88.75,1.75,25,4,6,43.75,1
46512,AITraining,67,RegionF,RegionA,82,150,87,88.6666666666667,1.66666666666667,86,13.76,20,143.333333333333,1
46584,BatchInference,73,RegionE,RegionF,18,80,73,77.4666666666667,4.46666666666667,20,2,0,89.3333333333333,1
46586,RealTimeInference,86,RegionA,RegionB,12,20,86,87.8,1.8,4,0.32,0,7.2,1
46592,RealTimeInference,77,RegionA,RegionC,15,20,77,81.7666666666667,4.76666666666667,2,0.16,0,9.53333333333333,1
46712,BatchInference,67,RegionB,RegionE,74,80,83,85.3666666666667,2.36666666666667,15,1.5,16,35.5,1
46727,BatchInference,82,RegionD,RegionD,5,80,89,90.3833333333333,1.38333333333333,4,0.4,7,0,0
46793,BatchInference,66,RegionD,RegionB,60,80,83,85.6333333333333,2.63333333333333,14,1.4,17,36.8666666666667,1
46822,AITraining,49,RegionC,RegionE,70,150,79,85.45,6.45,108,17.28,30,696.6,1
47052,AITraining,95,RegionD,RegionE,22,150,95,98.05,3.05,69,11.04,0,210.45,1
47222,BatchInference,73,RegionA,RegionB,12,80,83,85.35,2.35,4,0.4,10,9.4,1
47284,AITraining,74,RegionE,RegionA,78,150,74,75,1,127,20.32,0,127,1
47323,AITraining,84,RegionE,RegionD,22,150,84,86.6166666666667,2.61666666666667,109,17.44,0,285.216666666667,1
47351,AITraining,75,RegionF,RegionF,5,150,75,76.7333333333333,1.73333333333333,105,16.8,0,0,0
47368,RealTimeInference,79,RegionB,RegionA,12,20,79,84.2166666666667,5.21666666666667,2,0.16,0,10.4333333333333,1
47395,BatchInference,31,RegionC,RegionD,58,80,83,86.0833333333333,3.08333333333333,7,0.7,52,21.5833333333333,1
47397,BatchInference,78,RegionE,RegionE,5,80,78,80.5333333333333,2.53333333333333,13,1.3,0,0,0
47462,AITraining,53,RegionE,RegionF,18,150,87,93.35,6.35,115,18.4,34,730.25,1
47585,AITraining,84,RegionD,RegionB,60,150,84,89.4666666666667,5.46666666666667,97,15.52,0,530.266666666667,1
47634,RealTimeInference,94,RegionD,RegionD,5,20,94,96.6666666666667,2.66666666666667,5,0.4,0,0,0
47753,RealTimeInference,75,RegionA,RegionC,15,20,75,79.9,4.9,7,0.56,0,34.3,1
47781,BatchInference,37,RegionB,RegionA,12,80,83,87.1333333333333,4.13333333333333,22,2.2,46,90.9333333333333,1
47877,RealTimeInference,80,RegionF,RegionE,18,20,80,82,2,5,0.4,0,10,1
47943,RealTimeInference,90,RegionA,RegionC,15,20,90,95.0166666666667,5.01666666666667,2,0.16,0,10.0333333333333,1
47972,BatchInference,76,RegionC,RegionF,76,80,76,79.2833333333333,3.28333333333333,9,0.9,0,29.55,1
48076,RealTimeInference,74,RegionA,RegionA,5,20,74,77.0166666666667,3.01666666666667,6,0.48,0,0,0
48251,AITraining,77,RegionF,RegionF,5,150,87,88.7333333333333,1.73333333333333,91,14.56,10,0,0
48284,RealTimeInference,92,RegionA,RegionC,15,20,92,94.8333333333333,2.83333333333333,3,0.24,0,8.5,1
48527,BatchInference,94,RegionA,RegionE,78,80,94,100.533333333333,6.53333333333333,19,1.9,0,124.133333333333,1
48802,BatchInference,85,RegionF,RegionB,79,80,85,85.4333333333333,0.433333333333333,5,0.5,0,2.16666666666667,1
48875,BatchInference,43,RegionA,RegionD,65,80,83,86.9833333333333,3.98333333333333,22,2.2,40,87.6333333333333,1
48913,RealTimeInference,86,RegionD,RegionD,5,20,86,92.55,6.55,7,0.56,0,0,0
49211,RealTimeInference,87,RegionA,RegionB,12,20,87,92.4166666666667,5.41666666666667,6,0.48,0,32.5,1
49216,AITraining,88,RegionC,RegionE,70,150,94,99.2,5.2,120,19.2,6,624,1
49272,BatchInference,84,RegionD,RegionD,5,80,84,87.5166666666667,3.51666666666667,21,2.1,0,0,0
49423,RealTimeInference,91,RegionC,RegionC,5,20,91,93.2166666666667,2.21666666666667,6,0.48,0,0,0
49542,AITraining,57,RegionF,RegionC,76,150,87,90.3666666666667,3.36666666666667,126,20.16,30,424.2,1
49561,AITraining,76,RegionE,RegionF,18,150,76,79.05,3.05,24,3.84,0,73.2,1
49587,RealTimeInference,88,RegionC,RegionC,5,20,88,93.3333333333333,5.33333333333333,2,0.16,0,0,0
49705,AITraining,95,RegionE,RegionD,22,150,95,98.4166666666667,3.41666666666667,53,8.48,0,181.083333333333,1
49712,AITraining,43,RegionE,RegionD,22,150,72,73.05,1.05,52,8.32,29,54.6,1
49770,RealTimeInference,77,RegionB,RegionC,14,20,77,81.0333333333333,4.03333333333333,3,0.24,0,12.1,1
49793,RealTimeInference,87,RegionA,RegionC,15,20,87,90.3,3.3,1,0.08,0,3.3,1
49831,RealTimeInference,73,RegionC,RegionA,15,20,73,76.5166666666667,3.51666666666667,1,0.08,0,3.51666666666667,1
49869,RealTimeInference,89,RegionC,RegionA,15,20,89,91.25,2.25,3,0.24,0,6.75,1
10,AITraining,108,RegionE,RegionA,78,150,108,112.083333333333,4.08333333333333,37,5.92,0,151.083333333333,1
233,BatchInference,113,RegionD,RegionF,25,80,113,119.216666666667,6.21666666666667,22,2.2,0,136.766666666667,1
275,RealTimeInference,100,RegionA,RegionC,15,20,100,100.533333333333,0.533333333333333,3,0.24,0,1.6,1
325,BatchInference,118,RegionD,RegionF,25,80,118,124.583333333333,6.58333333333333,17,1.7,0,111.916666666667,1
333,AITraining,111,RegionF,RegionE,18,150,117,121.7,4.7,89,14.24,6,418.3,1
343,BatchInference,79,RegionC,RegionF,76,80,104,108.85,4.85,9,0.9,25,43.65,1
386,BatchInference,117,RegionF,RegionF,5,80,117,118.183333333333,1.18333333333333,17,1.7,0,0,0
513,RealTimeInference,118,RegionA,RegionA,5,20,118,124.233333333333,6.23333333333333,4,0.32,0,0,0
637,BatchInference,102,RegionB,RegionE,74,80,102,108.1,6.1,18,1.8,0,109.8,1
677,RealTimeInference,105,RegionA,RegionC,15,20,105,105.833333333333,0.833333333333333,1,0.08,0,0.833333333333333,1
900,BatchInference,109,RegionB,RegionB,5,80,109,110.583333333333,1.58333333333333,10,1,0,0,0
1137,BatchInference,109,RegionC,RegionF,76,80,109,110.2,1.2,10,1,0,12,1
1725,AITraining,109,RegionB,RegionF,79,150,110,111.133333333333,1.13333333333333,23,3.68,1,26.0666666666667,1
1919,AITraining,115,RegionE,RegionF,18,150,115,118.616666666667,3.61666666666667,63,10.08,0,227.85,1
1981,BatchInference,82,RegionA,RegionE,78,80,96,102.616666666667,6.61666666666667,21,2.1,14,138.95,1
2105,BatchInference,112,RegionA,RegionC,15,80,112,112.85,0.85,12,1.2,0,10.2,1
2141,AITraining,104,RegionE,RegionE,5,150,110,111.533333333333,1.53333333333333,114,18.24,6,0,0
2279,BatchInference,118,RegionD,RegionE,22,80,118,118.25,0.25,5,0.5,0,1.25,1
2312,BatchInference,72,RegionD,RegionD,5,80,105,107.4,2.4,22,2.2,33,0,0
2379,RealTimeInference,103,RegionC,RegionA,15,20,103,106.333333333333,3.33333333333333,2,0.16,0,6.66666666666667,1
2717,AITraining,112,RegionD,RegionF,25,150,118,119.183333333333,1.18333333333333,33,5.28,6,39.05,1
2834,RealTimeInference,107,RegionA,RegionB,12,20,107,107.816666666667,0.816666666666667,2,0.16,0,1.63333333333333,1
2843,RealTimeInference,117,RegionB,RegionC,14,20,117,117.483333333333,0.483333333333333,1,0.08,0,0.483333333333333,1
3092,AITraining,99,RegionD,RegionD,5,150,99,100.716666666667,1.71666666666667,46,7.36,0,0,0
3174,RealTimeInference,107,RegionF,RegionF,5,20,107,110.333333333333,3.33333333333333,6,0.48,0,0,0
3179,RealTimeInference,106,RegionC,RegionA,15,20,106,106.95,0.95,7,0.56,0,6.65,1
3225,BatchInference,102,RegionE,RegionE,5,80,102,103.95,1.95,23,2.3,0,0,0
3301,RealTimeInference,98,RegionB,RegionA,12,20,98,98.7666666666667,0.766666666666667,5,0.4,0,3.83333333333333,1
3351,AITraining,102,RegionF,RegionE,18,150,102,106.683333333333,4.68333333333333,62,9.92,0,290.366666666667,1
3524,AITraining,111,RegionD,RegionC,58,150,117,117.483333333333,0.483333333333333,45,7.2,6,21.75,1
3581,RealTimeInference,97,RegionA,RegionB,12,20,97,99.4166666666667,2.41666666666667,7,0.56,0,16.9166666666667,1
3612,BatchInference,76,RegionE,RegionA,78,80,105,105.916666666667,0.916666666666667,23,2.3,29,21.0833333333333,1
3644,RealTimeInference,103,RegionC,RegionB,14,20,103,109.083333333333,6.08333333333333,1,0.08,0,6.08333333333333,1
3660,BatchInference,78,RegionA,RegionD,65,80,96,101.916666666667,5.91666666666667,17,1.7,18,100.583333333333,1
3723,RealTimeInference,119,RegionC,RegionC,5,20,119,120.416666666667,1.41666666666667,5,0.4,0,0,0
3774,AITraining,50,RegionD,RegionD,5,150,110,111.316666666667,1.31666666666667,26,4.16,60,0,0
3872,RealTimeInference,102,RegionB,RegionA,12,20,102,106.166666666667,4.16666666666667,2,0.16,0,8.33333333333333,1
3931,RealTimeInference,109,RegionB,RegionB,5,20,109,110.333333333333,1.33333333333333,3,0.24,0,0,0
4074,AITraining,109,RegionD,RegionE,22,150,110,111.55,1.55,63,10.08,1,97.65,1
4110,RealTimeInference,115,RegionC,RegionB,14,20,115,116.766666666667,1.76666666666667,4,0.32,0,7.06666666666667,1
4182,RealTimeInference,113,RegionC,RegionB,14,20,113,116.35,3.35,7,0.56,0,23.45,1
4250,BatchInference,112,RegionA,RegionB,12,80,112,116.716666666667,4.71666666666667,7,0.7,0,33.0166666666667,1
4360,BatchInference,106,RegionE,RegionB,74,80,113,114.35,1.35,6,0.6,7,8.1,1
4577,RealTimeInference,114,RegionC,RegionC,5,20,114,115.616666666667,1.61666666666667,2,0.16,0,0,0
4632,BatchInference,114,RegionB,RegionF,79,80,114,118.65,4.65,11,1.1,0,51.15,1
4657,RealTimeInference,101,RegionA,RegionA,5,20,101,105.35,4.35,2,0.16,0,0,0
4674,BatchInference,95,RegionD,RegionD,5,80,105,107.35,2.35,22,2.2,10,0,0
4688,RealTimeInference,111,RegionC,RegionA,15,20,111,112,1,3,0.24,0,3,1
4808,BatchInference,98,RegionA,RegionE,78,80,98,100.216666666667,2.21666666666667,11,1.1,0,24.3833333333333,1
4995,AITraining,95,RegionE,RegionE,5,150,110,116.1,6.1,49,7.84,15,0,0
5063,BatchInference,109,RegionF,RegionB,79,80,115,117.316666666667,2.31666666666667,21,2.1,6,48.65,1
5224,AITraining,115,RegionE,RegionE,5,150,115,120.25,5.25,70,11.2,0,0,0
5484,BatchInference,106,RegionA,RegionD,65,80,106,110.966666666667,4.96666666666667,17,1.7,0,84.4333333333333,1
5631,BatchInference,72,RegionD,RegionD,5,80,104,108.733333333333,4.73333333333333,9,0.9,32,0,0
5841,BatchInference,107,RegionD,RegionF,25,80,108,112,4,20,2,1,80,1
5911,RealTimeInference,97,RegionA,RegionB,12,20,97,99.35,2.35,7,0.56,0,16.45,1
6095,BatchInference,103,RegionB,RegionD,60,80,105,107.016666666667,2.01666666666667,17,1.7,2,34.2833333333333,1
6132,AITraining,94,RegionF,RegionD,25,150,110,111.683333333333,1.68333333333333,35,5.6,16,58.9166666666667,1
6272,BatchInference,117,RegionB,RegionE,74,80,117,120.583333333333,3.58333333333333,10,1,0,35.8333333333333,1
6339,BatchInference,55,RegionC,RegionD,58,80,104,109.05,5.05,8,0.8,49,40.4,1
6345,AITraining,84,RegionD,RegionD,5,150,110,116.616666666667,6.61666666666667,23,3.68,26,0,0
6419,BatchInference,113,RegionD,RegionB,60,80,113,113.183333333333,0.183333333333333,11,1.1,0,2.01666666666667,1
6420,AITraining,108,RegionF,RegionB,79,150,108,113.866666666667,5.86666666666667,37,5.92,0,217.066666666667,1
6429,AITraining,24,RegionD,RegionA,65,150,105,107.166666666667,2.16666666666667,46,7.36,81,99.6666666666667,1
6537,AITraining,99,RegionE,RegionF,18,150,99,103.266666666667,4.26666666666667,103,16.48,0,439.466666666667,1
6559,BatchInference,92,RegionA,RegionA,5,80,108,109.35,1.35,14,1.4,16,0,0
6596,AITraining,74,RegionE,RegionE,5,150,106,106.633333333333,0.633333333333333,58,9.28,32,0,0
6660,BatchInference,106,RegionC,RegionF,76,80,106,110.65,4.65,22,2.2,0,102.3,1
6710,BatchInference,66,RegionA,RegionA,5,80,108,112.7,4.7,12,1.2,42,0,0
6731,RealTimeInference,104,RegionA,RegionC,15,20,104,107.75,3.75,6,0.48,0,22.5,1
6783,BatchInference,98,RegionA,RegionE,78,80,98,104.133333333333,6.13333333333333,21,2.1,0,128.8,1
6835,BatchInference,105,RegionA,RegionD,65,80,105,110.633333333333,5.63333333333333,5,0.5,0,28.1666666666667,1
6952,AITraining,95,RegionF,RegionF,5,150,105,108.433333333333,3.43333333333333,57,9.12,10,0,0
6969,AITraining,101,RegionE,RegionE,5,150,101,104.083333333333,3.08333333333333,127,20.32,0,0,0
7082,RealTimeInference,103,RegionC,RegionA,15,20,103,103.183333333333,0.183333333333333,6,0.48,0,1.1,1
7206,AITraining,116,RegionE,RegionD,22,150,116,121.983333333333,5.98333333333333,31,4.96,0,185.483333333333,1
7242,AITraining,110,RegionD,RegionD,5,150,116,116.283333333333,0.283333333333333,46,7.36,6,0,0
7297,BatchInference,71,RegionD,RegionE,22,80,106,106.933333333333,0.933333333333333,22,2.2,35,20.5333333333333,1
7375,BatchInference,95,RegionC,RegionF,76,80,108,113.616666666667,5.61666666666667,17,1.7,13,95.4833333333333,1
7406,RealTimeInference,118,RegionA,RegionA,5,20,118,121,3,2,0.16,0,0,0
7443,AITraining,97,RegionF,RegionB,79,150,97,101.15,4.15,119,19.04,0,493.85,1
7639,BatchInference,94,RegionD,RegionD,5,80,105,107.016666666667,2.01666666666667,5,0.5,11,0,0
7682,RealTimeInference,107,RegionA,RegionC,15,20,107,107.633333333333,0.633333333333333,5,0.4,0,3.16666666666667,1
7694,BatchInference,104,RegionA,RegionD,65,80,111,115.683333333333,4.68333333333333,12,1.2,7,56.2,1
7713,BatchInference,66,RegionF,RegionF,5,80,103,109.616666666667,6.61666666666667,20,2,37,0,0
7744,RealTimeInference,105,RegionC,RegionC,5,20,105,111.283333333333,6.28333333333333,7,0.56,0,0,0
7745,BatchInference,116,RegionE,RegionE,5,80,116,122.283333333333,6.28333333333333,23,2.3,0,0,0
7809,BatchInference,104,RegionD,RegionD,5,80,104,106.966666666667,2.96666666666667,18,1.8,0,0,0
7909,AITraining,105,RegionF,RegionA,82,150,105,106.033333333333,1.03333333333333,70,11.2,0,72.3333333333333,1
7911,RealTimeInference,98,RegionA,RegionA,5,20,98,103.75,5.75,6,0.48,0,0,0
7914,BatchInference,116,RegionD,RegionB,60,80,116,117.533333333333,1.53333333333333,22,2.2,0,33.7333333333333,1
8004,AITraining,112,RegionD,RegionE,22,150,118,121.466666666667,3.46666666666667,62,9.92,6,214.933333333333,1
8042,BatchInference,83,RegionA,RegionE,78,80,106,106.85,0.85,9,0.9,23,7.65,1
8050,BatchInference,113,RegionB,RegionF,79,80,113,118.7,5.7,6,0.6,0,34.2,1
8095,BatchInference,97,RegionB,RegionD,60,80,105,108.766666666667,3.76666666666667,11,1.1,8,41.4333333333333,1
8107,AITraining,114,RegionA,RegionE,78,150,114,116.95,2.95,37,5.92,0,109.15,1
8296,BatchInference,81,RegionE,RegionF,18,80,108,114.183333333333,6.18333333333333,12,1.2,27,74.2,1
8312,AITraining,96,RegionD,RegionB,60,150,96,99.0333333333333,3.03333333333333,40,6.4,0,121.333333333333,1
8417,BatchInference,100,RegionB,RegionE,74,80,100,103.333333333333,3.33333333333333,23,2.3,0,76.6666666666667,1
8497,BatchInference,103,RegionC,RegionF,76,80,104,108.6,4.6,8,0.8,1,36.8,1
8510,BatchInference,69,RegionC,RegionA,15,80,108,114.5,6.5,12,1.2,39,78,1
8516,AITraining,104,RegionD,RegionD,5,150,111,116.833333333333,5.83333333333333,77,12.32,7,0,0
8614,BatchInference,91,RegionB,RegionD,60,80,105,107.616666666667,2.61666666666667,23,2.3,14,60.1833333333333,1
8699,RealTimeInference,96,RegionA,RegionB,12,20,96,97.7833333333333,1.78333333333333,7,0.56,0,12.4833333333333,1
8738,AITraining,115,RegionD,RegionF,25,150,115,119.8,4.8,58,9.28,0,278.4,1
9074,BatchInference,98,RegionC,RegionE,70,80,98,99.5333333333333,1.53333333333333,5,0.5,0,7.66666666666667,1
9304,BatchInference,74,RegionC,RegionF,76,80,108,114.133333333333,6.13333333333333,7,0.7,34,42.9333333333333,1
9618,RealTimeInference,99,RegionB,RegionA,12,20,99,104.466666666667,5.46666666666667,7,0.56,0,38.2666666666667,1
9627,RealTimeInference,105,RegionC,RegionC,5,20,105,107.366666666667,2.36666666666667,6,0.48,0,0,0
9645,BatchInference,107,RegionC,RegionE,70,80,108,114.45,6.45,16,1.6,1,103.2,1
9711,AITraining,95,RegionE,RegionF,18,150,96,98.0666666666667,2.06666666666667,126,20.16,1,260.4,1
9842,BatchInference,73,RegionC,RegionF,76,80,105,105.733333333333,0.733333333333333,22,2.2,32,16.1333333333333,1
9874,BatchInference,94,RegionC,RegionD,58,80,108,111.983333333333,3.98333333333333,14,1.4,14,55.7666666666667,1
9949,BatchInference,79,RegionE,RegionF,18,80,104,108.95,4.95,17,1.7,25,84.15,1
10201,BatchInference,104,RegionB,RegionA,12,80,108,108.583333333333,0.583333333333333,5,0.5,4,2.91666666666667,1
10276,RealTimeInference,119,RegionC,RegionC,5,20,119,123.783333333333,4.78333333333333,6,0.48,0,0,0
10320,RealTimeInference,115,RegionB,RegionC,14,20,115,116,1,3,0.24,0,3,1
10350,AITraining,98,RegionF,RegionE,18,150,98,100.466666666667,2.46666666666667,96,15.36,0,236.8,1
10408,BatchInference,69,RegionE,RegionD,22,80,105,107.066666666667,2.06666666666667,15,1.5,36,31,1
10417,RealTimeInference,110,RegionA,RegionC,15,20,110,112.216666666667,2.21666666666667,3,0.24,0,6.65,1
10513,AITraining,102,RegionF,RegionE,18,150,102,104.4,2.4,37,5.92,0,88.8,1
10566,RealTimeInference,112,RegionD,RegionD,5,20,112,113.6,1.6,4,0.32,0,0,0
10590,RealTimeInference,105,RegionB,RegionB,5,20,105,110.933333333333,5.93333333333333,5,0.4,0,0,0
10671,AITraining,89,RegionF,RegionE,18,150,110,115.65,5.65,59,9.44,21,333.35,1
10680,BatchInference,115,RegionB,RegionE,74,80,115,120.416666666667,5.41666666666667,5,0.5,0,27.0833333333333,1
10756,AITraining,118,RegionF,RegionF,5,150,118,118.766666666667,0.766666666666667,88,14.08,0,0,0
10778,BatchInference,113,RegionB,RegionB,5,80,113,117.35,4.35,9,0.9,0,0,0
10950,BatchInference,80,RegionC,RegionD,58,80,104,109.083333333333,5.08333333333333,11,1.1,24,55.9166666666667,1
10966,AITraining,61,RegionF,RegionF,5,150,96,97.3333333333333,1.33333333333333,72,11.52,35,0,0
10990,BatchInference,95,RegionC,RegionF,76,80,108,114.133333333333,6.13333333333333,13,1.3,13,79.7333333333333,1
11151,RealTimeInference,97,RegionA,RegionB,12,20,97,100.85,3.85,4,0.32,0,15.4,1
11176,AITraining,114,RegionF,RegionD,25,150,114,118.116666666667,4.11666666666667,97,15.52,0,399.316666666667,1
11270,BatchInference,101,RegionB,RegionD,60,80,105,107.7,2.7,4,0.4,4,10.8,1
11503,AITraining,103,RegionF,RegionE,18,150,103,108.983333333333,5.98333333333333,88,14.08,0,526.533333333333,1
11523,RealTimeInference,103,RegionC,RegionA,15,20,103,103.55,0.55,6,0.48,0,3.3,1
11542,RealTimeInference,109,RegionC,RegionB,14,20,109,114.9,5.9,7,0.56,0,41.3,1
11670,AITraining,115,RegionD,RegionF,25,150,115,119.883333333333,4.88333333333333,48,7.68,0,234.4,1
11691,BatchInference,96,RegionC,RegionF,76,80,105,108.833333333333,3.83333333333333,17,1.7,9,65.1666666666667,1
11829,AITraining,114,RegionD,RegionE,22,150,114,118.183333333333,4.18333333333333,54,8.64,0,225.9,1
11880,RealTimeInference,118,RegionA,RegionC,15,20,118,124.616666666667,6.61666666666667,4,0.32,0,26.4666666666667,1
12185,AITraining,114,RegionE,RegionD,22,150,114,117.466666666667,3.46666666666667,98,15.68,0,339.733333333333,1
12368,AITraining,118,RegionE,RegionE,5,150,118,123.15,5.15,37,5.92,0,0,0
12630,RealTimeInference,106,RegionB,RegionC,14,20,106,107.366666666667,1.36666666666667,7,0.56,0,9.56666666666667,1
12834,BatchInference,96,RegionD,RegionF,25,80,105,108.433333333333,3.43333333333333,8,0.8,9,27.4666666666667,1
12857,BatchInference,103,RegionA,RegionB,12,80,111,117.183333333333,6.18333333333333,13,1.3,8,80.3833333333333,1
13034,RealTimeInference,96,RegionA,RegionB,12,20,96,97.6333333333333,1.63333333333333,2,0.16,0,3.26666666666667,1
13051,BatchInference,69,RegionD,RegionD,5,80,104,109.066666666667,5.06666666666667,9,0.9,35,0,0
13131,BatchInference,104,RegionF,RegionD,25,80,104,109.1,5.1,19,1.9,0,96.9,1
13147,RealTimeInference,113,RegionB,RegionB,5,20,113,114.6,1.6,1,0.08,0,0,0
13275,AITraining,109,RegionF,RegionB,79,150,109,114.516666666667,5.51666666666667,94,15.04,0,518.566666666667,1
13314,AITraining,104,RegionF,RegionF,5,150,105,108.266666666667,3.26666666666667,19,3.04,1,0,0
13317,RealTimeInference,108,RegionA,RegionA,5,20,108,109.65,1.65,4,0.32,0,0,0
13537,BatchInference,83,RegionE,RegionF,18,80,106,107.3,1.3,4,0.4,23,5.2,1
13607,AITraining,78,RegionE,RegionB,74,150,96,99.45,3.45,99,15.84,18,341.55,1
13611,BatchInference,109,RegionA,RegionD,65,80,115,118.116666666667,3.11666666666667,10,1,6,31.1666666666667,1
13658,AITraining,78,RegionD,RegionC,58,150,110,115.383333333333,5.38333333333333,22,3.52,32,118.433333333333,1
13849,BatchInference,105,RegionC,RegionD,58,80,105,107.216666666667,2.21666666666667,5,0.5,0,11.0833333333333,1
13879,BatchInference,11,RegionF,RegionF,5,80,105,105.433333333333,0.433333333333333,20,2,94,0,0
13897,AITraining,86,RegionE,RegionC,70,150,110,114.783333333333,4.78333333333333,117,18.72,24,559.65,1
14088,RealTimeInference,104,RegionC,RegionC,5,20,104,105.483333333333,1.48333333333333,2,0.16,0,0,0
14339,BatchInference,71,RegionA,RegionE,78,80,106,106.516666666667,0.516666666666667,7,0.7,35,3.61666666666667,1
14394,AITraining,110,RegionD,RegionD,5,150,116,116.883333333333,0.883333333333333,30,4.8,6,0,0
14435,AITraining,114,RegionE,RegionE,5,150,114,116.416666666667,2.41666666666667,29,4.64,0,0,0
14508,BatchInference,101,RegionE,RegionE,5,80,101,106.916666666667,5.91666666666667,9,0.9,0,0,0
14511,BatchInference,88,RegionB,RegionD,60,80,104,109.033333333333,5.03333333333333,16,1.6,16,80.5333333333333,1
14541,BatchInference,98,RegionF,RegionE,18,80,98,100.933333333333,2.93333333333333,15,1.5,0,44,1
14555,BatchInference,53,RegionA,RegionB,12,80,104,108.083333333333,4.08333333333333,11,1.1,51,44.9166666666667,1
14574,RealTimeInference,117,RegionD,RegionD,5,20,117,123.183333333333,6.18333333333333,4,0.32,0,0,0
14606,BatchInference,110,RegionE,RegionF,18,80,116,121.983333333333,5.98333333333333,10,1,6,59.8333333333333,1
14704,RealTimeInference,111,RegionC,RegionC,5,20,111,113.166666666667,2.16666666666667,6,0.48,0,0,0
14722,AITraining,112,RegionD,RegionB,60,150,112,117.533333333333,5.53333333333333,82,13.12,0,453.733333333333,1
14816,RealTimeInference,119,RegionC,RegionC,5,20,119,119.55,0.55,6,0.48,0,0,0
14856,BatchInference,104,RegionF,RegionF,5,80,108,108.6,0.6,7,0.7,4,0,0
14864,AITraining,112,RegionC,RegionF,76,150,118,118.8,0.8,78,12.48,6,62.4,1
14987,BatchInference,92,RegionF,RegionB,79,80,108,114.25,6.25,18,1.8,16,112.5,1
15042,RealTimeInference,97,RegionA,RegionB,12,20,97,101.516666666667,4.51666666666667,7,0.56,0,31.6166666666667,1
15062,AITraining,102,RegionD,RegionE,22,150,102,104,2,64,10.24,0,128,1
15155,RealTimeInference,108,RegionB,RegionA,12,20,108,113.15,5.15,5,0.4,0,25.75,1
15254,RealTimeInference,118,RegionB,RegionA,12,20,118,121.15,3.15,7,0.56,0,22.05,1
15333,BatchInference,99,RegionD,RegionF,25,80,99,99.6833333333333,0.683333333333333,21,2.1,0,14.35,1
15364,BatchInference,93,RegionB,RegionD,60,80,104,109.35,5.35,4,0.4,11,21.4,1
15532,BatchInference,87,RegionF,RegionE,18,80,104,108.083333333333,4.08333333333333,14,1.4,17,57.1666666666667,1
15585,RealTimeInference,98,RegionA,RegionA,5,20,98,101.966666666667,3.96666666666667,3,0.24,0,0,0
15619,AITraining,101,RegionD,RegionE,22,150,101,105.416666666667,4.41666666666667,21,3.36,0,92.75,1
15785,BatchInference,97,RegionC,RegionD,58,80,105,107.533333333333,2.53333333333333,19,1.9,8,48.1333333333333,1
15863,BatchInference,117,RegionC,RegionF,76,80,117,121.55,4.55,10,1,0,45.5,1
15906,BatchInference,99,RegionF,RegionF,5,80,99,99.5333333333333,0.533333333333333,13,1.3,0,0,0
15941,RealTimeInference,110,RegionA,RegionB,12,20,110,114.433333333333,4.43333333333333,4,0.32,0,17.7333333333333,1
16220,BatchInference,117,RegionE,RegionF,18,80,117,121.5,4.5,7,0.7,0,31.5,1
16236,BatchInference,59,RegionB,RegionE,74,80,103,109.2,6.2,4,0.4,44,24.8,1
16251,BatchInference,33,RegionD,RegionE,22,80,106,106.166666666667,0.166666666666667,12,1.2,73,2,1
16310,BatchInference,85,RegionD,RegionE,22,80,103,109.266666666667,6.26666666666667,16,1.6,18,100.266666666667,1
16344,BatchInference,91,RegionE,RegionF,18,80,106,107.65,1.65,9,0.9,15,14.85,1
16455,BatchInference,112,RegionD,RegionB,60,80,112,114.516666666667,2.51666666666667,19,1.9,0,47.8166666666667,1
16530,BatchInference,71,RegionA,RegionE,78,80,106,106.2,0.2,18,1.8,35,3.6,1
16879,AITraining,91,RegionD,RegionD,5,150,104,109.266666666667,5.26666666666667,94,15.04,13,0,0
16963,BatchInference,74,RegionA,RegionD,65,80,105,106.416666666667,1.41666666666667,19,1.9,31,26.9166666666667,1
16980,BatchInference,104,RegionD,RegionD,5,80,104,107.783333333333,3.78333333333333,22,2.2,0,0,0
17029,AITraining,91,RegionD,RegionD,5,150,105,107.4,2.4,73,11.68,14,0,0
17082,RealTimeInference,114,RegionA,RegionB,12,20,114,116.916666666667,2.91666666666667,5,0.4,0,14.5833333333333,1
17155,AITraining,102,RegionD,RegionE,22,150,102,103.833333333333,1.83333333333333,58,9.28,0,106.333333333333,1
17173,RealTimeInference,106,RegionA,RegionB,12,20,106,108.866666666667,2.86666666666667,2,0.16,0,5.73333333333333,1
17188,BatchInference,109,RegionC,RegionB,14,80,115,117,2,13,1.3,6,26,1
17229,BatchInference,80,RegionD,RegionD,5,80,104,108.966666666667,4.96666666666667,12,1.2,24,0,0
17252,BatchInference,101,RegionA,RegionE,78,80,104,108.4,4.4,4,0.4,3,17.6,1
17291,BatchInference,92,RegionA,RegionB,12,80,108,114.083333333333,6.08333333333333,13,1.3,16,79.0833333333333,1
17292,BatchInference,112,RegionB,RegionC,14,80,112,112.566666666667,0.566666666666667,9,0.9,0,5.1,1
17375,BatchInference,73,RegionF,RegionD,25,80,108,112.183333333333,4.18333333333333,14,1.4,35,58.5666666666667,1
17511,AITraining,81,RegionE,RegionD,22,150,110,111.316666666667,1.31666666666667,22,3.52,29,28.9666666666667,1
17543,BatchInference,78,RegionD,RegionF,25,80,96,96.4833333333333,0.483333333333333,22,2.2,18,10.6333333333333,1
17574,RealTimeInference,116,RegionA,RegionB,12,20,116,120.083333333333,4.08333333333333,6,0.48,0,24.5,1
17669,RealTimeInference,117,RegionC,RegionC,5,20,117,123.4,6.4,3,0.24,0,0,0
17721,BatchInference,97,RegionD,RegionB,60,80,115,116.8,1.8,19,1.9,18,34.2,1
17884,RealTimeInference,109,RegionB,RegionA,12,20,109,109.583333333333,0.583333333333333,1,0.08,0,0.583333333333333,1
17919,BatchInference,96,RegionE,RegionF,18,80,105,107.166666666667,2.16666666666667,8,0.8,9,17.3333333333333,1
17934,AITraining,108,RegionD,RegionA,65,150,108,113.75,5.75,37,5.92,0,212.75,1
17974,BatchInference,100,RegionB,RegionE,74,80,100,105.816666666667,5.81666666666667,16,1.6,0,93.0666666666667,1
17995,BatchInference,97,RegionC,RegionE,70,80,106,107.633333333333,1.63333333333333,23,2.3,9,37.5666666666667,1
18076,BatchInference,99,RegionE,RegionD,22,80,99,100.966666666667,1.96666666666667,10,1,0,19.6666666666667,1
18363,BatchInference,104,RegionD,RegionD,5,80,108,111.366666666667,3.36666666666667,11,1.1,4,0,0
18419,AITraining,108,RegionB,RegionA,12,150,108,112.516666666667,4.51666666666667,109,17.44,0,492.316666666667,1
18441,RealTimeInference,119,RegionB,RegionA,12,20,119,119.916666666667,0.916666666666667,7,0.56,0,6.41666666666667,1
18496,AITraining,105,RegionF,RegionF,5,150,105,106.633333333333,1.63333333333333,63,10.08,0,0,0
18535,BatchInference,109,RegionE,RegionF,18,80,115,119.85,4.85,8,0.8,6,38.8,1
18561,AITraining,80,RegionE,RegionF,18,150,106,106.65,0.65,27,4.32,26,17.55,1
18723,AITraining,111,RegionD,RegionE,22,150,117,121.666666666667,4.66666666666667,77,12.32,6,359.333333333333,1
18891,AITraining,69,RegionB,RegionF,79,150,110,116.45,6.45,104,16.64,41,670.8,1
18951,BatchInference,90,RegionB,RegionD,60,80,104,109.9,5.9,15,1.5,14,88.5,1
18960,RealTimeInference,110,RegionB,RegionB,5,20,110,114,4,4,0.32,0,0,0
18983,RealTimeInference,106,RegionA,RegionA,5,20,106,107.533333333333,1.53333333333333,1,0.08,0,0,0
19057,RealTimeInference,119,RegionB,RegionC,14,20,119,122.633333333333,3.63333333333333,1,0.08,0,3.63333333333333,1
19154,BatchInference,117,RegionA,RegionE,78,80,117,123.216666666667,6.21666666666667,7,0.7,0,43.5166666666667,1
19365,AITraining,101,RegionD,RegionA,65,150,104,109.016666666667,5.01666666666667,51,8.16,3,255.85,1
19518,AITraining,95,RegionE,RegionD,22,150,105,107.45,2.45,92,14.72,10,225.4,1
19973,RealTimeInference,119,RegionA,RegionC,15,20,119,123.116666666667,4.11666666666667,2,0.16,0,8.23333333333333,1
19977,BatchInference,77,RegionD,RegionC,58,80,105,105.433333333333,0.433333333333333,7,0.7,28,3.03333333333333,1
20018,BatchInference,112,RegionE,RegionF,18,80,118,121.966666666667,3.96666666666667,16,1.6,6,63.4666666666667,1
20034,BatchInference,75,RegionB,RegionC,14,80,105,105.216666666667,0.216666666666667,15,1.5,30,3.25,1
20038,AITraining,109,RegionF,RegionF,5,150,109,111.466666666667,2.46666666666667,111,17.76,0,0,0
20100,BatchInference,96,RegionB,RegionD,60,80,105,105.383333333333,0.383333333333333,23,2.3,9,8.81666666666667,1
20109,BatchInference,110,RegionD,RegionE,22,80,110,112.133333333333,2.13333333333333,13,1.3,0,27.7333333333333,1
20321,BatchInference,109,RegionA,RegionB,12,80,115,118.433333333333,3.43333333333333,20,2,6,68.6666666666667,1
20364,BatchInference,85,RegionD,RegionD,5,80,105,105.483333333333,0.483333333333333,5,0.5,20,0,0
20412,BatchInference,100,RegionF,RegionE,18,80,100,104,4,12,1.2,0,48,1
20538,AITraining,88,RegionC,RegionE,70,150,104,108.533333333333,4.53333333333333,63,10.08,16,285.6,1
20567,BatchInference,85,RegionD,RegionD,5,80,104,109.85,5.85,19,1.9,19,0,0
20569,BatchInference,77,RegionE,RegionD,22,80,104,109.95,5.95,14,1.4,27,83.3,1
20647,AITraining,100,RegionF,RegionE,18,150,100,103.95,3.95,23,3.68,0,90.85,1
20721,BatchInference,106,RegionA,RegionA,5,80,108,109.45,1.45,14,1.4,2,0,0
20738,AITraining,98,RegionE,RegionE,5,150,98,101.366666666667,3.36666666666667,108,17.28,0,0,0
20864,BatchInference,67,RegionE,RegionF,18,80,104,108.583333333333,4.58333333333333,18,1.8,37,82.5,1
20993,AITraining,104,RegionE,RegionE,5,150,104,109.583333333333,5.58333333333333,116,18.56,0,0,0
21303,RealTimeInference,119,RegionC,RegionA,15,20,119,121.516666666667,2.51666666666667,1,0.08,0,2.51666666666667,1
21320,BatchInference,91,RegionB,RegionF,79,80,106,106.333333333333,0.333333333333333,11,1.1,15,3.66666666666667,1
21341,BatchInference,116,RegionD,RegionD,5,80,116,117.15,1.15,11,1.1,0,0,0
21350,RealTimeInference,110,RegionE,RegionF,18,20,110,114.95,4.95,5,0.4,0,24.75,1
21431,BatchInference,99,RegionB,RegionE,74,80,103,109.35,6.35,9,0.9,4,57.15,1
21528,RealTimeInference,107,RegionA,RegionB,12,20,107,107.966666666667,0.966666666666667,1,0.08,0,0.966666666666667,1
21548,AITraining,109,RegionC,RegionB,14,150,109,114.55,5.55,98,15.68,0,543.9,1
21551,AITraining,75,RegionE,RegionA,78,150,104,109.3,5.3,95,15.2,29,503.5,1
21554,RealTimeInference,112,RegionA,RegionB,12,20,112,116.3,4.3,4,0.32,0,17.2,1
21577,BatchInference,48,RegionC,RegionD,58,80,105,107.466666666667,2.46666666666667,20,2,57,49.3333333333333,1
21690,RealTimeInference,101,RegionC,RegionA,15,20,101,107.2,6.2,1,0.08,0,6.2,1
21733,AITraining,97,RegionD,RegionC,58,150,97,97.6166666666667,0.616666666666667,104,16.64,0,64.1333333333333,1
21999,BatchInference,113,RegionE,RegionE,5,80,113,115.383333333333,2.38333333333333,22,2.2,0,0,0
22062,BatchInference,104,RegionC,RegionF,76,80,106,107,1,10,1,2,10,1
22070,BatchInference,98,RegionD,RegionE,22,80,98,100.95,2.95,15,1.5,0,44.25,1
22144,RealTimeInference,113,RegionF,RegionF,5,20,113,115.25,2.25,6,0.48,0,0,0
22224,BatchInference,108,RegionA,RegionA,5,80,108,113.066666666667,5.06666666666667,6,0.6,0,0,0
22276,AITraining,105,RegionB,RegionD,60,150,105,107.583333333333,2.58333333333333,44,7.04,0,113.666666666667,1
22305,AITraining,103,RegionE,RegionD,22,150,105,107.233333333333,2.23333333333333,81,12.96,2,180.9,1
22438,RealTimeInference,105,RegionC,RegionA,15,20,105,108.633333333333,3.63333333333333,5,0.4,0,18.1666666666667,1
22451,RealTimeInference,108,RegionC,RegionC,5,20,108,110.55,2.55,2,0.16,0,0,0
22523,AITraining,104,RegionF,RegionD,25,150,110,116.55,6.55,45,7.2,6,294.75,1
22666,AITraining,116,RegionE,RegionF,18,150,116,118.616666666667,2.61666666666667,122,19.52,0,319.233333333333,1
22669,BatchInference,71,RegionA,RegionD,65,80,104,109.566666666667,5.56666666666667,23,2.3,33,128.033333333333,1
22720,BatchInference,38,RegionE,RegionA,78,80,108,109.666666666667,1.66666666666667,8,0.8,70,13.3333333333333,1
22731,AITraining,114,RegionD,RegionD,5,150,114,114.4,0.4,67,10.72,0,0,0
22818,BatchInference,69,RegionD,RegionF,25,80,106,107.583333333333,1.58333333333333,22,2.2,37,34.8333333333333,1
22923,AITraining,97,RegionE,RegionF,18,150,110,115.35,5.35,71,11.36,13,379.85,1
23013,RealTimeInference,104,RegionB,RegionA,12,20,104,105.766666666667,1.76666666666667,2,0.16,0,3.53333333333333,1
23063,BatchInference,68,RegionA,RegionD,65,80,104,109.033333333333,5.03333333333333,9,0.9,36,45.3,1
23315,BatchInference,98,RegionC,RegionB,14,80,106,107.833333333333,1.83333333333333,6,0.6,8,11,1
23317,AITraining,104,RegionF,RegionD,25,150,110,112.166666666667,2.16666666666667,73,11.68,6,158.166666666667,1
23369,RealTimeInference,107,RegionC,RegionB,14,20,107,110.05,3.05,4,0.32,0,12.2,1
23595,AITraining,96,RegionD,RegionE,22,150,110,116.233333333333,6.23333333333333,70,11.2,14,436.333333333333,1
23617,BatchInference,87,RegionC,RegionD,58,80,104,109.033333333333,5.03333333333333,4,0.4,17,20.1333333333333,1
23690,AITraining,81,RegionE,RegionD,22,150,110,111.25,1.25,45,7.2,29,56.25,1
23729,AITraining,103,RegionE,RegionF,18,150,106,106.283333333333,0.283333333333333,118,18.88,3,33.4333333333333,1
23828,AITraining,72,RegionE,RegionF,18,150,110,111.35,1.35,36,5.76,38,48.6,1
23831,AITraining,109,RegionD,RegionE,22,150,110,115.1,5.1,28,4.48,1,142.8,1
24111,BatchInference,105,RegionE,RegionF,18,80,108,111.066666666667,3.06666666666667,15,1.5,3,46,1
24140,BatchInference,104,RegionB,RegionD,60,80,104,110.35,6.35,11,1.1,0,69.85,1
24232,AITraining,116,RegionD,RegionD,5,150,116,122.3,6.3,103,16.48,0,0,0
24275,BatchInference,111,RegionE,RegionF,18,80,117,119.366666666667,2.36666666666667,6,0.6,6,14.2,1
24286,RealTimeInference,111,RegionB,RegionB,5,20,111,111.166666666667,0.166666666666667,6,0.48,0,0,0
24324,AITraining,98,RegionD,RegionE,22,150,98,103.733333333333,5.73333333333333,27,4.32,0,154.8,1
24393,BatchInference,56,RegionE,RegionE,5,80,106,106.883333333333,0.883333333333333,12,1.2,50,0,0
24707,AITraining,69,RegionE,RegionD,22,150,105,107.45,2.45,52,8.32,36,127.4,1
24766,RealTimeInference,115,RegionC,RegionB,14,20,115,117.783333333333,2.78333333333333,3,0.24,0,8.35,1
24915,BatchInference,75,RegionC,RegionB,14,80,108,114.033333333333,6.03333333333333,22,2.2,33,132.733333333333,1
24942,AITraining,106,RegionE,RegionE,5,150,113,113.65,0.65,43,6.88,7,0,0
25066,AITraining,112,RegionD,RegionF,25,150,112,115.283333333333,3.28333333333333,102,16.32,0,334.9,1
25123,AITraining,98,RegionC,RegionB,14,150,98,99.0833333333333,1.08333333333333,19,3.04,0,20.5833333333333,1
25127,RealTimeInference,99,RegionC,RegionB,14,20,99,101.266666666667,2.26666666666667,5,0.4,0,11.3333333333333,1
25132,AITraining,92,RegionD,RegionE,22,150,110,110.966666666667,0.966666666666667,124,19.84,18,119.866666666667,1
25157,RealTimeInference,98,RegionA,RegionA,5,20,98,103.1,5.1,3,0.24,0,0,0
25282,RealTimeInference,107,RegionB,RegionC,14,20,107,110.6,3.6,1,0.08,0,3.6,1
25295,BatchInference,74,RegionB,RegionF,79,80,108,113.983333333333,5.98333333333333,19,1.9,34,113.683333333333,1
25484,BatchInference,113,RegionA,RegionB,12,80,113,113.7,0.7,22,2.2,0,15.4,1
25530,BatchInference,33,RegionA,RegionD,65,80,104,108.983333333333,4.98333333333333,16,1.6,71,79.7333333333333,1
25547,AITraining,86,RegionF,RegionF,5,150,110,110.616666666667,0.616666666666667,44,7.04,24,0,0
25596,RealTimeInference,119,RegionA,RegionC,15,20,119,123.066666666667,4.06666666666667,7,0.56,0,28.4666666666667,1
25689,RealTimeInference,111,RegionB,RegionC,14,20,111,113.716666666667,2.71666666666667,5,0.4,0,13.5833333333333,1
25709,AITraining,96,RegionD,RegionE,22,150,106,106.2,0.2,39,6.24,10,7.8,1
25864,AITraining,95,RegionB,RegionD,60,150,103,109.033333333333,6.03333333333333,81,12.96,8,488.7,1
25898,RealTimeInference,99,RegionA,RegionB,12,20,99,105.35,6.35,7,0.56,0,44.45,1
25955,AITraining,96,RegionF,RegionB,79,150,104,108.283333333333,4.28333333333333,42,6.72,8,179.9,1
26229,AITraining,107,RegionE,RegionE,5,150,110,110.75,0.75,41,6.56,3,0,0
26285,BatchInference,86,RegionB,RegionD,60,80,108,112.283333333333,4.28333333333333,10,1,22,42.8333333333333,1
26378,RealTimeInference,107,RegionB,RegionB,5,20,107,109.966666666667,2.96666666666667,3,0.24,0,0,0
26516,BatchInference,82,RegionC,RegionE,70,80,103,109.65,6.65,23,2.3,21,152.95,1
26520,AITraining,100,RegionB,RegionD,60,150,105,108.3,3.3,66,10.56,5,217.8,1
26651,RealTimeInference,99,RegionA,RegionA,5,20,99,104.466666666667,5.46666666666667,2,0.16,0,0,0
26667,AITraining,73,RegionE,RegionF,18,150,110,111.566666666667,1.56666666666667,57,9.12,37,89.3,1
26720,AITraining,79,RegionE,RegionC,70,150,110,115.683333333333,5.68333333333333,17,2.72,31,96.6166666666667,1
26797,RealTimeInference,101,RegionA,RegionA,5,20,101,107.166666666667,6.16666666666667,4,0.32,0,0,0
26820,AITraining,115,RegionF,RegionF,5,150,115,116.583333333333,1.58333333333333,29,4.64,0,0,0
26890,AITraining,71,RegionE,RegionC,70,150,110,114.733333333333,4.73333333333333,119,19.04,39,563.266666666667,1
26957,RealTimeInference,103,RegionC,RegionC,5,20,103,107.9,4.9,5,0.4,0,0,0
27194,RealTimeInference,117,RegionC,RegionC,5,20,117,119.816666666667,2.81666666666667,4,0.32,0,0,0
27280,AITraining,97,RegionF,RegionE,18,150,97,102.766666666667,5.76666666666667,120,19.2,0,692,1
27380,RealTimeInference,96,RegionA,RegionB,12,20,96,101.233333333333,5.23333333333333,2,0.16,0,10.4666666666667,1
27384,BatchInference,106,RegionE,RegionB,74,80,113,113.55,0.55,7,0.7,7,3.85,1
27468,AITraining,94,RegionE,RegionD,22,150,110,111.4,1.4,81,12.96,16,113.4,1
27484,BatchInference,69,RegionA,RegionE,78,80,103,109.55,6.55,15,1.5,34,98.25,1
27493,AITraining,110,RegionD,RegionE,22,150,116,121.15,5.15,100,16,6,515,1
27550,AITraining,85,RegionC,RegionC,5,150,110,114.766666666667,4.76666666666667,104,16.64,25,0,0
27575,RealTimeInference,119,RegionE,RegionE,5,20,119,123.1,4.1,7,0.56,0,0,0
27581,AITraining,102,RegionF,RegionA,82,150,102,102.55,0.55,25,4,0,13.75,1
27617,RealTimeInference,104,RegionA,RegionA,5,20,104,107.216666666667,3.21666666666667,7,0.56,0,0,0
27650,RealTimeInference,106,RegionB,RegionC,14,20,106,109.866666666667,3.86666666666667,3,0.24,0,11.6,1
27652,RealTimeInference,96,RegionC,RegionB,14,20,96,97.6833333333333,1.68333333333333,3,0.24,0,5.05,1
27725,AITraining,69,RegionF,RegionD,25,150,110,116.6,6.6,79,12.64,41,521.4,1
27957,AITraining,109,RegionD,RegionB,60,150,109,112.45,3.45,118,18.88,0,407.1,1
28005,AITraining,100,RegionD,RegionC,58,150,105,108.033333333333,3.03333333333333,71,11.36,5,215.366666666667,1
28139,AITraining,113,RegionF,RegionE,18,150,113,117.65,4.65,97,15.52,0,451.05,1
28259,BatchInference,107,RegionB,RegionF,79,80,107,107.283333333333,0.283333333333333,23,2.3,0,6.51666666666667,1
28302,RealTimeInference,111,RegionC,RegionB,14,20,111,115.733333333333,4.73333333333333,6,0.48,0,28.4,1
28361,AITraining,114,RegionF,RegionF,5,150,119,120.85,1.85,123,19.68,5,0,0
28363,BatchInference,112,RegionA,RegionE,78,80,118,120.633333333333,2.63333333333333,4,0.4,6,10.5333333333333,1
28373,AITraining,107,RegionE,RegionE,5,150,110,110.2,0.2,42,6.72,3,0,0
28505,RealTimeInference,119,RegionC,RegionC,5,20,119,124.35,5.35,7,0.56,0,0,0
28566,RealTimeInference,105,RegionA,RegionC,15,20,105,107.266666666667,2.26666666666667,3,0.24,0,6.8,1
28629,AITraining,110,RegionE,RegionD,22,150,110,116.65,6.65,33,5.28,0,219.45,1
28643,BatchInference,81,RegionD,RegionE,22,80,106,106.216666666667,0.216666666666667,6,0.6,25,1.3,1
28644,AITraining,108,RegionF,RegionD,25,150,108,110.133333333333,2.13333333333333,111,17.76,0,236.8,1
28673,BatchInference,58,RegionB,RegionD,60,80,105,107.233333333333,2.23333333333333,11,1.1,47,24.5666666666667,1
28709,RealTimeInference,105,RegionC,RegionC,5,20,105,105.3,0.3,5,0.4,0,0,0
28719,AITraining,100,RegionD,RegionA,65,150,100,102.516666666667,2.51666666666667,31,4.96,0,78.0166666666667,1
28890,BatchInference,105,RegionC,RegionF,76,80,105,110.7,5.7,5,0.5,0,28.5,1
28951,RealTimeInference,100,RegionC,RegionB,14,20,100,103.666666666667,3.66666666666667,6,0.48,0,22,1
28984,BatchInference,82,RegionD,RegionF,25,80,108,114.45,6.45,7,0.7,26,45.15,1
29017,RealTimeInference,106,RegionC,RegionC,5,20,106,112.333333333333,6.33333333333333,3,0.24,0,0,0
29033,BatchInference,106,RegionB,RegionE,74,80,113,114.75,1.75,20,2,7,35,1
29083,RealTimeInference,111,RegionC,RegionB,14,20,111,117.633333333333,6.63333333333333,2,0.16,0,13.2666666666667,1
29084,BatchInference,94,RegionF,RegionD,25,80,104,109.966666666667,5.96666666666667,19,1.9,10,113.366666666667,1
29144,BatchInference,102,RegionA,RegionE,78,80,102,107.416666666667,5.41666666666667,13,1.3,0,70.4166666666667,1
29145,AITraining,111,RegionD,RegionC,58,150,117,117.416666666667,0.416666666666667,90,14.4,6,37.5,1
29163,AITraining,118,RegionA,RegionE,78,150,118,122.05,4.05,63,10.08,0,255.15,1
29191,BatchInference,108,RegionB,RegionF,79,80,108,114.15,6.15,21,2.1,0,129.15,1
29209,BatchInference,97,RegionA,RegionE,78,80,108,108.516666666667,0.516666666666667,4,0.4,11,2.06666666666667,1
29354,AITraining,113,RegionC,RegionE,70,150,113,117.2,4.2,76,12.16,0,319.2,1
29431,AITraining,94,RegionF,RegionA,82,150,110,112.916666666667,2.91666666666667,64,10.24,16,186.666666666667,1
29507,RealTimeInference,96,RegionB,RegionA,12,20,96,99.6,3.6,7,0.56,0,25.2,1
29544,AITraining,111,RegionC,RegionF,76,150,117,118,1,17,2.72,6,17,1
29988,BatchInference,92,RegionE,RegionE,5,80,106,107.55,1.55,6,0.6,14,0,0
30001,AITraining,115,RegionF,RegionF,5,150,115,120.766666666667,5.76666666666667,58,9.28,0,0,0
30018,AITraining,116,RegionD,RegionB,60,150,116,116.766666666667,0.766666666666667,94,15.04,0,72.0666666666667,1
30030,RealTimeInference,114,RegionA,RegionB,12,20,114,119.583333333333,5.58333333333333,2,0.16,0,11.1666666666667,1
30075,AITraining,111,RegionB,RegionC,14,150,117,117.35,0.35,61,9.76,6,21.35,1
30104,AITraining,96,RegionD,RegionF,25,150,96,97.5166666666667,1.51666666666667,116,18.56,0,175.933333333333,1
30150,RealTimeInference,106,RegionB,RegionA,12,20,106,109.1,3.1,3,0.24,0,9.3,1
30275,BatchInference,104,RegionC,RegionD,58,80,111,116.716666666667,5.71666666666667,20,2,7,114.333333333333,1
30285,RealTimeInference,114,RegionA,RegionB,12,20,114,118.416666666667,4.41666666666667,1,0.08,0,4.41666666666667,1
30333,AITraining,117,RegionD,RegionE,22,150,117,119.65,2.65,66,10.56,0,174.9,1
30445,BatchInference,110,RegionC,RegionB,14,80,116,117.55,1.55,19,1.9,6,29.45,1
30477,BatchInference,70,RegionB,RegionD,60,80,96,100.016666666667,4.01666666666667,10,1,26,40.1666666666667,1
30567,AITraining,116,RegionB,RegionF,79,150,116,119.75,3.75,77,12.32,0,288.75,1
30832,BatchInference,80,RegionC,RegionD,58,80,106,106.75,0.75,15,1.5,26,11.25,1
30915,AITraining,114,RegionC,RegionF,76,150,114,116.283333333333,2.28333333333333,96,15.36,0,219.2,1
30934,AITraining,21,RegionA,RegionF,82,150,105,108.766666666667,3.76666666666667,59,9.44,84,222.233333333333,1
31251,BatchInference,50,RegionB,RegionF,79,80,105,105.85,0.85,18,1.8,55,15.3,1
31484,BatchInference,104,RegionE,RegionE,5,80,106,106.8,0.8,12,1.2,2,0,0
31625,BatchInference,117,RegionB,RegionF,79,80,117,120.616666666667,3.61666666666667,8,0.8,0,28.9333333333333,1
31702,RealTimeInference,101,RegionA,RegionA,5,20,101,102.816666666667,1.81666666666667,7,0.56,0,0,0
31899,BatchInference,113,RegionA,RegionE,78,80,113,115.2,2.2,11,1.1,0,24.2,1
31987,RealTimeInference,116,RegionB,RegionB,5,20,116,116.833333333333,0.833333333333333,5,0.4,0,0,0
32016,RealTimeInference,104,RegionE,RegionF,18,20,104,109.6,5.6,4,0.32,0,22.4,1
32020,BatchInference,45,RegionD,RegionF,25,80,108,114.183333333333,6.18333333333333,7,0.7,63,43.2833333333333,1
32532,BatchInference,57,RegionD,RegionF,25,80,104,109.35,5.35,17,1.7,47,90.95,1
32626,RealTimeInference,107,RegionE,RegionF,18,20,107,112.633333333333,5.63333333333333,6,0.48,0,33.8,1
32655,RealTimeInference,104,RegionB,RegionB,5,20,104,105.7,1.7,4,0.32,0,0,0
32690,AITraining,72,RegionE,RegionD,22,150,110,114.883333333333,4.88333333333333,26,4.16,38,126.966666666667,1
33018,AITraining,119,RegionE,RegionD,22,150,119,122.05,3.05,29,4.64,0,88.45,1
33333,RealTimeInference,117,RegionC,RegionC,5,20,117,121.366666666667,4.36666666666667,1,0.08,0,0,0
33377,RealTimeInference,115,RegionB,RegionB,5,20,115,120.9,5.9,6,0.48,0,0,0
33427,BatchInference,109,RegionA,RegionE,78,80,115,120.25,5.25,19,1.9,6,99.75,1
33524,AITraining,91,RegionF,RegionB,79,150,110,115.483333333333,5.48333333333333,37,5.92,19,202.883333333333,1
33594,AITraining,105,RegionE,RegionA,78,150,105,109.8,4.8,59,9.44,0,283.2,1
33615,RealTimeInference,108,RegionC,RegionA,15,20,108,111.983333333333,3.98333333333333,2,0.16,0,7.96666666666667,1
33642,BatchInference,114,RegionE,RegionF,18,80,114,119.733333333333,5.73333333333333,14,1.4,0,80.2666666666667,1
33820,BatchInference,45,RegionF,RegionF,5,80,105,105.2,0.2,19,1.9,60,0,0
33894,AITraining,110,RegionD,RegionD,5,150,116,117.4,1.4,107,17.12,6,0,0
34277,AITraining,74,RegionE,RegionE,5,150,105,107.216666666667,2.21666666666667,25,4,31,0,0
34352,BatchInference,101,RegionA,RegionE,78,80,101,106.483333333333,5.48333333333333,11,1.1,0,60.3166666666667,1
34437,AITraining,102,RegionA,RegionE,78,150,102,106.933333333333,4.93333333333333,113,18.08,0,557.466666666667,1
34510,BatchInference,85,RegionA,RegionE,78,80,103,109.45,6.45,17,1.7,18,109.65,1
34600,BatchInference,93,RegionF,RegionF,5,80,106,106.316666666667,0.316666666666667,4,0.4,13,0,0
34707,BatchInference,108,RegionB,RegionF,79,80,115,120.916666666667,5.91666666666667,12,1.2,7,71,1
34754,BatchInference,97,RegionB,RegionF,79,80,97,98.7,1.7,16,1.6,0,27.2,1
35249,RealTimeInference,116,RegionC,RegionB,14,20,116,120.633333333333,4.63333333333333,6,0.48,0,27.8,1
35274,AITraining,112,RegionE,RegionE,5,150,118,121.383333333333,3.38333333333333,73,11.68,6,0,0
35400,BatchInference,107,RegionE,RegionF,18,80,107,107.7,0.7,9,0.9,0,6.3,1
35554,BatchInference,116,RegionB,RegionD,60,80,116,117.283333333333,1.28333333333333,19,1.9,0,24.3833333333333,1
35795,RealTimeInference,115,RegionA,RegionB,12,20,115,121.65,6.65,6,0.48,0,39.9,1
35836,AITraining,98,RegionD,RegionE,22,150,110,114.25,4.25,64,10.24,12,272,1
35860,RealTimeInference,115,RegionF,RegionE,18,20,115,121.5,6.5,5,0.4,0,32.5,1
36067,RealTimeInference,119,RegionB,RegionB,5,20,119,120.983333333333,1.98333333333333,7,0.56,0,0,0
36258,AITraining,49,RegionE,RegionF,18,150,110,111.366666666667,1.36666666666667,17,2.72,61,23.2333333333333,1
36290,BatchInference,103,RegionC,RegionB,14,80,111,117.316666666667,6.31666666666667,10,1,8,63.1666666666667,1
36341,BatchInference,107,RegionB,RegionF,79,80,107,111.85,4.85,5,0.5,0,24.25,1
36387,AITraining,105,RegionD,RegionF,25,150,105,111.45,6.45,67,10.72,0,432.15,1
36550,AITraining,75,RegionD,RegionD,5,150,110,116.633333333333,6.63333333333333,118,18.88,35,0,0
36576,AITraining,71,RegionC,RegionF,76,150,106,107.183333333333,1.18333333333333,61,9.76,35,72.1833333333333,1
36607,BatchInference,83,RegionE,RegionF,18,80,106,107.9,1.9,21,2.1,23,39.9,1
36649,BatchInference,118,RegionB,RegionE,74,80,118,121.85,3.85,9,0.9,0,34.65,1
36674,BatchInference,110,RegionA,RegionB,12,80,116,116.883333333333,0.883333333333333,19,1.9,6,16.7833333333333,1
36702,RealTimeInference,109,RegionA,RegionB,12,20,109,111.166666666667,2.16666666666667,5,0.4,0,10.8333333333333,1
36703,AITraining,110,RegionD,RegionE,22,150,110,110.766666666667,0.766666666666667,123,19.68,0,94.3,1
36757,RealTimeInference,104,RegionC,RegionA,15,20,104,105.583333333333,1.58333333333333,2,0.16,0,3.16666666666667,1
36856,AITraining,116,RegionF,RegionB,79,150,116,116.616666666667,0.616666666666667,34,5.44,0,20.9666666666667,1
36952,BatchInference,111,RegionC,RegionE,70,80,111,115.516666666667,4.51666666666667,14,1.4,0,63.2333333333333,1
36984,BatchInference,112,RegionB,RegionD,60,80,112,115.616666666667,3.61666666666667,6,0.6,0,21.7,1
37006,AITraining,112,RegionE,RegionE,5,150,112,117.666666666667,5.66666666666667,104,16.64,0,0,0
37073,BatchInference,96,RegionF,RegionF,5,80,105,108.6,3.6,22,2.2,9,0,0
37251,AITraining,102,RegionA,RegionE,78,150,102,106.1,4.1,71,11.36,0,291.1,1
37457,BatchInference,70,RegionC,RegionD,58,80,105,107.366666666667,2.36666666666667,20,2,35,47.3333333333333,1
37461,AITraining,107,RegionB,RegionB,5,150,107,110.683333333333,3.68333333333333,48,7.68,0,0,0
37462,BatchInference,103,RegionB,RegionA,12,80,108,109.216666666667,1.21666666666667,9,0.9,5,10.95,1
37464,BatchInference,104,RegionC,RegionF,76,80,104,107.716666666667,3.71666666666667,13,1.3,0,48.3166666666667,1
37523,BatchInference,68,RegionC,RegionE,70,80,105,107.016666666667,2.01666666666667,7,0.7,37,14.1166666666667,1
37558,RealTimeInference,118,RegionC,RegionA,15,20,118,122.583333333333,4.58333333333333,4,0.32,0,18.3333333333333,1
37563,BatchInference,107,RegionD,RegionF,25,80,108,108.666666666667,0.666666666666667,6,0.6,1,4,1
37813,RealTimeInference,114,RegionC,RegionB,14,20,114,118.516666666667,4.51666666666667,7,0.56,0,31.6166666666667,1
37829,BatchInference,90,RegionA,RegionA,5,80,108,109.033333333333,1.03333333333333,6,0.6,18,0,0
37875,BatchInference,99,RegionA,RegionA,5,80,108,110.366666666667,2.36666666666667,12,1.2,9,0,0
37885,BatchInference,89,RegionD,RegionF,25,80,104,108.933333333333,4.93333333333333,9,0.9,15,44.4,1
37983,BatchInference,102,RegionD,RegionD,5,80,105,107.75,2.75,22,2.2,3,0,0
38065,BatchInference,101,RegionA,RegionE,78,80,106,106.566666666667,0.566666666666667,16,1.6,5,9.06666666666667,1
38087,RealTimeInference,115,RegionB,RegionB,5,20,115,117.566666666667,2.56666666666667,5,0.4,0,0,0
38382,BatchInference,92,RegionC,RegionE,70,80,105,105.783333333333,0.783333333333333,17,1.7,13,13.3166666666667,1
38425,BatchInference,117,RegionA,RegionE,78,80,117,123.516666666667,6.51666666666667,15,1.5,0,97.75,1
38474,BatchInference,114,RegionC,RegionF,76,80,114,117.3,3.3,8,0.8,0,26.4,1
38521,BatchInference,114,RegionD,RegionD,5,80,114,119.1,5.1,5,0.5,0,0,0
38683,AITraining,116,RegionD,RegionD,5,150,116,117.05,1.05,79,12.64,0,0,0
38717,BatchInference,101,RegionC,RegionD,58,80,105,107.183333333333,2.18333333333333,12,1.2,4,26.2,1
38726,BatchInference,65,RegionF,RegionE,18,80,106,107.583333333333,1.58333333333333,12,1.2,41,19,1
38777,RealTimeInference,110,RegionC,RegionC,5,20,110,111.616666666667,1.61666666666667,2,0.16,0,0,0
38805,RealTimeInference,113,RegionE,RegionE,5,20,113,117.55,4.55,3,0.24,0,0,0
38906,BatchInference,86,RegionB,RegionD,60,80,104,108.583333333333,4.58333333333333,12,1.2,18,55,1
38936,BatchInference,115,RegionF,RegionF,5,80,115,118.616666666667,3.61666666666667,14,1.4,0,0,0
39174,RealTimeInference,116,RegionA,RegionB,12,20,116,117.6,1.6,7,0.56,0,11.2,1
39244,RealTimeInference,104,RegionC,RegionA,15,20,104,104.216666666667,0.216666666666667,2,0.16,0,0.433333333333333,1
39294,AITraining,104,RegionD,RegionD,5,150,110,116.566666666667,6.56666666666667,127,20.32,6,0,0
39331,BatchInference,57,RegionA,RegionE,78,80,105,106.016666666667,1.01666666666667,6,0.6,48,6.1,1
39342,AITraining,73,RegionF,RegionF,5,150,106,107.15,1.15,60,9.6,33,0,0
39580,AITraining,115,RegionB,RegionF,79,150,115,116.15,1.15,29,4.64,0,33.35,1
39612,AITraining,95,RegionF,RegionA,82,150,110,112.833333333333,2.83333333333333,120,19.2,15,340,1
39727,RealTimeInference,107,RegionB,RegionB,5,20,107,110.033333333333,3.03333333333333,4,0.32,0,0,0
39766,RealTimeInference,118,RegionB,RegionC,14,20,118,121.55,3.55,7,0.56,0,24.85,1
39826,BatchInference,115,RegionD,RegionF,25,80,115,119.85,4.85,12,1.2,0,58.2,1
39846,RealTimeInference,113,RegionB,RegionB,5,20,113,114.183333333333,1.18333333333333,1,0.08,0,0,0
39937,BatchInference,112,RegionC,RegionF,76,80,112,116.083333333333,4.08333333333333,22,2.2,0,89.8333333333333,1
40016,BatchInference,73,RegionD,RegionD,5,80,104,109.05,5.05,18,1.8,31,0,0
40065,BatchInference,110,RegionA,RegionE,78,80,110,110.233333333333,0.233333333333333,23,2.3,0,5.36666666666667,1
40136,AITraining,52,RegionF,RegionD,25,150,110,111.633333333333,1.63333333333333,36,5.76,58,58.8,1
40247,AITraining,115,RegionF,RegionF,5,150,115,121.4,6.4,127,20.32,0,0,0
40389,BatchInference,104,RegionC,RegionB,14,80,111,116.833333333333,5.83333333333333,22,2.2,7,128.333333333333,1
40392,AITraining,109,RegionF,RegionF,5,150,109,114.266666666667,5.26666666666667,36,5.76,0,0,0
40442,RealTimeInference,111,RegionB,RegionC,14,20,111,114.083333333333,3.08333333333333,4,0.32,0,12.3333333333333,1
40664,BatchInference,97,RegionB,RegionF,79,80,105,107.683333333333,2.68333333333333,9,0.9,8,24.15,1
40727,RealTimeInference,108,RegionE,RegionF,18,20,108,110.2,2.2,2,0.16,0,4.4,1
40870,AITraining,107,RegionF,RegionD,25,150,110,116.416666666667,6.41666666666667,89,14.24,3,571.083333333333,1
41012,AITraining,114,RegionD,RegionE,22,150,114,114.483333333333,0.483333333333333,67,10.72,0,32.3833333333333,1
41048,RealTimeInference,110,RegionC,RegionC,5,20,110,115.416666666667,5.41666666666667,4,0.32,0,0,0
41162,BatchInference,117,RegionB,RegionE,74,80,117,120.5,3.5,7,0.7,0,24.5,1
41184,AITraining,89,RegionE,RegionE,5,150,110,111.45,1.45,120,19.2,21,0,0
41207,BatchInference,112,RegionA,RegionA,5,80,112,112.716666666667,0.716666666666667,18,1.8,0,0,0
41258,AITraining,83,RegionF,RegionE,18,150,110,115.683333333333,5.68333333333333,114,18.24,27,647.9,1
41275,BatchInference,94,RegionC,RegionD,58,80,104,108.6,4.6,19,1.9,10,87.4,1
41295,RealTimeInference,102,RegionB,RegionA,12,20,102,103.95,1.95,6,0.48,0,11.7,1
41327,AITraining,116,RegionD,RegionB,60,150,116,117.9,1.9,22,3.52,0,41.8,1
41341,AITraining,107,RegionE,RegionD,22,150,107,111.283333333333,4.28333333333333,87,13.92,0,372.65,1
41453,BatchInference,114,RegionD,RegionE,22,80,114,119.783333333333,5.78333333333333,14,1.4,0,80.9666666666667,1
41517,RealTimeInference,107,RegionB,RegionB,5,20,107,112.916666666667,5.91666666666667,6,0.48,0,0,0
41553,BatchInference,38,RegionE,RegionA,78,80,108,109.266666666667,1.26666666666667,4,0.4,70,5.06666666666667,1
41600,RealTimeInference,113,RegionA,RegionB,12,20,113,113.816666666667,0.816666666666667,2,0.16,0,1.63333333333333,1
41627,AITraining,58,RegionD,RegionF,25,150,96,98.85,2.85,124,19.84,38,353.4,1
41772,RealTimeInference,103,RegionA,RegionC,15,20,103,104.416666666667,1.41666666666667,4,0.32,0,5.66666666666667,1
41848,RealTimeInference,103,RegionC,RegionA,15,20,103,105.75,2.75,7,0.56,0,19.25,1
41988,AITraining,112,RegionD,RegionE,22,150,112,117.116666666667,5.11666666666667,59,9.44,0,301.883333333333,1
42185,RealTimeInference,112,RegionA,RegionB,12,20,112,114.183333333333,2.18333333333333,1,0.08,0,2.18333333333333,1
42380,AITraining,109,RegionF,RegionD,25,150,109,111.933333333333,2.93333333333333,122,19.52,0,357.866666666667,1
42565,BatchInference,105,RegionA,RegionD,65,80,105,106.583333333333,1.58333333333333,20,2,0,31.6666666666667,1
42619,BatchInference,87,RegionB,RegionF,79,80,104,109.283333333333,5.28333333333333,19,1.9,17,100.383333333333,1
42667,RealTimeInference,108,RegionC,RegionA,15,20,108,112.216666666667,4.21666666666667,4,0.32,0,16.8666666666667,1
42694,RealTimeInference,119,RegionC,RegionC,5,20,119,121.8,2.8,2,0.16,0,0,0
42806,RealTimeInference,110,RegionC,RegionC,5,20,110,114.05,4.05,6,0.48,0,0,0
42873,AITraining,79,RegionC,RegionF,76,150,110,114.966666666667,4.96666666666667,125,20,31,620.833333333333,1
42934,RealTimeInference,101,RegionB,RegionA,12,20,101,107.466666666667,6.46666666666667,2,0.16,0,12.9333333333333,1
43174,AITraining,97,RegionF,RegionB,79,150,97,98.25,1.25,36,5.76,0,45,1
43250,AITraining,110,RegionE,RegionD,22,150,116,122.616666666667,6.61666666666667,32,5.12,6,211.733333333333,1
43273,BatchInference,86,RegionA,RegionD,65,80,105,107.933333333333,2.93333333333333,18,1.8,19,52.8,1
43309,BatchInference,112,RegionD,RegionF,25,80,118,119.25,1.25,11,1.1,6,13.75,1
43340,RealTimeInference,119,RegionA,RegionB,12,20,119,119.683333333333,0.683333333333333,7,0.56,0,4.78333333333333,1
43557,BatchInference,118,RegionB,RegionF,79,80,118,119.333333333333,1.33333333333333,4,0.4,0,5.33333333333333,1
43629,BatchInference,102,RegionB,RegionE,74,80,102,105.233333333333,3.23333333333333,7,0.7,0,22.6333333333333,1
43777,RealTimeInference,103,RegionD,RegionD,5,20,103,103.583333333333,0.583333333333333,1,0.08,0,0,0
43877,BatchInference,103,RegionA,RegionD,65,80,108,113.133333333333,5.13333333333333,15,1.5,5,77,1
43966,BatchInference,104,RegionD,RegionE,22,80,106,107.35,1.35,21,2.1,2,28.35,1
44089,BatchInference,106,RegionC,RegionF,76,80,106,110.633333333333,4.63333333333333,11,1.1,0,50.9666666666667,1
44124,RealTimeInference,118,RegionC,RegionC,5,20,118,123.016666666667,5.01666666666667,7,0.56,0,0,0
44199,BatchInference,61,RegionB,RegionE,74,80,106,106.65,0.65,4,0.4,45,2.6,1
44315,RealTimeInference,118,RegionE,RegionE,5,20,118,123.466666666667,5.46666666666667,3,0.24,0,0,0
44370,RealTimeInference,98,RegionA,RegionA,5,20,98,103.783333333333,5.78333333333333,3,0.24,0,0,0
44438,BatchInference,50,RegionD,RegionE,22,80,104,108.85,4.85,6,0.6,54,29.1,1
44566,BatchInference,115,RegionB,RegionE,74,80,115,121.066666666667,6.06666666666667,19,1.9,0,115.266666666667,1
44616,BatchInference,93,RegionE,RegionD,22,80,104,109.966666666667,5.96666666666667,6,0.6,11,35.8,1
44722,BatchInference,73,RegionF,RegionE,18,80,105,105.666666666667,0.666666666666667,8,0.8,32,5.33333333333333,1
44761,AITraining,97,RegionF,RegionE,18,150,97,102.833333333333,5.83333333333333,114,18.24,0,665,1
44816,AITraining,62,RegionD,RegionF,25,150,110,111.55,1.55,22,3.52,48,34.1,1
44929,AITraining,117,RegionE,RegionE,5,150,117,117.616666666667,0.616666666666667,29,4.64,0,0,0
45097,BatchInference,97,RegionA,RegionD,65,80,103,109.05,6.05,23,2.3,6,139.15,1
45137,RealTimeInference,100,RegionA,RegionC,15,20,100,100.433333333333,0.433333333333333,5,0.4,0,2.16666666666667,1
45224,BatchInference,106,RegionC,RegionE,70,80,106,107.7,1.7,23,2.3,0,39.1,1
45253,AITraining,110,RegionF,RegionE,18,150,116,117.683333333333,1.68333333333333,55,8.8,6,92.5833333333333,1
45600,RealTimeInference,97,RegionC,RegionA,15,20,97,103.35,6.35,5,0.4,0,31.75,1
45687,AITraining,111,RegionC,RegionE,70,150,117,122.533333333333,5.53333333333333,82,13.12,6,453.733333333333,1
45699,BatchInference,64,RegionF,RegionF,5,80,105,107.15,2.15,13,1.3,41,0,0
45806,AITraining,90,RegionD,RegionD,5,150,110,111.9,1.9,57,9.12,20,0,0
45890,BatchInference,94,RegionA,RegionE,78,80,103,109.233333333333,6.23333333333333,13,1.3,9,81.0333333333333,1
45911,AITraining,82,RegionD,RegionF,25,150,106,107.216666666667,1.21666666666667,94,15.04,24,114.366666666667,1
45953,AITraining,101,RegionE,RegionE,5,150,101,106.983333333333,5.98333333333333,48,7.68,0,0,0
46113,RealTimeInference,100,RegionA,RegionA,5,20,100,103.233333333333,3.23333333333333,7,0.56,0,0,0
46185,AITraining,63,RegionA,RegionF,82,150,96,96.7,0.7,97,15.52,33,67.9,1
46264,BatchInference,109,RegionA,RegionC,15,80,109,109.416666666667,0.416666666666667,15,1.5,0,6.25,1
46302,BatchInference,88,RegionE,RegionE,5,80,104,108.083333333333,4.08333333333333,16,1.6,16,0,0
46342,BatchInference,102,RegionF,RegionE,18,80,106,106.366666666667,0.366666666666667,14,1.4,4,5.13333333333333,1
46502,RealTimeInference,99,RegionB,RegionA,12,20,99,103.283333333333,4.28333333333333,3,0.24,0,12.85,1
46527,BatchInference,108,RegionA,RegionB,12,80,115,118.5,3.5,18,1.8,7,63,1
46537,RealTimeInference,107,RegionC,RegionB,14,20,107,108.15,1.15,5,0.4,0,5.75,1
46714,BatchInference,117,RegionD,RegionE,22,80,117,117.916666666667,0.916666666666667,20,2,0,18.3333333333333,1
46759,RealTimeInference,106,RegionB,RegionB,5,20,106,110.8,4.8,5,0.4,0,0,0
46806,BatchInference,117,RegionD,RegionF,25,80,117,120.3,3.3,11,1.1,0,36.3,1
46816,RealTimeInference,117,RegionA,RegionC,15,20,117,121.466666666667,4.46666666666667,7,0.56,0,31.2666666666667,1
47030,BatchInference,98,RegionE,RegionE,5,80,98,101.166666666667,3.16666666666667,18,1.8,0,0,0
47058,AITraining,99,RegionC,RegionF,76,150,99,101.733333333333,2.73333333333333,39,6.24,0,106.6,1
47089,RealTimeInference,119,RegionC,RegionC,5,20,119,124.283333333333,5.28333333333333,7,0.56,0,0,0
47341,AITraining,113,RegionD,RegionE,22,150,113,116.75,3.75,41,6.56,0,153.75,1
47361,AITraining,105,RegionD,RegionD,5,150,105,111.616666666667,6.61666666666667,26,4.16,0,0,0
47459,BatchInference,45,RegionB,RegionF,79,80,104,108.316666666667,4.31666666666667,19,1.9,59,82.0166666666667,1
47477,BatchInference,101,RegionF,RegionF,5,80,105,107.716666666667,2.71666666666667,23,2.3,4,0,0
47504,AITraining,103,RegionC,RegionF,76,150,110,110.25,0.25,24,3.84,7,6,1
47506,AITraining,63,RegionD,RegionA,65,150,110,112.416666666667,2.41666666666667,99,15.84,47,239.25,1
47565,AITraining,50,RegionD,RegionC,58,150,110,114.883333333333,4.88333333333333,40,6.4,60,195.333333333333,1
47641,AITraining,105,RegionF,RegionE,18,150,112,114.166666666667,2.16666666666667,91,14.56,7,197.166666666667,1
47649,AITraining,54,RegionD,RegionD,5,150,104,108.266666666667,4.26666666666667,98,15.68,50,0,0
47690,AITraining,115,RegionD,RegionF,25,150,115,117.566666666667,2.56666666666667,83,13.28,0,213.033333333333,1
47873,RealTimeInference,113,RegionB,RegionB,5,20,113,115.266666666667,2.26666666666667,1,0.08,0,0,0
47878,AITraining,110,RegionC,RegionE,70,150,116,120.55,4.55,96,15.36,6,436.8,1
48023,BatchInference,74,RegionB,RegionD,60,80,104,108.183333333333,4.18333333333333,23,2.3,30,96.2166666666667,1
48027,AITraining,108,RegionF,RegionD,25,150,108,111.116666666667,3.11666666666667,35,5.6,0,109.083333333333,1
48089,RealTimeInference,113,RegionA,RegionB,12,20,113,116.7,3.7,7,0.56,0,25.9,1
48149,AITraining,115,RegionD,RegionB,60,150,115,116.85,1.85,76,12.16,0,140.6,1
48188,RealTimeInference,101,RegionB,RegionA,12,20,101,104.116666666667,3.11666666666667,2,0.16,0,6.23333333333333,1
48258,RealTimeInference,111,RegionA,RegionA,5,20,111,112.316666666667,1.31666666666667,2,0.16,0,0,0
48431,BatchInference,101,RegionC,RegionF,76,80,106,107.4,1.4,10,1,5,14,1
48439,AITraining,70,RegionE,RegionE,5,150,104,108.316666666667,4.31666666666667,121,19.36,34,0,0
48508,AITraining,101,RegionD,RegionD,5,150,105,107.75,2.75,81,12.96,4,0,0
48510,BatchInference,96,RegionC,RegionB,14,80,108,111.033333333333,3.03333333333333,23,2.3,12,69.7666666666667,1
48535,RealTimeInference,111,RegionA,RegionA,5,20,111,112.033333333333,1.03333333333333,2,0.16,0,0,0
48542,BatchInference,115,RegionB,RegionF,79,80,115,115.183333333333,0.183333333333333,9,0.9,0,1.65,1
48605,AITraining,82,RegionF,RegionD,25,150,110,116.633333333333,6.63333333333333,72,11.52,28,477.6,1
48648,RealTimeInference,101,RegionB,RegionA,12,20,101,106.866666666667,5.86666666666667,6,0.48,0,35.2,1
48782,BatchInference,112,RegionF,RegionB,79,80,112,117.366666666667,5.36666666666667,16,1.6,0,85.8666666666667,1
48900,RealTimeInference,101,RegionD,RegionD,5,20,101,101.7,0.7,5,0.4,0,0,0
48931,RealTimeInference,100,RegionC,RegionB,14,20,100,104.633333333333,4.63333333333333,7,0.56,0,32.4333333333333,1
49034,BatchInference,71,RegionB,RegionD,60,80,104,108.316666666667,4.31666666666667,11,1.1,33,47.4833333333333,1
49078,AITraining,96,RegionB,RegionC,14,150,110,114.433333333333,4.43333333333333,72,11.52,14,319.2,1
49195,RealTimeInference,105,RegionD,RegionD,5,20,105,106.616666666667,1.61666666666667,4,0.32,0,0,0
49275,AITraining,115,RegionB,RegionF,79,150,115,119.4,4.4,54,8.64,0,237.6,1
49279,BatchInference,96,RegionD,RegionD,5,80,104,108.6,4.6,6,0.6,8,0,0
49371,BatchInference,113,RegionD,RegionD,5,80,113,116.733333333333,3.73333333333333,14,1.4,0,0,0
49546,AITraining,94,RegionD,RegionF,25,150,110,110.333333333333,0.333333333333333,34,5.44,16,11.3333333333333,1
49590,BatchInference,106,RegionA,RegionB,12,80,113,113.166666666667,0.166666666666667,4,0.4,7,0.666666666666666,1
49594,AITraining,56,RegionE,RegionB,74,150,104,108.483333333333,4.48333333333333,74,11.84,48,331.766666666667,1
49599,AITraining,94,RegionD,RegionE,22,150,96,99.2333333333333,3.23333333333333,112,17.92,2,362.133333333333,1
49602,AITraining,116,RegionF,RegionD,25,150,116,118.166666666667,2.16666666666667,80,12.8,0,173.333333333333,1
49743,BatchInference,58,RegionC,RegionF,76,80,106,107.5,1.5,7,0.7,48,10.5,1
49974,RealTimeInference,119,RegionC,RegionA,15,20,119,121.816666666667,2.81666666666667,5,0.4,0,14.0833333333333,1
7,RealTimeInference,122,RegionA,RegionB,12,20,122,127.05,5.05,2,0.16,0,10.1,1
316,AITraining,80,RegionD,RegionD,5,150,121,122.366666666667,1.36666666666667,105,16.8,41,0,0
458,BatchInference,133,RegionF,RegionF,5,80,139,145.25,6.25,13,1.3,6,0,0
693,AITraining,127,RegionF,RegionD,25,150,127,133.016666666667,6.01666666666667,37,5.92,0,222.616666666667,1
748,AITraining,125,RegionD,RegionB,60,150,125,129.55,4.55,16,2.56,0,72.8,1
1063,AITraining,124,RegionD,RegionD,5,150,124,124.483333333333,0.483333333333333,22,3.52,0,0,0
1306,AITraining,137,RegionD,RegionD,5,150,143,145.266666666667,2.26666666666667,75,12,6,0,0
1387,AITraining,138,RegionE,RegionD,22,150,143,145.75,2.75,99,15.84,5,272.25,1
1416,AITraining,129,RegionF,RegionD,25,150,136,139.75,3.75,64,10.24,7,240,1
1432,AITraining,134,RegionD,RegionD,5,150,134,140,6,65,10.4,0,0,0
1449,BatchInference,121,RegionA,RegionE,78,80,130,130.75,0.75,8,0.8,9,6,1
1570,BatchInference,119,RegionC,RegionD,58,80,133,138.45,5.45,8,0.8,14,43.6,1
1631,BatchInference,132,RegionE,RegionF,18,80,139,142.233333333333,3.23333333333333,14,1.4,7,45.2666666666667,1
1882,BatchInference,120,RegionA,RegionE,78,80,130,131.75,1.75,10,1,10,17.5,1
1980,RealTimeInference,136,RegionF,RegionE,18,20,136,137.133333333333,1.13333333333333,6,0.48,0,6.8,1
1989,AITraining,126,RegionD,RegionD,5,150,126,132.2,6.2,32,5.12,0,0,0
2097,AITraining,125,RegionF,RegionC,76,150,125,130.666666666667,5.66666666666667,65,10.4,0,368.333333333333,1
2536,AITraining,127,RegionE,RegionE,5,150,131,136.783333333333,5.78333333333333,110,17.6,4,0,0
2901,AITraining,129,RegionD,RegionD,5,150,131,135.55,4.55,26,4.16,2,0,0
2911,RealTimeInference,137,RegionD,RegionD,5,20,137,141.016666666667,4.01666666666667,7,0.56,0,0,0
2978,RealTimeInference,128,RegionA,RegionB,12,20,128,129.383333333333,1.38333333333333,2,0.16,0,2.76666666666667,1
2981,RealTimeInference,130,RegionB,RegionC,14,20,130,131.816666666667,1.81666666666667,1,0.08,0,1.81666666666667,1
3026,RealTimeInference,141,RegionB,RegionA,12,20,141,143.066666666667,2.06666666666667,7,0.56,0,14.4666666666667,1
3144,BatchInference,120,RegionC,RegionD,58,80,120,124.866666666667,4.86666666666667,12,1.2,0,58.4,1
3168,RealTimeInference,120,RegionA,RegionC,15,20,120,124.666666666667,4.66666666666667,2,0.16,0,9.33333333333333,1
3317,AITraining,119,RegionF,RegionF,5,150,138,141.883333333333,3.88333333333333,118,18.88,19,0,0
3341,AITraining,129,RegionD,RegionD,5,150,134,139.45,5.45,123,19.68,5,0,0
3409,BatchInference,123,RegionE,RegionD,22,80,123,128.533333333333,5.53333333333333,17,1.7,0,94.0666666666667,1
3463,BatchInference,127,RegionA,RegionE,78,80,130,131.083333333333,1.08333333333333,22,2.2,3,23.8333333333333,1
3495,BatchInference,137,RegionF,RegionF,5,80,137,143.5,6.5,12,1.2,0,0,0
3609,RealTimeInference,142,RegionA,RegionB,12,20,142,145.583333333333,3.58333333333333,7,0.56,0,25.0833333333333,1
3791,AITraining,133,RegionB,RegionF,79,150,133,139.65,6.65,103,16.48,0,684.95,1
3998,RealTimeInference,134,RegionB,RegionB,5,20,134,138.466666666667,4.46666666666667,4,0.32,0,0,0
4454,BatchInference,89,RegionA,RegionA,5,80,133,133.4,0.4,17,1.7,44,0,0
4703,BatchInference,118,RegionA,RegionE,78,80,130,130.716666666667,0.716666666666667,7,0.7,12,5.01666666666667,1
4750,AITraining,126,RegionD,RegionD,5,150,130,136.15,6.15,42,6.72,4,0,0
4834,BatchInference,106,RegionA,RegionD,65,80,132,134.633333333333,2.63333333333333,4,0.4,26,10.5333333333333,1
4996,AITraining,131,RegionF,RegionE,18,150,138,142.85,4.85,77,12.32,7,373.45,1
5009,RealTimeInference,131,RegionC,RegionB,14,20,131,135.516666666667,4.51666666666667,2,0.16,0,9.03333333333333,1
5088,RealTimeInference,141,RegionC,RegionC,5,20,141,144.516666666667,3.51666666666667,4,0.32,0,0,0
5324,AITraining,119,RegionF,RegionD,25,150,131,135.783333333333,4.78333333333333,71,11.36,12,339.616666666667,1
5362,RealTimeInference,140,RegionB,RegionA,12,20,140,146.133333333333,6.13333333333333,1,0.08,0,6.13333333333333,1
5407,RealTimeInference,139,RegionB,RegionA,12,20,139,142.066666666667,3.06666666666667,7,0.56,0,21.4666666666667,1
5445,BatchInference,143,RegionB,RegionD,60,80,143,144.716666666667,1.71666666666667,14,1.4,0,24.0333333333333,1
5895,AITraining,132,RegionF,RegionF,5,150,139,144.433333333333,5.43333333333333,127,20.32,7,0,0
6124,AITraining,128,RegionE,RegionD,22,150,135,140.766666666667,5.76666666666667,42,6.72,7,242.2,1
6131,AITraining,121,RegionF,RegionE,18,150,130,134.166666666667,4.16666666666667,28,4.48,9,116.666666666667,1
6136,RealTimeInference,120,RegionB,RegionC,14,20,120,126.083333333333,6.08333333333333,1,0.08,0,6.08333333333333,1
6394,RealTimeInference,131,RegionC,RegionC,5,20,131,132.733333333333,1.73333333333333,1,0.08,0,0,0
6482,BatchInference,139,RegionB,RegionF,79,80,139,143.633333333333,4.63333333333333,7,0.7,0,32.4333333333333,1
6524,AITraining,120,RegionE,RegionE,5,150,121,124.016666666667,3.01666666666667,20,3.2,1,0,0
6539,RealTimeInference,136,RegionF,RegionE,18,20,136,136.583333333333,0.583333333333333,5,0.4,0,2.91666666666667,1
6572,BatchInference,122,RegionA,RegionD,65,80,122,126.25,4.25,20,2,0,85,1
6645,BatchInference,138,RegionA,RegionD,65,80,143,147.9,4.9,11,1.1,5,53.9,1
6728,AITraining,127,RegionF,RegionE,18,150,132,134.366666666667,2.36666666666667,62,9.92,5,146.733333333333,1
6782,RealTimeInference,139,RegionA,RegionA,5,20,139,144.65,5.65,6,0.48,0,0,0
7103,AITraining,124,RegionF,RegionB,79,150,124,129.45,5.45,22,3.52,0,119.9,1
7109,BatchInference,118,RegionF,RegionF,5,80,138,141.783333333333,3.78333333333333,13,1.3,20,0,0
7182,BatchInference,138,RegionA,RegionD,65,80,143,147.466666666667,4.46666666666667,21,2.1,5,93.8,1
7436,RealTimeInference,132,RegionC,RegionB,14,20,132,137.6,5.6,3,0.24,0,16.8,1
7509,BatchInference,134,RegionE,RegionE,5,80,140,140.683333333333,0.683333333333333,22,2.2,6,0,0
7739,RealTimeInference,122,RegionE,RegionF,18,20,122,127.816666666667,5.81666666666667,4,0.32,0,23.2666666666667,1
7783,AITraining,140,RegionE,RegionE,5,150,140,142.533333333333,2.53333333333333,44,7.04,0,0,0
7788,AITraining,139,RegionD,RegionF,25,150,139,144.55,5.55,102,16.32,0,566.1,1
8023,RealTimeInference,120,RegionA,RegionA,5,20,120,120.3,0.3,1,0.08,0,0,0
8062,BatchInference,124,RegionA,RegionD,65,80,124,130.383333333333,6.38333333333333,20,2,0,127.666666666667,1
8219,AITraining,85,RegionC,RegionD,58,150,129,134.666666666667,5.66666666666667,31,4.96,44,175.666666666667,1
8577,BatchInference,118,RegionD,RegionD,5,80,133,134.583333333333,1.58333333333333,10,1,15,0,0
8603,RealTimeInference,127,RegionC,RegionA,15,20,127,128.816666666667,1.81666666666667,3,0.24,0,5.45,1
8615,BatchInference,143,RegionC,RegionD,58,80,143,148.5,5.5,14,1.4,0,77,1
8619,RealTimeInference,124,RegionA,RegionC,15,20,124,127.45,3.45,7,0.56,0,24.15,1
8700,RealTimeInference,127,RegionB,RegionB,5,20,127,132.55,5.55,2,0.16,0,0,0
8774,BatchInference,137,RegionD,RegionD,5,80,143,143.35,0.35,19,1.9,6,0,0
8832,AITraining,126,RegionE,RegionF,18,150,126,126.6,0.6,122,19.52,0,73.2,1
9207,BatchInference,138,RegionD,RegionD,5,80,143,143.883333333333,0.883333333333333,5,0.5,5,0,0
9211,RealTimeInference,128,RegionA,RegionB,12,20,128,132.966666666667,4.96666666666667,6,0.48,0,29.8,1
9339,RealTimeInference,133,RegionC,RegionC,5,20,133,138.2,5.2,7,0.56,0,0,0
9581,AITraining,82,RegionE,RegionD,22,150,129,134.483333333333,5.48333333333333,32,5.12,47,175.466666666667,1
9616,BatchInference,122,RegionA,RegionD,65,80,122,128.4,6.4,5,0.5,0,32,1
9619,AITraining,124,RegionE,RegionD,22,150,124,126.3,2.3,72,11.52,0,165.6,1
9749,BatchInference,142,RegionB,RegionD,60,80,142,144.666666666667,2.66666666666667,10,1,0,26.6666666666667,1
9759,RealTimeInference,120,RegionC,RegionC,5,20,120,126.166666666667,6.16666666666667,4,0.32,0,0,0
9893,BatchInference,122,RegionB,RegionD,60,80,133,134.55,1.55,23,2.3,11,35.65,1
10016,BatchInference,119,RegionA,RegionE,78,80,130,130.733333333333,0.733333333333333,8,0.8,11,5.86666666666667,1
10054,BatchInference,138,RegionE,RegionF,18,80,138,142.983333333333,4.98333333333333,20,2,0,99.6666666666667,1
10261,AITraining,133,RegionD,RegionD,5,150,133,139.483333333333,6.48333333333333,95,15.2,0,0,0
10375,RealTimeInference,130,RegionC,RegionB,14,20,130,135.133333333333,5.13333333333333,1,0.08,0,5.13333333333333,1
10470,RealTimeInference,124,RegionA,RegionB,12,20,124,127.366666666667,3.36666666666667,3,0.24,0,10.1,1
10494,BatchInference,121,RegionF,RegionF,5,80,121,127.35,6.35,21,2.1,0,0,0
10508,RealTimeInference,131,RegionA,RegionA,5,20,131,131.666666666667,0.666666666666667,7,0.56,0,0,0
10678,AITraining,129,RegionF,RegionE,18,150,129,134.416666666667,5.41666666666667,109,17.44,0,590.416666666667,1
10752,AITraining,119,RegionD,RegionD,5,150,129,133.2,4.2,69,11.04,10,0,0
10905,BatchInference,123,RegionD,RegionE,22,80,130,136.066666666667,6.06666666666667,8,0.8,7,48.5333333333333,1
10985,BatchInference,125,RegionE,RegionA,78,80,125,125.816666666667,0.816666666666667,19,1.9,0,15.5166666666667,1
11072,RealTimeInference,134,RegionA,RegionC,15,20,134,139.1,5.1,4,0.32,0,20.4,1
11140,AITraining,112,RegionD,RegionE,22,150,120,126.033333333333,6.03333333333333,20,3.2,8,120.666666666667,1
11185,RealTimeInference,128,RegionA,RegionC,15,20,128,131.5,3.5,2,0.16,0,7,1
11240,RealTimeInference,130,RegionC,RegionB,14,20,130,136,6,5,0.4,0,30,1
11425,RealTimeInference,142,RegionC,RegionB,14,20,142,142.8,0.8,5,0.4,0,4,1
11684,RealTimeInference,126,RegionA,RegionA,5,20,126,129.016666666667,3.01666666666667,2,0.16,0,0,0
11709,BatchInference,138,RegionA,RegionD,65,80,143,146.55,3.55,12,1.2,5,42.6,1
12158,AITraining,92,RegionE,RegionD,22,150,121,121.766666666667,0.766666666666667,118,18.88,29,90.4666666666667,1
12192,RealTimeInference,128,RegionC,RegionB,14,20,128,132.25,4.25,5,0.4,0,21.25,1
12261,BatchInference,120,RegionB,RegionD,60,80,133,138.55,5.55,4,0.4,13,22.2,1
12414,AITraining,121,RegionE,RegionF,18,150,121,126.866666666667,5.86666666666667,30,4.8,0,176,1
12502,RealTimeInference,143,RegionA,RegionC,15,20,143,143.75,0.75,3,0.24,0,2.25,1
12546,AITraining,143,RegionF,RegionD,25,150,143,145.7,2.7,26,4.16,0,70.2,1
12573,AITraining,142,RegionF,RegionF,5,150,142,143.366666666667,1.36666666666667,37,5.92,0,0,0
12615,RealTimeInference,130,RegionA,RegionB,12,20,130,133.9,3.9,5,0.4,0,19.5,1
12622,AITraining,127,RegionD,RegionD,5,150,133,134.7,1.7,43,6.88,6,0,0
12829,RealTimeInference,129,RegionD,RegionD,5,20,129,130.516666666667,1.51666666666667,3,0.24,0,0,0
12839,RealTimeInference,121,RegionB,RegionC,14,20,121,122.833333333333,1.83333333333333,3,0.24,0,5.5,1
12925,BatchInference,74,RegionC,RegionD,58,80,120,126.233333333333,6.23333333333333,8,0.8,46,49.8666666666667,1
12933,RealTimeInference,120,RegionC,RegionA,15,20,120,121,1,3,0.24,0,3,1
12948,BatchInference,132,RegionA,RegionE,78,80,139,141.833333333333,2.83333333333333,13,1.3,7,36.8333333333333,1
12982,BatchInference,112,RegionB,RegionD,60,80,132,133.9,1.9,13,1.3,20,24.7,1
13123,BatchInference,123,RegionD,RegionD,5,80,133,135,2,15,1.5,10,0,0
13170,RealTimeInference,132,RegionC,RegionB,14,20,132,134.116666666667,2.11666666666667,6,0.48,0,12.7,1
13205,AITraining,133,RegionD,RegionE,22,150,133,139.2,6.2,26,4.16,0,161.2,1
13264,BatchInference,136,RegionB,RegionD,60,80,142,147.016666666667,5.01666666666667,11,1.1,6,55.1833333333333,1
13602,RealTimeInference,123,RegionC,RegionA,15,20,123,123.6,0.6,3,0.24,0,1.8,1
13657,BatchInference,123,RegionA,RegionD,65,80,123,126.333333333333,3.33333333333333,22,2.2,0,73.3333333333333,1
13988,AITraining,118,RegionE,RegionD,22,150,120,125.1,5.1,82,13.12,2,418.2,1
14143,AITraining,138,RegionD,RegionF,25,150,143,147.983333333333,4.98333333333333,61,9.76,5,303.983333333333,1
14150,BatchInference,141,RegionB,RegionE,74,80,141,141.566666666667,0.566666666666667,23,2.3,0,13.0333333333333,1
14300,RealTimeInference,124,RegionA,RegionC,15,20,124,125.033333333333,1.03333333333333,2,0.16,0,2.06666666666667,1
14475,BatchInference,134,RegionE,RegionE,5,80,140,141.7,1.7,18,1.8,6,0,0
14577,AITraining,121,RegionD,RegionD,5,150,134,134.333333333333,0.333333333333333,101,16.16,13,0,0
14590,RealTimeInference,131,RegionB,RegionA,12,20,131,133.716666666667,2.71666666666667,6,0.48,0,16.3,1
14971,RealTimeInference,125,RegionB,RegionC,14,20,125,130.8,5.8,4,0.32,0,23.2,1
15028,AITraining,121,RegionC,RegionD,58,150,130,132.966666666667,2.96666666666667,127,20.32,9,376.766666666667,1
15130,AITraining,117,RegionE,RegionF,18,150,120,126.583333333333,6.58333333333333,107,17.12,3,704.416666666667,1
15277,AITraining,124,RegionC,RegionE,70,150,124,125.2,1.2,105,16.8,0,126,1
15578,RealTimeInference,140,RegionF,RegionF,5,20,140,143.983333333333,3.98333333333333,3,0.24,0,0,0
15645,AITraining,117,RegionD,RegionE,22,150,120,123.15,3.15,69,11.04,3,217.35,1
15784,AITraining,129,RegionD,RegionD,5,150,134,135.2,1.2,68,10.88,5,0,0
15788,BatchInference,130,RegionA,RegionE,78,80,130,134.3,4.3,8,0.8,0,34.4,1
15825,AITraining,119,RegionE,RegionE,5,150,130,130.316666666667,0.316666666666667,89,14.24,11,0,0
15849,AITraining,128,RegionD,RegionD,5,150,130,136.25,6.25,94,15.04,2,0,0
15877,BatchInference,133,RegionD,RegionD,5,80,133,137.666666666667,4.66666666666667,10,1,0,0,0
15957,AITraining,140,RegionF,RegionD,25,150,140,146.316666666667,6.31666666666667,96,15.36,0,606.4,1
16209,AITraining,131,RegionD,RegionF,25,150,138,143.383333333333,5.38333333333333,58,9.28,7,312.233333333333,1
16242,RealTimeInference,126,RegionA,RegionB,12,20,126,129.916666666667,3.91666666666667,6,0.48,0,23.5,1
16474,AITraining,137,RegionE,RegionF,18,150,137,142.333333333333,5.33333333333333,52,8.32,0,277.333333333333,1
16490,BatchInference,118,RegionA,RegionD,65,80,120,124.816666666667,4.81666666666667,21,2.1,2,101.15,1
16540,BatchInference,132,RegionD,RegionD,5,80,139,145.566666666667,6.56666666666667,12,1.2,7,0,0
16683,AITraining,94,RegionD,RegionD,5,150,121,121.316666666667,0.316666666666667,122,19.52,27,0,0
16990,AITraining,136,RegionD,RegionE,22,150,136,140.116666666667,4.11666666666667,119,19.04,0,489.883333333333,1
17189,RealTimeInference,133,RegionB,RegionC,14,20,133,137.283333333333,4.28333333333333,1,0.08,0,4.28333333333333,1
17264,BatchInference,138,RegionA,RegionD,65,80,143,146.85,3.85,18,1.8,5,69.3,1
17322,BatchInference,122,RegionE,RegionD,22,80,122,126.3,4.3,16,1.6,0,68.8,1
17332,BatchInference,140,RegionB,RegionD,60,80,140,145.383333333333,5.38333333333333,18,1.8,0,96.9,1
17468,AITraining,125,RegionC,RegionA,15,150,125,128.266666666667,3.26666666666667,23,3.68,0,75.1333333333333,1
17657,AITraining,140,RegionF,RegionE,18,150,140,142.666666666667,2.66666666666667,118,18.88,0,314.666666666667,1
17700,RealTimeInference,132,RegionB,RegionB,5,20,132,132.3,0.3,3,0.24,0,0,0
17740,RealTimeInference,122,RegionB,RegionC,14,20,122,124.95,2.95,4,0.32,0,11.8,1
17786,BatchInference,137,RegionD,RegionF,25,80,143,147.383333333333,4.38333333333333,12,1.2,6,52.6,1
18130,RealTimeInference,131,RegionA,RegionC,15,20,131,132.7,1.7,1,0.08,0,1.7,1
18163,RealTimeInference,132,RegionA,RegionB,12,20,132,132.983333333333,0.983333333333333,1,0.08,0,0.983333333333333,1
18206,AITraining,112,RegionE,RegionE,5,150,132,134.883333333333,2.88333333333333,100,16,20,0,0
18452,AITraining,95,RegionC,RegionA,15,150,121,121.883333333333,0.883333333333333,22,3.52,26,19.4333333333333,1
18462,AITraining,135,RegionE,RegionD,22,150,141,145.9,4.9,116,18.56,6,568.4,1
18584,RealTimeInference,143,RegionA,RegionA,5,20,143,148.616666666667,5.61666666666667,2,0.16,0,0,0
18634,BatchInference,142,RegionE,RegionD,22,80,142,146.116666666667,4.11666666666667,6,0.6,0,24.7,1
18738,AITraining,123,RegionE,RegionF,18,150,123,124.816666666667,1.81666666666667,56,8.96,0,101.733333333333,1
18872,BatchInference,130,RegionA,RegionD,65,80,133,139.433333333333,6.43333333333333,16,1.6,3,102.933333333333,1
18990,AITraining,140,RegionC,RegionF,76,150,140,145.9,5.9,41,6.56,0,241.9,1
19020,BatchInference,123,RegionD,RegionC,58,80,123,125.716666666667,2.71666666666667,18,1.8,0,48.9,1
19026,BatchInference,113,RegionD,RegionE,22,80,121,124.033333333333,3.03333333333333,11,1.1,8,33.3666666666667,1
19133,BatchInference,127,RegionF,RegionD,25,80,133,135.25,2.25,23,2.3,6,51.75,1
19186,BatchInference,138,RegionA,RegionD,65,80,143,147.233333333333,4.23333333333333,14,1.4,5,59.2666666666667,1
19314,BatchInference,143,RegionC,RegionD,58,80,143,147.8,4.8,18,1.8,0,86.4,1
19351,RealTimeInference,135,RegionA,RegionA,5,20,135,138.6,3.6,5,0.4,0,0,0
19390,BatchInference,139,RegionA,RegionE,78,80,139,143.333333333333,4.33333333333333,23,2.3,0,99.6666666666667,1
19443,RealTimeInference,122,RegionA,RegionC,15,20,122,128.333333333333,6.33333333333333,1,0.08,0,6.33333333333333,1
19483,RealTimeInference,128,RegionA,RegionB,12,20,128,133.45,5.45,2,0.16,0,10.9,1
19536,AITraining,122,RegionD,RegionF,25,150,122,126.95,4.95,85,13.6,0,420.75,1
19569,BatchInference,131,RegionC,RegionF,76,80,138,142.633333333333,4.63333333333333,6,0.6,7,27.8,1
19613,RealTimeInference,127,RegionA,RegionA,5,20,127,130.716666666667,3.71666666666667,1,0.08,0,0,0
19718,BatchInference,122,RegionA,RegionD,65,80,130,136.233333333333,6.23333333333333,7,0.7,8,43.6333333333333,1
19807,BatchInference,126,RegionD,RegionD,5,80,133,138.583333333333,5.58333333333333,15,1.5,7,0,0
19874,RealTimeInference,141,RegionD,RegionD,5,20,141,141.65,0.65,3,0.24,0,0,0
20112,AITraining,133,RegionD,RegionF,25,150,133,135.766666666667,2.76666666666667,92,14.72,0,254.533333333333,1
20176,BatchInference,129,RegionF,RegionD,25,80,132,135.5,3.5,6,0.6,3,21,1
20203,RealTimeInference,122,RegionA,RegionC,15,20,122,128.433333333333,6.43333333333333,6,0.48,0,38.6,1
20238,RealTimeInference,137,RegionB,RegionA,12,20,137,138.766666666667,1.76666666666667,6,0.48,0,10.6,1
20254,RealTimeInference,120,RegionC,RegionB,14,20,120,120.183333333333,0.183333333333333,6,0.48,0,1.1,1
20273,AITraining,133,RegionE,RegionE,5,150,139,142.5,3.5,89,14.24,6,0,0
20315,AITraining,124,RegionC,RegionD,58,150,134,134.333333333333,0.333333333333333,124,19.84,10,41.3333333333333,1
20361,BatchInference,122,RegionA,RegionE,78,80,122,125.033333333333,3.03333333333333,6,0.6,0,18.2,1
20393,RealTimeInference,122,RegionA,RegionB,12,20,122,122.383333333333,0.383333333333333,5,0.4,0,1.91666666666667,1
20413,RealTimeInference,136,RegionA,RegionA,5,20,136,137.983333333333,1.98333333333333,6,0.48,0,0,0
20640,RealTimeInference,131,RegionC,RegionA,15,20,131,133.566666666667,2.56666666666667,7,0.56,0,17.9666666666667,1
20648,RealTimeInference,141,RegionD,RegionD,5,20,141,142.5,1.5,5,0.4,0,0,0
20690,RealTimeInference,125,RegionA,RegionC,15,20,125,131.133333333333,6.13333333333333,3,0.24,0,18.4,1
20852,AITraining,141,RegionA,RegionE,78,150,141,141.3,0.3,52,8.32,0,15.6,1
20970,RealTimeInference,125,RegionF,RegionE,18,20,125,130.566666666667,5.56666666666667,5,0.4,0,27.8333333333333,1
21016,BatchInference,121,RegionA,RegionD,65,80,121,127.133333333333,6.13333333333333,21,2.1,0,128.8,1
21114,BatchInference,124,RegionF,RegionD,25,80,124,127.85,3.85,16,1.6,0,61.6,1
21147,AITraining,107,RegionF,RegionA,82,150,121,122,1,111,17.76,14,111,1
21227,AITraining,125,RegionD,RegionB,60,150,125,127.366666666667,2.36666666666667,59,9.44,0,139.633333333333,1
21269,RealTimeInference,128,RegionB,RegionB,5,20,128,132.366666666667,4.36666666666667,2,0.16,0,0,0
21440,BatchInference,127,RegionD,RegionD,5,80,133,138.65,5.65,14,1.4,6,0,0
21482,AITraining,124,RegionB,RegionB,5,150,124,129.55,5.55,100,16,0,0,0
21534,RealTimeInference,124,RegionF,RegionE,18,20,124,129.433333333333,5.43333333333333,3,0.24,0,16.3,1
21569,BatchInference,121,RegionB,RegionD,60,80,132,135.433333333333,3.43333333333333,5,0.5,11,17.1666666666667,1
21957,RealTimeInference,137,RegionB,RegionB,5,20,137,138.15,1.15,6,0.48,0,0,0
22148,RealTimeInference,127,RegionB,RegionB,5,20,127,133.633333333333,6.63333333333333,4,0.32,0,0,0
22195,RealTimeInference,135,RegionC,RegionC,5,20,135,137.966666666667,2.96666666666667,6,0.48,0,0,0
22285,AITraining,127,RegionD,RegionF,25,150,134,139.5,5.5,99,15.84,7,544.5,1
22287,BatchInference,120,RegionE,RegionD,22,80,121,124.416666666667,3.41666666666667,10,1,1,34.1666666666667,1
22320,AITraining,118,RegionF,RegionD,25,150,129,134.816666666667,5.81666666666667,37,5.92,11,215.216666666667,1
22389,BatchInference,131,RegionB,RegionD,60,80,132,135.233333333333,3.23333333333333,10,1,1,32.3333333333333,1
22484,RealTimeInference,132,RegionC,RegionA,15,20,132,137.45,5.45,4,0.32,0,21.8,1
22691,AITraining,137,RegionD,RegionD,5,150,143,148.883333333333,5.88333333333333,67,10.72,6,0,0
22735,AITraining,132,RegionB,RegionE,74,150,139,141.483333333333,2.48333333333333,100,16,7,248.333333333333,1
22862,AITraining,122,RegionD,RegionD,5,150,122,125.5,3.5,42,6.72,0,0,0
22936,RealTimeInference,139,RegionC,RegionA,15,20,139,139.466666666667,0.466666666666667,5,0.4,0,2.33333333333333,1
22954,BatchInference,140,RegionC,RegionF,76,80,140,142.283333333333,2.28333333333333,22,2.2,0,50.2333333333333,1
23005,AITraining,133,RegionD,RegionF,25,150,139,144.116666666667,5.11666666666667,18,2.88,6,92.1,1
23026,AITraining,132,RegionD,RegionE,22,150,139,141.266666666667,2.26666666666667,23,3.68,7,52.1333333333333,1
23100,BatchInference,137,RegionD,RegionF,25,80,143,146.75,3.75,12,1.2,6,45,1
23318,BatchInference,124,RegionF,RegionD,25,80,124,124.2,0.2,10,1,0,2,1
23457,BatchInference,123,RegionA,RegionD,65,80,123,127.75,4.75,20,2,0,95,1
23473,RealTimeInference,128,RegionB,RegionC,14,20,128,131.083333333333,3.08333333333333,7,0.56,0,21.5833333333333,1
23486,RealTimeInference,129,RegionB,RegionB,5,20,129,130.583333333333,1.58333333333333,5,0.4,0,0,0
23498,RealTimeInference,131,RegionB,RegionB,5,20,131,136.533333333333,5.53333333333333,7,0.56,0,0,0
23645,AITraining,131,RegionF,RegionE,18,150,138,143.216666666667,5.21666666666667,97,15.52,7,506.016666666667,1
23675,RealTimeInference,143,RegionB,RegionA,12,20,143,147.566666666667,4.56666666666667,7,0.56,0,31.9666666666667,1
23730,BatchInference,136,RegionE,RegionD,22,80,142,144.666666666667,2.66666666666667,13,1.3,6,34.6666666666667,1
23887,BatchInference,142,RegionD,RegionD,5,80,142,148.466666666667,6.46666666666667,21,2.1,0,0,0
23947,RealTimeInference,123,RegionC,RegionC,5,20,123,128.816666666667,5.81666666666667,2,0.16,0,0,0
23999,AITraining,122,RegionF,RegionC,76,150,122,125.85,3.85,56,8.96,0,215.6,1
24130,BatchInference,138,RegionD,RegionF,25,80,138,141.55,3.55,12,1.2,0,42.6,1
24406,BatchInference,138,RegionE,RegionD,22,80,143,146.4,3.4,8,0.8,5,27.2,1
24436,RealTimeInference,142,RegionB,RegionC,14,20,142,142.166666666667,0.166666666666667,7,0.56,0,1.16666666666667,1
24639,BatchInference,135,RegionB,RegionD,60,80,141,146.6,5.6,17,1.7,6,95.2,1
24729,BatchInference,126,RegionA,RegionD,65,80,126,127.883333333333,1.88333333333333,5,0.5,0,9.41666666666667,1
24753,BatchInference,118,RegionD,RegionF,25,80,120,126.45,6.45,12,1.2,2,77.4,1
24976,RealTimeInference,142,RegionC,RegionC,5,20,142,148.5,6.5,4,0.32,0,0,0
25017,RealTimeInference,136,RegionE,RegionE,5,20,136,136.85,0.85,1,0.08,0,0,0
25083,AITraining,136,RegionA,RegionD,65,150,136,140.566666666667,4.56666666666667,52,8.32,0,237.466666666667,1
25084,BatchInference,66,RegionA,RegionD,65,80,121,121.916666666667,0.916666666666667,21,2.1,55,19.25,1
25145,RealTimeInference,137,RegionB,RegionB,5,20,137,137.483333333333,0.483333333333333,7,0.56,0,0,0
25466,BatchInference,122,RegionC,RegionE,70,80,140,141.316666666667,1.31666666666667,18,1.8,18,23.7,1
25511,AITraining,126,RegionD,RegionD,5,150,126,132.516666666667,6.51666666666667,108,17.28,0,0,0
25636,AITraining,119,RegionD,RegionD,5,150,129,134.7,5.7,111,17.76,10,0,0
25838,BatchInference,121,RegionA,RegionD,65,80,133,135.3,2.3,20,2,12,46,1
25892,AITraining,121,RegionD,RegionD,5,150,121,125,4,56,8.96,0,0,0
25929,RealTimeInference,131,RegionF,RegionE,18,20,131,133.233333333333,2.23333333333333,2,0.16,0,4.46666666666667,1
26028,BatchInference,137,RegionA,RegionD,65,80,143,147.233333333333,4.23333333333333,15,1.5,6,63.5,1
26083,RealTimeInference,131,RegionB,RegionB,5,20,131,137.566666666667,6.56666666666667,4,0.32,0,0,0
26114,AITraining,109,RegionD,RegionC,58,150,130,131.516666666667,1.51666666666667,98,15.68,21,148.633333333333,1
26322,BatchInference,132,RegionF,RegionE,18,80,139,142.266666666667,3.26666666666667,22,2.2,7,71.8666666666667,1
26419,RealTimeInference,137,RegionC,RegionB,14,20,137,138.583333333333,1.58333333333333,2,0.16,0,3.16666666666667,1
26531,AITraining,127,RegionF,RegionD,25,150,131,134.883333333333,3.88333333333333,17,2.72,4,66.0166666666667,1
26594,BatchInference,127,RegionB,RegionD,60,80,133,136.4,3.4,8,0.8,6,27.2,1
26625,AITraining,134,RegionC,RegionD,58,150,140,144.366666666667,4.36666666666667,45,7.2,6,196.5,1
26824,BatchInference,129,RegionC,RegionD,58,80,132,134.916666666667,2.91666666666667,13,1.3,3,37.9166666666667,1
27051,BatchInference,124,RegionA,RegionD,65,80,124,124.866666666667,0.866666666666667,21,2.1,0,18.2,1
27156,AITraining,126,RegionB,RegionD,60,150,126,126.966666666667,0.966666666666667,115,18.4,0,111.166666666667,1
27230,BatchInference,80,RegionB,RegionD,60,80,120,125.2,5.2,6,0.6,40,31.2,1
27277,RealTimeInference,123,RegionB,RegionC,14,20,123,127.016666666667,4.01666666666667,1,0.08,0,4.01666666666667,1
27334,BatchInference,120,RegionA,RegionD,65,80,128,132.183333333333,4.18333333333333,17,1.7,8,71.1166666666667,1
27364,BatchInference,124,RegionE,RegionD,22,80,124,127.516666666667,3.51666666666667,5,0.5,0,17.5833333333333,1
27375,AITraining,128,RegionD,RegionE,22,150,132,134.566666666667,2.56666666666667,61,9.76,4,156.566666666667,1
27511,RealTimeInference,120,RegionA,RegionB,12,20,120,122.566666666667,2.56666666666667,1,0.08,0,2.56666666666667,1
27651,BatchInference,132,RegionC,RegionD,58,80,133,134.583333333333,1.58333333333333,23,2.3,1,36.4166666666667,1
27723,AITraining,123,RegionD,RegionB,60,150,130,131.35,1.35,104,16.64,7,140.4,1
28035,AITraining,121,RegionB,RegionE,74,150,130,131.7,1.7,47,7.52,9,79.9,1
28183,BatchInference,136,RegionD,RegionD,5,80,142,144.683333333333,2.68333333333333,10,1,6,0,0
28458,AITraining,123,RegionE,RegionD,22,150,123,125.033333333333,2.03333333333333,120,19.2,0,244,1
28473,AITraining,122,RegionF,RegionF,5,150,122,124.133333333333,2.13333333333333,77,12.32,0,0,0
28550,AITraining,130,RegionE,RegionE,5,150,130,132.333333333333,2.33333333333333,98,15.68,0,0,0
28555,BatchInference,141,RegionB,RegionF,79,80,141,143.05,2.05,20,2,0,41,1
28886,BatchInference,120,RegionE,RegionD,22,80,120,125.65,5.65,8,0.8,0,45.2,1
28933,BatchInference,137,RegionF,RegionD,25,80,143,145.266666666667,2.26666666666667,12,1.2,6,27.2,1
29078,RealTimeInference,124,RegionA,RegionC,15,20,124,125.516666666667,1.51666666666667,5,0.4,0,7.58333333333333,1
29112,AITraining,141,RegionD,RegionE,22,150,141,145.616666666667,4.61666666666667,79,12.64,0,364.716666666667,1
29114,BatchInference,126,RegionD,RegionD,5,80,133,138.416666666667,5.41666666666667,22,2.2,7,0,0
29335,RealTimeInference,134,RegionA,RegionC,15,20,134,134.433333333333,0.433333333333333,2,0.16,0,0.866666666666667,1
29380,AITraining,107,RegionC,RegionD,58,150,134,138.883333333333,4.88333333333333,50,8,27,244.166666666667,1
29475,AITraining,122,RegionE,RegionD,22,150,122,127.383333333333,5.38333333333333,85,13.6,0,457.583333333333,1
29549,AITraining,139,RegionF,RegionF,5,150,139,143.316666666667,4.31666666666667,125,20,0,0,0
29565,RealTimeInference,134,RegionA,RegionA,5,20,134,135.933333333333,1.93333333333333,6,0.48,0,0,0
29587,RealTimeInference,135,RegionC,RegionA,15,20,135,140.65,5.65,1,0.08,0,5.65,1
29597,AITraining,122,RegionD,RegionF,25,150,122,126.066666666667,4.06666666666667,107,17.12,0,435.133333333333,1
29616,AITraining,142,RegionB,RegionD,60,150,142,148.133333333333,6.13333333333333,22,3.52,0,134.933333333333,1
29628,BatchInference,134,RegionF,RegionF,5,80,140,141.316666666667,1.31666666666667,12,1.2,6,0,0
29639,AITraining,128,RegionE,RegionF,18,150,134,136.233333333333,2.23333333333333,89,14.24,6,198.766666666667,1
29817,RealTimeInference,128,RegionC,RegionB,14,20,128,130.866666666667,2.86666666666667,7,0.56,0,20.0666666666667,1
29981,AITraining,135,RegionE,RegionE,5,150,135,141.45,6.45,119,19.04,0,0,0
30313,AITraining,121,RegionD,RegionE,22,150,132,134,2,70,11.2,11,140,1
30555,RealTimeInference,130,RegionA,RegionC,15,20,130,136.416666666667,6.41666666666667,3,0.24,0,19.25,1
30605,RealTimeInference,137,RegionC,RegionB,14,20,137,140.15,3.15,3,0.24,0,9.45,1
30660,AITraining,48,RegionD,RegionE,22,150,120,124.633333333333,4.63333333333333,42,6.72,72,194.6,1
30876,RealTimeInference,128,RegionA,RegionB,12,20,128,131.833333333333,3.83333333333333,3,0.24,0,11.5,1
30914,RealTimeInference,123,RegionE,RegionF,18,20,123,126.366666666667,3.36666666666667,6,0.48,0,20.2,1
31032,AITraining,128,RegionF,RegionD,25,150,130,131.716666666667,1.71666666666667,53,8.48,2,90.9833333333333,1
31138,RealTimeInference,121,RegionA,RegionC,15,20,121,125.066666666667,4.06666666666667,5,0.4,0,20.3333333333333,1
31397,RealTimeInference,120,RegionB,RegionC,14,20,120,123.783333333333,3.78333333333333,6,0.48,0,22.7,1
31416,RealTimeInference,143,RegionB,RegionA,12,20,143,147.883333333333,4.88333333333333,5,0.4,0,24.4166666666667,1
31610,BatchInference,141,RegionA,RegionD,65,80,141,145.266666666667,4.26666666666667,5,0.5,0,21.3333333333333,1
31645,RealTimeInference,139,RegionB,RegionB,5,20,139,142.75,3.75,4,0.32,0,0,0
31973,AITraining,128,RegionD,RegionF,25,150,134,136.033333333333,2.03333333333333,119,19.04,6,241.966666666667,1
32146,RealTimeInference,143,RegionC,RegionB,14,20,143,148.616666666667,5.61666666666667,3,0.24,0,16.85,1
32331,AITraining,120,RegionF,RegionD,25,150,133,133.733333333333,0.733333333333333,106,16.96,13,77.7333333333333,1
32422,BatchInference,119,RegionE,RegionC,70,80,130,131.433333333333,1.43333333333333,21,2.1,11,30.1,1
32636,AITraining,126,RegionD,RegionD,5,150,126,128.966666666667,2.96666666666667,99,15.84,0,0,0
32663,AITraining,117,RegionE,RegionD,22,150,130,136.45,6.45,68,10.88,13,438.6,1
32839,RealTimeInference,137,RegionB,RegionA,12,20,137,142.133333333333,5.13333333333333,4,0.32,0,20.5333333333333,1
32861,BatchInference,119,RegionE,RegionD,22,80,120,124.616666666667,4.61666666666667,8,0.8,1,36.9333333333333,1
32865,AITraining,118,RegionD,RegionD,5,150,134,138.983333333333,4.98333333333333,21,3.36,16,0,0
32931,AITraining,124,RegionD,RegionD,5,150,124,130.55,6.55,89,14.24,0,0,0
32983,RealTimeInference,130,RegionB,RegionC,14,20,130,131.533333333333,1.53333333333333,7,0.56,0,10.7333333333333,1
33131,BatchInference,141,RegionF,RegionD,25,80,141,144.2,3.2,23,2.3,0,73.6,1
33141,AITraining,127,RegionD,RegionE,22,150,132,135.783333333333,3.78333333333333,71,11.36,5,268.616666666667,1
33172,AITraining,124,RegionD,RegionD,5,150,124,128.8,4.8,59,9.44,0,0,0
33477,AITraining,130,RegionE,RegionE,5,150,130,132.916666666667,2.91666666666667,20,3.2,0,0,0
33588,RealTimeInference,141,RegionB,RegionB,5,20,141,145.266666666667,4.26666666666667,3,0.24,0,0,0
33686,AITraining,137,RegionE,RegionD,22,150,143,144.016666666667,1.01666666666667,47,7.52,6,47.7833333333333,1
33760,BatchInference,131,RegionE,RegionD,22,80,138,138.783333333333,0.783333333333333,16,1.6,7,12.5333333333333,1
34192,AITraining,108,RegionE,RegionD,22,150,121,121.35,0.35,91,14.56,13,31.85,1
34233,AITraining,143,RegionF,RegionD,25,150,143,143.483333333333,0.483333333333333,74,11.84,0,35.7666666666667,1
34553,RealTimeInference,130,RegionC,RegionC,5,20,130,135.366666666667,5.36666666666667,2,0.16,0,0,0
34639,BatchInference,118,RegionE,RegionD,22,80,132,134.666666666667,2.66666666666667,17,1.7,14,45.3333333333333,1
34728,RealTimeInference,130,RegionB,RegionB,5,20,130,132.866666666667,2.86666666666667,2,0.16,0,0,0
34780,RealTimeInference,137,RegionA,RegionA,5,20,137,138.216666666667,1.21666666666667,5,0.4,0,0,0
34916,RealTimeInference,136,RegionA,RegionA,5,20,136,137.383333333333,1.38333333333333,2,0.16,0,0,0
35057,AITraining,122,RegionE,RegionF,18,150,122,127.383333333333,5.38333333333333,114,18.24,0,613.7,1
35071,BatchInference,131,RegionD,RegionF,25,80,138,142.466666666667,4.46666666666667,11,1.1,7,49.1333333333333,1
35106,RealTimeInference,138,RegionA,RegionB,12,20,138,139.216666666667,1.21666666666667,2,0.16,0,2.43333333333333,1
35168,BatchInference,122,RegionC,RegionD,58,80,122,127.966666666667,5.96666666666667,10,1,0,59.6666666666667,1
35460,AITraining,142,RegionA,RegionD,65,150,142,144.5,2.5,27,4.32,0,67.5,1
35589,AITraining,75,RegionE,RegionD,22,150,129,134.55,5.55,31,4.96,54,172.05,1
35667,AITraining,87,RegionE,RegionF,18,150,120,126.483333333333,6.48333333333333,70,11.2,33,453.833333333333,1
35821,AITraining,119,RegionA,RegionE,78,150,129,134.3,5.3,51,8.16,10,270.3,1
35900,AITraining,136,RegionB,RegionE,74,150,136,141.483333333333,5.48333333333333,79,12.64,0,433.183333333333,1
35938,RealTimeInference,127,RegionC,RegionB,14,20,127,133.133333333333,6.13333333333333,3,0.24,0,18.4,1
36039,AITraining,118,RegionD,RegionD,5,150,129,133.616666666667,4.61666666666667,30,4.8,11,0,0
36072,AITraining,97,RegionD,RegionD,5,150,132,134.366666666667,2.36666666666667,21,3.36,35,0,0
36333,RealTimeInference,121,RegionA,RegionC,15,20,121,125.866666666667,4.86666666666667,7,0.56,0,34.0666666666667,1
36414,RealTimeInference,137,RegionB,RegionB,5,20,137,138,1,4,0.32,0,0,0
36468,BatchInference,125,RegionD,RegionF,25,80,125,125.966666666667,0.966666666666667,5,0.5,0,4.83333333333333,1
36475,RealTimeInference,142,RegionC,RegionB,14,20,142,145.266666666667,3.26666666666667,5,0.4,0,16.3333333333333,1
36637,BatchInference,136,RegionC,RegionD,58,80,142,148.183333333333,6.18333333333333,9,0.9,6,55.65,1
36919,RealTimeInference,142,RegionB,RegionA,12,20,142,143.3,1.3,6,0.48,0,7.8,1
37045,AITraining,138,RegionE,RegionE,5,150,138,143.533333333333,5.53333333333333,43,6.88,0,0,0
37060,RealTimeInference,135,RegionD,RegionD,5,20,135,141.2,6.2,3,0.24,0,0,0
37182,BatchInference,141,RegionC,RegionD,58,80,141,145.266666666667,4.26666666666667,14,1.4,0,59.7333333333333,1
37323,AITraining,119,RegionA,RegionD,65,150,121,123.4,2.4,63,10.08,2,151.2,1
37511,AITraining,133,RegionE,RegionE,5,150,139,141.933333333333,2.93333333333333,38,6.08,6,0,0
37592,RealTimeInference,137,RegionA,RegionA,5,20,137,141.916666666667,4.91666666666667,4,0.32,0,0,0
37680,RealTimeInference,126,RegionB,RegionB,5,20,126,131.6,5.6,7,0.56,0,0,0
38031,RealTimeInference,142,RegionE,RegionF,18,20,142,148.633333333333,6.63333333333333,5,0.4,0,33.1666666666667,1
38148,AITraining,135,RegionF,RegionE,18,150,141,142.216666666667,1.21666666666667,88,14.08,6,107.066666666667,1
38245,AITraining,120,RegionE,RegionD,22,150,120,125.333333333333,5.33333333333333,67,10.72,0,357.333333333333,1
38395,BatchInference,128,RegionC,RegionD,58,80,128,132.083333333333,4.08333333333333,14,1.4,0,57.1666666666667,1
38493,AITraining,123,RegionD,RegionD,5,150,123,129.633333333333,6.63333333333333,46,7.36,0,0,0
38499,RealTimeInference,123,RegionA,RegionC,15,20,123,129.566666666667,6.56666666666667,2,0.16,0,13.1333333333333,1
38582,BatchInference,129,RegionF,RegionD,25,80,132,134.666666666667,2.66666666666667,18,1.8,3,48,1
38665,AITraining,131,RegionE,RegionE,5,150,131,135.9,4.9,38,6.08,0,0,0
38677,BatchInference,123,RegionC,RegionD,58,80,123,125.85,2.85,6,0.6,0,17.1,1
38706,RealTimeInference,129,RegionC,RegionB,14,20,129,132.866666666667,3.86666666666667,7,0.56,0,27.0666666666667,1
38806,RealTimeInference,143,RegionA,RegionB,12,20,143,145.2,2.2,3,0.24,0,6.6,1
39050,RealTimeInference,131,RegionA,RegionB,12,20,131,134.083333333333,3.08333333333333,6,0.48,0,18.5,1
39139,BatchInference,131,RegionE,RegionF,18,80,138,142.633333333333,4.63333333333333,10,1,7,46.3333333333333,1
39293,AITraining,121,RegionD,RegionE,22,150,133,133.233333333333,0.233333333333333,35,5.6,12,8.16666666666667,1
39641,AITraining,138,RegionD,RegionF,25,150,138,144.55,6.55,60,9.6,0,393,1
39662,BatchInference,136,RegionD,RegionD,5,80,142,144.483333333333,2.48333333333333,12,1.2,6,0,0
39671,BatchInference,121,RegionF,RegionD,25,80,121,124.966666666667,3.96666666666667,22,2.2,0,87.2666666666667,1
39759,AITraining,117,RegionD,RegionF,25,150,120,126.45,6.45,98,15.68,3,632.1,1
39817,RealTimeInference,130,RegionA,RegionC,15,20,130,132.916666666667,2.91666666666667,2,0.16,0,5.83333333333333,1
40029,RealTimeInference,127,RegionB,RegionB,5,20,127,132.983333333333,5.98333333333333,3,0.24,0,0,0
40072,BatchInference,140,RegionA,RegionD,65,80,140,146.616666666667,6.61666666666667,4,0.4,0,26.4666666666667,1
40197,AITraining,118,RegionD,RegionD,5,150,120,126.333333333333,6.33333333333333,92,14.72,2,0,0
40238,RealTimeInference,129,RegionB,RegionB,5,20,129,131.55,2.55,7,0.56,0,0,0
40297,BatchInference,143,RegionC,RegionD,58,80,143,147.166666666667,4.16666666666667,12,1.2,0,50,1
40312,RealTimeInference,138,RegionC,RegionA,15,20,138,142.35,4.35,7,0.56,0,30.45,1
40400,RealTimeInference,131,RegionA,RegionC,15,20,131,136.583333333333,5.58333333333333,2,0.16,0,11.1666666666667,1
40421,AITraining,127,RegionD,RegionE,22,150,130,136.283333333333,6.28333333333333,83,13.28,3,521.516666666667,1
40759,BatchInference,143,RegionE,RegionD,22,80,143,146.366666666667,3.36666666666667,21,2.1,0,70.7,1
40779,RealTimeInference,131,RegionC,RegionB,14,20,131,132.866666666667,1.86666666666667,1,0.08,0,1.86666666666667,1
40872,AITraining,137,RegionB,RegionE,74,150,137,141.783333333333,4.78333333333333,54,8.64,0,258.3,1
40877,RealTimeInference,135,RegionC,RegionA,15,20,135,140.5,5.5,4,0.32,0,22,1
40904,RealTimeInference,126,RegionE,RegionE,5,20,126,131.633333333333,5.63333333333333,7,0.56,0,0,0
41033,RealTimeInference,134,RegionB,RegionC,14,20,134,135,1,7,0.56,0,7,1
41136,BatchInference,119,RegionB,RegionF,79,80,138,141.916666666667,3.91666666666667,11,1.1,19,43.0833333333333,1
41137,BatchInference,67,RegionC,RegionD,58,80,120,126.333333333333,6.33333333333333,5,0.5,53,31.6666666666667,1
41173,AITraining,120,RegionF,RegionB,79,150,120,126.083333333333,6.08333333333333,40,6.4,0,243.333333333333,1
41407,BatchInference,119,RegionD,RegionE,22,80,130,131.066666666667,1.06666666666667,9,0.9,11,9.6,1
41487,BatchInference,137,RegionE,RegionD,22,80,137,140.666666666667,3.66666666666667,23,2.3,0,84.3333333333333,1
41757,BatchInference,138,RegionF,RegionF,5,80,138,141.916666666667,3.91666666666667,6,0.6,0,0,0
41791,AITraining,135,RegionD,RegionF,25,150,135,137.65,2.65,88,14.08,0,233.2,1
41803,RealTimeInference,133,RegionF,RegionE,18,20,133,133.95,0.95,1,0.08,0,0.95,1
42061,AITraining,123,RegionD,RegionD,5,150,123,126.25,3.25,109,17.44,0,0,0
42111,BatchInference,137,RegionF,RegionF,5,80,137,140.983333333333,3.98333333333333,5,0.5,0,0,0
42265,AITraining,141,RegionD,RegionD,5,150,141,144.233333333333,3.23333333333333,123,19.68,0,0,0
42402,AITraining,120,RegionD,RegionE,22,150,130,131.483333333333,1.48333333333333,124,19.84,10,183.933333333333,1
42639,BatchInference,123,RegionC,RegionD,58,80,133,135.316666666667,2.31666666666667,15,1.5,10,34.75,1
42677,AITraining,120,RegionD,RegionE,22,150,120,124.733333333333,4.73333333333333,19,3.04,0,89.9333333333333,1
42837,AITraining,123,RegionE,RegionD,22,150,123,126.616666666667,3.61666666666667,72,11.52,0,260.4,1
42892,RealTimeInference,138,RegionA,RegionA,5,20,138,141.416666666667,3.41666666666667,4,0.32,0,0,0
42914,RealTimeInference,123,RegionB,RegionA,12,20,123,127.866666666667,4.86666666666667,7,0.56,0,34.0666666666667,1
43111,BatchInference,133,RegionB,RegionF,79,80,139,142.8,3.8,17,1.7,6,64.6,1
43135,AITraining,118,RegionB,RegionD,60,150,129,133.733333333333,4.73333333333333,18,2.88,11,85.2,1
43390,BatchInference,121,RegionF,RegionD,25,80,121,125.333333333333,4.33333333333333,23,2.3,0,99.6666666666667,1
43540,BatchInference,123,RegionE,RegionD,22,80,123,126.5,3.5,16,1.6,0,56,1
43693,RealTimeInference,135,RegionA,RegionB,12,20,135,137.733333333333,2.73333333333333,6,0.48,0,16.4,1
43861,AITraining,120,RegionE,RegionF,18,150,120,126.516666666667,6.51666666666667,67,10.72,0,436.616666666667,1
43931,BatchInference,125,RegionC,RegionA,15,80,125,125.283333333333,0.283333333333333,5,0.5,0,1.41666666666667,1
43955,AITraining,138,RegionB,RegionD,60,150,143,143.666666666667,0.666666666666667,52,8.32,5,34.6666666666667,1
43972,BatchInference,119,RegionD,RegionD,5,80,120,125.883333333333,5.88333333333333,22,2.2,1,0,0
43979,AITraining,121,RegionE,RegionE,5,150,130,133.216666666667,3.21666666666667,77,12.32,9,0,0
44009,BatchInference,130,RegionB,RegionE,74,80,130,133.783333333333,3.78333333333333,7,0.7,0,26.4833333333333,1
44150,RealTimeInference,143,RegionC,RegionA,15,20,143,146.083333333333,3.08333333333333,6,0.48,0,18.5,1
44168,BatchInference,118,RegionC,RegionE,70,80,130,131.766666666667,1.76666666666667,23,2.3,12,40.6333333333333,1
44196,BatchInference,129,RegionE,RegionD,22,80,129,131.183333333333,2.18333333333333,23,2.3,0,50.2166666666667,1
44246,BatchInference,122,RegionC,RegionF,76,80,122,124.2,2.2,11,1.1,0,24.2,1
44708,BatchInference,129,RegionE,RegionE,5,80,129,133.366666666667,4.36666666666667,9,0.9,0,0,0
44874,AITraining,138,RegionD,RegionD,5,150,143,145.616666666667,2.61666666666667,86,13.76,5,0,0
44884,BatchInference,47,RegionD,RegionF,25,80,120,125.983333333333,5.98333333333333,11,1.1,73,65.8166666666667,1
44885,AITraining,104,RegionF,RegionD,25,150,130,130.95,0.95,34,5.44,26,32.3,1
44962,BatchInference,142,RegionD,RegionD,5,80,142,144.683333333333,2.68333333333333,12,1.2,0,0,0
44986,BatchInference,133,RegionB,RegionD,60,80,133,135.933333333333,2.93333333333333,9,0.9,0,26.4,1
44987,AITraining,137,RegionD,RegionD,5,150,143,145.6,2.6,70,11.2,6,0,0
45008,BatchInference,117,RegionD,RegionD,5,80,132,134.766666666667,2.76666666666667,11,1.1,15,0,0
45203,AITraining,141,RegionD,RegionE,22,150,141,146.016666666667,5.01666666666667,43,6.88,0,215.716666666667,1
45523,RealTimeInference,127,RegionA,RegionA,5,20,127,129.133333333333,2.13333333333333,5,0.4,0,0,0
45566,BatchInference,123,RegionD,RegionD,5,80,123,127.966666666667,4.96666666666667,14,1.4,0,0,0
45746,BatchInference,126,RegionA,RegionD,65,80,126,127.35,1.35,15,1.5,0,20.25,1
45786,RealTimeInference,138,RegionA,RegionA,5,20,138,142.016666666667,4.01666666666667,4,0.32,0,0,0
45883,AITraining,123,RegionF,RegionF,5,150,123,125.566666666667,2.56666666666667,42,6.72,0,0,0
45954,BatchInference,142,RegionE,RegionD,22,80,142,148.066666666667,6.06666666666667,19,1.9,0,115.266666666667,1
45961,AITraining,143,RegionF,RegionD,25,150,143,144.983333333333,1.98333333333333,36,5.76,0,71.4,1
45963,RealTimeInference,140,RegionA,RegionA,5,20,140,146.083333333333,6.08333333333333,7,0.56,0,0,0
46093,RealTimeInference,129,RegionA,RegionB,12,20,129,133.633333333333,4.63333333333333,4,0.32,0,18.5333333333333,1
46121,RealTimeInference,120,RegionA,RegionC,15,20,120,125.833333333333,5.83333333333333,2,0.16,0,11.6666666666667,1
46126,AITraining,126,RegionA,RegionD,65,150,128,132.083333333333,4.08333333333333,18,2.88,2,73.5,1
46314,RealTimeInference,139,RegionC,RegionB,14,20,139,143.616666666667,4.61666666666667,1,0.08,0,4.61666666666667,1
46423,AITraining,121,RegionD,RegionD,5,150,121,127.2,6.2,47,7.52,0,0,0
46472,AITraining,120,RegionF,RegionD,25,150,128,133.1,5.1,126,20.16,8,642.6,1
46521,BatchInference,121,RegionB,RegionD,60,80,121,122.55,1.55,22,2.2,0,34.1,1
46706,BatchInference,126,RegionC,RegionD,58,80,129,132.75,3.75,9,0.9,3,33.75,1
46789,AITraining,120,RegionC,RegionD,58,150,121,123.083333333333,2.08333333333333,16,2.56,1,33.3333333333333,1
46895,AITraining,121,RegionD,RegionE,22,150,130,131.583333333333,1.58333333333333,126,20.16,9,199.5,1
46928,BatchInference,127,RegionB,RegionD,60,80,133,134.283333333333,1.28333333333333,16,1.6,6,20.5333333333333,1
46983,BatchInference,131,RegionD,RegionD,5,80,133,136.333333333333,3.33333333333333,13,1.3,2,0,0
47154,AITraining,127,RegionF,RegionB,79,150,131,135.983333333333,4.98333333333333,123,19.68,4,612.95,1
47230,BatchInference,126,RegionB,RegionD,60,80,128,133.216666666667,5.21666666666667,15,1.5,2,78.25,1
47443,RealTimeInference,142,RegionC,RegionA,15,20,142,148.05,6.05,1,0.08,0,6.05,1
47550,RealTimeInference,131,RegionA,RegionB,12,20,131,132.916666666667,1.91666666666667,7,0.56,0,13.4166666666667,1
47721,AITraining,120,RegionD,RegionD,5,150,129,132.366666666667,3.36666666666667,61,9.76,9,0,0
47798,AITraining,125,RegionF,RegionA,82,150,125,130.966666666667,5.96666666666667,123,19.68,0,733.9,1
47808,RealTimeInference,121,RegionB,RegionC,14,20,121,121.933333333333,0.933333333333333,6,0.48,0,5.6,1
47951,AITraining,81,RegionD,RegionD,5,150,120,124.916666666667,4.91666666666667,35,5.6,39,0,0
48057,AITraining,120,RegionD,RegionE,22,150,130,131,1,26,4.16,10,26,1
48261,RealTimeInference,138,RegionB,RegionB,5,20,138,143.866666666667,5.86666666666667,1,0.08,0,0,0
48276,AITraining,124,RegionF,RegionF,5,150,124,130.2,6.2,115,18.4,0,0,0
48281,RealTimeInference,125,RegionB,RegionA,12,20,125,125.4,0.4,1,0.08,0,0.4,1
48422,RealTimeInference,124,RegionA,RegionC,15,20,124,129.55,5.55,7,0.56,0,38.85,1
48684,RealTimeInference,136,RegionF,RegionE,18,20,136,139.866666666667,3.86666666666667,5,0.4,0,19.3333333333333,1
48747,RealTimeInference,137,RegionB,RegionA,12,20,137,138.183333333333,1.18333333333333,2,0.16,0,2.36666666666667,1
48798,BatchInference,138,RegionB,RegionD,60,80,143,146.133333333333,3.13333333333333,12,1.2,5,37.6,1
48897,RealTimeInference,125,RegionB,RegionA,12,20,125,128.866666666667,3.86666666666667,5,0.4,0,19.3333333333333,1
48949,AITraining,114,RegionD,RegionD,5,150,121,122.483333333333,1.48333333333333,67,10.72,7,0,0
49021,RealTimeInference,139,RegionB,RegionB,5,20,139,140.466666666667,1.46666666666667,1,0.08,0,0,0
49033,BatchInference,123,RegionB,RegionD,60,80,123,128.4,5.4,15,1.5,0,81,1
49080,AITraining,103,RegionD,RegionD,5,150,132,135.166666666667,3.16666666666667,117,18.72,29,0,0
49084,RealTimeInference,132,RegionF,RegionE,18,20,132,134.066666666667,2.06666666666667,3,0.24,0,6.2,1
49085,AITraining,134,RegionC,RegionF,76,150,140,144.316666666667,4.31666666666667,37,5.92,6,159.716666666667,1
49098,AITraining,127,RegionC,RegionC,5,150,127,127.216666666667,0.216666666666667,76,12.16,0,0,0
49168,AITraining,132,RegionF,RegionB,79,150,132,132.616666666667,0.616666666666667,75,12,0,46.25,1
49328,RealTimeInference,128,RegionA,RegionB,12,20,128,133.383333333333,5.38333333333333,7,0.56,0,37.6833333333333,1
49331,BatchInference,119,RegionD,RegionD,5,80,133,135.1,2.1,9,0.9,14,0,0
49682,BatchInference,122,RegionA,RegionD,65,80,122,125.583333333333,3.58333333333333,8,0.8,0,28.6666666666667,1
49778,BatchInference,127,RegionE,RegionC,70,80,127,127.983333333333,0.983333333333333,14,1.4,0,13.7666666666667,1
163,AITraining,162,RegionF,RegionB,79,150,162,164.3,2.3,24,3.84,0,55.2,1
204,AITraining,147,RegionD,RegionB,60,150,147,151.8,4.8,70,11.2,0,336,1
209,BatchInference,163,RegionF,RegionD,25,80,163,164.816666666667,1.81666666666667,22,2.2,0,39.9666666666667,1
222,BatchInference,158,RegionF,RegionD,25,80,164,165.416666666667,1.41666666666667,21,2.1,6,29.75,1
236,BatchInference,156,RegionA,RegionD,65,80,157,160.033333333333,3.03333333333333,10,1,1,30.3333333333333,1
478,AITraining,163,RegionF,RegionC,76,150,163,167.5,4.5,27,4.32,0,121.5,1
550,BatchInference,151,RegionF,RegionC,76,80,151,151.8,0.8,6,0.6,0,4.8,1
565,AITraining,147,RegionD,RegionD,5,150,164,167.916666666667,3.91666666666667,77,12.32,17,0,0
612,AITraining,161,RegionD,RegionA,65,150,161,167.15,6.15,120,19.2,0,738,1
645,RealTimeInference,152,RegionB,RegionC,14,20,152,154.566666666667,2.56666666666667,4,0.32,0,10.2666666666667,1
655,BatchInference,134,RegionF,RegionD,25,80,157,160.566666666667,3.56666666666667,14,1.4,23,49.9333333333333,1
994,AITraining,132,RegionE,RegionB,74,150,153,153.383333333333,0.383333333333333,19,3.04,21,7.28333333333333,1
1203,AITraining,152,RegionE,RegionD,22,150,152,153.55,1.55,126,20.16,0,195.3,1
1205,RealTimeInference,148,RegionC,RegionC,5,20,148,148.833333333333,0.833333333333333,3,0.24,0,0,0
1346,BatchInference,161,RegionB,RegionD,60,80,161,164.1,3.1,16,1.6,0,49.6,1
1528,AITraining,150,RegionB,RegionD,60,150,150,156.283333333333,6.28333333333333,64,10.24,0,402.133333333333,1
1617,BatchInference,133,RegionD,RegionD,5,80,157,163.116666666667,6.11666666666667,17,1.7,24,0,0
1744,RealTimeInference,163,RegionF,RegionF,5,20,163,164.75,1.75,6,0.48,0,0,0
2033,AITraining,142,RegionB,RegionC,14,150,157,157.333333333333,0.333333333333333,25,4,15,8.33333333333333,1
2145,BatchInference,144,RegionA,RegionD,65,80,154,159.583333333333,5.58333333333333,12,1.2,10,67,1
2191,RealTimeInference,154,RegionA,RegionA,5,20,154,154.583333333333,0.583333333333333,7,0.56,0,0,0
2217,BatchInference,153,RegionA,RegionA,5,80,154,154.433333333333,0.433333333333333,7,0.7,1,0,0
2257,RealTimeInference,161,RegionA,RegionB,12,20,161,164.066666666667,3.06666666666667,7,0.56,0,21.4666666666667,1
2314,BatchInference,146,RegionF,RegionC,76,80,153,155.433333333333,2.43333333333333,9,0.9,7,21.9,1
2481,AITraining,126,RegionD,RegionA,65,150,158,161.166666666667,3.16666666666667,74,11.84,32,234.333333333333,1
2621,AITraining,159,RegionE,RegionB,74,150,165,166,1,53,8.48,6,53,1
2677,AITraining,154,RegionD,RegionB,60,150,156,157.866666666667,1.86666666666667,113,18.08,2,210.933333333333,1
2688,AITraining,147,RegionF,RegionB,79,150,155,159.833333333333,4.83333333333333,119,19.04,8,575.166666666667,1
2949,BatchInference,161,RegionD,RegionD,5,80,161,162.466666666667,1.46666666666667,8,0.8,0,0,0
3036,RealTimeInference,154,RegionE,RegionF,18,20,154,157.1,3.1,5,0.4,0,15.5,1
3208,BatchInference,160,RegionA,RegionD,65,80,160,163.066666666667,3.06666666666667,10,1,0,30.6666666666667,1
3275,BatchInference,146,RegionB,RegionD,60,80,152,156.916666666667,4.91666666666667,7,0.7,6,34.4166666666667,1
3321,BatchInference,145,RegionC,RegionC,5,80,145,150.9,5.9,19,1.9,0,0,0
3359,RealTimeInference,149,RegionA,RegionC,15,20,149,150.7,1.7,7,0.56,0,11.9,1
3516,RealTimeInference,144,RegionA,RegionC,15,20,144,147.866666666667,3.86666666666667,1,0.08,0,3.86666666666667,1
3538,AITraining,135,RegionD,RegionF,25,150,144,146.916666666667,2.91666666666667,34,5.44,9,99.1666666666667,1
3643,RealTimeInference,146,RegionB,RegionC,14,20,146,150.2,4.2,1,0.08,0,4.2,1
3698,RealTimeInference,154,RegionC,RegionA,15,20,154,155.183333333333,1.18333333333333,1,0.08,0,1.18333333333333,1
3866,AITraining,142,RegionD,RegionB,60,150,144,149,5,33,5.28,2,165,1
4035,AITraining,166,RegionD,RegionC,58,150,166,170.633333333333,4.63333333333333,30,4.8,0,139,1
4091,BatchInference,147,RegionE,RegionD,22,80,147,153.5,6.5,19,1.9,0,123.5,1
4127,BatchInference,153,RegionB,RegionD,60,80,153,154.966666666667,1.96666666666667,7,0.7,0,13.7666666666667,1
4186,BatchInference,151,RegionB,RegionC,14,80,151,152.416666666667,1.41666666666667,6,0.6,0,8.5,1
4224,AITraining,142,RegionB,RegionA,12,150,144,145.9,1.9,100,16,2,190,1
4397,RealTimeInference,165,RegionB,RegionA,12,20,165,166.516666666667,1.51666666666667,1,0.08,0,1.51666666666667,1
4468,BatchInference,151,RegionB,RegionC,14,80,151,153.333333333333,2.33333333333333,21,2.1,0,49,1
4552,BatchInference,151,RegionA,RegionD,65,80,154,159.566666666667,5.56666666666667,23,2.3,3,128.033333333333,1
4568,RealTimeInference,151,RegionB,RegionC,14,20,151,156.3,5.3,5,0.4,0,26.5,1
4766,BatchInference,150,RegionD,RegionC,58,80,150,152.4,2.4,16,1.6,0,38.4,1
4931,AITraining,149,RegionF,RegionA,82,150,149,153.116666666667,4.11666666666667,126,20.16,0,518.7,1
5039,AITraining,160,RegionD,RegionF,25,150,166,168.516666666667,2.51666666666667,67,10.72,6,168.616666666667,1
5151,RealTimeInference,155,RegionB,RegionB,5,20,155,157.75,2.75,3,0.24,0,0,0
5155,BatchInference,162,RegionA,RegionD,65,80,162,166.4,4.4,21,2.1,0,92.4,1
5212,BatchInference,159,RegionD,RegionD,5,80,159,164.05,5.05,16,1.6,0,0,0
5441,RealTimeInference,160,RegionB,RegionA,12,20,160,161.5,1.5,3,0.24,0,4.5,1
5462,RealTimeInference,150,RegionC,RegionA,15,20,150,153.033333333333,3.03333333333333,6,0.48,0,18.2,1
5862,AITraining,131,RegionF,RegionC,76,150,157,157.65,0.65,116,18.56,26,75.4,1
5913,BatchInference,153,RegionD,RegionD,5,80,153,153.783333333333,0.783333333333333,6,0.6,0,0,0
5946,BatchInference,162,RegionD,RegionD,5,80,162,165.3,3.3,11,1.1,0,0,0
6020,RealTimeInference,149,RegionC,RegionC,5,20,149,155.566666666667,6.56666666666667,2,0.16,0,0,0
6201,BatchInference,151,RegionC,RegionC,5,80,151,155.733333333333,4.73333333333333,22,2.2,0,0,0
6521,RealTimeInference,153,RegionA,RegionC,15,20,153,156.2,3.2,5,0.4,0,16,1
6582,AITraining,144,RegionE,RegionB,74,150,162,164.966666666667,2.96666666666667,103,16.48,18,305.566666666667,1
6588,RealTimeInference,145,RegionB,RegionA,12,20,145,147.133333333333,2.13333333333333,4,0.32,0,8.53333333333333,1
6679,BatchInference,158,RegionB,RegionD,60,80,158,159.983333333333,1.98333333333333,19,1.9,0,37.6833333333333,1
6737,AITraining,133,RegionD,RegionC,58,150,144,150.633333333333,6.63333333333333,71,11.36,11,470.966666666667,1
6832,RealTimeInference,162,RegionC,RegionB,14,20,162,164.95,2.95,6,0.48,0,17.7,1
6858,AITraining,145,RegionE,RegionF,18,150,145,146.683333333333,1.68333333333333,126,20.16,0,212.1,1
6931,RealTimeInference,147,RegionC,RegionC,5,20,147,149.7,2.7,2,0.16,0,0,0
6986,RealTimeInference,149,RegionA,RegionB,12,20,149,149.616666666667,0.616666666666667,7,0.56,0,4.31666666666667,1
7108,RealTimeInference,156,RegionC,RegionC,5,20,156,156.416666666667,0.416666666666667,4,0.32,0,0,0
7176,BatchInference,128,RegionA,RegionD,65,80,157,162.3,5.3,4,0.4,29,21.2,1
7201,BatchInference,164,RegionF,RegionD,25,80,164,166.25,2.25,18,1.8,0,40.5,1
7299,BatchInference,145,RegionE,RegionC,70,80,145,146.683333333333,1.68333333333333,16,1.6,0,26.9333333333333,1
7301,BatchInference,149,RegionA,RegionD,65,80,149,150.283333333333,1.28333333333333,6,0.6,0,7.7,1
7468,AITraining,146,RegionE,RegionD,22,150,156,158.433333333333,2.43333333333333,46,7.36,10,111.933333333333,1
7522,RealTimeInference,164,RegionC,RegionB,14,20,164,164.633333333333,0.633333333333333,4,0.32,0,2.53333333333333,1
7647,BatchInference,131,RegionF,RegionD,25,80,152,157.466666666667,5.46666666666667,19,1.9,21,103.866666666667,1
7683,AITraining,161,RegionD,RegionB,60,150,161,165.316666666667,4.31666666666667,63,10.08,0,271.95,1
7746,BatchInference,140,RegionA,RegionD,65,80,157,162.316666666667,5.31666666666667,8,0.8,17,42.5333333333333,1
7907,AITraining,152,RegionE,RegionD,22,150,158,160.516666666667,2.51666666666667,91,14.56,6,229.016666666667,1
8195,BatchInference,157,RegionC,RegionD,58,80,157,163.466666666667,6.46666666666667,22,2.2,0,142.266666666667,1
8202,RealTimeInference,144,RegionB,RegionA,12,20,144,150.333333333333,6.33333333333333,2,0.16,0,12.6666666666667,1
8263,AITraining,144,RegionF,RegionA,82,150,155,158.8,3.8,126,20.16,11,478.8,1
8329,BatchInference,147,RegionE,RegionD,22,80,157,160.816666666667,3.81666666666667,21,2.1,10,80.15,1
8520,BatchInference,141,RegionF,RegionD,25,80,153,158.633333333333,5.63333333333333,7,0.7,12,39.4333333333333,1
8523,AITraining,161,RegionD,RegionD,5,150,161,165.566666666667,4.56666666666667,36,5.76,0,0,0
8559,AITraining,147,RegionF,RegionD,25,150,153,156.05,3.05,79,12.64,6,240.95,1
8631,RealTimeInference,152,RegionD,RegionD,5,20,152,156.366666666667,4.36666666666667,7,0.56,0,0,0
8749,RealTimeInference,163,RegionD,RegionD,5,20,163,164.916666666667,1.91666666666667,6,0.48,0,0,0
8836,AITraining,163,RegionD,RegionB,60,150,163,169.016666666667,6.01666666666667,127,20.32,0,764.116666666667,1
8904,RealTimeInference,163,RegionB,RegionA,12,20,163,168.366666666667,5.36666666666667,1,0.08,0,5.36666666666667,1
8975,RealTimeInference,148,RegionB,RegionB,5,20,148,150.35,2.35,5,0.4,0,0,0
9033,RealTimeInference,149,RegionA,RegionC,15,20,149,153.066666666667,4.06666666666667,3,0.24,0,12.2,1
9165,RealTimeInference,165,RegionA,RegionA,5,20,165,168.75,3.75,4,0.32,0,0,0
9169,RealTimeInference,161,RegionE,RegionF,18,20,161,163.083333333333,2.08333333333333,1,0.08,0,2.08333333333333,1
9229,BatchInference,157,RegionA,RegionD,65,80,157,163.35,6.35,23,2.3,0,146.05,1
9417,RealTimeInference,164,RegionC,RegionB,14,20,164,166.633333333333,2.63333333333333,6,0.48,0,15.8,1
9517,RealTimeInference,149,RegionF,RegionF,5,20,149,149.183333333333,0.183333333333333,5,0.4,0,0,0
9748,RealTimeInference,160,RegionA,RegionA,5,20,160,166.083333333333,6.08333333333333,3,0.24,0,0,0
10046,BatchInference,161,RegionD,RegionD,5,80,161,162.333333333333,1.33333333333333,18,1.8,0,0,0
10053,RealTimeInference,154,RegionC,RegionC,5,20,154,155.033333333333,1.03333333333333,5,0.4,0,0,0
10099,AITraining,156,RegionE,RegionD,22,150,156,158.35,2.35,24,3.84,0,56.4,1
10151,BatchInference,154,RegionD,RegionD,5,80,154,158.316666666667,4.31666666666667,19,1.9,0,0,0
10325,RealTimeInference,154,RegionA,RegionC,15,20,154,156.683333333333,2.68333333333333,1,0.08,0,2.68333333333333,1
10892,RealTimeInference,149,RegionB,RegionA,12,20,149,149.866666666667,0.866666666666667,3,0.24,0,2.6,1
11135,AITraining,139,RegionE,RegionC,70,150,156,159.233333333333,3.23333333333333,21,3.36,17,67.9,1
11241,AITraining,163,RegionF,RegionC,76,150,163,168.783333333333,5.78333333333333,37,5.92,0,213.983333333333,1
11331,RealTimeInference,147,RegionB,RegionC,14,20,147,152.716666666667,5.71666666666667,1,0.08,0,5.71666666666667,1
11385,BatchInference,148,RegionE,RegionD,22,80,148,148.55,0.55,16,1.6,0,8.8,1
11407,AITraining,160,RegionC,RegionD,58,150,166,167.883333333333,1.88333333333333,106,16.96,6,199.633333333333,1
11561,BatchInference,142,RegionD,RegionD,5,80,162,165.15,3.15,4,0.4,20,0,0
11570,BatchInference,158,RegionF,RegionD,25,80,164,166.783333333333,2.78333333333333,15,1.5,6,41.75,1
11661,BatchInference,148,RegionE,RegionB,74,80,148,152.366666666667,4.36666666666667,19,1.9,0,82.9666666666667,1
11909,AITraining,164,RegionE,RegionB,74,150,164,169.55,5.55,56,8.96,0,310.8,1
11930,AITraining,147,RegionF,RegionB,79,150,147,153.25,6.25,51,8.16,0,318.75,1
12236,AITraining,143,RegionE,RegionD,22,150,152,156.816666666667,4.81666666666667,115,18.4,9,553.916666666667,1
12332,BatchInference,153,RegionA,RegionD,65,80,160,161.266666666667,1.26666666666667,11,1.1,7,13.9333333333333,1
12369,AITraining,151,RegionF,RegionD,25,150,158,160.7,2.7,100,16,7,270,1
12509,RealTimeInference,153,RegionA,RegionC,15,20,153,158.15,5.15,5,0.4,0,25.75,1
12569,RealTimeInference,161,RegionA,RegionB,12,20,161,165.616666666667,4.61666666666667,6,0.48,0,27.7,1
12682,BatchInference,151,RegionC,RegionC,5,80,151,155.083333333333,4.08333333333333,20,2,0,0,0
12765,RealTimeInference,166,RegionA,RegionC,15,20,166,171.033333333333,5.03333333333333,2,0.16,0,10.0666666666667,1
12991,RealTimeInference,165,RegionB,RegionA,12,20,165,166.433333333333,1.43333333333333,2,0.16,0,2.86666666666667,1
13079,RealTimeInference,150,RegionA,RegionC,15,20,150,153.483333333333,3.48333333333333,7,0.56,0,24.3833333333333,1
13248,AITraining,133,RegionF,RegionC,76,150,158,164.016666666667,6.01666666666667,109,17.44,25,655.816666666667,1
13258,RealTimeInference,166,RegionA,RegionA,5,20,166,166.216666666667,0.216666666666667,7,0.56,0,0,0
13411,AITraining,161,RegionE,RegionD,22,150,161,165.5,4.5,18,2.88,0,81,1
13428,AITraining,152,RegionD,RegionB,60,150,158,161.183333333333,3.18333333333333,91,14.56,6,289.683333333333,1
13540,BatchInference,136,RegionB,RegionD,60,80,153,153.45,0.45,19,1.9,17,8.55,1
13541,BatchInference,149,RegionC,RegionC,5,80,149,154.283333333333,5.28333333333333,20,2,0,0,0
13804,AITraining,139,RegionE,RegionA,78,150,157,158.066666666667,1.06666666666667,47,7.52,18,50.1333333333333,1
13857,BatchInference,139,RegionD,RegionD,5,80,157,163.45,6.45,18,1.8,18,0,0
13892,AITraining,163,RegionF,RegionB,79,150,163,168.033333333333,5.03333333333333,48,7.68,0,241.6,1
14155,RealTimeInference,153,RegionA,RegionC,15,20,153,156.85,3.85,5,0.4,0,19.25,1
14187,BatchInference,140,RegionF,RegionD,25,80,153,154.166666666667,1.16666666666667,23,2.3,13,26.8333333333333,1
14398,RealTimeInference,147,RegionA,RegionC,15,20,147,147.55,0.55,6,0.48,0,3.3,1
14446,BatchInference,150,RegionC,RegionD,58,80,150,151.65,1.65,9,0.9,0,14.85,1
14527,AITraining,154,RegionF,RegionC,76,150,161,167.55,6.55,103,16.48,7,674.65,1
14706,BatchInference,150,RegionA,RegionA,5,80,154,154.316666666667,0.316666666666667,7,0.7,4,0,0
14895,AITraining,135,RegionF,RegionC,76,150,153,156.05,3.05,31,4.96,18,94.55,1
14897,AITraining,162,RegionD,RegionA,65,150,162,167.85,5.85,82,13.12,0,479.7,1
14937,RealTimeInference,153,RegionA,RegionC,15,20,153,157.683333333333,4.68333333333333,7,0.56,0,32.7833333333333,1
15054,AITraining,149,RegionC,RegionD,58,150,149,153.183333333333,4.18333333333333,19,3.04,0,79.4833333333333,1
15392,AITraining,146,RegionE,RegionC,70,150,164,167.933333333333,3.93333333333333,106,16.96,18,416.933333333333,1
15418,AITraining,152,RegionE,RegionD,22,150,158,160,2,120,19.2,6,240,1
15598,AITraining,154,RegionA,RegionA,5,150,154,158.05,4.05,76,12.16,0,0,0
15703,BatchInference,161,RegionA,RegionD,65,80,161,166.916666666667,5.91666666666667,12,1.2,0,71,1
15719,BatchInference,147,RegionC,RegionD,58,80,147,149.883333333333,2.88333333333333,18,1.8,0,51.9,1
15808,BatchInference,157,RegionA,RegionD,65,80,157,161.6,4.6,20,2,0,92,1
15887,AITraining,157,RegionB,RegionD,60,150,157,158.116666666667,1.11666666666667,55,8.8,0,61.4166666666667,1
16162,AITraining,150,RegionA,RegionB,12,150,150,156.283333333333,6.28333333333333,121,19.36,0,760.283333333333,1
16302,AITraining,152,RegionD,RegionD,5,150,154,160.266666666667,6.26666666666667,74,11.84,2,0,0
16329,RealTimeInference,154,RegionB,RegionB,5,20,154,158.35,4.35,7,0.56,0,0,0
16703,RealTimeInference,144,RegionB,RegionC,14,20,144,146.95,2.95,2,0.16,0,5.9,1
16814,RealTimeInference,154,RegionB,RegionA,12,20,154,155.133333333333,1.13333333333333,3,0.24,0,3.4,1
16984,BatchInference,127,RegionB,RegionD,60,80,153,153.866666666667,0.866666666666667,9,0.9,26,7.8,1
16985,AITraining,161,RegionD,RegionD,5,150,161,165.583333333333,4.58333333333333,20,3.2,0,0,0
16987,AITraining,144,RegionF,RegionC,76,150,153,155.783333333333,2.78333333333333,104,16.64,9,289.466666666667,1
17125,BatchInference,151,RegionE,RegionD,22,80,153,155.95,2.95,10,1,2,29.5,1
17129,AITraining,135,RegionD,RegionA,65,150,144,148.616666666667,4.61666666666667,74,11.84,9,341.633333333333,1
17282,AITraining,133,RegionF,RegionD,25,150,153,157.25,4.25,94,15.04,20,399.5,1
17589,AITraining,145,RegionE,RegionC,70,150,145,146.35,1.35,45,7.2,0,60.75,1
17630,RealTimeInference,155,RegionC,RegionB,14,20,155,156.883333333333,1.88333333333333,2,0.16,0,3.76666666666667,1
17651,BatchInference,144,RegionA,RegionD,65,80,153,156.316666666667,3.31666666666667,11,1.1,9,36.4833333333333,1
17683,AITraining,144,RegionF,RegionB,79,150,144,145.733333333333,1.73333333333333,16,2.56,0,27.7333333333333,1
17724,AITraining,128,RegionC,RegionD,58,150,155,159.65,4.65,39,6.24,27,181.35,1
17725,AITraining,149,RegionD,RegionD,5,150,149,152.95,3.95,37,5.92,0,0,0
17764,RealTimeInference,153,RegionA,RegionC,15,20,153,157.416666666667,4.41666666666667,7,0.56,0,30.9166666666667,1
17883,AITraining,148,RegionD,RegionA,65,150,155,158.883333333333,3.88333333333333,31,4.96,7,120.383333333333,1
17890,BatchInference,153,RegionC,RegionD,58,80,157,162.216666666667,5.21666666666667,20,2,4,104.333333333333,1
17912,RealTimeInference,151,RegionC,RegionC,5,20,151,157.466666666667,6.46666666666667,6,0.48,0,0,0
17918,RealTimeInference,149,RegionC,RegionC,5,20,149,154.35,5.35,3,0.24,0,0,0
17965,BatchInference,136,RegionF,RegionC,76,80,144,145.783333333333,1.78333333333333,5,0.5,8,8.91666666666667,1
18175,BatchInference,156,RegionF,RegionD,25,80,157,157.766666666667,0.766666666666667,7,0.7,1,5.36666666666667,1
18283,BatchInference,159,RegionB,RegionD,60,80,165,165.766666666667,0.766666666666667,13,1.3,6,9.96666666666667,1
18399,RealTimeInference,167,RegionA,RegionC,15,20,167,170.383333333333,3.38333333333333,4,0.32,0,13.5333333333333,1
18454,BatchInference,152,RegionC,RegionD,58,80,152,158.383333333333,6.38333333333333,20,2,0,127.666666666667,1
18458,RealTimeInference,158,RegionA,RegionB,12,20,158,160.566666666667,2.56666666666667,2,0.16,0,5.13333333333333,1
18539,BatchInference,136,RegionB,RegionA,12,80,153,153.9,0.9,10,1,17,9,1
18669,RealTimeInference,163,RegionA,RegionA,5,20,163,167.816666666667,4.81666666666667,5,0.4,0,0,0
18822,AITraining,149,RegionE,RegionC,70,150,157,158,1,53,8.48,8,53,1
18890,RealTimeInference,156,RegionD,RegionD,5,20,156,161.9,5.9,6,0.48,0,0,0
18955,AITraining,158,RegionF,RegionD,25,150,158,161.816666666667,3.81666666666667,110,17.6,0,419.833333333333,1
18987,RealTimeInference,161,RegionC,RegionA,15,20,161,167.483333333333,6.48333333333333,3,0.24,0,19.45,1
19002,AITraining,147,RegionF,RegionC,76,150,147,149.583333333333,2.58333333333333,44,7.04,0,113.666666666667,1
19019,BatchInference,146,RegionD,RegionD,5,80,151,157.3,6.3,20,2,5,0,0
19313,RealTimeInference,149,RegionB,RegionC,14,20,149,152.55,3.55,3,0.24,0,10.65,1
19338,RealTimeInference,165,RegionA,RegionA,5,20,165,167.866666666667,2.86666666666667,5,0.4,0,0,0
19382,RealTimeInference,144,RegionD,RegionD,5,20,144,145.916666666667,1.91666666666667,1,0.08,0,0,0
19448,BatchInference,150,RegionF,RegionD,25,80,150,154.983333333333,4.98333333333333,21,2.1,0,104.65,1
19665,AITraining,134,RegionB,RegionA,12,150,151,157.533333333333,6.53333333333333,51,8.16,17,333.2,1
19957,AITraining,150,RegionE,RegionD,22,150,154,154.566666666667,0.566666666666667,58,9.28,4,32.8666666666667,1
20044,RealTimeInference,149,RegionC,RegionC,5,20,149,152.233333333333,3.23333333333333,5,0.4,0,0,0
20098,AITraining,147,RegionB,RegionA,12,150,154,159.633333333333,5.63333333333333,112,17.92,7,630.933333333333,1
20145,BatchInference,152,RegionB,RegionD,60,80,155,159.666666666667,4.66666666666667,7,0.7,3,32.6666666666667,1
20246,AITraining,154,RegionE,RegionD,22,150,156,157.883333333333,1.88333333333333,121,19.36,2,227.883333333333,1
20268,RealTimeInference,159,RegionF,RegionF,5,20,159,161.166666666667,2.16666666666667,4,0.32,0,0,0
20520,BatchInference,149,RegionB,RegionD,60,80,149,150.816666666667,1.81666666666667,7,0.7,0,12.7166666666667,1
20560,RealTimeInference,156,RegionB,RegionB,5,20,156,161.433333333333,5.43333333333333,6,0.48,0,0,0
20686,BatchInference,150,RegionD,RegionC,58,80,150,154.866666666667,4.86666666666667,11,1.1,0,53.5333333333333,1
20757,RealTimeInference,151,RegionB,RegionC,14,20,151,156.5,5.5,6,0.48,0,33,1
20802,RealTimeInference,153,RegionB,RegionB,5,20,153,159.333333333333,6.33333333333333,6,0.48,0,0,0
20806,RealTimeInference,162,RegionF,RegionF,5,20,162,165.766666666667,3.76666666666667,5,0.4,0,0,0
21026,RealTimeInference,162,RegionB,RegionA,12,20,162,166.25,4.25,5,0.4,0,21.25,1
21031,RealTimeInference,146,RegionA,RegionC,15,20,146,149.5,3.5,6,0.48,0,21,1
21099,AITraining,141,RegionE,RegionC,70,150,154,154.716666666667,0.716666666666667,43,6.88,13,30.8166666666667,1
21217,RealTimeInference,159,RegionC,RegionB,14,20,159,163.366666666667,4.36666666666667,7,0.56,0,30.5666666666667,1
21270,AITraining,158,RegionE,RegionC,70,150,164,167.416666666667,3.41666666666667,118,18.88,6,403.166666666667,1
21868,RealTimeInference,146,RegionD,RegionD,5,20,146,146.9,0.9,6,0.48,0,0,0
22239,RealTimeInference,167,RegionB,RegionC,14,20,167,171.05,4.05,2,0.16,0,8.1,1
22286,RealTimeInference,161,RegionB,RegionA,12,20,161,161.25,0.25,6,0.48,0,1.5,1
22457,AITraining,151,RegionE,RegionB,74,150,158,163.433333333333,5.43333333333333,95,15.2,7,516.166666666667,1
22480,BatchInference,150,RegionA,RegionD,65,80,150,154.716666666667,4.71666666666667,4,0.4,0,18.8666666666667,1
22835,RealTimeInference,144,RegionA,RegionC,15,20,144,146.783333333333,2.78333333333333,1,0.08,0,2.78333333333333,1
23051,AITraining,148,RegionD,RegionC,58,150,165,167.233333333333,2.23333333333333,58,9.28,17,129.533333333333,1
23058,BatchInference,148,RegionB,RegionD,60,80,148,150.483333333333,2.48333333333333,10,1,0,24.8333333333333,1
23139,BatchInference,151,RegionD,RegionC,58,80,151,152.416666666667,1.41666666666667,20,2,0,28.3333333333333,1
23263,AITraining,141,RegionE,RegionB,74,150,158,163.933333333333,5.93333333333333,48,7.68,17,284.8,1
23282,RealTimeInference,149,RegionB,RegionC,14,20,149,152.4,3.4,4,0.32,0,13.6,1
23464,BatchInference,151,RegionB,RegionC,14,80,151,151.9,0.9,18,1.8,0,16.2,1
23602,BatchInference,141,RegionB,RegionC,14,80,144,146.583333333333,2.58333333333333,14,1.4,3,36.1666666666667,1
23703,BatchInference,160,RegionD,RegionD,5,80,160,161.45,1.45,14,1.4,0,0,0
23779,BatchInference,161,RegionB,RegionD,60,80,161,166.916666666667,5.91666666666667,5,0.5,0,29.5833333333333,1
23800,BatchInference,148,RegionC,RegionD,58,80,148,150.15,2.15,20,2,0,43,1
23826,AITraining,134,RegionD,RegionC,58,150,157,157.816666666667,0.816666666666667,49,7.84,23,40.0166666666667,1
24002,AITraining,144,RegionD,RegionB,60,150,144,145.266666666667,1.26666666666667,85,13.6,0,107.666666666667,1
24044,AITraining,156,RegionE,RegionA,78,150,163,165.466666666667,2.46666666666667,83,13.28,7,204.733333333333,1
24074,AITraining,151,RegionD,RegionB,60,150,151,154.666666666667,3.66666666666667,37,5.92,0,135.666666666667,1
24240,BatchInference,132,RegionC,RegionC,5,80,144,145.716666666667,1.71666666666667,15,1.5,12,0,0
24311,BatchInference,140,RegionB,RegionD,60,80,153,158,5,7,0.7,13,35,1
24347,AITraining,144,RegionF,RegionD,25,150,152,156.166666666667,4.16666666666667,108,17.28,8,450,1
24371,BatchInference,160,RegionC,RegionD,58,80,160,162.95,2.95,13,1.3,0,38.35,1
24411,AITraining,152,RegionE,RegionA,78,150,159,164.283333333333,5.28333333333333,118,18.88,7,623.433333333333,1
24427,BatchInference,157,RegionA,RegionD,65,80,157,162.55,5.55,22,2.2,0,122.1,1
24435,AITraining,144,RegionD,RegionD,5,150,152,157.416666666667,5.41666666666667,114,18.24,8,0,0
24488,BatchInference,150,RegionB,RegionC,14,80,150,152.066666666667,2.06666666666667,21,2.1,0,43.4,1
24553,BatchInference,133,RegionB,RegionB,5,80,153,153.816666666667,0.816666666666667,9,0.9,20,0,0
24645,RealTimeInference,152,RegionA,RegionC,15,20,152,157.95,5.95,5,0.4,0,29.75,1
24823,AITraining,150,RegionD,RegionA,65,150,150,155.65,5.65,56,8.96,0,316.4,1
24939,BatchInference,144,RegionA,RegionD,65,80,162,164.8,2.8,10,1,18,28,1
25129,AITraining,140,RegionA,RegionB,12,150,154,154.75,0.75,93,14.88,14,69.75,1
25160,BatchInference,136,RegionE,RegionC,70,80,144,145.366666666667,1.36666666666667,4,0.4,8,5.46666666666667,1
25170,RealTimeInference,164,RegionA,RegionA,5,20,164,165.4,1.4,6,0.48,0,0,0
25171,BatchInference,153,RegionC,RegionD,58,80,153,157.783333333333,4.78333333333333,4,0.4,0,19.1333333333333,1
25189,AITraining,161,RegionD,RegionD,5,150,161,166.166666666667,5.16666666666667,125,20,0,0,0
25355,BatchInference,147,RegionC,RegionB,14,80,147,147.45,0.45,19,1.9,0,8.55,1
25647,AITraining,157,RegionA,RegionB,12,150,157,163.433333333333,6.43333333333333,84,13.44,0,540.4,1
25794,BatchInference,129,RegionC,RegionC,5,80,154,154.383333333333,0.383333333333333,14,1.4,25,0,0
25926,AITraining,159,RegionE,RegionA,78,150,159,163.7,4.7,72,11.52,0,338.4,1
25992,BatchInference,148,RegionD,RegionC,58,80,148,151.3,3.3,4,0.4,0,13.2,1
25995,AITraining,148,RegionB,RegionA,12,150,148,153.066666666667,5.06666666666667,82,13.12,0,415.466666666667,1
26344,RealTimeInference,146,RegionA,RegionB,12,20,146,147.016666666667,1.01666666666667,3,0.24,0,3.05,1
26583,AITraining,141,RegionE,RegionB,74,150,151,157.183333333333,6.18333333333333,60,9.6,10,371,1
26678,BatchInference,146,RegionA,RegionD,65,80,146,148.583333333333,2.58333333333333,22,2.2,0,56.8333333333333,1
26681,RealTimeInference,148,RegionB,RegionC,14,20,148,154.15,6.15,5,0.4,0,30.75,1
26827,AITraining,148,RegionF,RegionB,79,150,148,152.116666666667,4.11666666666667,109,17.44,0,448.716666666667,1
26988,AITraining,154,RegionD,RegionA,65,150,158,163.216666666667,5.21666666666667,16,2.56,4,83.4666666666667,1
27084,BatchInference,153,RegionA,RegionA,5,80,154,154.866666666667,0.866666666666667,13,1.3,1,0,0
27228,AITraining,148,RegionA,RegionD,65,150,165,167.1,2.1,45,7.2,17,94.5,1
27248,AITraining,125,RegionB,RegionD,60,150,144,146.666666666667,2.66666666666667,108,17.28,19,288,1
27388,AITraining,161,RegionD,RegionA,65,150,161,161.366666666667,0.366666666666667,65,10.4,0,23.8333333333333,1
27594,RealTimeInference,154,RegionC,RegionB,14,20,154,159.866666666667,5.86666666666667,1,0.08,0,5.86666666666667,1
27605,RealTimeInference,156,RegionB,RegionB,5,20,156,159.916666666667,3.91666666666667,5,0.4,0,0,0
27615,RealTimeInference,161,RegionA,RegionB,12,20,161,163.333333333333,2.33333333333333,1,0.08,0,2.33333333333333,1
27786,AITraining,165,RegionB,RegionB,5,150,165,169.033333333333,4.03333333333333,108,17.28,0,0,0
28016,BatchInference,152,RegionA,RegionD,65,80,157,162.266666666667,5.26666666666667,16,1.6,5,84.2666666666667,1
28083,BatchInference,144,RegionB,RegionD,60,80,153,153.55,0.55,10,1,9,5.5,1
28138,AITraining,148,RegionF,RegionD,25,150,148,153.55,5.55,59,9.44,0,327.45,1
28220,BatchInference,145,RegionB,RegionD,60,80,145,146.85,1.85,14,1.4,0,25.9,1
28233,BatchInference,146,RegionB,RegionD,60,80,152,157.85,5.85,4,0.4,6,23.4,1
28475,RealTimeInference,162,RegionA,RegionA,5,20,162,168.066666666667,6.06666666666667,7,0.56,0,0,0
28477,AITraining,150,RegionD,RegionD,5,150,150,154.766666666667,4.76666666666667,71,11.36,0,0,0
28544,RealTimeInference,147,RegionC,RegionB,14,20,147,148.883333333333,1.88333333333333,7,0.56,0,13.1833333333333,1
28589,RealTimeInference,153,RegionB,RegionC,14,20,153,154.633333333333,1.63333333333333,4,0.32,0,6.53333333333333,1
28645,AITraining,151,RegionB,RegionD,60,150,152,157.6,5.6,92,14.72,1,515.2,1
28681,RealTimeInference,166,RegionB,RegionC,14,20,166,170.583333333333,4.58333333333333,7,0.56,0,32.0833333333333,1
28691,BatchInference,146,RegionA,RegionC,15,80,146,152.483333333333,6.48333333333333,4,0.4,0,25.9333333333333,1
28740,AITraining,154,RegionE,RegionD,22,150,154,160.566666666667,6.56666666666667,38,6.08,0,249.533333333333,1
28767,AITraining,151,RegionE,RegionC,70,150,159,165,6,63,10.08,8,378,1
29104,RealTimeInference,167,RegionA,RegionC,15,20,167,172.683333333333,5.68333333333333,4,0.32,0,22.7333333333333,1
29113,RealTimeInference,156,RegionB,RegionC,14,20,156,156.333333333333,0.333333333333333,1,0.08,0,0.333333333333333,1
29403,BatchInference,162,RegionD,RegionD,5,80,162,166.566666666667,4.56666666666667,13,1.3,0,0,0
29524,BatchInference,137,RegionA,RegionD,65,80,153,158.766666666667,5.76666666666667,23,2.3,16,132.633333333333,1
29603,BatchInference,141,RegionA,RegionD,65,80,157,161.366666666667,4.36666666666667,4,0.4,16,17.4666666666667,1
29696,AITraining,146,RegionD,RegionF,25,150,146,147.45,1.45,47,7.52,0,68.15,1
29987,BatchInference,135,RegionD,RegionD,5,80,153,157.866666666667,4.86666666666667,12,1.2,18,0,0
30185,AITraining,134,RegionF,RegionB,79,150,144,145.316666666667,1.31666666666667,18,2.88,10,23.7,1
30300,AITraining,147,RegionD,RegionC,58,150,158,160.516666666667,2.51666666666667,83,13.28,11,208.883333333333,1
30581,RealTimeInference,152,RegionA,RegionA,5,20,152,158.183333333333,6.18333333333333,5,0.4,0,0,0
30808,AITraining,146,RegionF,RegionC,76,150,156,159.45,3.45,109,17.44,10,376.05,1
30963,RealTimeInference,157,RegionB,RegionB,5,20,157,159.616666666667,2.61666666666667,3,0.24,0,0,0
31152,RealTimeInference,162,RegionA,RegionB,12,20,162,163.6,1.6,2,0.16,0,3.2,1
31269,BatchInference,163,RegionA,RegionD,65,80,163,166.966666666667,3.96666666666667,11,1.1,0,43.6333333333333,1
31662,RealTimeInference,153,RegionF,RegionF,5,20,153,156.016666666667,3.01666666666667,5,0.4,0,0,0
31813,AITraining,166,RegionA,RegionA,5,150,166,167.716666666667,1.71666666666667,56,8.96,0,0,0
32084,RealTimeInference,147,RegionA,RegionC,15,20,147,151.85,4.85,5,0.4,0,24.25,1
32124,AITraining,148,RegionD,RegionD,5,150,148,150.416666666667,2.41666666666667,118,18.88,0,0,0
32193,BatchInference,140,RegionF,RegionC,76,80,144,146.5,2.5,4,0.4,4,10,1
32535,RealTimeInference,154,RegionA,RegionA,5,20,154,154.583333333333,0.583333333333333,1,0.08,0,0,0
32735,BatchInference,152,RegionD,RegionD,5,80,159,163.383333333333,4.38333333333333,17,1.7,7,0,0
32774,BatchInference,145,RegionC,RegionF,76,80,145,147.416666666667,2.41666666666667,12,1.2,0,29,1
32775,BatchInference,156,RegionD,RegionD,5,80,157,159.616666666667,2.61666666666667,10,1,1,0,0
32833,RealTimeInference,162,RegionB,RegionA,12,20,162,168.15,6.15,5,0.4,0,30.75,1
32884,AITraining,144,RegionD,RegionB,60,150,157,157.733333333333,0.733333333333333,103,16.48,13,75.5333333333333,1
32960,BatchInference,151,RegionE,RegionC,70,80,151,154.55,3.55,13,1.3,0,46.15,1
33161,RealTimeInference,164,RegionB,RegionB,5,20,164,164.166666666667,0.166666666666667,1,0.08,0,0,0
33286,BatchInference,155,RegionD,RegionD,5,80,155,158.566666666667,3.56666666666667,18,1.8,0,0,0
33295,RealTimeInference,155,RegionE,RegionF,18,20,155,157.3,2.3,4,0.32,0,9.2,1
33346,AITraining,160,RegionE,RegionF,18,150,166,170.083333333333,4.08333333333333,84,13.44,6,343,1
33440,RealTimeInference,160,RegionA,RegionB,12,20,160,164.9,4.9,4,0.32,0,19.6,1
33730,RealTimeInference,147,RegionA,RegionA,5,20,147,149.4,2.4,7,0.56,0,0,0
33755,BatchInference,139,RegionA,RegionD,65,80,157,163.333333333333,6.33333333333333,4,0.4,18,25.3333333333333,1
34110,RealTimeInference,164,RegionA,RegionB,12,20,164,166.783333333333,2.78333333333333,2,0.16,0,5.56666666666667,1
34111,RealTimeInference,164,RegionA,RegionA,5,20,164,166.25,2.25,5,0.4,0,0,0
34114,BatchInference,146,RegionE,RegionD,22,80,154,159.766666666667,5.76666666666667,16,1.6,8,92.2666666666667,1
34213,BatchInference,150,RegionF,RegionD,25,80,158,158.583333333333,0.583333333333333,21,2.1,8,12.25,1
34257,RealTimeInference,162,RegionB,RegionB,5,20,162,165.1,3.1,2,0.16,0,0,0
34577,BatchInference,152,RegionB,RegionD,60,80,152,158.616666666667,6.61666666666667,14,1.4,0,92.6333333333333,1
34591,AITraining,147,RegionE,RegionD,22,150,154,155,1,108,17.28,7,108,1
34655,RealTimeInference,159,RegionA,RegionB,12,20,159,163.833333333333,4.83333333333333,5,0.4,0,24.1666666666667,1
34660,RealTimeInference,165,RegionA,RegionA,5,20,165,167.366666666667,2.36666666666667,5,0.4,0,0,0
34666,BatchInference,160,RegionF,RegionD,25,80,160,162.666666666667,2.66666666666667,9,0.9,0,24,1
34830,BatchInference,160,RegionF,RegionD,25,80,160,162.25,2.25,17,1.7,0,38.25,1
35096,RealTimeInference,153,RegionB,RegionA,12,20,153,153.583333333333,0.583333333333333,2,0.16,0,1.16666666666667,1
35111,RealTimeInference,165,RegionC,RegionA,15,20,165,171.166666666667,6.16666666666667,7,0.56,0,43.1666666666667,1
35131,AITraining,134,RegionF,RegionC,76,150,156,158.533333333333,2.53333333333333,77,12.32,22,195.066666666667,1
35145,RealTimeInference,163,RegionF,RegionE,18,20,163,168.033333333333,5.03333333333333,3,0.24,0,15.1,1
35309,RealTimeInference,146,RegionF,RegionE,18,20,146,152.633333333333,6.63333333333333,3,0.24,0,19.9,1
35374,AITraining,156,RegionF,RegionA,82,150,158,162.466666666667,4.46666666666667,109,17.44,2,486.866666666667,1
35426,BatchInference,134,RegionE,RegionD,22,80,153,156.583333333333,3.58333333333333,22,2.2,19,78.8333333333333,1
35569,RealTimeInference,151,RegionB,RegionC,14,20,151,151.733333333333,0.733333333333333,7,0.56,0,5.13333333333333,1
35573,BatchInference,149,RegionB,RegionD,60,80,149,149.966666666667,0.966666666666667,16,1.6,0,15.4666666666667,1
35962,BatchInference,156,RegionC,RegionD,58,80,163,166.7,3.7,22,2.2,7,81.4,1
35975,AITraining,155,RegionE,RegionD,22,150,155,159.4,4.4,40,6.4,0,176,1
36199,RealTimeInference,158,RegionC,RegionB,14,20,158,160.333333333333,2.33333333333333,4,0.32,0,9.33333333333333,1
36224,RealTimeInference,150,RegionB,RegionC,14,20,150,154.216666666667,4.21666666666667,2,0.16,0,8.43333333333333,1
36232,RealTimeInference,166,RegionC,RegionC,5,20,166,170.716666666667,4.71666666666667,3,0.24,0,0,0
36368,BatchInference,160,RegionC,RegionD,58,80,160,162.766666666667,2.76666666666667,21,2.1,0,58.1,1
36390,BatchInference,152,RegionE,RegionD,22,80,152,153.5,1.5,12,1.2,0,18,1
36446,AITraining,153,RegionD,RegionB,60,150,160,162.316666666667,2.31666666666667,105,16.8,7,243.25,1
36736,BatchInference,152,RegionC,RegionD,58,80,153,155.866666666667,2.86666666666667,6,0.6,1,17.2,1
36742,BatchInference,150,RegionC,RegionA,15,80,150,150.366666666667,0.366666666666667,14,1.4,0,5.13333333333333,1
37106,AITraining,156,RegionF,RegionD,25,150,158,160.65,2.65,26,4.16,2,68.9,1
37145,RealTimeInference,155,RegionC,RegionB,14,20,155,158.483333333333,3.48333333333333,6,0.48,0,20.9,1
37171,RealTimeInference,167,RegionC,RegionC,5,20,167,167.6,0.6,2,0.16,0,0,0
37322,RealTimeInference,146,RegionC,RegionB,14,20,146,147.016666666667,1.01666666666667,3,0.24,0,3.05,1
37338,AITraining,131,RegionD,RegionB,60,150,154,155.083333333333,1.08333333333333,96,15.36,23,104,1
37344,BatchInference,146,RegionB,RegionD,60,80,157,160.716666666667,3.71666666666667,15,1.5,11,55.75,1
37416,BatchInference,152,RegionA,RegionA,5,80,154,154.383333333333,0.383333333333333,23,2.3,2,0,0
37431,BatchInference,145,RegionC,RegionD,58,80,157,161.35,4.35,9,0.9,12,39.15,1
37485,RealTimeInference,161,RegionC,RegionB,14,20,161,162.883333333333,1.88333333333333,6,0.48,0,11.3,1
37556,BatchInference,145,RegionC,RegionD,58,80,157,160.283333333333,3.28333333333333,16,1.6,12,52.5333333333333,1
37588,RealTimeInference,166,RegionB,RegionA,12,20,166,166.316666666667,0.316666666666667,5,0.4,0,1.58333333333333,1
37655,AITraining,164,RegionE,RegionA,78,150,164,168.783333333333,4.78333333333333,18,2.88,0,86.1,1
37752,BatchInference,135,RegionC,RegionD,58,80,153,153.666666666667,0.666666666666667,14,1.4,18,9.33333333333333,1
37915,RealTimeInference,164,RegionA,RegionA,5,20,164,166.266666666667,2.26666666666667,6,0.48,0,0,0
37943,RealTimeInference,146,RegionB,RegionA,12,20,146,149.283333333333,3.28333333333333,2,0.16,0,6.56666666666667,1
37953,BatchInference,159,RegionA,RegionD,65,80,159,165.083333333333,6.08333333333333,17,1.7,0,103.416666666667,1
37966,RealTimeInference,145,RegionA,RegionC,15,20,145,149.583333333333,4.58333333333333,2,0.16,0,9.16666666666667,1
38049,BatchInference,151,RegionD,RegionC,58,80,151,152.816666666667,1.81666666666667,15,1.5,0,27.25,1
38160,BatchInference,153,RegionD,RegionD,5,80,154,159.783333333333,5.78333333333333,5,0.5,1,0,0
38406,BatchInference,136,RegionA,RegionD,65,80,157,162.166666666667,5.16666666666667,9,0.9,21,46.5,1
38413,RealTimeInference,155,RegionA,RegionB,12,20,155,157.7,2.7,4,0.32,0,10.8,1
38730,AITraining,160,RegionE,RegionA,78,150,160,165.833333333333,5.83333333333333,67,10.72,0,390.833333333333,1
38757,AITraining,146,RegionE,RegionB,74,150,152,157.766666666667,5.76666666666667,77,12.32,6,444.033333333333,1
38924,AITraining,148,RegionB,RegionD,60,150,156,157.85,1.85,36,5.76,8,66.6,1
39009,AITraining,148,RegionA,RegionF,82,150,165,168.016666666667,3.01666666666667,116,18.56,17,349.933333333333,1
39014,BatchInference,143,RegionE,RegionD,22,80,154,159.9,5.9,19,1.9,11,112.1,1
39122,BatchInference,153,RegionB,RegionD,60,80,160,162.75,2.75,12,1.2,7,33,1
39188,BatchInference,130,RegionB,RegionA,12,80,144,145.516666666667,1.51666666666667,16,1.6,14,24.2666666666667,1
39206,AITraining,145,RegionB,RegionB,5,150,145,145.583333333333,0.583333333333333,66,10.56,0,0,0
39226,RealTimeInference,161,RegionA,RegionB,12,20,161,166.45,5.45,7,0.56,0,38.15,1
39638,BatchInference,162,RegionF,RegionD,25,80,162,164.783333333333,2.78333333333333,21,2.1,0,58.45,1
39799,RealTimeInference,162,RegionB,RegionA,12,20,162,168.183333333333,6.18333333333333,5,0.4,0,30.9166666666667,1
39999,BatchInference,157,RegionF,RegionD,25,80,163,165.866666666667,2.86666666666667,11,1.1,6,31.5333333333333,1
40166,RealTimeInference,166,RegionB,RegionC,14,20,166,169.416666666667,3.41666666666667,5,0.4,0,17.0833333333333,1
40185,RealTimeInference,151,RegionA,RegionC,15,20,151,154.5,3.5,6,0.48,0,21,1
40223,RealTimeInference,166,RegionA,RegionC,15,20,166,169.35,3.35,5,0.4,0,16.75,1
40534,BatchInference,133,RegionC,RegionD,58,80,154,160.616666666667,6.61666666666667,5,0.5,21,33.0833333333333,1
40892,BatchInference,161,RegionA,RegionC,15,80,167,168.1,1.1,19,1.9,6,20.9,1
40913,BatchInference,133,RegionB,RegionA,12,80,144,146.366666666667,2.36666666666667,10,1,11,23.6666666666667,1
40983,RealTimeInference,167,RegionF,RegionE,18,20,167,167.616666666667,0.616666666666667,4,0.32,0,2.46666666666667,1
41007,RealTimeInference,157,RegionB,RegionB,5,20,157,157.766666666667,0.766666666666667,2,0.16,0,0,0
41067,AITraining,159,RegionF,RegionA,82,150,159,160.916666666667,1.91666666666667,87,13.92,0,166.75,1
41101,AITraining,156,RegionF,RegionA,82,150,158,162.916666666667,4.91666666666667,75,12,2,368.75,1
41152,BatchInference,134,RegionD,RegionF,25,80,144,145.016666666667,1.01666666666667,20,2,10,20.3333333333333,1
41197,AITraining,166,RegionE,RegionA,78,150,166,169.166666666667,3.16666666666667,81,12.96,0,256.5,1
41228,AITraining,145,RegionD,RegionD,5,150,155,158.6,3.6,95,15.2,10,0,0
41260,AITraining,141,RegionD,RegionA,65,150,144,144.25,0.25,76,12.16,3,19,1
41265,AITraining,131,RegionF,RegionC,76,150,158,162.1,4.1,35,5.6,27,143.5,1
41305,BatchInference,148,RegionA,RegionB,12,80,148,148.666666666667,0.666666666666667,20,2,0,13.3333333333333,1
41364,BatchInference,146,RegionA,RegionB,12,80,146,147.033333333333,1.03333333333333,17,1.7,0,17.5666666666667,1
41425,BatchInference,165,RegionB,RegionD,60,80,165,166.233333333333,1.23333333333333,11,1.1,0,13.5666666666667,1
41482,AITraining,140,RegionB,RegionC,14,150,156,158.183333333333,2.18333333333333,22,3.52,16,48.0333333333333,1
41723,BatchInference,150,RegionE,RegionC,70,80,150,154.383333333333,4.38333333333333,15,1.5,0,65.75,1
41798,BatchInference,155,RegionB,RegionD,60,80,157,157.616666666667,0.616666666666667,8,0.8,2,4.93333333333333,1
41821,BatchInference,149,RegionD,RegionD,5,80,149,150.316666666667,1.31666666666667,15,1.5,0,0,0
42075,BatchInference,151,RegionC,RegionD,58,80,157,160.566666666667,3.56666666666667,18,1.8,6,64.2,1
42199,RealTimeInference,162,RegionB,RegionA,12,20,162,168.433333333333,6.43333333333333,4,0.32,0,25.7333333333333,1
42243,BatchInference,140,RegionA,RegionC,15,80,153,154.333333333333,1.33333333333333,23,2.3,13,30.6666666666667,1
42271,AITraining,139,RegionD,RegionB,60,150,153,153.216666666667,0.216666666666667,30,4.8,14,6.5,1
42450,BatchInference,152,RegionD,RegionD,5,80,157,162.216666666667,5.21666666666667,21,2.1,5,0,0
42536,RealTimeInference,150,RegionC,RegionC,5,20,150,153.4,3.4,1,0.08,0,0,0
42591,RealTimeInference,152,RegionA,RegionC,15,20,152,156.4,4.4,7,0.56,0,30.8,1
42594,BatchInference,156,RegionD,RegionD,5,80,157,161.433333333333,4.43333333333333,6,0.6,1,0,0
42780,BatchInference,132,RegionF,RegionD,25,80,157,163.25,6.25,17,1.7,25,106.25,1
42915,RealTimeInference,159,RegionB,RegionB,5,20,159,162.533333333333,3.53333333333333,2,0.16,0,0,0
43041,AITraining,139,RegionE,RegionA,78,150,144,145.716666666667,1.71666666666667,77,12.32,5,132.183333333333,1
43081,RealTimeInference,163,RegionC,RegionA,15,20,163,168.15,5.15,5,0.4,0,25.75,1
43116,RealTimeInference,144,RegionA,RegionA,5,20,144,149.883333333333,5.88333333333333,2,0.16,0,0,0
43125,BatchInference,153,RegionC,RegionD,58,80,157,160.45,3.45,4,0.4,4,13.8,1
43164,AITraining,133,RegionD,RegionD,5,150,144,145.183333333333,1.18333333333333,110,17.6,11,0,0
43292,BatchInference,160,RegionF,RegionD,25,80,160,163.216666666667,3.21666666666667,14,1.4,0,45.0333333333333,1
43350,RealTimeInference,157,RegionC,RegionB,14,20,157,163.65,6.65,5,0.4,0,33.25,1
43407,RealTimeInference,156,RegionB,RegionB,5,20,156,159.65,3.65,7,0.56,0,0,0
43413,AITraining,124,RegionD,RegionC,58,150,144,146.033333333333,2.03333333333333,92,14.72,20,187.066666666667,1
43426,AITraining,151,RegionD,RegionD,5,150,155,158.583333333333,3.58333333333333,17,2.72,4,0,0
43462,BatchInference,162,RegionF,RegionD,25,80,162,165.383333333333,3.38333333333333,7,0.7,0,23.6833333333333,1
43474,BatchInference,136,RegionD,RegionA,65,80,153,153.45,0.45,23,2.3,17,10.35,1
43653,RealTimeInference,144,RegionA,RegionC,15,20,144,146.066666666667,2.06666666666667,6,0.48,0,12.4,1
43698,BatchInference,159,RegionF,RegionD,25,80,159,162.016666666667,3.01666666666667,17,1.7,0,51.2833333333333,1
43812,AITraining,146,RegionD,RegionB,60,150,164,167.9,3.9,66,10.56,18,257.4,1
43844,AITraining,150,RegionC,RegionC,5,150,150,151.8,1.8,54,8.64,0,0,0
43985,RealTimeInference,164,RegionB,RegionA,12,20,164,170.283333333333,6.28333333333333,3,0.24,0,18.85,1
43988,AITraining,140,RegionB,RegionC,14,150,158,164.366666666667,6.36666666666667,117,18.72,18,744.9,1
44108,RealTimeInference,154,RegionB,RegionB,5,20,154,159.166666666667,5.16666666666667,5,0.4,0,0,0
44119,RealTimeInference,152,RegionA,RegionA,5,20,152,155.85,3.85,2,0.16,0,0,0
44512,AITraining,152,RegionF,RegionB,79,150,152,158.216666666667,6.21666666666667,53,8.48,0,329.483333333333,1
44613,AITraining,132,RegionD,RegionB,60,150,144,145.766666666667,1.76666666666667,125,20,12,220.833333333333,1
44716,AITraining,152,RegionB,RegionA,12,150,155,158.816666666667,3.81666666666667,47,7.52,3,179.383333333333,1
44893,BatchInference,145,RegionA,RegionC,15,80,145,151.433333333333,6.43333333333333,14,1.4,0,90.0666666666667,1
45370,RealTimeInference,149,RegionC,RegionC,5,20,149,153.55,4.55,6,0.48,0,0,0
45453,BatchInference,151,RegionC,RegionD,58,80,153,155.65,2.65,23,2.3,2,60.95,1
45502,AITraining,165,RegionF,RegionA,82,150,165,170.65,5.65,87,13.92,0,491.55,1
45629,BatchInference,151,RegionB,RegionC,14,80,151,156.2,5.2,6,0.6,0,31.2,1
45641,RealTimeInference,154,RegionA,RegionC,15,20,154,156.45,2.45,2,0.16,0,4.9,1
45724,BatchInference,154,RegionD,RegionD,5,80,155,159.7,4.7,4,0.4,1,0,0
45950,AITraining,138,RegionD,RegionB,60,150,144,145.616666666667,1.61666666666667,99,15.84,6,160.05,1
46148,AITraining,152,RegionD,RegionD,5,150,152,157.266666666667,5.26666666666667,42,6.72,0,0,0
46190,AITraining,161,RegionF,RegionC,76,150,161,166.95,5.95,29,4.64,0,172.55,1
46199,AITraining,149,RegionD,RegionD,5,150,152,156.533333333333,4.53333333333333,89,14.24,3,0,0
46227,RealTimeInference,149,RegionB,RegionC,14,20,149,154.5,5.5,4,0.32,0,22,1
46456,BatchInference,145,RegionB,RegionB,5,80,145,145.483333333333,0.483333333333333,19,1.9,0,0,0
46470,BatchInference,151,RegionC,RegionC,5,80,151,151.95,0.95,10,1,0,0,0
46578,AITraining,161,RegionF,RegionB,79,150,167,171.416666666667,4.41666666666667,121,19.36,6,534.416666666667,1
46733,RealTimeInference,149,RegionB,RegionC,14,20,149,150.45,1.45,7,0.56,0,10.15,1
46743,RealTimeInference,164,RegionA,RegionA,5,20,164,169.333333333333,5.33333333333333,7,0.56,0,0,0
46905,RealTimeInference,158,RegionC,RegionB,14,20,158,163.566666666667,5.56666666666667,7,0.56,0,38.9666666666667,1
47064,RealTimeInference,146,RegionA,RegionC,15,20,146,151.583333333333,5.58333333333333,5,0.4,0,27.9166666666667,1
47403,BatchInference,154,RegionD,RegionD,5,80,157,162.383333333333,5.38333333333333,21,2.1,3,0,0
47493,RealTimeInference,167,RegionB,RegionC,14,20,167,169.616666666667,2.61666666666667,5,0.4,0,13.0833333333333,1
47527,BatchInference,147,RegionD,RegionD,5,80,147,153.316666666667,6.31666666666667,20,2,0,0,0
47589,RealTimeInference,154,RegionA,RegionB,12,20,154,160.5,6.5,6,0.48,0,39,1
47648,BatchInference,128,RegionA,RegionD,65,80,153,153.766666666667,0.766666666666667,10,1,25,7.66666666666667,1
47879,AITraining,158,RegionD,RegionA,65,150,164,165.1,1.1,54,8.64,6,59.4,1
47944,RealTimeInference,153,RegionA,RegionC,15,20,153,153.75,0.75,5,0.4,0,3.75,1
48019,BatchInference,131,RegionD,RegionD,5,80,155,158.716666666667,3.71666666666667,23,2.3,24,0,0
48147,AITraining,148,RegionC,RegionC,5,150,148,150.783333333333,2.78333333333333,50,8,0,0,0
48167,BatchInference,145,RegionA,RegionC,15,80,145,145.85,0.85,19,1.9,0,16.15,1
48344,BatchInference,139,RegionA,RegionA,5,80,144,146.2,2.2,20,2,5,0,0
48475,AITraining,153,RegionC,RegionA,15,150,156,158.2,2.2,126,20.16,3,277.2,1
48489,BatchInference,157,RegionB,RegionD,60,80,163,165.183333333333,2.18333333333333,20,2,6,43.6666666666667,1
48660,AITraining,167,RegionD,RegionA,65,150,167,172.266666666667,5.26666666666667,46,7.36,0,242.266666666667,1
48696,BatchInference,154,RegionE,RegionD,22,80,157,160.183333333333,3.18333333333333,21,2.1,3,66.85,1
48733,RealTimeInference,151,RegionB,RegionC,14,20,151,157.233333333333,6.23333333333333,7,0.56,0,43.6333333333333,1
48847,AITraining,147,RegionF,RegionD,25,150,156,157.5,1.5,82,13.12,9,123,1
48993,AITraining,122,RegionC,RegionA,15,150,153,153.95,0.95,103,16.48,31,97.85,1
49364,AITraining,139,RegionE,RegionB,74,150,157,157.6,0.6,31,4.96,18,18.6,1
49421,AITraining,149,RegionD,RegionD,5,150,149,153.55,4.55,97,15.52,0,0,0
49714,RealTimeInference,159,RegionA,RegionB,12,20,159,159.65,0.65,1,0.08,0,0.65,1
49737,AITraining,144,RegionE,RegionB,74,150,144,145.716666666667,1.71666666666667,37,5.92,0,63.5166666666667,1
49897,BatchInference,154,RegionF,RegionD,25,80,155,158.683333333333,3.68333333333333,12,1.2,1,44.2,1
49924,RealTimeInference,144,RegionA,RegionA,5,20,144,148.966666666667,4.96666666666667,5,0.4,0,0,0
49950,AITraining,163,RegionA,RegionD,65,150,163,166.666666666667,3.66666666666667,91,14.56,0,333.666666666667,1
347,AITraining,164,RegionA,RegionF,82,150,181,182.316666666667,1.31666666666667,36,5.76,17,47.4,1
365,AITraining,168,RegionF,RegionD,25,150,168,173.483333333333,5.48333333333333,105,16.8,0,575.75,1
485,AITraining,164,RegionB,RegionD,60,150,186,189.883333333333,3.88333333333333,125,20,22,485.416666666667,1
498,AITraining,150,RegionA,RegionD,65,150,186,189.8,3.8,72,11.52,36,273.6,1
573,RealTimeInference,188,RegionB,RegionC,14,20,188,194.45,6.45,1,0.08,0,6.45,1
690,RealTimeInference,177,RegionA,RegionB,12,20,177,180.2,3.2,7,0.56,0,22.4,1
829,AITraining,168,RegionE,RegionD,22,150,186,189.416666666667,3.41666666666667,56,8.96,18,191.333333333333,1
945,RealTimeInference,181,RegionA,RegionB,12,20,181,185.95,4.95,7,0.56,0,34.65,1
954,RealTimeInference,179,RegionB,RegionA,12,20,179,179.45,0.45,1,0.08,0,0.45,1
955,RealTimeInference,171,RegionC,RegionA,15,20,171,173.633333333333,2.63333333333333,5,0.4,0,13.1666666666667,1
959,BatchInference,149,RegionB,RegionF,79,80,181,181.516666666667,0.516666666666667,14,1.4,32,7.23333333333333,1
1058,AITraining,168,RegionD,RegionC,58,150,186,188.55,2.55,89,14.24,18,226.95,1
1119,RealTimeInference,185,RegionC,RegionC,5,20,185,188.333333333333,3.33333333333333,6,0.48,0,0,0
1178,BatchInference,172,RegionD,RegionA,65,80,172,175.3,3.3,20,2,0,66,1
1308,RealTimeInference,181,RegionB,RegionA,12,20,181,182.883333333333,1.88333333333333,2,0.16,0,3.76666666666667,1
1425,AITraining,174,RegionD,RegionD,5,150,174,175.583333333333,1.58333333333333,53,8.48,0,0,0
1533,RealTimeInference,181,RegionC,RegionB,14,20,181,187.3,6.3,4,0.32,0,25.2,1
1626,AITraining,170,RegionA,RegionD,65,150,170,173.283333333333,3.28333333333333,122,19.52,0,400.566666666667,1
1787,RealTimeInference,180,RegionB,RegionB,5,20,180,183.633333333333,3.63333333333333,2,0.16,0,0,0
1827,RealTimeInference,179,RegionB,RegionB,5,20,179,181.916666666667,2.91666666666667,7,0.56,0,0,0
1854,AITraining,165,RegionF,RegionD,25,150,177,181.65,4.65,75,12,12,348.75,1
2017,BatchInference,182,RegionD,RegionC,58,80,188,194.633333333333,6.63333333333333,12,1.2,6,79.6,1
2040,RealTimeInference,174,RegionA,RegionB,12,20,174,177.266666666667,3.26666666666667,1,0.08,0,3.26666666666667,1
2261,RealTimeInference,187,RegionC,RegionC,5,20,187,192.716666666667,5.71666666666667,1,0.08,0,0,0
2445,BatchInference,179,RegionE,RegionC,70,80,186,190.983333333333,4.98333333333333,9,0.9,7,44.85,1
2490,RealTimeInference,171,RegionC,RegionB,14,20,171,174.45,3.45,5,0.4,0,17.25,1
2556,BatchInference,165,RegionE,RegionC,70,80,168,172.033333333333,4.03333333333333,19,1.9,3,76.6333333333333,1
2560,RealTimeInference,175,RegionB,RegionC,14,20,175,176.2,1.2,5,0.4,0,6,1
2564,BatchInference,190,RegionA,RegionA,5,80,190,193.783333333333,3.78333333333333,20,2,0,0,0
2628,BatchInference,177,RegionE,RegionF,18,80,181,181.683333333333,0.683333333333333,17,1.7,4,11.6166666666667,1
2744,AITraining,173,RegionD,RegionA,65,150,173,173.466666666667,0.466666666666667,72,11.52,0,33.6,1
2918,AITraining,172,RegionF,RegionC,76,150,172,175.833333333333,3.83333333333333,87,13.92,0,333.5,1
2931,RealTimeInference,172,RegionE,RegionE,5,20,172,174.1,2.1,3,0.24,0,0,0
2995,AITraining,166,RegionE,RegionA,78,150,182,183.683333333333,1.68333333333333,93,14.88,16,156.55,1
3058,AITraining,168,RegionD,RegionD,5,150,186,189.983333333333,3.98333333333333,49,7.84,18,0,0
3203,AITraining,157,RegionD,RegionD,5,150,186,189.816666666667,3.81666666666667,93,14.88,29,0,0
3240,BatchInference,179,RegionA,RegionE,78,80,179,183.25,4.25,11,1.1,0,46.75,1
3560,AITraining,168,RegionF,RegionD,25,150,186,189.983333333333,3.98333333333333,56,8.96,18,223.066666666667,1
3653,AITraining,175,RegionA,RegionD,65,150,175,175.383333333333,0.383333333333333,111,17.76,0,42.55,1
3684,AITraining,166,RegionE,RegionD,22,150,168,173.65,5.65,93,14.88,2,525.45,1
3715,RealTimeInference,176,RegionB,RegionB,5,20,176,182.65,6.65,6,0.48,0,0,0
3766,BatchInference,181,RegionB,RegionD,60,80,187,190.6,3.6,10,1,6,36,1
3801,BatchInference,167,RegionD,RegionD,5,80,186,189.116666666667,3.11666666666667,7,0.7,19,0,0
3861,RealTimeInference,168,RegionC,RegionC,5,20,168,170.083333333333,2.08333333333333,2,0.16,0,0,0
3927,BatchInference,172,RegionE,RegionB,74,80,172,174.166666666667,2.16666666666667,20,2,0,43.3333333333333,1
4002,BatchInference,177,RegionB,RegionD,60,80,180,181.45,1.45,4,0.4,3,5.8,1
4191,RealTimeInference,172,RegionA,RegionC,15,20,172,177.066666666667,5.06666666666667,1,0.08,0,5.06666666666667,1
4310,BatchInference,186,RegionA,RegionA,5,80,191,193.05,2.05,10,1,5,0,0
4325,BatchInference,180,RegionC,RegionE,70,80,187,189.066666666667,2.06666666666667,19,1.9,7,39.2666666666667,1
4342,BatchInference,167,RegionA,RegionD,65,80,186,189.783333333333,3.78333333333333,19,1.9,19,71.8833333333333,1
4423,BatchInference,185,RegionC,RegionA,15,80,191,196.733333333333,5.73333333333333,15,1.5,6,86,1
4520,AITraining,171,RegionD,RegionD,5,150,171,175.483333333333,4.48333333333333,43,6.88,0,0,0
4627,BatchInference,164,RegionC,RegionB,14,80,177,183.333333333333,6.33333333333333,7,0.7,13,44.3333333333333,1
4640,RealTimeInference,183,RegionB,RegionA,12,20,183,187.8,4.8,6,0.48,0,28.8,1
4673,BatchInference,184,RegionC,RegionE,70,80,184,190.566666666667,6.56666666666667,20,2,0,131.333333333333,1
4726,BatchInference,186,RegionD,RegionD,5,80,191,193.083333333333,2.08333333333333,18,1.8,5,0,0
4846,RealTimeInference,180,RegionC,RegionC,5,20,180,181.316666666667,1.31666666666667,3,0.24,0,0,0
4871,BatchInference,172,RegionD,RegionB,60,80,172,177.7,5.7,18,1.8,0,102.6,1
5062,AITraining,182,RegionF,RegionB,79,150,188,190.9,2.9,120,19.2,6,348,1
5461,AITraining,183,RegionE,RegionE,5,150,183,187.083333333333,4.08333333333333,71,11.36,0,0,0
5594,BatchInference,164,RegionF,RegionC,76,80,168,174.15,6.15,20,2,4,123,1
5757,RealTimeInference,179,RegionC,RegionC,5,20,179,181.783333333333,2.78333333333333,1,0.08,0,0,0
5790,RealTimeInference,177,RegionC,RegionB,14,20,177,182.35,5.35,2,0.16,0,10.7,1
5898,AITraining,183,RegionD,RegionE,22,150,189,189.45,0.45,49,7.84,6,22.05,1
5978,BatchInference,156,RegionC,RegionA,15,80,168,172.9,4.9,16,1.6,12,78.4,1
6326,RealTimeInference,185,RegionB,RegionC,14,20,185,187.333333333333,2.33333333333333,5,0.4,0,11.6666666666667,1
6362,RealTimeInference,168,RegionA,RegionC,15,20,168,168.2,0.2,7,0.56,0,1.4,1
6378,BatchInference,167,RegionC,RegionC,5,80,177,177.416666666667,0.416666666666667,13,1.3,10,0,0
6510,RealTimeInference,184,RegionB,RegionC,14,20,184,189.25,5.25,7,0.56,0,36.75,1
6587,AITraining,170,RegionD,RegionD,5,150,179,181.816666666667,2.81666666666667,119,19.04,9,0,0
6707,BatchInference,171,RegionD,RegionF,25,80,181,181.716666666667,0.716666666666667,20,2,10,14.3333333333333,1
6712,AITraining,183,RegionD,RegionE,22,150,189,190.616666666667,1.61666666666667,24,3.84,6,38.8,1
6793,AITraining,185,RegionE,RegionF,18,150,191,195.566666666667,4.56666666666667,90,14.4,6,411,1
7100,BatchInference,179,RegionC,RegionF,76,80,186,190.033333333333,4.03333333333333,23,2.3,7,92.7666666666667,1
7250,RealTimeInference,181,RegionB,RegionB,5,20,181,181.933333333333,0.933333333333333,2,0.16,0,0,0
7447,AITraining,163,RegionD,RegionC,58,150,186,188.566666666667,2.56666666666667,92,14.72,23,236.133333333333,1
7748,BatchInference,190,RegionB,RegionA,12,80,190,194.333333333333,4.33333333333333,8,0.8,0,34.6666666666667,1
7871,BatchInference,167,RegionA,RegionB,12,80,177,182.983333333333,5.98333333333333,23,2.3,10,137.616666666667,1
8063,AITraining,158,RegionD,RegionA,65,150,179,183.716666666667,4.71666666666667,112,17.92,21,528.266666666667,1
8080,BatchInference,170,RegionF,RegionF,5,80,170,172.15,2.15,12,1.2,0,0,0
8101,AITraining,170,RegionC,RegionD,58,150,170,174.733333333333,4.73333333333333,78,12.48,0,369.2,1
8115,AITraining,183,RegionD,RegionE,22,150,183,188.55,5.55,108,17.28,0,599.4,1
8128,BatchInference,183,RegionB,RegionE,74,80,189,191.833333333333,2.83333333333333,12,1.2,6,34,1
8167,BatchInference,168,RegionA,RegionA,5,80,168,173.966666666667,5.96666666666667,7,0.7,0,0,0
8221,RealTimeInference,174,RegionB,RegionC,14,20,174,177.283333333333,3.28333333333333,6,0.48,0,19.7,1
8643,RealTimeInference,180,RegionC,RegionC,5,20,180,180.916666666667,0.916666666666667,6,0.48,0,0,0
8676,AITraining,171,RegionF,RegionA,82,150,171,171.65,0.65,81,12.96,0,52.65,1
8713,AITraining,171,RegionD,RegionA,65,150,171,172.05,1.05,112,17.92,0,117.6,1
8757,BatchInference,179,RegionA,RegionD,65,80,179,180.816666666667,1.81666666666667,15,1.5,0,27.25,1
9018,RealTimeInference,173,RegionD,RegionD,5,20,173,173.416666666667,0.416666666666667,2,0.16,0,0,0
9093,RealTimeInference,171,RegionB,RegionA,12,20,171,171.8,0.8,3,0.24,0,2.4,1
9241,BatchInference,161,RegionF,RegionC,76,80,186,189.6,3.6,16,1.6,25,57.6,1
9253,BatchInference,158,RegionD,RegionE,22,80,168,169.266666666667,1.26666666666667,18,1.8,10,22.8,1
9324,RealTimeInference,171,RegionB,RegionB,5,20,171,175.9,4.9,4,0.32,0,0,0
9509,BatchInference,179,RegionE,RegionD,22,80,179,180.1,1.1,16,1.6,0,17.6,1
9546,AITraining,185,RegionD,RegionE,22,150,191,195.916666666667,4.91666666666667,55,8.8,6,270.416666666667,1
9605,RealTimeInference,180,RegionB,RegionB,5,20,180,182.2,2.2,3,0.24,0,0,0
9641,AITraining,173,RegionF,RegionE,18,150,189,189.783333333333,0.783333333333333,30,4.8,16,23.5,1
9643,BatchInference,165,RegionA,RegionD,65,80,168,174.083333333333,6.08333333333333,23,2.3,3,139.916666666667,1
9662,BatchInference,171,RegionA,RegionE,78,80,171,174.716666666667,3.71666666666667,23,2.3,0,85.4833333333333,1
9663,AITraining,161,RegionD,RegionB,60,150,182,183.716666666667,1.71666666666667,124,19.84,21,212.866666666667,1
9700,BatchInference,167,RegionF,RegionB,79,80,180,181.683333333333,1.68333333333333,11,1.1,13,18.5166666666667,1
9797,AITraining,175,RegionE,RegionA,78,150,179,183.766666666667,4.76666666666667,62,9.92,4,295.533333333333,1
9802,AITraining,189,RegionD,RegionE,22,150,189,191.55,2.55,50,8,0,127.5,1
9827,BatchInference,165,RegionB,RegionD,60,80,186,188.5,2.5,16,1.6,21,40,1
9914,AITraining,166,RegionE,RegionD,22,150,168,173.6,5.6,124,19.84,2,694.4,1
9989,AITraining,176,RegionF,RegionE,18,150,178,178.4,0.4,127,20.32,2,50.8,1
10087,AITraining,156,RegionF,RegionF,5,150,182,186.15,4.15,124,19.84,26,0,0
10165,BatchInference,187,RegionE,RegionE,5,80,187,190.25,3.25,21,2.1,0,0,0
10203,RealTimeInference,175,RegionB,RegionC,14,20,175,176.783333333333,1.78333333333333,2,0.16,0,3.56666666666667,1
10374,RealTimeInference,171,RegionB,RegionA,12,20,171,173.116666666667,2.11666666666667,5,0.4,0,10.5833333333333,1
10465,AITraining,174,RegionE,RegionF,18,150,181,181.35,0.35,62,9.92,7,21.7,1
10649,RealTimeInference,168,RegionB,RegionA,12,20,168,172.2,4.2,7,0.56,0,29.4,1
10689,AITraining,171,RegionE,RegionE,5,150,171,173.85,2.85,65,10.4,0,0,0
10846,RealTimeInference,170,RegionB,RegionC,14,20,170,171.816666666667,1.81666666666667,2,0.16,0,3.63333333333333,1
10913,RealTimeInference,183,RegionC,RegionC,5,20,183,188.983333333333,5.98333333333333,2,0.16,0,0,0
10921,RealTimeInference,185,RegionA,RegionA,5,20,185,186.866666666667,1.86666666666667,1,0.08,0,0,0
11098,BatchInference,185,RegionA,RegionE,78,80,185,189.95,4.95,17,1.7,0,84.15,1
11359,BatchInference,167,RegionE,RegionD,22,80,180,181.283333333333,1.28333333333333,4,0.4,13,5.13333333333333,1
11376,BatchInference,166,RegionB,RegionE,74,80,168,172.966666666667,4.96666666666667,22,2.2,2,109.266666666667,1
11522,AITraining,186,RegionE,RegionA,78,150,191,194.233333333333,3.23333333333333,38,6.08,5,122.866666666667,1
11628,BatchInference,184,RegionE,RegionE,5,80,184,186.033333333333,2.03333333333333,19,1.9,0,0,0
11783,RealTimeInference,175,RegionB,RegionC,14,20,175,181.533333333333,6.53333333333333,4,0.32,0,26.1333333333333,1
11923,AITraining,171,RegionF,RegionD,25,150,179,180.616666666667,1.61666666666667,51,8.16,8,82.45,1
11991,RealTimeInference,172,RegionA,RegionC,15,20,172,177.1,5.1,2,0.16,0,10.2,1
12009,RealTimeInference,178,RegionC,RegionA,15,20,178,179.8,1.8,1,0.08,0,1.8,1
12080,BatchInference,190,RegionD,RegionA,65,80,190,194.533333333333,4.53333333333333,18,1.8,0,81.6,1
12122,RealTimeInference,177,RegionA,RegionB,12,20,177,182.45,5.45,3,0.24,0,16.35,1
12206,AITraining,168,RegionF,RegionA,82,150,182,184.35,2.35,49,7.84,14,115.15,1
12244,RealTimeInference,177,RegionC,RegionB,14,20,177,179.6,2.6,1,0.08,0,2.6,1
12487,BatchInference,174,RegionE,RegionF,18,80,181,181.616666666667,0.616666666666667,12,1.2,7,7.4,1
12526,AITraining,183,RegionE,RegionE,5,150,189,193.816666666667,4.81666666666667,68,10.88,6,0,0
12758,AITraining,183,RegionB,RegionE,74,150,189,189.683333333333,0.683333333333333,92,14.72,6,62.8666666666667,1
12852,AITraining,188,RegionD,RegionB,60,150,188,194.483333333333,6.48333333333333,92,14.72,0,596.466666666667,1
12927,RealTimeInference,179,RegionC,RegionA,15,20,179,185.466666666667,6.46666666666667,5,0.4,0,32.3333333333333,1
12956,BatchInference,186,RegionB,RegionD,60,80,186,189.216666666667,3.21666666666667,17,1.7,0,54.6833333333333,1
13006,AITraining,155,RegionF,RegionB,79,150,177,177.7,0.7,60,9.6,22,42,1
13024,BatchInference,190,RegionD,RegionA,65,80,190,193.616666666667,3.61666666666667,22,2.2,0,79.5666666666667,1
13039,RealTimeInference,191,RegionD,RegionD,5,20,191,191.816666666667,0.816666666666667,3,0.24,0,0,0
13070,BatchInference,186,RegionD,RegionE,22,80,191,191.566666666667,0.566666666666667,23,2.3,5,13.0333333333333,1
13244,AITraining,190,RegionD,RegionE,22,150,190,192.05,2.05,44,7.04,0,90.2,1
13424,AITraining,191,RegionE,RegionA,78,150,191,193.95,2.95,126,20.16,0,371.7,1
13463,RealTimeInference,184,RegionB,RegionC,14,20,184,189.766666666667,5.76666666666667,2,0.16,0,11.5333333333333,1
13491,AITraining,169,RegionF,RegionD,25,150,169,175.433333333333,6.43333333333333,70,11.2,0,450.333333333333,1
13561,BatchInference,191,RegionC,RegionA,15,80,191,193.133333333333,2.13333333333333,13,1.3,0,27.7333333333333,1
13640,BatchInference,189,RegionC,RegionF,76,80,189,191.116666666667,2.11666666666667,23,2.3,0,48.6833333333333,1
13841,BatchInference,165,RegionA,RegionB,12,80,180,180.466666666667,0.466666666666667,13,1.3,15,6.06666666666667,1
13972,RealTimeInference,170,RegionA,RegionB,12,20,170,172.283333333333,2.28333333333333,5,0.4,0,11.4166666666667,1
13984,AITraining,179,RegionF,RegionC,76,150,186,191.45,5.45,84,13.44,7,457.8,1
13999,BatchInference,170,RegionB,RegionD,60,80,170,170.566666666667,0.566666666666667,21,2.1,0,11.9,1
14001,BatchInference,176,RegionD,RegionB,60,80,178,179.833333333333,1.83333333333333,7,0.7,2,12.8333333333333,1
14291,RealTimeInference,186,RegionC,RegionB,14,20,186,188.233333333333,2.23333333333333,2,0.16,0,4.46666666666667,1
14412,AITraining,162,RegionD,RegionF,25,150,177,179.9,2.9,36,5.76,15,104.4,1
14482,BatchInference,183,RegionF,RegionE,18,80,183,189.45,6.45,11,1.1,0,70.95,1
14497,AITraining,153,RegionD,RegionA,65,150,182,183.233333333333,1.23333333333333,87,13.92,29,107.3,1
14627,AITraining,184,RegionA,RegionF,82,150,184,185.083333333333,1.08333333333333,42,6.72,0,45.5,1
14679,RealTimeInference,185,RegionE,RegionF,18,20,185,188.516666666667,3.51666666666667,2,0.16,0,7.03333333333333,1
14723,RealTimeInference,189,RegionB,RegionB,5,20,189,191.05,2.05,4,0.32,0,0,0
14877,BatchInference,186,RegionA,RegionA,5,80,191,191.883333333333,0.883333333333333,10,1,5,0,0
14988,AITraining,175,RegionA,RegionE,78,150,182,186.133333333333,4.13333333333333,119,19.04,7,491.866666666667,1
15170,AITraining,184,RegionF,RegionE,18,150,184,185.883333333333,1.88333333333333,87,13.92,0,163.85,1
15730,RealTimeInference,171,RegionA,RegionC,15,20,171,174.983333333333,3.98333333333333,1,0.08,0,3.98333333333333,1
15796,AITraining,187,RegionD,RegionF,25,150,187,190.183333333333,3.18333333333333,116,18.56,0,369.266666666667,1
15895,BatchInference,189,RegionB,RegionE,74,80,189,194.133333333333,5.13333333333333,23,2.3,0,118.066666666667,1
15975,RealTimeInference,182,RegionB,RegionC,14,20,182,184.783333333333,2.78333333333333,6,0.48,0,16.7,1
16008,RealTimeInference,189,RegionB,RegionA,12,20,189,192.383333333333,3.38333333333333,4,0.32,0,13.5333333333333,1
16203,AITraining,188,RegionD,RegionD,5,150,188,190.2,2.2,96,15.36,0,0,0
16325,BatchInference,183,RegionE,RegionE,5,80,189,191.316666666667,2.31666666666667,15,1.5,6,0,0
16442,BatchInference,168,RegionD,RegionD,5,80,186,188.633333333333,2.63333333333333,23,2.3,18,0,0
16472,RealTimeInference,190,RegionA,RegionC,15,20,190,196.3,6.3,1,0.08,0,6.3,1
16593,AITraining,168,RegionE,RegionF,18,150,178,179.916666666667,1.91666666666667,72,11.52,10,138,1
16670,RealTimeInference,190,RegionB,RegionB,5,20,190,191.1,1.1,7,0.56,0,0,0
16681,AITraining,183,RegionC,RegionF,76,150,189,194.566666666667,5.56666666666667,45,7.2,6,250.5,1
16687,BatchInference,179,RegionA,RegionC,15,80,186,189.316666666667,3.31666666666667,9,0.9,7,29.85,1
16903,AITraining,150,RegionF,RegionF,5,150,186,189.883333333333,3.88333333333333,29,4.64,36,0,0
17096,BatchInference,189,RegionC,RegionE,70,80,189,191.916666666667,2.91666666666667,16,1.6,0,46.6666666666667,1
17117,RealTimeInference,183,RegionB,RegionB,5,20,183,183.3,0.3,6,0.48,0,0,0
17214,RealTimeInference,182,RegionB,RegionB,5,20,182,183.35,1.35,4,0.32,0,0,0
17268,BatchInference,167,RegionD,RegionD,5,80,168,172.616666666667,4.61666666666667,8,0.8,1,0,0
17358,AITraining,169,RegionD,RegionD,5,150,177,180.85,3.85,51,8.16,8,0,0
17405,BatchInference,181,RegionC,RegionE,70,80,187,191.6,4.6,19,1.9,6,87.4,1
17459,AITraining,176,RegionE,RegionE,5,150,183,188.45,5.45,40,6.4,7,0,0
17517,RealTimeInference,174,RegionB,RegionC,14,20,174,179.833333333333,5.83333333333333,4,0.32,0,23.3333333333333,1
17569,BatchInference,183,RegionC,RegionE,70,80,189,193.333333333333,4.33333333333333,20,2,6,86.6666666666667,1
17617,BatchInference,170,RegionE,RegionE,5,80,170,170.333333333333,0.333333333333333,16,1.6,0,0,0
17631,RealTimeInference,180,RegionE,RegionE,5,20,180,181.316666666667,1.31666666666667,7,0.56,0,0,0
17766,BatchInference,159,RegionD,RegionC,58,80,168,170.316666666667,2.31666666666667,14,1.4,9,32.4333333333333,1
17773,AITraining,178,RegionE,RegionF,18,150,182,185.216666666667,3.21666666666667,105,16.8,4,337.75,1
17779,BatchInference,177,RegionC,RegionF,76,80,181,181.233333333333,0.233333333333333,15,1.5,4,3.5,1
18330,RealTimeInference,177,RegionB,RegionB,5,20,177,177.983333333333,0.983333333333333,3,0.24,0,0,0
18356,BatchInference,159,RegionC,RegionC,5,80,186,189.566666666667,3.56666666666667,23,2.3,27,0,0
18376,BatchInference,177,RegionC,RegionE,70,80,184,185.95,1.95,7,0.7,7,13.65,1
18639,AITraining,184,RegionE,RegionE,5,150,184,187.316666666667,3.31666666666667,116,18.56,0,0,0
18778,AITraining,169,RegionF,RegionA,82,150,182,183.916666666667,1.91666666666667,40,6.4,13,76.6666666666667,1
18786,RealTimeInference,182,RegionA,RegionB,12,20,182,184.516666666667,2.51666666666667,3,0.24,0,7.55,1
18835,BatchInference,171,RegionC,RegionF,76,80,179,179.8,0.8,17,1.7,8,13.6,1
18842,BatchInference,158,RegionD,RegionB,60,80,179,183.333333333333,4.33333333333333,19,1.9,21,82.3333333333333,1
19221,AITraining,189,RegionD,RegionE,22,150,189,190.65,1.65,75,12,0,123.75,1
19306,BatchInference,191,RegionB,RegionA,12,80,191,195.65,4.65,9,0.9,0,41.85,1
19552,AITraining,166,RegionF,RegionD,25,150,168,173.766666666667,5.76666666666667,21,3.36,2,121.1,1
19556,RealTimeInference,184,RegionB,RegionC,14,20,184,185.133333333333,1.13333333333333,6,0.48,0,6.8,1
19573,AITraining,184,RegionA,RegionE,78,150,184,186.883333333333,2.88333333333333,64,10.24,0,184.533333333333,1
19650,RealTimeInference,172,RegionC,RegionC,5,20,172,178.516666666667,6.51666666666667,3,0.24,0,0,0
19729,AITraining,166,RegionF,RegionE,18,150,168,169.083333333333,1.08333333333333,104,16.64,2,112.666666666667,1
19743,RealTimeInference,183,RegionE,RegionE,5,20,183,186.283333333333,3.28333333333333,1,0.08,0,0,0
19858,AITraining,181,RegionD,RegionA,65,150,181,181.583333333333,0.583333333333333,40,6.4,0,23.3333333333333,1
19897,RealTimeInference,187,RegionB,RegionC,14,20,187,188.383333333333,1.38333333333333,1,0.08,0,1.38333333333333,1
19918,AITraining,184,RegionE,RegionE,5,150,184,189.9,5.9,61,9.76,0,0,0
20046,RealTimeInference,184,RegionA,RegionA,5,20,184,187.583333333333,3.58333333333333,7,0.56,0,0,0
20134,RealTimeInference,187,RegionB,RegionC,14,20,187,192.95,5.95,5,0.4,0,29.75,1
20157,BatchInference,183,RegionA,RegionE,78,80,189,195.216666666667,6.21666666666667,20,2,6,124.333333333333,1
20233,BatchInference,170,RegionD,RegionB,60,80,170,176.266666666667,6.26666666666667,6,0.6,0,37.6,1
20301,AITraining,168,RegionA,RegionE,78,150,186,188.116666666667,2.11666666666667,107,17.12,18,226.483333333333,1
20344,AITraining,157,RegionE,RegionF,18,150,181,181.333333333333,0.333333333333333,107,17.12,24,35.6666666666667,1
20406,BatchInference,189,RegionA,RegionE,78,80,189,194.083333333333,5.08333333333333,15,1.5,0,76.25,1
20419,RealTimeInference,179,RegionA,RegionA,5,20,179,183.85,4.85,2,0.16,0,0,0
20427,AITraining,174,RegionD,RegionF,25,150,181,181.783333333333,0.783333333333333,78,12.48,7,61.1,1
20575,RealTimeInference,183,RegionC,RegionB,14,20,183,185.783333333333,2.78333333333333,3,0.24,0,8.35,1
20590,RealTimeInference,179,RegionA,RegionA,5,20,179,184.4,5.4,6,0.48,0,0,0
20765,BatchInference,183,RegionD,RegionE,22,80,189,193.216666666667,4.21666666666667,7,0.7,6,29.5166666666667,1
20972,BatchInference,175,RegionB,RegionD,60,80,175,178.083333333333,3.08333333333333,8,0.8,0,24.6666666666667,1
21014,BatchInference,161,RegionD,RegionC,58,80,186,188.833333333333,2.83333333333333,4,0.4,25,11.3333333333333,1
21154,AITraining,153,RegionB,RegionE,74,150,186,189.6,3.6,122,19.52,33,439.2,1
21230,BatchInference,164,RegionD,RegionF,25,80,181,181.933333333333,0.933333333333333,13,1.3,17,12.1333333333333,1
21398,BatchInference,186,RegionB,RegionA,12,80,191,191.366666666667,0.366666666666667,15,1.5,5,5.5,1
21677,BatchInference,189,RegionE,RegionE,5,80,189,189.75,0.75,12,1.2,0,0,0
21760,BatchInference,191,RegionC,RegionA,15,80,191,194.35,3.35,10,1,0,33.5,1
21782,BatchInference,166,RegionE,RegionB,74,80,180,180.75,0.75,4,0.4,14,3,1
21862,AITraining,169,RegionF,RegionE,18,150,169,170.216666666667,1.21666666666667,119,19.04,0,144.783333333333,1
21987,RealTimeInference,177,RegionA,RegionB,12,20,177,179.483333333333,2.48333333333333,6,0.48,0,14.9,1
22215,AITraining,175,RegionF,RegionD,25,150,175,180.233333333333,5.23333333333333,109,17.44,0,570.433333333333,1
22327,BatchInference,164,RegionE,RegionD,22,80,186,188.9,2.9,13,1.3,22,37.7,1
23042,AITraining,171,RegionF,RegionB,79,150,171,177.283333333333,6.28333333333333,122,19.52,0,766.566666666667,1
23353,BatchInference,187,RegionB,RegionE,74,80,187,191.55,4.55,14,1.4,0,63.7,1
23375,RealTimeInference,191,RegionB,RegionA,12,20,191,193.9,2.9,6,0.48,0,17.4,1
23465,BatchInference,163,RegionB,RegionC,14,80,186,188.983333333333,2.98333333333333,6,0.6,23,17.9,1
23542,BatchInference,165,RegionA,RegionD,65,80,186,188.533333333333,2.53333333333333,23,2.3,21,58.2666666666667,1
23615,RealTimeInference,183,RegionA,RegionA,5,20,183,183.783333333333,0.783333333333333,5,0.4,0,0,0
23737,AITraining,155,RegionF,RegionD,25,150,168,174.25,6.25,100,16,13,625,1
24231,AITraining,165,RegionC,RegionB,14,150,182,183.816666666667,1.81666666666667,86,13.76,17,156.233333333333,1
24283,AITraining,189,RegionB,RegionE,74,150,189,192.55,3.55,52,8.32,0,184.6,1
24326,RealTimeInference,186,RegionB,RegionB,5,20,186,190.916666666667,4.91666666666667,2,0.16,0,0,0
24403,RealTimeInference,172,RegionB,RegionA,12,20,172,173.95,1.95,4,0.32,0,7.8,1
24508,AITraining,182,RegionD,RegionB,60,150,188,193.8,5.8,83,13.28,6,481.4,1
24593,BatchInference,168,RegionB,RegionA,12,80,179,183.3,4.3,8,0.8,11,34.4,1
25212,AITraining,163,RegionE,RegionC,70,150,186,188.683333333333,2.68333333333333,44,7.04,23,118.066666666667,1
25256,AITraining,185,RegionD,RegionE,22,150,185,186.016666666667,1.01666666666667,55,8.8,0,55.9166666666667,1
25364,AITraining,188,RegionF,RegionB,79,150,188,193.216666666667,5.21666666666667,106,16.96,0,552.966666666667,1
25478,AITraining,189,RegionD,RegionE,22,150,189,191.6,2.6,38,6.08,0,98.8,1
25508,AITraining,169,RegionF,RegionD,25,150,178,181.416666666667,3.41666666666667,40,6.4,9,136.666666666667,1
25630,AITraining,184,RegionD,RegionE,22,150,184,189.933333333333,5.93333333333333,53,8.48,0,314.466666666667,1
25754,AITraining,170,RegionD,RegionD,5,150,179,180.566666666667,1.56666666666667,110,17.6,9,0,0
25804,RealTimeInference,189,RegionE,RegionE,5,20,189,195.483333333333,6.48333333333333,6,0.48,0,0,0
25824,BatchInference,175,RegionF,RegionD,25,80,175,178.083333333333,3.08333333333333,22,2.2,0,67.8333333333333,1
25872,RealTimeInference,169,RegionA,RegionA,5,20,169,172.683333333333,3.68333333333333,6,0.48,0,0,0
26020,RealTimeInference,187,RegionC,RegionA,15,20,187,187.55,0.55,4,0.32,0,2.2,1
26660,RealTimeInference,174,RegionB,RegionB,5,20,174,175.183333333333,1.18333333333333,7,0.56,0,0,0
26805,BatchInference,168,RegionC,RegionD,58,80,168,173.4,5.4,8,0.8,0,43.2,1
26875,RealTimeInference,174,RegionA,RegionB,12,20,174,175.066666666667,1.06666666666667,1,0.08,0,1.06666666666667,1
26918,BatchInference,175,RegionE,RegionC,70,80,175,177.516666666667,2.51666666666667,4,0.4,0,10.0666666666667,1
26920,AITraining,165,RegionB,RegionD,60,150,186,189.3,3.3,20,3.2,21,66,1
26944,AITraining,185,RegionE,RegionA,78,150,191,193.633333333333,2.63333333333333,58,9.28,6,152.733333333333,1
26978,RealTimeInference,185,RegionD,RegionD,5,20,185,189.3,4.3,1,0.08,0,0,0
27620,AITraining,190,RegionF,RegionA,82,150,190,193.75,3.75,24,3.84,0,90,1
27643,RealTimeInference,176,RegionA,RegionA,5,20,176,176.65,0.65,6,0.48,0,0,0
27882,AITraining,183,RegionE,RegionF,18,150,189,190.133333333333,1.13333333333333,28,4.48,6,31.7333333333333,1
27970,AITraining,172,RegionC,RegionB,14,150,172,173.933333333333,1.93333333333333,36,5.76,0,69.6,1
27984,RealTimeInference,180,RegionA,RegionA,5,20,180,185.033333333333,5.03333333333333,7,0.56,0,0,0
28019,AITraining,162,RegionE,RegionC,70,150,186,188.566666666667,2.56666666666667,63,10.08,24,161.7,1
28068,RealTimeInference,184,RegionA,RegionC,15,20,184,185.816666666667,1.81666666666667,5,0.4,0,9.08333333333333,1
28086,BatchInference,165,RegionE,RegionE,5,80,168,173.466666666667,5.46666666666667,10,1,3,0,0
28222,RealTimeInference,186,RegionB,RegionC,14,20,186,190.65,4.65,4,0.32,0,18.6,1
28248,RealTimeInference,179,RegionB,RegionB,5,20,179,184.683333333333,5.68333333333333,4,0.32,0,0,0
28272,RealTimeInference,172,RegionA,RegionB,12,20,172,176.433333333333,4.43333333333333,5,0.4,0,22.1666666666667,1
28415,BatchInference,169,RegionF,RegionC,76,80,187,188.7,1.7,4,0.4,18,6.8,1
28802,BatchInference,170,RegionF,RegionC,76,80,170,171.85,1.85,20,2,0,37,1
28816,BatchInference,178,RegionA,RegionB,12,80,179,183.383333333333,4.38333333333333,16,1.6,1,70.1333333333333,1
28826,AITraining,173,RegionE,RegionB,74,150,173,177.75,4.75,20,3.2,0,95,1
28964,AITraining,191,RegionE,RegionA,78,150,191,196.2,5.2,124,19.84,0,644.8,1
29057,BatchInference,173,RegionE,RegionD,22,80,173,177.616666666667,4.61666666666667,14,1.4,0,64.6333333333333,1
29197,AITraining,175,RegionD,RegionB,60,150,175,179.083333333333,4.08333333333333,17,2.72,0,69.4166666666667,1
29261,BatchInference,154,RegionF,RegionE,18,80,181,182.033333333333,1.03333333333333,20,2,27,20.6666666666667,1
29387,RealTimeInference,186,RegionA,RegionC,15,20,186,186.666666666667,0.666666666666667,6,0.48,0,4,1
29566,BatchInference,191,RegionC,RegionA,15,80,191,195.133333333333,4.13333333333333,9,0.9,0,37.2,1
29568,RealTimeInference,185,RegionC,RegionC,5,20,185,187.833333333333,2.83333333333333,6,0.48,0,0,0
29595,BatchInference,181,RegionF,RegionE,18,80,187,190.916666666667,3.91666666666667,18,1.8,6,70.5,1
29623,RealTimeInference,182,RegionA,RegionB,12,20,182,186.45,4.45,6,0.48,0,26.7,1
29852,AITraining,170,RegionB,RegionD,60,150,170,174.966666666667,4.96666666666667,76,12.16,0,377.466666666667,1
30008,AITraining,171,RegionF,RegionD,25,150,179,180.966666666667,1.96666666666667,125,20,8,245.833333333333,1
30043,AITraining,172,RegionD,RegionE,22,150,172,176.833333333333,4.83333333333333,117,18.72,0,565.5,1
30053,AITraining,168,RegionE,RegionD,22,150,168,173.416666666667,5.41666666666667,95,15.2,0,514.583333333333,1
30103,RealTimeInference,181,RegionA,RegionC,15,20,181,182.75,1.75,4,0.32,0,7,1
30377,BatchInference,167,RegionA,RegionB,12,80,168,174.4,6.4,6,0.6,1,38.4,1
30399,BatchInference,179,RegionC,RegionD,58,80,179,180.8,1.8,16,1.6,0,28.8,1
30665,AITraining,177,RegionA,RegionD,65,150,177,180.733333333333,3.73333333333333,79,12.64,0,294.933333333333,1
30747,RealTimeInference,170,RegionB,RegionA,12,20,170,174.35,4.35,6,0.48,0,26.1,1
30783,RealTimeInference,176,RegionF,RegionE,18,20,176,181.733333333333,5.73333333333333,5,0.4,0,28.6666666666667,1
30798,BatchInference,167,RegionB,RegionB,5,80,177,182.816666666667,5.81666666666667,15,1.5,10,0,0
30806,AITraining,171,RegionD,RegionD,5,150,171,173.833333333333,2.83333333333333,36,5.76,0,0,0
30886,AITraining,170,RegionE,RegionD,22,150,170,173.833333333333,3.83333333333333,57,9.12,0,218.5,1
30955,BatchInference,159,RegionB,RegionC,14,80,168,170,2,11,1.1,9,22,1
31295,RealTimeInference,174,RegionA,RegionB,12,20,174,180.433333333333,6.43333333333333,3,0.24,0,19.3,1
31575,RealTimeInference,185,RegionC,RegionB,14,20,185,186.933333333333,1.93333333333333,1,0.08,0,1.93333333333333,1
31583,BatchInference,175,RegionF,RegionE,18,80,175,178.733333333333,3.73333333333333,7,0.7,0,26.1333333333333,1
31655,AITraining,158,RegionF,RegionE,18,150,168,174.483333333333,6.48333333333333,69,11.04,10,447.35,1
31689,BatchInference,170,RegionA,RegionD,65,80,179,179.3,0.3,7,0.7,9,2.1,1
31774,AITraining,170,RegionB,RegionD,60,150,170,170.9,0.9,86,13.76,0,77.4,1
32101,AITraining,190,RegionF,RegionE,18,150,190,191.416666666667,1.41666666666667,27,4.32,0,38.25,1
32141,BatchInference,166,RegionA,RegionB,12,80,179,183.766666666667,4.76666666666667,20,2,13,95.3333333333333,1
32214,RealTimeInference,185,RegionA,RegionC,15,20,185,187.566666666667,2.56666666666667,7,0.56,0,17.9666666666667,1
32234,BatchInference,185,RegionA,RegionA,5,80,191,192.333333333333,1.33333333333333,19,1.9,6,0,0
32418,AITraining,170,RegionD,RegionD,5,150,170,174.883333333333,4.88333333333333,91,14.56,0,0,0
32437,AITraining,188,RegionC,RegionC,5,150,188,188.9,0.9,121,19.36,0,0,0
32457,RealTimeInference,187,RegionA,RegionC,15,20,187,189.35,2.35,3,0.24,0,7.05,1
32625,RealTimeInference,179,RegionC,RegionC,5,20,179,181.983333333333,2.98333333333333,1,0.08,0,0,0
32817,AITraining,172,RegionB,RegionE,74,150,172,174.766666666667,2.76666666666667,124,19.84,0,343.066666666667,1
33036,RealTimeInference,175,RegionB,RegionB,5,20,175,175.166666666667,0.166666666666667,6,0.48,0,0,0
33113,AITraining,169,RegionD,RegionD,5,150,178,180.85,2.85,35,5.6,9,0,0
33160,AITraining,180,RegionD,RegionD,5,150,187,190.75,3.75,64,10.24,7,0,0
33521,AITraining,184,RegionD,RegionE,22,150,184,189.216666666667,5.21666666666667,19,3.04,0,99.1166666666667,1
33810,RealTimeInference,182,RegionB,RegionB,5,20,182,182.75,0.75,5,0.4,0,0,0
33993,BatchInference,174,RegionB,RegionF,79,80,174,177.916666666667,3.91666666666667,4,0.4,0,15.6666666666667,1
34116,RealTimeInference,191,RegionA,RegionC,15,20,191,195.95,4.95,4,0.32,0,19.8,1
34340,RealTimeInference,184,RegionA,RegionC,15,20,184,189.733333333333,5.73333333333333,5,0.4,0,28.6666666666667,1
34533,RealTimeInference,185,RegionC,RegionA,15,20,185,188.55,3.55,6,0.48,0,21.3,1
34588,AITraining,179,RegionB,RegionD,60,150,179,181.65,2.65,58,9.28,0,153.7,1
34608,RealTimeInference,176,RegionA,RegionB,12,20,176,178.633333333333,2.63333333333333,7,0.56,0,18.4333333333333,1
34613,AITraining,173,RegionF,RegionE,18,150,180,181.933333333333,1.93333333333333,98,15.68,7,189.466666666667,1
34649,AITraining,159,RegionD,RegionF,25,150,182,188.116666666667,6.11666666666667,71,11.36,23,434.283333333333,1
34796,RealTimeInference,176,RegionC,RegionA,15,20,176,181.8,5.8,1,0.08,0,5.8,1
34798,RealTimeInference,190,RegionA,RegionA,5,20,190,193.233333333333,3.23333333333333,3,0.24,0,0,0
34933,AITraining,176,RegionE,RegionF,18,150,176,177.483333333333,1.48333333333333,27,4.32,0,40.05,1
34972,RealTimeInference,184,RegionB,RegionC,14,20,184,184.65,0.65,6,0.48,0,3.9,1
35037,BatchInference,182,RegionC,RegionE,70,80,188,190.75,2.75,5,0.5,6,13.75,1
35176,RealTimeInference,178,RegionC,RegionA,15,20,178,182.15,4.15,4,0.32,0,16.6,1
35184,BatchInference,168,RegionF,RegionD,25,80,186,189.6,3.6,21,2.1,18,75.6,1
35266,RealTimeInference,177,RegionB,RegionB,5,20,177,182.583333333333,5.58333333333333,2,0.16,0,0,0
35416,AITraining,184,RegionD,RegionF,25,150,184,186.366666666667,2.36666666666667,119,19.04,0,281.633333333333,1
35627,BatchInference,183,RegionC,RegionE,70,80,189,193.883333333333,4.88333333333333,18,1.8,6,87.9,1
35636,BatchInference,180,RegionE,RegionB,74,80,187,190.083333333333,3.08333333333333,13,1.3,7,40.0833333333333,1
35693,BatchInference,188,RegionC,RegionC,5,80,188,191.983333333333,3.98333333333333,5,0.5,0,0,0
35798,BatchInference,188,RegionC,RegionB,14,80,188,192.083333333333,4.08333333333333,21,2.1,0,85.75,1
35832,RealTimeInference,172,RegionC,RegionA,15,20,172,174.866666666667,2.86666666666667,3,0.24,0,8.6,1
36079,AITraining,188,RegionD,RegionD,5,150,188,188.6,0.6,53,8.48,0,0,0
36268,BatchInference,164,RegionA,RegionD,65,80,180,181.933333333333,1.93333333333333,17,1.7,16,32.8666666666667,1
36318,AITraining,188,RegionF,RegionD,25,150,188,192.9,4.9,25,4,0,122.5,1
36464,RealTimeInference,183,RegionA,RegionC,15,20,183,187.316666666667,4.31666666666667,3,0.24,0,12.95,1
36470,AITraining,170,RegionF,RegionC,76,150,170,176.6,6.6,124,19.84,0,818.4,1
36530,AITraining,179,RegionC,RegionF,76,150,186,192.65,6.65,29,4.64,7,192.85,1
36603,BatchInference,162,RegionB,RegionA,12,80,168,172.933333333333,4.93333333333333,14,1.4,6,69.0666666666667,1
36797,AITraining,181,RegionF,RegionD,25,150,187,190.566666666667,3.56666666666667,68,10.88,6,242.533333333333,1
36908,BatchInference,159,RegionD,RegionD,5,80,178,179.85,1.85,5,0.5,19,0,0
36936,RealTimeInference,189,RegionA,RegionA,5,20,189,192.4,3.4,4,0.32,0,0,0
36954,BatchInference,172,RegionE,RegionC,70,80,172,176.866666666667,4.86666666666667,6,0.6,0,29.2,1
37199,BatchInference,169,RegionA,RegionE,78,80,169,173.616666666667,4.61666666666667,9,0.9,0,41.55,1
37415,BatchInference,181,RegionA,RegionE,78,80,187,191,4,18,1.8,6,72,1
37471,RealTimeInference,172,RegionB,RegionB,5,20,172,175.083333333333,3.08333333333333,7,0.56,0,0,0
37561,AITraining,168,RegionD,RegionE,22,150,182,187.116666666667,5.11666666666667,45,7.2,14,230.25,1
37586,AITraining,191,RegionC,RegionB,14,150,191,197.6,6.6,48,7.68,0,316.8,1
37609,BatchInference,182,RegionD,RegionE,22,80,188,190.033333333333,2.03333333333333,14,1.4,6,28.4666666666667,1
37722,RealTimeInference,188,RegionC,RegionC,5,20,188,188.266666666667,0.266666666666667,3,0.24,0,0,0
37821,AITraining,152,RegionF,RegionE,18,150,181,182.35,1.35,41,6.56,29,55.35,1
38012,AITraining,154,RegionB,RegionA,12,150,181,181.9,0.9,101,16.16,27,90.9,1
38100,RealTimeInference,182,RegionB,RegionA,12,20,182,186.55,4.55,3,0.24,0,13.65,1
38135,BatchInference,175,RegionE,RegionD,22,80,175,175.933333333333,0.933333333333333,17,1.7,0,15.8666666666667,1
38163,AITraining,178,RegionB,RegionA,12,150,185,185.683333333333,0.683333333333333,23,3.68,7,15.7166666666667,1
38178,BatchInference,188,RegionB,RegionD,60,80,188,188.3,0.3,14,1.4,0,4.2,1
38378,BatchInference,172,RegionE,RegionB,74,80,172,177.566666666667,5.56666666666667,12,1.2,0,66.8,1
38595,RealTimeInference,180,RegionE,RegionF,18,20,180,183.35,3.35,4,0.32,0,13.4,1
38634,RealTimeInference,183,RegionC,RegionA,15,20,183,184.283333333333,1.28333333333333,7,0.56,0,8.98333333333333,1
38639,AITraining,167,RegionE,RegionB,74,150,177,183.383333333333,6.38333333333333,66,10.56,10,421.3,1
38839,RealTimeInference,184,RegionA,RegionC,15,20,184,186.966666666667,2.96666666666667,2,0.16,0,5.93333333333333,1
38901,RealTimeInference,191,RegionB,RegionA,12,20,191,196.5,5.5,2,0.16,0,11,1
38940,AITraining,165,RegionE,RegionD,22,150,168,174.333333333333,6.33333333333333,116,18.56,3,734.666666666667,1
38945,AITraining,151,RegionD,RegionD,5,150,186,189.25,3.25,33,5.28,35,0,0
39044,RealTimeInference,188,RegionB,RegionB,5,20,188,193.416666666667,5.41666666666667,5,0.4,0,0,0
39142,AITraining,170,RegionD,RegionD,5,150,179,180.45,1.45,88,14.08,9,0,0
39330,BatchInference,184,RegionF,RegionC,76,80,190,194.633333333333,4.63333333333333,20,2,6,92.6666666666667,1
39434,AITraining,166,RegionF,RegionD,25,150,177,181.7,4.7,61,9.76,11,286.7,1
39521,BatchInference,181,RegionA,RegionD,65,80,187,189.783333333333,2.78333333333333,9,0.9,6,25.05,1
39563,AITraining,164,RegionE,RegionB,74,150,182,183.15,1.15,23,3.68,18,26.45,1
39702,RealTimeInference,179,RegionC,RegionA,15,20,179,181.05,2.05,7,0.56,0,14.35,1
39750,AITraining,183,RegionA,RegionF,82,150,189,192.733333333333,3.73333333333333,35,5.6,6,130.666666666667,1
39883,BatchInference,186,RegionB,RegionD,60,80,191,193.85,2.85,20,2,5,57,1
39950,AITraining,155,RegionE,RegionC,70,150,186,188.916666666667,2.91666666666667,30,4.8,31,87.5,1
40071,BatchInference,166,RegionF,RegionB,79,80,177,181,4,7,0.7,11,28,1
40597,BatchInference,164,RegionA,RegionA,5,80,178,178.916666666667,0.916666666666667,4,0.4,14,0,0
40647,BatchInference,188,RegionE,RegionD,22,80,188,189.85,1.85,8,0.8,0,14.8,1
40685,BatchInference,169,RegionD,RegionD,5,80,180,180.383333333333,0.383333333333333,22,2.2,11,0,0
40971,BatchInference,164,RegionA,RegionB,12,80,180,180.483333333333,0.483333333333333,22,2.2,16,10.6333333333333,1
40993,RealTimeInference,189,RegionB,RegionA,12,20,189,194.783333333333,5.78333333333333,3,0.24,0,17.35,1
41004,RealTimeInference,178,RegionA,RegionA,5,20,178,183.466666666667,5.46666666666667,1,0.08,0,0,0
41062,BatchInference,191,RegionA,RegionA,5,80,191,195.616666666667,4.61666666666667,20,2,0,0,0
41080,RealTimeInference,181,RegionC,RegionC,5,20,181,182.7,1.7,1,0.08,0,0,0
41189,RealTimeInference,174,RegionB,RegionB,5,20,174,180.516666666667,6.51666666666667,3,0.24,0,0,0
41332,RealTimeInference,190,RegionA,RegionA,5,20,190,196.016666666667,6.01666666666667,4,0.32,0,0,0
41380,RealTimeInference,179,RegionB,RegionA,12,20,179,181.283333333333,2.28333333333333,2,0.16,0,4.56666666666667,1
41618,BatchInference,181,RegionE,RegionF,18,80,181,182.616666666667,1.61666666666667,4,0.4,0,6.46666666666667,1
41699,AITraining,173,RegionC,RegionC,5,150,173,176.85,3.85,33,5.28,0,0,0
41745,AITraining,185,RegionC,RegionF,76,150,191,194.966666666667,3.96666666666667,47,7.52,6,186.433333333333,1
41877,BatchInference,167,RegionB,RegionD,60,80,180,181.8,1.8,19,1.9,13,34.2,1
42337,RealTimeInference,191,RegionB,RegionC,14,20,191,195.033333333333,4.03333333333333,2,0.16,0,8.06666666666667,1
42598,AITraining,183,RegionD,RegionE,22,150,189,189.766666666667,0.766666666666667,44,7.04,6,33.7333333333333,1
42610,BatchInference,166,RegionA,RegionE,78,80,168,172.316666666667,4.31666666666667,22,2.2,2,94.9666666666667,1
42653,AITraining,158,RegionE,RegionE,5,150,178,179.516666666667,1.51666666666667,116,18.56,20,0,0
42990,RealTimeInference,188,RegionE,RegionE,5,20,188,191.866666666667,3.86666666666667,5,0.4,0,0,0
43107,BatchInference,177,RegionE,RegionE,5,80,184,186.716666666667,2.71666666666667,6,0.6,7,0,0
43123,RealTimeInference,185,RegionA,RegionB,12,20,185,188,3,7,0.56,0,21,1
43308,AITraining,161,RegionD,RegionD,5,150,168,173.7,5.7,42,6.72,7,0,0
43360,RealTimeInference,190,RegionB,RegionA,12,20,190,195.266666666667,5.26666666666667,7,0.56,0,36.8666666666667,1
43868,AITraining,173,RegionF,RegionB,79,150,173,175,2,112,17.92,0,224,1
44004,AITraining,171,RegionE,RegionD,22,150,171,173.85,2.85,23,3.68,0,65.55,1
44062,AITraining,187,RegionD,RegionD,5,150,187,190.55,3.55,45,7.2,0,0,0
44201,AITraining,167,RegionE,RegionD,22,150,177,181.633333333333,4.63333333333333,25,4,10,115.833333333333,1
44211,AITraining,185,RegionB,RegionF,79,150,185,188.333333333333,3.33333333333333,21,3.36,0,70,1
44231,BatchInference,175,RegionA,RegionC,15,80,175,179.666666666667,4.66666666666667,17,1.7,0,79.3333333333333,1
44312,RealTimeInference,188,RegionB,RegionB,5,20,188,191.033333333333,3.03333333333333,1,0.08,0,0,0
44484,RealTimeInference,188,RegionC,RegionC,5,20,188,193.366666666667,5.36666666666667,7,0.56,0,0,0
44610,RealTimeInference,175,RegionD,RegionD,5,20,175,180.166666666667,5.16666666666667,1,0.08,0,0,0
44676,BatchInference,172,RegionF,RegionF,5,80,172,172.9,0.9,16,1.6,0,0,0
44752,BatchInference,181,RegionD,RegionD,5,80,187,189.233333333333,2.23333333333333,13,1.3,6,0,0
44792,BatchInference,176,RegionD,RegionB,60,80,183,186,3,18,1.8,7,54,1
44967,RealTimeInference,170,RegionA,RegionA,5,20,170,176.116666666667,6.11666666666667,7,0.56,0,0,0
45051,RealTimeInference,190,RegionA,RegionA,5,20,190,195.05,5.05,4,0.32,0,0,0
45222,AITraining,184,RegionD,RegionF,25,150,184,190.183333333333,6.18333333333333,105,16.8,0,649.25,1
45244,AITraining,164,RegionE,RegionB,74,150,182,184.7,2.7,60,9.6,18,162,1
45368,BatchInference,163,RegionC,RegionA,15,80,168,172.9,4.9,11,1.1,5,53.9,1
45445,BatchInference,171,RegionB,RegionA,12,80,171,172.15,1.15,20,2,0,23,1
45537,RealTimeInference,182,RegionA,RegionB,12,20,182,188.283333333333,6.28333333333333,7,0.56,0,43.9833333333333,1
45558,BatchInference,169,RegionC,RegionF,76,80,169,172.733333333333,3.73333333333333,21,2.1,0,78.4,1
45828,RealTimeInference,177,RegionB,RegionB,5,20,177,180.55,3.55,7,0.56,0,0,0
45899,AITraining,182,RegionD,RegionB,60,150,188,193.366666666667,5.36666666666667,125,20,6,670.833333333333,1
46210,AITraining,177,RegionF,RegionB,79,150,182,183.7,1.7,60,9.6,5,102,1
46249,AITraining,173,RegionF,RegionE,18,150,189,189.883333333333,0.883333333333333,21,3.36,16,18.55,1
46666,AITraining,182,RegionD,RegionF,25,150,188,193.916666666667,5.91666666666667,63,10.08,6,372.75,1
46680,BatchInference,186,RegionC,RegionD,58,80,186,189.433333333333,3.43333333333333,13,1.3,0,44.6333333333333,1
46689,BatchInference,174,RegionE,RegionD,22,80,180,180.25,0.25,16,1.6,6,4,1
46732,AITraining,153,RegionD,RegionD,5,150,168,174.283333333333,6.28333333333333,113,18.08,15,0,0
46869,AITraining,180,RegionD,RegionE,22,150,180,185.383333333333,5.38333333333333,99,15.84,0,532.95,1
46919,RealTimeInference,170,RegionD,RegionD,5,20,170,175.883333333333,5.88333333333333,3,0.24,0,0,0
46965,BatchInference,168,RegionF,RegionD,25,80,180,181.516666666667,1.51666666666667,19,1.9,12,28.8166666666667,1
47166,RealTimeInference,188,RegionB,RegionC,14,20,188,194,6,7,0.56,0,42,1
47254,AITraining,175,RegionF,RegionA,82,150,179,183.35,4.35,122,19.52,4,530.7,1
47332,BatchInference,189,RegionF,RegionE,18,80,189,191.233333333333,2.23333333333333,22,2.2,0,49.1333333333333,1
47380,AITraining,171,RegionD,RegionD,5,150,171,173.8,2.8,22,3.52,0,0,0
47498,BatchInference,179,RegionA,RegionD,65,80,179,180.883333333333,1.88333333333333,20,2,0,37.6666666666667,1
47511,BatchInference,191,RegionA,RegionA,5,80,191,196.35,5.35,9,0.9,0,0,0
47572,BatchInference,171,RegionC,RegionA,15,80,171,173.616666666667,2.61666666666667,6,0.6,0,15.7,1
47778,RealTimeInference,182,RegionC,RegionB,14,20,182,188.2,6.2,4,0.32,0,24.8,1
48118,AITraining,158,RegionE,RegionB,74,150,168,169.25,1.25,43,6.88,10,53.75,1
48135,RealTimeInference,181,RegionA,RegionB,12,20,181,185.2,4.2,1,0.08,0,4.2,1
48328,RealTimeInference,177,RegionC,RegionA,15,20,177,181.166666666667,4.16666666666667,5,0.4,0,20.8333333333333,1
48432,BatchInference,169,RegionD,RegionB,60,80,169,174.2,5.2,21,2.1,0,109.2,1
48473,AITraining,183,RegionF,RegionE,18,150,183,186.166666666667,3.16666666666667,17,2.72,0,53.8333333333333,1
48493,AITraining,187,RegionF,RegionD,25,150,187,190.866666666667,3.86666666666667,108,17.28,0,417.6,1
48591,BatchInference,170,RegionE,RegionB,74,80,170,174.15,4.15,17,1.7,0,70.55,1
48593,BatchInference,174,RegionA,RegionD,65,80,174,177.033333333333,3.03333333333333,6,0.6,0,18.2,1
48612,RealTimeInference,180,RegionA,RegionB,12,20,180,182.483333333333,2.48333333333333,5,0.4,0,12.4166666666667,1
48741,RealTimeInference,179,RegionC,RegionA,15,20,179,180.716666666667,1.71666666666667,4,0.32,0,6.86666666666667,1
48851,RealTimeInference,184,RegionB,RegionA,12,20,184,185.433333333333,1.43333333333333,7,0.56,0,10.0333333333333,1
48997,AITraining,179,RegionE,RegionD,22,150,179,180.483333333333,1.48333333333333,123,19.68,0,182.45,1
49096,BatchInference,181,RegionE,RegionD,22,80,187,189.283333333333,2.28333333333333,15,1.5,6,34.25,1
49113,BatchInference,186,RegionC,RegionB,14,80,186,192.066666666667,6.06666666666667,13,1.3,0,78.8666666666667,1
49122,BatchInference,159,RegionE,RegionC,70,80,168,172.666666666667,4.66666666666667,23,2.3,9,107.333333333333,1
49434,RealTimeInference,168,RegionA,RegionA,5,20,168,174.483333333333,6.48333333333333,6,0.48,0,0,0
49754,RealTimeInference,171,RegionA,RegionC,15,20,171,177.283333333333,6.28333333333333,4,0.32,0,25.1333333333333,1
49760,BatchInference,159,RegionA,RegionD,65,80,180,180.883333333333,0.883333333333333,10,1,21,8.83333333333333,1
49766,AITraining,189,RegionF,RegionE,18,150,189,190.883333333333,1.88333333333333,17,2.72,0,32.0166666666667,1
49839,BatchInference,165,RegionA,RegionD,65,80,180,181.766666666667,1.76666666666667,15,1.5,15,26.5,1
49914,RealTimeInference,168,RegionB,RegionA,12,20,168,173.733333333333,5.73333333333333,3,0.24,0,17.2,1
61,RealTimeInference,192,RegionB,RegionA,12,20,192,193.183333333333,1.18333333333333,2,0.16,0,2.36666666666667,1
153,RealTimeInference,205,RegionB,RegionB,5,20,205,206.866666666667,1.86666666666667,4,0.32,0,0,0
194,BatchInference,208,RegionD,RegionD,5,80,214,216.066666666667,2.06666666666667,13,1.3,6,0,0
196,BatchInference,180,RegionA,RegionD,65,80,192,198.416666666667,6.41666666666667,21,2.1,12,134.75,1
242,BatchInference,181,RegionA,RegionD,65,80,192,197.35,5.35,20,2,11,107,1
287,BatchInference,205,RegionE,RegionD,22,80,211,215.4,4.4,20,2,6,88,1
336,RealTimeInference,205,RegionA,RegionB,12,20,205,205.566666666667,0.566666666666667,5,0.4,0,2.83333333333333,1
434,RealTimeInference,210,RegionA,RegionB,12,20,210,211.65,1.65,4,0.32,0,6.6,1
604,AITraining,200,RegionD,RegionB,60,150,207,212.383333333333,5.38333333333333,20,3.2,7,107.666666666667,1
728,AITraining,210,RegionC,RegionC,5,150,215,218.066666666667,3.06666666666667,122,19.52,5,0,0
757,RealTimeInference,203,RegionB,RegionB,5,20,203,208.216666666667,5.21666666666667,6,0.48,0,0,0
782,AITraining,173,RegionD,RegionA,65,150,192,197.75,5.75,38,6.08,19,218.5,1
845,AITraining,214,RegionF,RegionB,79,150,214,216.416666666667,2.41666666666667,31,4.96,0,74.9166666666667,1
1083,RealTimeInference,207,RegionA,RegionA,5,20,207,211.866666666667,4.86666666666667,3,0.24,0,0,0
1097,BatchInference,199,RegionB,RegionB,5,80,199,201.716666666667,2.71666666666667,23,2.3,0,0,0
1141,AITraining,210,RegionB,RegionC,14,150,210,214.916666666667,4.91666666666667,51,8.16,0,250.75,1
1188,RealTimeInference,207,RegionA,RegionA,5,20,207,210.2,3.2,3,0.24,0,0,0
1307,BatchInference,199,RegionB,RegionB,5,80,199,199.733333333333,0.733333333333333,4,0.4,0,0,0
1367,BatchInference,187,RegionC,RegionF,76,80,202,203.966666666667,1.96666666666667,4,0.4,15,7.86666666666667,1
1388,RealTimeInference,198,RegionC,RegionA,15,20,198,199.883333333333,1.88333333333333,7,0.56,0,13.1833333333333,1
1676,BatchInference,198,RegionD,RegionC,58,80,198,202.233333333333,4.23333333333333,19,1.9,0,80.4333333333333,1
1802,AITraining,188,RegionF,RegionD,25,150,206,210.066666666667,4.06666666666667,61,9.76,18,248.066666666667,1
1859,AITraining,200,RegionE,RegionD,22,150,206,209.85,3.85,107,17.12,6,411.95,1
1999,RealTimeInference,203,RegionC,RegionB,14,20,203,205.8,2.8,7,0.56,0,19.6,1
2219,AITraining,199,RegionD,RegionC,58,150,199,199.65,0.65,120,19.2,0,78,1
2220,AITraining,196,RegionE,RegionD,22,150,196,199.533333333333,3.53333333333333,45,7.2,0,159,1
2283,BatchInference,188,RegionA,RegionD,65,80,192,197.783333333333,5.78333333333333,21,2.1,4,121.45,1
2347,AITraining,198,RegionF,RegionA,82,150,198,198.366666666667,0.366666666666667,17,2.72,0,6.23333333333333,1
2394,AITraining,192,RegionB,RegionD,60,150,199,205.566666666667,6.56666666666667,86,13.76,7,564.733333333333,1
2669,AITraining,213,RegionA,RegionB,12,150,213,216.3,3.3,31,4.96,0,102.3,1
2791,AITraining,195,RegionE,RegionD,22,150,195,199.8,4.8,37,5.92,0,177.6,1
3063,RealTimeInference,206,RegionA,RegionB,12,20,206,208.3,2.3,3,0.24,0,6.9,1
3096,BatchInference,183,RegionA,RegionD,65,80,192,198.133333333333,6.13333333333333,6,0.6,9,36.8,1
3210,AITraining,201,RegionD,RegionD,5,150,208,210.266666666667,2.26666666666667,113,18.08,7,0,0
3244,RealTimeInference,210,RegionC,RegionA,15,20,210,216.516666666667,6.51666666666667,5,0.4,0,32.5833333333333,1
3262,RealTimeInference,200,RegionB,RegionB,5,20,200,205.833333333333,5.83333333333333,5,0.4,0,0,0
3390,AITraining,206,RegionF,RegionA,82,150,206,212.25,6.25,46,7.36,0,287.5,1
3522,AITraining,211,RegionB,RegionC,14,150,211,214.566666666667,3.56666666666667,23,3.68,0,82.0333333333333,1
3548,RealTimeInference,215,RegionA,RegionB,12,20,215,219.166666666667,4.16666666666667,5,0.4,0,20.8333333333333,1
3664,AITraining,204,RegionE,RegionB,74,150,204,209.8,5.8,70,11.2,0,406,1
3853,BatchInference,193,RegionC,RegionD,58,80,193,194.65,1.65,20,2,0,33,1
4369,BatchInference,179,RegionA,RegionD,65,80,204,206.016666666667,2.01666666666667,22,2.2,25,44.3666666666667,1
4410,AITraining,195,RegionD,RegionD,5,150,195,198.783333333333,3.78333333333333,119,19.04,0,0,0
4501,AITraining,192,RegionD,RegionD,5,150,206,210.316666666667,4.31666666666667,16,2.56,14,0,0
4516,AITraining,206,RegionE,RegionC,70,150,206,211.766666666667,5.76666666666667,89,14.24,0,513.233333333333,1
4788,BatchInference,212,RegionA,RegionD,65,80,212,216.95,4.95,6,0.6,0,29.7,1
4826,AITraining,213,RegionF,RegionC,76,150,213,213.75,0.75,25,4,0,18.75,1
4887,BatchInference,179,RegionA,RegionD,65,80,210,212.45,2.45,20,2,31,49,1
5050,AITraining,178,RegionF,RegionA,82,150,206,209.433333333333,3.43333333333333,87,13.92,28,298.7,1
5091,AITraining,195,RegionD,RegionC,58,150,203,205.516666666667,2.51666666666667,58,9.28,8,145.966666666667,1
5095,BatchInference,214,RegionE,RegionD,22,80,214,215.266666666667,1.26666666666667,15,1.5,0,19,1
5402,RealTimeInference,214,RegionC,RegionC,5,20,214,214.883333333333,0.883333333333333,1,0.08,0,0,0
5547,AITraining,173,RegionF,RegionD,25,150,206,210.15,4.15,38,6.08,33,157.7,1
5633,RealTimeInference,208,RegionC,RegionB,14,20,208,208.416666666667,0.416666666666667,5,0.4,0,2.08333333333333,1
5640,BatchInference,211,RegionF,RegionD,25,80,211,216.25,5.25,10,1,0,52.5,1
5686,BatchInference,186,RegionF,RegionD,25,80,192,198.65,6.65,5,0.5,6,33.25,1
5711,BatchInference,211,RegionE,RegionD,22,80,211,215.5,4.5,8,0.8,0,36,1
5900,RealTimeInference,196,RegionB,RegionC,14,20,196,202.15,6.15,2,0.16,0,12.3,1
6103,BatchInference,211,RegionC,RegionD,58,80,211,211.333333333333,0.333333333333333,4,0.4,0,1.33333333333333,1
6190,BatchInference,191,RegionE,RegionD,22,80,192,198.616666666667,6.61666666666667,4,0.4,1,26.4666666666667,1
6212,AITraining,192,RegionC,RegionD,58,150,210,213.066666666667,3.06666666666667,93,14.88,18,285.2,1
6227,RealTimeInference,196,RegionB,RegionA,12,20,196,197.283333333333,1.28333333333333,2,0.16,0,2.56666666666667,1
6291,RealTimeInference,204,RegionA,RegionA,5,20,204,208.7,4.7,6,0.48,0,0,0
6611,AITraining,187,RegionF,RegionB,79,150,206,209.95,3.95,24,3.84,19,94.8,1
6657,AITraining,214,RegionF,RegionE,18,150,214,218.75,4.75,105,16.8,0,498.75,1
6702,RealTimeInference,203,RegionC,RegionB,14,20,203,207.266666666667,4.26666666666667,3,0.24,0,12.8,1
6704,AITraining,157,RegionC,RegionD,58,150,210,212.833333333333,2.83333333333333,72,11.52,53,204,1
6810,BatchInference,197,RegionB,RegionD,60,80,205,205.183333333333,0.183333333333333,18,1.8,8,3.3,1
6921,RealTimeInference,201,RegionA,RegionB,12,20,201,203.166666666667,2.16666666666667,6,0.48,0,13,1
7129,BatchInference,182,RegionF,RegionD,25,80,210,213.25,3.25,17,1.7,28,55.25,1
7286,BatchInference,198,RegionE,RegionC,70,80,198,201.416666666667,3.41666666666667,4,0.4,0,13.6666666666667,1
7290,BatchInference,205,RegionC,RegionD,58,80,211,213.583333333333,2.58333333333333,5,0.5,6,12.9166666666667,1
7329,AITraining,200,RegionD,RegionA,65,150,207,211.283333333333,4.28333333333333,23,3.68,7,98.5166666666667,1
7335,AITraining,187,RegionD,RegionD,5,150,199,205.45,6.45,22,3.52,12,0,0
7533,AITraining,209,RegionE,RegionE,5,150,215,217.016666666667,2.01666666666667,92,14.72,6,0,0
7643,BatchInference,196,RegionB,RegionC,14,80,196,200.683333333333,4.68333333333333,8,0.8,0,37.4666666666667,1
7696,BatchInference,201,RegionB,RegionF,79,80,208,210.416666666667,2.41666666666667,15,1.5,7,36.25,1
7785,AITraining,196,RegionF,RegionD,25,150,196,199.233333333333,3.23333333333333,99,15.84,0,320.1,1
8106,AITraining,196,RegionF,RegionC,76,150,204,206.15,2.15,20,3.2,8,43,1
8314,RealTimeInference,213,RegionB,RegionB,5,20,213,215.566666666667,2.56666666666667,2,0.16,0,0,0
8364,RealTimeInference,204,RegionA,RegionA,5,20,204,205.266666666667,1.26666666666667,6,0.48,0,0,0
8511,RealTimeInference,214,RegionB,RegionB,5,20,214,219.383333333333,5.38333333333333,3,0.24,0,0,0
8546,RealTimeInference,214,RegionE,RegionF,18,20,214,214.833333333333,0.833333333333333,1,0.08,0,0.833333333333333,1
8604,AITraining,204,RegionF,RegionB,79,150,204,210.35,6.35,74,11.84,0,469.9,1
8635,AITraining,180,RegionE,RegionD,22,150,201,206.1,5.1,102,16.32,21,520.2,1
8646,RealTimeInference,193,RegionA,RegionB,12,20,193,195.983333333333,2.98333333333333,1,0.08,0,2.98333333333333,1
8744,AITraining,199,RegionC,RegionC,5,150,199,200.433333333333,1.43333333333333,97,15.52,0,0,0
8820,BatchInference,175,RegionD,RegionD,5,80,210,212.816666666667,2.81666666666667,7,0.7,35,0,0
8990,AITraining,213,RegionE,RegionB,74,150,213,213.65,0.65,28,4.48,0,18.2,1
9054,BatchInference,210,RegionC,RegionD,58,80,210,216.366666666667,6.36666666666667,9,0.9,0,57.3,1
9244,BatchInference,182,RegionB,RegionD,60,80,210,213.416666666667,3.41666666666667,17,1.7,28,58.0833333333333,1
9261,BatchInference,195,RegionF,RegionB,79,80,195,199.083333333333,4.08333333333333,17,1.7,0,69.4166666666667,1
9266,AITraining,209,RegionE,RegionA,78,150,209,214.75,5.75,88,14.08,0,506,1
9343,BatchInference,159,RegionC,RegionD,58,80,204,206.15,2.15,16,1.6,45,34.4,1
9365,RealTimeInference,201,RegionC,RegionC,5,20,201,201.366666666667,0.366666666666667,1,0.08,0,0,0
9419,AITraining,190,RegionA,RegionD,65,150,199,205.15,6.15,63,10.08,9,387.45,1
9596,RealTimeInference,207,RegionA,RegionA,5,20,207,211.233333333333,4.23333333333333,2,0.16,0,0,0
9646,RealTimeInference,200,RegionC,RegionA,15,20,200,204.466666666667,4.46666666666667,5,0.4,0,22.3333333333333,1
9741,AITraining,197,RegionC,RegionD,58,150,197,201.4,4.4,47,7.52,0,206.8,1
9793,BatchInference,149,RegionA,RegionD,65,80,210,211.05,1.05,4,0.4,61,4.2,1
9843,AITraining,194,RegionE,RegionD,22,150,194,199.05,5.05,49,7.84,0,247.45,1
9926,RealTimeInference,196,RegionA,RegionC,15,20,196,199.533333333333,3.53333333333333,6,0.48,0,21.2,1
9953,BatchInference,195,RegionC,RegionD,58,80,195,198.2,3.2,7,0.7,0,22.4,1
10147,RealTimeInference,192,RegionA,RegionA,5,20,192,198.533333333333,6.53333333333333,1,0.08,0,0,0
10607,AITraining,204,RegionD,RegionA,65,150,204,206.333333333333,2.33333333333333,114,18.24,0,266,1
10608,BatchInference,176,RegionB,RegionD,60,80,210,213.25,3.25,4,0.4,34,13,1
10614,BatchInference,180,RegionB,RegionF,79,80,204,208.833333333333,4.83333333333333,19,1.9,24,91.8333333333333,1
10625,AITraining,185,RegionF,RegionC,76,150,192,193.716666666667,1.71666666666667,87,13.92,7,149.35,1
10719,AITraining,182,RegionD,RegionD,5,150,210,213.033333333333,3.03333333333333,40,6.4,28,0,0
10734,RealTimeInference,201,RegionB,RegionB,5,20,201,206.266666666667,5.26666666666667,6,0.48,0,0,0
10739,RealTimeInference,192,RegionA,RegionC,15,20,192,196.85,4.85,4,0.32,0,19.4,1
10745,BatchInference,204,RegionA,RegionD,65,80,211,215.05,4.05,15,1.5,7,60.75,1
10810,AITraining,196,RegionC,RegionD,58,150,196,197.233333333333,1.23333333333333,66,10.56,0,81.4,1
10820,BatchInference,193,RegionD,RegionD,5,80,193,194.45,1.45,19,1.9,0,0,0
10909,AITraining,202,RegionD,RegionD,5,150,209,209.733333333333,0.733333333333333,70,11.2,7,0,0
10951,AITraining,188,RegionE,RegionD,22,150,199,205.483333333333,6.48333333333333,28,4.48,11,181.533333333333,1
11035,RealTimeInference,203,RegionB,RegionA,12,20,203,204.35,1.35,2,0.16,0,2.7,1
11123,AITraining,194,RegionF,RegionD,25,150,203,203.65,0.65,118,18.88,9,76.7,1
11127,AITraining,205,RegionD,RegionA,65,150,205,205.366666666667,0.366666666666667,83,13.28,0,30.4333333333333,1
11243,AITraining,190,RegionC,RegionB,14,150,206,208.1,2.1,110,17.6,16,231,1
11262,BatchInference,190,RegionA,RegionD,65,80,210,211.866666666667,1.86666666666667,16,1.6,20,29.8666666666667,1
11298,AITraining,206,RegionE,RegionB,74,150,212,214.833333333333,2.83333333333333,35,5.6,6,99.1666666666667,1
11516,AITraining,191,RegionE,RegionD,22,150,206,209.95,3.95,85,13.6,15,335.75,1
11563,RealTimeInference,200,RegionD,RegionD,5,20,200,200.5,0.5,1,0.08,0,0,0
11697,RealTimeInference,204,RegionA,RegionB,12,20,204,209.25,5.25,1,0.08,0,5.25,1
11726,RealTimeInference,202,RegionC,RegionB,14,20,202,202.783333333333,0.783333333333333,7,0.56,0,5.48333333333333,1
11760,RealTimeInference,195,RegionE,RegionE,5,20,195,198.05,3.05,5,0.4,0,0,0
11813,BatchInference,196,RegionA,RegionA,5,80,196,200.15,4.15,20,2,0,0,0
11899,BatchInference,204,RegionA,RegionD,65,80,211,214.116666666667,3.11666666666667,20,2,7,62.3333333333333,1
11926,BatchInference,204,RegionB,RegionD,60,80,211,211.883333333333,0.883333333333333,16,1.6,7,14.1333333333333,1
12216,RealTimeInference,193,RegionB,RegionB,5,20,193,195.45,2.45,6,0.48,0,0,0
12230,AITraining,212,RegionE,RegionC,70,150,212,217.1,5.1,63,10.08,0,321.3,1
12304,AITraining,193,RegionF,RegionF,5,150,193,194.9,1.9,103,16.48,0,0,0
12370,RealTimeInference,197,RegionD,RegionD,5,20,197,200.816666666667,3.81666666666667,7,0.56,0,0,0
12394,AITraining,210,RegionE,RegionE,5,150,215,215.65,0.65,77,12.32,5,0,0
12604,AITraining,211,RegionE,RegionB,74,150,211,215.15,4.15,58,9.28,0,240.7,1
12609,RealTimeInference,205,RegionB,RegionB,5,20,205,205.433333333333,0.433333333333333,7,0.56,0,0,0
12711,RealTimeInference,206,RegionD,RegionD,5,20,206,212.65,6.65,6,0.48,0,0,0
12960,AITraining,208,RegionF,RegionD,25,150,214,214.716666666667,0.716666666666667,51,8.16,6,36.55,1
13099,BatchInference,204,RegionA,RegionD,65,80,211,214.283333333333,3.28333333333333,12,1.2,7,39.4,1
13220,AITraining,195,RegionE,RegionD,22,150,203,204.783333333333,1.78333333333333,43,6.88,8,76.6833333333333,1
13633,AITraining,212,RegionD,RegionC,58,150,212,216.283333333333,4.28333333333333,82,13.12,0,351.233333333333,1
13738,RealTimeInference,206,RegionB,RegionA,12,20,206,211.133333333333,5.13333333333333,2,0.16,0,10.2666666666667,1
13763,RealTimeInference,200,RegionA,RegionC,15,20,200,201.066666666667,1.06666666666667,3,0.24,0,3.2,1
13774,BatchInference,203,RegionF,RegionC,76,80,203,203.883333333333,0.883333333333333,12,1.2,0,10.6,1
13825,RealTimeInference,212,RegionC,RegionB,14,20,212,215.816666666667,3.81666666666667,7,0.56,0,26.7166666666667,1
14298,AITraining,198,RegionF,RegionD,25,150,198,202.85,4.85,29,4.64,0,140.65,1
14447,RealTimeInference,192,RegionB,RegionC,14,20,192,197.116666666667,5.11666666666667,3,0.24,0,15.35,1
14473,AITraining,174,RegionE,RegionD,22,150,206,210.466666666667,4.46666666666667,91,14.56,32,406.466666666667,1
14488,BatchInference,210,RegionE,RegionD,22,80,215,215.916666666667,0.916666666666667,8,0.8,5,7.33333333333333,1
14889,RealTimeInference,194,RegionE,RegionE,5,20,194,196.816666666667,2.81666666666667,7,0.56,0,0,0
14945,BatchInference,196,RegionC,RegionA,15,80,196,197.95,1.95,17,1.7,0,33.15,1
15082,AITraining,200,RegionD,RegionA,65,150,207,212.2,5.2,35,5.6,7,182,1
15088,AITraining,198,RegionD,RegionD,5,150,198,202.5,4.5,19,3.04,0,0,0
15355,RealTimeInference,200,RegionF,RegionF,5,20,200,204.266666666667,4.26666666666667,2,0.16,0,0,0
15389,AITraining,199,RegionD,RegionB,60,150,199,200.466666666667,1.46666666666667,61,9.76,0,89.4666666666667,1
15499,RealTimeInference,196,RegionE,RegionF,18,20,196,198.133333333333,2.13333333333333,4,0.32,0,8.53333333333333,1
15504,AITraining,212,RegionE,RegionA,78,150,212,214.8,2.8,21,3.36,0,58.8,1
15535,BatchInference,205,RegionC,RegionD,58,80,211,213.4,2.4,22,2.2,6,52.8,1
15599,AITraining,214,RegionD,RegionA,65,150,214,217.466666666667,3.46666666666667,84,13.44,0,291.2,1
15610,AITraining,207,RegionF,RegionC,76,150,207,210.983333333333,3.98333333333333,37,5.92,0,147.383333333333,1
15833,RealTimeInference,209,RegionC,RegionA,15,20,209,212.15,3.15,3,0.24,0,9.45,1
15965,AITraining,194,RegionF,RegionD,25,150,194,199.766666666667,5.76666666666667,41,6.56,0,236.433333333333,1
15979,RealTimeInference,198,RegionA,RegionA,5,20,198,199.633333333333,1.63333333333333,2,0.16,0,0,0
16149,RealTimeInference,193,RegionA,RegionB,12,20,193,193.816666666667,0.816666666666667,2,0.16,0,1.63333333333333,1
16198,RealTimeInference,215,RegionB,RegionB,5,20,215,220.133333333333,5.13333333333333,2,0.16,0,0,0
16417,RealTimeInference,211,RegionC,RegionB,14,20,211,216.8,5.8,2,0.16,0,11.6,1
16432,AITraining,195,RegionD,RegionD,5,150,195,199.083333333333,4.08333333333333,79,12.64,0,0,0
16861,AITraining,174,RegionE,RegionD,22,150,210,213.1,3.1,102,16.32,36,316.2,1
16924,RealTimeInference,195,RegionA,RegionA,5,20,195,197.866666666667,2.86666666666667,3,0.24,0,0,0
16956,BatchInference,181,RegionA,RegionD,65,80,204,208.383333333333,4.38333333333333,18,1.8,23,78.9,1
17018,RealTimeInference,193,RegionB,RegionC,14,20,193,197.633333333333,4.63333333333333,1,0.08,0,4.63333333333333,1
17031,AITraining,211,RegionD,RegionB,60,150,211,216.816666666667,5.81666666666667,68,10.88,0,395.533333333333,1
17113,AITraining,202,RegionA,RegionB,12,150,202,206.3,4.3,68,10.88,0,292.4,1
17175,BatchInference,192,RegionC,RegionD,58,80,210,213.133333333333,3.13333333333333,8,0.8,18,25.0666666666667,1
17238,RealTimeInference,209,RegionA,RegionA,5,20,209,214.566666666667,5.56666666666667,3,0.24,0,0,0
17305,AITraining,198,RegionD,RegionD,5,150,198,202.1,4.1,18,2.88,0,0,0
17393,BatchInference,200,RegionD,RegionC,58,80,200,200.683333333333,0.683333333333333,16,1.6,0,10.9333333333333,1
17467,BatchInference,207,RegionF,RegionD,25,80,207,209.116666666667,2.11666666666667,8,0.8,0,16.9333333333333,1
17469,AITraining,204,RegionD,RegionC,58,150,204,210.466666666667,6.46666666666667,45,7.2,0,291,1
17571,BatchInference,197,RegionE,RegionB,74,80,197,198.366666666667,1.36666666666667,17,1.7,0,23.2333333333333,1
17580,AITraining,214,RegionD,RegionC,58,150,214,215.1,1.1,24,3.84,0,26.4,1
17842,BatchInference,157,RegionA,RegionD,65,80,204,206.033333333333,2.03333333333333,13,1.3,47,26.4333333333333,1
17998,RealTimeInference,196,RegionD,RegionD,5,20,196,200.183333333333,4.18333333333333,1,0.08,0,0,0
18010,RealTimeInference,192,RegionC,RegionB,14,20,192,197.916666666667,5.91666666666667,1,0.08,0,5.91666666666667,1
18016,AITraining,209,RegionE,RegionB,74,150,209,211.683333333333,2.68333333333333,45,7.2,0,120.75,1
18128,AITraining,175,RegionE,RegionD,22,150,206,210.216666666667,4.21666666666667,34,5.44,31,143.366666666667,1
18170,AITraining,195,RegionC,RegionD,58,150,195,200.45,5.45,65,10.4,0,354.25,1
18428,BatchInference,209,RegionC,RegionD,58,80,215,215.783333333333,0.783333333333333,13,1.3,6,10.1833333333333,1
18629,AITraining,190,RegionC,RegionD,58,150,206,209.933333333333,3.93333333333333,97,15.52,16,381.533333333333,1
18878,AITraining,193,RegionB,RegionB,5,150,193,195.05,2.05,19,3.04,0,0,0
18992,AITraining,207,RegionD,RegionC,58,150,207,213.416666666667,6.41666666666667,72,11.52,0,462,1
19652,RealTimeInference,213,RegionA,RegionA,5,20,213,218.883333333333,5.88333333333333,1,0.08,0,0,0
19674,BatchInference,196,RegionC,RegionA,15,80,196,200.133333333333,4.13333333333333,20,2,0,82.6666666666667,1
19697,AITraining,198,RegionF,RegionD,25,150,198,201.9,3.9,23,3.68,0,89.7,1
19721,AITraining,142,RegionE,RegionD,22,150,200,205.85,5.85,110,17.6,58,643.5,1
19764,BatchInference,188,RegionA,RegionD,65,80,192,197.083333333333,5.08333333333333,21,2.1,4,106.75,1
20395,AITraining,208,RegionD,RegionA,65,150,214,214.683333333333,0.683333333333333,37,5.92,6,25.2833333333333,1
20543,BatchInference,203,RegionF,RegionC,76,80,203,203.216666666667,0.216666666666667,13,1.3,0,2.81666666666667,1
20552,AITraining,195,RegionD,RegionA,65,150,203,203.4,0.4,127,20.32,8,50.8,1
20654,RealTimeInference,204,RegionC,RegionA,15,20,204,205.233333333333,1.23333333333333,6,0.48,0,7.4,1
20734,RealTimeInference,200,RegionA,RegionC,15,20,200,201.2,1.2,7,0.56,0,8.4,1
20912,AITraining,203,RegionD,RegionD,5,150,203,204.25,1.25,125,20,0,0,0
20913,AITraining,207,RegionD,RegionC,58,150,207,212.483333333333,5.48333333333333,18,2.88,0,98.7,1
20973,RealTimeInference,211,RegionB,RegionB,5,20,211,212.3,1.3,6,0.48,0,0,0
21029,AITraining,212,RegionF,RegionA,82,150,212,218.316666666667,6.31666666666667,43,6.88,0,271.616666666667,1
21057,BatchInference,162,RegionB,RegionD,60,80,210,213.016666666667,3.01666666666667,20,2,48,60.3333333333333,1
21190,RealTimeInference,193,RegionB,RegionB,5,20,193,195.85,2.85,5,0.4,0,0,0
21414,RealTimeInference,199,RegionC,RegionB,14,20,199,201.516666666667,2.51666666666667,2,0.16,0,5.03333333333333,1
21536,BatchInference,211,RegionB,RegionD,60,80,211,213.533333333333,2.53333333333333,23,2.3,0,58.2666666666667,1
21580,RealTimeInference,192,RegionF,RegionE,18,20,192,194.266666666667,2.26666666666667,6,0.48,0,13.6,1
21635,BatchInference,214,RegionB,RegionC,14,80,214,214.866666666667,0.866666666666667,5,0.5,0,4.33333333333333,1
21695,RealTimeInference,208,RegionB,RegionA,12,20,208,211.45,3.45,1,0.08,0,3.45,1
21851,AITraining,199,RegionD,RegionD,5,150,199,202.95,3.95,117,18.72,0,0,0
21931,AITraining,208,RegionE,RegionA,78,150,208,214.233333333333,6.23333333333333,118,18.88,0,735.533333333333,1
21937,AITraining,207,RegionD,RegionB,60,150,207,210.65,3.65,29,4.64,0,105.85,1
21946,AITraining,177,RegionF,RegionD,25,150,206,211.433333333333,5.43333333333333,46,7.36,29,249.933333333333,1
21978,AITraining,192,RegionE,RegionB,74,150,210,213.316666666667,3.31666666666667,48,7.68,18,159.2,1
22446,RealTimeInference,194,RegionA,RegionB,12,20,194,195.116666666667,1.11666666666667,3,0.24,0,3.35,1
22619,BatchInference,197,RegionB,RegionB,5,80,197,203.016666666667,6.01666666666667,14,1.4,0,0,0
22633,AITraining,197,RegionE,RegionD,22,150,197,201.533333333333,4.53333333333333,17,2.72,0,77.0666666666667,1
22653,RealTimeInference,206,RegionB,RegionA,12,20,206,212.3,6.3,2,0.16,0,12.6,1
22658,RealTimeInference,201,RegionA,RegionB,12,20,201,207.6,6.6,2,0.16,0,13.2,1
22801,AITraining,208,RegionC,RegionD,58,150,208,210.366666666667,2.36666666666667,51,8.16,0,120.7,1
22876,AITraining,201,RegionE,RegionA,78,150,206,211.816666666667,5.81666666666667,19,3.04,5,110.516666666667,1
22993,AITraining,205,RegionD,RegionC,58,150,205,209.9,4.9,81,12.96,0,396.9,1
23004,AITraining,199,RegionB,RegionB,5,150,199,199.333333333333,0.333333333333333,90,14.4,0,0,0
23007,AITraining,211,RegionE,RegionC,70,150,211,213.7,2.7,46,7.36,0,124.2,1
23152,BatchInference,211,RegionD,RegionD,5,80,211,213,2,7,0.7,0,0,0
23210,RealTimeInference,209,RegionB,RegionA,12,20,209,211.383333333333,2.38333333333333,6,0.48,0,14.3,1
23284,AITraining,179,RegionF,RegionD,25,150,210,213.316666666667,3.31666666666667,19,3.04,31,63.0166666666667,1
23360,BatchInference,193,RegionB,RegionD,60,80,193,198.4,5.4,13,1.3,0,70.2,1
23387,RealTimeInference,212,RegionB,RegionC,14,20,212,214.916666666667,2.91666666666667,7,0.56,0,20.4166666666667,1
23480,RealTimeInference,209,RegionB,RegionB,5,20,209,214.15,5.15,6,0.48,0,0,0
23732,AITraining,197,RegionB,RegionE,74,150,197,199.516666666667,2.51666666666667,111,17.76,0,279.35,1
23753,RealTimeInference,211,RegionA,RegionA,5,20,211,217.633333333333,6.63333333333333,1,0.08,0,0,0
23850,AITraining,204,RegionB,RegionC,14,150,204,205.266666666667,1.26666666666667,57,9.12,0,72.2,1
23929,AITraining,211,RegionB,RegionA,12,150,211,215.883333333333,4.88333333333333,60,9.6,0,293,1
23957,AITraining,175,RegionD,RegionD,5,150,210,213.1,3.1,50,8,35,0,0
23991,BatchInference,196,RegionD,RegionC,58,80,196,201.55,5.55,23,2.3,0,127.65,1
24015,AITraining,206,RegionD,RegionB,60,150,212,216.333333333333,4.33333333333333,64,10.24,6,277.333333333333,1
24081,RealTimeInference,203,RegionA,RegionB,12,20,203,207.216666666667,4.21666666666667,5,0.4,0,21.0833333333333,1
24175,BatchInference,205,RegionD,RegionD,5,80,211,214.166666666667,3.16666666666667,12,1.2,6,0,0
24666,RealTimeInference,213,RegionB,RegionB,5,20,213,213.5,0.5,1,0.08,0,0,0
24711,BatchInference,158,RegionB,RegionD,60,80,210,213.4,3.4,4,0.4,52,13.6,1
24727,RealTimeInference,199,RegionC,RegionC,5,20,199,201.333333333333,2.33333333333333,3,0.24,0,0,0
24780,AITraining,179,RegionF,RegionB,79,150,192,197.766666666667,5.76666666666667,21,3.36,13,121.1,1
24887,AITraining,186,RegionC,RegionB,14,150,192,197.583333333333,5.58333333333333,74,11.84,6,413.166666666667,1
24933,AITraining,203,RegionD,RegionA,65,150,203,206.283333333333,3.28333333333333,63,10.08,0,206.85,1
25169,RealTimeInference,200,RegionA,RegionA,5,20,200,203.383333333333,3.38333333333333,6,0.48,0,0,0
25419,BatchInference,190,RegionB,RegionD,60,80,192,198.483333333333,6.48333333333333,20,2,2,129.666666666667,1
25491,AITraining,181,RegionD,RegionC,58,150,206,211.5,5.5,108,17.28,25,594,1
25592,AITraining,194,RegionE,RegionC,70,150,194,199.933333333333,5.93333333333333,85,13.6,0,504.333333333333,1
25650,AITraining,193,RegionD,RegionA,65,150,202,206.266666666667,4.26666666666667,17,2.72,9,72.5333333333333,1
25714,AITraining,195,RegionD,RegionD,5,150,195,198.716666666667,3.71666666666667,98,15.68,0,0,0
25715,BatchInference,204,RegionB,RegionD,60,80,211,215.866666666667,4.86666666666667,10,1,7,48.6666666666667,1
25770,AITraining,198,RegionF,RegionD,25,150,198,198.733333333333,0.733333333333333,114,18.24,0,83.6,1
25842,BatchInference,206,RegionD,RegionD,5,80,212,212.416666666667,0.416666666666667,5,0.5,6,0,0
25881,AITraining,182,RegionE,RegionC,70,150,210,213.316666666667,3.31666666666667,85,13.6,28,281.916666666667,1
25988,RealTimeInference,214,RegionF,RegionF,5,20,214,214.85,0.85,6,0.48,0,0,0
25997,RealTimeInference,192,RegionB,RegionA,12,20,192,197.266666666667,5.26666666666667,6,0.48,0,31.6,1
26058,RealTimeInference,203,RegionC,RegionB,14,20,203,208.216666666667,5.21666666666667,3,0.24,0,15.65,1
26307,RealTimeInference,206,RegionB,RegionA,12,20,206,212.333333333333,6.33333333333333,6,0.48,0,38,1
26324,AITraining,199,RegionD,RegionD,5,150,199,204.483333333333,5.48333333333333,83,13.28,0,0,0
26380,AITraining,197,RegionF,RegionD,25,150,197,202.95,5.95,36,5.76,0,214.2,1
26396,BatchInference,204,RegionA,RegionD,65,80,211,211.45,0.45,16,1.6,7,7.2,1
26683,BatchInference,198,RegionF,RegionC,76,80,198,201.55,3.55,12,1.2,0,42.6,1
26713,AITraining,204,RegionE,RegionB,74,150,204,209,5,52,8.32,0,260,1
26786,RealTimeInference,203,RegionB,RegionA,12,20,203,205.683333333333,2.68333333333333,1,0.08,0,2.68333333333333,1
26847,BatchInference,195,RegionF,RegionB,79,80,203,204.033333333333,1.03333333333333,6,0.6,8,6.2,1
27078,RealTimeInference,212,RegionA,RegionA,5,20,212,217,5,4,0.32,0,0,0
27192,RealTimeInference,208,RegionB,RegionB,5,20,208,212.75,4.75,1,0.08,0,0,0
27224,BatchInference,205,RegionC,RegionD,58,80,211,212.733333333333,1.73333333333333,13,1.3,6,22.5333333333333,1
27261,RealTimeInference,215,RegionA,RegionB,12,20,215,216.05,1.05,3,0.24,0,3.15,1
27488,BatchInference,195,RegionD,RegionB,60,80,195,199.966666666667,4.96666666666667,7,0.7,0,34.7666666666667,1
27606,BatchInference,197,RegionD,RegionB,60,80,197,202.983333333333,5.98333333333333,19,1.9,0,113.683333333333,1
27899,BatchInference,179,RegionB,RegionD,60,80,204,206.15,2.15,20,2,25,43,1
28109,BatchInference,211,RegionB,RegionD,60,80,211,216.566666666667,5.56666666666667,4,0.4,0,22.2666666666667,1
28265,AITraining,159,RegionC,RegionA,15,150,206,208.05,2.05,69,11.04,47,141.45,1
28651,BatchInference,196,RegionF,RegionC,76,80,196,196.966666666667,0.966666666666667,23,2.3,0,22.2333333333333,1
28661,BatchInference,197,RegionC,RegionC,5,80,197,201.216666666667,4.21666666666667,8,0.8,0,0,0
28665,AITraining,173,RegionC,RegionD,58,150,199,205.116666666667,6.11666666666667,68,10.88,26,415.933333333333,1
28729,BatchInference,196,RegionE,RegionC,70,80,196,198.866666666667,2.86666666666667,20,2,0,57.3333333333333,1
28757,AITraining,174,RegionC,RegionD,58,150,199,205.233333333333,6.23333333333333,90,14.4,25,561,1
28931,RealTimeInference,201,RegionC,RegionA,15,20,201,205.066666666667,4.06666666666667,4,0.32,0,16.2666666666667,1
29134,AITraining,193,RegionE,RegionD,22,150,193,198.166666666667,5.16666666666667,76,12.16,0,392.666666666667,1
29305,RealTimeInference,206,RegionC,RegionB,14,20,206,208.5,2.5,1,0.08,0,2.5,1
29437,BatchInference,201,RegionE,RegionD,22,80,204,206.083333333333,2.08333333333333,16,1.6,3,33.3333333333333,1
29493,BatchInference,214,RegionB,RegionD,60,80,214,219.166666666667,5.16666666666667,10,1,0,51.6666666666667,1
29520,BatchInference,192,RegionC,RegionD,58,80,210,213.2,3.2,5,0.5,18,16,1
29619,RealTimeInference,206,RegionB,RegionB,5,20,206,210.166666666667,4.16666666666667,4,0.32,0,0,0
29687,RealTimeInference,208,RegionD,RegionD,5,20,208,211.433333333333,3.43333333333333,6,0.48,0,0,0
29688,RealTimeInference,202,RegionA,RegionA,5,20,202,203.066666666667,1.06666666666667,1,0.08,0,0,0
29744,BatchInference,205,RegionD,RegionD,5,80,211,214.883333333333,3.88333333333333,9,0.9,6,0,0
29960,BatchInference,195,RegionC,RegionA,15,80,203,204.1,1.1,10,1,8,11,1
30011,BatchInference,204,RegionB,RegionD,60,80,211,215.466666666667,4.46666666666667,4,0.4,7,17.8666666666667,1
30014,RealTimeInference,215,RegionC,RegionA,15,20,215,221.266666666667,6.26666666666667,7,0.56,0,43.8666666666667,1
30050,BatchInference,200,RegionB,RegionD,60,80,204,205.933333333333,1.93333333333333,8,0.8,4,15.4666666666667,1
30062,AITraining,173,RegionB,RegionA,12,150,206,211.583333333333,5.58333333333333,78,12.48,33,435.5,1
30120,AITraining,214,RegionF,RegionC,76,150,214,216.2,2.2,113,18.08,0,248.6,1
30153,RealTimeInference,213,RegionE,RegionF,18,20,213,216.116666666667,3.11666666666667,2,0.16,0,6.23333333333333,1
30266,AITraining,180,RegionD,RegionC,58,150,192,193.633333333333,1.63333333333333,80,12.8,12,130.666666666667,1
30307,AITraining,197,RegionD,RegionB,60,150,197,199.4,2.4,33,5.28,0,79.2,1
30380,RealTimeInference,206,RegionB,RegionA,12,20,206,212.166666666667,6.16666666666667,3,0.24,0,18.5,1
30509,BatchInference,201,RegionB,RegionF,79,80,208,210.566666666667,2.56666666666667,16,1.6,7,41.0666666666667,1
30551,BatchInference,206,RegionD,RegionD,5,80,212,217.383333333333,5.38333333333333,5,0.5,6,0,0
30594,AITraining,197,RegionD,RegionB,60,150,197,198.533333333333,1.53333333333333,77,12.32,0,118.066666666667,1
30782,BatchInference,193,RegionE,RegionD,22,80,193,197.616666666667,4.61666666666667,18,1.8,0,83.1,1
31097,RealTimeInference,193,RegionC,RegionC,5,20,193,194.433333333333,1.43333333333333,7,0.56,0,0,0
31393,RealTimeInference,206,RegionF,RegionF,5,20,206,207.916666666667,1.91666666666667,7,0.56,0,0,0
31438,BatchInference,211,RegionE,RegionD,22,80,211,217.066666666667,6.06666666666667,8,0.8,0,48.5333333333333,1
31467,AITraining,163,RegionD,RegionA,65,150,200,205.9,5.9,107,17.12,37,631.3,1
31685,RealTimeInference,212,RegionB,RegionA,12,20,212,216.783333333333,4.78333333333333,3,0.24,0,14.35,1
31746,RealTimeInference,193,RegionC,RegionC,5,20,193,197.433333333333,4.43333333333333,5,0.4,0,0,0
31814,RealTimeInference,203,RegionA,RegionA,5,20,203,203.266666666667,0.266666666666667,4,0.32,0,0,0
31828,AITraining,202,RegionD,RegionC,58,150,209,209.866666666667,0.866666666666667,21,3.36,7,18.2,1
31853,AITraining,186,RegionC,RegionC,5,150,192,194.716666666667,2.71666666666667,36,5.76,6,0,0
31964,AITraining,203,RegionA,RegionB,12,150,203,205.566666666667,2.56666666666667,79,12.64,0,202.766666666667,1
31983,AITraining,194,RegionF,RegionC,76,150,203,207.6,4.6,55,8.8,9,253,1
31999,AITraining,196,RegionD,RegionD,5,150,196,199.266666666667,3.26666666666667,115,18.4,0,0,0
32034,BatchInference,166,RegionD,RegionD,5,80,192,198.633333333333,6.63333333333333,10,1,26,0,0
32439,BatchInference,177,RegionC,RegionD,58,80,192,198.516666666667,6.51666666666667,9,0.9,15,58.65,1
32494,RealTimeInference,206,RegionC,RegionB,14,20,206,209.333333333333,3.33333333333333,2,0.16,0,6.66666666666667,1
32673,BatchInference,208,RegionA,RegionD,65,80,214,215.35,1.35,16,1.6,6,21.6,1
32706,AITraining,193,RegionD,RegionA,65,150,202,206.283333333333,4.28333333333333,72,11.52,9,308.4,1
32736,AITraining,190,RegionE,RegionD,22,150,206,211.3,5.3,116,18.56,16,614.8,1
32809,RealTimeInference,194,RegionC,RegionB,14,20,194,199.066666666667,5.06666666666667,4,0.32,0,20.2666666666667,1
32949,AITraining,192,RegionD,RegionD,5,150,199,205.183333333333,6.18333333333333,124,19.84,7,0,0
32979,AITraining,205,RegionF,RegionB,79,150,205,209.583333333333,4.58333333333333,127,20.32,0,582.083333333333,1
33239,RealTimeInference,206,RegionB,RegionB,5,20,206,206.75,0.75,5,0.4,0,0,0
33287,RealTimeInference,193,RegionC,RegionB,14,20,193,196.433333333333,3.43333333333333,7,0.56,0,24.0333333333333,1
33355,BatchInference,192,RegionA,RegionD,65,80,192,198.366666666667,6.36666666666667,21,2.1,0,133.7,1
33499,BatchInference,192,RegionA,RegionD,65,80,210,213.866666666667,3.86666666666667,14,1.4,18,54.1333333333333,1
33723,RealTimeInference,210,RegionA,RegionA,5,20,210,210.25,0.25,6,0.48,0,0,0
33772,RealTimeInference,204,RegionC,RegionA,15,20,204,204.566666666667,0.566666666666667,3,0.24,0,1.7,1
33813,AITraining,192,RegionF,RegionD,25,150,210,212.8,2.8,21,3.36,18,58.8,1
33890,AITraining,197,RegionE,RegionD,22,150,197,202.8,5.8,67,10.72,0,388.6,1
33975,AITraining,197,RegionE,RegionD,22,150,197,201.15,4.15,121,19.36,0,502.15,1
34048,AITraining,193,RegionE,RegionD,22,150,193,193.616666666667,0.616666666666667,48,7.68,0,29.6,1
34106,RealTimeInference,194,RegionB,RegionA,12,20,194,198.983333333333,4.98333333333333,3,0.24,0,14.95,1
34196,RealTimeInference,208,RegionA,RegionA,5,20,208,212.383333333333,4.38333333333333,6,0.48,0,0,0
34468,BatchInference,191,RegionE,RegionD,22,80,210,213.533333333333,3.53333333333333,19,1.9,19,67.1333333333333,1
34546,RealTimeInference,210,RegionC,RegionB,14,20,210,210.366666666667,0.366666666666667,3,0.24,0,1.1,1
34560,AITraining,206,RegionF,RegionD,25,150,212,213.766666666667,1.76666666666667,71,11.36,6,125.433333333333,1
34681,AITraining,190,RegionD,RegionF,25,150,192,197.833333333333,5.83333333333333,66,10.56,2,385,1
34736,BatchInference,195,RegionD,RegionD,5,80,204,205.866666666667,1.86666666666667,23,2.3,9,0,0
34905,AITraining,189,RegionD,RegionF,25,150,192,197.6,5.6,127,20.32,3,711.2,1
35036,AITraining,198,RegionD,RegionD,5,150,198,204.15,6.15,27,4.32,0,0,0
35226,BatchInference,207,RegionB,RegionD,60,80,207,207.766666666667,0.766666666666667,5,0.5,0,3.83333333333333,1
35286,BatchInference,198,RegionC,RegionC,5,80,198,201.783333333333,3.78333333333333,21,2.1,0,0,0
35420,RealTimeInference,193,RegionD,RegionD,5,20,193,197.916666666667,4.91666666666667,4,0.32,0,0,0
35515,AITraining,195,RegionD,RegionF,25,150,195,197.116666666667,2.11666666666667,42,6.72,0,88.9,1
35563,RealTimeInference,202,RegionC,RegionA,15,20,202,202.75,0.75,1,0.08,0,0.75,1
35609,BatchInference,173,RegionD,RegionD,5,80,204,206.1,2.1,10,1,31,0,0
35628,AITraining,215,RegionE,RegionC,70,150,215,218.2,3.2,49,7.84,0,156.8,1
35820,RealTimeInference,192,RegionC,RegionC,5,20,192,197.333333333333,5.33333333333333,3,0.24,0,0,0
35824,RealTimeInference,193,RegionB,RegionA,12,20,193,199.35,6.35,2,0.16,0,12.7,1
35837,BatchInference,176,RegionC,RegionD,58,80,204,206.116666666667,2.11666666666667,17,1.7,28,35.9833333333333,1
35955,AITraining,192,RegionD,RegionD,5,150,210,213.133333333333,3.13333333333333,126,20.16,18,0,0
35963,AITraining,184,RegionE,RegionC,70,150,192,197.6,5.6,73,11.68,8,408.8,1
36064,AITraining,206,RegionB,RegionA,12,150,206,212.116666666667,6.11666666666667,88,14.08,0,538.266666666667,1
36140,RealTimeInference,203,RegionC,RegionA,15,20,203,204.616666666667,1.61666666666667,1,0.08,0,1.61666666666667,1
36197,AITraining,204,RegionD,RegionC,58,150,204,205.233333333333,1.23333333333333,55,8.8,0,67.8333333333333,1
36306,RealTimeInference,196,RegionF,RegionF,5,20,196,201.833333333333,5.83333333333333,1,0.08,0,0,0
36323,AITraining,190,RegionE,RegionD,22,150,199,205.05,6.05,88,14.08,9,532.4,1
36691,BatchInference,194,RegionD,RegionA,65,80,204,205.583333333333,1.58333333333333,21,2.1,10,33.25,1
36811,BatchInference,177,RegionF,RegionD,25,80,204,206.15,2.15,9,0.9,27,19.35,1
36833,RealTimeInference,214,RegionA,RegionA,5,20,214,219.733333333333,5.73333333333333,1,0.08,0,0,0
36959,RealTimeInference,205,RegionB,RegionB,5,20,205,208.3,3.3,6,0.48,0,0,0
36966,RealTimeInference,214,RegionB,RegionB,5,20,214,219.366666666667,5.36666666666667,2,0.16,0,0,0
37089,RealTimeInference,215,RegionA,RegionA,5,20,215,220.966666666667,5.96666666666667,6,0.48,0,0,0
37245,BatchInference,193,RegionA,RegionD,65,80,193,197.416666666667,4.41666666666667,18,1.8,0,79.5,1
37330,BatchInference,195,RegionA,RegionD,65,80,195,198.083333333333,3.08333333333333,10,1,0,30.8333333333333,1
37399,AITraining,191,RegionE,RegionD,22,150,206,210.016666666667,4.01666666666667,87,13.92,15,349.45,1
37407,RealTimeInference,211,RegionC,RegionB,14,20,211,216.133333333333,5.13333333333333,3,0.24,0,15.4,1
37516,BatchInference,204,RegionC,RegionD,58,80,211,215.066666666667,4.06666666666667,4,0.4,7,16.2666666666667,1
37521,AITraining,199,RegionD,RegionA,65,150,199,199.366666666667,0.366666666666667,76,12.16,0,27.8666666666667,1
37534,BatchInference,188,RegionA,RegionD,65,80,192,198.3,6.3,5,0.5,4,31.5,1
37898,BatchInference,210,RegionD,RegionD,5,80,210,216.383333333333,6.38333333333333,21,2.1,0,0,0
37933,BatchInference,211,RegionA,RegionD,65,80,211,214.766666666667,3.76666666666667,10,1,0,37.6666666666667,1
38028,RealTimeInference,193,RegionB,RegionB,5,20,193,196.35,3.35,2,0.16,0,0,0
38347,BatchInference,177,RegionA,RegionD,65,80,204,208.183333333333,4.18333333333333,13,1.3,27,54.3833333333333,1
38560,BatchInference,211,RegionD,RegionD,5,80,211,213.716666666667,2.71666666666667,22,2.2,0,0,0
38663,RealTimeInference,192,RegionA,RegionC,15,20,192,193.583333333333,1.58333333333333,4,0.32,0,6.33333333333333,1
38897,AITraining,200,RegionF,RegionD,25,150,206,209.45,3.45,100,16,6,345,1
38927,AITraining,210,RegionE,RegionC,70,150,210,214.683333333333,4.68333333333333,16,2.56,0,74.9333333333333,1
39012,RealTimeInference,193,RegionB,RegionB,5,20,193,199.116666666667,6.11666666666667,4,0.32,0,0,0
39038,AITraining,199,RegionD,RegionB,60,150,199,200,1,48,7.68,0,48,1
39201,AITraining,195,RegionD,RegionD,5,150,203,204.2,1.2,40,6.4,8,0,0
39319,BatchInference,178,RegionB,RegionD,60,80,210,213.066666666667,3.06666666666667,10,1,32,30.6666666666667,1
39667,AITraining,205,RegionD,RegionC,58,150,205,207.116666666667,2.11666666666667,99,15.84,0,209.55,1
39673,BatchInference,166,RegionB,RegionD,60,80,210,213.516666666667,3.51666666666667,22,2.2,44,77.3666666666667,1
39698,AITraining,173,RegionB,RegionD,60,150,206,211.25,5.25,29,4.64,33,152.25,1
39872,AITraining,206,RegionE,RegionA,78,150,212,217.05,5.05,56,8.96,6,282.8,1
40023,RealTimeInference,213,RegionB,RegionC,14,20,213,215.1,2.1,6,0.48,0,12.6,1
40242,AITraining,209,RegionA,RegionB,12,150,209,211.716666666667,2.71666666666667,117,18.72,0,317.85,1
40371,RealTimeInference,212,RegionC,RegionA,15,20,212,213.183333333333,1.18333333333333,5,0.4,0,5.91666666666667,1
40556,RealTimeInference,195,RegionC,RegionB,14,20,195,199.183333333333,4.18333333333333,3,0.24,0,12.55,1
40603,RealTimeInference,203,RegionA,RegionB,12,20,203,206.9,3.9,6,0.48,0,23.4,1
40677,AITraining,185,RegionD,RegionD,5,150,200,205.85,5.85,45,7.2,15,0,0
40832,RealTimeInference,212,RegionE,RegionF,18,20,212,216.916666666667,4.91666666666667,7,0.56,0,34.4166666666667,1
41006,AITraining,200,RegionD,RegionA,65,150,207,211.116666666667,4.11666666666667,40,6.4,7,164.666666666667,1
41009,RealTimeInference,199,RegionE,RegionF,18,20,199,200.6,1.6,7,0.56,0,11.2,1
41024,RealTimeInference,208,RegionA,RegionA,5,20,208,209.45,1.45,7,0.56,0,0,0
41090,AITraining,178,RegionD,RegionD,5,150,199,205.1,6.1,42,6.72,21,0,0
41100,AITraining,178,RegionF,RegionD,25,150,206,210.616666666667,4.61666666666667,42,6.72,28,193.9,1
41149,BatchInference,210,RegionB,RegionD,60,80,215,215.4,0.4,17,1.7,5,6.8,1
41248,RealTimeInference,213,RegionB,RegionC,14,20,213,214.733333333333,1.73333333333333,2,0.16,0,3.46666666666667,1
41306,AITraining,202,RegionD,RegionA,65,150,202,208.416666666667,6.41666666666667,79,12.64,0,506.916666666667,1
41359,RealTimeInference,193,RegionA,RegionB,12,20,193,196.2,3.2,5,0.4,0,16,1
41625,AITraining,213,RegionF,RegionA,82,150,213,217.683333333333,4.68333333333333,63,10.08,0,295.05,1
41685,RealTimeInference,206,RegionA,RegionB,12,20,206,209.966666666667,3.96666666666667,1,0.08,0,3.96666666666667,1
41722,RealTimeInference,212,RegionB,RegionA,12,20,212,213.2,1.2,3,0.24,0,3.6,1
41724,AITraining,214,RegionF,RegionB,79,150,214,219.383333333333,5.38333333333333,102,16.32,0,549.1,1
41765,RealTimeInference,212,RegionA,RegionB,12,20,212,214.633333333333,2.63333333333333,6,0.48,0,15.8,1
41806,BatchInference,177,RegionC,RegionD,58,80,210,213.5,3.5,12,1.2,33,42,1
41874,RealTimeInference,204,RegionC,RegionA,15,20,204,204.45,0.45,2,0.16,0,0.9,1
41898,BatchInference,201,RegionC,RegionB,14,80,204,205.716666666667,1.71666666666667,7,0.7,3,12.0166666666667,1
42186,RealTimeInference,208,RegionB,RegionB,5,20,208,211.333333333333,3.33333333333333,6,0.48,0,0,0
42190,BatchInference,207,RegionF,RegionD,25,80,207,207.533333333333,0.533333333333333,10,1,0,5.33333333333333,1
42470,RealTimeInference,192,RegionC,RegionC,5,20,192,194.133333333333,2.13333333333333,6,0.48,0,0,0
42474,AITraining,213,RegionD,RegionC,58,150,213,218.55,5.55,33,5.28,0,183.15,1
42494,RealTimeInference,211,RegionA,RegionA,5,20,211,214.933333333333,3.93333333333333,4,0.32,0,0,0
42662,RealTimeInference,205,RegionE,RegionF,18,20,205,205.616666666667,0.616666666666667,6,0.48,0,3.7,1
42736,BatchInference,198,RegionB,RegionC,14,80,198,200.616666666667,2.61666666666667,9,0.9,0,23.55,1
42900,AITraining,202,RegionD,RegionD,5,150,209,209.333333333333,0.333333333333333,65,10.4,7,0,0
42937,RealTimeInference,205,RegionC,RegionB,14,20,205,209.666666666667,4.66666666666667,3,0.24,0,14,1
43175,RealTimeInference,210,RegionA,RegionB,12,20,210,214.366666666667,4.36666666666667,6,0.48,0,26.2,1
43302,RealTimeInference,213,RegionB,RegionA,12,20,213,218.15,5.15,5,0.4,0,25.75,1
43594,BatchInference,196,RegionA,RegionA,5,80,196,198.183333333333,2.18333333333333,8,0.8,0,0,0
43638,BatchInference,194,RegionD,RegionB,60,80,203,205.866666666667,2.86666666666667,9,0.9,9,25.8,1
43920,AITraining,213,RegionE,RegionA,78,150,213,217.55,4.55,33,5.28,0,150.15,1
43936,BatchInference,202,RegionA,RegionD,65,80,204,206.1,2.1,23,2.3,2,48.3,1
43977,AITraining,209,RegionD,RegionD,5,150,209,212.733333333333,3.73333333333333,49,7.84,0,0,0
44120,RealTimeInference,206,RegionA,RegionB,12,20,206,210.25,4.25,6,0.48,0,25.5,1
44188,RealTimeInference,200,RegionB,RegionA,12,20,200,201,1,5,0.4,0,5,1
44465,AITraining,183,RegionF,RegionC,76,150,192,194.55,2.55,95,15.2,9,242.25,1
44663,BatchInference,205,RegionF,RegionD,25,80,205,205.566666666667,0.566666666666667,20,2,0,11.3333333333333,1
44888,AITraining,208,RegionD,RegionC,58,150,214,217.7,3.7,57,9.12,6,210.9,1
44895,RealTimeInference,215,RegionB,RegionB,5,20,215,216.833333333333,1.83333333333333,2,0.16,0,0,0
45033,RealTimeInference,204,RegionB,RegionB,5,20,204,208.05,4.05,5,0.4,0,0,0
45059,RealTimeInference,212,RegionB,RegionA,12,20,212,217.716666666667,5.71666666666667,2,0.16,0,11.4333333333333,1
45066,BatchInference,208,RegionC,RegionD,58,80,214,214.683333333333,0.683333333333333,20,2,6,13.6666666666667,1
45163,AITraining,210,RegionD,RegionB,60,150,210,214.216666666667,4.21666666666667,121,19.36,0,510.216666666667,1
45225,BatchInference,212,RegionD,RegionD,5,80,212,217.3,5.3,21,2.1,0,0,0
45256,BatchInference,196,RegionC,RegionC,5,80,196,198.716666666667,2.71666666666667,6,0.6,0,0,0
45316,AITraining,212,RegionE,RegionB,74,150,212,216.183333333333,4.18333333333333,54,8.64,0,225.9,1
45366,BatchInference,205,RegionA,RegionD,65,80,205,205.383333333333,0.383333333333333,20,2,0,7.66666666666667,1
45572,AITraining,206,RegionE,RegionA,78,150,212,214.133333333333,2.13333333333333,36,5.76,6,76.8,1
45615,BatchInference,211,RegionA,RegionD,65,80,211,216.433333333333,5.43333333333333,4,0.4,0,21.7333333333333,1
45657,AITraining,198,RegionE,RegionB,74,150,198,199.183333333333,1.18333333333333,114,18.24,0,134.9,1
45707,BatchInference,193,RegionA,RegionD,65,80,193,197.633333333333,4.63333333333333,5,0.5,0,23.1666666666667,1
45739,AITraining,202,RegionA,RegionD,65,150,206,209.366666666667,3.36666666666667,66,10.56,4,222.2,1
46027,AITraining,212,RegionF,RegionD,25,150,212,215.65,3.65,54,8.64,0,197.1,1
46037,BatchInference,200,RegionC,RegionF,76,80,201,203.75,2.75,6,0.6,1,16.5,1
46051,AITraining,177,RegionE,RegionC,70,150,200,205.95,5.95,104,16.64,23,618.8,1
46086,RealTimeInference,193,RegionE,RegionE,5,20,193,197.8,4.8,5,0.4,0,0,0
46426,AITraining,215,RegionF,RegionE,18,150,215,216.25,1.25,117,18.72,0,146.25,1
46434,AITraining,179,RegionF,RegionD,25,150,200,205.883333333333,5.88333333333333,29,4.64,21,170.616666666667,1
46569,BatchInference,188,RegionD,RegionD,5,80,210,213.016666666667,3.01666666666667,5,0.5,22,0,0
46721,BatchInference,177,RegionD,RegionD,5,80,192,198.4,6.4,11,1.1,15,0,0
46907,RealTimeInference,214,RegionA,RegionC,15,20,214,214.75,0.75,3,0.24,0,2.25,1
47068,RealTimeInference,212,RegionB,RegionA,12,20,212,218.05,6.05,2,0.16,0,12.1,1
47173,AITraining,176,RegionE,RegionD,22,150,206,209.783333333333,3.78333333333333,81,12.96,30,306.45,1
47233,RealTimeInference,214,RegionC,RegionB,14,20,214,217.016666666667,3.01666666666667,2,0.16,0,6.03333333333333,1
47357,RealTimeInference,203,RegionC,RegionB,14,20,203,208.183333333333,5.18333333333333,6,0.48,0,31.1,1
47399,AITraining,192,RegionC,RegionD,58,150,210,213.233333333333,3.23333333333333,83,13.28,18,268.366666666667,1
47430,AITraining,194,RegionF,RegionA,82,150,203,203.85,0.85,109,17.44,9,92.65,1
47487,AITraining,213,RegionE,RegionC,70,150,213,214.266666666667,1.26666666666667,66,10.56,0,83.6,1
47524,BatchInference,214,RegionA,RegionD,65,80,214,215.35,1.35,20,2,0,27,1
47538,AITraining,202,RegionD,RegionD,5,150,202,205.483333333333,3.48333333333333,86,13.76,0,0,0
47593,RealTimeInference,207,RegionC,RegionA,15,20,207,210.05,3.05,4,0.32,0,12.2,1
47617,AITraining,210,RegionD,RegionA,65,150,210,214.933333333333,4.93333333333333,34,5.44,0,167.733333333333,1
47938,AITraining,208,RegionD,RegionB,60,150,208,214.483333333333,6.48333333333333,82,13.12,0,531.633333333333,1
47984,AITraining,205,RegionD,RegionA,65,150,205,206.333333333333,1.33333333333333,38,6.08,0,50.6666666666667,1
48096,RealTimeInference,205,RegionB,RegionB,5,20,205,209.15,4.15,7,0.56,0,0,0
48321,AITraining,211,RegionE,RegionC,70,150,211,212.35,1.35,47,7.52,0,63.45,1
48584,RealTimeInference,208,RegionC,RegionB,14,20,208,209.583333333333,1.58333333333333,5,0.4,0,7.91666666666667,1
48617,BatchInference,210,RegionE,RegionD,22,80,210,212.333333333333,2.33333333333333,15,1.5,0,35,1
48749,BatchInference,185,RegionF,RegionD,25,80,210,213.65,3.65,19,1.9,25,69.35,1
48859,RealTimeInference,198,RegionC,RegionB,14,20,198,201.566666666667,3.56666666666667,5,0.4,0,17.8333333333333,1
49092,AITraining,180,RegionD,RegionF,25,150,192,197.5,5.5,120,19.2,12,660,1
49118,RealTimeInference,203,RegionA,RegionA,5,20,203,203.3,0.3,5,0.4,0,0,0
49290,RealTimeInference,194,RegionB,RegionB,5,20,194,199.133333333333,5.13333333333333,6,0.48,0,0,0
49323,BatchInference,198,RegionC,RegionC,5,80,198,201.533333333333,3.53333333333333,12,1.2,0,0,0
49324,RealTimeInference,201,RegionB,RegionB,5,20,201,206.7,5.7,5,0.4,0,0,0
49346,RealTimeInference,196,RegionD,RegionD,5,20,196,200.216666666667,4.21666666666667,3,0.24,0,0,0
49642,AITraining,173,RegionA,RegionD,65,150,206,210.133333333333,4.13333333333333,95,15.2,33,392.666666666667,1
49713,BatchInference,190,RegionE,RegionD,22,80,210,213.75,3.75,18,1.8,20,67.5,1
49866,AITraining,204,RegionD,RegionD,5,150,204,206.833333333333,2.83333333333333,75,12,0,0,0
124,AITraining,221,RegionA,RegionD,65,150,221,221.916666666667,0.916666666666667,45,7.2,0,41.25,1
156,RealTimeInference,232,RegionD,RegionD,5,20,232,237.283333333333,5.28333333333333,7,0.56,0,0,0
426,RealTimeInference,223,RegionA,RegionA,5,20,223,228.916666666667,5.91666666666667,6,0.48,0,0,0
439,AITraining,219,RegionA,RegionB,12,150,219,222.15,3.15,39,6.24,0,122.85,1
574,BatchInference,229,RegionD,RegionA,65,80,235,241.466666666667,6.46666666666667,20,2,6,129.333333333333,1
769,BatchInference,224,RegionB,RegionE,74,80,229,231.533333333333,2.53333333333333,15,1.5,5,38,1
819,BatchInference,230,RegionF,RegionF,5,80,236,238.583333333333,2.58333333333333,10,1,6,0,0
823,RealTimeInference,233,RegionB,RegionB,5,20,233,234.283333333333,1.28333333333333,6,0.48,0,0,0
890,BatchInference,213,RegionE,RegionE,5,80,224,228.533333333333,4.53333333333333,17,1.7,11,0,0
901,BatchInference,218,RegionC,RegionE,70,80,229,235.583333333333,6.58333333333333,8,0.8,11,52.6666666666667,1
937,BatchInference,178,RegionF,RegionF,5,80,229,235.15,6.15,11,1.1,51,0,0
984,BatchInference,234,RegionA,RegionA,5,80,234,237.666666666667,3.66666666666667,9,0.9,0,0,0
1041,AITraining,226,RegionF,RegionA,82,150,231,237.55,6.55,123,19.68,5,805.65,1
1270,AITraining,236,RegionE,RegionF,18,150,236,238.6,2.6,51,8.16,0,132.6,1
1311,RealTimeInference,231,RegionF,RegionF,5,20,231,235.466666666667,4.46666666666667,3,0.24,0,0,0
1335,BatchInference,236,RegionD,RegionA,65,80,236,242.05,6.05,21,2.1,0,127.05,1
1606,AITraining,219,RegionF,RegionD,25,150,219,219.8,0.8,124,19.84,0,99.2,1
1730,BatchInference,223,RegionE,RegionE,5,80,229,235.333333333333,6.33333333333333,21,2.1,6,0,0
1763,AITraining,225,RegionF,RegionD,25,150,225,229.066666666667,4.06666666666667,94,15.04,0,382.266666666667,1
1800,AITraining,215,RegionE,RegionF,18,150,225,228.633333333333,3.63333333333333,55,8.8,10,199.833333333333,1
1913,AITraining,229,RegionF,RegionC,76,150,231,236.283333333333,5.28333333333333,73,11.68,2,385.683333333333,1
1992,RealTimeInference,219,RegionC,RegionC,5,20,219,225.283333333333,6.28333333333333,6,0.48,0,0,0
2002,RealTimeInference,223,RegionA,RegionB,12,20,223,227.916666666667,4.91666666666667,3,0.24,0,14.75,1
2106,BatchInference,203,RegionA,RegionE,78,80,224,228.25,4.25,18,1.8,21,76.5,1
2166,BatchInference,219,RegionB,RegionC,14,80,219,222.483333333333,3.48333333333333,22,2.2,0,76.6333333333333,1
2173,BatchInference,221,RegionB,RegionC,14,80,229,229.333333333333,0.333333333333333,13,1.3,8,4.33333333333333,1
2296,AITraining,223,RegionC,RegionD,58,150,231,237.466666666667,6.46666666666667,34,5.44,8,219.866666666667,1
2381,RealTimeInference,231,RegionA,RegionB,12,20,231,231.716666666667,0.716666666666667,3,0.24,0,2.15,1
2461,RealTimeInference,222,RegionA,RegionA,5,20,222,224.283333333333,2.28333333333333,3,0.24,0,0,0
2598,RealTimeInference,229,RegionA,RegionB,12,20,229,233.616666666667,4.61666666666667,3,0.24,0,13.85,1
2752,RealTimeInference,221,RegionC,RegionB,14,20,221,222.6,1.6,3,0.24,0,4.8,1
2903,RealTimeInference,229,RegionC,RegionB,14,20,229,232.483333333333,3.48333333333333,6,0.48,0,20.9,1
2993,BatchInference,238,RegionC,RegionF,76,80,238,243.366666666667,5.36666666666667,19,1.9,0,101.966666666667,1
3072,AITraining,201,RegionD,RegionF,25,150,225,228.35,3.35,89,14.24,24,298.15,1
3100,RealTimeInference,223,RegionC,RegionC,5,20,223,225.616666666667,2.61666666666667,5,0.4,0,0,0
3216,AITraining,223,RegionD,RegionF,25,150,225,228.866666666667,3.86666666666667,82,13.12,2,317.066666666667,1
3286,AITraining,238,RegionB,RegionE,74,150,238,240.683333333333,2.68333333333333,51,8.16,0,136.85,1
3305,BatchInference,186,RegionF,RegionE,18,80,229,235.283333333333,6.28333333333333,13,1.3,43,81.6833333333333,1
3327,AITraining,229,RegionD,RegionA,65,150,229,229.916666666667,0.916666666666667,108,17.28,0,99,1
3363,BatchInference,180,RegionE,RegionE,5,80,229,230.533333333333,1.53333333333333,16,1.6,49,0,0
3508,AITraining,216,RegionF,RegionD,25,150,225,228.283333333333,3.28333333333333,30,4.8,9,98.5,1
3711,BatchInference,217,RegionE,RegionC,70,80,217,220.9,3.9,23,2.3,0,89.7,1
3737,BatchInference,222,RegionE,RegionE,5,80,229,231.9,2.9,7,0.7,7,0,0
3797,AITraining,224,RegionF,RegionE,18,150,224,225.166666666667,1.16666666666667,75,12,0,87.5,1
3815,BatchInference,223,RegionD,RegionC,58,80,224,229.433333333333,5.43333333333333,6,0.6,1,32.6,1
4072,AITraining,216,RegionF,RegionD,25,150,231,236.15,5.15,26,4.16,15,133.9,1
4111,AITraining,184,RegionF,RegionA,82,150,231,232.066666666667,1.06666666666667,66,10.56,47,70.4,1
4193,RealTimeInference,226,RegionA,RegionB,12,20,226,230.333333333333,4.33333333333333,4,0.32,0,17.3333333333333,1
4214,AITraining,229,RegionE,RegionF,18,150,231,236.9,5.9,105,16.8,2,619.5,1
4225,AITraining,223,RegionD,RegionF,25,150,225,227.2,2.2,83,13.28,2,182.6,1
4336,RealTimeInference,223,RegionA,RegionC,15,20,223,227.233333333333,4.23333333333333,6,0.48,0,25.4,1
4374,BatchInference,227,RegionF,RegionB,79,80,227,229.766666666667,2.76666666666667,17,1.7,0,47.0333333333333,1
4512,BatchInference,191,RegionF,RegionC,76,80,229,229.616666666667,0.616666666666667,21,2.1,38,12.95,1
4554,AITraining,236,RegionD,RegionF,25,150,236,239.016666666667,3.01666666666667,98,15.68,0,295.633333333333,1
4653,AITraining,187,RegionD,RegionE,22,150,224,228.816666666667,4.81666666666667,108,17.28,37,520.2,1
4689,AITraining,239,RegionF,RegionC,76,150,239,240.283333333333,1.28333333333333,107,17.12,0,137.316666666667,1
4914,RealTimeInference,218,RegionA,RegionA,5,20,218,218.666666666667,0.666666666666667,4,0.32,0,0,0
5373,AITraining,215,RegionD,RegionD,5,150,231,236.483333333333,5.48333333333333,72,11.52,16,0,0
5387,AITraining,221,RegionD,RegionC,58,150,231,237.6,6.6,30,4.8,10,198,1
5531,AITraining,235,RegionD,RegionF,25,150,235,240.25,5.25,58,9.28,0,304.5,1
5721,BatchInference,234,RegionB,RegionE,74,80,234,235.933333333333,1.93333333333333,21,2.1,0,40.6,1
5769,RealTimeInference,228,RegionB,RegionA,12,20,228,228.25,0.25,6,0.48,0,1.5,1
5874,BatchInference,229,RegionD,RegionF,25,80,235,239.4,4.4,16,1.6,6,70.4,1
5956,AITraining,233,RegionC,RegionF,76,150,233,237.283333333333,4.28333333333333,103,16.48,0,441.183333333333,1
5986,RealTimeInference,221,RegionC,RegionA,15,20,221,221.75,0.75,4,0.32,0,3,1
5997,RealTimeInference,220,RegionB,RegionC,14,20,220,225.25,5.25,7,0.56,0,36.75,1
6226,BatchInference,176,RegionB,RegionC,14,80,229,230.033333333333,1.03333333333333,17,1.7,53,17.5666666666667,1
6281,BatchInference,217,RegionD,RegionC,58,80,229,230.366666666667,1.36666666666667,8,0.8,12,10.9333333333333,1
6294,RealTimeInference,217,RegionB,RegionC,14,20,217,218.033333333333,1.03333333333333,5,0.4,0,5.16666666666667,1
6431,BatchInference,222,RegionC,RegionE,70,80,224,228.4,4.4,4,0.4,2,17.6,1
6432,RealTimeInference,224,RegionC,RegionC,5,20,224,226.816666666667,2.81666666666667,3,0.24,0,0,0
6440,AITraining,217,RegionF,RegionD,25,150,217,218.9,1.9,109,17.44,0,207.1,1
6593,RealTimeInference,226,RegionA,RegionB,12,20,226,228.933333333333,2.93333333333333,3,0.24,0,8.8,1
6616,BatchInference,179,RegionD,RegionC,58,80,229,230.383333333333,1.38333333333333,11,1.1,50,15.2166666666667,1
6665,BatchInference,233,RegionB,RegionF,79,80,233,239.383333333333,6.38333333333333,16,1.6,0,102.133333333333,1
6909,BatchInference,186,RegionC,RegionE,70,80,229,235.35,6.35,9,0.9,43,57.15,1
7102,BatchInference,234,RegionE,RegionE,5,80,234,239.6,5.6,7,0.7,0,0,0
7151,BatchInference,218,RegionB,RegionC,14,80,229,230.133333333333,1.13333333333333,12,1.2,11,13.6,1
7515,RealTimeInference,229,RegionC,RegionB,14,20,229,232.633333333333,3.63333333333333,5,0.4,0,18.1666666666667,1
7826,AITraining,192,RegionD,RegionD,5,150,216,217.85,1.85,53,8.48,24,0,0
7881,BatchInference,232,RegionD,RegionF,25,80,232,237.483333333333,5.48333333333333,6,0.6,0,32.9,1
7904,BatchInference,163,RegionA,RegionC,15,80,229,229.766666666667,0.766666666666667,21,2.1,66,16.1,1
8015,RealTimeInference,216,RegionA,RegionC,15,20,216,221.566666666667,5.56666666666667,7,0.56,0,38.9666666666667,1
8100,BatchInference,225,RegionF,RegionC,76,80,232,234.05,2.05,7,0.7,7,14.35,1
8524,AITraining,228,RegionE,RegionA,78,150,228,230.3,2.3,49,7.84,0,112.7,1
8544,RealTimeInference,231,RegionC,RegionA,15,20,231,236.433333333333,5.43333333333333,1,0.08,0,5.43333333333333,1
8548,BatchInference,173,RegionB,RegionB,5,80,229,234.566666666667,5.56666666666667,15,1.5,56,0,0
8891,BatchInference,208,RegionD,RegionE,22,80,216,221.1,5.1,15,1.5,8,76.5,1
9138,BatchInference,233,RegionB,RegionA,12,80,233,238.233333333333,5.23333333333333,14,1.4,0,73.2666666666667,1
9344,RealTimeInference,224,RegionB,RegionC,14,20,224,226.633333333333,2.63333333333333,3,0.24,0,7.9,1
9659,BatchInference,200,RegionD,RegionE,22,80,224,229.166666666667,5.16666666666667,16,1.6,24,82.6666666666667,1
9672,BatchInference,192,RegionD,RegionB,60,80,229,234.683333333333,5.68333333333333,23,2.3,37,130.716666666667,1
9728,AITraining,235,RegionD,RegionD,5,150,235,235.2,0.2,76,12.16,0,0,0
9774,RealTimeInference,237,RegionA,RegionA,5,20,237,238.05,1.05,4,0.32,0,0,0
9873,AITraining,224,RegionD,RegionD,5,150,231,236.25,5.25,31,4.96,7,0,0
9928,AITraining,229,RegionE,RegionC,70,150,229,229.216666666667,0.216666666666667,55,8.8,0,11.9166666666667,1
9984,BatchInference,201,RegionA,RegionE,78,80,224,228.6,4.6,13,1.3,23,59.8,1
10093,BatchInference,212,RegionE,RegionE,5,80,229,234.766666666667,5.76666666666667,18,1.8,17,0,0
10267,BatchInference,217,RegionB,RegionF,79,80,229,233.833333333333,4.83333333333333,7,0.7,12,33.8333333333333,1
10323,BatchInference,222,RegionE,RegionE,5,80,224,229.1,5.1,14,1.4,2,0,0
10354,RealTimeInference,232,RegionB,RegionC,14,20,232,237.7,5.7,4,0.32,0,22.8,1
10477,RealTimeInference,220,RegionA,RegionC,15,20,220,220.333333333333,0.333333333333333,3,0.24,0,1,1
10561,BatchInference,208,RegionA,RegionB,12,80,229,232.133333333333,3.13333333333333,20,2,21,62.6666666666667,1
10712,BatchInference,201,RegionA,RegionC,15,80,229,229.183333333333,0.183333333333333,12,1.2,28,2.2,1
10732,AITraining,228,RegionD,RegionE,22,150,228,231.966666666667,3.96666666666667,117,18.72,0,464.1,1
10767,RealTimeInference,219,RegionB,RegionA,12,20,219,219.216666666667,0.216666666666667,4,0.32,0,0.866666666666666,1
10803,RealTimeInference,219,RegionA,RegionB,12,20,219,222.716666666667,3.71666666666667,2,0.16,0,7.43333333333333,1
11021,BatchInference,218,RegionB,RegionB,5,80,218,219.766666666667,1.76666666666667,18,1.8,0,0,0
11046,RealTimeInference,239,RegionA,RegionB,12,20,239,239.833333333333,0.833333333333333,7,0.56,0,5.83333333333333,1
11067,AITraining,178,RegionD,RegionC,58,150,224,229.916666666667,5.91666666666667,116,18.56,46,686.333333333333,1
11111,BatchInference,159,RegionF,RegionC,76,80,229,230.033333333333,1.03333333333333,6,0.6,70,6.2,1
11162,BatchInference,207,RegionE,RegionE,5,80,229,235.6,6.6,20,2,22,0,0
11169,BatchInference,179,RegionE,RegionE,5,80,229,235.333333333333,6.33333333333333,5,0.5,50,0,0
11297,AITraining,182,RegionD,RegionD,5,150,224,228.883333333333,4.88333333333333,78,12.48,42,0,0
11347,AITraining,235,RegionF,RegionE,18,150,235,240.55,5.55,123,19.68,0,682.65,1
11372,AITraining,228,RegionF,RegionF,5,150,228,229.25,1.25,107,17.12,0,0,0
11421,BatchInference,235,RegionB,RegionC,14,80,235,240.866666666667,5.86666666666667,6,0.6,0,35.2,1
11470,BatchInference,215,RegionD,RegionC,58,80,216,217.2,1.2,22,2.2,1,26.4,1
11478,AITraining,228,RegionF,RegionE,18,150,231,236.05,5.05,104,16.64,3,525.2,1
11598,BatchInference,234,RegionB,RegionC,14,80,234,236.366666666667,2.36666666666667,4,0.4,0,9.46666666666667,1
11607,AITraining,227,RegionE,RegionD,22,150,227,228.2,1.2,64,10.24,0,76.8,1
11620,AITraining,234,RegionE,RegionF,18,150,234,239.5,5.5,34,5.44,0,187,1
11789,AITraining,223,RegionD,RegionF,25,150,231,237.2,6.2,109,17.44,8,675.8,1
11845,BatchInference,192,RegionF,RegionE,18,80,216,221.016666666667,5.01666666666667,18,1.8,24,90.3,1
11875,RealTimeInference,229,RegionB,RegionB,5,20,229,229.6,0.6,6,0.48,0,0,0
11890,BatchInference,213,RegionE,RegionB,74,80,229,233.183333333333,4.18333333333333,14,1.4,16,58.5666666666667,1
11928,BatchInference,202,RegionC,RegionB,14,80,229,231.983333333333,2.98333333333333,5,0.5,27,14.9166666666667,1
12068,RealTimeInference,233,RegionC,RegionC,5,20,233,238.3,5.3,7,0.56,0,0,0
12277,RealTimeInference,230,RegionC,RegionA,15,20,230,231.15,1.15,5,0.4,0,5.75,1
12795,AITraining,219,RegionE,RegionC,70,150,231,236.733333333333,5.73333333333333,50,8,12,286.666666666667,1
12796,RealTimeInference,239,RegionC,RegionB,14,20,239,240.4,1.4,3,0.24,0,4.2,1
12832,RealTimeInference,226,RegionB,RegionB,5,20,226,230.183333333333,4.18333333333333,2,0.16,0,0,0
12946,AITraining,202,RegionE,RegionF,18,150,224,228.55,4.55,65,10.4,22,295.75,1
12978,BatchInference,230,RegionD,RegionF,25,80,230,236.466666666667,6.46666666666667,11,1.1,0,71.1333333333333,1
13107,BatchInference,187,RegionB,RegionE,74,80,229,231.216666666667,2.21666666666667,14,1.4,42,31.0333333333333,1
13122,BatchInference,213,RegionD,RegionE,22,80,229,234.866666666667,5.86666666666667,21,2.1,16,123.2,1
13127,RealTimeInference,235,RegionA,RegionA,5,20,235,237.266666666667,2.26666666666667,1,0.08,0,0,0
13282,AITraining,235,RegionF,RegionD,25,150,235,236.633333333333,1.63333333333333,35,5.6,0,57.1666666666667,1
13334,AITraining,202,RegionF,RegionD,25,150,216,218.65,2.65,20,3.2,14,53,1
13358,AITraining,234,RegionE,RegionF,18,150,234,240.216666666667,6.21666666666667,37,5.92,0,230.016666666667,1
13406,BatchInference,215,RegionE,RegionB,74,80,229,234.183333333333,5.18333333333333,16,1.6,14,82.9333333333333,1
13516,BatchInference,209,RegionD,RegionE,22,80,229,231.283333333333,2.28333333333333,16,1.6,20,36.5333333333333,1
13877,BatchInference,192,RegionD,RegionE,22,80,229,235.216666666667,6.21666666666667,10,1,37,62.1666666666667,1
13913,AITraining,218,RegionD,RegionE,22,150,224,229.383333333333,5.38333333333333,109,17.44,6,586.783333333333,1
13945,AITraining,232,RegionA,RegionE,78,150,238,240.7,2.7,54,8.64,6,145.8,1
14062,AITraining,222,RegionF,RegionB,79,150,222,223.083333333333,1.08333333333333,45,7.2,0,48.75,1
14097,BatchInference,163,RegionB,RegionE,74,80,216,221.016666666667,5.01666666666667,18,1.8,53,90.3,1
14158,AITraining,219,RegionE,RegionF,18,150,219,221.716666666667,2.71666666666667,107,17.12,0,290.683333333333,1
14272,AITraining,235,RegionF,RegionD,25,150,235,241.033333333333,6.03333333333333,100,16,0,603.333333333333,1
14334,AITraining,181,RegionD,RegionC,58,150,231,232.15,1.15,80,12.8,50,92,1
14500,AITraining,218,RegionE,RegionC,70,150,231,237.55,6.55,18,2.88,13,117.9,1
14565,BatchInference,239,RegionD,RegionB,60,80,239,240.616666666667,1.61666666666667,18,1.8,0,29.1,1
14694,RealTimeInference,216,RegionA,RegionC,15,20,216,216.466666666667,0.466666666666667,1,0.08,0,0.466666666666667,1
14716,BatchInference,153,RegionD,RegionF,25,80,226,227.15,1.15,17,1.7,73,19.55,1
14748,RealTimeInference,223,RegionB,RegionC,14,20,223,226.3,3.3,4,0.32,0,13.2,1
15183,RealTimeInference,238,RegionC,RegionA,15,20,238,241.933333333333,3.93333333333333,7,0.56,0,27.5333333333333,1
15216,BatchInference,239,RegionE,RegionE,5,80,239,241.466666666667,2.46666666666667,10,1,0,0,0
15308,RealTimeInference,222,RegionC,RegionA,15,20,222,227.483333333333,5.48333333333333,4,0.32,0,21.9333333333333,1
15341,AITraining,229,RegionF,RegionF,5,150,229,233.683333333333,4.68333333333333,61,9.76,0,0,0
15591,AITraining,233,RegionF,RegionE,18,150,233,236.85,3.85,93,14.88,0,358.05,1
15597,RealTimeInference,232,RegionC,RegionA,15,20,232,233.316666666667,1.31666666666667,6,0.48,0,7.9,1
15930,AITraining,219,RegionE,RegionE,5,150,219,220.283333333333,1.28333333333333,63,10.08,0,0,0
16110,BatchInference,218,RegionA,RegionB,12,80,218,220.5,2.5,5,0.5,0,12.5,1
16118,AITraining,232,RegionD,RegionE,22,150,238,240.633333333333,2.63333333333333,62,9.92,6,163.266666666667,1
16147,AITraining,219,RegionE,RegionA,78,150,224,229.6,5.6,16,2.56,5,89.6,1
16164,AITraining,230,RegionD,RegionF,25,150,230,233.7,3.7,37,5.92,0,136.9,1
16188,BatchInference,152,RegionF,RegionE,18,80,229,230.55,1.55,17,1.7,77,26.35,1
16262,RealTimeInference,228,RegionA,RegionB,12,20,228,234.433333333333,6.43333333333333,4,0.32,0,25.7333333333333,1
16385,BatchInference,228,RegionA,RegionE,78,80,228,229.766666666667,1.76666666666667,21,2.1,0,37.1,1
16414,BatchInference,199,RegionC,RegionE,70,80,224,228.166666666667,4.16666666666667,20,2,25,83.3333333333333,1
16471,RealTimeInference,238,RegionA,RegionA,5,20,238,243.816666666667,5.81666666666667,6,0.48,0,0,0
16536,BatchInference,224,RegionA,RegionC,15,80,229,229.25,0.25,11,1.1,5,2.75,1
16594,AITraining,227,RegionF,RegionA,82,150,227,230.7,3.7,99,15.84,0,366.3,1
16715,BatchInference,214,RegionB,RegionE,74,80,229,234.633333333333,5.63333333333333,18,1.8,15,101.4,1
16744,AITraining,230,RegionE,RegionF,18,150,230,234.866666666667,4.86666666666667,65,10.4,0,316.333333333333,1
16828,AITraining,201,RegionE,RegionD,22,150,216,216.566666666667,0.566666666666667,95,15.2,15,53.8333333333333,1
16917,AITraining,220,RegionC,RegionC,5,150,220,224.05,4.05,115,18.4,0,0,0
17072,RealTimeInference,237,RegionC,RegionC,5,20,237,237.633333333333,0.633333333333333,1,0.08,0,0,0
17136,AITraining,217,RegionE,RegionA,78,150,217,220.466666666667,3.46666666666667,36,5.76,0,124.8,1
17521,RealTimeInference,227,RegionA,RegionC,15,20,227,231.016666666667,4.01666666666667,1,0.08,0,4.01666666666667,1
17530,AITraining,215,RegionE,RegionF,18,150,225,228.55,3.55,63,10.08,10,223.65,1
17567,RealTimeInference,225,RegionA,RegionB,12,20,225,231.65,6.65,7,0.56,0,46.55,1
17718,AITraining,235,RegionD,RegionC,58,150,235,236.833333333333,1.83333333333333,71,11.36,0,130.166666666667,1
17722,AITraining,236,RegionF,RegionA,82,150,236,240.416666666667,4.41666666666667,102,16.32,0,450.5,1
17805,BatchInference,170,RegionC,RegionE,70,80,216,221.033333333333,5.03333333333333,7,0.7,46,35.2333333333333,1
17905,RealTimeInference,219,RegionC,RegionB,14,20,219,223,4,3,0.24,0,12,1
17937,RealTimeInference,226,RegionB,RegionA,12,20,226,228.583333333333,2.58333333333333,3,0.24,0,7.75,1
17994,AITraining,224,RegionD,RegionA,65,150,239,243.566666666667,4.56666666666667,121,19.36,15,552.566666666667,1
18000,RealTimeInference,226,RegionA,RegionB,12,20,226,232.383333333333,6.38333333333333,2,0.16,0,12.7666666666667,1
18083,AITraining,228,RegionF,RegionF,5,150,228,231.833333333333,3.83333333333333,80,12.8,0,0,0
18087,BatchInference,213,RegionC,RegionB,14,80,229,232.466666666667,3.46666666666667,7,0.7,16,24.2666666666667,1
18345,AITraining,221,RegionF,RegionB,79,150,221,225.2,4.2,77,12.32,0,323.4,1
18387,AITraining,219,RegionD,RegionC,58,150,219,224.6,5.6,84,13.44,0,470.4,1
18480,RealTimeInference,227,RegionB,RegionB,5,20,227,233.416666666667,6.41666666666667,2,0.16,0,0,0
18499,AITraining,217,RegionD,RegionE,22,150,224,228.366666666667,4.36666666666667,121,19.36,7,528.366666666667,1
18571,AITraining,224,RegionD,RegionD,5,150,231,236.333333333333,5.33333333333333,116,18.56,7,0,0
18582,AITraining,219,RegionF,RegionF,5,150,219,220.466666666667,1.46666666666667,70,11.2,0,0,0
18635,AITraining,238,RegionA,RegionC,15,150,238,242.016666666667,4.01666666666667,121,19.36,0,486.016666666667,1
18652,RealTimeInference,232,RegionB,RegionC,14,20,232,237.55,5.55,7,0.56,0,38.85,1
19011,BatchInference,220,RegionB,RegionD,60,80,220,223.866666666667,3.86666666666667,16,1.6,0,61.8666666666667,1
19043,RealTimeInference,224,RegionA,RegionC,15,20,224,229.616666666667,5.61666666666667,7,0.56,0,39.3166666666667,1
19169,BatchInference,226,RegionC,RegionB,14,80,226,232.6,6.6,9,0.9,0,59.4,1
19481,BatchInference,238,RegionA,RegionA,5,80,238,241.833333333333,3.83333333333333,5,0.5,0,0,0
19517,BatchInference,238,RegionC,RegionF,76,80,238,242.866666666667,4.86666666666667,15,1.5,0,73,1
19533,AITraining,233,RegionF,RegionF,5,150,233,238.766666666667,5.76666666666667,74,11.84,0,0,0
19597,AITraining,181,RegionE,RegionA,78,150,231,232.15,1.15,89,14.24,50,102.35,1
19787,BatchInference,231,RegionD,RegionC,58,80,237,240.8,3.8,4,0.4,6,15.2,1
20127,RealTimeInference,226,RegionB,RegionC,14,20,226,226.383333333333,0.383333333333333,4,0.32,0,1.53333333333333,1
20221,AITraining,236,RegionF,RegionA,82,150,236,236.333333333333,0.333333333333333,85,13.6,0,28.3333333333333,1
20243,AITraining,221,RegionD,RegionD,5,150,221,222.483333333333,1.48333333333333,27,4.32,0,0,0
20302,RealTimeInference,219,RegionA,RegionC,15,20,219,222.933333333333,3.93333333333333,6,0.48,0,23.6,1
20374,BatchInference,202,RegionA,RegionE,78,80,229,235.616666666667,6.61666666666667,11,1.1,27,72.7833333333333,1
20421,BatchInference,198,RegionB,RegionB,5,80,229,234.533333333333,5.53333333333333,17,1.7,31,0,0
20494,BatchInference,218,RegionC,RegionE,70,80,224,228.3,4.3,15,1.5,6,64.5,1
20611,AITraining,235,RegionD,RegionD,5,150,235,237.133333333333,2.13333333333333,78,12.48,0,0,0
20665,AITraining,216,RegionE,RegionD,22,150,231,236.383333333333,5.38333333333333,74,11.84,15,398.366666666667,1
20834,BatchInference,227,RegionB,RegionB,5,80,227,232.866666666667,5.86666666666667,14,1.4,0,0,0
20914,BatchInference,207,RegionC,RegionA,15,80,229,232.066666666667,3.06666666666667,6,0.6,22,18.4,1
21073,AITraining,233,RegionE,RegionE,5,150,239,240.066666666667,1.06666666666667,85,13.6,6,0,0
21250,RealTimeInference,223,RegionC,RegionC,5,20,223,224.916666666667,1.91666666666667,4,0.32,0,0,0
21256,RealTimeInference,225,RegionB,RegionA,12,20,225,227.783333333333,2.78333333333333,7,0.56,0,19.4833333333333,1
21300,BatchInference,192,RegionB,RegionA,12,80,229,230.1,1.1,10,1,37,11,1
21311,RealTimeInference,233,RegionF,RegionF,5,20,233,239.166666666667,6.16666666666667,5,0.4,0,0,0
21334,BatchInference,232,RegionC,RegionF,76,80,232,235.516666666667,3.51666666666667,20,2,0,70.3333333333333,1
21357,RealTimeInference,216,RegionF,RegionF,5,20,216,222.316666666667,6.31666666666667,3,0.24,0,0,0
21573,AITraining,232,RegionF,RegionF,5,150,238,239.2,1.2,126,20.16,6,0,0
21625,RealTimeInference,223,RegionC,RegionC,5,20,223,228.5,5.5,2,0.16,0,0,0
21854,RealTimeInference,238,RegionC,RegionB,14,20,238,238.3,0.3,3,0.24,0,0.9,1
21972,AITraining,230,RegionF,RegionF,5,150,230,232.983333333333,2.98333333333333,41,6.56,0,0,0
21982,RealTimeInference,230,RegionA,RegionB,12,20,230,234.483333333333,4.48333333333333,7,0.56,0,31.3833333333333,1
22065,RealTimeInference,222,RegionE,RegionF,18,20,222,224.4,2.4,3,0.24,0,7.2,1
22101,BatchInference,224,RegionC,RegionC,5,80,231,236.366666666667,5.36666666666667,20,2,7,0,0
22190,AITraining,239,RegionF,RegionD,25,150,239,244.216666666667,5.21666666666667,93,14.88,0,485.15,1
22196,BatchInference,218,RegionF,RegionE,18,80,229,232.366666666667,3.36666666666667,20,2,11,67.3333333333333,1
22295,BatchInference,200,RegionF,RegionB,79,80,229,232.466666666667,3.46666666666667,22,2.2,29,76.2666666666667,1
22469,BatchInference,215,RegionC,RegionF,76,80,229,231.133333333333,2.13333333333333,12,1.2,14,25.6,1
22535,RealTimeInference,233,RegionB,RegionA,12,20,233,235.95,2.95,2,0.16,0,5.9,1
22566,BatchInference,210,RegionB,RegionB,5,80,216,218.066666666667,2.06666666666667,17,1.7,6,0,0
22577,AITraining,216,RegionF,RegionA,82,150,231,232.533333333333,1.53333333333333,114,18.24,15,174.8,1
22646,AITraining,238,RegionE,RegionF,18,150,238,239.266666666667,1.26666666666667,80,12.8,0,101.333333333333,1
23015,AITraining,227,RegionF,RegionB,79,150,227,230.7,3.7,77,12.32,0,284.9,1
23089,BatchInference,231,RegionA,RegionE,78,80,231,235.383333333333,4.38333333333333,15,1.5,0,65.75,1
23235,BatchInference,207,RegionB,RegionE,74,80,229,231.816666666667,2.81666666666667,21,2.1,22,59.15,1
23256,BatchInference,201,RegionC,RegionC,5,80,229,229.316666666667,0.316666666666667,10,1,28,0,0
23351,RealTimeInference,221,RegionF,RegionE,18,20,221,227.1,6.1,4,0.32,0,24.4,1
23411,AITraining,237,RegionC,RegionE,70,150,237,241.666666666667,4.66666666666667,98,15.68,0,457.333333333333,1
23567,BatchInference,225,RegionF,RegionC,76,80,225,226.25,1.25,23,2.3,0,28.75,1
23612,BatchInference,221,RegionE,RegionE,5,80,224,228.316666666667,4.31666666666667,18,1.8,3,0,0
23626,AITraining,227,RegionF,RegionD,25,150,227,228.733333333333,1.73333333333333,55,8.8,0,95.3333333333333,1
23907,AITraining,223,RegionE,RegionD,22,150,223,228.116666666667,5.11666666666667,105,16.8,0,537.25,1
23951,AITraining,236,RegionD,RegionC,58,150,236,242.55,6.55,102,16.32,0,668.1,1
24026,RealTimeInference,226,RegionC,RegionC,5,20,226,229.766666666667,3.76666666666667,7,0.56,0,0,0
24057,AITraining,227,RegionE,RegionB,74,150,227,231.316666666667,4.31666666666667,37,5.92,0,159.716666666667,1
24135,BatchInference,201,RegionC,RegionF,76,80,229,232.933333333333,3.93333333333333,17,1.7,28,66.8666666666667,1
24249,RealTimeInference,226,RegionC,RegionB,14,20,226,231.716666666667,5.71666666666667,6,0.48,0,34.3,1
24280,RealTimeInference,226,RegionB,RegionB,5,20,226,231.766666666667,5.76666666666667,6,0.48,0,0,0
24462,BatchInference,223,RegionB,RegionC,14,80,229,229.283333333333,0.283333333333333,12,1.2,6,3.4,1
24606,AITraining,238,RegionD,RegionF,25,150,238,240.216666666667,2.21666666666667,95,15.2,0,210.583333333333,1
24659,RealTimeInference,220,RegionB,RegionB,5,20,220,223.583333333333,3.58333333333333,2,0.16,0,0,0
24698,RealTimeInference,235,RegionA,RegionC,15,20,235,239.15,4.15,6,0.48,0,24.9,1
24742,BatchInference,214,RegionA,RegionB,12,80,229,232.7,3.7,13,1.3,15,48.1,1
24813,AITraining,219,RegionF,RegionD,25,150,223,229.266666666667,6.26666666666667,22,3.52,4,137.866666666667,1
24840,BatchInference,234,RegionF,RegionF,5,80,234,238.283333333333,4.28333333333333,22,2.2,0,0,0
24860,BatchInference,224,RegionA,RegionC,15,80,229,229.333333333333,0.333333333333333,23,2.3,5,7.66666666666667,1
24944,AITraining,220,RegionF,RegionE,18,150,224,228.483333333333,4.48333333333333,74,11.84,4,331.766666666667,1
25034,BatchInference,221,RegionD,RegionB,60,80,221,221.65,0.65,10,1,0,6.5,1
25338,RealTimeInference,231,RegionD,RegionD,5,20,231,237.166666666667,6.16666666666667,6,0.48,0,0,0
25460,BatchInference,230,RegionC,RegionF,76,80,236,238.633333333333,2.63333333333333,10,1,6,26.3333333333333,1
25504,BatchInference,217,RegionB,RegionE,74,80,229,230.683333333333,1.68333333333333,19,1.9,12,31.9833333333333,1
25513,BatchInference,215,RegionD,RegionB,60,80,229,232.65,3.65,4,0.4,14,14.6,1
25525,BatchInference,203,RegionC,RegionB,14,80,225,228.55,3.55,21,2.1,22,74.55,1
25665,BatchInference,222,RegionE,RegionE,5,80,229,230.516666666667,1.51666666666667,5,0.5,7,0,0
25682,RealTimeInference,229,RegionA,RegionB,12,20,229,233.316666666667,4.31666666666667,2,0.16,0,8.63333333333333,1
25702,BatchInference,208,RegionB,RegionE,74,80,229,232.65,3.65,15,1.5,21,54.75,1
25705,RealTimeInference,236,RegionC,RegionA,15,20,236,241.05,5.05,6,0.48,0,30.3,1
25771,BatchInference,209,RegionF,RegionE,18,80,229,230.833333333333,1.83333333333333,21,2.1,20,38.5,1
25859,BatchInference,192,RegionB,RegionF,79,80,226,227.233333333333,1.23333333333333,14,1.4,34,17.2666666666667,1
25895,BatchInference,229,RegionE,RegionA,78,80,235,237.9,2.9,7,0.7,6,20.3,1
25950,AITraining,224,RegionD,RegionA,65,150,224,225.516666666667,1.51666666666667,30,4.8,0,45.5,1
26003,RealTimeInference,223,RegionA,RegionB,12,20,223,226.9,3.9,7,0.56,0,27.3,1
26072,AITraining,220,RegionF,RegionA,82,150,220,226.266666666667,6.26666666666667,56,8.96,0,350.933333333333,1
26112,BatchInference,228,RegionF,RegionF,5,80,228,228.6,0.6,23,2.3,0,0,0
26195,BatchInference,207,RegionD,RegionE,22,80,224,228.866666666667,4.86666666666667,7,0.7,17,34.0666666666667,1
26208,AITraining,218,RegionE,RegionF,18,150,224,229.883333333333,5.88333333333333,61,9.76,6,358.883333333333,1
26310,AITraining,223,RegionB,RegionD,60,150,226,227.983333333333,1.98333333333333,74,11.84,3,146.766666666667,1
26312,BatchInference,236,RegionB,RegionA,12,80,236,242.283333333333,6.28333333333333,22,2.2,0,138.233333333333,1
26394,AITraining,222,RegionF,RegionA,82,150,224,229.016666666667,5.01666666666667,46,7.36,2,230.766666666667,1
26556,AITraining,232,RegionE,RegionC,70,150,232,234.483333333333,2.48333333333333,82,13.12,0,203.633333333333,1
26575,RealTimeInference,234,RegionB,RegionC,14,20,234,234.5,0.5,6,0.48,0,3,1
26800,BatchInference,232,RegionE,RegionF,18,80,232,235.3,3.3,17,1.7,0,56.1,1
26849,BatchInference,237,RegionB,RegionE,74,80,237,242.183333333333,5.18333333333333,6,0.6,0,31.1,1
26880,RealTimeInference,217,RegionF,RegionF,5,20,217,222.35,5.35,4,0.32,0,0,0
27060,RealTimeInference,237,RegionB,RegionA,12,20,237,238.183333333333,1.18333333333333,3,0.24,0,3.55,1
27239,AITraining,231,RegionE,RegionE,5,150,237,239.2,2.2,18,2.88,6,0,0
27318,BatchInference,224,RegionE,RegionC,70,80,229,229.683333333333,0.683333333333333,8,0.8,5,5.46666666666667,1
27436,BatchInference,212,RegionD,RegionB,60,80,216,217.016666666667,1.01666666666667,19,1.9,4,19.3166666666667,1
27541,BatchInference,218,RegionD,RegionC,58,80,229,230.466666666667,1.46666666666667,20,2,11,29.3333333333333,1
27565,RealTimeInference,237,RegionB,RegionA,12,20,237,241.333333333333,4.33333333333333,1,0.08,0,4.33333333333333,1
27750,BatchInference,219,RegionD,RegionE,22,80,224,229.85,5.85,23,2.3,5,134.55,1
27753,AITraining,237,RegionB,RegionE,74,150,237,241.616666666667,4.61666666666667,73,11.68,0,337.016666666667,1
27965,AITraining,233,RegionD,RegionA,65,150,239,241.433333333333,2.43333333333333,91,14.56,6,221.433333333333,1
27992,RealTimeInference,228,RegionB,RegionA,12,20,228,228.666666666667,0.666666666666667,4,0.32,0,2.66666666666667,1
28030,RealTimeInference,222,RegionA,RegionA,5,20,222,222.333333333333,0.333333333333333,1,0.08,0,0,0
28037,AITraining,232,RegionD,RegionC,58,150,232,233.516666666667,1.51666666666667,19,3.04,0,28.8166666666667,1
28069,RealTimeInference,220,RegionA,RegionA,5,20,220,221.366666666667,1.36666666666667,5,0.4,0,0,0
28131,AITraining,228,RegionE,RegionE,5,150,228,229.3,1.3,80,12.8,0,0,0
28301,AITraining,228,RegionE,RegionE,5,150,228,230.3,2.3,17,2.72,0,0,0
28330,RealTimeInference,220,RegionA,RegionB,12,20,220,222.366666666667,2.36666666666667,7,0.56,0,16.5666666666667,1
28434,BatchInference,202,RegionF,RegionC,76,80,229,230.116666666667,1.11666666666667,16,1.6,27,17.8666666666667,1
28489,RealTimeInference,223,RegionA,RegionB,12,20,223,224.266666666667,1.26666666666667,5,0.4,0,6.33333333333333,1
28499,BatchInference,231,RegionE,RegionF,18,80,237,239.7,2.7,16,1.6,6,43.2,1
28605,BatchInference,220,RegionF,RegionE,18,80,224,228.366666666667,4.36666666666667,10,1,4,43.6666666666667,1
28646,BatchInference,199,RegionB,RegionF,79,80,229,234.933333333333,5.93333333333333,22,2.2,30,130.533333333333,1
28647,AITraining,218,RegionD,RegionA,65,150,231,236.983333333333,5.98333333333333,65,10.4,13,388.916666666667,1
28707,RealTimeInference,232,RegionB,RegionA,12,20,232,233.333333333333,1.33333333333333,6,0.48,0,8,1
29226,BatchInference,234,RegionD,RegionF,25,80,234,240.383333333333,6.38333333333333,8,0.8,0,51.0666666666667,1
29289,BatchInference,228,RegionB,RegionE,74,80,228,231.2,3.2,16,1.6,0,51.2,1
29360,BatchInference,217,RegionA,RegionE,78,80,229,231.65,2.65,12,1.2,12,31.8,1
29479,AITraining,226,RegionD,RegionC,58,150,226,229.75,3.75,23,3.68,0,86.25,1
29550,BatchInference,239,RegionA,RegionA,5,80,239,241.716666666667,2.71666666666667,17,1.7,0,0,0
29777,BatchInference,222,RegionD,RegionF,25,80,229,232.866666666667,3.86666666666667,18,1.8,7,69.6,1
29921,AITraining,235,RegionE,RegionD,22,150,235,236.9,1.9,111,17.76,0,210.9,1
29928,BatchInference,230,RegionD,RegionF,25,80,230,233.2,3.2,14,1.4,0,44.8,1
30138,BatchInference,233,RegionD,RegionE,22,80,233,236.683333333333,3.68333333333333,22,2.2,0,81.0333333333333,1
30146,AITraining,223,RegionF,RegionC,76,150,231,232.25,1.25,57,9.12,8,71.25,1
30156,RealTimeInference,224,RegionB,RegionC,14,20,224,227.05,3.05,4,0.32,0,12.2,1
30163,RealTimeInference,228,RegionB,RegionB,5,20,228,229.466666666667,1.46666666666667,2,0.16,0,0,0
30205,BatchInference,214,RegionE,RegionA,78,80,229,232.05,3.05,20,2,15,61,1
30382,RealTimeInference,221,RegionC,RegionC,5,20,221,223.216666666667,2.21666666666667,3,0.24,0,0,0
30456,RealTimeInference,225,RegionA,RegionC,15,20,225,225.5,0.5,6,0.48,0,3,1
30510,AITraining,212,RegionD,RegionD,5,150,225,228.266666666667,3.26666666666667,126,20.16,13,0,0
30670,AITraining,215,RegionF,RegionE,18,150,224,228.85,4.85,88,14.08,9,426.8,1
30745,BatchInference,227,RegionA,RegionA,5,80,227,232.033333333333,5.03333333333333,13,1.3,0,0,0
30757,RealTimeInference,234,RegionA,RegionA,5,20,234,240.383333333333,6.38333333333333,3,0.24,0,0,0
30773,BatchInference,233,RegionC,RegionC,5,80,233,233.733333333333,0.733333333333333,10,1,0,0,0
31007,BatchInference,209,RegionA,RegionE,78,80,224,228.333333333333,4.33333333333333,8,0.8,15,34.6666666666667,1
31077,RealTimeInference,231,RegionC,RegionB,14,20,231,235.033333333333,4.03333333333333,1,0.08,0,4.03333333333333,1
31275,BatchInference,220,RegionF,RegionD,25,80,220,223.85,3.85,8,0.8,0,30.8,1
31297,AITraining,201,RegionD,RegionE,22,150,231,236.05,5.05,118,18.88,30,595.9,1
31308,AITraining,225,RegionA,RegionA,5,150,225,230.65,5.65,87,13.92,0,0,0
31567,RealTimeInference,231,RegionB,RegionA,12,20,231,235.133333333333,4.13333333333333,5,0.4,0,20.6666666666667,1
31587,RealTimeInference,226,RegionB,RegionB,5,20,226,230.933333333333,4.93333333333333,6,0.48,0,0,0
31664,RealTimeInference,223,RegionA,RegionC,15,20,223,227.816666666667,4.81666666666667,7,0.56,0,33.7166666666667,1
31738,BatchInference,210,RegionD,RegionE,22,80,229,235.65,6.65,23,2.3,19,152.95,1
31821,BatchInference,217,RegionB,RegionB,5,80,229,234.3,5.3,8,0.8,12,0,0
32030,AITraining,202,RegionB,RegionE,74,150,225,227.7,2.7,68,10.88,23,183.6,1
32215,RealTimeInference,225,RegionA,RegionB,12,20,225,231.433333333333,6.43333333333333,3,0.24,0,19.3,1
32297,BatchInference,224,RegionE,RegionF,18,80,226,227.233333333333,1.23333333333333,12,1.2,2,14.8,1
32302,BatchInference,210,RegionD,RegionE,22,80,229,230.816666666667,1.81666666666667,7,0.7,19,12.7166666666667,1
32511,BatchInference,216,RegionC,RegionE,70,80,229,235.45,6.45,9,0.9,13,58.05,1
32738,AITraining,230,RegionA,RegionE,78,150,230,234.833333333333,4.83333333333333,52,8.32,0,251.333333333333,1
32844,RealTimeInference,224,RegionA,RegionC,15,20,224,226.466666666667,2.46666666666667,7,0.56,0,17.2666666666667,1
32924,BatchInference,224,RegionB,RegionB,5,80,229,232.066666666667,3.06666666666667,13,1.3,5,0,0
33012,BatchInference,218,RegionE,RegionF,18,80,229,230.65,1.65,14,1.4,11,23.1,1
33060,RealTimeInference,220,RegionA,RegionA,5,20,220,225.65,5.65,4,0.32,0,0,0
33170,BatchInference,201,RegionF,RegionE,18,80,229,235.466666666667,6.46666666666667,6,0.6,28,38.8,1
33195,BatchInference,217,RegionD,RegionB,60,80,229,233.233333333333,4.23333333333333,20,2,12,84.6666666666667,1
33266,BatchInference,222,RegionC,RegionC,5,80,229,230.333333333333,1.33333333333333,22,2.2,7,0,0
33454,BatchInference,213,RegionA,RegionC,15,80,229,230,1,19,1.9,16,19,1
33598,BatchInference,199,RegionA,RegionB,12,80,225,228.55,3.55,6,0.6,26,21.3,1
33989,BatchInference,239,RegionD,RegionB,60,80,239,239.233333333333,0.233333333333333,6,0.6,0,1.4,1
34103,RealTimeInference,227,RegionA,RegionA,5,20,227,230.05,3.05,1,0.08,0,0,0
34173,BatchInference,227,RegionE,RegionE,5,80,227,230.85,3.85,20,2,0,0,0
34357,BatchInference,180,RegionE,RegionE,5,80,224,229.333333333333,5.33333333333333,19,1.9,44,0,0
34556,BatchInference,213,RegionA,RegionC,15,80,229,229.8,0.8,4,0.4,16,3.2,1
34580,AITraining,229,RegionF,RegionC,76,150,229,229.5,0.5,105,16.8,0,52.5,1
34963,BatchInference,209,RegionB,RegionE,74,80,229,234.766666666667,5.76666666666667,10,1,20,57.6666666666667,1
34969,AITraining,232,RegionC,RegionF,76,150,232,238.116666666667,6.11666666666667,90,14.4,0,550.5,1
35121,AITraining,225,RegionD,RegionC,58,150,231,235.616666666667,4.61666666666667,64,10.24,6,295.466666666667,1
35159,BatchInference,239,RegionA,RegionD,65,80,239,241.883333333333,2.88333333333333,4,0.4,0,11.5333333333333,1
35182,AITraining,218,RegionE,RegionD,22,150,218,224.65,6.65,117,18.72,0,778.05,1
35317,RealTimeInference,235,RegionA,RegionC,15,20,235,241.283333333333,6.28333333333333,1,0.08,0,6.28333333333333,1
35536,AITraining,232,RegionE,RegionF,18,150,238,239.25,1.25,28,4.48,6,35,1
35714,BatchInference,202,RegionD,RegionE,22,80,229,235.533333333333,6.53333333333333,4,0.4,27,26.1333333333333,1
35786,RealTimeInference,226,RegionC,RegionB,14,20,226,229.7,3.7,6,0.48,0,22.2,1
35856,AITraining,223,RegionD,RegionD,5,150,223,224.45,1.45,124,19.84,0,0,0
35869,BatchInference,218,RegionB,RegionE,74,80,229,231.4,2.4,16,1.6,11,38.4,1
36104,AITraining,231,RegionD,RegionB,60,150,231,234.05,3.05,63,10.08,0,192.15,1
36133,RealTimeInference,237,RegionB,RegionB,5,20,237,240.283333333333,3.28333333333333,2,0.16,0,0,0
36383,AITraining,221,RegionE,RegionF,18,150,224,229.516666666667,5.51666666666667,111,17.76,3,612.35,1
36443,BatchInference,198,RegionE,RegionE,5,80,229,235.416666666667,6.41666666666667,21,2.1,31,0,0
36460,BatchInference,224,RegionC,RegionE,70,80,224,227.583333333333,3.58333333333333,19,1.9,0,68.0833333333333,1
36602,RealTimeInference,233,RegionA,RegionA,5,20,233,234.983333333333,1.98333333333333,5,0.4,0,0,0
36790,RealTimeInference,234,RegionC,RegionA,15,20,234,237.066666666667,3.06666666666667,4,0.32,0,12.2666666666667,1
36807,BatchInference,229,RegionB,RegionA,12,80,235,239.683333333333,4.68333333333333,5,0.5,6,23.4166666666667,1
36972,RealTimeInference,230,RegionB,RegionB,5,20,230,233.816666666667,3.81666666666667,2,0.16,0,0,0
37076,RealTimeInference,223,RegionB,RegionA,12,20,223,224.383333333333,1.38333333333333,6,0.48,0,8.3,1
37136,BatchInference,209,RegionC,RegionE,70,80,229,230.833333333333,1.83333333333333,9,0.9,20,16.5,1
37162,RealTimeInference,219,RegionB,RegionB,5,20,219,224.3,5.3,3,0.24,0,0,0
37287,RealTimeInference,219,RegionB,RegionA,12,20,219,224.35,5.35,7,0.56,0,37.45,1
37372,BatchInference,210,RegionC,RegionF,76,80,229,233.066666666667,4.06666666666667,7,0.7,19,28.4666666666667,1
37443,RealTimeInference,236,RegionA,RegionA,5,20,236,238.133333333333,2.13333333333333,6,0.48,0,0,0
37540,BatchInference,222,RegionA,RegionC,15,80,225,227.15,2.15,22,2.2,3,47.3,1
37548,AITraining,216,RegionD,RegionE,22,150,224,229.85,5.85,62,9.92,8,362.7,1
37724,BatchInference,190,RegionA,RegionC,15,80,229,229.45,0.45,16,1.6,39,7.2,1
37799,BatchInference,217,RegionD,RegionC,58,80,229,229.4,0.4,14,1.4,12,5.6,1
37839,BatchInference,201,RegionD,RegionF,25,80,229,233.116666666667,4.11666666666667,13,1.3,28,53.5166666666667,1
37866,AITraining,227,RegionF,RegionC,76,150,227,229.45,2.45,43,6.88,0,105.35,1
38050,BatchInference,194,RegionE,RegionB,74,80,216,218.2,2.2,7,0.7,22,15.4,1
38071,BatchInference,234,RegionA,RegionA,5,80,234,234.916666666667,0.916666666666667,11,1.1,0,0,0
38079,BatchInference,232,RegionB,RegionA,12,80,232,232.666666666667,0.666666666666667,18,1.8,0,12,1
38142,AITraining,234,RegionF,RegionC,76,150,234,234.45,0.45,60,9.6,0,27,1
38153,AITraining,202,RegionE,RegionD,22,150,225,228.066666666667,3.06666666666667,100,16,23,306.666666666667,1
38305,BatchInference,181,RegionD,RegionF,25,80,229,234.833333333333,5.83333333333333,10,1,48,58.3333333333333,1
38450,AITraining,220,RegionF,RegionF,5,150,220,220.583333333333,0.583333333333333,60,9.6,0,0,0
38468,BatchInference,237,RegionD,RegionF,25,80,237,242.6,5.6,6,0.6,0,33.6,1
38578,RealTimeInference,239,RegionA,RegionB,12,20,239,240.566666666667,1.56666666666667,5,0.4,0,7.83333333333333,1
38886,BatchInference,221,RegionB,RegionC,14,80,229,230.05,1.05,9,0.9,8,9.45,1
38957,BatchInference,221,RegionA,RegionB,12,80,221,224.75,3.75,11,1.1,0,41.25,1
39462,RealTimeInference,228,RegionA,RegionC,15,20,228,229.6,1.6,6,0.48,0,9.6,1
39486,RealTimeInference,217,RegionC,RegionA,15,20,217,219.05,2.05,5,0.4,0,10.25,1
39489,BatchInference,184,RegionB,RegionB,5,80,216,220.05,4.05,6,0.6,32,0,0
39520,AITraining,228,RegionF,RegionE,18,150,228,230.35,2.35,91,14.56,0,213.85,1
39601,AITraining,219,RegionD,RegionD,5,150,231,235.95,4.95,37,5.92,12,0,0
39670,AITraining,227,RegionF,RegionB,79,150,227,230.483333333333,3.48333333333333,72,11.52,0,250.8,1
39758,BatchInference,202,RegionB,RegionF,79,80,229,233.516666666667,4.51666666666667,7,0.7,27,31.6166666666667,1
39843,AITraining,238,RegionD,RegionF,25,150,238,243.333333333333,5.33333333333333,26,4.16,0,138.666666666667,1
39939,AITraining,195,RegionF,RegionC,76,150,231,236.616666666667,5.61666666666667,58,9.28,36,325.766666666667,1
39955,BatchInference,220,RegionB,RegionC,14,80,229,230.15,1.15,19,1.9,9,21.85,1
39985,BatchInference,233,RegionE,RegionC,70,80,233,239.183333333333,6.18333333333333,14,1.4,0,86.5666666666667,1
40108,BatchInference,209,RegionD,RegionF,25,80,229,232.95,3.95,11,1.1,20,43.45,1
40143,RealTimeInference,238,RegionD,RegionD,5,20,238,241.733333333333,3.73333333333333,6,0.48,0,0,0
40205,AITraining,223,RegionD,RegionD,5,150,224,228.15,4.15,126,20.16,1,0,0
40262,AITraining,225,RegionB,RegionB,5,150,225,228.25,3.25,108,17.28,0,0,0
40287,AITraining,229,RegionF,RegionF,5,150,229,235.333333333333,6.33333333333333,92,14.72,0,0,0
40310,RealTimeInference,238,RegionB,RegionB,5,20,238,238.933333333333,0.933333333333333,2,0.16,0,0,0
40356,RealTimeInference,239,RegionB,RegionA,12,20,239,242.416666666667,3.41666666666667,3,0.24,0,10.25,1
40366,RealTimeInference,239,RegionD,RegionD,5,20,239,244.566666666667,5.56666666666667,2,0.16,0,0,0
40403,RealTimeInference,229,RegionB,RegionB,5,20,229,233.6,4.6,2,0.16,0,0,0
40418,BatchInference,212,RegionE,RegionE,5,80,224,229.7,5.7,23,2.3,12,0,0
40427,RealTimeInference,226,RegionA,RegionC,15,20,226,226.616666666667,0.616666666666667,2,0.16,0,1.23333333333333,1
40470,AITraining,226,RegionF,RegionF,5,150,226,230.966666666667,4.96666666666667,81,12.96,0,0,0
41255,BatchInference,228,RegionC,RegionC,5,80,229,229.166666666667,0.166666666666667,5,0.5,1,0,0
41271,BatchInference,228,RegionF,RegionB,79,80,228,233.8,5.8,16,1.6,0,92.8,1
41345,RealTimeInference,237,RegionA,RegionA,5,20,237,237.933333333333,0.933333333333333,4,0.32,0,0,0
41423,AITraining,229,RegionB,RegionD,60,150,231,236.133333333333,5.13333333333333,116,18.56,2,595.466666666667,1
41454,AITraining,227,RegionF,RegionA,82,150,227,229.916666666667,2.91666666666667,122,19.52,0,355.833333333333,1
41534,RealTimeInference,222,RegionF,RegionE,18,20,222,225.566666666667,3.56666666666667,4,0.32,0,14.2666666666667,1
41629,RealTimeInference,239,RegionB,RegionA,12,20,239,244.5,5.5,4,0.32,0,22,1
41645,BatchInference,227,RegionF,RegionE,18,80,227,231.483333333333,4.48333333333333,15,1.5,0,67.25,1
41651,AITraining,222,RegionF,RegionD,25,150,222,222.666666666667,0.666666666666667,113,18.08,0,75.3333333333333,1
41748,BatchInference,177,RegionD,RegionB,60,80,229,234.216666666667,5.21666666666667,14,1.4,52,73.0333333333333,1
41859,RealTimeInference,231,RegionB,RegionA,12,20,231,235.35,4.35,2,0.16,0,8.7,1
41860,AITraining,218,RegionE,RegionD,22,150,218,222.583333333333,4.58333333333333,103,16.48,0,472.083333333333,1
41961,BatchInference,232,RegionA,RegionE,78,80,232,234.833333333333,2.83333333333333,8,0.8,0,22.6666666666667,1
41986,BatchInference,234,RegionF,RegionE,18,80,234,236.9,2.9,12,1.2,0,34.8,1
42051,RealTimeInference,223,RegionC,RegionA,15,20,223,229.183333333333,6.18333333333333,2,0.16,0,12.3666666666667,1
42102,AITraining,233,RegionE,RegionF,18,150,233,239.533333333333,6.53333333333333,26,4.16,0,169.866666666667,1
42193,BatchInference,229,RegionC,RegionA,15,80,235,238.516666666667,3.51666666666667,10,1,6,35.1666666666667,1
42277,RealTimeInference,221,RegionA,RegionC,15,20,221,225.183333333333,4.18333333333333,6,0.48,0,25.1,1
42491,AITraining,230,RegionF,RegionE,18,150,230,235.433333333333,5.43333333333333,102,16.32,0,554.2,1
42548,BatchInference,226,RegionD,RegionB,60,80,226,230.766666666667,4.76666666666667,17,1.7,0,81.0333333333333,1
42742,RealTimeInference,218,RegionA,RegionC,15,20,218,223.216666666667,5.21666666666667,4,0.32,0,20.8666666666667,1
42795,AITraining,235,RegionD,RegionD,5,150,235,237.2,2.2,73,11.68,0,0,0
42854,RealTimeInference,237,RegionA,RegionA,5,20,237,241.383333333333,4.38333333333333,3,0.24,0,0,0
42883,AITraining,219,RegionE,RegionE,5,150,219,221.6,2.6,92,14.72,0,0,0
42955,AITraining,234,RegionE,RegionC,70,150,234,237.783333333333,3.78333333333333,55,8.8,0,208.083333333333,1
43033,BatchInference,220,RegionC,RegionC,5,80,220,223.683333333333,3.68333333333333,16,1.6,0,0,0
43103,BatchInference,230,RegionA,RegionA,5,80,236,238.433333333333,2.43333333333333,12,1.2,6,0,0
43215,AITraining,195,RegionD,RegionF,25,150,225,228.583333333333,3.58333333333333,93,14.88,30,333.25,1
43327,AITraining,226,RegionD,RegionB,60,150,231,232.166666666667,1.16666666666667,68,10.88,5,79.3333333333333,1
43466,RealTimeInference,239,RegionB,RegionA,12,20,239,241.633333333333,2.63333333333333,3,0.24,0,7.9,1
43472,BatchInference,232,RegionC,RegionC,5,80,232,235.05,3.05,17,1.7,0,0,0
43582,RealTimeInference,227,RegionA,RegionB,12,20,227,230.8,3.8,1,0.08,0,3.8,1
43631,BatchInference,234,RegionD,RegionF,25,80,234,239.966666666667,5.96666666666667,20,2,0,119.333333333333,1
43657,BatchInference,229,RegionD,RegionC,58,80,235,240.083333333333,5.08333333333333,14,1.4,6,71.1666666666667,1
43702,AITraining,218,RegionD,RegionA,65,150,218,222.933333333333,4.93333333333333,103,16.48,0,508.133333333333,1
43814,BatchInference,225,RegionD,RegionE,22,80,229,230.85,1.85,9,0.9,4,16.65,1
43934,BatchInference,216,RegionE,RegionC,70,80,229,229.6,0.6,8,0.8,13,4.8,1
44248,BatchInference,223,RegionD,RegionE,22,80,229,235.6,6.6,9,0.9,6,59.4,1
44547,AITraining,229,RegionD,RegionA,65,150,229,230.366666666667,1.36666666666667,109,17.44,0,148.966666666667,1
44824,BatchInference,229,RegionC,RegionC,5,80,229,230.533333333333,1.53333333333333,23,2.3,0,0,0
44977,AITraining,230,RegionF,RegionB,79,150,230,233.8,3.8,108,17.28,0,410.4,1
45034,AITraining,217,RegionE,RegionF,18,150,225,228.866666666667,3.86666666666667,85,13.6,8,328.666666666667,1
45251,BatchInference,238,RegionD,RegionF,25,80,238,239.3,1.3,23,2.3,0,29.9,1
45326,RealTimeInference,225,RegionA,RegionC,15,20,225,231.083333333333,6.08333333333333,5,0.4,0,30.4166666666667,1
45540,AITraining,217,RegionE,RegionD,22,150,231,235.933333333333,4.93333333333333,117,18.72,14,577.2,1
45611,RealTimeInference,233,RegionB,RegionC,14,20,233,238.816666666667,5.81666666666667,1,0.08,0,5.81666666666667,1
45741,AITraining,222,RegionD,RegionA,65,150,231,232.033333333333,1.03333333333333,76,12.16,9,78.5333333333333,1
45765,RealTimeInference,216,RegionF,RegionF,5,20,216,220.05,4.05,1,0.08,0,0,0
45927,BatchInference,216,RegionD,RegionB,60,80,216,218.533333333333,2.53333333333333,17,1.7,0,43.0666666666667,1
45931,BatchInference,229,RegionB,RegionA,12,80,235,237.916666666667,2.91666666666667,6,0.6,6,17.5,1
46107,AITraining,224,RegionC,RegionF,76,150,224,226.466666666667,2.46666666666667,52,8.32,0,128.266666666667,1
46259,RealTimeInference,237,RegionA,RegionA,5,20,237,237.766666666667,0.766666666666667,4,0.32,0,0,0
46364,RealTimeInference,236,RegionA,RegionA,5,20,236,239.966666666667,3.96666666666667,5,0.4,0,0,0
46603,AITraining,217,RegionF,RegionD,25,150,231,236.3,5.3,40,6.4,14,212,1
46628,AITraining,177,RegionE,RegionB,74,150,216,220.783333333333,4.78333333333333,32,5.12,39,153.066666666667,1
46693,AITraining,229,RegionD,RegionF,25,150,229,232.216666666667,3.21666666666667,70,11.2,0,225.166666666667,1
46720,AITraining,231,RegionE,RegionE,5,150,237,242,5,100,16,6,0,0
46744,AITraining,221,RegionD,RegionD,5,150,221,221.466666666667,0.466666666666667,54,8.64,0,0,0
46968,BatchInference,232,RegionB,RegionC,14,80,232,233.066666666667,1.06666666666667,16,1.6,0,17.0666666666667,1
47181,AITraining,229,RegionF,RegionF,5,150,229,232.45,3.45,96,15.36,0,0,0
47588,RealTimeInference,222,RegionD,RegionD,5,20,222,228.566666666667,6.56666666666667,4,0.32,0,0,0
47605,BatchInference,226,RegionC,RegionE,70,80,229,234.85,5.85,18,1.8,3,105.3,1
47629,BatchInference,237,RegionA,RegionE,78,80,237,239,2,23,2.3,0,46,1
47715,AITraining,239,RegionD,RegionC,58,150,239,242.883333333333,3.88333333333333,31,4.96,0,120.383333333333,1
47828,BatchInference,209,RegionC,RegionB,14,80,229,232.316666666667,3.31666666666667,11,1.1,20,36.4833333333333,1
47924,RealTimeInference,235,RegionA,RegionA,5,20,235,236.816666666667,1.81666666666667,1,0.08,0,0,0
47976,AITraining,230,RegionB,RegionF,79,150,230,235.916666666667,5.91666666666667,63,10.08,0,372.75,1
47981,BatchInference,230,RegionE,RegionA,78,80,236,238.566666666667,2.56666666666667,16,1.6,6,41.0666666666667,1
48030,RealTimeInference,236,RegionA,RegionA,5,20,236,237.7,1.7,4,0.32,0,0,0
48056,AITraining,236,RegionD,RegionA,65,150,236,240.683333333333,4.68333333333333,99,15.84,0,463.65,1
48159,RealTimeInference,232,RegionE,RegionF,18,20,232,238.6,6.6,7,0.56,0,46.2,1
48248,BatchInference,238,RegionC,RegionF,76,80,238,239.783333333333,1.78333333333333,13,1.3,0,23.1833333333333,1
48345,RealTimeInference,222,RegionA,RegionA,5,20,222,228.35,6.35,6,0.48,0,0,0
48671,AITraining,227,RegionA,RegionA,5,150,227,227.8,0.8,19,3.04,0,0,0
48771,RealTimeInference,226,RegionA,RegionC,15,20,226,229.066666666667,3.06666666666667,4,0.32,0,12.2666666666667,1
48934,RealTimeInference,217,RegionA,RegionA,5,20,217,218.533333333333,1.53333333333333,3,0.24,0,0,0
49106,BatchInference,164,RegionB,RegionC,14,80,229,230.266666666667,1.26666666666667,12,1.2,65,15.2,1
49170,BatchInference,202,RegionA,RegionE,78,80,229,231.566666666667,2.56666666666667,7,0.7,27,17.9666666666667,1
49209,RealTimeInference,224,RegionA,RegionB,12,20,224,230.166666666667,6.16666666666667,5,0.4,0,30.8333333333333,1
49212,RealTimeInference,223,RegionB,RegionA,12,20,223,228.716666666667,5.71666666666667,1,0.08,0,5.71666666666667,1
49219,RealTimeInference,224,RegionB,RegionA,12,20,224,228.566666666667,4.56666666666667,5,0.4,0,22.8333333333333,1
49361,AITraining,222,RegionD,RegionE,22,150,231,236.066666666667,5.06666666666667,82,13.12,9,415.466666666667,1
49468,RealTimeInference,230,RegionB,RegionA,12,20,230,236.566666666667,6.56666666666667,5,0.4,0,32.8333333333333,1
49615,BatchInference,193,RegionF,RegionF,5,80,229,232.816666666667,3.81666666666667,7,0.7,36,0,0
49693,BatchInference,201,RegionE,RegionE,5,80,229,234.766666666667,5.76666666666667,15,1.5,28,0,0
49768,BatchInference,208,RegionB,RegionB,5,80,229,233.833333333333,4.83333333333333,8,0.8,21,0,0
49958,BatchInference,223,RegionB,RegionE,74,80,229,234.916666666667,5.91666666666667,8,0.8,6,47.3333333333333,1
65,AITraining,260,RegionA,RegionB,12,150,260,264,4,107,17.12,0,428,1
141,BatchInference,240,RegionD,RegionB,60,80,249,249.75,0.75,10,1,9,7.5,1
313,BatchInference,255,RegionE,RegionD,22,80,261,263.366666666667,2.36666666666667,9,0.9,6,21.3,1
449,AITraining,246,RegionE,RegionB,74,150,246,248.783333333333,2.78333333333333,77,12.32,0,214.316666666667,1
468,RealTimeInference,244,RegionB,RegionA,12,20,244,246.9,2.9,6,0.48,0,17.4,1
640,AITraining,258,RegionE,RegionA,78,150,258,264.483333333333,6.48333333333333,16,2.56,0,103.733333333333,1
685,AITraining,260,RegionE,RegionD,22,150,260,260.35,0.35,121,19.36,0,42.35,1
951,RealTimeInference,258,RegionA,RegionA,5,20,258,261.05,3.05,4,0.32,0,0,0
1069,RealTimeInference,245,RegionA,RegionC,15,20,245,251.3,6.3,4,0.32,0,25.2,1
1154,AITraining,255,RegionB,RegionF,79,150,261,264.016666666667,3.01666666666667,35,5.6,6,105.583333333333,1
1200,BatchInference,242,RegionA,RegionD,65,80,242,247.55,5.55,21,2.1,0,116.55,1
1257,RealTimeInference,252,RegionC,RegionA,15,20,252,253.966666666667,1.96666666666667,2,0.16,0,3.93333333333333,1
1279,AITraining,246,RegionC,RegionD,58,150,246,251.283333333333,5.28333333333333,123,19.68,0,649.85,1
1386,AITraining,240,RegionD,RegionD,5,150,254,259.5,5.5,75,12,14,0,0
1394,BatchInference,247,RegionD,RegionD,5,80,247,247.266666666667,0.266666666666667,4,0.4,0,0,0
1486,RealTimeInference,259,RegionC,RegionA,15,20,259,265.566666666667,6.56666666666667,2,0.16,0,13.1333333333333,1
1557,BatchInference,183,RegionC,RegionB,14,80,249,249.983333333333,0.983333333333333,4,0.4,66,3.93333333333333,1
1576,AITraining,256,RegionD,RegionA,65,150,256,260.816666666667,4.81666666666667,17,2.72,0,81.8833333333333,1
1776,AITraining,261,RegionF,RegionB,79,150,261,263.916666666667,2.91666666666667,57,9.12,0,166.25,1
1868,RealTimeInference,252,RegionD,RegionD,5,20,252,254.266666666667,2.26666666666667,4,0.32,0,0,0
1934,BatchInference,243,RegionF,RegionD,25,80,247,253.283333333333,6.28333333333333,19,1.9,4,119.383333333333,1
2021,AITraining,252,RegionD,RegionA,65,150,252,257.416666666667,5.41666666666667,121,19.36,0,655.416666666667,1
2385,RealTimeInference,254,RegionC,RegionA,15,20,254,259.666666666667,5.66666666666667,6,0.48,0,34,1
2397,AITraining,220,RegionE,RegionA,78,150,256,256.266666666667,0.266666666666667,124,19.84,36,33.0666666666667,1
2472,AITraining,259,RegionF,RegionC,76,150,259,264,5,34,5.44,0,170,1
2558,RealTimeInference,257,RegionA,RegionA,5,20,257,260.466666666667,3.46666666666667,2,0.16,0,0,0
2674,RealTimeInference,262,RegionC,RegionB,14,20,262,267.566666666667,5.56666666666667,1,0.08,0,5.56666666666667,1
2832,RealTimeInference,261,RegionC,RegionB,14,20,261,266.1,5.1,7,0.56,0,35.7,1
2938,AITraining,245,RegionA,RegionA,5,150,245,249.2,4.2,74,11.84,0,0,0
2967,BatchInference,259,RegionC,RegionD,58,80,259,262.283333333333,3.28333333333333,20,2,0,65.6666666666667,1
2990,AITraining,248,RegionF,RegionC,76,150,255,260.483333333333,5.48333333333333,77,12.32,7,422.216666666667,1
3116,RealTimeInference,246,RegionA,RegionC,15,20,246,248.433333333333,2.43333333333333,7,0.56,0,17.0333333333333,1
3458,BatchInference,255,RegionB,RegionD,60,80,255,259.9,4.9,10,1,0,49,1
3519,BatchInference,251,RegionD,RegionB,60,80,251,252.8,1.8,13,1.3,0,23.4,1
3661,BatchInference,187,RegionB,RegionA,12,80,240,245.916666666667,5.91666666666667,19,1.9,53,112.416666666667,1
3667,AITraining,261,RegionD,RegionB,60,150,261,261.533333333333,0.533333333333333,87,13.92,0,46.4,1
3678,BatchInference,258,RegionE,RegionD,22,80,258,258.616666666667,0.616666666666667,23,2.3,0,14.1833333333333,1
3721,AITraining,214,RegionD,RegionC,58,150,248,253.95,5.95,85,13.6,34,505.75,1
4000,AITraining,242,RegionF,RegionD,25,150,242,245.616666666667,3.61666666666667,124,19.84,0,448.466666666667,1
4118,BatchInference,231,RegionF,RegionD,25,80,249,250.75,1.75,4,0.4,18,7,1
4307,AITraining,240,RegionE,RegionE,5,150,240,242.433333333333,2.43333333333333,110,17.6,0,0,0
4472,RealTimeInference,248,RegionC,RegionC,5,20,248,248.4,0.4,1,0.08,0,0,0
4506,RealTimeInference,260,RegionA,RegionA,5,20,260,262.55,2.55,7,0.56,0,0,0
4551,BatchInference,251,RegionF,RegionD,25,80,253,258.483333333333,5.48333333333333,22,2.2,2,120.633333333333,1
4582,AITraining,245,RegionE,RegionB,74,150,245,246.45,1.45,42,6.72,0,60.9,1
4604,RealTimeInference,254,RegionA,RegionB,12,20,254,254.466666666667,0.466666666666667,7,0.56,0,3.26666666666667,1
4720,RealTimeInference,246,RegionC,RegionC,5,20,246,251.2,5.2,5,0.4,0,0,0
4818,RealTimeInference,248,RegionB,RegionA,12,20,248,248.983333333333,0.983333333333333,2,0.16,0,1.96666666666667,1
4821,RealTimeInference,253,RegionA,RegionA,5,20,253,259.1,6.1,7,0.56,0,0,0
4822,BatchInference,224,RegionB,RegionD,60,80,249,249.95,0.95,12,1.2,25,11.4,1
5104,AITraining,258,RegionD,RegionC,58,150,258,259.916666666667,1.91666666666667,80,12.8,0,153.333333333333,1
5275,RealTimeInference,250,RegionA,RegionB,12,20,250,252.483333333333,2.48333333333333,3,0.24,0,7.45,1
5289,BatchInference,234,RegionC,RegionD,58,80,249,251.583333333333,2.58333333333333,12,1.2,15,31,1
5349,BatchInference,253,RegionD,RegionD,5,80,253,257.666666666667,4.66666666666667,9,0.9,0,0,0
5428,BatchInference,260,RegionD,RegionD,5,80,260,260.566666666667,0.566666666666667,17,1.7,0,0,0
5687,AITraining,249,RegionC,RegionD,58,150,254,255.916666666667,1.91666666666667,107,17.12,5,205.083333333333,1
5843,BatchInference,221,RegionF,RegionD,25,80,248,252.133333333333,4.13333333333333,6,0.6,27,24.8,1
5861,RealTimeInference,245,RegionB,RegionB,5,20,245,246.45,1.45,3,0.24,0,0,0
5955,BatchInference,174,RegionF,RegionD,25,80,253,258.45,5.45,6,0.6,79,32.7,1
6160,BatchInference,263,RegionB,RegionB,5,80,263,268.65,5.65,21,2.1,0,0,0
6225,AITraining,215,RegionC,RegionB,14,150,240,242.55,2.55,108,17.28,25,275.4,1
6579,AITraining,255,RegionB,RegionF,79,150,261,264.95,3.95,121,19.36,6,477.95,1
6653,BatchInference,181,RegionB,RegionD,60,80,247,253.2,6.2,9,0.9,66,55.8,1
6982,RealTimeInference,241,RegionB,RegionC,14,20,241,242.416666666667,1.41666666666667,1,0.08,0,1.41666666666667,1
7115,AITraining,255,RegionF,RegionA,82,150,255,255.466666666667,0.466666666666667,123,19.68,0,57.4,1
7272,BatchInference,223,RegionD,RegionB,60,80,249,249.166666666667,0.166666666666667,5,0.5,26,0.833333333333333,1
7347,RealTimeInference,261,RegionA,RegionB,12,20,261,264.85,3.85,7,0.56,0,26.95,1
7445,AITraining,244,RegionC,RegionA,15,150,244,249.866666666667,5.86666666666667,63,10.08,0,369.6,1
7526,AITraining,260,RegionD,RegionC,58,150,260,262.45,2.45,37,5.92,0,90.65,1
7528,BatchInference,249,RegionE,RegionD,22,80,253,258.7,5.7,17,1.7,4,96.9,1
7730,RealTimeInference,250,RegionB,RegionC,14,20,250,251.583333333333,1.58333333333333,5,0.4,0,7.91666666666667,1
7998,AITraining,235,RegionD,RegionD,5,150,240,240.7,0.7,96,15.36,5,0,0
8018,RealTimeInference,260,RegionB,RegionA,12,20,260,262.1,2.1,6,0.48,0,12.6,1
8043,AITraining,249,RegionD,RegionC,58,150,256,258.583333333333,2.58333333333333,65,10.4,7,167.916666666667,1
8044,AITraining,242,RegionD,RegionD,5,150,254,259.25,5.25,117,18.72,12,0,0
8081,BatchInference,240,RegionA,RegionC,15,80,249,250.35,1.35,21,2.1,9,28.35,1
8176,AITraining,231,RegionE,RegionA,78,150,240,245.766666666667,5.76666666666667,24,3.84,9,138.4,1
8179,AITraining,260,RegionA,RegionA,5,150,260,264.583333333333,4.58333333333333,125,20,0,0,0
8372,AITraining,250,RegionD,RegionD,5,150,254,258.983333333333,4.98333333333333,107,17.12,4,0,0
8393,RealTimeInference,252,RegionB,RegionA,12,20,252,252.316666666667,0.316666666666667,5,0.4,0,1.58333333333333,1
8395,BatchInference,247,RegionF,RegionC,76,80,247,250.333333333333,3.33333333333333,8,0.8,0,26.6666666666667,1
8436,AITraining,244,RegionD,RegionC,58,150,244,250.016666666667,6.01666666666667,125,20,0,752.083333333333,1
8454,BatchInference,258,RegionF,RegionD,25,80,258,260.066666666667,2.06666666666667,7,0.7,0,14.4666666666667,1
8489,BatchInference,248,RegionB,RegionD,60,80,248,248.433333333333,0.433333333333333,23,2.3,0,9.96666666666667,1
8526,BatchInference,261,RegionF,RegionD,25,80,261,262.283333333333,1.28333333333333,12,1.2,0,15.4,1
8536,AITraining,254,RegionD,RegionD,5,150,254,260.116666666667,6.11666666666667,121,19.36,0,0,0
8636,AITraining,258,RegionE,RegionE,5,150,263,265.933333333333,2.93333333333333,109,17.44,5,0,0
8819,BatchInference,244,RegionD,RegionA,65,80,244,249.683333333333,5.68333333333333,10,1,0,56.8333333333333,1
8850,AITraining,257,RegionD,RegionB,60,150,257,258.133333333333,1.13333333333333,103,16.48,0,116.733333333333,1
9071,BatchInference,245,RegionF,RegionD,25,80,245,246.566666666667,1.56666666666667,17,1.7,0,26.6333333333333,1
9247,AITraining,257,RegionF,RegionC,76,150,257,261.15,4.15,81,12.96,0,336.15,1
9376,BatchInference,213,RegionC,RegionD,58,80,253,258.266666666667,5.26666666666667,13,1.3,40,68.4666666666667,1
9398,RealTimeInference,243,RegionC,RegionA,15,20,243,244.716666666667,1.71666666666667,5,0.4,0,8.58333333333333,1
9446,RealTimeInference,244,RegionA,RegionA,5,20,244,245.966666666667,1.96666666666667,7,0.56,0,0,0
9475,RealTimeInference,257,RegionB,RegionB,5,20,257,259.65,2.65,4,0.32,0,0,0
9557,RealTimeInference,259,RegionA,RegionA,5,20,259,261.216666666667,2.21666666666667,2,0.16,0,0,0
9671,RealTimeInference,248,RegionB,RegionB,5,20,248,254.366666666667,6.36666666666667,7,0.56,0,0,0
9683,AITraining,262,RegionD,RegionA,65,150,262,263.933333333333,1.93333333333333,72,11.52,0,139.2,1
9725,BatchInference,252,RegionD,RegionC,58,80,252,252.916666666667,0.916666666666667,13,1.3,0,11.9166666666667,1
10076,RealTimeInference,260,RegionA,RegionA,5,20,260,264.9,4.9,3,0.24,0,0,0
10183,BatchInference,239,RegionC,RegionA,15,80,249,249.966666666667,0.966666666666667,18,1.8,10,17.4,1
10235,RealTimeInference,257,RegionB,RegionA,12,20,257,263,6,3,0.24,0,18,1
10271,RealTimeInference,259,RegionE,RegionE,5,20,259,264.85,5.85,6,0.48,0,0,0
10421,BatchInference,220,RegionE,RegionC,70,80,240,245.85,5.85,17,1.7,20,99.45,1
10426,BatchInference,247,RegionD,RegionD,5,80,247,253.55,6.55,13,1.3,0,0,0
10427,RealTimeInference,251,RegionC,RegionB,14,20,251,254.2,3.2,6,0.48,0,19.2,1
10472,BatchInference,249,RegionD,RegionD,5,80,256,258.05,2.05,6,0.6,7,0,0
10565,BatchInference,224,RegionE,RegionD,22,80,248,252.233333333333,4.23333333333333,17,1.7,24,71.9666666666667,1
10656,RealTimeInference,259,RegionB,RegionA,12,20,259,261.65,2.65,4,0.32,0,10.6,1
10682,BatchInference,258,RegionD,RegionD,5,80,258,262.416666666667,4.41666666666667,22,2.2,0,0,0
10723,AITraining,253,RegionF,RegionC,76,150,253,257.5,4.5,121,19.36,0,544.5,1
10867,BatchInference,219,RegionE,RegionD,22,80,253,259.016666666667,6.01666666666667,15,1.5,34,90.25,1
10884,AITraining,249,RegionD,RegionC,58,150,249,250.333333333333,1.33333333333333,75,12,0,100,1
10917,RealTimeInference,258,RegionB,RegionA,12,20,258,262.966666666667,4.96666666666667,4,0.32,0,19.8666666666667,1
11057,RealTimeInference,241,RegionC,RegionC,5,20,241,244.75,3.75,7,0.56,0,0,0
11059,AITraining,241,RegionB,RegionD,60,150,254,256.516666666667,2.51666666666667,78,12.48,13,196.3,1
11160,BatchInference,243,RegionC,RegionD,58,80,243,249.166666666667,6.16666666666667,7,0.7,0,43.1666666666667,1
11200,RealTimeInference,242,RegionB,RegionC,14,20,242,243.766666666667,1.76666666666667,6,0.48,0,10.6,1
11382,BatchInference,247,RegionB,RegionD,60,80,247,248.55,1.55,21,2.1,0,32.55,1
11447,BatchInference,260,RegionB,RegionD,60,80,260,263.583333333333,3.58333333333333,8,0.8,0,28.6666666666667,1
11515,BatchInference,253,RegionD,RegionD,5,80,259,263.033333333333,4.03333333333333,4,0.4,6,0,0
11519,AITraining,257,RegionD,RegionB,60,150,257,258.55,1.55,99,15.84,0,153.45,1
11645,RealTimeInference,246,RegionB,RegionB,5,20,246,246.683333333333,0.683333333333333,2,0.16,0,0,0
11872,AITraining,232,RegionA,RegionD,65,150,254,258.783333333333,4.78333333333333,79,12.64,22,377.883333333333,1
11891,BatchInference,239,RegionF,RegionD,25,80,253,258.416666666667,5.41666666666667,19,1.9,14,102.916666666667,1
12089,AITraining,255,RegionB,RegionF,79,150,261,261.766666666667,0.766666666666667,87,13.92,6,66.7,1
12197,AITraining,250,RegionE,RegionA,78,150,257,257.816666666667,0.816666666666667,98,15.68,7,80.0333333333333,1
12342,BatchInference,256,RegionD,RegionD,5,80,256,258.533333333333,2.53333333333333,5,0.5,0,0,0
12458,BatchInference,249,RegionB,RegionD,60,80,256,259.383333333333,3.38333333333333,6,0.6,7,20.3,1
12472,RealTimeInference,247,RegionB,RegionA,12,20,247,248.95,1.95,6,0.48,0,11.7,1
12626,RealTimeInference,245,RegionE,RegionF,18,20,245,249.633333333333,4.63333333333333,6,0.48,0,27.8,1
12735,RealTimeInference,249,RegionB,RegionB,5,20,249,252.133333333333,3.13333333333333,3,0.24,0,0,0
12885,AITraining,246,RegionD,RegionD,5,150,246,251.45,5.45,99,15.84,0,0,0
12941,BatchInference,216,RegionF,RegionC,76,80,240,245.716666666667,5.71666666666667,7,0.7,24,40.0166666666667,1
12943,RealTimeInference,255,RegionA,RegionA,5,20,255,259.466666666667,4.46666666666667,5,0.4,0,0,0
13083,RealTimeInference,250,RegionB,RegionC,14,20,250,251.433333333333,1.43333333333333,2,0.16,0,2.86666666666667,1
13154,RealTimeInference,244,RegionB,RegionA,12,20,244,249.316666666667,5.31666666666667,6,0.48,0,31.9,1
13183,RealTimeInference,248,RegionC,RegionC,5,20,248,251.066666666667,3.06666666666667,2,0.16,0,0,0
13222,BatchInference,243,RegionE,RegionA,78,80,243,248.35,5.35,4,0.4,0,21.4,1
13261,BatchInference,243,RegionE,RegionB,74,80,243,245.616666666667,2.61666666666667,14,1.4,0,36.6333333333333,1
13529,RealTimeInference,244,RegionB,RegionA,12,20,244,247.15,3.15,7,0.56,0,22.05,1
13582,RealTimeInference,250,RegionC,RegionB,14,20,250,256,6,5,0.4,0,30,1
13677,BatchInference,232,RegionA,RegionB,12,80,249,249.866666666667,0.866666666666667,15,1.5,17,13,1
13703,AITraining,240,RegionC,RegionB,14,150,240,243.15,3.15,39,6.24,0,122.85,1
13830,BatchInference,254,RegionC,RegionD,58,80,254,260.316666666667,6.31666666666667,8,0.8,0,50.5333333333333,1
13986,RealTimeInference,240,RegionA,RegionC,15,20,240,240.7,0.7,2,0.16,0,1.4,1
14047,BatchInference,221,RegionD,RegionD,5,80,253,259.4,6.4,19,1.9,32,0,0
14288,RealTimeInference,260,RegionA,RegionB,12,20,260,266.433333333333,6.43333333333333,7,0.56,0,45.0333333333333,1
14418,AITraining,237,RegionC,RegionD,58,150,250,250.6,0.6,87,13.92,13,52.2,1
14609,BatchInference,256,RegionB,RegionD,60,80,256,258.783333333333,2.78333333333333,8,0.8,0,22.2666666666667,1
14654,RealTimeInference,260,RegionA,RegionA,5,20,260,260.316666666667,0.316666666666667,7,0.56,0,0,0
14665,RealTimeInference,244,RegionC,RegionC,5,20,244,245.95,1.95,1,0.08,0,0,0
14820,BatchInference,241,RegionC,RegionD,58,80,248,252.483333333333,4.48333333333333,19,1.9,7,85.1833333333333,1
14880,RealTimeInference,254,RegionB,RegionA,12,20,254,256.966666666667,2.96666666666667,5,0.4,0,14.8333333333333,1
14911,BatchInference,240,RegionB,RegionB,5,80,240,245.45,5.45,18,1.8,0,0,0
15000,AITraining,241,RegionF,RegionC,76,150,254,258.283333333333,4.28333333333333,104,16.64,13,445.466666666667,1
15182,RealTimeInference,253,RegionB,RegionB,5,20,253,255.616666666667,2.61666666666667,3,0.24,0,0,0
15343,BatchInference,262,RegionA,RegionD,65,80,262,262.75,0.75,10,1,0,7.5,1
15388,AITraining,245,RegionA,RegionD,65,150,245,250.166666666667,5.16666666666667,109,17.44,0,563.166666666667,1
15397,RealTimeInference,261,RegionB,RegionA,12,20,261,263.85,2.85,3,0.24,0,8.55,1
15473,AITraining,250,RegionF,RegionD,25,150,257,258.716666666667,1.71666666666667,39,6.24,7,66.95,1
15496,RealTimeInference,251,RegionB,RegionA,12,20,251,252,1,3,0.24,0,3,1
15747,BatchInference,203,RegionE,RegionD,22,80,247,253.3,6.3,8,0.8,44,50.4,1
15787,BatchInference,244,RegionE,RegionD,22,80,244,247.45,3.45,14,1.4,0,48.3,1
15804,RealTimeInference,259,RegionB,RegionA,12,20,259,260.616666666667,1.61666666666667,6,0.48,0,9.7,1
15868,RealTimeInference,242,RegionA,RegionB,12,20,242,248.583333333333,6.58333333333333,6,0.48,0,39.5,1
15904,RealTimeInference,261,RegionC,RegionB,14,20,261,267,6,7,0.56,0,42,1
16093,BatchInference,236,RegionC,RegionC,5,80,249,250.983333333333,1.98333333333333,7,0.7,13,0,0
16492,RealTimeInference,245,RegionA,RegionB,12,20,245,248.95,3.95,2,0.16,0,7.9,1
16579,BatchInference,237,RegionD,RegionD,5,80,248,252.016666666667,4.01666666666667,22,2.2,11,0,0
16605,RealTimeInference,259,RegionB,RegionA,12,20,259,260.983333333333,1.98333333333333,5,0.4,0,9.91666666666667,1
16615,RealTimeInference,257,RegionA,RegionA,5,20,257,261.383333333333,4.38333333333333,4,0.32,0,0,0
16643,RealTimeInference,241,RegionA,RegionC,15,20,241,242.166666666667,1.16666666666667,1,0.08,0,1.16666666666667,1
16737,AITraining,195,RegionE,RegionB,74,150,240,241.716666666667,1.71666666666667,73,11.68,45,125.316666666667,1
16812,RealTimeInference,249,RegionA,RegionC,15,20,249,251.85,2.85,5,0.4,0,14.25,1
17484,AITraining,240,RegionE,RegionD,22,150,249,251.066666666667,2.06666666666667,46,7.36,9,95.0666666666667,1
17578,BatchInference,221,RegionF,RegionD,25,80,250,250.233333333333,0.233333333333333,10,1,29,2.33333333333333,1
17650,BatchInference,187,RegionE,RegionB,74,80,249,249.983333333333,0.983333333333333,7,0.7,62,6.88333333333333,1
17739,AITraining,243,RegionD,RegionB,60,150,243,244.4,1.4,54,8.64,0,75.6,1
17892,RealTimeInference,251,RegionC,RegionB,14,20,251,256.6,5.6,5,0.4,0,28,1
17997,BatchInference,219,RegionE,RegionD,22,80,249,249.483333333333,0.483333333333333,20,2,30,9.66666666666667,1
18021,RealTimeInference,251,RegionB,RegionB,5,20,251,257.2,6.2,2,0.16,0,0,0
18114,RealTimeInference,263,RegionB,RegionC,14,20,263,268.483333333333,5.48333333333333,3,0.24,0,16.45,1
18234,BatchInference,234,RegionF,RegionD,25,80,249,251.65,2.65,5,0.5,15,13.25,1
18439,AITraining,252,RegionC,RegionB,14,150,252,254.35,2.35,25,4,0,58.75,1
18449,RealTimeInference,254,RegionC,RegionA,15,20,254,256.35,2.35,2,0.16,0,4.7,1
18492,RealTimeInference,254,RegionA,RegionA,5,20,254,260.45,6.45,2,0.16,0,0,0
18523,BatchInference,216,RegionF,RegionB,79,80,249,249.9,0.9,16,1.6,33,14.4,1
18876,RealTimeInference,242,RegionC,RegionA,15,20,242,245.716666666667,3.71666666666667,5,0.4,0,18.5833333333333,1
18923,RealTimeInference,252,RegionE,RegionF,18,20,252,253.783333333333,1.78333333333333,1,0.08,0,1.78333333333333,1
19047,RealTimeInference,247,RegionC,RegionC,5,20,247,251.666666666667,4.66666666666667,1,0.08,0,0,0
19298,BatchInference,258,RegionA,RegionD,65,80,258,263.433333333333,5.43333333333333,8,0.8,0,43.4666666666667,1
19308,AITraining,248,RegionE,RegionD,22,150,248,248.55,0.55,39,6.24,0,21.45,1
19341,RealTimeInference,249,RegionC,RegionB,14,20,249,255.316666666667,6.31666666666667,6,0.48,0,37.9,1
19385,AITraining,217,RegionD,RegionB,60,150,240,241.916666666667,1.91666666666667,26,4.16,23,49.8333333333333,1
19579,AITraining,240,RegionF,RegionB,79,150,254,259.5,5.5,57,9.12,14,313.5,1
19680,RealTimeInference,242,RegionA,RegionC,15,20,242,244,2,7,0.56,0,14,1
20073,BatchInference,257,RegionB,RegionD,60,80,257,260.833333333333,3.83333333333333,19,1.9,0,72.8333333333333,1
20181,BatchInference,247,RegionD,RegionD,5,80,247,253.616666666667,6.61666666666667,21,2.1,0,0,0
20328,RealTimeInference,253,RegionA,RegionB,12,20,253,253.5,0.5,3,0.24,0,1.5,1
20370,RealTimeInference,257,RegionB,RegionA,12,20,257,260.383333333333,3.38333333333333,5,0.4,0,16.9166666666667,1
20495,BatchInference,263,RegionD,RegionA,65,80,263,265.083333333333,2.08333333333333,6,0.6,0,12.5,1
20526,RealTimeInference,251,RegionA,RegionB,12,20,251,251.45,0.45,3,0.24,0,1.35,1
20674,BatchInference,251,RegionE,RegionB,74,80,251,253.6,2.6,5,0.5,0,13,1
20948,AITraining,243,RegionE,RegionC,70,150,243,247.05,4.05,47,7.52,0,190.35,1
20995,RealTimeInference,252,RegionC,RegionB,14,20,252,258.1,6.1,3,0.24,0,18.3,1
21127,BatchInference,258,RegionF,RegionD,25,80,258,263.216666666667,5.21666666666667,5,0.5,0,26.0833333333333,1
21163,BatchInference,256,RegionC,RegionD,58,80,256,261.866666666667,5.86666666666667,8,0.8,0,46.9333333333333,1
21167,RealTimeInference,263,RegionA,RegionB,12,20,263,264.616666666667,1.61666666666667,4,0.32,0,6.46666666666667,1
21290,BatchInference,242,RegionE,RegionD,22,80,249,251.15,2.15,16,1.6,7,34.4,1
21310,AITraining,245,RegionF,RegionB,79,150,245,246.633333333333,1.63333333333333,42,6.72,0,68.6,1
21437,BatchInference,247,RegionA,RegionB,12,80,247,249.033333333333,2.03333333333333,6,0.6,0,12.2,1
21552,RealTimeInference,240,RegionC,RegionC,5,20,240,245.25,5.25,1,0.08,0,0,0
21719,AITraining,260,RegionD,RegionB,60,150,260,262.85,2.85,69,11.04,0,196.65,1
21788,RealTimeInference,252,RegionC,RegionB,14,20,252,253.416666666667,1.41666666666667,1,0.08,0,1.41666666666667,1
21888,RealTimeInference,251,RegionE,RegionF,18,20,251,257.133333333333,6.13333333333333,3,0.24,0,18.4,1
21933,BatchInference,241,RegionE,RegionD,22,80,259,259.766666666667,0.766666666666667,11,1.1,18,8.43333333333333,1
22127,BatchInference,192,RegionB,RegionD,60,80,248,252.866666666667,4.86666666666667,20,2,56,97.3333333333333,1
22256,BatchInference,255,RegionA,RegionD,65,80,255,261.25,6.25,10,1,0,62.5,1
22281,RealTimeInference,258,RegionC,RegionA,15,20,258,264.483333333333,6.48333333333333,3,0.24,0,19.45,1
22377,BatchInference,242,RegionC,RegionB,14,80,242,243.7,1.7,12,1.2,0,20.4,1
22455,RealTimeInference,261,RegionB,RegionA,12,20,261,262.333333333333,1.33333333333333,3,0.24,0,4,1
22578,RealTimeInference,246,RegionA,RegionC,15,20,246,250.466666666667,4.46666666666667,3,0.24,0,13.4,1
22582,RealTimeInference,241,RegionC,RegionA,15,20,241,243.366666666667,2.36666666666667,5,0.4,0,11.8333333333333,1
22757,BatchInference,213,RegionC,RegionD,58,80,249,251.833333333333,2.83333333333333,17,1.7,36,48.1666666666667,1
22857,RealTimeInference,262,RegionC,RegionB,14,20,262,268.366666666667,6.36666666666667,6,0.48,0,38.2,1
23048,BatchInference,258,RegionE,RegionD,22,80,258,260.783333333333,2.78333333333333,17,1.7,0,47.3166666666667,1
23149,AITraining,247,RegionD,RegionD,5,150,247,249.95,2.95,103,16.48,0,0,0
23285,AITraining,246,RegionF,RegionD,25,150,246,249.3,3.3,27,4.32,0,89.1,1
23349,BatchInference,259,RegionD,RegionD,5,80,259,259.266666666667,0.266666666666667,18,1.8,0,0,0
23564,RealTimeInference,245,RegionB,RegionC,14,20,245,251.433333333333,6.43333333333333,7,0.56,0,45.0333333333333,1
23577,BatchInference,241,RegionC,RegionD,58,80,259,259.4,0.4,11,1.1,18,4.4,1
23857,RealTimeInference,251,RegionA,RegionB,12,20,251,252.25,1.25,6,0.48,0,7.5,1
24070,AITraining,250,RegionE,RegionD,22,150,250,254.45,4.45,81,12.96,0,360.45,1
24090,RealTimeInference,263,RegionB,RegionB,5,20,263,265.416666666667,2.41666666666667,7,0.56,0,0,0
24545,AITraining,252,RegionA,RegionB,12,150,252,257.166666666667,5.16666666666667,59,9.44,0,304.833333333333,1
24624,BatchInference,244,RegionA,RegionA,5,80,244,246.816666666667,2.81666666666667,14,1.4,0,0,0
24745,RealTimeInference,261,RegionB,RegionB,5,20,261,266.883333333333,5.88333333333333,5,0.4,0,0,0
24836,RealTimeInference,260,RegionB,RegionB,5,20,260,261.216666666667,1.21666666666667,2,0.16,0,0,0
24837,AITraining,261,RegionE,RegionC,70,150,261,267.583333333333,6.58333333333333,96,15.36,0,632,1
24854,RealTimeInference,255,RegionA,RegionA,5,20,255,259.6,4.6,1,0.08,0,0,0
24912,BatchInference,199,RegionF,RegionB,79,80,240,245.483333333333,5.48333333333333,18,1.8,41,98.7,1
25099,AITraining,233,RegionD,RegionD,5,150,254,258.05,4.05,52,8.32,21,0,0
25187,BatchInference,247,RegionF,RegionD,25,80,247,252.466666666667,5.46666666666667,19,1.9,0,103.866666666667,1
25217,BatchInference,237,RegionC,RegionB,14,80,249,249.683333333333,0.683333333333333,19,1.9,12,12.9833333333333,1
25287,BatchInference,190,RegionA,RegionD,65,80,249,249.45,0.45,7,0.7,59,3.15,1
25360,AITraining,253,RegionD,RegionB,60,150,253,255.016666666667,2.01666666666667,54,8.64,0,108.9,1
25395,AITraining,243,RegionE,RegionD,22,150,243,245.25,2.25,122,19.52,0,274.5,1
25469,RealTimeInference,258,RegionC,RegionA,15,20,258,263.883333333333,5.88333333333333,2,0.16,0,11.7666666666667,1
25477,BatchInference,235,RegionA,RegionD,65,80,248,252.183333333333,4.18333333333333,5,0.5,13,20.9166666666667,1
25510,RealTimeInference,262,RegionA,RegionB,12,20,262,263.333333333333,1.33333333333333,3,0.24,0,4,1
25640,RealTimeInference,249,RegionE,RegionF,18,20,249,249.95,0.95,6,0.48,0,5.7,1
25653,BatchInference,255,RegionF,RegionD,25,80,255,256.916666666667,1.91666666666667,22,2.2,0,42.1666666666667,1
25735,BatchInference,229,RegionC,RegionD,58,80,248,252.216666666667,4.21666666666667,6,0.6,19,25.3,1
25888,BatchInference,245,RegionD,RegionD,5,80,245,251.45,6.45,9,0.9,0,0,0
25974,RealTimeInference,247,RegionC,RegionB,14,20,247,252.033333333333,5.03333333333333,5,0.4,0,25.1666666666667,1
26282,RealTimeInference,240,RegionC,RegionB,14,20,240,241.95,1.95,6,0.48,0,11.7,1
26303,RealTimeInference,255,RegionA,RegionB,12,20,255,256.966666666667,1.96666666666667,3,0.24,0,5.9,1
26373,RealTimeInference,256,RegionC,RegionA,15,20,256,261.983333333333,5.98333333333333,2,0.16,0,11.9666666666667,1
26420,RealTimeInference,240,RegionC,RegionA,15,20,240,245.533333333333,5.53333333333333,6,0.48,0,33.2,1
26509,AITraining,247,RegionD,RegionB,60,150,247,249.383333333333,2.38333333333333,46,7.36,0,109.633333333333,1
26839,RealTimeInference,249,RegionC,RegionB,14,20,249,252.45,3.45,3,0.24,0,10.35,1
26924,BatchInference,257,RegionD,RegionD,5,80,257,261.9,4.9,11,1.1,0,0,0
26966,RealTimeInference,263,RegionA,RegionB,12,20,263,267.233333333333,4.23333333333333,7,0.56,0,29.6333333333333,1
27303,AITraining,216,RegionD,RegionD,5,150,240,240.883333333333,0.883333333333333,29,4.64,24,0,0
27313,BatchInference,261,RegionF,RegionD,25,80,261,262.05,1.05,15,1.5,0,15.75,1
27421,BatchInference,258,RegionC,RegionD,58,80,258,262.916666666667,4.91666666666667,11,1.1,0,54.0833333333333,1
27430,AITraining,260,RegionF,RegionC,76,150,260,260.483333333333,0.483333333333333,52,8.32,0,25.1333333333333,1
27431,RealTimeInference,252,RegionF,RegionF,5,20,252,256.033333333333,4.03333333333333,5,0.4,0,0,0
27590,RealTimeInference,243,RegionA,RegionB,12,20,243,248.65,5.65,4,0.32,0,22.6,1
27607,BatchInference,251,RegionE,RegionD,22,80,253,258.95,5.95,8,0.8,2,47.6,1
27727,AITraining,253,RegionC,RegionC,5,150,253,258.65,5.65,86,13.76,0,0,0
27761,AITraining,250,RegionD,RegionA,65,150,257,257.6,0.6,60,9.6,7,36,1
27917,RealTimeInference,251,RegionA,RegionB,12,20,251,256.683333333333,5.68333333333333,5,0.4,0,28.4166666666667,1
27918,AITraining,256,RegionD,RegionB,60,150,256,261.883333333333,5.88333333333333,72,11.52,0,423.6,1
28023,BatchInference,207,RegionB,RegionD,60,80,253,259.333333333333,6.33333333333333,17,1.7,46,107.666666666667,1
28145,BatchInference,254,RegionE,RegionD,22,80,260,263.166666666667,3.16666666666667,6,0.6,6,19,1
28274,RealTimeInference,250,RegionB,RegionB,5,20,250,252.083333333333,2.08333333333333,7,0.56,0,0,0
28350,RealTimeInference,262,RegionA,RegionB,12,20,262,263.516666666667,1.51666666666667,4,0.32,0,6.06666666666667,1
28425,RealTimeInference,254,RegionB,RegionA,12,20,254,256.816666666667,2.81666666666667,5,0.4,0,14.0833333333333,1
28449,BatchInference,240,RegionA,RegionD,65,80,249,251.6,2.6,7,0.7,9,18.2,1
28490,AITraining,252,RegionD,RegionA,65,150,252,252.583333333333,0.583333333333333,119,19.04,0,69.4166666666667,1
28588,AITraining,256,RegionD,RegionC,58,150,256,262.616666666667,6.61666666666667,55,8.8,0,363.916666666667,1
28756,AITraining,259,RegionF,RegionB,79,150,259,259.633333333333,0.633333333333333,108,17.28,0,68.4,1
28768,AITraining,253,RegionF,RegionB,79,150,253,257.083333333333,4.08333333333333,76,12.16,0,310.333333333333,1
28850,AITraining,243,RegionD,RegionD,5,150,243,248.15,5.15,108,17.28,0,0,0
28859,AITraining,244,RegionE,RegionD,22,150,244,248.983333333333,4.98333333333333,106,16.96,0,528.233333333333,1
28891,AITraining,246,RegionE,RegionA,78,150,246,249.6,3.6,63,10.08,0,226.8,1
28942,BatchInference,255,RegionB,RegionD,60,80,255,260.983333333333,5.98333333333333,8,0.8,0,47.8666666666667,1
28983,RealTimeInference,258,RegionB,RegionA,12,20,258,264.283333333333,6.28333333333333,7,0.56,0,43.9833333333333,1
29218,RealTimeInference,252,RegionB,RegionB,5,20,252,258.216666666667,6.21666666666667,2,0.16,0,0,0
29251,RealTimeInference,256,RegionB,RegionC,14,20,256,259.866666666667,3.86666666666667,5,0.4,0,19.3333333333333,1
29269,RealTimeInference,247,RegionA,RegionA,5,20,247,249.983333333333,2.98333333333333,4,0.32,0,0,0
29342,RealTimeInference,248,RegionA,RegionB,12,20,248,253.233333333333,5.23333333333333,4,0.32,0,20.9333333333333,1
29343,RealTimeInference,247,RegionB,RegionC,14,20,247,250.233333333333,3.23333333333333,3,0.24,0,9.7,1
29370,RealTimeInference,260,RegionB,RegionA,12,20,260,262.333333333333,2.33333333333333,7,0.56,0,16.3333333333333,1
29412,AITraining,245,RegionF,RegionA,82,150,245,245.283333333333,0.283333333333333,100,16,0,28.3333333333333,1
29446,BatchInference,213,RegionA,RegionB,12,80,249,249.916666666667,0.916666666666667,16,1.6,36,14.6666666666667,1
29516,AITraining,252,RegionF,RegionA,82,150,252,254.333333333333,2.33333333333333,115,18.4,0,268.333333333333,1
29530,RealTimeInference,242,RegionF,RegionF,5,20,242,247,5,3,0.24,0,0,0
29586,RealTimeInference,261,RegionB,RegionA,12,20,261,261.316666666667,0.316666666666667,4,0.32,0,1.26666666666667,1
29612,BatchInference,228,RegionC,RegionD,58,80,249,249.316666666667,0.316666666666667,17,1.7,21,5.38333333333333,1
29727,AITraining,255,RegionA,RegionB,12,150,255,260.3,5.3,127,20.32,0,673.1,1
29925,AITraining,253,RegionD,RegionA,65,150,253,254.35,1.35,109,17.44,0,147.15,1
29966,RealTimeInference,250,RegionB,RegionB,5,20,250,252.783333333333,2.78333333333333,2,0.16,0,0,0
30010,AITraining,256,RegionC,RegionE,70,150,262,263.683333333333,1.68333333333333,26,4.16,6,43.7666666666667,1
30021,RealTimeInference,262,RegionC,RegionB,14,20,262,263.333333333333,1.33333333333333,1,0.08,0,1.33333333333333,1
30076,AITraining,248,RegionD,RegionD,5,150,248,248.75,0.75,42,6.72,0,0,0
30271,RealTimeInference,259,RegionE,RegionE,5,20,259,261.8,2.8,2,0.16,0,0,0
30326,AITraining,252,RegionD,RegionB,60,150,252,253.616666666667,1.61666666666667,46,7.36,0,74.3666666666667,1
30426,AITraining,219,RegionE,RegionE,5,150,240,241.133333333333,1.13333333333333,105,16.8,21,0,0
30529,AITraining,249,RegionD,RegionD,5,150,249,250.05,1.05,72,11.52,0,0,0
30599,BatchInference,242,RegionF,RegionD,25,80,242,248.516666666667,6.51666666666667,5,0.5,0,32.5833333333333,1
30646,BatchInference,219,RegionA,RegionD,65,80,247,253.2,6.2,18,1.8,28,111.6,1
30690,AITraining,249,RegionF,RegionC,76,150,249,250.5,1.5,58,9.28,0,87,1
30709,AITraining,236,RegionE,RegionD,22,150,254,255.733333333333,1.73333333333333,127,20.32,18,220.133333333333,1
30789,RealTimeInference,258,RegionD,RegionD,5,20,258,261.033333333333,3.03333333333333,6,0.48,0,0,0
30831,RealTimeInference,257,RegionA,RegionA,5,20,257,257.55,0.55,2,0.16,0,0,0
30873,AITraining,253,RegionE,RegionC,70,150,253,255.283333333333,2.28333333333333,31,4.96,0,70.7833333333333,1
30956,AITraining,262,RegionD,RegionB,60,150,262,266.833333333333,4.83333333333333,88,14.08,0,425.333333333333,1
30965,RealTimeInference,254,RegionC,RegionA,15,20,254,255.966666666667,1.96666666666667,6,0.48,0,11.8,1
30987,AITraining,251,RegionB,RegionB,5,150,251,252.683333333333,1.68333333333333,22,3.52,0,0,0
31130,RealTimeInference,253,RegionC,RegionB,14,20,253,253.633333333333,0.633333333333333,5,0.4,0,3.16666666666667,1
31270,BatchInference,237,RegionB,RegionB,5,80,249,249.983333333333,0.983333333333333,7,0.7,12,0,0
31337,AITraining,221,RegionD,RegionA,65,150,247,253.55,6.55,80,12.8,26,524,1
31352,BatchInference,247,RegionD,RegionD,5,80,247,252.7,5.7,14,1.4,0,0,0
31429,AITraining,247,RegionD,RegionB,60,150,247,249.766666666667,2.76666666666667,50,8,0,138.333333333333,1
31520,RealTimeInference,249,RegionA,RegionC,15,20,249,251.35,2.35,3,0.24,0,7.05,1
31649,BatchInference,245,RegionA,RegionD,65,80,245,250.916666666667,5.91666666666667,6,0.6,0,35.5,1
31696,RealTimeInference,260,RegionA,RegionA,5,20,260,262.266666666667,2.26666666666667,5,0.4,0,0,0
31720,BatchInference,213,RegionE,RegionD,22,80,248,252.25,4.25,17,1.7,35,72.25,1
31754,BatchInference,215,RegionA,RegionD,65,80,249,249.7,0.7,13,1.3,34,9.1,1
31869,AITraining,244,RegionE,RegionD,22,150,244,247.016666666667,3.01666666666667,116,18.56,0,349.933333333333,1
32246,BatchInference,244,RegionA,RegionD,65,80,244,249.033333333333,5.03333333333333,18,1.8,0,90.6,1
32496,RealTimeInference,257,RegionA,RegionA,5,20,257,262.25,5.25,5,0.4,0,0,0
32554,RealTimeInference,240,RegionF,RegionE,18,20,240,241.15,1.15,4,0.32,0,4.6,1
32555,RealTimeInference,241,RegionA,RegionC,15,20,241,241.433333333333,0.433333333333333,7,0.56,0,3.03333333333333,1
32816,RealTimeInference,257,RegionD,RegionD,5,20,257,258.583333333333,1.58333333333333,1,0.08,0,0,0
33073,RealTimeInference,253,RegionA,RegionB,12,20,253,256.65,3.65,3,0.24,0,10.95,1
33101,BatchInference,239,RegionB,RegionB,5,80,249,249.983333333333,0.983333333333333,13,1.3,10,0,0
33340,AITraining,241,RegionF,RegionB,79,150,241,246.166666666667,5.16666666666667,63,10.08,0,325.5,1
33513,RealTimeInference,258,RegionA,RegionA,5,20,258,264.033333333333,6.03333333333333,1,0.08,0,0,0
33724,AITraining,192,RegionD,RegionD,5,150,250,251,1,97,15.52,58,0,0
33830,RealTimeInference,263,RegionB,RegionA,12,20,263,263.483333333333,0.483333333333333,7,0.56,0,3.38333333333333,1
33927,RealTimeInference,241,RegionA,RegionB,12,20,241,242.383333333333,1.38333333333333,5,0.4,0,6.91666666666667,1
34018,AITraining,235,RegionD,RegionE,22,150,240,242.866666666667,2.86666666666667,80,12.8,5,229.333333333333,1
34370,RealTimeInference,258,RegionC,RegionA,15,20,258,262.933333333333,4.93333333333333,1,0.08,0,4.93333333333333,1
34431,AITraining,231,RegionC,RegionD,58,150,254,254.183333333333,0.183333333333333,22,3.52,23,4.03333333333333,1
34484,BatchInference,226,RegionB,RegionD,60,80,249,249.3,0.3,19,1.9,23,5.7,1
34519,BatchInference,237,RegionC,RegionD,58,80,249,251.1,2.1,8,0.8,12,16.8,1
34712,BatchInference,249,RegionF,RegionD,25,80,249,249.766666666667,0.766666666666667,11,1.1,0,8.43333333333333,1
35239,RealTimeInference,255,RegionA,RegionA,5,20,255,261.05,6.05,2,0.16,0,0,0
35285,RealTimeInference,246,RegionA,RegionC,15,20,246,249.733333333333,3.73333333333333,1,0.08,0,3.73333333333333,1
35312,AITraining,251,RegionD,RegionB,60,150,251,254.216666666667,3.21666666666667,63,10.08,0,202.65,1
35619,BatchInference,236,RegionB,RegionD,60,80,249,251.316666666667,2.31666666666667,12,1.2,13,27.8,1
35737,AITraining,255,RegionD,RegionA,65,150,261,264.133333333333,3.13333333333333,91,14.56,6,285.133333333333,1
35757,RealTimeInference,263,RegionA,RegionB,12,20,263,269.45,6.45,7,0.56,0,45.15,1
35902,AITraining,258,RegionD,RegionB,60,150,258,262.5,4.5,17,2.72,0,76.5,1
36024,RealTimeInference,243,RegionF,RegionF,5,20,243,244.2,1.2,5,0.4,0,0,0
36055,BatchInference,248,RegionD,RegionC,58,80,248,250.683333333333,2.68333333333333,5,0.5,0,13.4166666666667,1
36094,BatchInference,240,RegionD,RegionC,58,80,249,250.166666666667,1.16666666666667,14,1.4,9,16.3333333333333,1
36358,RealTimeInference,243,RegionD,RegionD,5,20,243,244.55,1.55,3,0.24,0,0,0
36376,RealTimeInference,245,RegionB,RegionA,12,20,245,245.583333333333,0.583333333333333,1,0.08,0,0.583333333333333,1
36378,AITraining,241,RegionF,RegionA,82,150,241,242.066666666667,1.06666666666667,45,7.2,0,48,1
36399,BatchInference,220,RegionA,RegionD,65,80,247,253.633333333333,6.63333333333333,16,1.6,27,106.133333333333,1
36424,RealTimeInference,260,RegionE,RegionE,5,20,260,264.983333333333,4.98333333333333,3,0.24,0,0,0
36452,BatchInference,228,RegionB,RegionD,60,80,247,253.533333333333,6.53333333333333,19,1.9,19,124.133333333333,1
36561,BatchInference,248,RegionE,RegionD,22,80,255,259.45,4.45,16,1.6,7,71.2,1
36845,BatchInference,235,RegionA,RegionD,65,80,248,252.316666666667,4.31666666666667,20,2,13,86.3333333333333,1
37005,BatchInference,257,RegionC,RegionD,58,80,257,263.366666666667,6.36666666666667,14,1.4,0,89.1333333333333,1
37051,RealTimeInference,253,RegionB,RegionA,12,20,253,253.166666666667,0.166666666666667,6,0.48,0,1,1
37116,RealTimeInference,243,RegionB,RegionC,14,20,243,243.466666666667,0.466666666666667,5,0.4,0,2.33333333333333,1
37118,BatchInference,242,RegionE,RegionD,22,80,242,245.45,3.45,18,1.8,0,62.1,1
37636,BatchInference,247,RegionD,RegionD,5,80,247,252.833333333333,5.83333333333333,20,2,0,0,0
37679,AITraining,247,RegionD,RegionD,5,150,254,260.333333333333,6.33333333333333,83,13.28,7,0,0
37729,BatchInference,243,RegionF,RegionB,79,80,243,249.016666666667,6.01666666666667,4,0.4,0,24.0666666666667,1
37771,BatchInference,220,RegionB,RegionD,60,80,248,252.783333333333,4.78333333333333,22,2.2,28,105.233333333333,1
37891,AITraining,254,RegionE,RegionA,78,150,260,264.533333333333,4.53333333333333,80,12.8,6,362.666666666667,1
38006,BatchInference,218,RegionA,RegionB,12,80,249,249.7,0.7,17,1.7,31,11.9,1
38195,RealTimeInference,258,RegionE,RegionF,18,20,258,260.433333333333,2.43333333333333,7,0.56,0,17.0333333333333,1
38261,RealTimeInference,253,RegionA,RegionB,12,20,253,254.65,1.65,1,0.08,0,1.65,1
38519,AITraining,245,RegionD,RegionC,58,150,245,248.233333333333,3.23333333333333,17,2.72,0,54.9666666666667,1
38576,AITraining,253,RegionA,RegionC,15,150,253,256.1,3.1,81,12.96,0,251.1,1
38604,RealTimeInference,263,RegionA,RegionC,15,20,263,268.533333333333,5.53333333333333,5,0.4,0,27.6666666666667,1
38723,BatchInference,225,RegionC,RegionD,58,80,248,252.666666666667,4.66666666666667,9,0.9,23,42,1
38724,RealTimeInference,255,RegionB,RegionA,12,20,255,260,5,4,0.32,0,20,1
38744,RealTimeInference,254,RegionB,RegionA,12,20,254,257.983333333333,3.98333333333333,2,0.16,0,7.96666666666667,1
38902,AITraining,258,RegionE,RegionA,78,150,258,263.05,5.05,91,14.56,0,459.55,1
39211,RealTimeInference,243,RegionC,RegionA,15,20,243,244.55,1.55,3,0.24,0,4.65,1
39336,BatchInference,248,RegionF,RegionD,25,80,248,251.083333333333,3.08333333333333,16,1.6,0,49.3333333333333,1
39417,AITraining,260,RegionD,RegionC,58,150,260,265.55,5.55,102,16.32,0,566.1,1
39485,BatchInference,228,RegionD,RegionD,5,80,247,253.1,6.1,22,2.2,19,0,0
39574,RealTimeInference,260,RegionA,RegionB,12,20,260,261.633333333333,1.63333333333333,6,0.48,0,9.8,1
39614,RealTimeInference,254,RegionA,RegionA,5,20,254,257.3,3.3,1,0.08,0,0,0
39639,AITraining,245,RegionB,RegionD,60,150,245,249.866666666667,4.86666666666667,77,12.32,0,374.733333333333,1
39973,AITraining,256,RegionA,RegionB,12,150,262,264.516666666667,2.51666666666667,37,5.92,6,93.1166666666667,1
40103,RealTimeInference,246,RegionC,RegionC,5,20,246,247.783333333333,1.78333333333333,6,0.48,0,0,0
40137,BatchInference,248,RegionA,RegionD,65,80,255,260.35,5.35,6,0.6,7,32.1,1
40237,RealTimeInference,246,RegionA,RegionC,15,20,246,251.066666666667,5.06666666666667,1,0.08,0,5.06666666666667,1
40250,RealTimeInference,258,RegionA,RegionA,5,20,258,262.533333333333,4.53333333333333,4,0.32,0,0,0
40258,BatchInference,245,RegionC,RegionD,58,80,245,251.333333333333,6.33333333333333,13,1.3,0,82.3333333333333,1
40367,AITraining,235,RegionB,RegionD,60,150,250,251.566666666667,1.56666666666667,96,15.36,15,150.4,1
40456,RealTimeInference,240,RegionB,RegionB,5,20,240,242.083333333333,2.08333333333333,2,0.16,0,0,0
40482,BatchInference,251,RegionD,RegionD,5,80,253,258.766666666667,5.76666666666667,19,1.9,2,0,0
40537,RealTimeInference,254,RegionF,RegionF,5,20,254,256.316666666667,2.31666666666667,4,0.32,0,0,0
40999,AITraining,253,RegionD,RegionA,65,150,253,254.55,1.55,124,19.84,0,192.2,1
41035,BatchInference,257,RegionF,RegionD,25,80,257,262.733333333333,5.73333333333333,20,2,0,114.666666666667,1
41388,AITraining,257,RegionE,RegionD,22,150,257,258.95,1.95,76,12.16,0,148.2,1
41721,AITraining,260,RegionD,RegionB,60,150,260,261.55,1.55,20,3.2,0,31,1
41831,AITraining,257,RegionD,RegionB,60,150,257,260.766666666667,3.76666666666667,41,6.56,0,154.433333333333,1
41902,BatchInference,249,RegionA,RegionD,65,80,256,259.983333333333,3.98333333333333,11,1.1,7,43.8166666666667,1
41912,RealTimeInference,255,RegionB,RegionA,12,20,255,257.366666666667,2.36666666666667,6,0.48,0,14.2,1
42000,RealTimeInference,254,RegionA,RegionB,12,20,254,255.55,1.55,4,0.32,0,6.2,1
42026,BatchInference,258,RegionF,RegionD,25,80,258,260.366666666667,2.36666666666667,20,2,0,47.3333333333333,1
42042,AITraining,255,RegionD,RegionC,58,150,261,262.416666666667,1.41666666666667,86,13.76,6,121.833333333333,1
42077,AITraining,217,RegionF,RegionA,82,150,254,259.95,5.95,114,18.24,37,678.3,1
42171,AITraining,253,RegionB,RegionB,5,150,253,257.383333333333,4.38333333333333,89,14.24,0,0,0
42231,RealTimeInference,249,RegionA,RegionB,12,20,249,249.166666666667,0.166666666666667,7,0.56,0,1.16666666666667,1
42253,AITraining,192,RegionE,RegionD,22,150,250,250.5,0.5,27,4.32,58,13.5,1
42365,BatchInference,245,RegionD,RegionD,5,80,245,250.783333333333,5.78333333333333,17,1.7,0,0,0
42443,AITraining,247,RegionE,RegionD,22,150,247,247.766666666667,0.766666666666667,73,11.68,0,55.9666666666667,1
42596,BatchInference,245,RegionF,RegionD,25,80,245,247.4,2.4,13,1.3,0,31.2,1
42689,AITraining,259,RegionB,RegionC,14,150,259,259.7,0.7,86,13.76,0,60.2,1
42708,RealTimeInference,247,RegionE,RegionF,18,20,247,250.233333333333,3.23333333333333,4,0.32,0,12.9333333333333,1
42776,BatchInference,249,RegionB,RegionD,60,80,253,258.916666666667,5.91666666666667,20,2,4,118.333333333333,1
42856,RealTimeInference,250,RegionB,RegionB,5,20,250,253.4,3.4,6,0.48,0,0,0
42879,AITraining,217,RegionA,RegionC,15,150,240,242.583333333333,2.58333333333333,90,14.4,23,232.5,1
43139,RealTimeInference,258,RegionC,RegionA,15,20,258,258.383333333333,0.383333333333333,3,0.24,0,1.15,1
43203,AITraining,250,RegionD,RegionB,60,150,254,254.666666666667,0.666666666666667,19,3.04,4,12.6666666666667,1
43205,BatchInference,246,RegionD,RegionC,58,80,246,250.95,4.95,12,1.2,0,59.4,1
43301,AITraining,255,RegionD,RegionA,65,150,255,261.333333333333,6.33333333333333,95,15.2,0,601.666666666667,1
43468,BatchInference,253,RegionE,RegionD,22,80,259,259.683333333333,0.683333333333333,4,0.4,6,2.73333333333333,1
43564,RealTimeInference,241,RegionB,RegionC,14,20,241,241.783333333333,0.783333333333333,5,0.4,0,3.91666666666667,1
43792,BatchInference,218,RegionB,RegionB,5,80,249,249.45,0.45,17,1.7,31,0,0
43801,AITraining,242,RegionE,RegionA,78,150,254,260.466666666667,6.46666666666667,60,9.6,12,388,1
43846,BatchInference,237,RegionC,RegionD,58,80,250,250.483333333333,0.483333333333333,8,0.8,13,3.86666666666667,1
43897,BatchInference,214,RegionB,RegionD,60,80,253,258.85,5.85,10,1,39,58.5,1
43901,AITraining,263,RegionF,RegionA,82,150,263,265.45,2.45,107,17.12,0,262.15,1
43976,AITraining,228,RegionD,RegionD,5,150,254,258.016666666667,4.01666666666667,72,11.52,26,0,0
44013,BatchInference,240,RegionF,RegionD,25,80,247,253.316666666667,6.31666666666667,14,1.4,7,88.4333333333333,1
44244,AITraining,259,RegionC,RegionD,58,150,259,261.533333333333,2.53333333333333,118,18.88,0,298.933333333333,1
44258,RealTimeInference,253,RegionA,RegionA,5,20,253,259.583333333333,6.58333333333333,3,0.24,0,0,0
44339,RealTimeInference,245,RegionB,RegionC,14,20,245,249.616666666667,4.61666666666667,1,0.08,0,4.61666666666667,1
44366,BatchInference,243,RegionD,RegionD,5,80,243,246.833333333333,3.83333333333333,22,2.2,0,0,0
44683,AITraining,249,RegionA,RegionD,65,150,249,251.216666666667,2.21666666666667,27,4.32,0,59.85,1
44711,BatchInference,180,RegionB,RegionD,60,80,253,258.733333333333,5.73333333333333,8,0.8,73,45.8666666666667,1
44971,BatchInference,226,RegionF,RegionD,25,80,249,250,1,4,0.4,23,4,1
45420,RealTimeInference,253,RegionB,RegionB,5,20,253,253.85,0.85,2,0.16,0,0,0
45463,BatchInference,261,RegionF,RegionD,25,80,261,263.35,2.35,18,1.8,0,42.3,1
45622,BatchInference,237,RegionA,RegionE,78,80,240,241.983333333333,1.98333333333333,10,1,3,19.8333333333333,1
45635,RealTimeInference,247,RegionA,RegionC,15,20,247,250.166666666667,3.16666666666667,3,0.24,0,9.5,1
45748,RealTimeInference,244,RegionB,RegionB,5,20,244,244.266666666667,0.266666666666667,4,0.32,0,0,0
45753,BatchInference,258,RegionA,RegionD,65,80,258,262.666666666667,4.66666666666667,10,1,0,46.6666666666667,1
45815,BatchInference,244,RegionD,RegionD,5,80,244,247.683333333333,3.68333333333333,16,1.6,0,0,0
45878,AITraining,258,RegionD,RegionC,58,150,258,263.916666666667,5.91666666666667,99,15.84,0,585.75,1
46054,AITraining,258,RegionB,RegionD,60,150,258,258.833333333333,0.833333333333333,90,14.4,0,75,1
46066,AITraining,251,RegionF,RegionA,82,150,251,252.933333333333,1.93333333333333,64,10.24,0,123.733333333333,1
46103,RealTimeInference,242,RegionB,RegionC,14,20,242,247.733333333333,5.73333333333333,3,0.24,0,17.2,1
46235,RealTimeInference,261,RegionB,RegionA,12,20,261,263.2,2.2,6,0.48,0,13.2,1
46300,AITraining,213,RegionE,RegionD,22,150,250,250.55,0.55,84,13.44,37,46.2,1
46419,RealTimeInference,244,RegionC,RegionC,5,20,244,249.35,5.35,4,0.32,0,0,0
46542,AITraining,258,RegionD,RegionA,65,150,258,263.183333333333,5.18333333333333,39,6.24,0,202.15,1
46563,RealTimeInference,263,RegionC,RegionB,14,20,263,269.5,6.5,5,0.4,0,32.5,1
46731,RealTimeInference,250,RegionA,RegionB,12,20,250,252.283333333333,2.28333333333333,5,0.4,0,11.4166666666667,1
46738,RealTimeInference,254,RegionA,RegionA,5,20,254,258.816666666667,4.81666666666667,6,0.48,0,0,0
46757,RealTimeInference,256,RegionA,RegionA,5,20,256,259.666666666667,3.66666666666667,5,0.4,0,0,0
46786,AITraining,262,RegionE,RegionC,70,150,262,262.6,0.6,99,15.84,0,59.4,1
46963,BatchInference,226,RegionD,RegionD,5,80,249,251.383333333333,2.38333333333333,12,1.2,23,0,0
47032,BatchInference,258,RegionA,RegionD,65,80,258,263.416666666667,5.41666666666667,8,0.8,0,43.3333333333333,1
47040,AITraining,257,RegionD,RegionD,5,150,257,259.583333333333,2.58333333333333,21,3.36,0,0,0
47146,BatchInference,241,RegionC,RegionD,58,80,259,259.683333333333,0.683333333333333,12,1.2,18,8.2,1
47224,AITraining,241,RegionD,RegionD,5,150,254,260.516666666667,6.51666666666667,78,12.48,13,0,0
47296,RealTimeInference,262,RegionB,RegionB,5,20,262,268.45,6.45,2,0.16,0,0,0
47298,RealTimeInference,240,RegionC,RegionC,5,20,240,246.366666666667,6.36666666666667,2,0.16,0,0,0
47301,RealTimeInference,260,RegionA,RegionA,5,20,260,262.7,2.7,2,0.16,0,0,0
47306,BatchInference,254,RegionF,RegionD,25,80,254,259.3,5.3,11,1.1,0,58.3,1
47350,AITraining,258,RegionE,RegionD,22,150,258,259.616666666667,1.61666666666667,66,10.56,0,106.7,1
47378,RealTimeInference,252,RegionC,RegionA,15,20,252,257.083333333333,5.08333333333333,6,0.48,0,30.5,1
47426,AITraining,252,RegionD,RegionC,58,150,252,255.533333333333,3.53333333333333,73,11.68,0,257.933333333333,1
47448,AITraining,259,RegionE,RegionB,74,150,259,260.816666666667,1.81666666666667,57,9.12,0,103.55,1
47560,AITraining,243,RegionE,RegionD,22,150,254,260.133333333333,6.13333333333333,111,17.76,11,680.8,1
47639,BatchInference,248,RegionD,RegionD,5,80,248,251.583333333333,3.58333333333333,21,2.1,0,0,0
47643,BatchInference,184,RegionB,RegionD,60,80,249,249.933333333333,0.933333333333333,10,1,65,9.33333333333333,1
47734,RealTimeInference,260,RegionA,RegionB,12,20,260,261.5,1.5,7,0.56,0,10.5,1
47771,BatchInference,248,RegionE,RegionA,78,80,248,249.35,1.35,14,1.4,0,18.9,1
47797,AITraining,241,RegionF,RegionB,79,150,241,241.816666666667,0.816666666666667,90,14.4,0,73.5,1
47872,AITraining,226,RegionD,RegionC,58,150,250,250.933333333333,0.933333333333333,99,15.84,24,92.4,1
47987,BatchInference,252,RegionD,RegionC,58,80,252,252.7,0.7,12,1.2,0,8.4,1
48015,AITraining,262,RegionA,RegionB,12,150,262,265.183333333333,3.18333333333333,45,7.2,0,143.25,1
48101,AITraining,245,RegionC,RegionD,58,150,245,248.85,3.85,26,4.16,0,100.1,1
48107,AITraining,227,RegionA,RegionD,65,150,247,253.05,6.05,96,15.36,20,580.8,1
48168,AITraining,220,RegionD,RegionD,5,150,247,253.1,6.1,90,14.4,27,0,0
48225,AITraining,224,RegionA,RegionB,12,150,254,259.65,5.65,25,4,30,141.25,1
48235,RealTimeInference,243,RegionB,RegionA,12,20,243,245.316666666667,2.31666666666667,6,0.48,0,13.9,1
48340,RealTimeInference,247,RegionB,RegionB,5,20,247,253.566666666667,6.56666666666667,3,0.24,0,0,0
48346,AITraining,258,RegionD,RegionB,60,150,258,262.816666666667,4.81666666666667,104,16.64,0,500.933333333333,1
48534,RealTimeInference,250,RegionA,RegionC,15,20,250,251.45,1.45,3,0.24,0,4.35,1
48634,BatchInference,253,RegionB,RegionD,60,80,259,260.05,1.05,7,0.7,6,7.35,1
48711,BatchInference,215,RegionA,RegionB,12,80,240,244.616666666667,4.61666666666667,5,0.5,25,23.0833333333333,1
48716,RealTimeInference,259,RegionC,RegionA,15,20,259,259.966666666667,0.966666666666667,7,0.56,0,6.76666666666667,1
48828,RealTimeInference,249,RegionE,RegionF,18,20,249,250.35,1.35,1,0.08,0,1.35,1
49011,AITraining,260,RegionF,RegionB,79,150,260,263.633333333333,3.63333333333333,39,6.24,0,141.7,1
49479,RealTimeInference,247,RegionA,RegionB,12,20,247,253.45,6.45,2,0.16,0,12.9,1
49513,RealTimeInference,244,RegionB,RegionA,12,20,244,249.45,5.45,7,0.56,0,38.15,1
49677,BatchInference,245,RegionB,RegionD,60,80,245,248.866666666667,3.86666666666667,9,0.9,0,34.8,1
49842,RealTimeInference,261,RegionB,RegionA,12,20,261,263.366666666667,2.36666666666667,5,0.4,0,11.8333333333333,1
49867,BatchInference,219,RegionB,RegionA,12,80,240,244.95,4.95,5,0.5,21,24.75,1
49923,AITraining,252,RegionF,RegionB,79,150,252,255.033333333333,3.03333333333333,35,5.6,0,106.166666666667,1
49928,AITraining,194,RegionE,RegionA,78,150,254,259.65,5.65,109,17.44,60,615.85,1
49934,RealTimeInference,240,RegionB,RegionC,14,20,240,243.466666666667,3.46666666666667,1,0.08,0,3.46666666666667,1
109,AITraining,241,RegionE,RegionD,22,150,264,267.616666666667,3.61666666666667,69,11.04,23,249.55,1
110,RealTimeInference,276,RegionC,RegionA,15,20,276,278.833333333333,2.83333333333333,5,0.4,0,14.1666666666667,1
158,RealTimeInference,280,RegionA,RegionC,15,20,280,282.6,2.6,4,0.32,0,10.4,1
159,AITraining,278,RegionD,RegionD,5,150,278,283.466666666667,5.46666666666667,32,5.12,0,0,0
346,RealTimeInference,281,RegionC,RegionB,14,20,281,283.65,2.65,1,0.08,0,2.65,1
436,RealTimeInference,267,RegionB,RegionA,12,20,267,272.933333333333,5.93333333333333,7,0.56,0,41.5333333333333,1
566,AITraining,280,RegionD,RegionA,65,150,280,281.133333333333,1.13333333333333,40,6.4,0,45.3333333333333,1
682,BatchInference,214,RegionA,RegionD,65,80,276,282.65,6.65,19,1.9,62,126.35,1
941,BatchInference,276,RegionD,RegionF,25,80,276,278.633333333333,2.63333333333333,21,2.1,0,55.3,1
1017,AITraining,265,RegionD,RegionD,5,150,265,265.733333333333,0.733333333333333,34,5.44,0,0,0
1517,AITraining,283,RegionD,RegionA,65,150,283,284,1,78,12.48,0,78,1
1556,BatchInference,275,RegionB,RegionD,60,80,276,282.416666666667,6.41666666666667,8,0.8,1,51.3333333333333,1
1742,RealTimeInference,276,RegionC,RegionA,15,20,276,280.433333333333,4.43333333333333,1,0.08,0,4.43333333333333,1
1757,AITraining,270,RegionF,RegionE,18,150,270,274.633333333333,4.63333333333333,31,4.96,0,143.633333333333,1
1803,BatchInference,282,RegionF,RegionD,25,80,282,282.9,0.9,10,1,0,9,1
1968,RealTimeInference,277,RegionA,RegionC,15,20,277,281.7,4.7,6,0.48,0,28.2,1
2026,AITraining,249,RegionF,RegionF,5,150,278,278.933333333333,0.933333333333333,62,9.92,29,0,0
2045,BatchInference,274,RegionF,RegionD,25,80,274,279.4,5.4,5,0.5,0,27,1
2084,RealTimeInference,268,RegionC,RegionA,15,20,268,274.35,6.35,2,0.16,0,12.7,1
2131,BatchInference,261,RegionF,RegionD,25,80,272,276,4,11,1.1,11,44,1
2181,BatchInference,237,RegionD,RegionD,5,80,273,275.716666666667,2.71666666666667,7,0.7,36,0,0
2202,RealTimeInference,267,RegionC,RegionC,5,20,267,270.65,3.65,6,0.48,0,0,0
2274,AITraining,240,RegionF,RegionF,5,150,272,276.883333333333,4.88333333333333,58,9.28,32,0,0
2417,BatchInference,208,RegionD,RegionF,25,80,272,276.633333333333,4.63333333333333,23,2.3,64,106.566666666667,1
2451,AITraining,268,RegionF,RegionD,25,150,268,271.183333333333,3.18333333333333,33,5.28,0,105.05,1
2506,AITraining,275,RegionD,RegionE,22,150,275,276.516666666667,1.51666666666667,47,7.52,0,71.2833333333333,1
2613,BatchInference,281,RegionC,RegionD,58,80,281,283.933333333333,2.93333333333333,15,1.5,0,44,1
2680,BatchInference,235,RegionD,RegionF,25,80,276,279.166666666667,3.16666666666667,9,0.9,41,28.5,1
2696,AITraining,281,RegionC,RegionD,58,150,281,284.783333333333,3.78333333333333,16,2.56,0,60.5333333333333,1
2881,RealTimeInference,280,RegionA,RegionC,15,20,280,284.833333333333,4.83333333333333,4,0.32,0,19.3333333333333,1
2958,RealTimeInference,282,RegionA,RegionC,15,20,282,285.75,3.75,3,0.24,0,11.25,1
2976,AITraining,273,RegionF,RegionF,5,150,273,277.266666666667,4.26666666666667,22,3.52,0,0,0
3142,BatchInference,253,RegionA,RegionE,78,80,264,264.5,0.5,6,0.6,11,3,1
3193,RealTimeInference,270,RegionC,RegionB,14,20,270,273.966666666667,3.96666666666667,2,0.16,0,7.93333333333333,1
3278,BatchInference,277,RegionE,RegionD,22,80,277,280.416666666667,3.41666666666667,14,1.4,0,47.8333333333333,1
3310,BatchInference,277,RegionD,RegionD,5,80,277,280.616666666667,3.61666666666667,19,1.9,0,0,0
3333,BatchInference,271,RegionB,RegionF,79,80,271,275.183333333333,4.18333333333333,15,1.5,0,62.75,1
3438,BatchInference,285,RegionB,RegionB,5,80,285,286.966666666667,1.96666666666667,14,1.4,0,0,0
3442,AITraining,251,RegionF,RegionD,25,150,278,278.183333333333,0.183333333333333,120,19.2,27,22,1
3629,BatchInference,226,RegionB,RegionD,60,80,276,278.366666666667,2.36666666666667,14,1.4,50,33.1333333333333,1
3824,AITraining,268,RegionB,RegionA,12,150,268,273.75,5.75,50,8,0,287.5,1
4123,AITraining,268,RegionE,RegionF,18,150,278,284.4,6.4,47,7.52,10,300.8,1
4151,BatchInference,275,RegionF,RegionF,5,80,275,276.666666666667,1.66666666666667,8,0.8,0,0,0
4175,BatchInference,263,RegionD,RegionE,22,80,271,277.1,6.1,17,1.7,8,103.7,1
4246,AITraining,271,RegionD,RegionE,22,150,271,274.066666666667,3.06666666666667,56,8.96,0,171.733333333333,1
4663,AITraining,216,RegionF,RegionF,5,150,278,279.283333333333,1.28333333333333,122,19.52,62,0,0
4702,BatchInference,268,RegionF,RegionD,25,80,272,277.316666666667,5.31666666666667,12,1.2,4,63.8,1
4777,RealTimeInference,267,RegionB,RegionC,14,20,267,270.15,3.15,4,0.32,0,12.6,1
4779,AITraining,266,RegionE,RegionD,22,150,266,270.283333333333,4.28333333333333,21,3.36,0,89.95,1
4820,BatchInference,266,RegionF,RegionF,5,80,276,276.416666666667,0.416666666666667,10,1,10,0,0
4838,RealTimeInference,276,RegionC,RegionC,5,20,276,281.05,5.05,4,0.32,0,0,0
4904,AITraining,267,RegionE,RegionD,22,150,267,271.35,4.35,52,8.32,0,226.2,1
4919,BatchInference,265,RegionA,RegionE,78,80,265,265.65,0.65,7,0.7,0,4.55,1
5012,RealTimeInference,284,RegionA,RegionB,12,20,284,288.8,4.8,5,0.4,0,24,1
5024,AITraining,281,RegionA,RegionE,78,150,281,284.95,3.95,41,6.56,0,161.95,1
5034,BatchInference,262,RegionD,RegionF,25,80,272,277.25,5.25,16,1.6,10,84,1
5053,BatchInference,273,RegionC,RegionE,70,80,276,277.4,1.4,7,0.7,3,9.8,1
5122,RealTimeInference,270,RegionF,RegionE,18,20,270,275.083333333333,5.08333333333333,5,0.4,0,25.4166666666667,1
5125,RealTimeInference,275,RegionB,RegionA,12,20,275,278.733333333333,3.73333333333333,6,0.48,0,22.4,1
5250,RealTimeInference,286,RegionB,RegionB,5,20,286,288.6,2.6,1,0.08,0,0,0
5434,BatchInference,261,RegionC,RegionF,76,80,276,278.516666666667,2.51666666666667,16,1.6,15,40.2666666666667,1
5489,BatchInference,270,RegionF,RegionE,18,80,270,273.333333333333,3.33333333333333,12,1.2,0,40,1
5553,BatchInference,208,RegionD,RegionD,5,80,272,276.833333333333,4.83333333333333,10,1,64,0,0
5680,BatchInference,277,RegionA,RegionD,65,80,277,279.616666666667,2.61666666666667,15,1.5,0,39.25,1
5937,RealTimeInference,279,RegionA,RegionC,15,20,279,284.55,5.55,6,0.48,0,33.3,1
5973,BatchInference,264,RegionD,RegionD,5,80,272,276.666666666667,4.66666666666667,9,0.9,8,0,0
6264,RealTimeInference,281,RegionA,RegionC,15,20,281,282.25,1.25,3,0.24,0,3.75,1
6376,BatchInference,264,RegionA,RegionE,78,80,264,269.05,5.05,17,1.7,0,85.85,1
6449,RealTimeInference,275,RegionA,RegionA,5,20,275,280.75,5.75,1,0.08,0,0,0
6499,BatchInference,279,RegionF,RegionD,25,80,279,284.1,5.1,7,0.7,0,35.7,1
6519,BatchInference,263,RegionF,RegionE,18,80,276,277.45,1.45,10,1,13,14.5,1
6550,RealTimeInference,275,RegionC,RegionC,5,20,275,275.833333333333,0.833333333333333,7,0.56,0,0,0
6569,AITraining,232,RegionE,RegionD,22,150,273,275.333333333333,2.33333333333333,67,10.72,41,156.333333333333,1
6696,BatchInference,262,RegionF,RegionE,18,80,271,277.116666666667,6.11666666666667,9,0.9,9,55.05,1
6745,AITraining,210,RegionD,RegionE,22,150,274,275.316666666667,1.31666666666667,92,14.72,64,121.133333333333,1
7124,BatchInference,251,RegionA,RegionD,65,80,276,279.266666666667,3.26666666666667,17,1.7,25,55.5333333333333,1
7425,BatchInference,265,RegionA,RegionD,65,80,265,268.983333333333,3.98333333333333,20,2,0,79.6666666666667,1
7498,AITraining,265,RegionD,RegionF,25,150,265,266.75,1.75,68,10.88,0,119,1
7630,RealTimeInference,278,RegionA,RegionA,5,20,278,281.316666666667,3.31666666666667,2,0.16,0,0,0
7644,AITraining,246,RegionD,RegionD,5,150,273,275.65,2.65,126,20.16,27,0,0
7846,RealTimeInference,273,RegionA,RegionA,5,20,273,274.383333333333,1.38333333333333,3,0.24,0,0,0
8145,BatchInference,272,RegionE,RegionD,22,80,272,275.516666666667,3.51666666666667,8,0.8,0,28.1333333333333,1
8163,AITraining,276,RegionE,RegionD,22,150,276,278.366666666667,2.36666666666667,114,18.24,0,269.8,1
8190,AITraining,266,RegionE,RegionD,22,150,266,270.033333333333,4.03333333333333,70,11.2,0,282.333333333333,1
8346,BatchInference,266,RegionC,RegionE,70,80,266,271.833333333333,5.83333333333333,12,1.2,0,70,1
8400,AITraining,269,RegionE,RegionD,22,150,269,273.25,4.25,77,12.32,0,327.25,1
8478,BatchInference,241,RegionD,RegionF,25,80,272,276.716666666667,4.71666666666667,22,2.2,31,103.766666666667,1
8557,AITraining,278,RegionE,RegionC,70,150,278,282.416666666667,4.41666666666667,109,17.44,0,481.416666666667,1
8627,BatchInference,259,RegionB,RegionE,74,80,271,277.416666666667,6.41666666666667,8,0.8,12,51.3333333333333,1
8629,RealTimeInference,266,RegionB,RegionC,14,20,266,271.15,5.15,1,0.08,0,5.15,1
8777,RealTimeInference,266,RegionA,RegionC,15,20,266,268.533333333333,2.53333333333333,2,0.16,0,5.06666666666667,1
8833,BatchInference,271,RegionD,RegionF,25,80,276,277.283333333333,1.28333333333333,8,0.8,5,10.2666666666667,1
8898,BatchInference,223,RegionD,RegionD,5,80,276,278.166666666667,2.16666666666667,15,1.5,53,0,0
8899,RealTimeInference,287,RegionC,RegionA,15,20,287,290.516666666667,3.51666666666667,4,0.32,0,14.0666666666667,1
8959,RealTimeInference,264,RegionD,RegionD,5,20,264,265,1,2,0.16,0,0,0
8988,AITraining,273,RegionD,RegionE,22,150,280,282.05,2.05,101,16.16,7,207.05,1
9085,AITraining,275,RegionC,RegionE,70,150,278,284.416666666667,6.41666666666667,68,10.88,3,436.333333333333,1
9137,AITraining,271,RegionB,RegionF,79,150,272,276.5,4.5,65,10.4,1,292.5,1
9177,RealTimeInference,266,RegionA,RegionB,12,20,266,268.016666666667,2.01666666666667,7,0.56,0,14.1166666666667,1
9210,BatchInference,270,RegionA,RegionE,78,80,270,271.633333333333,1.63333333333333,10,1,0,16.3333333333333,1
9289,AITraining,280,RegionD,RegionC,58,150,280,281.966666666667,1.96666666666667,82,13.12,0,161.266666666667,1
9292,RealTimeInference,270,RegionC,RegionB,14,20,270,272.383333333333,2.38333333333333,2,0.16,0,4.76666666666667,1
9318,AITraining,274,RegionE,RegionD,22,150,278,283.35,5.35,39,6.24,4,208.65,1
9377,RealTimeInference,281,RegionB,RegionC,14,20,281,282.5,1.5,3,0.24,0,4.5,1
9686,AITraining,268,RegionF,RegionC,76,150,268,268.8,0.8,56,8.96,0,44.8,1
9846,AITraining,265,RegionC,RegionD,58,150,265,266.333333333333,1.33333333333333,76,12.16,0,101.333333333333,1
9920,BatchInference,256,RegionC,RegionD,58,80,276,278.2,2.2,14,1.4,20,30.8,1
9955,AITraining,273,RegionF,RegionA,82,150,273,273.566666666667,0.566666666666667,82,13.12,0,46.4666666666667,1
9959,BatchInference,275,RegionB,RegionD,60,80,275,279.75,4.75,19,1.9,0,90.25,1
10024,AITraining,250,RegionD,RegionF,25,150,272,276.583333333333,4.58333333333333,89,14.24,22,407.916666666667,1
10062,AITraining,270,RegionB,RegionB,5,150,270,272.566666666667,2.56666666666667,86,13.76,0,0,0
10231,RealTimeInference,285,RegionC,RegionB,14,20,285,285.35,0.35,2,0.16,0,0.7,1
10337,BatchInference,249,RegionF,RegionF,5,80,272,276.416666666667,4.41666666666667,17,1.7,23,0,0
10344,BatchInference,272,RegionA,RegionD,65,80,279,284.4,5.4,19,1.9,7,102.6,1
10445,BatchInference,265,RegionC,RegionD,58,80,265,268.466666666667,3.46666666666667,10,1,0,34.6666666666667,1
10527,AITraining,269,RegionF,RegionE,18,150,269,272.016666666667,3.01666666666667,22,3.52,0,66.3666666666667,1
10535,AITraining,266,RegionD,RegionD,5,150,266,272.483333333333,6.48333333333333,88,14.08,0,0,0
10556,RealTimeInference,274,RegionB,RegionB,5,20,274,278.05,4.05,7,0.56,0,0,0
10684,AITraining,267,RegionF,RegionD,25,150,267,272.983333333333,5.98333333333333,104,16.64,0,622.266666666667,1
10777,AITraining,275,RegionB,RegionD,60,150,275,278.15,3.15,87,13.92,0,274.05,1
10844,RealTimeInference,275,RegionA,RegionC,15,20,275,281.416666666667,6.41666666666667,4,0.32,0,25.6666666666667,1
10861,AITraining,274,RegionF,RegionF,5,150,278,283.2,5.2,16,2.56,4,0,0
10870,AITraining,270,RegionD,RegionB,60,150,270,272.566666666667,2.56666666666667,94,15.04,0,241.266666666667,1
11177,RealTimeInference,269,RegionA,RegionB,12,20,269,271.066666666667,2.06666666666667,1,0.08,0,2.06666666666667,1
11233,AITraining,250,RegionE,RegionD,22,150,264,267.883333333333,3.88333333333333,126,20.16,14,489.3,1
11239,RealTimeInference,285,RegionB,RegionA,12,20,285,288.85,3.85,5,0.4,0,19.25,1
11365,BatchInference,273,RegionD,RegionE,22,80,273,278.216666666667,5.21666666666667,5,0.5,0,26.0833333333333,1
11602,AITraining,201,RegionF,RegionB,79,150,274,274.883333333333,0.883333333333333,84,13.44,73,74.2,1
11605,RealTimeInference,273,RegionA,RegionA,5,20,273,278.633333333333,5.63333333333333,1,0.08,0,0,0
11626,BatchInference,259,RegionC,RegionD,58,80,272,277.283333333333,5.28333333333333,9,0.9,13,47.55,1
11690,RealTimeInference,283,RegionA,RegionB,12,20,283,288.833333333333,5.83333333333333,1,0.08,0,5.83333333333333,1
11864,BatchInference,277,RegionE,RegionE,5,80,283,285.933333333333,2.93333333333333,23,2.3,6,0,0
12052,BatchInference,261,RegionC,RegionF,76,80,276,277.983333333333,1.98333333333333,21,2.1,15,41.65,1
12117,BatchInference,259,RegionB,RegionF,79,80,276,278.333333333333,2.33333333333333,12,1.2,17,28,1
12281,RealTimeInference,278,RegionB,RegionC,14,20,278,284.166666666667,6.16666666666667,4,0.32,0,24.6666666666667,1
12301,BatchInference,272,RegionC,RegionD,58,80,272,277.816666666667,5.81666666666667,6,0.6,0,34.9,1
12360,AITraining,267,RegionD,RegionD,5,150,267,270.3,3.3,85,13.6,0,0,0
12500,BatchInference,281,RegionD,RegionD,5,80,281,284.45,3.45,12,1.2,0,0,0
12549,AITraining,266,RegionD,RegionF,25,150,278,284.183333333333,6.18333333333333,89,14.24,12,550.316666666667,1
12570,BatchInference,277,RegionC,RegionD,58,80,277,280.05,3.05,22,2.2,0,67.1,1
12728,RealTimeInference,270,RegionB,RegionA,12,20,270,275.333333333333,5.33333333333333,3,0.24,0,16,1
12920,RealTimeInference,265,RegionC,RegionA,15,20,265,266.733333333333,1.73333333333333,1,0.08,0,1.73333333333333,1
13033,AITraining,270,RegionA,RegionB,12,150,274,274.183333333333,0.183333333333333,127,20.32,4,23.2833333333333,1
13080,BatchInference,264,RegionA,RegionD,65,80,272,277.483333333333,5.48333333333333,15,1.5,8,82.25,1
13089,BatchInference,250,RegionC,RegionF,76,80,272,276.216666666667,4.21666666666667,22,2.2,22,92.7666666666667,1
13409,RealTimeInference,273,RegionA,RegionA,5,20,273,276.366666666667,3.36666666666667,2,0.16,0,0,0
13524,AITraining,275,RegionF,RegionD,25,150,275,278.966666666667,3.96666666666667,63,10.08,0,249.9,1
13777,AITraining,275,RegionD,RegionF,25,150,278,278.6,0.6,100,16,3,60,1
13917,BatchInference,174,RegionE,RegionF,18,80,272,276.35,4.35,15,1.5,98,65.25,1
14226,BatchInference,276,RegionE,RegionF,18,80,276,276.333333333333,0.333333333333333,8,0.8,0,2.66666666666667,1
14279,BatchInference,281,RegionF,RegionD,25,80,281,282.783333333333,1.78333333333333,15,1.5,0,26.75,1
14306,BatchInference,271,RegionA,RegionE,78,80,271,275.2,4.2,4,0.4,0,16.8,1
14416,AITraining,265,RegionF,RegionA,82,150,265,266.316666666667,1.31666666666667,55,8.8,0,72.4166666666667,1
14553,BatchInference,260,RegionD,RegionD,5,80,276,278.583333333333,2.58333333333333,11,1.1,16,0,0
14618,RealTimeInference,272,RegionB,RegionA,12,20,272,277.233333333333,5.23333333333333,2,0.16,0,10.4666666666667,1
14632,BatchInference,260,RegionE,RegionF,18,80,276,278.45,2.45,12,1.2,16,29.4,1
14671,RealTimeInference,265,RegionC,RegionC,5,20,265,269.55,4.55,2,0.16,0,0,0
14762,AITraining,271,RegionE,RegionE,5,150,271,275.383333333333,4.38333333333333,112,17.92,0,0,0
14962,AITraining,266,RegionB,RegionD,60,150,266,266.75,0.75,42,6.72,0,31.5,1
15087,BatchInference,273,RegionA,RegionE,78,80,276,276.666666666667,0.666666666666667,21,2.1,3,14,1
15136,BatchInference,251,RegionD,RegionF,25,80,272,277.15,5.15,20,2,21,103,1
15229,RealTimeInference,283,RegionC,RegionB,14,20,283,288.633333333333,5.63333333333333,1,0.08,0,5.63333333333333,1
15283,BatchInference,260,RegionA,RegionD,65,80,273,275.633333333333,2.63333333333333,19,1.9,13,50.0333333333333,1
15332,AITraining,212,RegionD,RegionB,60,150,274,274.35,0.35,110,17.6,62,38.5,1
15353,RealTimeInference,275,RegionC,RegionC,5,20,275,279.183333333333,4.18333333333333,2,0.16,0,0,0
15377,AITraining,212,RegionD,RegionB,60,150,274,274.233333333333,0.233333333333333,45,7.2,62,10.5,1
15457,RealTimeInference,272,RegionB,RegionA,12,20,272,274.7,2.7,5,0.4,0,13.5,1
15540,RealTimeInference,283,RegionA,RegionB,12,20,283,286.566666666667,3.56666666666667,2,0.16,0,7.13333333333333,1
15581,BatchInference,203,RegionC,RegionD,58,80,272,277.233333333333,5.23333333333333,10,1,69,52.3333333333333,1
15623,AITraining,273,RegionF,RegionD,25,150,278,282.733333333333,4.73333333333333,80,12.8,5,378.666666666667,1
15754,BatchInference,268,RegionE,RegionE,5,80,268,274.316666666667,6.31666666666667,10,1,0,0,0
15971,BatchInference,281,RegionF,RegionD,25,80,281,281.833333333333,0.833333333333333,17,1.7,0,14.1666666666667,1
16096,BatchInference,263,RegionF,RegionD,25,80,264,264.9,0.9,18,1.8,1,16.2,1
16216,AITraining,263,RegionD,RegionC,58,150,274,275.333333333333,1.33333333333333,49,7.84,11,65.3333333333333,1
16249,BatchInference,266,RegionB,RegionC,14,80,266,268.966666666667,2.96666666666667,14,1.4,0,41.5333333333333,1
16257,AITraining,266,RegionE,RegionC,70,150,266,269.35,3.35,91,14.56,0,304.85,1
16282,RealTimeInference,267,RegionA,RegionC,15,20,267,271.633333333333,4.63333333333333,3,0.24,0,13.9,1
16397,AITraining,212,RegionF,RegionC,76,150,274,274.816666666667,0.816666666666667,54,8.64,62,44.1,1
16523,AITraining,277,RegionB,RegionD,60,150,277,277.833333333333,0.833333333333333,85,13.6,0,70.8333333333333,1
16535,RealTimeInference,274,RegionC,RegionA,15,20,274,274.316666666667,0.316666666666667,3,0.24,0,0.95,1
16537,BatchInference,275,RegionA,RegionE,78,80,276,276.466666666667,0.466666666666667,22,2.2,1,10.2666666666667,1
16790,AITraining,263,RegionF,RegionF,5,150,272,276.7,4.7,96,15.36,9,0,0
16886,BatchInference,280,RegionB,RegionE,74,80,280,282.116666666667,2.11666666666667,5,0.5,0,10.5833333333333,1
17041,AITraining,279,RegionA,RegionD,65,150,279,283.583333333333,4.58333333333333,95,15.2,0,435.416666666667,1
17087,BatchInference,244,RegionA,RegionD,65,80,264,264.683333333333,0.683333333333333,13,1.3,20,8.88333333333333,1
17106,AITraining,269,RegionF,RegionE,18,150,278,283.95,5.95,95,15.2,9,565.25,1
17147,RealTimeInference,274,RegionA,RegionC,15,20,274,276.25,2.25,7,0.56,0,15.75,1
17371,AITraining,279,RegionD,RegionE,22,150,285,286.816666666667,1.81666666666667,54,8.64,6,98.1,1
17442,RealTimeInference,287,RegionA,RegionB,12,20,287,290.5,3.5,5,0.4,0,17.5,1
17471,RealTimeInference,269,RegionB,RegionA,12,20,269,274.45,5.45,6,0.48,0,32.7,1
17491,BatchInference,269,RegionD,RegionE,22,80,269,270.883333333333,1.88333333333333,5,0.5,0,9.41666666666667,1
17495,RealTimeInference,269,RegionA,RegionB,12,20,269,272.183333333333,3.18333333333333,1,0.08,0,3.18333333333333,1
17536,AITraining,250,RegionD,RegionD,5,150,264,267.516666666667,3.51666666666667,51,8.16,14,0,0
17827,BatchInference,259,RegionE,RegionD,22,80,272,277.816666666667,5.81666666666667,9,0.9,13,52.35,1
17831,RealTimeInference,285,RegionB,RegionC,14,20,285,285.316666666667,0.316666666666667,5,0.4,0,1.58333333333333,1
17850,RealTimeInference,283,RegionB,RegionA,12,20,283,288.566666666667,5.56666666666667,1,0.08,0,5.56666666666667,1
17878,RealTimeInference,267,RegionB,RegionC,14,20,267,268.133333333333,1.13333333333333,7,0.56,0,7.93333333333333,1
18046,AITraining,270,RegionD,RegionD,5,150,272,277.866666666667,5.86666666666667,69,11.04,2,0,0
18051,AITraining,277,RegionF,RegionD,25,150,277,283.383333333333,6.38333333333333,60,9.6,0,383,1
18158,BatchInference,271,RegionB,RegionD,60,80,271,275.466666666667,4.46666666666667,19,1.9,0,84.8666666666667,1
18258,BatchInference,276,RegionD,RegionD,5,80,276,280.566666666667,4.56666666666667,22,2.2,0,0,0
18456,RealTimeInference,274,RegionC,RegionA,15,20,274,274.933333333333,0.933333333333333,2,0.16,0,1.86666666666667,1
18547,BatchInference,262,RegionD,RegionD,5,80,272,277.966666666667,5.96666666666667,20,2,10,0,0
18583,BatchInference,275,RegionA,RegionE,78,80,275,277.166666666667,2.16666666666667,22,2.2,0,47.6666666666667,1
18719,BatchInference,262,RegionE,RegionD,22,80,264,267.933333333333,3.93333333333333,5,0.5,2,19.6666666666667,1
18846,AITraining,283,RegionD,RegionA,65,150,283,284.666666666667,1.66666666666667,75,12,0,125,1
18888,AITraining,218,RegionE,RegionB,74,150,274,274.533333333333,0.533333333333333,119,19.04,56,63.4666666666667,1
18928,RealTimeInference,274,RegionC,RegionA,15,20,274,280.616666666667,6.61666666666667,4,0.32,0,26.4666666666667,1
18973,BatchInference,281,RegionD,RegionD,5,80,281,284.616666666667,3.61666666666667,7,0.7,0,0,0
19030,BatchInference,237,RegionB,RegionF,79,80,271,277.266666666667,6.26666666666667,7,0.7,34,43.8666666666667,1
19062,BatchInference,269,RegionA,RegionE,78,80,276,277.416666666667,1.41666666666667,14,1.4,7,19.8333333333333,1
19063,BatchInference,198,RegionB,RegionD,60,80,272,277.683333333333,5.68333333333333,12,1.2,74,68.2,1
19178,RealTimeInference,285,RegionC,RegionB,14,20,285,289.8,4.8,3,0.24,0,14.4,1
19206,AITraining,273,RegionB,RegionD,60,150,273,277.6,4.6,105,16.8,0,483,1
19252,AITraining,265,RegionB,RegionD,60,150,265,270.733333333333,5.73333333333333,91,14.56,0,521.733333333333,1
19324,BatchInference,242,RegionA,RegionA,5,80,276,277.9,1.9,8,0.8,34,0,0
19498,AITraining,267,RegionE,RegionD,22,150,267,271.166666666667,4.16666666666667,103,16.48,0,429.166666666667,1
19571,BatchInference,260,RegionD,RegionF,25,80,272,276.316666666667,4.31666666666667,17,1.7,12,73.3833333333333,1
19675,AITraining,259,RegionE,RegionE,5,150,278,279.1,1.1,63,10.08,19,0,0
19843,RealTimeInference,276,RegionA,RegionA,5,20,276,277.516666666667,1.51666666666667,1,0.08,0,0,0
19905,AITraining,281,RegionE,RegionD,22,150,281,282.583333333333,1.58333333333333,113,18.08,0,178.916666666667,1
20200,AITraining,270,RegionE,RegionA,78,150,270,275.533333333333,5.53333333333333,50,8,0,276.666666666667,1
20512,BatchInference,274,RegionA,RegionD,65,80,276,279.633333333333,3.63333333333333,11,1.1,2,39.9666666666667,1
20649,BatchInference,281,RegionA,RegionD,65,80,281,284.066666666667,3.06666666666667,11,1.1,0,33.7333333333333,1
20650,AITraining,265,RegionD,RegionD,5,150,265,271.433333333333,6.43333333333333,51,8.16,0,0,0
20723,AITraining,265,RegionD,RegionD,5,150,265,267.216666666667,2.21666666666667,38,6.08,0,0,0
20732,AITraining,275,RegionE,RegionE,5,150,275,277.166666666667,2.16666666666667,21,3.36,0,0,0
20869,RealTimeInference,276,RegionB,RegionA,12,20,276,280.266666666667,4.26666666666667,7,0.56,0,29.8666666666667,1
20928,BatchInference,275,RegionD,RegionD,5,80,275,279.983333333333,4.98333333333333,17,1.7,0,0,0
20940,BatchInference,275,RegionC,RegionD,58,80,275,278.55,3.55,16,1.6,0,56.8,1
21101,AITraining,275,RegionF,RegionF,5,150,278,279.266666666667,1.26666666666667,35,5.6,3,0,0
21115,BatchInference,265,RegionA,RegionD,65,80,265,269.333333333333,4.33333333333333,4,0.4,0,17.3333333333333,1
21180,BatchInference,271,RegionA,RegionE,78,80,271,277.583333333333,6.58333333333333,11,1.1,0,72.4166666666667,1
21183,RealTimeInference,268,RegionB,RegionC,14,20,268,271.516666666667,3.51666666666667,5,0.4,0,17.5833333333333,1
21205,BatchInference,260,RegionE,RegionD,22,80,272,276.733333333333,4.73333333333333,21,2.1,12,99.4,1
21275,BatchInference,278,RegionC,RegionC,5,80,278,281.9,3.9,22,2.2,0,0,0
21349,AITraining,272,RegionF,RegionD,25,150,272,275.533333333333,3.53333333333333,33,5.28,0,116.6,1
21525,BatchInference,279,RegionD,RegionD,5,80,279,282.583333333333,3.58333333333333,5,0.5,0,0,0
21532,RealTimeInference,268,RegionC,RegionA,15,20,268,269.033333333333,1.03333333333333,1,0.08,0,1.03333333333333,1
21715,BatchInference,274,RegionD,RegionF,25,80,274,279.666666666667,5.66666666666667,15,1.5,0,85,1
21886,BatchInference,268,RegionD,RegionC,58,80,268,269.6,1.6,12,1.2,0,19.2,1
21915,BatchInference,265,RegionA,RegionE,78,80,271,277.116666666667,6.11666666666667,23,2.3,6,140.683333333333,1
21932,RealTimeInference,282,RegionC,RegionB,14,20,282,288.116666666667,6.11666666666667,3,0.24,0,18.35,1
22014,BatchInference,278,RegionA,RegionD,65,80,278,282.366666666667,4.36666666666667,9,0.9,0,39.3,1
22156,AITraining,272,RegionF,RegionF,5,150,272,273.016666666667,1.01666666666667,86,13.76,0,0,0
22290,BatchInference,263,RegionB,RegionD,60,80,276,282.6,6.6,4,0.4,13,26.4,1
22485,RealTimeInference,276,RegionE,RegionF,18,20,276,280.3,4.3,1,0.08,0,4.3,1
22494,BatchInference,277,RegionB,RegionD,60,80,277,281.416666666667,4.41666666666667,17,1.7,0,75.0833333333333,1
22607,RealTimeInference,282,RegionB,RegionB,5,20,282,282.833333333333,0.833333333333333,7,0.56,0,0,0
22617,RealTimeInference,270,RegionA,RegionA,5,20,270,270.833333333333,0.833333333333333,2,0.16,0,0,0
22635,AITraining,273,RegionF,RegionC,76,150,280,283.933333333333,3.93333333333333,101,16.16,7,397.266666666667,1
22663,AITraining,286,RegionB,RegionF,79,150,286,289.433333333333,3.43333333333333,28,4.48,0,96.1333333333333,1
22833,BatchInference,265,RegionA,RegionD,65,80,272,277.833333333333,5.83333333333333,23,2.3,7,134.166666666667,1
22855,RealTimeInference,274,RegionB,RegionA,12,20,274,274.35,0.35,3,0.24,0,1.05,1
22963,RealTimeInference,273,RegionC,RegionA,15,20,273,278.7,5.7,4,0.32,0,22.8,1
23032,BatchInference,277,RegionB,RegionD,60,80,277,283.55,6.55,6,0.6,0,39.3,1
23040,BatchInference,277,RegionD,RegionD,5,80,277,283.45,6.45,4,0.4,0,0,0
23311,RealTimeInference,277,RegionC,RegionC,5,20,277,279.65,2.65,4,0.32,0,0,0
23328,BatchInference,270,RegionC,RegionE,70,80,270,272.483333333333,2.48333333333333,18,1.8,0,44.7,1
23438,AITraining,284,RegionD,RegionE,22,150,284,285.866666666667,1.86666666666667,60,9.6,0,112,1
23506,AITraining,273,RegionE,RegionF,18,150,273,273.283333333333,0.283333333333333,122,19.52,0,34.5666666666667,1
23575,BatchInference,250,RegionA,RegionE,78,80,272,276.916666666667,4.91666666666667,6,0.6,22,29.5,1
23607,AITraining,273,RegionA,RegionF,82,150,278,283.15,5.15,17,2.72,5,87.55,1
23621,BatchInference,264,RegionA,RegionE,78,80,276,277.116666666667,1.11666666666667,20,2,12,22.3333333333333,1
23686,RealTimeInference,274,RegionA,RegionB,12,20,274,274.483333333333,0.483333333333333,3,0.24,0,1.45,1
23691,AITraining,270,RegionF,RegionE,18,150,278,283.05,5.05,53,8.48,8,267.65,1
23915,AITraining,279,RegionF,RegionE,18,150,279,280.366666666667,1.36666666666667,40,6.4,0,54.6666666666667,1
23924,AITraining,264,RegionD,RegionF,25,150,272,276.25,4.25,61,9.76,8,259.25,1
23992,RealTimeInference,285,RegionC,RegionB,14,20,285,285.7,0.7,5,0.4,0,3.5,1
24097,AITraining,276,RegionE,RegionD,22,150,278,283.4,5.4,25,4,2,135,1
24302,RealTimeInference,277,RegionE,RegionF,18,20,277,279.466666666667,2.46666666666667,5,0.4,0,12.3333333333333,1
24375,AITraining,264,RegionB,RegionC,14,150,274,275.733333333333,1.73333333333333,72,11.52,10,124.8,1
24637,RealTimeInference,266,RegionA,RegionB,12,20,266,267.55,1.55,6,0.48,0,9.3,1
24797,RealTimeInference,273,RegionB,RegionA,12,20,273,277.433333333333,4.43333333333333,3,0.24,0,13.3,1
24868,RealTimeInference,264,RegionA,RegionA,5,20,264,267.15,3.15,6,0.48,0,0,0
24981,BatchInference,268,RegionC,RegionA,15,80,268,273.583333333333,5.58333333333333,17,1.7,0,94.9166666666667,1
25009,BatchInference,181,RegionD,RegionE,22,80,272,277.333333333333,5.33333333333333,11,1.1,91,58.6666666666667,1
25037,BatchInference,276,RegionA,RegionD,65,80,276,278.716666666667,2.71666666666667,17,1.7,0,46.1833333333333,1
25090,AITraining,282,RegionB,RegionF,79,150,282,286.95,4.95,127,20.32,0,628.65,1
25230,AITraining,275,RegionD,RegionC,58,150,275,275.3,0.3,124,19.84,0,37.2,1
25457,AITraining,282,RegionA,RegionD,65,150,282,286.583333333333,4.58333333333333,90,14.4,0,412.5,1
25479,AITraining,268,RegionD,RegionA,65,150,268,270.666666666667,2.66666666666667,82,13.12,0,218.666666666667,1
25564,RealTimeInference,265,RegionB,RegionC,14,20,265,270.333333333333,5.33333333333333,3,0.24,0,16,1
25627,AITraining,222,RegionF,RegionD,25,150,264,268.316666666667,4.31666666666667,111,17.76,42,479.15,1
25691,BatchInference,253,RegionD,RegionD,5,80,276,278.216666666667,2.21666666666667,8,0.8,23,0,0
25873,AITraining,255,RegionD,RegionC,58,150,274,274.683333333333,0.683333333333333,19,3.04,19,12.9833333333333,1
25890,RealTimeInference,287,RegionA,RegionA,5,20,287,290.233333333333,3.23333333333333,2,0.16,0,0,0
26191,BatchInference,260,RegionF,RegionE,18,80,276,277.45,1.45,19,1.9,16,27.55,1
26422,BatchInference,264,RegionA,RegionD,65,80,272,277.9,5.9,18,1.8,8,106.2,1
26595,AITraining,280,RegionE,RegionD,22,150,280,284.45,4.45,81,12.96,0,360.45,1
26661,RealTimeInference,284,RegionB,RegionB,5,20,284,288.333333333333,4.33333333333333,6,0.48,0,0,0
26663,BatchInference,263,RegionF,RegionF,5,80,272,276.25,4.25,9,0.9,9,0,0
26693,BatchInference,279,RegionC,RegionA,15,80,285,285.666666666667,0.666666666666667,10,1,6,6.66666666666667,1
26954,RealTimeInference,267,RegionA,RegionC,15,20,267,271.6,4.6,2,0.16,0,9.2,1
27081,RealTimeInference,264,RegionB,RegionC,14,20,264,269.583333333333,5.58333333333333,2,0.16,0,11.1666666666667,1
27106,AITraining,271,RegionD,RegionD,5,150,271,273.85,2.85,24,3.84,0,0,0
27143,BatchInference,254,RegionA,RegionD,65,80,276,279.583333333333,3.58333333333333,19,1.9,22,68.0833333333333,1
27177,RealTimeInference,270,RegionA,RegionA,5,20,270,274.366666666667,4.36666666666667,3,0.24,0,0,0
27197,BatchInference,273,RegionB,RegionD,60,80,273,278.25,5.25,7,0.7,0,36.75,1
27349,BatchInference,286,RegionC,RegionF,76,80,286,286.683333333333,0.683333333333333,23,2.3,0,15.7166666666667,1
27418,BatchInference,267,RegionF,RegionE,18,80,267,268.933333333333,1.93333333333333,12,1.2,0,23.2,1
27564,RealTimeInference,276,RegionA,RegionA,5,20,276,280.35,4.35,6,0.48,0,0,0
27623,BatchInference,249,RegionB,RegionE,74,80,272,277.8,5.8,12,1.2,23,69.6,1
27927,AITraining,277,RegionE,RegionD,22,150,277,278.666666666667,1.66666666666667,35,5.6,0,58.3333333333333,1
28136,RealTimeInference,275,RegionB,RegionC,14,20,275,277.166666666667,2.16666666666667,5,0.4,0,10.8333333333333,1
28141,AITraining,265,RegionD,RegionC,58,150,265,268.583333333333,3.58333333333333,34,5.44,0,121.833333333333,1
28180,BatchInference,224,RegionA,RegionD,65,80,272,276.566666666667,4.56666666666667,19,1.9,48,86.7666666666667,1
28276,AITraining,262,RegionF,RegionD,25,150,264,270.65,6.65,45,7.2,2,299.25,1
28308,BatchInference,251,RegionD,RegionF,25,80,276,278.783333333333,2.78333333333333,5,0.5,25,13.9166666666667,1
28326,BatchInference,283,RegionC,RegionE,70,80,283,285.166666666667,2.16666666666667,21,2.1,0,45.5,1
28338,BatchInference,282,RegionB,RegionD,60,80,282,282.933333333333,0.933333333333333,10,1,0,9.33333333333333,1
28455,RealTimeInference,266,RegionA,RegionC,15,20,266,270.266666666667,4.26666666666667,1,0.08,0,4.26666666666667,1
28476,AITraining,283,RegionD,RegionE,22,150,283,283.216666666667,0.216666666666667,52,8.32,0,11.2666666666667,1
28601,AITraining,272,RegionD,RegionF,25,150,272,275.183333333333,3.18333333333333,38,6.08,0,120.966666666667,1
28660,BatchInference,269,RegionB,RegionD,60,80,276,279.316666666667,3.31666666666667,23,2.3,7,76.2833333333333,1
28831,BatchInference,254,RegionC,RegionD,58,80,273,275.333333333333,2.33333333333333,19,1.9,19,44.3333333333333,1
28863,BatchInference,278,RegionB,RegionE,74,80,278,282.533333333333,4.53333333333333,9,0.9,0,40.8,1
28871,AITraining,263,RegionE,RegionE,5,150,271,277.15,6.15,87,13.92,8,0,0
29053,AITraining,282,RegionD,RegionD,5,150,282,285.883333333333,3.88333333333333,111,17.76,0,0,0
29065,RealTimeInference,274,RegionA,RegionC,15,20,274,279.916666666667,5.91666666666667,1,0.08,0,5.91666666666667,1
29135,AITraining,272,RegionF,RegionD,25,150,272,272.316666666667,0.316666666666667,25,4,0,7.91666666666667,1
29296,AITraining,281,RegionD,RegionD,5,150,281,285.2,4.2,39,6.24,0,0,0
29348,RealTimeInference,269,RegionA,RegionA,5,20,269,275.1,6.1,4,0.32,0,0,0
29388,RealTimeInference,270,RegionA,RegionA,5,20,270,275.783333333333,5.78333333333333,4,0.32,0,0,0
29433,AITraining,268,RegionD,RegionE,22,150,268,268.333333333333,0.333333333333333,61,9.76,0,20.3333333333333,1
29477,AITraining,249,RegionF,RegionF,5,150,272,277.583333333333,5.58333333333333,110,17.6,23,0,0
29752,BatchInference,280,RegionE,RegionE,5,80,280,283.983333333333,3.98333333333333,7,0.7,0,0,0
29766,BatchInference,269,RegionF,RegionF,5,80,271,277.133333333333,6.13333333333333,4,0.4,2,0,0
29781,BatchInference,259,RegionB,RegionD,60,80,264,267.933333333333,3.93333333333333,19,1.9,5,74.7333333333333,1
29833,RealTimeInference,268,RegionA,RegionC,15,20,268,271.95,3.95,6,0.48,0,23.7,1
29835,RealTimeInference,264,RegionB,RegionC,14,20,264,264.533333333333,0.533333333333333,4,0.32,0,2.13333333333333,1
30042,BatchInference,271,RegionA,RegionE,78,80,276,276.55,0.55,5,0.5,5,2.75,1
30071,RealTimeInference,274,RegionB,RegionA,12,20,274,276.6,2.6,7,0.56,0,18.2,1
30086,BatchInference,261,RegionD,RegionD,5,80,273,276.033333333333,3.03333333333333,8,0.8,12,0,0
30209,BatchInference,272,RegionC,RegionD,58,80,272,274,2,13,1.3,0,26,1
30257,AITraining,272,RegionF,RegionD,25,150,272,277.616666666667,5.61666666666667,56,8.96,0,314.533333333333,1
30378,AITraining,280,RegionD,RegionC,58,150,280,281.033333333333,1.03333333333333,22,3.52,0,22.7333333333333,1
30470,AITraining,279,RegionD,RegionE,22,150,285,285.65,0.65,112,17.92,6,72.8,1
30506,BatchInference,281,RegionE,RegionD,22,80,281,284.083333333333,3.08333333333333,13,1.3,0,40.0833333333333,1
30677,RealTimeInference,283,RegionC,RegionB,14,20,283,286.766666666667,3.76666666666667,5,0.4,0,18.8333333333333,1
30717,BatchInference,252,RegionF,RegionD,25,80,272,277.816666666667,5.81666666666667,23,2.3,20,133.783333333333,1
30810,AITraining,279,RegionC,RegionC,5,150,279,281.666666666667,2.66666666666667,52,8.32,0,0,0
30817,BatchInference,265,RegionA,RegionD,65,80,265,269.883333333333,4.88333333333333,17,1.7,0,83.0166666666667,1
30913,AITraining,240,RegionF,RegionE,18,150,273,276.533333333333,3.53333333333333,113,18.08,33,399.266666666667,1
31072,BatchInference,280,RegionA,RegionD,65,80,280,283.35,3.35,21,2.1,0,70.35,1
31184,RealTimeInference,275,RegionA,RegionC,15,20,275,275.4,0.4,1,0.08,0,0.4,1
31271,RealTimeInference,266,RegionB,RegionC,14,20,266,270.55,4.55,6,0.48,0,27.3,1
31272,BatchInference,271,RegionC,RegionD,58,80,271,274.7,3.7,12,1.2,0,44.4,1
31336,BatchInference,274,RegionB,RegionF,79,80,276,279.216666666667,3.21666666666667,19,1.9,2,61.1166666666667,1
31375,BatchInference,286,RegionB,RegionA,12,80,286,287.383333333333,1.38333333333333,5,0.5,0,6.91666666666667,1
31383,BatchInference,279,RegionC,RegionE,70,80,279,284.116666666667,5.11666666666667,9,0.9,0,46.05,1
31392,RealTimeInference,271,RegionC,RegionA,15,20,271,276.916666666667,5.91666666666667,5,0.4,0,29.5833333333333,1
31407,BatchInference,256,RegionA,RegionE,78,80,276,277.666666666667,1.66666666666667,23,2.3,20,38.3333333333333,1
31624,BatchInference,265,RegionB,RegionF,79,80,276,276.9,0.9,19,1.9,11,17.1,1
31635,AITraining,251,RegionF,RegionF,5,150,278,279.416666666667,1.41666666666667,56,8.96,27,0,0
31693,AITraining,266,RegionE,RegionE,5,150,266,268.983333333333,2.98333333333333,116,18.56,0,0,0
31923,RealTimeInference,273,RegionC,RegionB,14,20,273,273.266666666667,0.266666666666667,2,0.16,0,0.533333333333333,1
31946,AITraining,281,RegionD,RegionE,22,150,281,285.55,4.55,119,19.04,0,541.45,1
31967,AITraining,280,RegionD,RegionE,22,150,286,287.016666666667,1.01666666666667,20,3.2,6,20.3333333333333,1
32014,BatchInference,242,RegionD,RegionE,22,80,276,277.466666666667,1.46666666666667,22,2.2,34,32.2666666666667,1
32200,RealTimeInference,285,RegionA,RegionB,12,20,285,291.266666666667,6.26666666666667,2,0.16,0,12.5333333333333,1
32202,RealTimeInference,274,RegionA,RegionC,15,20,274,280.383333333333,6.38333333333333,3,0.24,0,19.15,1
32318,BatchInference,275,RegionA,RegionE,78,80,275,276.016666666667,1.01666666666667,7,0.7,0,7.11666666666667,1
32662,RealTimeInference,279,RegionB,RegionC,14,20,279,281.083333333333,2.08333333333333,6,0.48,0,12.5,1
32743,BatchInference,278,RegionE,RegionE,5,80,278,282.05,4.05,18,1.8,0,0,0
32790,BatchInference,254,RegionF,RegionF,5,80,276,278.833333333333,2.83333333333333,18,1.8,22,0,0
32838,RealTimeInference,282,RegionA,RegionA,5,20,282,286.833333333333,4.83333333333333,7,0.56,0,0,0
32993,AITraining,279,RegionF,RegionD,25,150,279,283.45,4.45,62,9.92,0,275.9,1
32995,AITraining,271,RegionD,RegionE,22,150,271,273.016666666667,2.01666666666667,37,5.92,0,74.6166666666667,1
33283,RealTimeInference,269,RegionA,RegionB,12,20,269,274.633333333333,5.63333333333333,5,0.4,0,28.1666666666667,1
33373,AITraining,271,RegionF,RegionE,18,150,271,277,6,105,16.8,0,630,1
33462,RealTimeInference,273,RegionB,RegionA,12,20,273,276.883333333333,3.88333333333333,5,0.4,0,19.4166666666667,1
33479,AITraining,280,RegionF,RegionE,18,150,280,286.416666666667,6.41666666666667,53,8.48,0,340.083333333333,1
33866,BatchInference,266,RegionF,RegionE,18,80,276,277.2,1.2,21,2.1,10,25.2,1
33878,RealTimeInference,284,RegionC,RegionB,14,20,284,289.3,5.3,1,0.08,0,5.3,1
34008,AITraining,275,RegionE,RegionE,5,150,275,276.75,1.75,87,13.92,0,0,0
34098,RealTimeInference,270,RegionB,RegionA,12,20,270,276.1,6.1,2,0.16,0,12.2,1
34150,AITraining,269,RegionD,RegionD,5,150,269,271.25,2.25,73,11.68,0,0,0
34174,BatchInference,263,RegionF,RegionF,5,80,272,276.85,4.85,18,1.8,9,0,0
34289,BatchInference,252,RegionC,RegionD,58,80,272,276.116666666667,4.11666666666667,6,0.6,20,24.7,1
34418,AITraining,276,RegionC,RegionD,58,150,278,283.45,5.45,22,3.52,2,119.9,1
34432,RealTimeInference,277,RegionA,RegionA,5,20,277,278.516666666667,1.51666666666667,1,0.08,0,0,0
34663,AITraining,276,RegionD,RegionD,5,150,276,279.15,3.15,58,9.28,0,0,0
34671,BatchInference,263,RegionD,RegionD,5,80,272,276.133333333333,4.13333333333333,20,2,9,0,0
34694,RealTimeInference,282,RegionA,RegionB,12,20,282,283.85,1.85,4,0.32,0,7.4,1
34726,AITraining,263,RegionC,RegionF,76,150,271,277.283333333333,6.28333333333333,92,14.72,8,578.066666666667,1
34772,RealTimeInference,286,RegionA,RegionB,12,20,286,292.3,6.3,3,0.24,0,18.9,1
34822,BatchInference,279,RegionD,RegionD,5,80,279,282.433333333333,3.43333333333333,15,1.5,0,0,0
34881,BatchInference,282,RegionD,RegionF,25,80,282,288.066666666667,6.06666666666667,9,0.9,0,54.6,1
34899,BatchInference,262,RegionC,RegionD,58,80,264,267.9,3.9,17,1.7,2,66.3,1
35104,RealTimeInference,273,RegionC,RegionC,5,20,273,276.75,3.75,5,0.4,0,0,0
35231,RealTimeInference,278,RegionA,RegionC,15,20,278,281.983333333333,3.98333333333333,1,0.08,0,3.98333333333333,1
35246,AITraining,277,RegionD,RegionD,5,150,277,279.266666666667,2.26666666666667,68,10.88,0,0,0
35295,AITraining,275,RegionF,RegionE,18,150,275,277.65,2.65,28,4.48,0,74.2,1
35323,RealTimeInference,272,RegionA,RegionA,5,20,272,278.333333333333,6.33333333333333,4,0.32,0,0,0
35591,BatchInference,188,RegionF,RegionD,25,80,272,276.6,4.6,23,2.3,84,105.8,1
35707,RealTimeInference,278,RegionC,RegionC,5,20,278,280.216666666667,2.21666666666667,6,0.48,0,0,0
35787,AITraining,269,RegionF,RegionD,25,150,269,269.766666666667,0.766666666666667,124,19.84,0,95.0666666666667,1
35906,RealTimeInference,275,RegionF,RegionE,18,20,275,280.116666666667,5.11666666666667,6,0.48,0,30.7,1
35937,AITraining,245,RegionE,RegionF,18,150,273,275.316666666667,2.31666666666667,22,3.52,28,50.9666666666667,1
36083,AITraining,270,RegionF,RegionD,25,150,270,271.133333333333,1.13333333333333,82,13.12,0,92.9333333333333,1
36266,BatchInference,281,RegionE,RegionD,22,80,281,283.366666666667,2.36666666666667,5,0.5,0,11.8333333333333,1
36421,AITraining,274,RegionE,RegionF,18,150,281,282.466666666667,1.46666666666667,54,8.64,7,79.2,1
36686,AITraining,192,RegionF,RegionB,79,150,274,274.483333333333,0.483333333333333,43,6.88,82,20.7833333333333,1
36781,BatchInference,277,RegionB,RegionD,60,80,277,278.366666666667,1.36666666666667,19,1.9,0,25.9666666666667,1
36825,AITraining,282,RegionB,RegionD,60,150,282,284.033333333333,2.03333333333333,92,14.72,0,187.066666666667,1
36839,BatchInference,264,RegionB,RegionF,79,80,272,276.966666666667,4.96666666666667,5,0.5,8,24.8333333333333,1
36930,RealTimeInference,266,RegionA,RegionB,12,20,266,266.766666666667,0.766666666666667,7,0.56,0,5.36666666666667,1
37102,AITraining,248,RegionD,RegionD,5,150,264,267.6,3.6,48,7.68,16,0,0
37132,RealTimeInference,284,RegionC,RegionA,15,20,284,288.716666666667,4.71666666666667,3,0.24,0,14.15,1
37159,AITraining,280,RegionA,RegionE,78,150,286,287.116666666667,1.11666666666667,46,7.36,6,51.3666666666667,1
37186,RealTimeInference,268,RegionA,RegionA,5,20,268,274.033333333333,6.03333333333333,5,0.4,0,0,0
37348,BatchInference,261,RegionE,RegionE,5,80,276,277.566666666667,1.56666666666667,5,0.5,15,0,0
37455,BatchInference,272,RegionA,RegionE,78,80,272,273.233333333333,1.23333333333333,6,0.6,0,7.4,1
37490,BatchInference,281,RegionC,RegionD,58,80,281,285.75,4.75,9,0.9,0,42.75,1
37606,AITraining,270,RegionD,RegionD,5,150,270,270.3,0.3,78,12.48,0,0,0
37784,RealTimeInference,275,RegionA,RegionC,15,20,275,280.016666666667,5.01666666666667,6,0.48,0,30.1,1
37852,RealTimeInference,270,RegionC,RegionB,14,20,270,273.5,3.5,2,0.16,0,7,1
37926,BatchInference,248,RegionF,RegionE,18,80,271,277.65,6.65,9,0.9,23,59.85,1
37940,AITraining,287,RegionB,RegionF,79,150,287,289.583333333333,2.58333333333333,86,13.76,0,222.166666666667,1
38235,BatchInference,252,RegionA,RegionC,15,80,264,269.5,5.5,9,0.9,12,49.5,1
38400,AITraining,259,RegionD,RegionD,5,150,273,275.033333333333,2.03333333333333,88,14.08,14,0,0
38588,BatchInference,275,RegionE,RegionD,22,80,275,279.333333333333,4.33333333333333,15,1.5,0,65,1
38651,AITraining,278,RegionD,RegionD,5,150,278,282.8,4.8,29,4.64,0,0,0
38761,AITraining,276,RegionD,RegionE,22,150,276,278,2,67,10.72,0,134,1
38764,BatchInference,276,RegionD,RegionD,5,80,276,279.65,3.65,20,2,0,0,0
38768,BatchInference,266,RegionB,RegionD,60,80,272,276.666666666667,4.66666666666667,18,1.8,6,84,1
38807,BatchInference,266,RegionB,RegionE,74,80,272,277.433333333333,5.43333333333333,21,2.1,6,114.1,1
38977,AITraining,240,RegionD,RegionD,5,150,273,275.533333333333,2.53333333333333,60,9.6,33,0,0
39000,AITraining,271,RegionE,RegionD,22,150,271,271.383333333333,0.383333333333333,122,19.52,0,46.7666666666667,1
39124,RealTimeInference,277,RegionB,RegionC,14,20,277,281.716666666667,4.71666666666667,2,0.16,0,9.43333333333333,1
39243,BatchInference,252,RegionD,RegionF,25,80,276,279.4,3.4,11,1.1,24,37.4,1
39347,AITraining,266,RegionE,RegionD,22,150,266,270.7,4.7,78,12.48,0,366.6,1
39497,AITraining,226,RegionD,RegionB,60,150,274,274.85,0.85,99,15.84,48,84.15,1
39581,BatchInference,225,RegionB,RegionD,60,80,276,282.4,6.4,4,0.4,51,25.6,1
39689,RealTimeInference,284,RegionC,RegionB,14,20,284,290.033333333333,6.03333333333333,5,0.4,0,30.1666666666667,1
39715,RealTimeInference,267,RegionC,RegionA,15,20,267,273.316666666667,6.31666666666667,3,0.24,0,18.95,1
39804,BatchInference,268,RegionB,RegionF,79,80,276,279.266666666667,3.26666666666667,10,1,8,32.6666666666667,1
39958,RealTimeInference,274,RegionC,RegionB,14,20,274,277.016666666667,3.01666666666667,6,0.48,0,18.1,1
40039,AITraining,282,RegionB,RegionF,79,150,282,283.233333333333,1.23333333333333,119,19.04,0,146.766666666667,1
40159,BatchInference,262,RegionB,RegionD,60,80,273,276.05,3.05,12,1.2,11,36.6,1
40230,AITraining,250,RegionD,RegionE,22,150,273,275.683333333333,2.68333333333333,117,18.72,23,313.95,1
40244,RealTimeInference,273,RegionA,RegionA,5,20,273,278.25,5.25,3,0.24,0,0,0
40277,BatchInference,263,RegionB,RegionF,79,80,272,277.1,5.1,12,1.2,9,61.2,1
40282,BatchInference,267,RegionA,RegionD,65,80,267,267.666666666667,0.666666666666667,21,2.1,0,14,1
40466,BatchInference,277,RegionA,RegionD,65,80,277,277.866666666667,0.866666666666667,15,1.5,0,13,1
40645,BatchInference,265,RegionC,RegionD,58,80,265,267.933333333333,2.93333333333333,17,1.7,0,49.8666666666667,1
40654,BatchInference,250,RegionE,RegionD,22,80,264,267.666666666667,3.66666666666667,22,2.2,14,80.6666666666667,1
40862,RealTimeInference,280,RegionB,RegionB,5,20,280,280.916666666667,0.916666666666667,4,0.32,0,0,0
40997,RealTimeInference,272,RegionA,RegionA,5,20,272,272.166666666667,0.166666666666667,5,0.4,0,0,0
41018,BatchInference,255,RegionB,RegionF,79,80,276,278.216666666667,2.21666666666667,6,0.6,21,13.3,1
41042,RealTimeInference,264,RegionF,RegionE,18,20,264,265.433333333333,1.43333333333333,4,0.32,0,5.73333333333333,1
41083,AITraining,265,RegionD,RegionD,5,150,273,275.383333333333,2.38333333333333,115,18.4,8,0,0
41087,BatchInference,276,RegionE,RegionE,5,80,276,277.666666666667,1.66666666666667,19,1.9,0,0,0
41171,BatchInference,272,RegionD,RegionF,25,80,272,277.2,5.2,7,0.7,0,36.4,1
41200,BatchInference,276,RegionA,RegionE,78,80,276,281.316666666667,5.31666666666667,22,2.2,0,116.966666666667,1
41216,RealTimeInference,268,RegionB,RegionC,14,20,268,271.333333333333,3.33333333333333,3,0.24,0,10,1
41318,BatchInference,283,RegionA,RegionE,78,80,283,287.616666666667,4.61666666666667,4,0.4,0,18.4666666666667,1
41366,BatchInference,261,RegionB,RegionF,79,80,276,277.75,1.75,8,0.8,15,14,1
41379,RealTimeInference,272,RegionB,RegionA,12,20,272,277.5,5.5,7,0.56,0,38.5,1
41437,BatchInference,261,RegionA,RegionA,5,80,264,269.083333333333,5.08333333333333,12,1.2,3,0,0
41525,AITraining,275,RegionE,RegionD,22,150,275,278.233333333333,3.23333333333333,48,7.68,0,155.2,1
41529,BatchInference,262,RegionB,RegionF,79,80,276,278.683333333333,2.68333333333333,16,1.6,14,42.9333333333333,1
41585,AITraining,271,RegionF,RegionD,25,150,271,272.183333333333,1.18333333333333,50,8,0,59.1666666666667,1
41679,BatchInference,252,RegionA,RegionD,65,80,272,276.716666666667,4.71666666666667,17,1.7,20,80.1833333333333,1
41697,AITraining,266,RegionF,RegionD,25,150,266,272,6,37,5.92,0,222,1
41735,AITraining,261,RegionE,RegionF,18,150,264,264.816666666667,0.816666666666667,77,12.32,3,62.8833333333333,1
41753,RealTimeInference,286,RegionB,RegionB,5,20,286,286.266666666667,0.266666666666667,7,0.56,0,0,0
41839,AITraining,250,RegionD,RegionD,5,150,273,276.033333333333,3.03333333333333,126,20.16,23,0,0
41861,AITraining,271,RegionF,RegionE,18,150,271,273.083333333333,2.08333333333333,123,19.68,0,256.25,1
41884,BatchInference,241,RegionB,RegionE,74,80,271,277.15,6.15,17,1.7,30,104.55,1
41993,RealTimeInference,271,RegionE,RegionE,5,20,271,272.233333333333,1.23333333333333,5,0.4,0,0,0
42050,RealTimeInference,287,RegionB,RegionA,12,20,287,287.95,0.95,6,0.48,0,5.7,1
42181,AITraining,271,RegionE,RegionE,5,150,271,273.233333333333,2.23333333333333,114,18.24,0,0,0
42241,RealTimeInference,266,RegionC,RegionC,5,20,266,271.35,5.35,7,0.56,0,0,0
42343,BatchInference,263,RegionB,RegionA,12,80,273,273.85,0.85,5,0.5,10,4.25,1
42364,AITraining,271,RegionE,RegionE,5,150,279,285.05,6.05,74,11.84,8,0,0
42381,BatchInference,281,RegionA,RegionD,65,80,281,284.8,3.8,15,1.5,0,57,1
42429,RealTimeInference,287,RegionB,RegionB,5,20,287,289.75,2.75,2,0.16,0,0,0
42432,RealTimeInference,276,RegionC,RegionA,15,20,276,278.816666666667,2.81666666666667,7,0.56,0,19.7166666666667,1
42550,BatchInference,254,RegionE,RegionF,18,80,276,278.383333333333,2.38333333333333,6,0.6,22,14.3,1
42637,AITraining,278,RegionC,RegionF,76,150,284,288.85,4.85,56,8.96,6,271.6,1
42897,RealTimeInference,281,RegionC,RegionC,5,20,281,287.516666666667,6.51666666666667,3,0.24,0,0,0
42968,RealTimeInference,287,RegionB,RegionB,5,20,287,290.683333333333,3.68333333333333,2,0.16,0,0,0
43046,RealTimeInference,273,RegionB,RegionA,12,20,273,274.15,1.15,6,0.48,0,6.9,1
43305,AITraining,278,RegionF,RegionE,18,150,284,286.833333333333,2.83333333333333,19,3.04,6,53.8333333333333,1
43311,BatchInference,264,RegionF,RegionF,5,80,276,279.116666666667,3.11666666666667,15,1.5,12,0,0
43428,BatchInference,275,RegionD,RegionD,5,80,275,279.983333333333,4.98333333333333,10,1,0,0,0
43444,BatchInference,280,RegionA,RegionD,65,80,280,285.433333333333,5.43333333333333,21,2.1,0,114.1,1
43533,BatchInference,275,RegionD,RegionE,22,80,276,276.933333333333,0.933333333333333,4,0.4,1,3.73333333333333,1
43825,RealTimeInference,274,RegionA,RegionA,5,20,274,277.45,3.45,4,0.32,0,0,0
43873,BatchInference,276,RegionD,RegionF,25,80,276,279.816666666667,3.81666666666667,19,1.9,0,72.5166666666667,1
43938,BatchInference,279,RegionC,RegionE,70,80,285,286.716666666667,1.71666666666667,16,1.6,6,27.4666666666667,1
44060,RealTimeInference,285,RegionA,RegionB,12,20,285,288.15,3.15,6,0.48,0,18.9,1
44107,BatchInference,262,RegionB,RegionF,79,80,276,277.7,1.7,10,1,14,17,1
44167,RealTimeInference,286,RegionB,RegionB,5,20,286,291.583333333333,5.58333333333333,3,0.24,0,0,0
44265,AITraining,278,RegionD,RegionD,5,150,278,283.983333333333,5.98333333333333,65,10.4,0,0,0
44307,BatchInference,268,RegionD,RegionD,5,80,276,282.55,6.55,16,1.6,8,0,0
44334,BatchInference,249,RegionE,RegionE,5,80,272,276.9,4.9,11,1.1,23,0,0
44357,BatchInference,190,RegionB,RegionD,60,80,264,269.516666666667,5.51666666666667,7,0.7,74,38.6166666666667,1
44403,AITraining,275,RegionD,RegionD,5,150,275,278.816666666667,3.81666666666667,27,4.32,0,0,0
44414,AITraining,213,RegionA,RegionF,82,150,264,264.35,0.35,37,5.92,51,12.95,1
44515,RealTimeInference,264,RegionB,RegionC,14,20,264,270.6,6.6,1,0.08,0,6.6,1
44541,BatchInference,268,RegionB,RegionA,12,80,268,273.55,5.55,4,0.4,0,22.2,1
44561,BatchInference,281,RegionC,RegionD,58,80,281,282.9,1.9,21,2.1,0,39.9,1
44562,BatchInference,259,RegionD,RegionE,22,80,271,277.016666666667,6.01666666666667,22,2.2,12,132.366666666667,1
44691,RealTimeInference,285,RegionA,RegionB,12,20,285,287.416666666667,2.41666666666667,2,0.16,0,4.83333333333333,1
44926,AITraining,279,RegionB,RegionC,14,150,279,280.7,1.7,53,8.48,0,90.1,1
44989,RealTimeInference,284,RegionC,RegionC,5,20,284,286.166666666667,2.16666666666667,3,0.24,0,0,0
45028,BatchInference,269,RegionD,RegionF,25,80,276,279.566666666667,3.56666666666667,21,2.1,7,74.9,1
45102,BatchInference,259,RegionF,RegionD,25,80,264,267.85,3.85,7,0.7,5,26.95,1
45131,RealTimeInference,280,RegionA,RegionA,5,20,280,284.533333333333,4.53333333333333,1,0.08,0,0,0
45228,BatchInference,251,RegionA,RegionD,65,80,276,280.9,4.9,5,0.5,25,24.5,1
45277,RealTimeInference,282,RegionB,RegionC,14,20,282,287.216666666667,5.21666666666667,5,0.4,0,26.0833333333333,1
45296,RealTimeInference,265,RegionB,RegionA,12,20,265,266.283333333333,1.28333333333333,1,0.08,0,1.28333333333333,1
45353,RealTimeInference,264,RegionA,RegionA,5,20,264,270.133333333333,6.13333333333333,7,0.56,0,0,0
45458,RealTimeInference,286,RegionA,RegionA,5,20,286,290.366666666667,4.36666666666667,7,0.56,0,0,0
45465,RealTimeInference,283,RegionA,RegionB,12,20,283,285.8,2.8,4,0.32,0,11.2,1
45546,BatchInference,272,RegionD,RegionD,5,80,279,283.166666666667,4.16666666666667,17,1.7,7,0,0
45597,AITraining,281,RegionD,RegionD,5,150,281,287.6,6.6,48,7.68,0,0,0
45618,AITraining,277,RegionE,RegionD,22,150,277,279.166666666667,2.16666666666667,94,15.04,0,203.666666666667,1
45800,AITraining,268,RegionD,RegionD,5,150,268,271.616666666667,3.61666666666667,81,12.96,0,0,0
46335,BatchInference,251,RegionF,RegionD,25,80,273,276.2,3.2,11,1.1,22,35.2,1
46336,BatchInference,270,RegionA,RegionD,65,80,272,276,4,23,2.3,2,92,1
46384,AITraining,243,RegionD,RegionF,25,150,278,284.633333333333,6.63333333333333,103,16.48,35,683.233333333333,1
46649,BatchInference,270,RegionE,RegionD,22,80,270,272.466666666667,2.46666666666667,23,2.3,0,56.7333333333333,1
46652,RealTimeInference,266,RegionA,RegionC,15,20,266,269.316666666667,3.31666666666667,1,0.08,0,3.31666666666667,1
46691,BatchInference,262,RegionA,RegionD,65,80,272,276.266666666667,4.26666666666667,13,1.3,10,55.4666666666667,1
46717,BatchInference,271,RegionA,RegionE,78,80,276,276.733333333333,0.733333333333333,8,0.8,5,5.86666666666667,1
46871,AITraining,280,RegionE,RegionE,5,150,280,286.216666666667,6.21666666666667,98,15.68,0,0,0
46896,BatchInference,198,RegionC,RegionF,76,80,272,276.816666666667,4.81666666666667,12,1.2,74,57.8,1
46975,BatchInference,278,RegionC,RegionF,76,80,278,278.85,0.85,5,0.5,0,4.25,1
47108,AITraining,266,RegionE,RegionD,22,150,266,270.1,4.1,80,12.8,0,328,1
47172,BatchInference,276,RegionC,RegionF,76,80,276,277.15,1.15,14,1.4,0,16.1,1
47244,RealTimeInference,274,RegionB,RegionA,12,20,274,278.8,4.8,4,0.32,0,19.2,1
47324,AITraining,279,RegionE,RegionF,18,150,279,283.733333333333,4.73333333333333,105,16.8,0,497,1
47326,BatchInference,275,RegionF,RegionE,18,80,275,276.033333333333,1.03333333333333,8,0.8,0,8.26666666666667,1
47433,AITraining,270,RegionD,RegionB,60,150,270,273.25,3.25,98,15.68,0,318.5,1
47471,BatchInference,282,RegionA,RegionD,65,80,282,283.583333333333,1.58333333333333,4,0.4,0,6.33333333333333,1
47638,RealTimeInference,276,RegionB,RegionC,14,20,276,282.216666666667,6.21666666666667,1,0.08,0,6.21666666666667,1
47725,RealTimeInference,265,RegionC,RegionC,5,20,265,270.433333333333,5.43333333333333,7,0.56,0,0,0
47786,AITraining,267,RegionB,RegionE,74,150,267,269.516666666667,2.51666666666667,89,14.24,0,223.983333333333,1
47789,BatchInference,251,RegionD,RegionF,25,80,276,279.733333333333,3.73333333333333,18,1.8,25,67.2,1
47804,RealTimeInference,270,RegionC,RegionB,14,20,270,271.916666666667,1.91666666666667,4,0.32,0,7.66666666666667,1
47825,BatchInference,269,RegionA,RegionE,78,80,269,271.75,2.75,18,1.8,0,49.5,1
47827,RealTimeInference,273,RegionA,RegionA,5,20,273,277.233333333333,4.23333333333333,1,0.08,0,0,0
47999,AITraining,269,RegionE,RegionD,22,150,269,271.283333333333,2.28333333333333,94,15.04,0,214.633333333333,1
48006,AITraining,204,RegionE,RegionF,18,150,274,274.333333333333,0.333333333333333,31,4.96,70,10.3333333333333,1
48039,BatchInference,225,RegionD,RegionD,5,80,272,276.716666666667,4.71666666666667,18,1.8,47,0,0
48128,BatchInference,242,RegionB,RegionD,60,80,264,267.833333333333,3.83333333333333,14,1.4,22,53.6666666666667,1
48156,RealTimeInference,279,RegionB,RegionC,14,20,279,285.45,6.45,2,0.16,0,12.9,1
48193,RealTimeInference,274,RegionA,RegionA,5,20,274,277.833333333333,3.83333333333333,1,0.08,0,0,0
48400,BatchInference,280,RegionD,RegionD,5,80,280,286.233333333333,6.23333333333333,15,1.5,0,0,0
48469,AITraining,270,RegionD,RegionE,22,150,271,277.483333333333,6.48333333333333,114,18.24,1,739.1,1
48532,AITraining,267,RegionF,RegionD,25,150,267,268.266666666667,1.26666666666667,18,2.88,0,22.8,1
48597,RealTimeInference,287,RegionC,RegionA,15,20,287,291.066666666667,4.06666666666667,3,0.24,0,12.2,1
48601,RealTimeInference,284,RegionA,RegionC,15,20,284,285.316666666667,1.31666666666667,6,0.48,0,7.9,1
48653,BatchInference,215,RegionB,RegionF,79,80,272,277.166666666667,5.16666666666667,21,2.1,57,108.5,1
48714,BatchInference,280,RegionD,RegionD,5,80,280,284.516666666667,4.51666666666667,23,2.3,0,0,0
48774,BatchInference,284,RegionD,RegionE,22,80,284,286.883333333333,2.88333333333333,16,1.6,0,46.1333333333333,1
48787,AITraining,278,RegionE,RegionC,70,150,278,281.916666666667,3.91666666666667,51,8.16,0,199.75,1
48954,AITraining,244,RegionD,RegionE,22,150,273,276.333333333333,3.33333333333333,31,4.96,29,103.333333333333,1
48988,BatchInference,252,RegionB,RegionD,60,80,264,267.85,3.85,18,1.8,12,69.3,1
49073,RealTimeInference,272,RegionA,RegionA,5,20,272,277.783333333333,5.78333333333333,2,0.16,0,0,0
49254,AITraining,246,RegionF,RegionF,5,150,278,279.166666666667,1.16666666666667,122,19.52,32,0,0
49458,AITraining,281,RegionF,RegionD,25,150,281,283.85,2.85,104,16.64,0,296.4,1
49646,AITraining,224,RegionE,RegionD,22,150,273,276.133333333333,3.13333333333333,59,9.44,49,184.866666666667,1
49790,AITraining,287,RegionE,RegionF,18,150,287,288.833333333333,1.83333333333333,63,10.08,0,115.5,1
29,AITraining,284,RegionE,RegionF,18,150,288,290.85,2.85,33,5.28,4,94.05,1
38,AITraining,292,RegionF,RegionC,76,150,302,307.883333333333,5.88333333333333,104,16.64,10,611.866666666667,1
108,RealTimeInference,290,RegionB,RegionC,14,20,290,293.383333333333,3.38333333333333,6,0.48,0,20.3,1
175,RealTimeInference,300,RegionC,RegionB,14,20,300,304.383333333333,4.38333333333333,7,0.56,0,30.6833333333333,1
202,RealTimeInference,308,RegionD,RegionD,5,20,308,311.883333333333,3.88333333333333,7,0.56,0,0,0
229,BatchInference,284,RegionA,RegionB,12,80,296,301.5,5.5,11,1.1,12,60.5,1
277,BatchInference,298,RegionB,RegionD,60,80,298,299.533333333333,1.53333333333333,13,1.3,0,19.9333333333333,1
590,RealTimeInference,302,RegionA,RegionA,5,20,302,306.883333333333,4.88333333333333,4,0.32,0,0,0
809,AITraining,308,RegionD,RegionA,65,150,308,313.9,5.9,54,8.64,0,318.6,1
1012,RealTimeInference,303,RegionB,RegionB,5,20,303,304.65,1.65,3,0.24,0,0,0
1035,BatchInference,303,RegionF,RegionD,25,80,303,308.783333333333,5.78333333333333,14,1.4,0,80.9666666666667,1
1276,AITraining,299,RegionE,RegionD,22,150,299,299.35,0.35,56,8.96,0,19.6,1
1278,BatchInference,261,RegionF,RegionD,25,80,301,306.216666666667,5.21666666666667,22,2.2,40,114.766666666667,1
1429,RealTimeInference,304,RegionF,RegionF,5,20,304,308.066666666667,4.06666666666667,5,0.4,0,0,0
1458,RealTimeInference,301,RegionB,RegionB,5,20,301,305.283333333333,4.28333333333333,1,0.08,0,0,0
1523,BatchInference,302,RegionB,RegionD,60,80,302,306.333333333333,4.33333333333333,20,2,0,86.6666666666667,1
1734,AITraining,290,RegionD,RegionA,65,150,301,302.166666666667,1.16666666666667,82,13.12,11,95.6666666666667,1
1983,RealTimeInference,303,RegionB,RegionA,12,20,303,309.55,6.55,6,0.48,0,39.3,1
2168,AITraining,291,RegionE,RegionA,78,150,302,307.133333333333,5.13333333333333,41,6.56,11,210.466666666667,1
2251,AITraining,307,RegionD,RegionB,60,150,307,309.2,2.2,30,4.8,0,66,1
2405,RealTimeInference,305,RegionC,RegionA,15,20,305,306.8,1.8,3,0.24,0,5.4,1
2456,AITraining,295,RegionE,RegionA,78,150,295,298.366666666667,3.36666666666667,55,8.8,0,185.166666666667,1
2463,AITraining,288,RegionE,RegionD,22,150,302,308.3,6.3,80,12.8,14,504,1
2474,RealTimeInference,297,RegionA,RegionB,12,20,297,302.5,5.5,5,0.4,0,27.5,1
2513,AITraining,285,RegionD,RegionA,65,150,288,289.383333333333,1.38333333333333,75,12,3,103.75,1
2534,AITraining,308,RegionD,RegionD,5,150,308,308.433333333333,0.433333333333333,60,9.6,0,0,0
2719,BatchInference,276,RegionD,RegionD,5,80,296,301.15,5.15,22,2.2,20,0,0
2986,RealTimeInference,290,RegionA,RegionC,15,20,290,291.516666666667,1.51666666666667,7,0.56,0,10.6166666666667,1
2996,AITraining,288,RegionF,RegionB,79,150,288,288.283333333333,0.283333333333333,67,10.72,0,18.9833333333333,1
3385,RealTimeInference,291,RegionA,RegionC,15,20,291,291.45,0.45,3,0.24,0,1.35,1
3419,AITraining,290,RegionD,RegionD,5,150,297,300.25,3.25,38,6.08,7,0,0
3591,BatchInference,310,RegionD,RegionC,58,80,310,315.383333333333,5.38333333333333,10,1,0,53.8333333333333,1
3610,RealTimeInference,288,RegionB,RegionC,14,20,288,293.45,5.45,6,0.48,0,32.7,1
3622,BatchInference,287,RegionB,RegionD,60,80,301,306.433333333333,5.43333333333333,19,1.9,14,103.233333333333,1
3658,RealTimeInference,295,RegionC,RegionC,5,20,295,297.55,2.55,6,0.48,0,0,0
3725,RealTimeInference,290,RegionF,RegionE,18,20,290,294.816666666667,4.81666666666667,3,0.24,0,14.45,1
3735,RealTimeInference,301,RegionB,RegionB,5,20,301,304.3,3.3,6,0.48,0,0,0
3789,AITraining,289,RegionF,RegionF,5,150,290,291.083333333333,1.08333333333333,87,13.92,1,0,0
3804,AITraining,274,RegionA,RegionD,65,150,297,299.616666666667,2.61666666666667,26,4.16,23,68.0333333333333,1
4143,AITraining,308,RegionE,RegionB,74,150,308,310.366666666667,2.36666666666667,108,17.28,0,255.6,1
4169,AITraining,245,RegionE,RegionC,70,150,300,302.283333333333,2.28333333333333,123,19.68,55,280.85,1
4375,AITraining,289,RegionB,RegionA,12,150,289,289.766666666667,0.766666666666667,21,3.36,0,16.1,1
4825,AITraining,228,RegionE,RegionF,18,150,290,290.95,0.95,127,20.32,62,120.65,1
4953,BatchInference,310,RegionB,RegionD,60,80,310,310.733333333333,0.733333333333333,23,2.3,0,16.8666666666667,1
5211,BatchInference,291,RegionC,RegionD,58,80,296,300.916666666667,4.91666666666667,4,0.4,5,19.6666666666667,1
5334,AITraining,264,RegionD,RegionD,5,150,290,292.366666666667,2.36666666666667,84,13.44,26,0,0
5381,BatchInference,294,RegionC,RegionD,58,80,301,306,5,22,2.2,7,110,1
5669,RealTimeInference,306,RegionB,RegionA,12,20,306,310.483333333333,4.48333333333333,4,0.32,0,17.9333333333333,1
5940,RealTimeInference,291,RegionC,RegionB,14,20,291,296.633333333333,5.63333333333333,3,0.24,0,16.9,1
6313,AITraining,284,RegionE,RegionD,22,150,302,305.9,3.9,36,5.76,18,140.4,1
6522,AITraining,298,RegionD,RegionB,60,150,299,304.433333333333,5.43333333333333,19,3.04,1,103.233333333333,1
6564,BatchInference,306,RegionE,RegionC,70,80,311,311.2,0.2,22,2.2,5,4.4,1
6583,BatchInference,289,RegionD,RegionA,65,80,289,289.85,0.85,12,1.2,0,10.2,1
6848,AITraining,304,RegionC,RegionB,14,150,310,311.616666666667,1.61666666666667,102,16.32,6,164.9,1
7240,AITraining,293,RegionF,RegionD,25,150,302,306.2,4.2,114,18.24,9,478.8,1
7435,BatchInference,286,RegionD,RegionD,5,80,298,299.433333333333,1.43333333333333,7,0.7,12,0,0
7439,BatchInference,288,RegionA,RegionD,65,80,295,301.266666666667,6.26666666666667,15,1.5,7,94,1
7460,BatchInference,303,RegionC,RegionD,58,80,303,304.3,1.3,13,1.3,0,16.9,1
7605,RealTimeInference,304,RegionB,RegionA,12,20,304,308.133333333333,4.13333333333333,4,0.32,0,16.5333333333333,1
7619,AITraining,303,RegionE,RegionC,70,150,309,310.133333333333,1.13333333333333,88,14.08,6,99.7333333333333,1
7651,BatchInference,274,RegionC,RegionD,58,80,296,300.05,4.05,23,2.3,22,93.15,1
7685,BatchInference,283,RegionD,RegionD,5,80,296,300.9,4.9,8,0.8,13,0,0
7843,RealTimeInference,306,RegionC,RegionA,15,20,306,306.316666666667,0.316666666666667,4,0.32,0,1.26666666666667,1
7869,RealTimeInference,288,RegionC,RegionC,5,20,288,288.833333333333,0.833333333333333,1,0.08,0,0,0
8052,BatchInference,284,RegionD,RegionC,58,80,288,292.683333333333,4.68333333333333,11,1.1,4,51.5166666666667,1
8352,AITraining,288,RegionD,RegionC,58,150,288,288.666666666667,0.666666666666667,93,14.88,0,62,1
8380,AITraining,310,RegionE,RegionB,74,150,310,310.166666666667,0.166666666666667,16,2.56,0,2.66666666666667,1
8534,BatchInference,284,RegionA,RegionB,12,80,296,301.683333333333,5.68333333333333,6,0.6,12,34.1,1
8703,AITraining,292,RegionF,RegionE,18,150,309,310.933333333333,1.93333333333333,76,12.16,17,146.933333333333,1
8814,AITraining,297,RegionF,RegionD,25,150,298,298.783333333333,0.783333333333333,64,10.24,1,50.1333333333333,1
8881,AITraining,295,RegionA,RegionC,15,150,302,307.983333333333,5.98333333333333,22,3.52,7,131.633333333333,1
9034,RealTimeInference,300,RegionB,RegionB,5,20,300,301.783333333333,1.78333333333333,5,0.4,0,0,0
9198,RealTimeInference,300,RegionB,RegionB,5,20,300,305.033333333333,5.03333333333333,4,0.32,0,0,0
9349,BatchInference,304,RegionB,RegionD,60,80,304,307.116666666667,3.11666666666667,11,1.1,0,34.2833333333333,1
9420,AITraining,295,RegionD,RegionB,60,150,303,309.5,6.5,67,10.72,8,435.5,1
9512,AITraining,297,RegionD,RegionB,60,150,304,307.9,3.9,43,6.88,7,167.7,1
9776,AITraining,290,RegionD,RegionC,58,150,308,313.016666666667,5.01666666666667,49,7.84,18,245.816666666667,1
9788,RealTimeInference,301,RegionA,RegionB,12,20,301,304.9,3.9,5,0.4,0,19.5,1
9901,BatchInference,298,RegionC,RegionD,58,80,301,307.233333333333,6.23333333333333,7,0.7,3,43.6333333333333,1
9923,RealTimeInference,307,RegionC,RegionB,14,20,307,309.233333333333,2.23333333333333,4,0.32,0,8.93333333333333,1
9931,AITraining,299,RegionC,RegionB,14,150,302,305.683333333333,3.68333333333333,116,18.56,3,427.266666666667,1
9981,BatchInference,304,RegionD,RegionE,22,80,310,311.133333333333,1.13333333333333,20,2,6,22.6666666666667,1
10041,RealTimeInference,298,RegionC,RegionB,14,20,298,303.416666666667,5.41666666666667,6,0.48,0,32.5,1
10144,AITraining,305,RegionE,RegionD,22,150,305,308.816666666667,3.81666666666667,55,8.8,0,209.916666666667,1
10578,RealTimeInference,289,RegionC,RegionC,5,20,289,293.683333333333,4.68333333333333,3,0.24,0,0,0
10857,AITraining,283,RegionD,RegionA,65,150,299,304.816666666667,5.81666666666667,100,16,16,581.666666666667,1
10949,BatchInference,305,RegionB,RegionD,60,80,305,307.1,2.1,22,2.2,0,46.2,1
10955,RealTimeInference,302,RegionA,RegionA,5,20,302,302.783333333333,0.783333333333333,1,0.08,0,0,0
11020,AITraining,304,RegionC,RegionB,14,150,310,310.45,0.45,66,10.56,6,29.7,1
11096,RealTimeInference,289,RegionC,RegionB,14,20,289,291.216666666667,2.21666666666667,3,0.24,0,6.65,1
11189,RealTimeInference,294,RegionC,RegionB,14,20,294,299.716666666667,5.71666666666667,5,0.4,0,28.5833333333333,1
11199,BatchInference,289,RegionC,RegionA,15,80,289,289.883333333333,0.883333333333333,6,0.6,0,5.3,1
11206,RealTimeInference,301,RegionB,RegionB,5,20,301,304.033333333333,3.03333333333333,3,0.24,0,0,0
11225,RealTimeInference,298,RegionB,RegionB,5,20,298,302.1,4.1,4,0.32,0,0,0
11617,RealTimeInference,293,RegionA,RegionC,15,20,293,293.583333333333,0.583333333333333,2,0.16,0,1.16666666666667,1
11632,AITraining,275,RegionD,RegionA,65,150,301,302.2,1.2,118,18.88,26,141.6,1
11885,BatchInference,278,RegionF,RegionD,25,80,298,298.433333333333,0.433333333333333,22,2.2,20,9.53333333333333,1
11989,RealTimeInference,292,RegionC,RegionC,5,20,292,297.833333333333,5.83333333333333,4,0.32,0,0,0
12109,RealTimeInference,304,RegionA,RegionA,5,20,304,308.966666666667,4.96666666666667,2,0.16,0,0,0
12128,RealTimeInference,307,RegionA,RegionB,12,20,307,312.2,5.2,6,0.48,0,31.2,1
12172,BatchInference,308,RegionD,RegionD,5,80,308,311.2,3.2,16,1.6,0,0,0
12399,AITraining,303,RegionD,RegionE,22,150,309,311.033333333333,2.03333333333333,84,13.44,6,170.8,1
12585,AITraining,308,RegionE,RegionC,70,150,308,312.133333333333,4.13333333333333,26,4.16,0,107.466666666667,1
13037,AITraining,305,RegionE,RegionE,5,150,311,313.066666666667,2.06666666666667,91,14.56,6,0,0
13041,BatchInference,291,RegionB,RegionA,12,80,291,293.15,2.15,16,1.6,0,34.4,1
13158,RealTimeInference,307,RegionA,RegionB,12,20,307,310.333333333333,3.33333333333333,5,0.4,0,16.6666666666667,1
13185,RealTimeInference,292,RegionA,RegionC,15,20,292,292.733333333333,0.733333333333333,1,0.08,0,0.733333333333333,1
13289,RealTimeInference,308,RegionA,RegionA,5,20,308,310.2,2.2,1,0.08,0,0,0
13413,AITraining,306,RegionF,RegionD,25,150,306,310.266666666667,4.26666666666667,122,19.52,0,520.533333333333,1
13649,AITraining,268,RegionF,RegionD,25,150,301,301.966666666667,0.966666666666667,51,8.16,33,49.3,1
13665,RealTimeInference,308,RegionB,RegionA,12,20,308,309.5,1.5,1,0.08,0,1.5,1
13733,AITraining,301,RegionE,RegionA,78,150,307,308.833333333333,1.83333333333333,119,19.04,6,218.166666666667,1
13856,RealTimeInference,292,RegionB,RegionC,14,20,292,292.183333333333,0.183333333333333,1,0.08,0,0.183333333333333,1
13866,RealTimeInference,300,RegionF,RegionF,5,20,300,300.316666666667,0.316666666666667,1,0.08,0,0,0
13950,BatchInference,300,RegionE,RegionD,22,80,301,306.666666666667,5.66666666666667,10,1,1,56.6666666666667,1
14040,RealTimeInference,290,RegionB,RegionB,5,20,290,294.116666666667,4.11666666666667,4,0.32,0,0,0
14119,BatchInference,289,RegionD,RegionA,65,80,289,290.333333333333,1.33333333333333,14,1.4,0,18.6666666666667,1
14129,AITraining,284,RegionB,RegionB,5,150,288,292.733333333333,4.73333333333333,23,3.68,4,0,0
14141,RealTimeInference,308,RegionD,RegionD,5,20,308,310.166666666667,2.16666666666667,6,0.48,0,0,0
14175,AITraining,290,RegionC,RegionD,58,150,299,299.866666666667,0.866666666666667,127,20.32,9,110.066666666667,1
14200,AITraining,305,RegionF,RegionA,82,150,305,307.166666666667,2.16666666666667,101,16.16,0,218.833333333333,1
14206,AITraining,299,RegionF,RegionB,79,150,306,310.2,4.2,118,18.88,7,495.6,1
14273,BatchInference,292,RegionA,RegionD,65,80,301,306.55,5.55,23,2.3,9,127.65,1
14302,AITraining,283,RegionD,RegionC,58,150,288,294.266666666667,6.26666666666667,20,3.2,5,125.333333333333,1
14496,AITraining,305,RegionA,RegionC,15,150,305,308.933333333333,3.93333333333333,50,8,0,196.666666666667,1
14560,AITraining,294,RegionF,RegionD,25,150,302,308.133333333333,6.13333333333333,116,18.56,8,711.466666666667,1
14594,RealTimeInference,296,RegionF,RegionF,5,20,296,301.266666666667,5.26666666666667,5,0.4,0,0,0
14601,BatchInference,295,RegionA,RegionB,12,80,296,301.45,5.45,15,1.5,1,81.75,1
14690,RealTimeInference,295,RegionB,RegionB,5,20,295,300.05,5.05,3,0.24,0,0,0
14883,RealTimeInference,302,RegionA,RegionA,5,20,302,307.683333333333,5.68333333333333,2,0.16,0,0,0
14896,AITraining,296,RegionA,RegionC,15,150,296,296.983333333333,0.983333333333333,60,9.6,0,59,1
14935,RealTimeInference,293,RegionE,RegionF,18,20,293,298.9,5.9,2,0.16,0,11.8,1
14952,BatchInference,272,RegionD,RegionC,58,80,290,291.116666666667,1.11666666666667,15,1.5,18,16.75,1
15226,AITraining,303,RegionD,RegionA,65,150,303,307.1,4.1,25,4,0,102.5,1
15243,RealTimeInference,293,RegionD,RegionD,5,20,293,293.666666666667,0.666666666666667,2,0.16,0,0,0
15260,RealTimeInference,299,RegionB,RegionB,5,20,299,299.4,0.4,6,0.48,0,0,0
15272,AITraining,293,RegionD,RegionC,58,150,293,297.433333333333,4.43333333333333,36,5.76,0,159.6,1
15318,RealTimeInference,298,RegionB,RegionC,14,20,298,299.8,1.8,2,0.16,0,3.6,1
15394,AITraining,279,RegionF,RegionA,82,150,288,289.783333333333,1.78333333333333,22,3.52,9,39.2333333333333,1
15400,BatchInference,310,RegionE,RegionC,70,80,310,314.116666666667,4.11666666666667,15,1.5,0,61.75,1
15529,AITraining,311,RegionE,RegionC,70,150,311,311.383333333333,0.383333333333333,77,12.32,0,29.5166666666667,1
15689,RealTimeInference,296,RegionD,RegionD,5,20,296,299.283333333333,3.28333333333333,2,0.16,0,0,0
16265,AITraining,289,RegionE,RegionD,22,150,300,302.366666666667,2.36666666666667,100,16,11,236.666666666667,1
16379,BatchInference,295,RegionA,RegionC,15,80,295,300.3,5.3,16,1.6,0,84.8,1
16391,AITraining,292,RegionF,RegionD,25,150,300,300.883333333333,0.883333333333333,99,15.84,8,87.45,1
16426,AITraining,294,RegionD,RegionC,58,150,294,295.583333333333,1.58333333333333,52,8.32,0,82.3333333333333,1
16930,RealTimeInference,293,RegionA,RegionC,15,20,293,294.35,1.35,2,0.16,0,2.7,1
17331,RealTimeInference,307,RegionA,RegionB,12,20,307,309.566666666667,2.56666666666667,1,0.08,0,2.56666666666667,1
17570,BatchInference,297,RegionD,RegionD,5,80,297,301.216666666667,4.21666666666667,7,0.7,0,0,0
17584,BatchInference,291,RegionE,RegionA,78,80,291,293.416666666667,2.41666666666667,5,0.5,0,12.0833333333333,1
17609,RealTimeInference,304,RegionB,RegionA,12,20,304,309.983333333333,5.98333333333333,5,0.4,0,29.9166666666667,1
17616,BatchInference,299,RegionD,RegionD,5,80,301,306.366666666667,5.36666666666667,12,1.2,2,0,0
17777,BatchInference,284,RegionB,RegionB,5,80,296,301.25,5.25,13,1.3,12,0,0
17801,AITraining,288,RegionF,RegionD,25,150,297,300.683333333333,3.68333333333333,46,7.36,9,169.433333333333,1
17806,RealTimeInference,301,RegionB,RegionB,5,20,301,306.266666666667,5.26666666666667,7,0.56,0,0,0
17873,BatchInference,290,RegionE,RegionD,22,80,297,300.3,3.3,11,1.1,7,36.3,1
17901,AITraining,284,RegionC,RegionA,15,150,300,302.516666666667,2.51666666666667,47,7.52,16,118.283333333333,1
17907,RealTimeInference,294,RegionA,RegionC,15,20,294,298.55,4.55,1,0.08,0,4.55,1
18003,BatchInference,288,RegionD,RegionA,65,80,288,290,2,14,1.4,0,28,1
18030,RealTimeInference,294,RegionC,RegionB,14,20,294,298.066666666667,4.06666666666667,6,0.48,0,24.4,1
18154,BatchInference,284,RegionD,RegionD,5,80,290,292.783333333333,2.78333333333333,8,0.8,6,0,0
18293,BatchInference,288,RegionF,RegionB,79,80,297,298.633333333333,1.63333333333333,17,1.7,9,27.7666666666667,1
18467,AITraining,302,RegionD,RegionC,58,150,308,310.4,2.4,68,10.88,6,163.2,1
18471,AITraining,297,RegionA,RegionB,12,150,301,302.183333333333,1.18333333333333,82,13.12,4,97.0333333333333,1
18532,BatchInference,291,RegionB,RegionD,60,80,298,298.516666666667,0.516666666666667,12,1.2,7,6.2,1
18654,BatchInference,290,RegionF,RegionD,25,80,296,301.4,5.4,18,1.8,6,97.2,1
18709,BatchInference,283,RegionB,RegionB,5,80,295,301.333333333333,6.33333333333333,20,2,12,0,0
18774,RealTimeInference,311,RegionA,RegionA,5,20,311,315.383333333333,4.38333333333333,6,0.48,0,0,0
18859,AITraining,288,RegionD,RegionD,5,150,298,298.683333333333,0.683333333333333,86,13.76,10,0,0
18926,RealTimeInference,304,RegionB,RegionA,12,20,304,309.016666666667,5.01666666666667,2,0.16,0,10.0333333333333,1
18995,AITraining,287,RegionF,RegionC,76,150,302,307.6,5.6,29,4.64,15,162.4,1
19012,BatchInference,283,RegionC,RegionD,58,80,298,298.8,0.8,23,2.3,15,18.4,1
19129,RealTimeInference,297,RegionA,RegionB,12,20,297,302.666666666667,5.66666666666667,4,0.32,0,22.6666666666667,1
19480,RealTimeInference,305,RegionC,RegionA,15,20,305,311.2,6.2,4,0.32,0,24.8,1
19595,AITraining,287,RegionD,RegionA,65,150,288,294.55,6.55,105,16.8,1,687.75,1
19710,AITraining,308,RegionF,RegionA,82,150,308,310.983333333333,2.98333333333333,21,3.36,0,62.65,1
19989,RealTimeInference,300,RegionB,RegionB,5,20,300,300.416666666667,0.416666666666667,4,0.32,0,0,0
20007,AITraining,298,RegionD,RegionD,5,150,299,304.466666666667,5.46666666666667,108,17.28,1,0,0
20153,BatchInference,285,RegionC,RegionD,58,80,290,290.55,0.55,22,2.2,5,12.1,1
20433,AITraining,257,RegionC,RegionC,5,150,288,288.2,0.2,59,9.44,31,0,0
20621,RealTimeInference,290,RegionC,RegionB,14,20,290,296,6,2,0.16,0,12,1
20691,AITraining,283,RegionD,RegionB,60,150,302,306.166666666667,4.16666666666667,64,10.24,19,266.666666666667,1
20697,AITraining,301,RegionD,RegionA,65,150,307,309.783333333333,2.78333333333333,46,7.36,6,128.033333333333,1
20729,AITraining,278,RegionD,RegionA,65,150,297,299.383333333333,2.38333333333333,100,16,19,238.333333333333,1
20840,RealTimeInference,303,RegionA,RegionA,5,20,303,306.383333333333,3.38333333333333,4,0.32,0,0,0
20921,RealTimeInference,305,RegionB,RegionB,5,20,305,305.75,0.75,7,0.56,0,0,0
20981,AITraining,303,RegionE,RegionB,74,150,303,306.233333333333,3.23333333333333,38,6.08,0,122.866666666667,1
21032,BatchInference,299,RegionC,RegionD,58,80,299,304.75,5.75,14,1.4,0,80.5,1
21087,RealTimeInference,289,RegionC,RegionC,5,20,289,290.85,1.85,1,0.08,0,0,0
21137,RealTimeInference,288,RegionB,RegionC,14,20,288,291.6,3.6,7,0.56,0,25.2,1
21252,AITraining,305,RegionF,RegionA,82,150,311,314.75,3.75,83,13.28,6,311.25,1
21624,AITraining,308,RegionE,RegionA,78,150,308,308.55,0.55,116,18.56,0,63.8,1
21769,BatchInference,254,RegionE,RegionD,22,80,298,298.216666666667,0.216666666666667,19,1.9,44,4.11666666666667,1
22184,BatchInference,297,RegionA,RegionD,65,80,299,303.283333333333,4.28333333333333,6,0.6,2,25.7,1
22247,BatchInference,304,RegionD,RegionD,5,80,304,310.15,6.15,18,1.8,0,0,0
22316,BatchInference,291,RegionA,RegionA,5,80,291,292.133333333333,1.13333333333333,18,1.8,0,0,0
22409,BatchInference,305,RegionB,RegionD,60,80,305,308.116666666667,3.11666666666667,15,1.5,0,46.75,1
22429,AITraining,308,RegionD,RegionC,58,150,308,312.183333333333,4.18333333333333,75,12,0,313.75,1
22447,AITraining,290,RegionD,RegionA,65,150,299,301.55,2.55,59,9.44,9,150.45,1
22591,BatchInference,283,RegionA,RegionA,5,80,288,290.15,2.15,15,1.5,5,0,0
22597,BatchInference,288,RegionA,RegionD,65,80,301,306.733333333333,5.73333333333333,16,1.6,13,91.7333333333333,1
22776,RealTimeInference,293,RegionA,RegionA,5,20,293,296.9,3.9,7,0.56,0,0,0
22868,AITraining,301,RegionD,RegionA,65,150,307,310.433333333333,3.43333333333333,122,19.52,6,418.866666666667,1
22901,AITraining,295,RegionD,RegionD,5,150,301,301.916666666667,0.916666666666667,106,16.96,6,0,0
22906,RealTimeInference,302,RegionA,RegionB,12,20,302,305.3,3.3,1,0.08,0,3.3,1
23135,BatchInference,305,RegionA,RegionD,65,80,305,309.283333333333,4.28333333333333,15,1.5,0,64.25,1
23296,BatchInference,297,RegionD,RegionD,5,80,301,307.116666666667,6.11666666666667,5,0.5,4,0,0
23302,RealTimeInference,311,RegionB,RegionC,14,20,311,316.133333333333,5.13333333333333,1,0.08,0,5.13333333333333,1
23393,AITraining,293,RegionD,RegionA,65,150,293,297.283333333333,4.28333333333333,32,5.12,0,137.066666666667,1
23744,RealTimeInference,307,RegionC,RegionB,14,20,307,308.25,1.25,3,0.24,0,3.75,1
23758,AITraining,306,RegionA,RegionB,12,150,306,311.466666666667,5.46666666666667,36,5.76,0,196.8,1
23843,AITraining,299,RegionF,RegionC,76,150,299,305.6,6.6,125,20,0,825,1
24033,AITraining,294,RegionF,RegionB,79,150,302,306.916666666667,4.91666666666667,34,5.44,8,167.166666666667,1
24168,RealTimeInference,304,RegionB,RegionA,12,20,304,305.683333333333,1.68333333333333,2,0.16,0,3.36666666666667,1
24536,BatchInference,296,RegionD,RegionD,5,80,303,307.433333333333,4.43333333333333,13,1.3,7,0,0
24550,BatchInference,294,RegionE,RegionC,70,80,310,310.6,0.6,21,2.1,16,12.6,1
24610,RealTimeInference,294,RegionD,RegionD,5,20,294,299.766666666667,5.76666666666667,5,0.4,0,0,0
24754,AITraining,301,RegionF,RegionB,79,150,302,304.15,2.15,45,7.2,1,96.75,1
24806,BatchInference,304,RegionE,RegionF,18,80,310,312.266666666667,2.26666666666667,22,2.2,6,49.8666666666667,1
24847,BatchInference,285,RegionA,RegionA,5,80,301,301.433333333333,0.433333333333333,5,0.5,16,0,0
24857,AITraining,300,RegionE,RegionA,78,150,307,310.983333333333,3.98333333333333,125,20,7,497.916666666667,1
24999,BatchInference,292,RegionB,RegionA,12,80,300,301.95,1.95,14,1.4,8,27.3,1
25004,AITraining,301,RegionF,RegionC,76,150,301,302.316666666667,1.31666666666667,67,10.72,0,88.2166666666667,1
25206,BatchInference,291,RegionE,RegionB,74,80,295,301.65,6.65,11,1.1,4,73.15,1
25417,RealTimeInference,305,RegionE,RegionF,18,20,305,309.433333333333,4.43333333333333,1,0.08,0,4.43333333333333,1
25781,AITraining,284,RegionD,RegionD,5,150,297,300.6,3.6,83,13.28,13,0,0
25852,AITraining,278,RegionD,RegionB,60,150,300,303.2,3.2,48,7.68,22,153.6,1
26054,AITraining,285,RegionB,RegionD,60,150,302,306.45,4.45,22,3.52,17,97.9,1
26082,BatchInference,305,RegionB,RegionC,14,80,311,314.066666666667,3.06666666666667,22,2.2,6,67.4666666666667,1
26099,AITraining,292,RegionF,RegionD,25,150,292,295.533333333333,3.53333333333333,83,13.28,0,293.266666666667,1
26127,RealTimeInference,300,RegionA,RegionB,12,20,300,302.1,2.1,3,0.24,0,6.3,1
26391,RealTimeInference,297,RegionB,RegionB,5,20,297,302.933333333333,5.93333333333333,5,0.4,0,0,0
26562,BatchInference,304,RegionC,RegionD,58,80,304,309.933333333333,5.93333333333333,9,0.9,0,53.4,1
26613,RealTimeInference,297,RegionA,RegionB,12,20,297,300.383333333333,3.38333333333333,1,0.08,0,3.38333333333333,1
26614,AITraining,310,RegionD,RegionB,60,150,310,312.3,2.3,31,4.96,0,71.3,1
26674,RealTimeInference,306,RegionB,RegionB,5,20,306,307.8,1.8,6,0.48,0,0,0
26699,AITraining,305,RegionD,RegionB,60,150,305,311.25,6.25,95,15.2,0,593.75,1
26822,BatchInference,283,RegionA,RegionD,65,80,298,298.2,0.2,8,0.8,15,1.6,1
26888,AITraining,266,RegionD,RegionA,65,150,288,290.083333333333,2.08333333333333,90,14.4,22,187.5,1
27040,BatchInference,297,RegionB,RegionD,60,80,301,307.083333333333,6.08333333333333,17,1.7,4,103.416666666667,1
27054,AITraining,305,RegionE,RegionC,70,150,311,312.2,1.2,75,12,6,90,1
27100,BatchInference,287,RegionC,RegionD,58,80,296,300.4,4.4,19,1.9,9,83.6,1
27112,BatchInference,304,RegionB,RegionD,60,80,304,309.9,5.9,17,1.7,0,100.3,1
27148,AITraining,293,RegionF,RegionF,5,150,309,310.683333333333,1.68333333333333,66,10.56,16,0,0
27184,AITraining,291,RegionD,RegionC,58,150,302,306.8,4.8,18,2.88,11,86.4,1
27259,AITraining,301,RegionF,RegionA,82,150,301,307.183333333333,6.18333333333333,87,13.92,0,537.95,1
27524,RealTimeInference,291,RegionA,RegionB,12,20,291,294.533333333333,3.53333333333333,6,0.48,0,21.2,1
27568,AITraining,294,RegionF,RegionD,25,150,297,299.7,2.7,85,13.6,3,229.5,1
27696,RealTimeInference,297,RegionB,RegionC,14,20,297,297.233333333333,0.233333333333333,7,0.56,0,1.63333333333333,1
27812,BatchInference,295,RegionA,RegionD,65,80,296,301.916666666667,5.91666666666667,13,1.3,1,76.9166666666667,1
27865,BatchInference,300,RegionA,RegionB,12,80,301,301.8,0.8,15,1.5,1,12,1
27976,RealTimeInference,290,RegionA,RegionA,5,20,290,296.55,6.55,2,0.16,0,0,0
28185,AITraining,304,RegionF,RegionD,25,150,304,308.483333333333,4.48333333333333,119,19.04,0,533.516666666667,1
28447,AITraining,275,RegionF,RegionB,79,150,288,289.166666666667,1.16666666666667,80,12.8,13,93.3333333333333,1
28451,BatchInference,291,RegionC,RegionD,58,80,298,299.316666666667,1.31666666666667,22,2.2,7,28.9666666666667,1
28493,AITraining,292,RegionF,RegionD,25,150,292,298.516666666667,6.51666666666667,101,16.16,0,658.183333333333,1
28501,RealTimeInference,300,RegionA,RegionB,12,20,300,304.633333333333,4.63333333333333,4,0.32,0,18.5333333333333,1
28546,BatchInference,304,RegionF,RegionD,25,80,304,307.15,3.15,4,0.4,0,12.6,1
28563,RealTimeInference,304,RegionB,RegionA,12,20,304,308.333333333333,4.33333333333333,1,0.08,0,4.33333333333333,1
28590,BatchInference,287,RegionD,RegionD,5,80,297,300.216666666667,3.21666666666667,17,1.7,10,0,0
28733,AITraining,306,RegionD,RegionA,65,150,306,307.233333333333,1.23333333333333,55,8.8,0,67.8333333333333,1
28786,BatchInference,284,RegionC,RegionD,58,80,297,300.05,3.05,21,2.1,13,64.05,1
28830,RealTimeInference,310,RegionA,RegionC,15,20,310,310.966666666667,0.966666666666667,2,0.16,0,1.93333333333333,1
28834,BatchInference,288,RegionE,RegionD,22,80,298,299.783333333333,1.78333333333333,23,2.3,10,41.0166666666667,1
28851,AITraining,227,RegionD,RegionC,58,150,300,301.95,1.95,114,18.24,73,222.3,1
28996,RealTimeInference,311,RegionB,RegionA,12,20,311,314.8,3.8,5,0.4,0,19,1
29019,BatchInference,287,RegionA,RegionD,65,80,288,290.833333333333,2.83333333333333,19,1.9,1,53.8333333333333,1
29137,BatchInference,269,RegionA,RegionD,65,80,298,298.45,0.45,15,1.5,29,6.75,1
29193,RealTimeInference,296,RegionB,RegionC,14,20,296,299.6,3.6,2,0.16,0,7.2,1
29227,AITraining,294,RegionF,RegionC,76,150,294,295.233333333333,1.23333333333333,45,7.2,0,55.5,1
29407,BatchInference,278,RegionB,RegionA,12,80,288,290.1,2.1,8,0.8,10,16.8,1
29644,BatchInference,291,RegionB,RegionD,60,80,299,301.4,2.4,20,2,8,48,1
30130,RealTimeInference,300,RegionB,RegionB,5,20,300,303.383333333333,3.38333333333333,3,0.24,0,0,0
30616,AITraining,305,RegionE,RegionA,78,150,305,307.9,2.9,66,10.56,0,191.4,1
30732,BatchInference,290,RegionB,RegionD,60,80,299,303.066666666667,4.06666666666667,15,1.5,9,61,1
30765,RealTimeInference,290,RegionA,RegionB,12,20,290,293.233333333333,3.23333333333333,4,0.32,0,12.9333333333333,1
30793,BatchInference,292,RegionC,RegionD,58,80,297,299.3,2.3,21,2.1,5,48.3,1
30885,AITraining,287,RegionE,RegionB,74,150,288,292.866666666667,4.86666666666667,47,7.52,1,228.733333333333,1
31002,AITraining,259,RegionD,RegionB,60,150,288,288.25,0.25,59,9.44,29,14.75,1
31071,BatchInference,286,RegionF,RegionD,25,80,301,307.483333333333,6.48333333333333,21,2.1,15,136.15,1
31367,BatchInference,289,RegionA,RegionA,5,80,289,290.083333333333,1.08333333333333,5,0.5,0,0,0
31661,AITraining,288,RegionF,RegionC,76,150,302,308,6,40,6.4,14,240,1
31717,RealTimeInference,306,RegionB,RegionA,12,20,306,307.55,1.55,2,0.16,0,3.1,1
31736,BatchInference,284,RegionB,RegionD,60,80,301,307.183333333333,6.18333333333333,6,0.6,17,37.1,1
31787,RealTimeInference,304,RegionA,RegionA,5,20,304,305.783333333333,1.78333333333333,7,0.56,0,0,0
32066,RealTimeInference,292,RegionB,RegionB,5,20,292,295.933333333333,3.93333333333333,4,0.32,0,0,0
32071,RealTimeInference,301,RegionA,RegionB,12,20,301,301.533333333333,0.533333333333333,4,0.32,0,2.13333333333333,1
32255,BatchInference,295,RegionB,RegionB,5,80,295,297.966666666667,2.96666666666667,18,1.8,0,0,0
32410,BatchInference,288,RegionA,RegionA,5,80,288,290.266666666667,2.26666666666667,22,2.2,0,0,0
32431,BatchInference,286,RegionB,RegionD,60,80,298,304.166666666667,6.16666666666667,10,1,12,61.6666666666667,1
32504,RealTimeInference,309,RegionB,RegionC,14,20,309,315,6,4,0.32,0,24,1
32593,AITraining,187,RegionF,RegionD,25,150,298,298.566666666667,0.566666666666667,61,9.76,111,34.5666666666667,1
32628,BatchInference,288,RegionB,RegionF,79,80,290,291.483333333333,1.48333333333333,11,1.1,2,16.3166666666667,1
32640,AITraining,290,RegionB,RegionB,5,150,290,295.3,5.3,115,18.4,0,0,0
32846,BatchInference,301,RegionC,RegionD,58,80,301,305.166666666667,4.16666666666667,11,1.1,0,45.8333333333333,1
32911,AITraining,278,RegionD,RegionA,65,150,302,305.2,3.2,121,19.36,24,387.2,1
33019,AITraining,251,RegionF,RegionD,25,150,298,299.566666666667,1.56666666666667,37,5.92,47,57.9666666666667,1
33133,AITraining,290,RegionD,RegionB,60,150,302,308.4,6.4,99,15.84,12,633.6,1
33174,BatchInference,290,RegionC,RegionD,58,80,301,301.2,0.2,9,0.9,11,1.8,1
33579,AITraining,310,RegionD,RegionA,65,150,310,315.916666666667,5.91666666666667,77,12.32,0,455.583333333333,1
34067,AITraining,296,RegionE,RegionA,78,150,296,297.033333333333,1.03333333333333,61,9.76,0,63.0333333333333,1
34221,RealTimeInference,292,RegionA,RegionC,15,20,292,295.083333333333,3.08333333333333,1,0.08,0,3.08333333333333,1
34243,RealTimeInference,300,RegionB,RegionB,5,20,300,306.116666666667,6.11666666666667,5,0.4,0,0,0
34297,RealTimeInference,303,RegionC,RegionA,15,20,303,306.433333333333,3.43333333333333,2,0.16,0,6.86666666666667,1
34396,BatchInference,278,RegionE,RegionB,74,80,290,293.05,3.05,15,1.5,12,45.75,1
34518,BatchInference,292,RegionB,RegionD,60,80,292,294.933333333333,2.93333333333333,12,1.2,0,35.2,1
34799,AITraining,284,RegionD,RegionB,60,150,288,294.516666666667,6.51666666666667,77,12.32,4,501.783333333333,1
34891,BatchInference,290,RegionB,RegionD,60,80,301,305.4,4.4,15,1.5,11,66,1
35056,BatchInference,292,RegionC,RegionD,58,80,300,302.133333333333,2.13333333333333,22,2.2,8,46.9333333333333,1
35287,BatchInference,283,RegionD,RegionB,60,80,297,299.166666666667,2.16666666666667,23,2.3,14,49.8333333333333,1
35320,RealTimeInference,291,RegionC,RegionC,5,20,291,292.983333333333,1.98333333333333,4,0.32,0,0,0
35366,AITraining,222,RegionE,RegionD,22,150,301,301.95,0.95,126,20.16,79,119.7,1
35438,AITraining,290,RegionE,RegionD,22,150,302,308.3,6.3,78,12.48,12,491.4,1
35470,RealTimeInference,289,RegionB,RegionC,14,20,289,294.533333333333,5.53333333333333,1,0.08,0,5.53333333333333,1
35664,BatchInference,298,RegionA,RegionD,65,80,305,306.15,1.15,9,0.9,7,10.35,1
35745,AITraining,306,RegionD,RegionC,58,150,306,309.833333333333,3.83333333333333,46,7.36,0,176.333333333333,1
35804,BatchInference,271,RegionC,RegionA,15,80,288,290.233333333333,2.23333333333333,18,1.8,17,40.2,1
35857,RealTimeInference,302,RegionB,RegionB,5,20,302,304.35,2.35,2,0.16,0,0,0
35912,AITraining,242,RegionF,RegionD,25,150,300,302.733333333333,2.73333333333333,88,14.08,58,240.533333333333,1
35982,BatchInference,297,RegionD,RegionB,60,80,301,301.283333333333,0.283333333333333,5,0.5,4,1.41666666666667,1
36020,RealTimeInference,294,RegionB,RegionA,12,20,294,297.433333333333,3.43333333333333,1,0.08,0,3.43333333333333,1
36087,RealTimeInference,293,RegionB,RegionC,14,20,293,298.683333333333,5.68333333333333,7,0.56,0,39.7833333333333,1
36394,BatchInference,310,RegionB,RegionC,14,80,310,313.116666666667,3.11666666666667,10,1,0,31.1666666666667,1
36433,BatchInference,286,RegionB,RegionD,60,80,300,302.216666666667,2.21666666666667,21,2.1,14,46.55,1
36466,RealTimeInference,309,RegionB,RegionC,14,20,309,315.383333333333,6.38333333333333,3,0.24,0,19.15,1
36588,BatchInference,299,RegionF,RegionD,25,80,300,302.1,2.1,4,0.4,1,8.4,1
36589,RealTimeInference,288,RegionA,RegionC,15,20,288,293.366666666667,5.36666666666667,4,0.32,0,21.4666666666667,1
36684,AITraining,289,RegionE,RegionA,78,150,302,306.883333333333,4.88333333333333,111,17.76,13,542.05,1
36721,BatchInference,295,RegionB,RegionA,12,80,295,298.033333333333,3.03333333333333,16,1.6,0,48.5333333333333,1
36748,AITraining,293,RegionD,RegionA,65,150,309,310.466666666667,1.46666666666667,56,8.96,16,82.1333333333333,1
36756,BatchInference,284,RegionD,RegionD,5,80,289,293.4,4.4,10,1,5,0,0
36849,RealTimeInference,311,RegionC,RegionA,15,20,311,315.7,4.7,6,0.48,0,28.2,1
36935,AITraining,292,RegionF,RegionD,25,150,300,301.45,1.45,83,13.28,8,120.35,1
36946,RealTimeInference,298,RegionB,RegionB,5,20,298,303.066666666667,5.06666666666667,6,0.48,0,0,0
37016,AITraining,294,RegionD,RegionC,58,150,302,307.85,5.85,108,17.28,8,631.8,1
37098,RealTimeInference,304,RegionC,RegionA,15,20,304,306.216666666667,2.21666666666667,1,0.08,0,2.21666666666667,1
37138,AITraining,292,RegionF,RegionD,25,150,302,305.35,3.35,30,4.8,10,100.5,1
37170,BatchInference,298,RegionD,RegionD,5,80,298,300.116666666667,2.11666666666667,10,1,0,0,0
37241,AITraining,300,RegionE,RegionC,70,150,307,310.75,3.75,109,17.44,7,408.75,1
37315,RealTimeInference,300,RegionC,RegionB,14,20,300,303.266666666667,3.26666666666667,7,0.56,0,22.8666666666667,1
37332,BatchInference,286,RegionB,RegionA,12,80,288,290.266666666667,2.26666666666667,15,1.5,2,34,1
37339,BatchInference,308,RegionC,RegionD,58,80,308,308.433333333333,0.433333333333333,12,1.2,0,5.2,1
37585,AITraining,304,RegionF,RegionB,79,150,310,312.9,2.9,46,7.36,6,133.4,1
37678,AITraining,303,RegionC,RegionC,5,150,303,308.916666666667,5.91666666666667,63,10.08,0,0,0
37683,RealTimeInference,295,RegionC,RegionC,5,20,295,299.416666666667,4.41666666666667,1,0.08,0,0,0
37707,BatchInference,287,RegionD,RegionD,5,80,301,307.366666666667,6.36666666666667,13,1.3,14,0,0
37712,AITraining,308,RegionD,RegionD,5,150,308,309.45,1.45,78,12.48,0,0,0
37741,RealTimeInference,288,RegionC,RegionC,5,20,288,291.816666666667,3.81666666666667,2,0.16,0,0,0
37743,RealTimeInference,303,RegionA,RegionA,5,20,303,306.583333333333,3.58333333333333,1,0.08,0,0,0
38056,BatchInference,300,RegionE,RegionB,74,80,301,301.766666666667,0.766666666666667,9,0.9,1,6.9,1
38062,AITraining,303,RegionE,RegionB,74,150,309,313.65,4.65,51,8.16,6,237.15,1
38173,BatchInference,287,RegionD,RegionD,5,80,290,291.183333333333,1.18333333333333,14,1.4,3,0,0
38191,RealTimeInference,289,RegionA,RegionB,12,20,289,291.283333333333,2.28333333333333,6,0.48,0,13.7,1
38214,RealTimeInference,305,RegionC,RegionB,14,20,305,309.733333333333,4.73333333333333,6,0.48,0,28.4,1
38430,AITraining,304,RegionF,RegionA,82,150,310,311.2,1.2,81,12.96,6,97.2,1
38438,RealTimeInference,289,RegionF,RegionE,18,20,289,293.183333333333,4.18333333333333,1,0.08,0,4.18333333333333,1
38585,RealTimeInference,307,RegionB,RegionB,5,20,307,310.083333333333,3.08333333333333,4,0.32,0,0,0
38638,AITraining,295,RegionD,RegionA,65,150,296,301.483333333333,5.48333333333333,42,6.72,1,230.3,1
38703,RealTimeInference,288,RegionB,RegionC,14,20,288,294.2,6.2,4,0.32,0,24.8,1
38820,AITraining,293,RegionD,RegionD,5,150,302,308.516666666667,6.51666666666667,119,19.04,9,0,0
38969,AITraining,288,RegionF,RegionD,25,150,296,300.983333333333,4.98333333333333,64,10.24,8,318.933333333333,1
39150,AITraining,288,RegionE,RegionD,22,150,302,307.116666666667,5.11666666666667,18,2.88,14,92.1,1
39394,RealTimeInference,296,RegionC,RegionC,5,20,296,300.766666666667,4.76666666666667,6,0.48,0,0,0
39548,AITraining,299,RegionD,RegionA,65,150,299,302.066666666667,3.06666666666667,29,4.64,0,88.9333333333333,1
39552,AITraining,290,RegionF,RegionD,25,150,302,308.166666666667,6.16666666666667,64,10.24,12,394.666666666667,1
39864,BatchInference,288,RegionB,RegionD,60,80,301,307.433333333333,6.43333333333333,13,1.3,13,83.6333333333333,1
39969,AITraining,293,RegionD,RegionB,60,150,293,295.766666666667,2.76666666666667,79,12.64,0,218.566666666667,1
39994,AITraining,286,RegionD,RegionC,58,150,289,293.566666666667,4.56666666666667,69,11.04,3,315.1,1
40206,RealTimeInference,305,RegionB,RegionA,12,20,305,308.333333333333,3.33333333333333,2,0.16,0,6.66666666666667,1
40255,RealTimeInference,310,RegionF,RegionE,18,20,310,315.983333333333,5.98333333333333,2,0.16,0,11.9666666666667,1
40543,BatchInference,301,RegionF,RegionD,25,80,307,308.466666666667,1.46666666666667,14,1.4,6,20.5333333333333,1
40641,RealTimeInference,288,RegionC,RegionC,5,20,288,291.666666666667,3.66666666666667,2,0.16,0,0,0
40708,AITraining,293,RegionB,RegionB,5,150,293,298.383333333333,5.38333333333333,126,20.16,0,0,0
40819,AITraining,289,RegionF,RegionD,25,150,298,299.583333333333,1.58333333333333,115,18.4,9,182.083333333333,1
40900,RealTimeInference,301,RegionA,RegionB,12,20,301,304.716666666667,3.71666666666667,7,0.56,0,26.0166666666667,1
41267,RealTimeInference,303,RegionA,RegionA,5,20,303,307.016666666667,4.01666666666667,6,0.48,0,0,0
41286,RealTimeInference,301,RegionA,RegionA,5,20,301,307.016666666667,6.01666666666667,2,0.16,0,0,0
41365,AITraining,285,RegionD,RegionC,58,150,288,288.5,0.5,98,15.68,3,49,1
41386,BatchInference,290,RegionC,RegionD,58,80,301,306.15,5.15,17,1.7,11,87.55,1
41411,AITraining,299,RegionD,RegionC,58,150,299,301.75,2.75,85,13.6,0,233.75,1
41654,AITraining,266,RegionD,RegionF,25,150,288,289.016666666667,1.01666666666667,80,12.8,22,81.3333333333333,1
41683,RealTimeInference,305,RegionC,RegionA,15,20,305,309.883333333333,4.88333333333333,6,0.48,0,29.3,1
41718,BatchInference,290,RegionA,RegionD,65,80,290,294.616666666667,4.61666666666667,23,2.3,0,106.183333333333,1
41970,BatchInference,303,RegionC,RegionD,58,80,303,309.4,6.4,20,2,0,128,1
42159,BatchInference,299,RegionB,RegionD,60,80,299,300.85,1.85,13,1.3,0,24.05,1
42625,BatchInference,285,RegionB,RegionD,60,80,295,301.366666666667,6.36666666666667,22,2.2,10,140.066666666667,1
42630,BatchInference,294,RegionA,RegionD,65,80,296,300.883333333333,4.88333333333333,15,1.5,2,73.25,1
42652,AITraining,303,RegionD,RegionA,65,150,309,310.4,1.4,92,14.72,6,128.8,1
42666,BatchInference,292,RegionD,RegionB,60,80,292,297.233333333333,5.23333333333333,5,0.5,0,26.1666666666667,1
42781,RealTimeInference,311,RegionA,RegionB,12,20,311,316.066666666667,5.06666666666667,3,0.24,0,15.2,1
42903,AITraining,290,RegionE,RegionD,22,150,298,299.366666666667,1.36666666666667,23,3.68,8,31.4333333333333,1
43062,RealTimeInference,307,RegionD,RegionD,5,20,307,310.75,3.75,4,0.32,0,0,0
43097,BatchInference,294,RegionB,RegionD,60,80,296,300.95,4.95,17,1.7,2,84.15,1
43275,AITraining,310,RegionD,RegionA,65,150,310,314.416666666667,4.41666666666667,44,7.04,0,194.333333333333,1
43295,AITraining,289,RegionD,RegionD,5,150,300,302.383333333333,2.38333333333333,33,5.28,11,0,0
43427,BatchInference,289,RegionD,RegionD,5,80,300,303.3,3.3,23,2.3,11,0,0
43453,AITraining,291,RegionE,RegionA,78,150,291,292.533333333333,1.53333333333333,29,4.64,0,44.4666666666667,1
43458,RealTimeInference,303,RegionA,RegionA,5,20,303,306.866666666667,3.86666666666667,4,0.32,0,0,0
43515,AITraining,298,RegionF,RegionD,25,150,302,307.1,5.1,79,12.64,4,402.9,1
43611,AITraining,300,RegionE,RegionB,74,150,300,301.816666666667,1.81666666666667,67,10.72,0,121.716666666667,1
43733,BatchInference,286,RegionB,RegionD,60,80,298,299.666666666667,1.66666666666667,13,1.3,12,21.6666666666667,1
43803,AITraining,288,RegionF,RegionA,82,150,302,305.083333333333,3.08333333333333,62,9.92,14,191.166666666667,1
43848,BatchInference,285,RegionE,RegionD,22,80,301,301.883333333333,0.883333333333333,17,1.7,16,15.0166666666667,1
43865,RealTimeInference,299,RegionA,RegionB,12,20,299,299.383333333333,0.383333333333333,6,0.48,0,2.3,1
43892,BatchInference,310,RegionC,RegionC,5,80,310,310.85,0.85,7,0.7,0,0,0
43928,AITraining,292,RegionF,RegionD,25,150,298,304.566666666667,6.56666666666667,78,12.48,6,512.2,1
44036,AITraining,299,RegionD,RegionD,5,150,299,300.3,1.3,85,13.6,0,0,0
44209,AITraining,283,RegionF,RegionB,79,150,302,306.55,4.55,16,2.56,19,72.8,1
44324,RealTimeInference,298,RegionA,RegionA,5,20,298,299.383333333333,1.38333333333333,7,0.56,0,0,0
44341,AITraining,306,RegionF,RegionC,76,150,306,306.9,0.9,68,10.88,0,61.2,1
44361,BatchInference,284,RegionF,RegionD,25,80,296,301.6,5.6,9,0.9,12,50.4,1
44405,RealTimeInference,301,RegionC,RegionB,14,20,301,301.416666666667,0.416666666666667,4,0.32,0,1.66666666666667,1
44427,BatchInference,290,RegionA,RegionD,65,80,301,305.483333333333,4.48333333333333,5,0.5,11,22.4166666666667,1
44479,AITraining,243,RegionF,RegionB,79,150,288,289.116666666667,1.11666666666667,126,20.16,45,140.7,1
44598,AITraining,309,RegionB,RegionD,60,150,309,311,2,80,12.8,0,160,1
44730,RealTimeInference,289,RegionA,RegionC,15,20,289,294.216666666667,5.21666666666667,7,0.56,0,36.5166666666667,1
44805,RealTimeInference,295,RegionB,RegionC,14,20,295,298.35,3.35,7,0.56,0,23.45,1
44881,BatchInference,289,RegionB,RegionD,60,80,298,303.25,5.25,6,0.6,9,31.5,1
44951,AITraining,305,RegionF,RegionA,82,150,311,314.916666666667,3.91666666666667,21,3.36,6,82.25,1
45188,AITraining,301,RegionA,RegionB,12,150,307,310.033333333333,3.03333333333333,51,8.16,6,154.7,1
45243,RealTimeInference,305,RegionB,RegionA,12,20,305,310.566666666667,5.56666666666667,6,0.48,0,33.4,1
45337,BatchInference,296,RegionD,RegionD,5,80,297,300.333333333333,3.33333333333333,10,1,1,0,0
45362,BatchInference,286,RegionD,RegionC,58,80,288,288.7,0.7,16,1.6,2,11.2,1
45400,BatchInference,292,RegionB,RegionD,60,80,297,300.766666666667,3.76666666666667,18,1.8,5,67.8,1
45427,RealTimeInference,300,RegionB,RegionB,5,20,300,306.3,6.3,1,0.08,0,0,0
45473,RealTimeInference,303,RegionB,RegionB,5,20,303,306.066666666667,3.06666666666667,2,0.16,0,0,0
45811,RealTimeInference,303,RegionA,RegionA,5,20,303,306.533333333333,3.53333333333333,5,0.4,0,0,0
46021,BatchInference,296,RegionA,RegionD,65,80,301,306.55,5.55,8,0.8,5,44.4,1
46149,BatchInference,286,RegionC,RegionD,58,80,297,300.833333333333,3.83333333333333,20,2,11,76.6666666666667,1
46245,RealTimeInference,289,RegionA,RegionC,15,20,289,294.166666666667,5.16666666666667,4,0.32,0,20.6666666666667,1
46332,RealTimeInference,307,RegionB,RegionA,12,20,307,313.566666666667,6.56666666666667,1,0.08,0,6.56666666666667,1
46389,AITraining,304,RegionC,RegionB,14,150,310,312.383333333333,2.38333333333333,79,12.64,6,188.283333333333,1
46528,AITraining,298,RegionD,RegionD,5,150,298,302.116666666667,4.11666666666667,121,19.36,0,0,0
46640,BatchInference,284,RegionB,RegionD,60,80,301,306.583333333333,5.58333333333333,19,1.9,17,106.083333333333,1
47328,RealTimeInference,292,RegionA,RegionC,15,20,292,298.116666666667,6.11666666666667,2,0.16,0,12.2333333333333,1
47384,BatchInference,286,RegionE,RegionD,22,80,298,298.3,0.3,17,1.7,12,5.1,1
47420,BatchInference,284,RegionB,RegionC,14,80,288,291.083333333333,3.08333333333333,23,2.3,4,70.9166666666667,1
47474,RealTimeInference,301,RegionB,RegionB,5,20,301,303.883333333333,2.88333333333333,2,0.16,0,0,0
47476,RealTimeInference,292,RegionC,RegionC,5,20,292,294.483333333333,2.48333333333333,3,0.24,0,0,0
47547,BatchInference,294,RegionD,RegionD,5,80,301,307.333333333333,6.33333333333333,16,1.6,7,0,0
47930,AITraining,304,RegionB,RegionD,60,150,304,309.516666666667,5.51666666666667,57,9.12,0,314.45,1
47953,RealTimeInference,303,RegionB,RegionB,5,20,303,303.716666666667,0.716666666666667,4,0.32,0,0,0
48035,BatchInference,293,RegionA,RegionD,65,80,297,300.166666666667,3.16666666666667,6,0.6,4,19,1
48270,RealTimeInference,304,RegionC,RegionA,15,20,304,308.866666666667,4.86666666666667,6,0.48,0,29.2,1
48531,BatchInference,286,RegionD,RegionB,60,80,301,301.533333333333,0.533333333333333,4,0.4,15,2.13333333333333,1
48555,AITraining,290,RegionD,RegionD,5,150,299,300.783333333333,1.78333333333333,25,4,9,0,0
48598,RealTimeInference,297,RegionC,RegionB,14,20,297,302.766666666667,5.76666666666667,3,0.24,0,17.3,1
48624,AITraining,300,RegionF,RegionD,25,150,300,301.933333333333,1.93333333333333,81,12.96,0,156.6,1
48655,AITraining,241,RegionE,RegionB,74,150,288,288.466666666667,0.466666666666667,60,9.6,47,28,1
48669,RealTimeInference,309,RegionC,RegionC,5,20,309,314.816666666667,5.81666666666667,6,0.48,0,0,0
48907,AITraining,292,RegionF,RegionD,25,150,300,300.933333333333,0.933333333333333,69,11.04,8,64.4,1
48983,RealTimeInference,306,RegionB,RegionA,12,20,306,312.266666666667,6.26666666666667,7,0.56,0,43.8666666666667,1
49134,AITraining,289,RegionE,RegionA,78,150,289,290.25,1.25,83,13.28,0,103.75,1
49245,BatchInference,287,RegionC,RegionA,15,80,288,291.916666666667,3.91666666666667,21,2.1,1,82.25,1
49304,RealTimeInference,289,RegionB,RegionC,14,20,289,289.283333333333,0.283333333333333,2,0.16,0,0.566666666666667,1
49373,RealTimeInference,300,RegionA,RegionB,12,20,300,305.733333333333,5.73333333333333,1,0.08,0,5.73333333333333,1
49544,BatchInference,301,RegionA,RegionD,65,80,307,310.733333333333,3.73333333333333,13,1.3,6,48.5333333333333,1
49548,BatchInference,304,RegionD,RegionD,5,80,304,308.816666666667,4.81666666666667,6,0.6,0,0,0
49781,BatchInference,300,RegionB,RegionD,60,80,301,301.7,0.7,4,0.4,1,2.8,1
49824,RealTimeInference,301,RegionC,RegionB,14,20,301,304.1,3.1,6,0.48,0,18.6,1
49826,AITraining,286,RegionB,RegionF,79,150,288,290.366666666667,2.36666666666667,99,15.84,2,234.3,1
90,AITraining,322,RegionF,RegionD,25,150,327,329.616666666667,2.61666666666667,95,15.2,5,248.583333333333,1
157,AITraining,328,RegionB,RegionA,12,150,328,334.316666666667,6.31666666666667,31,4.96,0,195.816666666667,1
305,AITraining,330,RegionE,RegionA,78,150,330,336.383333333333,6.38333333333333,38,6.08,0,242.566666666667,1
561,AITraining,328,RegionE,RegionC,70,150,328,333.033333333333,5.03333333333333,74,11.84,0,372.466666666667,1
698,RealTimeInference,330,RegionB,RegionA,12,20,330,332.8,2.8,1,0.08,0,2.8,1
758,AITraining,334,RegionE,RegionB,74,150,334,335.65,1.65,84,13.44,0,138.6,1
784,BatchInference,318,RegionD,RegionA,65,80,318,323.016666666667,5.01666666666667,18,1.8,0,90.3,1
796,AITraining,322,RegionD,RegionA,65,150,325,326.333333333333,1.33333333333333,28,4.48,3,37.3333333333333,1
800,RealTimeInference,312,RegionA,RegionC,15,20,312,318.416666666667,6.41666666666667,1,0.08,0,6.41666666666667,1
867,RealTimeInference,316,RegionA,RegionC,15,20,316,318.866666666667,2.86666666666667,1,0.08,0,2.86666666666667,1
998,BatchInference,314,RegionB,RegionD,60,80,324,327.283333333333,3.28333333333333,22,2.2,10,72.2333333333333,1
1047,BatchInference,323,RegionD,RegionD,5,80,325,327.833333333333,2.83333333333333,15,1.5,2,0,0
1059,RealTimeInference,332,RegionB,RegionB,5,20,332,333.583333333333,1.58333333333333,3,0.24,0,0,0
1109,BatchInference,301,RegionA,RegionD,65,80,323,327.8,4.8,14,1.4,22,67.2,1
1179,BatchInference,323,RegionE,RegionD,22,80,325,330.183333333333,5.18333333333333,9,0.9,2,46.65,1
1253,RealTimeInference,335,RegionA,RegionC,15,20,335,336.3,1.3,6,0.48,0,7.8,1
1286,BatchInference,328,RegionA,RegionD,65,80,328,334.233333333333,6.23333333333333,7,0.7,0,43.6333333333333,1
1341,BatchInference,323,RegionD,RegionD,5,80,325,331.433333333333,6.43333333333333,8,0.8,2,0,0
1415,BatchInference,330,RegionE,RegionD,22,80,330,335.5,5.5,18,1.8,0,99,1
1695,BatchInference,319,RegionC,RegionD,58,80,319,322.883333333333,3.88333333333333,19,1.9,0,73.7833333333333,1
1702,BatchInference,290,RegionD,RegionD,5,80,320,325.533333333333,5.53333333333333,13,1.3,30,0,0
1741,BatchInference,298,RegionC,RegionC,5,80,312,315.55,3.55,8,0.8,14,0,0
1753,BatchInference,323,RegionB,RegionD,60,80,330,335.133333333333,5.13333333333333,23,2.3,7,118.066666666667,1
1778,AITraining,315,RegionD,RegionB,60,150,315,317.733333333333,2.73333333333333,26,4.16,0,71.0666666666667,1
1797,BatchInference,319,RegionA,RegionD,65,80,319,325.216666666667,6.21666666666667,14,1.4,0,87.0333333333333,1
1961,AITraining,318,RegionB,RegionD,60,150,318,323.9,5.9,46,7.36,0,271.4,1
1986,AITraining,307,RegionF,RegionD,25,150,324,325.816666666667,1.81666666666667,50,8,17,90.8333333333333,1
2041,BatchInference,320,RegionB,RegionD,60,80,320,326.216666666667,6.21666666666667,19,1.9,0,118.116666666667,1
2530,RealTimeInference,335,RegionC,RegionC,5,20,335,340.833333333333,5.83333333333333,2,0.16,0,0,0
2533,BatchInference,313,RegionB,RegionC,14,80,322,323.833333333333,1.83333333333333,13,1.3,9,23.8333333333333,1
2572,BatchInference,318,RegionB,RegionA,12,80,318,322.75,4.75,5,0.5,0,23.75,1
2581,RealTimeInference,315,RegionB,RegionB,5,20,315,316.55,1.55,3,0.24,0,0,0
2676,BatchInference,327,RegionA,RegionD,65,80,327,333.25,6.25,6,0.6,0,37.5,1
2741,RealTimeInference,321,RegionF,RegionF,5,20,321,321.566666666667,0.566666666666667,4,0.32,0,0,0
2815,BatchInference,292,RegionB,RegionC,14,80,312,315.8,3.8,22,2.2,20,83.6,1
2829,AITraining,327,RegionD,RegionB,60,150,327,332.533333333333,5.53333333333333,126,20.16,0,697.2,1
2876,BatchInference,324,RegionD,RegionD,5,80,324,324.8,0.8,4,0.4,0,0,0
2902,BatchInference,328,RegionC,RegionD,58,80,328,331.466666666667,3.46666666666667,4,0.4,0,13.8666666666667,1
2997,BatchInference,319,RegionA,RegionB,12,80,320,324.083333333333,4.08333333333333,15,1.5,1,61.25,1
3045,AITraining,316,RegionD,RegionD,5,150,327,330.75,3.75,53,8.48,11,0,0
3051,BatchInference,321,RegionB,RegionD,60,80,321,322,1,17,1.7,0,17,1
3258,BatchInference,325,RegionE,RegionD,22,80,331,334.066666666667,3.06666666666667,20,2,6,61.3333333333333,1
3431,RealTimeInference,319,RegionA,RegionA,5,20,319,321.583333333333,2.58333333333333,1,0.08,0,0,0
3499,BatchInference,327,RegionC,RegionD,58,80,327,331.233333333333,4.23333333333333,17,1.7,0,71.9666666666667,1
3502,AITraining,320,RegionA,RegionC,15,150,327,330.616666666667,3.61666666666667,43,6.88,7,155.516666666667,1
3505,AITraining,319,RegionD,RegionC,58,150,319,319.316666666667,0.316666666666667,44,7.04,0,13.9333333333333,1
3527,AITraining,314,RegionF,RegionD,25,150,314,320.45,6.45,115,18.4,0,741.75,1
3601,BatchInference,284,RegionA,RegionD,65,80,325,327.55,2.55,18,1.8,41,45.9,1
3632,BatchInference,329,RegionE,RegionD,22,80,329,329.483333333333,0.483333333333333,15,1.5,0,7.25,1
3688,BatchInference,330,RegionB,RegionD,60,80,330,335.066666666667,5.06666666666667,19,1.9,0,96.2666666666667,1
3826,RealTimeInference,328,RegionB,RegionA,12,20,328,330.183333333333,2.18333333333333,4,0.32,0,8.73333333333333,1
3828,BatchInference,315,RegionD,RegionA,65,80,315,321.083333333333,6.08333333333333,4,0.4,0,24.3333333333333,1
3958,AITraining,314,RegionE,RegionA,78,150,314,319.283333333333,5.28333333333333,53,8.48,0,280.016666666667,1
4357,BatchInference,314,RegionB,RegionD,60,80,314,318.916666666667,4.91666666666667,23,2.3,0,113.083333333333,1
4365,RealTimeInference,332,RegionB,RegionA,12,20,332,338.216666666667,6.21666666666667,5,0.4,0,31.0833333333333,1
4411,AITraining,313,RegionE,RegionC,70,150,313,318.2,5.2,37,5.92,0,192.4,1
4607,BatchInference,319,RegionC,RegionD,58,80,319,325.383333333333,6.38333333333333,11,1.1,0,70.2166666666667,1
4728,AITraining,286,RegionF,RegionA,82,150,324,326.85,2.85,38,6.08,38,108.3,1
4749,RealTimeInference,317,RegionA,RegionB,12,20,317,321.9,4.9,2,0.16,0,9.8,1
4918,RealTimeInference,333,RegionC,RegionA,15,20,333,338.55,5.55,1,0.08,0,5.55,1
4957,AITraining,320,RegionF,RegionB,79,150,325,326.266666666667,1.26666666666667,118,18.88,5,149.466666666667,1
5057,BatchInference,313,RegionA,RegionD,65,80,313,317.4,4.4,14,1.4,0,61.6,1
5083,RealTimeInference,317,RegionA,RegionC,15,20,317,319.916666666667,2.91666666666667,6,0.48,0,17.5,1
5146,RealTimeInference,325,RegionB,RegionC,14,20,325,329.35,4.35,6,0.48,0,26.1,1
5175,AITraining,320,RegionB,RegionD,60,150,323,327,4,17,2.72,3,68,1
5219,AITraining,236,RegionF,RegionB,79,150,324,326.366666666667,2.36666666666667,95,15.2,88,224.833333333333,1
5233,BatchInference,329,RegionF,RegionD,25,80,329,334.75,5.75,5,0.5,0,28.75,1
5528,AITraining,325,RegionF,RegionB,79,150,325,329.216666666667,4.21666666666667,84,13.44,0,354.2,1
5691,AITraining,307,RegionE,RegionC,70,150,312,314.316666666667,2.31666666666667,90,14.4,5,208.5,1
5787,BatchInference,312,RegionB,RegionD,60,80,330,333.316666666667,3.31666666666667,14,1.4,18,46.4333333333333,1
5801,BatchInference,312,RegionC,RegionB,14,80,320,324.183333333333,4.18333333333333,8,0.8,8,33.4666666666667,1
5877,AITraining,316,RegionB,RegionD,60,150,316,321.716666666667,5.71666666666667,80,12.8,0,457.333333333333,1
5928,AITraining,307,RegionF,RegionB,79,150,312,314.65,2.65,124,19.84,5,328.6,1
6116,BatchInference,301,RegionC,RegionD,58,80,324,327.366666666667,3.36666666666667,10,1,23,33.6666666666667,1
6117,BatchInference,312,RegionD,RegionD,5,80,323,328.316666666667,5.31666666666667,19,1.9,11,0,0
6184,BatchInference,306,RegionE,RegionB,74,80,312,318.566666666667,6.56666666666667,15,1.5,6,98.5,1
6228,BatchInference,307,RegionD,RegionB,60,80,312,317.283333333333,5.28333333333333,8,0.8,5,42.2666666666667,1
6248,AITraining,319,RegionE,RegionD,22,150,319,319.65,0.65,118,18.88,0,76.7,1
6320,BatchInference,315,RegionD,RegionD,5,80,315,317.2,2.2,11,1.1,0,0,0
6613,RealTimeInference,313,RegionA,RegionA,5,20,313,314.116666666667,1.11666666666667,4,0.32,0,0,0
6622,AITraining,314,RegionE,RegionA,78,150,332,336.333333333333,4.33333333333333,121,19.36,18,524.333333333333,1
6635,BatchInference,321,RegionD,RegionD,5,80,322,328.5,6.5,10,1,1,0,0
6717,AITraining,317,RegionC,RegionD,58,150,317,322.866666666667,5.86666666666667,52,8.32,0,305.066666666667,1
6739,BatchInference,321,RegionC,RegionD,58,80,328,331.233333333333,3.23333333333333,9,0.9,7,29.1,1
6760,AITraining,313,RegionE,RegionD,22,150,322,325.666666666667,3.66666666666667,45,7.2,9,165,1
6846,BatchInference,323,RegionE,RegionD,22,80,323,329.516666666667,6.51666666666667,18,1.8,0,117.3,1
6853,AITraining,303,RegionF,RegionD,25,150,327,327.4,0.4,21,3.36,24,8.4,1
6943,RealTimeInference,313,RegionB,RegionA,12,20,313,316.783333333333,3.78333333333333,3,0.24,0,11.35,1
6999,AITraining,317,RegionC,RegionB,14,150,317,323.366666666667,6.36666666666667,106,16.96,0,674.866666666667,1
7061,BatchInference,318,RegionD,RegionA,65,80,318,318.95,0.95,14,1.4,0,13.3,1
7072,AITraining,320,RegionD,RegionF,25,150,335,339.533333333333,4.53333333333333,86,13.76,15,389.866666666667,1
7281,BatchInference,327,RegionA,RegionD,65,80,327,332.1,5.1,12,1.2,0,61.2,1
7313,RealTimeInference,313,RegionF,RegionF,5,20,313,316.75,3.75,7,0.56,0,0,0
7318,AITraining,322,RegionF,RegionD,25,150,327,329.833333333333,2.83333333333333,45,7.2,5,127.5,1
7323,AITraining,324,RegionE,RegionC,70,150,324,329.4,5.4,75,12,0,405,1
7534,BatchInference,299,RegionD,RegionD,5,80,325,328.55,3.55,5,0.5,26,0,0
7652,AITraining,309,RegionE,RegionA,78,150,327,333.466666666667,6.46666666666667,89,14.24,18,575.533333333333,1
7947,BatchInference,311,RegionD,RegionA,65,80,320,324.016666666667,4.01666666666667,23,2.3,9,92.3833333333333,1
8321,AITraining,328,RegionE,RegionC,70,150,334,334.783333333333,0.783333333333333,69,11.04,6,54.05,1
8359,RealTimeInference,332,RegionB,RegionB,5,20,332,333.9,1.9,1,0.08,0,0,0
8365,AITraining,325,RegionD,RegionA,65,150,325,331.383333333333,6.38333333333333,97,15.52,0,619.183333333333,1
8949,AITraining,316,RegionD,RegionB,60,150,333,334.45,1.45,94,15.04,17,136.3,1
8996,AITraining,315,RegionE,RegionC,70,150,315,318.183333333333,3.18333333333333,79,12.64,0,251.483333333333,1
9108,RealTimeInference,327,RegionB,RegionB,5,20,327,330.683333333333,3.68333333333333,1,0.08,0,0,0
9194,RealTimeInference,325,RegionC,RegionC,5,20,325,328.516666666667,3.51666666666667,5,0.4,0,0,0
9364,AITraining,322,RegionE,RegionB,74,150,323,327.116666666667,4.11666666666667,34,5.44,1,139.966666666667,1
9385,RealTimeInference,335,RegionC,RegionC,5,20,335,336.95,1.95,3,0.24,0,0,0
9506,AITraining,312,RegionD,RegionD,5,150,324,325.933333333333,1.93333333333333,100,16,12,0,0
9638,AITraining,313,RegionD,RegionD,5,150,327,329.5,2.5,97,15.52,14,0,0
9750,AITraining,314,RegionE,RegionB,74,150,332,336.283333333333,4.28333333333333,110,17.6,18,471.166666666667,1
10119,BatchInference,326,RegionE,RegionD,22,80,326,331.433333333333,5.43333333333333,17,1.7,0,92.3666666666667,1
10503,RealTimeInference,323,RegionA,RegionC,15,20,323,327.1,4.1,6,0.48,0,24.6,1
10779,RealTimeInference,323,RegionB,RegionC,14,20,323,323.216666666667,0.216666666666667,3,0.24,0,0.65,1
10793,RealTimeInference,324,RegionB,RegionC,14,20,324,327.416666666667,3.41666666666667,6,0.48,0,20.5,1
10826,RealTimeInference,314,RegionB,RegionB,5,20,314,317.966666666667,3.96666666666667,2,0.16,0,0,0
10984,AITraining,297,RegionE,RegionD,22,150,322,323.566666666667,1.56666666666667,104,16.64,25,162.933333333333,1
10988,BatchInference,317,RegionB,RegionC,14,80,321,323.966666666667,2.96666666666667,16,1.6,4,47.4666666666667,1
11073,BatchInference,290,RegionB,RegionA,12,80,312,317.766666666667,5.76666666666667,10,1,22,57.6666666666667,1
11130,BatchInference,327,RegionF,RegionD,25,80,333,334.65,1.65,10,1,6,16.5,1
11268,RealTimeInference,318,RegionE,RegionF,18,20,318,319.9,1.9,1,0.08,0,1.9,1
11291,AITraining,334,RegionD,RegionB,60,150,334,334.866666666667,0.866666666666667,71,11.36,0,61.5333333333333,1
11357,BatchInference,303,RegionC,RegionD,58,80,330,333.933333333333,3.93333333333333,7,0.7,27,27.5333333333333,1
11427,RealTimeInference,322,RegionA,RegionA,5,20,322,322.683333333333,0.683333333333333,7,0.56,0,0,0
11635,RealTimeInference,317,RegionC,RegionC,5,20,317,320.65,3.65,7,0.56,0,0,0
11736,RealTimeInference,320,RegionA,RegionA,5,20,320,324.95,4.95,1,0.08,0,0,0
11802,BatchInference,323,RegionB,RegionD,60,80,330,334.366666666667,4.36666666666667,16,1.6,7,69.8666666666667,1
11927,AITraining,302,RegionD,RegionD,5,150,321,323.283333333333,2.28333333333333,123,19.68,19,0,0
11982,BatchInference,329,RegionE,RegionD,22,80,329,333.1,4.1,10,1,0,41,1
12001,BatchInference,311,RegionD,RegionD,5,80,325,331,6,22,2.2,14,0,0
12273,BatchInference,335,RegionA,RegionC,15,80,335,340.466666666667,5.46666666666667,18,1.8,0,98.4,1
12418,RealTimeInference,335,RegionA,RegionC,15,20,335,341.3,6.3,7,0.56,0,44.1,1
12421,AITraining,326,RegionE,RegionA,78,150,326,328.9,2.9,23,3.68,0,66.7,1
12597,BatchInference,320,RegionC,RegionA,15,80,320,320.316666666667,0.316666666666667,5,0.5,0,1.58333333333333,1
12640,BatchInference,309,RegionA,RegionD,65,80,321,322.916666666667,1.91666666666667,6,0.6,12,11.5,1
12878,BatchInference,313,RegionB,RegionD,60,80,313,316.2,3.2,9,0.9,0,28.8,1
13095,BatchInference,298,RegionC,RegionD,58,80,325,330.95,5.95,21,2.1,27,124.95,1
13302,BatchInference,311,RegionA,RegionD,65,80,330,333.7,3.7,9,0.9,19,33.3,1
13477,BatchInference,318,RegionD,RegionC,58,80,326,326.583333333333,0.583333333333333,21,2.1,8,12.25,1
13507,AITraining,318,RegionD,RegionD,5,150,318,319.633333333333,1.63333333333333,118,18.88,0,0,0
13577,BatchInference,318,RegionF,RegionB,79,80,318,321.066666666667,3.06666666666667,11,1.1,0,33.7333333333333,1
13623,AITraining,308,RegionF,RegionE,18,150,312,314.05,2.05,46,7.36,4,94.3,1
13688,RealTimeInference,332,RegionC,RegionB,14,20,332,335.683333333333,3.68333333333333,3,0.24,0,11.05,1
13837,AITraining,290,RegionE,RegionB,74,150,312,318.633333333333,6.63333333333333,72,11.52,22,477.6,1
13870,AITraining,323,RegionE,RegionC,70,150,323,324.75,1.75,19,3.04,0,33.25,1
13922,RealTimeInference,323,RegionB,RegionC,14,20,323,325.983333333333,2.98333333333333,7,0.56,0,20.8833333333333,1
14185,AITraining,316,RegionE,RegionA,78,150,316,322.283333333333,6.28333333333333,59,9.44,0,370.716666666667,1
14229,AITraining,315,RegionD,RegionD,5,150,315,319.8,4.8,49,7.84,0,0,0
14430,BatchInference,324,RegionF,RegionD,25,80,324,325.516666666667,1.51666666666667,13,1.3,0,19.7166666666667,1
14586,BatchInference,319,RegionE,RegionD,22,80,319,322.15,3.15,11,1.1,0,34.65,1
14677,AITraining,317,RegionE,RegionA,78,150,317,317.166666666667,0.166666666666667,42,6.72,0,7,1
14808,AITraining,316,RegionE,RegionA,78,150,316,321.216666666667,5.21666666666667,48,7.68,0,250.4,1
14849,AITraining,327,RegionF,RegionD,25,150,327,333.616666666667,6.61666666666667,109,17.44,0,721.216666666667,1
14869,RealTimeInference,333,RegionD,RegionD,5,20,333,334.466666666667,1.46666666666667,6,0.48,0,0,0
14929,BatchInference,307,RegionA,RegionD,65,80,324,327.55,3.55,4,0.4,17,14.2,1
15227,AITraining,245,RegionD,RegionA,65,150,330,332.133333333333,2.13333333333333,88,14.08,85,187.733333333333,1
15821,RealTimeInference,322,RegionA,RegionC,15,20,322,325.583333333333,3.58333333333333,5,0.4,0,17.9166666666667,1
15839,BatchInference,328,RegionE,RegionD,22,80,328,334.266666666667,6.26666666666667,13,1.3,0,81.4666666666667,1
15841,RealTimeInference,331,RegionA,RegionA,5,20,331,336.566666666667,5.56666666666667,7,0.56,0,0,0
15937,AITraining,309,RegionE,RegionC,70,150,321,321.266666666667,0.266666666666667,96,15.36,12,25.6,1
15993,AITraining,314,RegionD,RegionC,58,150,321,323.033333333333,2.03333333333333,108,17.28,7,219.6,1
16035,BatchInference,320,RegionD,RegionD,5,80,320,324.75,4.75,4,0.4,0,0,0
16088,AITraining,322,RegionE,RegionD,22,150,322,326.816666666667,4.81666666666667,22,3.52,0,105.966666666667,1
16159,RealTimeInference,314,RegionB,RegionC,14,20,314,319.7,5.7,5,0.4,0,28.5,1
16264,BatchInference,311,RegionD,RegionD,5,80,324,325.783333333333,1.78333333333333,20,2,13,0,0
16348,RealTimeInference,330,RegionB,RegionA,12,20,330,333.183333333333,3.18333333333333,4,0.32,0,12.7333333333333,1
16403,RealTimeInference,325,RegionC,RegionC,5,20,325,327.5,2.5,2,0.16,0,0,0
16491,AITraining,322,RegionD,RegionB,60,150,327,331.483333333333,4.48333333333333,99,15.84,5,443.85,1
16496,BatchInference,318,RegionF,RegionC,76,80,318,320.933333333333,2.93333333333333,10,1,0,29.3333333333333,1
16499,BatchInference,329,RegionB,RegionD,60,80,335,335.666666666667,0.666666666666667,14,1.4,6,9.33333333333333,1
16505,BatchInference,313,RegionB,RegionD,60,80,313,318.516666666667,5.51666666666667,7,0.7,0,38.6166666666667,1
16581,BatchInference,311,RegionF,RegionD,25,80,321,322.366666666667,1.36666666666667,11,1.1,10,15.0333333333333,1
17174,RealTimeInference,333,RegionA,RegionB,12,20,333,335.816666666667,2.81666666666667,6,0.48,0,16.9,1
17193,BatchInference,301,RegionA,RegionB,12,80,312,313.35,1.35,16,1.6,11,21.6,1
17342,RealTimeInference,312,RegionD,RegionD,5,20,312,315.066666666667,3.06666666666667,3,0.24,0,0,0
17357,BatchInference,321,RegionA,RegionD,65,80,325,330.433333333333,5.43333333333333,14,1.4,4,76.0666666666667,1
17361,BatchInference,324,RegionE,RegionD,22,80,325,330.466666666667,5.46666666666667,16,1.6,1,87.4666666666667,1
17411,BatchInference,301,RegionC,RegionD,58,80,324,326.166666666667,2.16666666666667,16,1.6,23,34.6666666666667,1
17440,AITraining,326,RegionF,RegionA,82,150,326,326.866666666667,0.866666666666667,21,3.36,0,18.2,1
17625,BatchInference,316,RegionA,RegionB,12,80,316,322.15,6.15,10,1,0,61.5,1
17829,BatchInference,321,RegionA,RegionD,65,80,325,326.816666666667,1.81666666666667,15,1.5,4,27.25,1
17960,BatchInference,320,RegionA,RegionD,65,80,323,327.95,4.95,23,2.3,3,113.85,1
17999,AITraining,328,RegionB,RegionE,74,150,334,338.233333333333,4.23333333333333,127,20.32,6,537.633333333333,1
18002,BatchInference,302,RegionC,RegionD,58,80,330,333.683333333333,3.68333333333333,14,1.4,28,51.5666666666667,1
18034,RealTimeInference,334,RegionB,RegionA,12,20,334,334.6,0.6,2,0.16,0,1.2,1
18391,BatchInference,306,RegionE,RegionB,74,80,321,321.433333333333,0.433333333333333,11,1.1,15,4.76666666666667,1
18597,RealTimeInference,335,RegionA,RegionC,15,20,335,337.466666666667,2.46666666666667,4,0.32,0,9.86666666666667,1
18660,RealTimeInference,312,RegionC,RegionC,5,20,312,315.733333333333,3.73333333333333,4,0.32,0,0,0
18692,RealTimeInference,330,RegionC,RegionA,15,20,330,332.166666666667,2.16666666666667,7,0.56,0,15.1666666666667,1
18754,RealTimeInference,313,RegionA,RegionC,15,20,313,314.566666666667,1.56666666666667,4,0.32,0,6.26666666666667,1
18761,BatchInference,317,RegionB,RegionC,14,80,317,318.4,1.4,18,1.8,0,25.2,1
18787,RealTimeInference,324,RegionA,RegionC,15,20,324,326.483333333333,2.48333333333333,4,0.32,0,9.93333333333333,1
18810,BatchInference,327,RegionD,RegionD,5,80,327,332.833333333333,5.83333333333333,8,0.8,0,0,0
19027,BatchInference,313,RegionE,RegionA,78,80,313,318.5,5.5,20,2,0,110,1
19042,AITraining,314,RegionB,RegionC,14,150,327,327.233333333333,0.233333333333333,109,17.44,13,25.4333333333333,1
19263,AITraining,334,RegionF,RegionA,82,150,334,337.75,3.75,85,13.6,0,318.75,1
19585,RealTimeInference,335,RegionC,RegionC,5,20,335,338.533333333333,3.53333333333333,7,0.56,0,0,0
19654,AITraining,299,RegionD,RegionE,22,150,312,314.016666666667,2.01666666666667,22,3.52,13,44.3666666666667,1
19676,AITraining,335,RegionE,RegionF,18,150,335,335.883333333333,0.883333333333333,118,18.88,0,104.233333333333,1
19806,BatchInference,307,RegionC,RegionA,15,80,322,322.183333333333,0.183333333333333,23,2.3,15,4.21666666666667,1
19863,BatchInference,323,RegionB,RegionC,14,80,323,324,1,16,1.6,0,16,1
20020,RealTimeInference,335,RegionA,RegionC,15,20,335,335.866666666667,0.866666666666667,4,0.32,0,3.46666666666667,1
20093,BatchInference,320,RegionB,RegionA,12,80,320,320.316666666667,0.316666666666667,7,0.7,0,2.21666666666667,1
20266,RealTimeInference,321,RegionC,RegionB,14,20,321,321.883333333333,0.883333333333333,2,0.16,0,1.76666666666667,1
20416,AITraining,320,RegionE,RegionA,78,150,320,324.033333333333,4.03333333333333,108,17.28,0,435.6,1
20558,AITraining,317,RegionD,RegionC,58,150,317,320.983333333333,3.98333333333333,121,19.36,0,481.983333333333,1
20562,RealTimeInference,333,RegionC,RegionB,14,20,333,335.616666666667,2.61666666666667,6,0.48,0,15.7,1
20790,RealTimeInference,328,RegionB,RegionA,12,20,328,333.166666666667,5.16666666666667,6,0.48,0,31,1
20803,RealTimeInference,312,RegionB,RegionB,5,20,312,312.633333333333,0.633333333333333,4,0.32,0,0,0
20846,AITraining,313,RegionB,RegionE,74,150,313,314.25,1.25,52,8.32,0,65,1
20886,AITraining,317,RegionD,RegionA,65,150,327,330.866666666667,3.86666666666667,41,6.56,10,158.533333333333,1
21065,RealTimeInference,330,RegionB,RegionB,5,20,330,336.233333333333,6.23333333333333,2,0.16,0,0,0
21333,BatchInference,330,RegionB,RegionD,60,80,330,335.266666666667,5.26666666666667,4,0.4,0,21.0666666666667,1
21487,RealTimeInference,330,RegionC,RegionA,15,20,330,336.633333333333,6.63333333333333,2,0.16,0,13.2666666666667,1
21490,AITraining,325,RegionD,RegionD,5,150,327,328.266666666667,1.26666666666667,33,5.28,2,0,0
21513,RealTimeInference,326,RegionC,RegionC,5,20,326,328.183333333333,2.18333333333333,1,0.08,0,0,0
21680,BatchInference,299,RegionB,RegionF,79,80,312,313.5,1.5,9,0.9,13,13.5,1
21696,BatchInference,324,RegionD,RegionD,5,80,324,330.033333333333,6.03333333333333,19,1.9,0,0,0
21861,BatchInference,308,RegionE,RegionB,74,80,321,321.733333333333,0.733333333333333,14,1.4,13,10.2666666666667,1
22159,RealTimeInference,325,RegionA,RegionC,15,20,325,327,2,6,0.48,0,12,1
22176,AITraining,324,RegionF,RegionA,82,150,324,327.533333333333,3.53333333333333,99,15.84,0,349.8,1
22209,AITraining,311,RegionF,RegionD,25,150,320,325.366666666667,5.36666666666667,63,10.08,9,338.1,1
22293,BatchInference,318,RegionD,RegionA,65,80,318,323.3,5.3,11,1.1,0,58.3,1
22307,AITraining,328,RegionF,RegionD,25,150,328,333,5,63,10.08,0,315,1
22365,AITraining,317,RegionE,RegionD,22,150,327,329.983333333333,2.98333333333333,27,4.32,10,80.55,1
22396,RealTimeInference,317,RegionB,RegionC,14,20,317,318.933333333333,1.93333333333333,3,0.24,0,5.8,1
22403,RealTimeInference,331,RegionB,RegionA,12,20,331,337.533333333333,6.53333333333333,2,0.16,0,13.0666666666667,1
22477,BatchInference,327,RegionD,RegionD,5,80,327,333.566666666667,6.56666666666667,19,1.9,0,0,0
22562,BatchInference,311,RegionD,RegionA,65,80,312,316.883333333333,4.88333333333333,4,0.4,1,19.5333333333333,1
22733,AITraining,314,RegionF,RegionD,25,150,323,323.783333333333,0.783333333333333,44,7.04,9,34.4666666666667,1
22806,AITraining,321,RegionF,RegionD,25,150,328,330.233333333333,2.23333333333333,92,14.72,7,205.466666666667,1
23087,RealTimeInference,318,RegionC,RegionA,15,20,318,323.8,5.8,7,0.56,0,40.6,1
23497,BatchInference,287,RegionB,RegionD,60,80,325,327.55,2.55,7,0.7,38,17.85,1
23830,BatchInference,330,RegionA,RegionD,65,80,330,331.55,1.55,20,2,0,31,1
23919,AITraining,321,RegionE,RegionC,70,150,322,327.633333333333,5.63333333333333,18,2.88,1,101.4,1
24053,AITraining,316,RegionA,RegionE,78,150,333,335.983333333333,2.98333333333333,95,15.2,17,283.416666666667,1
24093,BatchInference,310,RegionA,RegionA,5,80,312,314.15,2.15,16,1.6,2,0,0
24185,AITraining,311,RegionC,RegionD,58,150,320,324.75,4.75,80,12.8,9,380,1
24224,RealTimeInference,333,RegionA,RegionA,5,20,333,336.566666666667,3.56666666666667,1,0.08,0,0,0
24287,AITraining,334,RegionE,RegionC,70,150,334,335.683333333333,1.68333333333333,93,14.88,0,156.55,1
24299,AITraining,321,RegionE,RegionD,22,150,327,327.2,0.2,92,14.72,6,18.4,1
24718,AITraining,318,RegionD,RegionB,60,150,318,323.866666666667,5.86666666666667,63,10.08,0,369.6,1
24736,RealTimeInference,316,RegionA,RegionA,5,20,316,318.016666666667,2.01666666666667,7,0.56,0,0,0
24843,BatchInference,307,RegionC,RegionD,58,80,321,321.666666666667,0.666666666666667,9,0.9,14,6,1
24910,RealTimeInference,313,RegionC,RegionC,5,20,313,318.266666666667,5.26666666666667,6,0.48,0,0,0
24936,BatchInference,315,RegionD,RegionB,60,80,315,319.433333333333,4.43333333333333,5,0.5,0,22.1666666666667,1
24953,RealTimeInference,333,RegionA,RegionB,12,20,333,335.083333333333,2.08333333333333,1,0.08,0,2.08333333333333,1
25101,BatchInference,316,RegionE,RegionA,78,80,316,320.116666666667,4.11666666666667,10,1,0,41.1666666666667,1
25159,BatchInference,321,RegionD,RegionD,5,80,325,325.8,0.8,17,1.7,4,0,0
25192,AITraining,324,RegionE,RegionA,78,150,324,329.716666666667,5.71666666666667,126,20.16,0,720.3,1
25269,RealTimeInference,334,RegionB,RegionC,14,20,334,338.083333333333,4.08333333333333,7,0.56,0,28.5833333333333,1
25357,AITraining,302,RegionF,RegionD,25,150,325,325.35,0.35,56,8.96,23,19.6,1
25415,RealTimeInference,324,RegionB,RegionB,5,20,324,324.2,0.2,4,0.32,0,0,0
25434,AITraining,324,RegionE,RegionB,74,150,324,327.983333333333,3.98333333333333,29,4.64,0,115.516666666667,1
25470,AITraining,325,RegionA,RegionB,12,150,325,329.433333333333,4.43333333333333,81,12.96,0,359.1,1
25500,BatchInference,316,RegionD,RegionA,65,80,316,320.15,4.15,7,0.7,0,29.05,1
25584,AITraining,318,RegionD,RegionA,65,150,318,318.266666666667,0.266666666666667,121,19.36,0,32.2666666666667,1
25598,RealTimeInference,329,RegionB,RegionB,5,20,329,329.866666666667,0.866666666666667,3,0.24,0,0,0
25659,BatchInference,314,RegionE,RegionA,78,80,314,320.3,6.3,21,2.1,0,132.3,1
25914,RealTimeInference,318,RegionC,RegionB,14,20,318,322.2,4.2,7,0.56,0,29.4,1
25981,BatchInference,324,RegionF,RegionD,25,80,325,327.816666666667,2.81666666666667,9,0.9,1,25.35,1
25989,AITraining,316,RegionC,RegionB,14,150,316,322.216666666667,6.21666666666667,21,3.36,0,130.55,1
26042,RealTimeInference,334,RegionA,RegionC,15,20,334,338.883333333333,4.88333333333333,7,0.56,0,34.1833333333333,1
26224,RealTimeInference,314,RegionF,RegionF,5,20,314,319.95,5.95,5,0.4,0,0,0
26245,AITraining,304,RegionD,RegionC,58,150,323,328.166666666667,5.16666666666667,91,14.56,19,470.166666666667,1
26271,RealTimeInference,332,RegionA,RegionA,5,20,332,337.6,5.6,6,0.48,0,0,0
26375,AITraining,305,RegionF,RegionB,79,150,312,316.65,4.65,28,4.48,7,130.2,1
26398,AITraining,297,RegionD,RegionD,5,150,321,321.583333333333,0.583333333333333,54,8.64,24,0,0
26536,AITraining,308,RegionE,RegionB,74,150,312,313.816666666667,1.81666666666667,96,15.36,4,174.4,1
26557,BatchInference,307,RegionD,RegionB,60,80,320,324.066666666667,4.06666666666667,4,0.4,13,16.2666666666667,1
26647,RealTimeInference,325,RegionB,RegionB,5,20,325,329.483333333333,4.48333333333333,3,0.24,0,0,0
26771,BatchInference,329,RegionB,RegionD,60,80,329,331.3,2.3,12,1.2,0,27.6,1
26815,AITraining,328,RegionB,RegionD,60,150,334,334.916666666667,0.916666666666667,101,16.16,6,92.5833333333333,1
26850,AITraining,318,RegionD,RegionC,58,150,318,320.733333333333,2.73333333333333,64,10.24,0,174.933333333333,1
26919,RealTimeInference,322,RegionD,RegionD,5,20,322,326.1,4.1,7,0.56,0,0,0
26948,BatchInference,307,RegionB,RegionD,60,80,330,332.7,2.7,12,1.2,23,32.4,1
27013,RealTimeInference,331,RegionA,RegionB,12,20,331,335.883333333333,4.88333333333333,2,0.16,0,9.76666666666667,1
27086,AITraining,317,RegionD,RegionD,5,150,317,321.683333333333,4.68333333333333,90,14.4,0,0,0
27199,RealTimeInference,324,RegionB,RegionA,12,20,324,325.25,1.25,2,0.16,0,2.5,1
27389,RealTimeInference,326,RegionB,RegionB,5,20,326,329.5,3.5,7,0.56,0,0,0
27453,BatchInference,298,RegionB,RegionB,5,80,320,324.75,4.75,23,2.3,22,0,0
27661,BatchInference,330,RegionA,RegionC,15,80,335,337.783333333333,2.78333333333333,19,1.9,5,52.8833333333333,1
27675,AITraining,323,RegionD,RegionD,5,150,323,323.216666666667,0.216666666666667,102,16.32,0,0,0
27729,AITraining,314,RegionD,RegionC,58,150,332,335.833333333333,3.83333333333333,36,5.76,18,138,1
27856,AITraining,325,RegionF,RegionA,82,150,331,335.7,4.7,72,11.52,6,338.4,1
27995,RealTimeInference,329,RegionE,RegionF,18,20,329,330.4,1.4,1,0.08,0,1.4,1
28101,BatchInference,313,RegionA,RegionD,65,80,325,326.666666666667,1.66666666666667,23,2.3,12,38.3333333333333,1
28133,RealTimeInference,332,RegionF,RegionF,5,20,332,332.366666666667,0.366666666666667,5,0.4,0,0,0
28223,BatchInference,314,RegionD,RegionD,5,80,314,315.283333333333,1.28333333333333,5,0.5,0,0,0
28282,BatchInference,321,RegionD,RegionD,5,80,323,327.216666666667,4.21666666666667,23,2.3,2,0,0
28460,RealTimeInference,319,RegionC,RegionC,5,20,319,319.3,0.3,6,0.48,0,0,0
28575,AITraining,314,RegionD,RegionD,5,150,314,320.65,6.65,96,15.36,0,0,0
29109,BatchInference,322,RegionE,RegionD,22,80,325,325.883333333333,0.883333333333333,15,1.5,3,13.25,1
29118,RealTimeInference,324,RegionA,RegionB,12,20,324,325.116666666667,1.11666666666667,4,0.32,0,4.46666666666667,1
29182,RealTimeInference,329,RegionD,RegionD,5,20,329,330.016666666667,1.01666666666667,6,0.48,0,0,0
29221,AITraining,318,RegionF,RegionD,25,150,318,322.366666666667,4.36666666666667,78,12.48,0,340.6,1
29246,BatchInference,320,RegionD,RegionC,58,80,321,323.816666666667,2.81666666666667,8,0.8,1,22.5333333333333,1
29270,RealTimeInference,315,RegionA,RegionC,15,20,315,318.716666666667,3.71666666666667,3,0.24,0,11.15,1
29329,AITraining,311,RegionD,RegionD,5,150,327,327.75,0.75,107,17.12,16,0,0
29645,RealTimeInference,315,RegionB,RegionB,5,20,315,321,6,6,0.48,0,0,0
29885,RealTimeInference,319,RegionA,RegionA,5,20,319,325.4,6.4,7,0.56,0,0,0
29953,RealTimeInference,314,RegionB,RegionB,5,20,314,315.066666666667,1.06666666666667,1,0.08,0,0,0
29999,BatchInference,315,RegionC,RegionD,58,80,315,319.5,4.5,13,1.3,0,58.5,1
30101,AITraining,308,RegionA,RegionD,65,150,327,329.716666666667,2.71666666666667,72,11.52,19,195.6,1
30272,RealTimeInference,325,RegionA,RegionC,15,20,325,325.8,0.8,7,0.56,0,5.6,1
30340,BatchInference,315,RegionC,RegionD,58,80,325,325.45,0.45,12,1.2,10,5.4,1
30417,RealTimeInference,334,RegionA,RegionA,5,20,334,337.916666666667,3.91666666666667,6,0.48,0,0,0
30423,RealTimeInference,333,RegionA,RegionA,5,20,333,338.833333333333,5.83333333333333,7,0.56,0,0,0
30556,RealTimeInference,331,RegionB,RegionA,12,20,331,334.883333333333,3.88333333333333,2,0.16,0,7.76666666666667,1
30573,AITraining,319,RegionF,RegionD,25,150,323,327.666666666667,4.66666666666667,45,7.2,4,210,1
30584,AITraining,315,RegionE,RegionC,70,150,321,323.833333333333,2.83333333333333,89,14.24,6,252.166666666667,1
30620,AITraining,318,RegionC,RegionD,58,150,318,319.75,1.75,56,8.96,0,98,1
30643,RealTimeInference,314,RegionB,RegionA,12,20,314,315.7,1.7,1,0.08,0,1.7,1
30657,BatchInference,302,RegionE,RegionB,74,80,312,316.966666666667,4.96666666666667,7,0.7,10,34.7666666666667,1
30749,BatchInference,312,RegionE,RegionD,22,80,320,325.75,5.75,7,0.7,8,40.25,1
30809,RealTimeInference,313,RegionE,RegionF,18,20,313,318.483333333333,5.48333333333333,2,0.16,0,10.9666666666667,1
30820,RealTimeInference,334,RegionB,RegionA,12,20,334,338.983333333333,4.98333333333333,2,0.16,0,9.96666666666667,1
30940,RealTimeInference,319,RegionD,RegionD,5,20,319,322.65,3.65,6,0.48,0,0,0
30986,RealTimeInference,324,RegionE,RegionF,18,20,324,327.533333333333,3.53333333333333,7,0.56,0,24.7333333333333,1
31107,BatchInference,322,RegionB,RegionD,60,80,325,328.516666666667,3.51666666666667,23,2.3,3,80.8833333333333,1
31133,BatchInference,321,RegionB,RegionD,60,80,324,325.566666666667,1.56666666666667,11,1.1,3,17.2333333333333,1
31220,AITraining,329,RegionE,RegionC,70,150,329,335.383333333333,6.38333333333333,75,12,0,478.75,1
31222,RealTimeInference,318,RegionD,RegionD,5,20,318,319.933333333333,1.93333333333333,6,0.48,0,0,0
31404,RealTimeInference,317,RegionC,RegionB,14,20,317,321.2,4.2,5,0.4,0,21,1
31420,RealTimeInference,331,RegionA,RegionA,5,20,331,332.566666666667,1.56666666666667,2,0.16,0,0,0
31786,RealTimeInference,330,RegionC,RegionB,14,20,330,331.033333333333,1.03333333333333,7,0.56,0,7.23333333333333,1
31916,BatchInference,319,RegionD,RegionD,5,80,319,321.116666666667,2.11666666666667,20,2,0,0,0
31963,BatchInference,319,RegionF,RegionC,76,80,319,320.65,1.65,16,1.6,0,26.4,1
32102,AITraining,314,RegionB,RegionB,5,150,332,336.733333333333,4.73333333333333,90,14.4,18,0,0
32130,RealTimeInference,321,RegionA,RegionC,15,20,321,323.766666666667,2.76666666666667,6,0.48,0,16.6,1
32166,AITraining,320,RegionF,RegionC,76,150,321,324.45,3.45,94,15.04,1,324.3,1
32248,RealTimeInference,324,RegionA,RegionB,12,20,324,330.566666666667,6.56666666666667,7,0.56,0,45.9666666666667,1
32293,AITraining,317,RegionD,RegionD,5,150,333,333.816666666667,0.816666666666667,108,17.28,16,0,0
32366,RealTimeInference,312,RegionA,RegionC,15,20,312,317.816666666667,5.81666666666667,4,0.32,0,23.2666666666667,1
32386,AITraining,303,RegionD,RegionD,5,150,322,323.666666666667,1.66666666666667,36,5.76,19,0,0
32444,AITraining,291,RegionD,RegionB,60,150,330,333.633333333333,3.63333333333333,66,10.56,39,239.8,1
32576,RealTimeInference,334,RegionA,RegionC,15,20,334,339.316666666667,5.31666666666667,6,0.48,0,31.9,1
32601,RealTimeInference,322,RegionA,RegionC,15,20,322,327.533333333333,5.53333333333333,2,0.16,0,11.0666666666667,1
32781,AITraining,329,RegionE,RegionD,22,150,329,331.266666666667,2.26666666666667,119,19.04,0,269.733333333333,1
32792,AITraining,330,RegionD,RegionC,58,150,330,334.183333333333,4.18333333333333,34,5.44,0,142.233333333333,1
32799,AITraining,307,RegionD,RegionF,25,150,312,313.216666666667,1.21666666666667,85,13.6,5,103.416666666667,1
32825,AITraining,311,RegionD,RegionB,60,150,324,327.116666666667,3.11666666666667,28,4.48,13,87.2666666666667,1
32918,BatchInference,316,RegionC,RegionB,14,80,316,319.766666666667,3.76666666666667,17,1.7,0,64.0333333333333,1
32964,BatchInference,318,RegionC,RegionA,15,80,320,324.216666666667,4.21666666666667,16,1.6,2,67.4666666666667,1
32978,AITraining,330,RegionE,RegionA,78,150,330,331.3,1.3,46,7.36,0,59.8,1
33042,RealTimeInference,327,RegionB,RegionB,5,20,327,328.35,1.35,4,0.32,0,0,0
33048,BatchInference,320,RegionB,RegionD,60,80,327,332.733333333333,5.73333333333333,10,1,7,57.3333333333333,1
33089,RealTimeInference,327,RegionB,RegionB,5,20,327,329.55,2.55,3,0.24,0,0,0
33157,RealTimeInference,316,RegionD,RegionD,5,20,316,318.733333333333,2.73333333333333,3,0.24,0,0,0
33238,BatchInference,321,RegionB,RegionD,60,80,325,329.1,4.1,8,0.8,4,32.8,1
33398,BatchInference,309,RegionD,RegionD,5,80,330,333.216666666667,3.21666666666667,15,1.5,21,0,0
33460,RealTimeInference,333,RegionA,RegionA,5,20,333,338.45,5.45,7,0.56,0,0,0
33485,BatchInference,322,RegionF,RegionD,25,80,329,330.816666666667,1.81666666666667,7,0.7,7,12.7166666666667,1
33514,AITraining,313,RegionD,RegionD,5,150,322,325.7,3.7,70,11.2,9,0,0
33522,BatchInference,321,RegionD,RegionD,5,80,325,330.683333333333,5.68333333333333,22,2.2,4,0,0
33542,BatchInference,307,RegionD,RegionC,58,80,321,323.75,2.75,15,1.5,14,41.25,1
33649,RealTimeInference,317,RegionD,RegionD,5,20,317,323.133333333333,6.13333333333333,6,0.48,0,0,0
33669,AITraining,321,RegionF,RegionC,76,150,324,325.45,1.45,86,13.76,3,124.7,1
33807,BatchInference,334,RegionA,RegionE,78,80,334,335.833333333333,1.83333333333333,9,0.9,0,16.5,1
34028,RealTimeInference,317,RegionC,RegionC,5,20,317,319.883333333333,2.88333333333333,5,0.4,0,0,0
34065,AITraining,319,RegionD,RegionD,5,150,319,321.7,2.7,117,18.72,0,0,0
34364,BatchInference,317,RegionF,RegionD,25,80,317,320.366666666667,3.36666666666667,15,1.5,0,50.5,1
34412,RealTimeInference,335,RegionA,RegionC,15,20,335,340.55,5.55,7,0.56,0,38.85,1
34419,BatchInference,313,RegionB,RegionB,5,80,313,317.933333333333,4.93333333333333,21,2.1,0,0,0
34422,RealTimeInference,334,RegionC,RegionC,5,20,334,340.033333333333,6.03333333333333,1,0.08,0,0,0
34522,AITraining,333,RegionA,RegionD,65,150,333,335.216666666667,2.21666666666667,117,18.72,0,259.35,1
34599,RealTimeInference,323,RegionC,RegionB,14,20,323,329.6,6.6,4,0.32,0,26.4,1
34885,AITraining,327,RegionD,RegionC,58,150,333,335.366666666667,2.36666666666667,109,17.44,6,257.966666666667,1
34919,RealTimeInference,312,RegionB,RegionC,14,20,312,314.966666666667,2.96666666666667,4,0.32,0,11.8666666666667,1
34935,BatchInference,319,RegionF,RegionD,25,80,319,320.866666666667,1.86666666666667,17,1.7,0,31.7333333333333,1
34968,AITraining,332,RegionF,RegionD,25,150,332,334.366666666667,2.36666666666667,81,12.96,0,191.7,1
35028,BatchInference,299,RegionA,RegionA,5,80,322,323.25,1.25,16,1.6,23,0,0
35218,BatchInference,310,RegionA,RegionA,5,80,321,323.066666666667,2.06666666666667,11,1.1,11,0,0
35263,BatchInference,321,RegionF,RegionD,25,80,323,328.3,5.3,13,1.3,2,68.9,1
35279,RealTimeInference,324,RegionB,RegionB,5,20,324,329.983333333333,5.98333333333333,3,0.24,0,0,0
35315,RealTimeInference,334,RegionC,RegionA,15,20,334,334.75,0.75,6,0.48,0,4.5,1
35517,RealTimeInference,328,RegionC,RegionB,14,20,328,334.033333333333,6.03333333333333,1,0.08,0,6.03333333333333,1
35551,BatchInference,327,RegionE,RegionD,22,80,333,333.8,0.8,21,2.1,6,16.8,1
35599,AITraining,322,RegionD,RegionB,60,150,325,325.183333333333,0.183333333333333,31,4.96,3,5.68333333333333,1
35717,AITraining,320,RegionD,RegionC,58,150,324,326.7,2.7,43,6.88,4,116.1,1
35760,AITraining,307,RegionE,RegionA,78,150,325,326.333333333333,1.33333333333333,42,6.72,18,56,1
35991,BatchInference,329,RegionF,RegionD,25,80,329,333.15,4.15,23,2.3,0,95.45,1
36204,AITraining,312,RegionD,RegionC,58,150,312,314.366666666667,2.36666666666667,18,2.88,0,42.6,1
36294,AITraining,318,RegionC,RegionC,5,150,318,321.983333333333,3.98333333333333,56,8.96,0,0,0
36319,RealTimeInference,324,RegionE,RegionF,18,20,324,330.45,6.45,6,0.48,0,38.7,1
36343,RealTimeInference,326,RegionB,RegionA,12,20,326,330.366666666667,4.36666666666667,4,0.32,0,17.4666666666667,1
36503,RealTimeInference,323,RegionA,RegionC,15,20,323,327.516666666667,4.51666666666667,7,0.56,0,31.6166666666667,1
36511,BatchInference,297,RegionB,RegionD,60,80,322,323.116666666667,1.11666666666667,22,2.2,25,24.5666666666667,1
36577,BatchInference,323,RegionB,RegionD,60,80,323,329.483333333333,6.48333333333333,23,2.3,0,149.116666666667,1
36751,BatchInference,304,RegionE,RegionD,22,80,321,321.4,0.4,15,1.5,17,6,1
36842,AITraining,315,RegionE,RegionD,22,150,320,324.433333333333,4.43333333333333,116,18.56,5,514.266666666667,1
36888,AITraining,329,RegionE,RegionB,74,150,329,330.8,1.8,53,8.48,0,95.4,1
36905,AITraining,328,RegionD,RegionA,65,150,328,329.7,1.7,26,4.16,0,44.2,1
36950,BatchInference,321,RegionA,RegionD,65,80,325,330.916666666667,5.91666666666667,21,2.1,4,124.25,1
37047,AITraining,310,RegionF,RegionC,76,150,321,322.1,1.1,27,4.32,11,29.7,1
37103,BatchInference,315,RegionC,RegionD,58,80,315,320.733333333333,5.73333333333333,11,1.1,0,63.0666666666667,1
37229,AITraining,326,RegionE,RegionA,78,150,326,328.3,2.3,49,7.84,0,112.7,1
37458,RealTimeInference,335,RegionB,RegionC,14,20,335,338.833333333333,3.83333333333333,7,0.56,0,26.8333333333333,1
37582,RealTimeInference,330,RegionB,RegionB,5,20,330,335.25,5.25,4,0.32,0,0,0
37832,AITraining,313,RegionE,RegionD,22,150,327,331.416666666667,4.41666666666667,27,4.32,14,119.25,1
38057,AITraining,312,RegionF,RegionD,25,150,320,325.8,5.8,113,18.08,8,655.4,1
38140,BatchInference,309,RegionD,RegionD,5,80,324,327.383333333333,3.38333333333333,21,2.1,15,0,0
38193,BatchInference,300,RegionD,RegionB,60,80,320,324.2,4.2,4,0.4,20,16.8,1
38221,RealTimeInference,320,RegionD,RegionD,5,20,320,325.75,5.75,5,0.4,0,0,0
38278,RealTimeInference,325,RegionB,RegionC,14,20,325,327.383333333333,2.38333333333333,1,0.08,0,2.38333333333333,1
38485,AITraining,294,RegionD,RegionC,58,150,324,327.166666666667,3.16666666666667,71,11.36,30,224.833333333333,1
38541,BatchInference,328,RegionD,RegionD,5,80,328,333.033333333333,5.03333333333333,8,0.8,0,0,0
38543,BatchInference,323,RegionA,RegionD,65,80,330,330.966666666667,0.966666666666667,11,1.1,7,10.6333333333333,1
38704,AITraining,315,RegionE,RegionD,22,150,323,323.816666666667,0.816666666666667,77,12.32,8,62.8833333333333,1
38799,AITraining,328,RegionA,RegionD,65,150,328,330.533333333333,2.53333333333333,107,17.12,0,271.066666666667,1
38819,RealTimeInference,314,RegionA,RegionB,12,20,314,315.3,1.3,3,0.24,0,3.9,1
38826,BatchInference,306,RegionA,RegionB,12,80,312,317.916666666667,5.91666666666667,22,2.2,6,130.166666666667,1
38831,AITraining,325,RegionF,RegionC,76,150,325,329.966666666667,4.96666666666667,49,7.84,0,243.366666666667,1
38860,AITraining,326,RegionD,RegionC,58,150,326,331.216666666667,5.21666666666667,51,8.16,0,266.05,1
38882,RealTimeInference,319,RegionC,RegionB,14,20,319,322.4,3.4,6,0.48,0,20.4,1
39060,RealTimeInference,325,RegionC,RegionC,5,20,325,327.95,2.95,1,0.08,0,0,0
39285,RealTimeInference,320,RegionA,RegionA,5,20,320,321.333333333333,1.33333333333333,4,0.32,0,0,0
39527,BatchInference,307,RegionA,RegionD,65,80,330,332.616666666667,2.61666666666667,13,1.3,23,34.0166666666667,1
39686,BatchInference,332,RegionB,RegionD,60,80,332,334.1,2.1,13,1.3,0,27.3,1
39687,RealTimeInference,322,RegionB,RegionC,14,20,322,326.8,4.8,5,0.4,0,24,1
39710,AITraining,314,RegionF,RegionD,25,150,327,329.75,2.75,116,18.56,13,319,1
39906,AITraining,312,RegionF,RegionC,76,150,330,333.883333333333,3.88333333333333,77,12.32,18,299.016666666667,1
39975,AITraining,331,RegionD,RegionC,58,150,331,334.25,3.25,120,19.2,0,390,1
40116,RealTimeInference,313,RegionC,RegionC,5,20,313,317.233333333333,4.23333333333333,2,0.16,0,0,0
40141,BatchInference,308,RegionD,RegionD,5,80,330,333.233333333333,3.23333333333333,14,1.4,22,0,0
40521,RealTimeInference,324,RegionB,RegionC,14,20,324,327.083333333333,3.08333333333333,2,0.16,0,6.16666666666667,1
40544,RealTimeInference,322,RegionA,RegionB,12,20,322,322.783333333333,0.783333333333333,3,0.24,0,2.35,1
40637,AITraining,298,RegionD,RegionD,5,150,322,323.816666666667,1.81666666666667,74,11.84,24,0,0
40674,AITraining,329,RegionF,RegionA,82,150,335,337.716666666667,2.71666666666667,29,4.64,6,78.7833333333333,1
40775,RealTimeInference,319,RegionA,RegionB,12,20,319,322.333333333333,3.33333333333333,2,0.16,0,6.66666666666667,1
40813,RealTimeInference,334,RegionA,RegionB,12,20,334,335.8,1.8,6,0.48,0,10.8,1
41218,RealTimeInference,324,RegionC,RegionB,14,20,324,324.483333333333,0.483333333333333,3,0.24,0,1.45,1
41234,BatchInference,313,RegionB,RegionA,12,80,322,322.666666666667,0.666666666666667,21,2.1,9,14,1
41239,RealTimeInference,314,RegionA,RegionB,12,20,314,318.066666666667,4.06666666666667,4,0.32,0,16.2666666666667,1
41321,BatchInference,294,RegionC,RegionD,58,80,324,325.75,1.75,23,2.3,30,40.25,1
41477,BatchInference,318,RegionB,RegionC,14,80,326,326.95,0.95,5,0.5,8,4.75,1
41515,AITraining,325,RegionB,RegionC,14,150,331,332.333333333333,1.33333333333333,33,5.28,6,44,1
41581,RealTimeInference,330,RegionA,RegionB,12,20,330,334.4,4.4,6,0.48,0,26.4,1
41706,AITraining,315,RegionD,RegionD,5,150,323,323.216666666667,0.216666666666667,84,13.44,8,0,0
41786,RealTimeInference,318,RegionB,RegionA,12,20,318,322.016666666667,4.01666666666667,6,0.48,0,24.1,1
41893,BatchInference,327,RegionD,RegionD,5,80,327,332.366666666667,5.36666666666667,5,0.5,0,0,0
41915,BatchInference,297,RegionA,RegionE,78,80,312,313.75,1.75,4,0.4,15,7,1
41956,RealTimeInference,332,RegionA,RegionA,5,20,332,332.6,0.6,4,0.32,0,0,0
41959,AITraining,322,RegionF,RegionC,76,150,329,335.416666666667,6.41666666666667,71,11.36,7,455.583333333333,1
41974,BatchInference,320,RegionA,RegionD,65,80,320,322.85,2.85,21,2.1,0,59.85,1
42053,RealTimeInference,335,RegionA,RegionC,15,20,335,336.933333333333,1.93333333333333,4,0.32,0,7.73333333333333,1
42072,BatchInference,309,RegionF,RegionE,18,80,312,313.25,1.25,20,2,3,25,1
42081,AITraining,316,RegionD,RegionD,5,150,316,320.35,4.35,81,12.96,0,0,0
42297,AITraining,326,RegionD,RegionD,5,150,327,330.633333333333,3.63333333333333,109,17.44,1,0,0
42483,BatchInference,324,RegionD,RegionB,60,80,324,324.566666666667,0.566666666666667,5,0.5,0,2.83333333333333,1
42486,AITraining,315,RegionC,RegionD,58,150,315,315.183333333333,0.183333333333333,108,17.28,0,19.8,1
42546,BatchInference,318,RegionB,RegionD,60,80,318,322.266666666667,4.26666666666667,15,1.5,0,64,1
42910,BatchInference,308,RegionE,RegionD,22,80,330,333.816666666667,3.81666666666667,21,2.1,22,80.15,1
43087,BatchInference,324,RegionD,RegionD,5,80,325,331.166666666667,6.16666666666667,6,0.6,1,0,0
43198,RealTimeInference,329,RegionC,RegionB,14,20,329,333.466666666667,4.46666666666667,1,0.08,0,4.46666666666667,1
43371,BatchInference,320,RegionA,RegionA,5,80,320,320.233333333333,0.233333333333333,8,0.8,0,0,0
43546,BatchInference,308,RegionD,RegionD,5,80,330,332.466666666667,2.46666666666667,13,1.3,22,0,0
43572,AITraining,313,RegionE,RegionD,22,150,320,325.683333333333,5.68333333333333,99,15.84,7,562.65,1
43852,BatchInference,297,RegionB,RegionD,60,80,320,324.583333333333,4.58333333333333,17,1.7,23,77.9166666666667,1
43971,RealTimeInference,334,RegionB,RegionC,14,20,334,337.55,3.55,2,0.16,0,7.1,1
44012,BatchInference,329,RegionE,RegionF,18,80,335,335.8,0.8,16,1.6,6,12.8,1
44061,AITraining,301,RegionD,RegionD,5,150,322,323.983333333333,1.98333333333333,93,14.88,21,0,0
44264,BatchInference,301,RegionA,RegionD,65,80,330,333.4,3.4,15,1.5,29,51,1
44275,RealTimeInference,317,RegionC,RegionB,14,20,317,323.016666666667,6.01666666666667,2,0.16,0,12.0333333333333,1
44291,RealTimeInference,329,RegionA,RegionB,12,20,329,334.6,5.6,3,0.24,0,16.8,1
44352,BatchInference,304,RegionD,RegionD,5,80,320,325.6,5.6,23,2.3,16,0,0
44364,AITraining,326,RegionD,RegionB,60,150,326,327.483333333333,1.48333333333333,125,20,0,185.416666666667,1
44545,AITraining,314,RegionA,RegionD,65,150,314,316.616666666667,2.61666666666667,110,17.6,0,287.833333333333,1
44701,RealTimeInference,326,RegionC,RegionC,5,20,326,326.883333333333,0.883333333333333,2,0.16,0,0,0
44702,AITraining,323,RegionF,RegionB,79,150,330,336.433333333333,6.43333333333333,56,8.96,7,360.266666666667,1
44940,RealTimeInference,328,RegionA,RegionA,5,20,328,332.566666666667,4.56666666666667,3,0.24,0,0,0
45054,RealTimeInference,327,RegionB,RegionA,12,20,327,332.633333333333,5.63333333333333,2,0.16,0,11.2666666666667,1
45211,AITraining,334,RegionE,RegionB,74,150,334,334.4,0.4,109,17.44,0,43.6,1
45455,AITraining,327,RegionE,RegionA,78,150,333,338.65,5.65,121,19.36,6,683.65,1
45601,RealTimeInference,316,RegionF,RegionF,5,20,316,321.25,5.25,5,0.4,0,0,0
45637,AITraining,327,RegionD,RegionD,5,150,327,327.733333333333,0.733333333333333,93,14.88,0,0,0
45749,AITraining,317,RegionE,RegionD,22,150,317,321.85,4.85,66,10.56,0,320.1,1
45762,RealTimeInference,327,RegionB,RegionA,12,20,327,331.466666666667,4.46666666666667,3,0.24,0,13.4,1
45836,AITraining,311,RegionF,RegionB,79,150,325,326.183333333333,1.18333333333333,17,2.72,14,20.1166666666667,1
45942,BatchInference,311,RegionF,RegionD,25,80,321,324.7,3.7,5,0.5,10,18.5,1
46118,BatchInference,301,RegionE,RegionB,74,80,320,324.733333333333,4.73333333333333,5,0.5,19,23.6666666666667,1
46356,BatchInference,309,RegionA,RegionB,12,80,312,317.3,5.3,15,1.5,3,79.5,1
46723,RealTimeInference,331,RegionA,RegionB,12,20,331,332.9,1.9,1,0.08,0,1.9,1
46779,BatchInference,324,RegionD,RegionD,5,80,324,324.75,0.75,12,1.2,0,0,0
46841,AITraining,321,RegionA,RegionB,12,150,323,327.516666666667,4.51666666666667,29,4.64,2,130.983333333333,1
47081,RealTimeInference,329,RegionB,RegionA,12,20,329,332.1,3.1,1,0.08,0,3.1,1
47103,RealTimeInference,328,RegionF,RegionF,5,20,328,333.716666666667,5.71666666666667,2,0.16,0,0,0
47263,AITraining,302,RegionD,RegionD,5,150,324,325.75,1.75,120,19.2,22,0,0
47363,BatchInference,306,RegionD,RegionC,58,80,312,316.683333333333,4.68333333333333,7,0.7,6,32.7833333333333,1
47431,AITraining,329,RegionF,RegionA,82,150,329,335.416666666667,6.41666666666667,98,15.68,0,628.833333333333,1
47732,BatchInference,311,RegionE,RegionD,22,80,321,321.366666666667,0.366666666666667,18,1.8,10,6.6,1
47737,RealTimeInference,321,RegionB,RegionA,12,20,321,323.9,2.9,5,0.4,0,14.5,1
47884,BatchInference,328,RegionA,RegionD,65,80,328,333.583333333333,5.58333333333333,8,0.8,0,44.6666666666667,1
48090,AITraining,329,RegionD,RegionD,5,150,329,329.583333333333,0.583333333333333,106,16.96,0,0,0
48179,AITraining,327,RegionA,RegionC,15,150,327,329.6,2.6,107,17.12,0,278.2,1
48342,BatchInference,305,RegionE,RegionD,22,80,324,326.666666666667,2.66666666666667,15,1.5,19,40,1
48343,AITraining,312,RegionA,RegionC,15,150,312,315.75,3.75,20,3.2,0,75,1
48367,BatchInference,321,RegionD,RegionD,5,80,324,326.533333333333,2.53333333333333,5,0.5,3,0,0
48386,RealTimeInference,324,RegionB,RegionC,14,20,324,325.633333333333,1.63333333333333,2,0.16,0,3.26666666666667,1
48428,BatchInference,324,RegionF,RegionD,25,80,325,330.6,5.6,12,1.2,1,67.2,1
48470,AITraining,311,RegionD,RegionA,65,150,327,333,6,67,10.72,16,402,1
48540,BatchInference,314,RegionA,RegionB,12,80,314,319.066666666667,5.06666666666667,16,1.6,0,81.0666666666667,1
48570,RealTimeInference,331,RegionB,RegionA,12,20,331,336.583333333333,5.58333333333333,7,0.56,0,39.0833333333333,1
48670,BatchInference,316,RegionE,RegionA,78,80,316,321.75,5.75,17,1.7,0,97.75,1
48690,AITraining,312,RegionF,RegionD,25,150,324,326.15,2.15,98,15.68,12,210.7,1
48701,AITraining,330,RegionE,RegionA,78,150,335,335.816666666667,0.816666666666667,73,11.68,5,59.6166666666667,1
48712,RealTimeInference,329,RegionA,RegionA,5,20,329,332.45,3.45,4,0.32,0,0,0
49136,AITraining,325,RegionF,RegionC,76,150,325,326.5,1.5,49,7.84,0,73.5,1
49142,AITraining,329,RegionF,RegionB,79,150,329,329.516666666667,0.516666666666667,113,18.08,0,58.3833333333333,1
49252,BatchInference,308,RegionD,RegionD,5,80,321,321.366666666667,0.366666666666667,18,1.8,13,0,0
49310,AITraining,325,RegionD,RegionD,5,150,325,325.966666666667,0.966666666666667,84,13.44,0,0,0
49406,AITraining,325,RegionB,RegionB,5,150,325,331.416666666667,6.41666666666667,28,4.48,0,0,0
49592,RealTimeInference,324,RegionB,RegionC,14,20,324,326.433333333333,2.43333333333333,5,0.4,0,12.1666666666667,1
49782,BatchInference,328,RegionB,RegionD,60,80,328,333.616666666667,5.61666666666667,14,1.4,0,78.6333333333333,1
49786,RealTimeInference,317,RegionF,RegionF,5,20,317,322.016666666667,5.01666666666667,4,0.32,0,0,0
49851,AITraining,320,RegionF,RegionA,82,150,320,325.283333333333,5.28333333333333,35,5.6,0,184.916666666667,1
49991,RealTimeInference,315,RegionA,RegionB,12,20,315,317.716666666667,2.71666666666667,2,0.16,0,5.43333333333333,1
49992,AITraining,327,RegionD,RegionD,5,150,333,334.766666666667,1.76666666666667,17,2.72,6,0,0
25,BatchInference,322,RegionF,RegionF,5,80,348,348.983333333333,0.983333333333333,20,2,26,0,0
31,BatchInference,326,RegionE,RegionE,5,80,347,350.733333333333,3.73333333333333,19,1.9,21,0,0
164,AITraining,335,RegionC,RegionC,5,150,345,345.166666666667,0.166666666666667,73,11.68,10,0,0
269,AITraining,347,RegionC,RegionC,5,150,347,350.766666666667,3.76666666666667,100,16,0,0,0
477,BatchInference,329,RegionE,RegionE,5,80,345,347.133333333333,2.13333333333333,5,0.5,16,0,0
755,AITraining,347,RegionD,RegionD,5,150,354,358.966666666667,4.96666666666667,104,16.64,7,0,0
836,AITraining,345,RegionE,RegionE,5,150,345,348.733333333333,3.73333333333333,101,16.16,0,0,0
852,BatchInference,333,RegionA,RegionA,5,80,345,348.916666666667,3.91666666666667,15,1.5,12,0,0
856,RealTimeInference,347,RegionB,RegionB,5,20,347,352.666666666667,5.66666666666667,3,0.24,0,0,0
904,BatchInference,334,RegionF,RegionF,5,80,348,349.233333333333,1.23333333333333,10,1,14,0,0
970,BatchInference,338,RegionF,RegionF,5,80,347,349.416666666667,2.41666666666667,8,0.8,9,0,0
1443,AITraining,321,RegionC,RegionC,5,150,336,340.266666666667,4.26666666666667,81,12.96,15,0,0
1468,RealTimeInference,357,RegionD,RegionD,5,20,357,359.716666666667,2.71666666666667,1,0.08,0,0,0
1530,AITraining,348,RegionD,RegionD,5,150,348,353.766666666667,5.76666666666667,79,12.64,0,0,0
1590,AITraining,347,RegionE,RegionE,5,150,349,353.783333333333,4.78333333333333,36,5.76,2,0,0
1687,BatchInference,337,RegionB,RegionB,5,80,348,349.583333333333,1.58333333333333,4,0.4,11,0,0
1716,RealTimeInference,355,RegionC,RegionC,5,20,355,358.35,3.35,5,0.4,0,0,0
1722,AITraining,345,RegionE,RegionE,5,150,349,354.683333333333,5.68333333333333,101,16.16,4,0,0
1752,BatchInference,342,RegionB,RegionB,5,80,342,342.6,0.6,9,0.9,0,0,0
1871,BatchInference,344,RegionB,RegionB,5,80,344,344.9,0.9,7,0.7,0,0,0
1892,RealTimeInference,359,RegionB,RegionB,5,20,359,359.883333333333,0.883333333333333,7,0.56,0,0,0
1938,BatchInference,297,RegionD,RegionD,5,80,345,348.716666666667,3.71666666666667,20,2,48,0,0
2460,RealTimeInference,358,RegionA,RegionA,5,20,358,361.216666666667,3.21666666666667,2,0.16,0,0,0
2691,RealTimeInference,355,RegionB,RegionB,5,20,355,356.2,1.2,2,0.16,0,0,0
3099,RealTimeInference,351,RegionB,RegionB,5,20,351,355.4,4.4,5,0.4,0,0,0
3180,BatchInference,325,RegionF,RegionF,5,80,348,353.25,5.25,23,2.3,23,0,0
3392,RealTimeInference,352,RegionA,RegionA,5,20,352,354.7,2.7,1,0.08,0,0,0
3480,RealTimeInference,346,RegionB,RegionB,5,20,346,351.616666666667,5.61666666666667,6,0.48,0,0,0
3539,BatchInference,345,RegionD,RegionD,5,80,347,352.133333333333,5.13333333333333,14,1.4,2,0,0
3755,RealTimeInference,354,RegionB,RegionB,5,20,354,356.033333333333,2.03333333333333,2,0.16,0,0,0
3773,RealTimeInference,340,RegionA,RegionA,5,20,340,344.566666666667,4.56666666666667,5,0.4,0,0,0
3795,AITraining,331,RegionE,RegionE,5,150,345,345.183333333333,0.183333333333333,122,19.52,14,0,0
3914,RealTimeInference,352,RegionC,RegionC,5,20,352,354.6,2.6,7,0.56,0,0,0
4050,AITraining,348,RegionE,RegionE,5,150,348,349.583333333333,1.58333333333333,98,15.68,0,0,0
4451,RealTimeInference,352,RegionC,RegionC,5,20,352,357.966666666667,5.96666666666667,4,0.32,0,0,0
4535,RealTimeInference,349,RegionB,RegionB,5,20,349,351.1,2.1,2,0.16,0,0,0
4548,RealTimeInference,347,RegionB,RegionB,5,20,347,349,2,5,0.4,0,0,0
4603,BatchInference,335,RegionE,RegionE,5,80,345,345.916666666667,0.916666666666667,15,1.5,10,0,0
4940,RealTimeInference,344,RegionA,RegionA,5,20,344,350.25,6.25,1,0.08,0,0,0
4954,BatchInference,337,RegionB,RegionB,5,80,348,352.966666666667,4.96666666666667,14,1.4,11,0,0
5073,RealTimeInference,338,RegionB,RegionB,5,20,338,340.1,2.1,2,0.16,0,0,0
5192,BatchInference,340,RegionD,RegionD,5,80,346,346.766666666667,0.766666666666667,7,0.7,6,0,0
5306,BatchInference,333,RegionA,RegionA,5,80,348,353.85,5.85,16,1.6,15,0,0
5576,RealTimeInference,347,RegionA,RegionA,5,20,347,347.316666666667,0.316666666666667,4,0.32,0,0,0
5614,BatchInference,338,RegionF,RegionF,5,80,348,353.183333333333,5.18333333333333,10,1,10,0,0
5763,AITraining,348,RegionE,RegionE,5,150,348,351.55,3.55,124,19.84,0,0,0
5823,BatchInference,342,RegionE,RegionE,5,80,342,347.816666666667,5.81666666666667,18,1.8,0,0,0
5952,BatchInference,341,RegionC,RegionC,5,80,346,352.383333333333,6.38333333333333,5,0.5,5,0,0
5993,BatchInference,334,RegionE,RegionE,5,80,347,352.533333333333,5.53333333333333,17,1.7,13,0,0
6104,BatchInference,339,RegionD,RegionD,5,80,339,342.166666666667,3.16666666666667,5,0.5,0,0,0
6138,RealTimeInference,341,RegionC,RegionC,5,20,341,347.033333333333,6.03333333333333,3,0.24,0,0,0
6245,AITraining,339,RegionD,RegionD,5,150,339,339.4,0.4,26,4.16,0,0,0
6276,AITraining,344,RegionF,RegionF,5,150,351,356.533333333333,5.53333333333333,126,20.16,7,0,0
6389,RealTimeInference,352,RegionA,RegionA,5,20,352,353.7,1.7,3,0.24,0,0,0
6407,BatchInference,350,RegionE,RegionE,5,80,350,352.6,2.6,21,2.1,0,0,0
6536,RealTimeInference,352,RegionB,RegionB,5,20,352,354.5,2.5,5,0.4,0,0,0
6584,BatchInference,330,RegionE,RegionE,5,80,345,346.75,1.75,5,0.5,15,0,0
6648,BatchInference,346,RegionD,RegionD,5,80,353,358.8,5.8,23,2.3,7,0,0
6758,BatchInference,326,RegionB,RegionB,5,80,348,352.3,4.3,4,0.4,22,0,0
6975,AITraining,342,RegionD,RegionD,5,150,349,354.233333333333,5.23333333333333,42,6.72,7,0,0
6997,AITraining,333,RegionF,RegionF,5,150,346,347.25,1.25,91,14.56,13,0,0
7112,RealTimeInference,339,RegionA,RegionA,5,20,339,339.4,0.4,6,0.48,0,0,0
7138,AITraining,352,RegionD,RegionD,5,150,352,357.45,5.45,43,6.88,0,0,0
7142,AITraining,353,RegionF,RegionF,5,150,353,358.733333333333,5.73333333333333,46,7.36,0,0,0
7147,BatchInference,332,RegionD,RegionD,5,80,345,348.716666666667,3.71666666666667,18,1.8,13,0,0
7720,RealTimeInference,345,RegionA,RegionA,5,20,345,349.566666666667,4.56666666666667,5,0.4,0,0,0
7770,RealTimeInference,336,RegionC,RegionC,5,20,336,338.266666666667,2.26666666666667,4,0.32,0,0,0
8039,BatchInference,334,RegionD,RegionD,5,80,346,347.466666666667,1.46666666666667,13,1.3,12,0,0
8094,BatchInference,337,RegionA,RegionA,5,80,345,347.916666666667,2.91666666666667,14,1.4,8,0,0
8162,RealTimeInference,342,RegionB,RegionB,5,20,342,346.833333333333,4.83333333333333,5,0.4,0,0,0
8265,RealTimeInference,351,RegionA,RegionA,5,20,351,354.133333333333,3.13333333333333,5,0.4,0,0,0
8306,BatchInference,340,RegionB,RegionB,5,80,348,350.383333333333,2.38333333333333,7,0.7,8,0,0
8339,BatchInference,341,RegionC,RegionC,5,80,348,348.25,0.25,23,2.3,7,0,0
8340,BatchInference,347,RegionD,RegionD,5,80,347,352.033333333333,5.03333333333333,20,2,0,0,0
8348,RealTimeInference,357,RegionC,RegionC,5,20,357,359.3,2.3,7,0.56,0,0,0
8563,AITraining,330,RegionE,RegionE,5,150,345,345.516666666667,0.516666666666667,92,14.72,15,0,0
8662,BatchInference,354,RegionD,RegionD,5,80,354,356.65,2.65,9,0.9,0,0,0
8727,RealTimeInference,339,RegionB,RegionB,5,20,339,342.016666666667,3.01666666666667,4,0.32,0,0,0
8834,AITraining,347,RegionF,RegionF,5,150,349,353.8,4.8,29,4.64,2,0,0
9154,RealTimeInference,337,RegionC,RegionC,5,20,337,339.366666666667,2.36666666666667,4,0.32,0,0,0
9563,RealTimeInference,347,RegionA,RegionA,5,20,347,348.55,1.55,4,0.32,0,0,0
9622,RealTimeInference,338,RegionF,RegionF,5,20,338,341.083333333333,3.08333333333333,1,0.08,0,0,0
9633,RealTimeInference,348,RegionC,RegionC,5,20,348,353.8,5.8,5,0.4,0,0,0
9699,BatchInference,336,RegionD,RegionD,5,80,348,349.016666666667,1.01666666666667,21,2.1,12,0,0
10063,AITraining,344,RegionD,RegionD,5,150,345,347.166666666667,2.16666666666667,90,14.4,1,0,0
10341,BatchInference,335,RegionD,RegionD,5,80,345,349.466666666667,4.46666666666667,10,1,10,0,0
10418,BatchInference,306,RegionB,RegionB,5,80,347,351.7,4.7,20,2,41,0,0
10473,BatchInference,345,RegionD,RegionD,5,80,345,349.033333333333,4.03333333333333,23,2.3,0,0,0
10479,BatchInference,326,RegionD,RegionD,5,80,344,348.55,4.55,10,1,18,0,0
10599,RealTimeInference,344,RegionE,RegionE,5,20,344,350.383333333333,6.38333333333333,6,0.48,0,0,0
10927,AITraining,342,RegionF,RegionF,5,150,342,347.8,5.8,91,14.56,0,0,0
10934,AITraining,348,RegionA,RegionA,5,150,348,351.2,3.2,56,8.96,0,0,0
11095,AITraining,338,RegionE,RegionE,5,150,349,353.666666666667,4.66666666666667,62,9.92,11,0,0
11156,RealTimeInference,338,RegionC,RegionC,5,20,338,338.55,0.55,5,0.4,0,0,0
11259,RealTimeInference,359,RegionB,RegionB,5,20,359,365.616666666667,6.61666666666667,1,0.08,0,0,0
11379,RealTimeInference,344,RegionC,RegionC,5,20,344,344.45,0.45,6,0.48,0,0,0
11633,BatchInference,354,RegionD,RegionD,5,80,354,358.233333333333,4.23333333333333,23,2.3,0,0,0
11810,RealTimeInference,346,RegionB,RegionB,5,20,346,349.483333333333,3.48333333333333,3,0.24,0,0,0
11920,RealTimeInference,352,RegionA,RegionA,5,20,352,356.45,4.45,7,0.56,0,0,0
11984,AITraining,342,RegionB,RegionB,5,150,342,345.933333333333,3.93333333333333,65,10.4,0,0,0
12013,RealTimeInference,342,RegionB,RegionB,5,20,342,347.466666666667,5.46666666666667,7,0.56,0,0,0
12100,BatchInference,341,RegionE,RegionE,5,80,348,348.383333333333,0.383333333333333,11,1.1,7,0,0
12300,BatchInference,344,RegionB,RegionB,5,80,347,352.15,5.15,9,0.9,3,0,0
12328,BatchInference,340,RegionC,RegionC,5,80,348,351.233333333333,3.23333333333333,19,1.9,8,0,0
12412,RealTimeInference,339,RegionA,RegionA,5,20,339,344.566666666667,5.56666666666667,1,0.08,0,0,0
12498,AITraining,336,RegionD,RegionD,5,150,349,355.3,6.3,81,12.96,13,0,0
12572,RealTimeInference,348,RegionC,RegionC,5,20,348,351.133333333333,3.13333333333333,7,0.56,0,0,0
12709,RealTimeInference,351,RegionB,RegionB,5,20,351,354.95,3.95,1,0.08,0,0,0
12772,BatchInference,337,RegionB,RegionB,5,80,346,348.716666666667,2.71666666666667,21,2.1,9,0,0
12818,BatchInference,357,RegionB,RegionB,5,80,357,360.616666666667,3.61666666666667,12,1.2,0,0,0
12835,RealTimeInference,349,RegionC,RegionC,5,20,349,351.6,2.6,2,0.16,0,0,0
12866,BatchInference,340,RegionC,RegionC,5,80,340,345.533333333333,5.53333333333333,19,1.9,0,0,0
12912,AITraining,328,RegionE,RegionE,5,150,349,354.883333333333,5.88333333333333,36,5.76,21,0,0
13136,AITraining,343,RegionE,RegionE,5,150,343,348.283333333333,5.28333333333333,120,19.2,0,0,0
13414,RealTimeInference,345,RegionA,RegionA,5,20,345,350.55,5.55,5,0.4,0,0,0
13421,RealTimeInference,355,RegionA,RegionA,5,20,355,355.883333333333,0.883333333333333,3,0.24,0,0,0
13469,RealTimeInference,354,RegionB,RegionB,5,20,354,359.483333333333,5.48333333333333,7,0.56,0,0,0
13589,AITraining,328,RegionF,RegionF,5,150,348,350.916666666667,2.91666666666667,83,13.28,20,0,0
13769,AITraining,346,RegionD,RegionD,5,150,353,359.333333333333,6.33333333333333,42,6.72,7,0,0
14065,AITraining,327,RegionD,RegionD,5,150,345,346.733333333333,1.73333333333333,65,10.4,18,0,0
14550,BatchInference,337,RegionB,RegionB,5,80,348,350.933333333333,2.93333333333333,21,2.1,11,0,0
14645,BatchInference,342,RegionE,RegionE,5,80,342,347.433333333333,5.43333333333333,10,1,0,0,0
14888,AITraining,340,RegionF,RegionF,5,150,340,344.15,4.15,24,3.84,0,0,0
14980,AITraining,353,RegionF,RegionF,5,150,353,356.2,3.2,39,6.24,0,0,0
15055,RealTimeInference,348,RegionA,RegionA,5,20,348,354.516666666667,6.51666666666667,3,0.24,0,0,0
15094,RealTimeInference,339,RegionA,RegionA,5,20,339,344.466666666667,5.46666666666667,7,0.56,0,0,0
15142,RealTimeInference,338,RegionB,RegionB,5,20,338,338.616666666667,0.616666666666667,5,0.4,0,0,0
15250,RealTimeInference,340,RegionF,RegionF,5,20,340,343.3,3.3,5,0.4,0,0,0
15368,BatchInference,351,RegionF,RegionF,5,80,351,353.933333333333,2.93333333333333,17,1.7,0,0,0
15620,AITraining,337,RegionD,RegionD,5,150,349,354.483333333333,5.48333333333333,126,20.16,12,0,0
15657,RealTimeInference,359,RegionA,RegionA,5,20,359,365.433333333333,6.43333333333333,1,0.08,0,0,0
15857,RealTimeInference,355,RegionB,RegionB,5,20,355,355.833333333333,0.833333333333333,1,0.08,0,0,0
15870,RealTimeInference,343,RegionB,RegionB,5,20,343,347.966666666667,4.96666666666667,7,0.56,0,0,0
15909,RealTimeInference,348,RegionB,RegionB,5,20,348,354.65,6.65,3,0.24,0,0,0
15914,RealTimeInference,346,RegionA,RegionA,5,20,346,351.216666666667,5.21666666666667,7,0.56,0,0,0
15929,AITraining,341,RegionD,RegionD,5,150,341,343.116666666667,2.11666666666667,83,13.28,0,0,0
15947,BatchInference,331,RegionB,RegionB,5,80,348,350.116666666667,2.11666666666667,9,0.9,17,0,0
16023,BatchInference,331,RegionE,RegionE,5,80,345,346.283333333333,1.28333333333333,17,1.7,14,0,0
16107,RealTimeInference,358,RegionB,RegionB,5,20,358,364,6,7,0.56,0,0,0
16152,BatchInference,314,RegionC,RegionC,5,80,348,349.016666666667,1.01666666666667,8,0.8,34,0,0
16346,RealTimeInference,348,RegionA,RegionA,5,20,348,350.566666666667,2.56666666666667,6,0.48,0,0,0
16402,AITraining,346,RegionE,RegionE,5,150,346,347.833333333333,1.83333333333333,74,11.84,0,0,0
16558,BatchInference,336,RegionB,RegionB,5,80,348,349.65,1.65,7,0.7,12,0,0
16609,RealTimeInference,356,RegionA,RegionA,5,20,356,362.466666666667,6.46666666666667,7,0.56,0,0,0
16612,RealTimeInference,343,RegionB,RegionB,5,20,343,344.35,1.35,2,0.16,0,0,0
16637,BatchInference,336,RegionC,RegionC,5,80,348,350.283333333333,2.28333333333333,7,0.7,12,0,0
16651,RealTimeInference,342,RegionB,RegionB,5,20,342,345.05,3.05,1,0.08,0,0,0
16862,RealTimeInference,350,RegionC,RegionC,5,20,350,352.75,2.75,2,0.16,0,0,0
17051,BatchInference,338,RegionC,RegionC,5,80,348,351,3,19,1.9,10,0,0
17124,RealTimeInference,341,RegionC,RegionC,5,20,341,346.533333333333,5.53333333333333,1,0.08,0,0,0
17164,RealTimeInference,338,RegionC,RegionC,5,20,338,338.316666666667,0.316666666666667,1,0.08,0,0,0
17178,RealTimeInference,355,RegionD,RegionD,5,20,355,359.8,4.8,7,0.56,0,0,0
17187,BatchInference,333,RegionB,RegionB,5,80,348,352.716666666667,4.71666666666667,10,1,15,0,0
17276,RealTimeInference,349,RegionC,RegionC,5,20,349,354.166666666667,5.16666666666667,6,0.48,0,0,0
17482,RealTimeInference,346,RegionA,RegionA,5,20,346,351.2,5.2,1,0.08,0,0,0
17509,BatchInference,337,RegionB,RegionB,5,80,348,348.333333333333,0.333333333333333,16,1.6,11,0,0
17680,BatchInference,325,RegionC,RegionC,5,80,336,342.366666666667,6.36666666666667,12,1.2,11,0,0
17690,RealTimeInference,344,RegionE,RegionE,5,20,344,347.283333333333,3.28333333333333,7,0.56,0,0,0
17741,AITraining,325,RegionE,RegionE,5,150,346,346.9,0.9,17,2.72,21,0,0
17789,BatchInference,339,RegionA,RegionA,5,80,348,352.366666666667,4.36666666666667,21,2.1,9,0,0
17882,RealTimeInference,358,RegionA,RegionA,5,20,358,359.9,1.9,2,0.16,0,0,0
18378,RealTimeInference,356,RegionC,RegionC,5,20,356,356.816666666667,0.816666666666667,5,0.4,0,0,0
18557,RealTimeInference,347,RegionA,RegionA,5,20,347,347.5,0.5,6,0.48,0,0,0
18581,BatchInference,340,RegionE,RegionE,5,80,348,351.75,3.75,10,1,8,0,0
18915,AITraining,339,RegionE,RegionE,5,150,344,349.983333333333,5.98333333333333,53,8.48,5,0,0
18967,RealTimeInference,353,RegionB,RegionB,5,20,353,359.5,6.5,7,0.56,0,0,0
18984,RealTimeInference,353,RegionA,RegionA,5,20,353,356.05,3.05,1,0.08,0,0,0
18986,AITraining,342,RegionE,RegionE,5,150,349,353.133333333333,4.13333333333333,99,15.84,7,0,0
19123,BatchInference,325,RegionC,RegionC,5,80,348,350.033333333333,2.03333333333333,16,1.6,23,0,0
19156,RealTimeInference,353,RegionB,RegionB,5,20,353,358.516666666667,5.51666666666667,4,0.32,0,0,0
19198,RealTimeInference,346,RegionC,RegionC,5,20,346,349.35,3.35,7,0.56,0,0,0
19249,RealTimeInference,339,RegionB,RegionB,5,20,339,340.183333333333,1.18333333333333,1,0.08,0,0,0
19400,AITraining,337,RegionE,RegionE,5,150,344,348.916666666667,4.91666666666667,46,7.36,7,0,0
19586,BatchInference,332,RegionA,RegionA,5,80,346,346.633333333333,0.633333333333333,18,1.8,14,0,0
19754,BatchInference,347,RegionD,RegionD,5,80,347,349.85,2.85,9,0.9,0,0,0
19773,RealTimeInference,355,RegionB,RegionB,5,20,355,357.766666666667,2.76666666666667,3,0.24,0,0,0
19801,RealTimeInference,348,RegionC,RegionC,5,20,348,348.65,0.65,1,0.08,0,0,0
19876,AITraining,336,RegionD,RegionD,5,150,346,352.383333333333,6.38333333333333,57,9.12,10,0,0
19982,RealTimeInference,340,RegionB,RegionB,5,20,340,344.983333333333,4.98333333333333,4,0.32,0,0,0
20182,BatchInference,348,RegionE,RegionE,5,80,348,352.15,4.15,15,1.5,0,0,0
20228,AITraining,338,RegionF,RegionF,5,150,347,349.6,2.6,77,12.32,9,0,0
20299,AITraining,324,RegionE,RegionE,5,150,349,354.416666666667,5.41666666666667,26,4.16,25,0,0
20534,BatchInference,339,RegionC,RegionC,5,80,345,348.766666666667,3.76666666666667,12,1.2,6,0,0
20594,RealTimeInference,356,RegionC,RegionC,5,20,356,357.883333333333,1.88333333333333,5,0.4,0,0,0
20600,BatchInference,354,RegionD,RegionD,5,80,354,356.266666666667,2.26666666666667,9,0.9,0,0,0
20622,RealTimeInference,340,RegionE,RegionE,5,20,340,345.266666666667,5.26666666666667,1,0.08,0,0,0
20694,AITraining,343,RegionF,RegionF,5,150,343,347.766666666667,4.76666666666667,115,18.4,0,0,0
20742,RealTimeInference,346,RegionA,RegionA,5,20,346,350.15,4.15,1,0.08,0,0,0
20827,RealTimeInference,338,RegionA,RegionA,5,20,338,343.45,5.45,7,0.56,0,0,0
20838,AITraining,323,RegionF,RegionF,5,150,348,350.166666666667,2.16666666666667,93,14.88,25,0,0
20916,AITraining,315,RegionF,RegionF,5,150,348,349.683333333333,1.68333333333333,95,15.2,33,0,0
20922,BatchInference,349,RegionD,RegionD,5,80,349,352.183333333333,3.18333333333333,8,0.8,0,0,0
20932,AITraining,351,RegionD,RegionD,5,150,351,352.533333333333,1.53333333333333,51,8.16,0,0,0
20952,RealTimeInference,350,RegionA,RegionA,5,20,350,352.1,2.1,2,0.16,0,0,0
21069,AITraining,331,RegionB,RegionB,5,150,343,349.366666666667,6.36666666666667,34,5.44,12,0,0
21126,AITraining,328,RegionF,RegionF,5,150,354,356.066666666667,2.06666666666667,38,6.08,26,0,0
21196,RealTimeInference,348,RegionB,RegionB,5,20,348,351.016666666667,3.01666666666667,4,0.32,0,0,0
21208,AITraining,313,RegionD,RegionD,5,150,345,349.216666666667,4.21666666666667,79,12.64,32,0,0
21374,BatchInference,349,RegionD,RegionD,5,80,349,352.883333333333,3.88333333333333,21,2.1,0,0,0
21726,RealTimeInference,336,RegionA,RegionA,5,20,336,337.316666666667,1.31666666666667,7,0.56,0,0,0
21750,AITraining,346,RegionF,RegionF,5,150,348,349.75,1.75,47,7.52,2,0,0
21794,RealTimeInference,359,RegionB,RegionB,5,20,359,362.35,3.35,7,0.56,0,0,0
21903,RealTimeInference,352,RegionA,RegionA,5,20,352,356.833333333333,4.83333333333333,3,0.24,0,0,0
22058,RealTimeInference,356,RegionC,RegionC,5,20,356,357.616666666667,1.61666666666667,3,0.24,0,0,0
22225,RealTimeInference,341,RegionA,RegionA,5,20,341,343.45,2.45,2,0.16,0,0,0
22241,BatchInference,342,RegionE,RegionE,5,80,342,347,5,15,1.5,0,0,0
22461,BatchInference,342,RegionB,RegionB,5,80,348,348.866666666667,0.866666666666667,23,2.3,6,0,0
22585,AITraining,336,RegionD,RegionD,5,150,347,352.133333333333,5.13333333333333,61,9.76,11,0,0
22661,RealTimeInference,336,RegionC,RegionC,5,20,336,341.733333333333,5.73333333333333,5,0.4,0,0,0
22860,AITraining,321,RegionC,RegionC,5,150,345,349.666666666667,4.66666666666667,51,8.16,24,0,0
22913,AITraining,347,RegionD,RegionD,5,150,354,358.183333333333,4.18333333333333,77,12.32,7,0,0
23041,RealTimeInference,354,RegionC,RegionC,5,20,354,360.383333333333,6.38333333333333,3,0.24,0,0,0
23458,RealTimeInference,344,RegionA,RegionA,5,20,344,345.6,1.6,2,0.16,0,0,0
23819,RealTimeInference,339,RegionA,RegionA,5,20,339,343.3,4.3,3,0.24,0,0,0
23941,AITraining,351,RegionF,RegionF,5,150,351,355.666666666667,4.66666666666667,82,13.12,0,0,0
24095,BatchInference,342,RegionC,RegionC,5,80,347,351.766666666667,4.76666666666667,21,2.1,5,0,0
24101,BatchInference,348,RegionB,RegionB,5,80,348,348.766666666667,0.766666666666667,11,1.1,0,0,0
24325,BatchInference,336,RegionC,RegionC,5,80,348,348.583333333333,0.583333333333333,16,1.6,12,0,0
24490,BatchInference,337,RegionD,RegionD,5,80,348,353.95,5.95,16,1.6,11,0,0
24618,AITraining,345,RegionC,RegionC,5,150,348,350.4,2.4,22,3.52,3,0,0
24693,AITraining,349,RegionE,RegionE,5,150,349,351.616666666667,2.61666666666667,87,13.92,0,0,0
24746,BatchInference,351,RegionD,RegionD,5,80,351,355.066666666667,4.06666666666667,16,1.6,0,0,0
24778,BatchInference,332,RegionC,RegionC,5,80,348,349.016666666667,1.01666666666667,15,1.5,16,0,0
25001,RealTimeInference,348,RegionB,RegionB,5,20,348,348.25,0.25,4,0.32,0,0,0
25296,AITraining,350,RegionD,RegionD,5,150,350,354.1,4.1,18,2.88,0,0,0
25391,RealTimeInference,336,RegionF,RegionF,5,20,336,342.1,6.1,4,0.32,0,0,0
25996,AITraining,342,RegionD,RegionD,5,150,349,355.566666666667,6.56666666666667,118,18.88,7,0,0
26352,RealTimeInference,359,RegionB,RegionB,5,20,359,361.583333333333,2.58333333333333,3,0.24,0,0,0
26421,RealTimeInference,342,RegionA,RegionA,5,20,342,344.516666666667,2.51666666666667,5,0.4,0,0,0
26439,RealTimeInference,338,RegionC,RegionC,5,20,338,344.083333333333,6.08333333333333,4,0.32,0,0,0
26514,RealTimeInference,338,RegionA,RegionA,5,20,338,339.066666666667,1.06666666666667,6,0.48,0,0,0
26517,RealTimeInference,345,RegionB,RegionB,5,20,345,348.95,3.95,1,0.08,0,0,0
27003,AITraining,349,RegionE,RegionE,5,150,349,351.816666666667,2.81666666666667,48,7.68,0,0,0
27075,RealTimeInference,350,RegionC,RegionC,5,20,350,354.9,4.9,4,0.32,0,0,0
27170,AITraining,327,RegionD,RegionD,5,150,354,356.6,2.6,55,8.8,27,0,0
27207,AITraining,346,RegionF,RegionF,5,150,349,354.766666666667,5.76666666666667,100,16,3,0,0
27272,BatchInference,325,RegionD,RegionD,5,80,345,346.866666666667,1.86666666666667,13,1.3,20,0,0
27635,BatchInference,340,RegionA,RegionA,5,80,346,346.383333333333,0.383333333333333,15,1.5,6,0,0
27692,RealTimeInference,349,RegionC,RegionC,5,20,349,355.266666666667,6.26666666666667,2,0.16,0,0,0
27754,BatchInference,343,RegionB,RegionB,5,80,343,347.466666666667,4.46666666666667,15,1.5,0,0,0
27956,BatchInference,334,RegionA,RegionA,5,80,345,349,4,15,1.5,11,0,0
28041,BatchInference,329,RegionF,RegionF,5,80,348,354.05,6.05,22,2.2,19,0,0
28125,BatchInference,333,RegionE,RegionE,5,80,343,349.366666666667,6.36666666666667,17,1.7,10,0,0
28356,AITraining,338,RegionF,RegionF,5,150,347,347.383333333333,0.383333333333333,95,15.2,9,0,0
28500,BatchInference,350,RegionF,RegionF,5,80,350,355.916666666667,5.91666666666667,9,0.9,0,0,0
28617,RealTimeInference,337,RegionC,RegionC,5,20,337,338.05,1.05,2,0.16,0,0,0
28625,RealTimeInference,358,RegionA,RegionA,5,20,358,360.366666666667,2.36666666666667,6,0.48,0,0,0
28761,BatchInference,345,RegionD,RegionD,5,80,347,351.45,4.45,23,2.3,2,0,0
28785,AITraining,321,RegionD,RegionD,5,150,345,350.916666666667,5.91666666666667,49,7.84,24,0,0
28866,BatchInference,346,RegionD,RegionD,5,80,346,347.616666666667,1.61666666666667,22,2.2,0,0,0
28980,BatchInference,351,RegionA,RegionA,5,80,351,352.583333333333,1.58333333333333,20,2,0,0,0
29030,BatchInference,345,RegionD,RegionD,5,80,345,350.5,5.5,6,0.6,0,0,0
29130,AITraining,335,RegionF,RegionF,5,150,345,348.35,3.35,120,19.2,10,0,0
29148,RealTimeInference,336,RegionC,RegionC,5,20,336,338.966666666667,2.96666666666667,7,0.56,0,0,0
29301,RealTimeInference,351,RegionA,RegionA,5,20,351,356.45,5.45,5,0.4,0,0,0
29310,AITraining,344,RegionD,RegionD,5,150,349,355.416666666667,6.41666666666667,108,17.28,5,0,0
29351,RealTimeInference,342,RegionC,RegionC,5,20,342,347.3,5.3,5,0.4,0,0,0
29579,RealTimeInference,336,RegionB,RegionB,5,20,336,337.95,1.95,1,0.08,0,0,0
29638,RealTimeInference,348,RegionB,RegionB,5,20,348,349.866666666667,1.86666666666667,1,0.08,0,0,0
29750,RealTimeInference,349,RegionB,RegionB,5,20,349,354.716666666667,5.71666666666667,4,0.32,0,0,0
29975,RealTimeInference,348,RegionC,RegionC,5,20,348,352.783333333333,4.78333333333333,5,0.4,0,0,0
30074,RealTimeInference,347,RegionD,RegionD,5,20,347,349.416666666667,2.41666666666667,6,0.48,0,0,0
30354,AITraining,348,RegionE,RegionE,5,150,349,350.2,1.2,50,8,1,0,0
30369,BatchInference,333,RegionE,RegionE,5,80,336,336.616666666667,0.616666666666667,20,2,3,0,0
30447,AITraining,338,RegionF,RegionF,5,150,343,349.183333333333,6.18333333333333,124,19.84,5,0,0
30480,RealTimeInference,336,RegionC,RegionC,5,20,336,337.666666666667,1.66666666666667,4,0.32,0,0,0
30569,RealTimeInference,342,RegionB,RegionB,5,20,342,346.433333333333,4.43333333333333,7,0.56,0,0,0
30840,AITraining,342,RegionE,RegionE,5,150,350,350.533333333333,0.533333333333333,104,16.64,8,0,0
30990,BatchInference,321,RegionC,RegionC,5,80,336,342.616666666667,6.61666666666667,8,0.8,15,0,0
31111,RealTimeInference,356,RegionF,RegionF,5,20,356,360.983333333333,4.98333333333333,7,0.56,0,0,0
31166,BatchInference,335,RegionB,RegionB,5,80,347,351.733333333333,4.73333333333333,12,1.2,12,0,0
31193,BatchInference,332,RegionC,RegionC,5,80,343,349.2,6.2,4,0.4,11,0,0
31223,RealTimeInference,341,RegionA,RegionA,5,20,341,345.2,4.2,7,0.56,0,0,0
31451,RealTimeInference,353,RegionC,RegionC,5,20,353,356.483333333333,3.48333333333333,2,0.16,0,0,0
31643,AITraining,346,RegionB,RegionB,5,150,347,352.283333333333,5.28333333333333,59,9.44,1,0,0
31666,AITraining,331,RegionE,RegionE,5,150,345,346.516666666667,1.51666666666667,69,11.04,14,0,0
31679,BatchInference,343,RegionD,RegionD,5,80,351,357.4,6.4,10,1,8,0,0
31924,BatchInference,356,RegionF,RegionF,5,80,356,359.283333333333,3.28333333333333,16,1.6,0,0,0
31984,AITraining,342,RegionB,RegionB,5,150,349,349.433333333333,0.433333333333333,87,13.92,7,0,0
32182,RealTimeInference,341,RegionA,RegionA,5,20,341,346.216666666667,5.21666666666667,1,0.08,0,0,0
32204,BatchInference,345,RegionD,RegionD,5,80,348,348.716666666667,0.716666666666667,5,0.5,3,0,0
32328,RealTimeInference,355,RegionB,RegionB,5,20,355,357.083333333333,2.08333333333333,1,0.08,0,0,0
32342,BatchInference,341,RegionD,RegionD,5,80,348,352.033333333333,4.03333333333333,23,2.3,7,0,0
32502,BatchInference,344,RegionA,RegionA,5,80,351,352.816666666667,1.81666666666667,16,1.6,7,0,0
32624,RealTimeInference,354,RegionC,RegionC,5,20,354,357.783333333333,3.78333333333333,6,0.48,0,0,0
32651,RealTimeInference,339,RegionC,RegionC,5,20,339,345.2,6.2,5,0.4,0,0,0
32686,RealTimeInference,340,RegionA,RegionA,5,20,340,341.966666666667,1.96666666666667,1,0.08,0,0,0
33033,RealTimeInference,336,RegionA,RegionA,5,20,336,342.233333333333,6.23333333333333,7,0.56,0,0,0
33241,BatchInference,353,RegionD,RegionD,5,80,353,355.116666666667,2.11666666666667,17,1.7,0,0,0
33253,RealTimeInference,353,RegionB,RegionB,5,20,353,359.333333333333,6.33333333333333,5,0.4,0,0,0
33292,BatchInference,339,RegionC,RegionC,5,80,339,340.733333333333,1.73333333333333,17,1.7,0,0,0
33307,RealTimeInference,347,RegionC,RegionC,5,20,347,347.883333333333,0.883333333333333,7,0.56,0,0,0
33390,AITraining,319,RegionD,RegionD,5,150,354,356.55,2.55,57,9.12,35,0,0
33482,RealTimeInference,340,RegionB,RegionB,5,20,340,344.266666666667,4.26666666666667,7,0.56,0,0,0
33508,RealTimeInference,341,RegionB,RegionB,5,20,341,343.716666666667,2.71666666666667,5,0.4,0,0,0
33539,BatchInference,351,RegionA,RegionA,5,80,351,351.266666666667,0.266666666666667,14,1.4,0,0,0
33812,AITraining,341,RegionF,RegionF,5,150,344,348.683333333333,4.68333333333333,117,18.72,3,0,0
33938,RealTimeInference,347,RegionF,RegionF,5,20,347,352.183333333333,5.18333333333333,7,0.56,0,0,0
34014,RealTimeInference,336,RegionB,RegionB,5,20,336,340.8,4.8,6,0.48,0,0,0
34216,RealTimeInference,354,RegionB,RegionB,5,20,354,357.983333333333,3.98333333333333,5,0.4,0,0,0
34229,BatchInference,341,RegionB,RegionB,5,80,341,347.533333333333,6.53333333333333,19,1.9,0,0,0
34294,RealTimeInference,353,RegionA,RegionA,5,20,353,358.216666666667,5.21666666666667,1,0.08,0,0,0
34420,RealTimeInference,347,RegionB,RegionB,5,20,347,351.2,4.2,2,0.16,0,0,0
34673,BatchInference,335,RegionA,RegionA,5,80,348,352.366666666667,4.36666666666667,13,1.3,13,0,0
34959,BatchInference,337,RegionD,RegionD,5,80,345,347.666666666667,2.66666666666667,6,0.6,8,0,0
35000,AITraining,359,RegionF,RegionF,5,150,359,363.816666666667,4.81666666666667,99,15.84,0,0,0
35021,RealTimeInference,348,RegionA,RegionA,5,20,348,354.183333333333,6.18333333333333,7,0.56,0,0,0
35205,RealTimeInference,354,RegionA,RegionA,5,20,354,356.483333333333,2.48333333333333,4,0.32,0,0,0
35272,RealTimeInference,353,RegionA,RegionA,5,20,353,359.4,6.4,1,0.08,0,0,0
35414,RealTimeInference,337,RegionF,RegionF,5,20,337,337.2,0.2,3,0.24,0,0,0
35461,AITraining,334,RegionD,RegionD,5,150,354,357.05,3.05,43,6.88,20,0,0
35534,AITraining,336,RegionD,RegionD,5,150,354,356.983333333333,2.98333333333333,22,3.52,18,0,0
35567,RealTimeInference,357,RegionA,RegionA,5,20,357,360.716666666667,3.71666666666667,7,0.56,0,0,0
35663,BatchInference,325,RegionF,RegionF,5,80,354,356.2,2.2,23,2.3,29,0,0
35727,RealTimeInference,358,RegionC,RegionC,5,20,358,362.383333333333,4.38333333333333,3,0.24,0,0,0
35840,AITraining,356,RegionF,RegionF,5,150,356,358.666666666667,2.66666666666667,87,13.92,0,0,0
35867,BatchInference,338,RegionA,RegionA,5,80,344,348.916666666667,4.91666666666667,4,0.4,6,0,0
35892,AITraining,333,RegionF,RegionF,5,150,347,351.833333333333,4.83333333333333,104,16.64,14,0,0
35960,AITraining,342,RegionD,RegionD,5,150,350,351.133333333333,1.13333333333333,69,11.04,8,0,0
35973,BatchInference,332,RegionB,RegionB,5,80,348,351.8,3.8,18,1.8,16,0,0
36034,BatchInference,328,RegionC,RegionC,5,80,348,352.733333333333,4.73333333333333,16,1.6,20,0,0
36036,AITraining,349,RegionF,RegionF,5,150,349,352.216666666667,3.21666666666667,115,18.4,0,0,0
36169,BatchInference,332,RegionA,RegionA,5,80,348,348.5,0.5,7,0.7,16,0,0
36276,BatchInference,341,RegionB,RegionB,5,80,341,344.683333333333,3.68333333333333,4,0.4,0,0,0
36616,RealTimeInference,347,RegionA,RegionA,5,20,347,352.066666666667,5.06666666666667,4,0.32,0,0,0
36913,RealTimeInference,356,RegionB,RegionB,5,20,356,360.233333333333,4.23333333333333,1,0.08,0,0,0
37031,RealTimeInference,358,RegionB,RegionB,5,20,358,364.083333333333,6.08333333333333,4,0.32,0,0,0
37037,BatchInference,336,RegionC,RegionC,5,80,348,351.016666666667,3.01666666666667,12,1.2,12,0,0
37057,RealTimeInference,337,RegionB,RegionB,5,20,337,339.8,2.8,6,0.48,0,0,0
37085,BatchInference,351,RegionD,RegionD,5,80,351,353.183333333333,2.18333333333333,19,1.9,0,0,0
37134,RealTimeInference,351,RegionA,RegionA,5,20,351,352.533333333333,1.53333333333333,4,0.32,0,0,0
37740,RealTimeInference,340,RegionB,RegionB,5,20,340,344.6,4.6,6,0.48,0,0,0
37768,RealTimeInference,354,RegionC,RegionC,5,20,354,354.466666666667,0.466666666666667,6,0.48,0,0,0
37826,AITraining,326,RegionE,RegionE,5,150,345,347.466666666667,2.46666666666667,122,19.52,19,0,0
37854,AITraining,341,RegionF,RegionF,5,150,347,351.716666666667,4.71666666666667,57,9.12,6,0,0
37939,AITraining,345,RegionF,RegionF,5,150,349,354.8,5.8,126,20.16,4,0,0
37959,RealTimeInference,357,RegionF,RegionF,5,20,357,362.45,5.45,3,0.24,0,0,0
38010,RealTimeInference,341,RegionC,RegionC,5,20,341,344.65,3.65,3,0.24,0,0,0
38279,RealTimeInference,342,RegionC,RegionC,5,20,342,348.3,6.3,5,0.4,0,0,0
38337,AITraining,330,RegionE,RegionE,5,150,345,350.816666666667,5.81666666666667,106,16.96,15,0,0
38431,BatchInference,350,RegionF,RegionF,5,80,350,351.766666666667,1.76666666666667,6,0.6,0,0,0
38606,RealTimeInference,354,RegionB,RegionB,5,20,354,358.75,4.75,4,0.32,0,0,0
38660,AITraining,333,RegionF,RegionF,5,150,345,346.916666666667,1.91666666666667,78,12.48,12,0,0
39069,BatchInference,325,RegionA,RegionA,5,80,348,353.933333333333,5.93333333333333,14,1.4,23,0,0
39111,BatchInference,343,RegionD,RegionD,5,80,348,348.283333333333,0.283333333333333,23,2.3,5,0,0
39198,RealTimeInference,351,RegionC,RegionC,5,20,351,355.916666666667,4.91666666666667,1,0.08,0,0,0
39208,AITraining,344,RegionD,RegionD,5,150,351,355.083333333333,4.08333333333333,99,15.84,7,0,0
39259,AITraining,347,RegionD,RegionD,5,150,347,348.75,1.75,34,5.44,0,0,0
39261,RealTimeInference,345,RegionB,RegionB,5,20,345,345.9,0.9,5,0.4,0,0,0
39627,AITraining,343,RegionD,RegionD,5,150,349,352.916666666667,3.91666666666667,82,13.12,6,0,0
39780,BatchInference,325,RegionD,RegionD,5,80,354,356.5,2.5,13,1.3,29,0,0
39933,BatchInference,324,RegionF,RegionF,5,80,348,348.316666666667,0.316666666666667,9,0.9,24,0,0
40005,AITraining,337,RegionF,RegionF,5,150,337,337.9,0.9,59,9.44,0,0,0
40196,AITraining,337,RegionA,RegionA,5,150,346,349.383333333333,3.38333333333333,127,20.32,9,0,0
40232,RealTimeInference,357,RegionB,RegionB,5,20,357,358.4,1.4,4,0.32,0,0,0
40304,BatchInference,347,RegionC,RegionC,5,80,347,350.033333333333,3.03333333333333,15,1.5,0,0,0
40412,RealTimeInference,337,RegionE,RegionE,5,20,337,339.566666666667,2.56666666666667,1,0.08,0,0,0
40486,AITraining,347,RegionD,RegionD,5,150,354,354.2,0.2,85,13.6,7,0,0
40553,RealTimeInference,340,RegionB,RegionB,5,20,340,345.516666666667,5.51666666666667,7,0.56,0,0,0
40562,BatchInference,345,RegionE,RegionE,5,80,345,346.866666666667,1.86666666666667,9,0.9,0,0,0
40563,AITraining,314,RegionF,RegionF,5,150,345,348.116666666667,3.11666666666667,89,14.24,31,0,0
40711,AITraining,342,RegionE,RegionE,5,150,350,350.516666666667,0.516666666666667,122,19.52,8,0,0
40732,BatchInference,339,RegionD,RegionD,5,80,348,352.033333333333,4.03333333333333,14,1.4,9,0,0
40799,RealTimeInference,353,RegionE,RegionE,5,20,353,355.783333333333,2.78333333333333,1,0.08,0,0,0
40842,AITraining,331,RegionD,RegionD,5,150,349,354.533333333333,5.53333333333333,84,13.44,18,0,0
40857,RealTimeInference,349,RegionC,RegionC,5,20,349,354.8,5.8,4,0.32,0,0,0
40901,BatchInference,334,RegionC,RegionC,5,80,346,347.783333333333,1.78333333333333,9,0.9,12,0,0
41338,AITraining,341,RegionC,RegionC,5,150,341,343.6,2.6,84,13.44,0,0,0
41343,AITraining,350,RegionF,RegionF,5,150,350,353.35,3.35,117,18.72,0,0,0
41466,RealTimeInference,349,RegionB,RegionB,5,20,349,350.15,1.15,5,0.4,0,0,0
41496,AITraining,333,RegionD,RegionD,5,150,345,348.283333333333,3.28333333333333,65,10.4,12,0,0
41505,BatchInference,339,RegionD,RegionD,5,80,339,344.65,5.65,22,2.2,0,0,0
41516,RealTimeInference,336,RegionA,RegionA,5,20,336,342.383333333333,6.38333333333333,2,0.16,0,0,0
41733,RealTimeInference,340,RegionA,RegionA,5,20,340,342,2,3,0.24,0,0,0
42316,AITraining,349,RegionD,RegionD,5,150,355,357.5,2.5,83,13.28,6,0,0
42333,RealTimeInference,337,RegionC,RegionC,5,20,337,340.966666666667,3.96666666666667,5,0.4,0,0,0
42405,BatchInference,341,RegionE,RegionE,5,80,346,347.2,1.2,11,1.1,5,0,0
42882,AITraining,338,RegionD,RegionD,5,150,338,339.166666666667,1.16666666666667,120,19.2,0,0,0
43248,AITraining,344,RegionD,RegionD,5,150,346,352.6,6.6,70,11.2,2,0,0
43285,AITraining,342,RegionF,RegionF,5,150,342,344.416666666667,2.41666666666667,114,18.24,0,0,0
43449,RealTimeInference,341,RegionD,RegionD,5,20,341,341.4,0.4,6,0.48,0,0,0
43628,AITraining,331,RegionD,RegionD,5,150,349,353.9,4.9,30,4.8,18,0,0
43831,BatchInference,335,RegionA,RegionA,5,80,348,353.533333333333,5.53333333333333,10,1,13,0,0
43880,AITraining,351,RegionE,RegionE,5,150,351,352.033333333333,1.03333333333333,65,10.4,0,0,0
43967,RealTimeInference,350,RegionC,RegionC,5,20,350,355.883333333333,5.88333333333333,4,0.32,0,0,0
44029,RealTimeInference,343,RegionA,RegionA,5,20,343,346.616666666667,3.61666666666667,5,0.4,0,0,0
44094,BatchInference,332,RegionB,RegionB,5,80,343,349.5,6.5,10,1,11,0,0
44270,AITraining,337,RegionB,RegionB,5,150,343,349.233333333333,6.23333333333333,19,3.04,6,0,0
44714,AITraining,318,RegionF,RegionF,5,150,345,348.366666666667,3.36666666666667,19,3.04,27,0,0
44786,BatchInference,351,RegionD,RegionD,5,80,351,354.433333333333,3.43333333333333,5,0.5,0,0,0
44927,AITraining,346,RegionD,RegionD,5,150,349,355.183333333333,6.18333333333333,81,12.96,3,0,0
44990,RealTimeInference,340,RegionC,RegionC,5,20,340,342.366666666667,2.36666666666667,2,0.16,0,0,0
44997,AITraining,345,RegionF,RegionF,5,150,352,352.533333333333,0.533333333333333,70,11.2,7,0,0
45038,AITraining,335,RegionD,RegionD,5,150,347,351.366666666667,4.36666666666667,80,12.8,12,0,0
45210,RealTimeInference,343,RegionB,RegionB,5,20,343,345.7,2.7,6,0.48,0,0,0
45350,AITraining,339,RegionE,RegionE,5,150,346,346.416666666667,0.416666666666667,126,20.16,7,0,0
45369,BatchInference,325,RegionD,RegionD,5,80,346,352.233333333333,6.23333333333333,12,1.2,21,0,0
45468,AITraining,323,RegionE,RegionE,5,150,345,348.6,3.6,74,11.84,22,0,0
45591,AITraining,347,RegionD,RegionD,5,150,354,358.35,4.35,30,4.8,7,0,0
45680,RealTimeInference,352,RegionA,RegionA,5,20,352,354.816666666667,2.81666666666667,1,0.08,0,0,0
45711,RealTimeInference,349,RegionC,RegionC,5,20,349,350.083333333333,1.08333333333333,3,0.24,0,0,0
46009,AITraining,333,RegionD,RegionD,5,150,345,348.583333333333,3.58333333333333,90,14.4,12,0,0
46031,BatchInference,347,RegionC,RegionC,5,80,347,350.133333333333,3.13333333333333,13,1.3,0,0,0
46100,AITraining,348,RegionB,RegionB,5,150,348,353.483333333333,5.48333333333333,61,9.76,0,0,0
46175,AITraining,342,RegionE,RegionE,5,150,346,347.55,1.55,96,15.36,4,0,0
46287,BatchInference,350,RegionD,RegionD,5,80,350,355.316666666667,5.31666666666667,15,1.5,0,0,0
46360,BatchInference,339,RegionD,RegionD,5,80,347,352.3,5.3,23,2.3,8,0,0
46375,RealTimeInference,347,RegionF,RegionF,5,20,347,348.483333333333,1.48333333333333,3,0.24,0,0,0
46428,AITraining,338,RegionB,RegionB,5,150,347,349.483333333333,2.48333333333333,35,5.6,9,0,0
46524,BatchInference,337,RegionD,RegionD,5,80,346,347.716666666667,1.71666666666667,16,1.6,9,0,0
46701,BatchInference,338,RegionD,RegionD,5,80,347,350.566666666667,3.56666666666667,15,1.5,9,0,0
46716,RealTimeInference,358,RegionF,RegionF,5,20,358,358.6,0.6,1,0.08,0,0,0
46800,AITraining,318,RegionF,RegionF,5,150,345,347.016666666667,2.01666666666667,77,12.32,27,0,0
47196,AITraining,331,RegionD,RegionD,5,150,354,355.2,1.2,65,10.4,23,0,0
47271,BatchInference,333,RegionD,RegionD,5,80,345,346.583333333333,1.58333333333333,8,0.8,12,0,0
47683,AITraining,346,RegionD,RegionD,5,150,353,354.85,1.85,89,14.24,7,0,0
47819,RealTimeInference,358,RegionA,RegionA,5,20,358,361.183333333333,3.18333333333333,4,0.32,0,0,0
47851,RealTimeInference,351,RegionA,RegionA,5,20,351,351.683333333333,0.683333333333333,6,0.48,0,0,0
47895,BatchInference,330,RegionD,RegionD,5,80,346,347.483333333333,1.48333333333333,18,1.8,16,0,0
48231,BatchInference,339,RegionF,RegionF,5,80,356,359.033333333333,3.03333333333333,9,0.9,17,0,0
48274,AITraining,322,RegionD,RegionD,5,150,345,348.866666666667,3.86666666666667,118,18.88,23,0,0
48285,AITraining,318,RegionD,RegionD,5,150,346,347.95,1.95,119,19.04,28,0,0
48288,RealTimeInference,339,RegionB,RegionB,5,20,339,339.283333333333,0.283333333333333,3,0.24,0,0,0
48294,BatchInference,341,RegionC,RegionC,5,80,341,344.516666666667,3.51666666666667,22,2.2,0,0,0
48619,BatchInference,335,RegionA,RegionA,5,80,348,353.1,5.1,4,0.4,13,0,0
48762,BatchInference,350,RegionF,RegionF,5,80,350,351.85,1.85,4,0.4,0,0,0
48783,RealTimeInference,357,RegionA,RegionA,5,20,357,359.05,2.05,2,0.16,0,0,0
49041,AITraining,338,RegionD,RegionD,5,150,344,349.7,5.7,95,15.2,6,0,0
49103,BatchInference,348,RegionE,RegionE,5,80,348,348.316666666667,0.316666666666667,22,2.2,0,0,0
49204,RealTimeInference,359,RegionA,RegionA,5,20,359,361.583333333333,2.58333333333333,3,0.24,0,0,0
49217,RealTimeInference,338,RegionA,RegionA,5,20,338,344.566666666667,6.56666666666667,1,0.08,0,0,0
49243,RealTimeInference,338,RegionA,RegionA,5,20,338,342.133333333333,4.13333333333333,6,0.48,0,0,0
49278,RealTimeInference,340,RegionB,RegionB,5,20,340,346.1,6.1,3,0.24,0,0,0
49436,BatchInference,334,RegionD,RegionD,5,80,346,346.416666666667,0.416666666666667,17,1.7,12,0,0
49451,BatchInference,339,RegionF,RegionF,5,80,348,353.783333333333,5.78333333333333,15,1.5,9,0,0
49498,BatchInference,334,RegionA,RegionA,5,80,346,352.6,6.6,20,2,12,0,0
49600,RealTimeInference,357,RegionB,RegionB,5,20,357,363.1,6.1,4,0.32,0,0,0
49735,BatchInference,323,RegionB,RegionB,5,80,348,351.166666666667,3.16666666666667,17,1.7,25,0,0
49847,RealTimeInference,337,RegionA,RegionA,5,20,337,337.316666666667,0.316666666666667,5,0.4,0,0,0
