Split,Model,SourceRegion,TaskType,Hour,Actual_GPU_Demand,Prediction,FitEndHour,HistoryWindowHours
test,HierarchicalLocalMean,RegionA,AITraining,2376,0.0,24.813186177737467,2375,72
test,SameHour24Baseline,RegionA,AITraining,2376,0.0,0.0,2352,24
test,HierarchicalLocalMean,RegionA,AITraining,2377,0.0,24.813186177737467,2375,72
test,SameHour24Baseline,RegionA,AITraining,2377,0.0,0.0,2352,24
test,HierarchicalLocalMean,RegionA,AITraining,2378,0.0,24.813186177737467,2375,72
test,SameHour24Baseline,RegionA,AITraining,2378,0.0,0.0,2352,24
test,HierarchicalLocalMean,RegionA,AITraining,2379,0.0,24.813186177737467,2375,72
test,SameHour24Baseline,RegionA,AITraining,2379,0.0,0.0,2352,24
test,HierarchicalLocalMean,RegionA,AITraining,2380,122.0,24.813186177737467,2375,72
test,SameHour24Baseline,RegionA,AITraining,2380,122.0,95.0,2352,24
test,HierarchicalLocalMean,RegionA,AITraining,2381,0.0,24.813186177737467,2375,72
test,SameHour24Baseline,RegionA,AITraining,2381,0.0,0.0,2352,24
test,HierarchicalLocalMean,RegionA,AITraining,2382,0.0,24.813186177737467,2375,72
test,SameHour24Baseline,RegionA,AITraining,2382,0.0,0.0,2352,24
test,HierarchicalLocalMean,RegionA,AITraining,2383,0.0,24.813186177737467,2375,72
test,SameHour24Baseline,RegionA,AITraining,2383,0.0,0.0,2352,24
test,HierarchicalLocalMean,RegionA,AITraining,2384,0.0,24.813186177737467,2375,72
test,SameHour24Baseline,RegionA,AITraining,2384,0.0,0.0,2352,24
test,HierarchicalLocalMean,RegionA,AITraining,2385,0.0,24.813186177737467,2375,72
test,SameHour24Baseline,RegionA,AITraining,2385,0.0,0.0,2352,24
test,HierarchicalLocalMean,RegionA,AITraining,2386,0.0,24.813186177737467,2375,72
test,SameHour24Baseline,RegionA,AITraining,2386,0.0,0.0,2352,24
test,HierarchicalLocalMean,RegionA,AITraining,2387,0.0,24.813186177737467,2375,72
test,SameHour24Baseline,RegionA,AITraining,2387,0.0,0.0,2352,24
test,HierarchicalLocalMean,RegionA,AITraining,2388,103.0,24.813186177737467,2375,72
test,SameHour24Baseline,RegionA,AITraining,2388,103.0,49.0,2352,24
test,HierarchicalLocalMean,RegionA,AITraining,2389,0.0,24.813186177737467,2375,72
test,SameHour24Baseline,RegionA,AITraining,2389,0.0,0.0,2352,24
test,HierarchicalLocalMean,RegionA,AITraining,2390,0.0,24.813186177737467,2375,72
test,SameHour24Baseline,RegionA,AITraining,2390,0.0,0.0,2352,24
test,HierarchicalLocalMean,RegionA,AITraining,2391,101.0,24.813186177737467,2375,72
test,SameHour24Baseline,RegionA,AITraining,2391,101.0,0.0,2352,24
test,HierarchicalLocalMean,RegionA,AITraining,2392,0.0,24.813186177737467,2375,72
test,SameHour24Baseline,RegionA,AITraining,2392,0.0,0.0,2352,24
test,HierarchicalLocalMean,RegionA,AITraining,2393,0.0,24.813186177737467,2375,72
test,SameHour24Baseline,RegionA,AITraining,2393,0.0,16.0,2352,24
test,HierarchicalLocalMean,RegionA,AITraining,2394,0.0,24.813186177737467,2375,72
test,SameHour24Baseline,RegionA,AITraining,2394,0.0,74.0,2352,24
test,HierarchicalLocalMean,RegionA,AITraining,2395,0.0,24.813186177737467,2375,72
test,SameHour24Baseline,RegionA,AITraining,2395,0.0,0.0,2352,24
test,HierarchicalLocalMean,RegionA,AITraining,2396,95.0,24.813186177737467,2375,72
test,SameHour24Baseline,RegionA,AITraining,2396,95.0,0.0,2352,24
test,HierarchicalLocalMean,RegionA,AITraining,2397,158.0,24.813186177737467,2375,72
test,SameHour24Baseline,RegionA,AITraining,2397,158.0,0.0,2352,24
test,HierarchicalLocalMean,RegionA,AITraining,2398,0.0,24.813186177737467,2375,72
test,SameHour24Baseline,RegionA,AITraining,2398,0.0,143.0,2352,24
test,HierarchicalLocalMean,RegionA,AITraining,2399,0.0,24.813186177737467,2375,72
test,SameHour24Baseline,RegionA,AITraining,2399,0.0,84.0,2352,24
test,HierarchicalLocalMean,RegionA,BatchInference,2376,11.0,17.737702149356647,2375,72
test,SameHour24Baseline,RegionA,BatchInference,2376,11.0,9.0,2352,24
test,HierarchicalLocalMean,RegionA,BatchInference,2377,35.0,17.737702149356647,2375,72
test,SameHour24Baseline,RegionA,BatchInference,2377,35.0,22.0,2352,24
test,HierarchicalLocalMean,RegionA,BatchInference,2378,0.0,17.737702149356647,2375,72
test,SameHour24Baseline,RegionA,BatchInference,2378,0.0,4.0,2352,24
test,HierarchicalLocalMean,RegionA,BatchInference,2379,38.0,17.737702149356647,2375,72
test,SameHour24Baseline,RegionA,BatchInference,2379,38.0,62.0,2352,24
test,HierarchicalLocalMean,RegionA,BatchInference,2380,0.0,17.737702149356647,2375,72
test,SameHour24Baseline,RegionA,BatchInference,2380,0.0,17.0,2352,24
test,HierarchicalLocalMean,RegionA,BatchInference,2381,43.0,17.737702149356647,2375,72
test,SameHour24Baseline,RegionA,BatchInference,2381,43.0,0.0,2352,24
test,HierarchicalLocalMean,RegionA,BatchInference,2382,19.0,17.737702149356647,2375,72
test,SameHour24Baseline,RegionA,BatchInference,2382,19.0,21.0,2352,24
test,HierarchicalLocalMean,RegionA,BatchInference,2383,25.0,17.737702149356647,2375,72
test,SameHour24Baseline,RegionA,BatchInference,2383,25.0,0.0,2352,24
test,HierarchicalLocalMean,RegionA,BatchInference,2384,0.0,17.737702149356647,2375,72
test,SameHour24Baseline,RegionA,BatchInference,2384,0.0,12.0,2352,24
test,HierarchicalLocalMean,RegionA,BatchInference,2385,0.0,17.737702149356647,2375,72
test,SameHour24Baseline,RegionA,BatchInference,2385,0.0,17.0,2352,24
test,HierarchicalLocalMean,RegionA,BatchInference,2386,15.0,17.737702149356647,2375,72
test,SameHour24Baseline,RegionA,BatchInference,2386,15.0,5.0,2352,24
test,HierarchicalLocalMean,RegionA,BatchInference,2387,16.0,17.737702149356647,2375,72
test,SameHour24Baseline,RegionA,BatchInference,2387,16.0,19.0,2352,24
test,HierarchicalLocalMean,RegionA,BatchInference,2388,85.0,17.737702149356647,2375,72
test,SameHour24Baseline,RegionA,BatchInference,2388,85.0,39.0,2352,24
test,HierarchicalLocalMean,RegionA,BatchInference,2389,21.0,17.737702149356647,2375,72
test,SameHour24Baseline,RegionA,BatchInference,2389,21.0,0.0,2352,24
test,HierarchicalLocalMean,RegionA,BatchInference,2390,16.0,17.737702149356647,2375,72
test,SameHour24Baseline,RegionA,BatchInference,2390,16.0,14.0,2352,24
test,HierarchicalLocalMean,RegionA,BatchInference,2391,34.0,17.737702149356647,2375,72
test,SameHour24Baseline,RegionA,BatchInference,2391,34.0,9.0,2352,24
test,HierarchicalLocalMean,RegionA,BatchInference,2392,53.0,17.737702149356647,2375,72
test,SameHour24Baseline,RegionA,BatchInference,2392,53.0,0.0,2352,24
test,HierarchicalLocalMean,RegionA,BatchInference,2393,15.0,17.737702149356647,2375,72
test,SameHour24Baseline,RegionA,BatchInference,2393,15.0,19.0,2352,24
test,HierarchicalLocalMean,RegionA,BatchInference,2394,16.0,17.737702149356647,2375,72
test,SameHour24Baseline,RegionA,BatchInference,2394,16.0,10.0,2352,24
test,HierarchicalLocalMean,RegionA,BatchInference,2395,19.0,17.737702149356647,2375,72
test,SameHour24Baseline,RegionA,BatchInference,2395,19.0,32.0,2352,24
test,HierarchicalLocalMean,RegionA,BatchInference,2396,6.0,17.737702149356647,2375,72
test,SameHour24Baseline,RegionA,BatchInference,2396,6.0,0.0,2352,24
test,HierarchicalLocalMean,RegionA,BatchInference,2397,46.0,17.737702149356647,2375,72
test,SameHour24Baseline,RegionA,BatchInference,2397,46.0,18.0,2352,24
test,HierarchicalLocalMean,RegionA,BatchInference,2398,0.0,17.737702149356647,2375,72
test,SameHour24Baseline,RegionA,BatchInference,2398,0.0,8.0,2352,24
test,HierarchicalLocalMean,RegionA,BatchInference,2399,0.0,17.737702149356647,2375,72
test,SameHour24Baseline,RegionA,BatchInference,2399,0.0,44.0,2352,24
test,HierarchicalLocalMean,RegionA,RealTimeInference,2376,3.0,9.240774542711863,2375,72
test,SameHour24Baseline,RegionA,RealTimeInference,2376,3.0,14.0,2352,24
test,HierarchicalLocalMean,RegionA,RealTimeInference,2377,20.0,9.240774542711863,2375,72
test,SameHour24Baseline,RegionA,RealTimeInference,2377,20.0,2.0,2352,24
test,HierarchicalLocalMean,RegionA,RealTimeInference,2378,8.0,9.240774542711863,2375,72
test,SameHour24Baseline,RegionA,RealTimeInference,2378,8.0,8.0,2352,24
test,HierarchicalLocalMean,RegionA,RealTimeInference,2379,5.0,9.240774542711863,2375,72
test,SameHour24Baseline,RegionA,RealTimeInference,2379,5.0,2.0,2352,24
test,HierarchicalLocalMean,RegionA,RealTimeInference,2380,0.0,9.240774542711863,2375,72
test,SameHour24Baseline,RegionA,RealTimeInference,2380,0.0,13.0,2352,24
test,HierarchicalLocalMean,RegionA,RealTimeInference,2381,7.0,9.240774542711863,2375,72
test,SameHour24Baseline,RegionA,RealTimeInference,2381,7.0,9.0,2352,24
test,HierarchicalLocalMean,RegionA,RealTimeInference,2382,1.0,9.240774542711863,2375,72
test,SameHour24Baseline,RegionA,RealTimeInference,2382,1.0,3.0,2352,24
test,HierarchicalLocalMean,RegionA,RealTimeInference,2383,17.0,9.240774542711863,2375,72
test,SameHour24Baseline,RegionA,RealTimeInference,2383,17.0,5.0,2352,24
test,HierarchicalLocalMean,RegionA,RealTimeInference,2384,12.0,9.240774542711863,2375,72
test,SameHour24Baseline,RegionA,RealTimeInference,2384,12.0,8.0,2352,24
test,HierarchicalLocalMean,RegionA,RealTimeInference,2385,5.0,9.240774542711863,2375,72
test,SameHour24Baseline,RegionA,RealTimeInference,2385,5.0,6.0,2352,24
test,HierarchicalLocalMean,RegionA,RealTimeInference,2386,6.0,9.240774542711863,2375,72
test,SameHour24Baseline,RegionA,RealTimeInference,2386,6.0,3.0,2352,24
test,HierarchicalLocalMean,RegionA,RealTimeInference,2387,11.0,9.240774542711863,2375,72
test,SameHour24Baseline,RegionA,RealTimeInference,2387,11.0,0.0,2352,24
test,HierarchicalLocalMean,RegionA,RealTimeInference,2388,15.0,9.240774542711863,2375,72
test,SameHour24Baseline,RegionA,RealTimeInference,2388,15.0,7.0,2352,24
test,HierarchicalLocalMean,RegionA,RealTimeInference,2389,14.0,9.240774542711863,2375,72
test,SameHour24Baseline,RegionA,RealTimeInference,2389,14.0,14.0,2352,24
test,HierarchicalLocalMean,RegionA,RealTimeInference,2390,0.0,9.240774542711863,2375,72
test,SameHour24Baseline,RegionA,RealTimeInference,2390,0.0,13.0,2352,24
test,HierarchicalLocalMean,RegionA,RealTimeInference,2391,8.0,9.240774542711863,2375,72
test,SameHour24Baseline,RegionA,RealTimeInference,2391,8.0,20.0,2352,24
test,HierarchicalLocalMean,RegionA,RealTimeInference,2392,6.0,9.240774542711863,2375,72
test,SameHour24Baseline,RegionA,RealTimeInference,2392,6.0,11.0,2352,24
test,HierarchicalLocalMean,RegionA,RealTimeInference,2393,19.0,9.240774542711863,2375,72
test,SameHour24Baseline,RegionA,RealTimeInference,2393,19.0,8.0,2352,24
test,HierarchicalLocalMean,RegionA,RealTimeInference,2394,4.0,9.240774542711863,2375,72
test,SameHour24Baseline,RegionA,RealTimeInference,2394,4.0,10.0,2352,24
test,HierarchicalLocalMean,RegionA,RealTimeInference,2395,12.0,9.240774542711863,2375,72
test,SameHour24Baseline,RegionA,RealTimeInference,2395,12.0,17.0,2352,24
test,HierarchicalLocalMean,RegionA,RealTimeInference,2396,16.0,9.240774542711863,2375,72
test,SameHour24Baseline,RegionA,RealTimeInference,2396,16.0,0.0,2352,24
test,HierarchicalLocalMean,RegionA,RealTimeInference,2397,0.0,9.240774542711863,2375,72
test,SameHour24Baseline,RegionA,RealTimeInference,2397,0.0,2.0,2352,24
test,HierarchicalLocalMean,RegionA,RealTimeInference,2398,15.0,9.240774542711863,2375,72
test,SameHour24Baseline,RegionA,RealTimeInference,2398,15.0,0.0,2352,24
test,HierarchicalLocalMean,RegionA,RealTimeInference,2399,4.0,9.240774542711863,2375,72
test,SameHour24Baseline,RegionA,RealTimeInference,2399,4.0,5.0,2352,24
test,HierarchicalLocalMean,RegionB,AITraining,2376,0.0,30.20568475691978,2375,72
test,SameHour24Baseline,RegionB,AITraining,2376,0.0,0.0,2352,24
test,HierarchicalLocalMean,RegionB,AITraining,2377,0.0,30.20568475691978,2375,72
test,SameHour24Baseline,RegionB,AITraining,2377,0.0,0.0,2352,24
test,HierarchicalLocalMean,RegionB,AITraining,2378,0.0,30.20568475691978,2375,72
test,SameHour24Baseline,RegionB,AITraining,2378,0.0,0.0,2352,24
test,HierarchicalLocalMean,RegionB,AITraining,2379,0.0,30.20568475691978,2375,72
test,SameHour24Baseline,RegionB,AITraining,2379,0.0,0.0,2352,24
test,HierarchicalLocalMean,RegionB,AITraining,2380,142.0,30.20568475691978,2375,72
test,SameHour24Baseline,RegionB,AITraining,2380,142.0,0.0,2352,24
test,HierarchicalLocalMean,RegionB,AITraining,2381,71.0,30.20568475691978,2375,72
test,SameHour24Baseline,RegionB,AITraining,2381,71.0,0.0,2352,24
test,HierarchicalLocalMean,RegionB,AITraining,2382,0.0,30.20568475691978,2375,72
test,SameHour24Baseline,RegionB,AITraining,2382,0.0,47.0,2352,24
test,HierarchicalLocalMean,RegionB,AITraining,2383,0.0,30.20568475691978,2375,72
test,SameHour24Baseline,RegionB,AITraining,2383,0.0,0.0,2352,24
test,HierarchicalLocalMean,RegionB,AITraining,2384,78.0,30.20568475691978,2375,72
test,SameHour24Baseline,RegionB,AITraining,2384,78.0,0.0,2352,24
test,HierarchicalLocalMean,RegionB,AITraining,2385,0.0,30.20568475691978,2375,72
test,SameHour24Baseline,RegionB,AITraining,2385,0.0,221.0,2352,24
test,HierarchicalLocalMean,RegionB,AITraining,2386,113.0,30.20568475691978,2375,72
test,SameHour24Baseline,RegionB,AITraining,2386,113.0,0.0,2352,24
test,HierarchicalLocalMean,RegionB,AITraining,2387,0.0,30.20568475691978,2375,72
test,SameHour24Baseline,RegionB,AITraining,2387,0.0,82.0,2352,24
test,HierarchicalLocalMean,RegionB,AITraining,2388,0.0,30.20568475691978,2375,72
test,SameHour24Baseline,RegionB,AITraining,2388,0.0,0.0,2352,24
test,HierarchicalLocalMean,RegionB,AITraining,2389,59.0,30.20568475691978,2375,72
test,SameHour24Baseline,RegionB,AITraining,2389,59.0,58.0,2352,24
test,HierarchicalLocalMean,RegionB,AITraining,2390,0.0,30.20568475691978,2375,72
test,SameHour24Baseline,RegionB,AITraining,2390,0.0,0.0,2352,24
test,HierarchicalLocalMean,RegionB,AITraining,2391,54.0,30.20568475691978,2375,72
test,SameHour24Baseline,RegionB,AITraining,2391,54.0,49.0,2352,24
test,HierarchicalLocalMean,RegionB,AITraining,2392,0.0,30.20568475691978,2375,72
test,SameHour24Baseline,RegionB,AITraining,2392,0.0,113.0,2352,24
test,HierarchicalLocalMean,RegionB,AITraining,2393,0.0,30.20568475691978,2375,72
test,SameHour24Baseline,RegionB,AITraining,2393,0.0,95.0,2352,24
test,HierarchicalLocalMean,RegionB,AITraining,2394,0.0,30.20568475691978,2375,72
test,SameHour24Baseline,RegionB,AITraining,2394,0.0,0.0,2352,24
test,HierarchicalLocalMean,RegionB,AITraining,2395,110.0,30.20568475691978,2375,72
test,SameHour24Baseline,RegionB,AITraining,2395,110.0,0.0,2352,24
test,HierarchicalLocalMean,RegionB,AITraining,2396,51.0,30.20568475691978,2375,72
test,SameHour24Baseline,RegionB,AITraining,2396,51.0,0.0,2352,24
test,HierarchicalLocalMean,RegionB,AITraining,2397,0.0,30.20568475691978,2375,72
test,SameHour24Baseline,RegionB,AITraining,2397,0.0,0.0,2352,24
test,HierarchicalLocalMean,RegionB,AITraining,2398,44.0,30.20568475691978,2375,72
test,SameHour24Baseline,RegionB,AITraining,2398,44.0,24.0,2352,24
test,HierarchicalLocalMean,RegionB,AITraining,2399,0.0,30.20568475691978,2375,72
test,SameHour24Baseline,RegionB,AITraining,2399,0.0,175.0,2352,24
test,HierarchicalLocalMean,RegionB,BatchInference,2376,26.0,21.428910191015255,2375,72
test,SameHour24Baseline,RegionB,BatchInference,2376,26.0,26.0,2352,24
test,HierarchicalLocalMean,RegionB,BatchInference,2377,4.0,21.428910191015255,2375,72
test,SameHour24Baseline,RegionB,BatchInference,2377,4.0,0.0,2352,24
test,HierarchicalLocalMean,RegionB,BatchInference,2378,18.0,21.428910191015255,2375,72
test,SameHour24Baseline,RegionB,BatchInference,2378,18.0,33.0,2352,24
test,HierarchicalLocalMean,RegionB,BatchInference,2379,15.0,21.428910191015255,2375,72
test,SameHour24Baseline,RegionB,BatchInference,2379,15.0,21.0,2352,24
test,HierarchicalLocalMean,RegionB,BatchInference,2380,19.0,21.428910191015255,2375,72
test,SameHour24Baseline,RegionB,BatchInference,2380,19.0,21.0,2352,24
test,HierarchicalLocalMean,RegionB,BatchInference,2381,4.0,21.428910191015255,2375,72
test,SameHour24Baseline,RegionB,BatchInference,2381,4.0,53.0,2352,24
test,HierarchicalLocalMean,RegionB,BatchInference,2382,8.0,21.428910191015255,2375,72
test,SameHour24Baseline,RegionB,BatchInference,2382,8.0,0.0,2352,24
test,HierarchicalLocalMean,RegionB,BatchInference,2383,33.0,21.428910191015255,2375,72
test,SameHour24Baseline,RegionB,BatchInference,2383,33.0,52.0,2352,24
test,HierarchicalLocalMean,RegionB,BatchInference,2384,0.0,21.428910191015255,2375,72
test,SameHour24Baseline,RegionB,BatchInference,2384,0.0,11.0,2352,24
test,HierarchicalLocalMean,RegionB,BatchInference,2385,33.0,21.428910191015255,2375,72
test,SameHour24Baseline,RegionB,BatchInference,2385,33.0,9.0,2352,24
test,HierarchicalLocalMean,RegionB,BatchInference,2386,51.0,21.428910191015255,2375,72
test,SameHour24Baseline,RegionB,BatchInference,2386,51.0,32.0,2352,24
test,HierarchicalLocalMean,RegionB,BatchInference,2387,33.0,21.428910191015255,2375,72
test,SameHour24Baseline,RegionB,BatchInference,2387,33.0,15.0,2352,24
test,HierarchicalLocalMean,RegionB,BatchInference,2388,10.0,21.428910191015255,2375,72
test,SameHour24Baseline,RegionB,BatchInference,2388,10.0,0.0,2352,24
test,HierarchicalLocalMean,RegionB,BatchInference,2389,13.0,21.428910191015255,2375,72
test,SameHour24Baseline,RegionB,BatchInference,2389,13.0,9.0,2352,24
test,HierarchicalLocalMean,RegionB,BatchInference,2390,30.0,21.428910191015255,2375,72
test,SameHour24Baseline,RegionB,BatchInference,2390,30.0,0.0,2352,24
test,HierarchicalLocalMean,RegionB,BatchInference,2391,29.0,21.428910191015255,2375,72
test,SameHour24Baseline,RegionB,BatchInference,2391,29.0,0.0,2352,24
test,HierarchicalLocalMean,RegionB,BatchInference,2392,8.0,21.428910191015255,2375,72
test,SameHour24Baseline,RegionB,BatchInference,2392,8.0,0.0,2352,24
test,HierarchicalLocalMean,RegionB,BatchInference,2393,0.0,21.428910191015255,2375,72
test,SameHour24Baseline,RegionB,BatchInference,2393,0.0,0.0,2352,24
test,HierarchicalLocalMean,RegionB,BatchInference,2394,61.0,21.428910191015255,2375,72
test,SameHour24Baseline,RegionB,BatchInference,2394,61.0,5.0,2352,24
test,HierarchicalLocalMean,RegionB,BatchInference,2395,0.0,21.428910191015255,2375,72
test,SameHour24Baseline,RegionB,BatchInference,2395,0.0,8.0,2352,24
test,HierarchicalLocalMean,RegionB,BatchInference,2396,17.0,21.428910191015255,2375,72
test,SameHour24Baseline,RegionB,BatchInference,2396,17.0,75.0,2352,24
test,HierarchicalLocalMean,RegionB,BatchInference,2397,19.0,21.428910191015255,2375,72
test,SameHour24Baseline,RegionB,BatchInference,2397,19.0,0.0,2352,24
test,HierarchicalLocalMean,RegionB,BatchInference,2398,21.0,21.428910191015255,2375,72
test,SameHour24Baseline,RegionB,BatchInference,2398,21.0,10.0,2352,24
test,HierarchicalLocalMean,RegionB,BatchInference,2399,75.0,21.428910191015255,2375,72
test,SameHour24Baseline,RegionB,BatchInference,2399,75.0,0.0,2352,24
test,HierarchicalLocalMean,RegionB,RealTimeInference,2376,11.0,9.629289785304833,2375,72
test,SameHour24Baseline,RegionB,RealTimeInference,2376,11.0,0.0,2352,24
test,HierarchicalLocalMean,RegionB,RealTimeInference,2377,6.0,9.629289785304833,2375,72
test,SameHour24Baseline,RegionB,RealTimeInference,2377,6.0,3.0,2352,24
test,HierarchicalLocalMean,RegionB,RealTimeInference,2378,5.0,9.629289785304833,2375,72
test,SameHour24Baseline,RegionB,RealTimeInference,2378,5.0,7.0,2352,24
test,HierarchicalLocalMean,RegionB,RealTimeInference,2379,1.0,9.629289785304833,2375,72
test,SameHour24Baseline,RegionB,RealTimeInference,2379,1.0,20.0,2352,24
test,HierarchicalLocalMean,RegionB,RealTimeInference,2380,9.0,9.629289785304833,2375,72
test,SameHour24Baseline,RegionB,RealTimeInference,2380,9.0,9.0,2352,24
test,HierarchicalLocalMean,RegionB,RealTimeInference,2381,7.0,9.629289785304833,2375,72
test,SameHour24Baseline,RegionB,RealTimeInference,2381,7.0,14.0,2352,24
test,HierarchicalLocalMean,RegionB,RealTimeInference,2382,7.0,9.629289785304833,2375,72
test,SameHour24Baseline,RegionB,RealTimeInference,2382,7.0,3.0,2352,24
test,HierarchicalLocalMean,RegionB,RealTimeInference,2383,9.0,9.629289785304833,2375,72
test,SameHour24Baseline,RegionB,RealTimeInference,2383,9.0,9.0,2352,24
test,HierarchicalLocalMean,RegionB,RealTimeInference,2384,7.0,9.629289785304833,2375,72
test,SameHour24Baseline,RegionB,RealTimeInference,2384,7.0,4.0,2352,24
test,HierarchicalLocalMean,RegionB,RealTimeInference,2385,12.0,9.629289785304833,2375,72
test,SameHour24Baseline,RegionB,RealTimeInference,2385,12.0,9.0,2352,24
test,HierarchicalLocalMean,RegionB,RealTimeInference,2386,18.0,9.629289785304833,2375,72
test,SameHour24Baseline,RegionB,RealTimeInference,2386,18.0,13.0,2352,24
test,HierarchicalLocalMean,RegionB,RealTimeInference,2387,15.0,9.629289785304833,2375,72
test,SameHour24Baseline,RegionB,RealTimeInference,2387,15.0,2.0,2352,24
test,HierarchicalLocalMean,RegionB,RealTimeInference,2388,1.0,9.629289785304833,2375,72
test,SameHour24Baseline,RegionB,RealTimeInference,2388,1.0,13.0,2352,24
test,HierarchicalLocalMean,RegionB,RealTimeInference,2389,0.0,9.629289785304833,2375,72
test,SameHour24Baseline,RegionB,RealTimeInference,2389,0.0,18.0,2352,24
test,HierarchicalLocalMean,RegionB,RealTimeInference,2390,8.0,9.629289785304833,2375,72
test,SameHour24Baseline,RegionB,RealTimeInference,2390,8.0,9.0,2352,24
test,HierarchicalLocalMean,RegionB,RealTimeInference,2391,8.0,9.629289785304833,2375,72
test,SameHour24Baseline,RegionB,RealTimeInference,2391,8.0,5.0,2352,24
test,HierarchicalLocalMean,RegionB,RealTimeInference,2392,3.0,9.629289785304833,2375,72
test,SameHour24Baseline,RegionB,RealTimeInference,2392,3.0,11.0,2352,24
test,HierarchicalLocalMean,RegionB,RealTimeInference,2393,13.0,9.629289785304833,2375,72
test,SameHour24Baseline,RegionB,RealTimeInference,2393,13.0,5.0,2352,24
test,HierarchicalLocalMean,RegionB,RealTimeInference,2394,17.0,9.629289785304833,2375,72
test,SameHour24Baseline,RegionB,RealTimeInference,2394,17.0,0.0,2352,24
test,HierarchicalLocalMean,RegionB,RealTimeInference,2395,4.0,9.629289785304833,2375,72
test,SameHour24Baseline,RegionB,RealTimeInference,2395,4.0,6.0,2352,24
test,HierarchicalLocalMean,RegionB,RealTimeInference,2396,14.0,9.629289785304833,2375,72
test,SameHour24Baseline,RegionB,RealTimeInference,2396,14.0,29.0,2352,24
test,HierarchicalLocalMean,RegionB,RealTimeInference,2397,7.0,9.629289785304833,2375,72
test,SameHour24Baseline,RegionB,RealTimeInference,2397,7.0,25.0,2352,24
test,HierarchicalLocalMean,RegionB,RealTimeInference,2398,7.0,9.629289785304833,2375,72
test,SameHour24Baseline,RegionB,RealTimeInference,2398,7.0,14.0,2352,24
test,HierarchicalLocalMean,RegionB,RealTimeInference,2399,1.0,9.629289785304833,2375,72
test,SameHour24Baseline,RegionB,RealTimeInference,2399,1.0,6.0,2352,24
test,HierarchicalLocalMean,RegionC,AITraining,2376,0.0,21.067623991623844,2375,72
test,SameHour24Baseline,RegionC,AITraining,2376,0.0,0.0,2352,24
test,HierarchicalLocalMean,RegionC,AITraining,2377,110.0,21.067623991623844,2375,72
test,SameHour24Baseline,RegionC,AITraining,2377,110.0,44.0,2352,24
test,HierarchicalLocalMean,RegionC,AITraining,2378,17.0,21.067623991623844,2375,72
test,SameHour24Baseline,RegionC,AITraining,2378,17.0,0.0,2352,24
test,HierarchicalLocalMean,RegionC,AITraining,2379,0.0,21.067623991623844,2375,72
test,SameHour24Baseline,RegionC,AITraining,2379,0.0,0.0,2352,24
test,HierarchicalLocalMean,RegionC,AITraining,2380,0.0,21.067623991623844,2375,72
test,SameHour24Baseline,RegionC,AITraining,2380,0.0,0.0,2352,24
test,HierarchicalLocalMean,RegionC,AITraining,2381,68.0,21.067623991623844,2375,72
test,SameHour24Baseline,RegionC,AITraining,2381,68.0,48.0,2352,24
test,HierarchicalLocalMean,RegionC,AITraining,2382,67.0,21.067623991623844,2375,72
test,SameHour24Baseline,RegionC,AITraining,2382,67.0,0.0,2352,24
test,HierarchicalLocalMean,RegionC,AITraining,2383,0.0,21.067623991623844,2375,72
test,SameHour24Baseline,RegionC,AITraining,2383,0.0,0.0,2352,24
test,HierarchicalLocalMean,RegionC,AITraining,2384,0.0,21.067623991623844,2375,72
test,SameHour24Baseline,RegionC,AITraining,2384,0.0,26.0,2352,24
test,HierarchicalLocalMean,RegionC,AITraining,2385,0.0,21.067623991623844,2375,72
test,SameHour24Baseline,RegionC,AITraining,2385,0.0,0.0,2352,24
test,HierarchicalLocalMean,RegionC,AITraining,2386,0.0,21.067623991623844,2375,72
test,SameHour24Baseline,RegionC,AITraining,2386,0.0,0.0,2352,24
test,HierarchicalLocalMean,RegionC,AITraining,2387,91.0,21.067623991623844,2375,72
test,SameHour24Baseline,RegionC,AITraining,2387,91.0,0.0,2352,24
test,HierarchicalLocalMean,RegionC,AITraining,2388,0.0,21.067623991623844,2375,72
test,SameHour24Baseline,RegionC,AITraining,2388,0.0,109.0,2352,24
test,HierarchicalLocalMean,RegionC,AITraining,2389,0.0,21.067623991623844,2375,72
test,SameHour24Baseline,RegionC,AITraining,2389,0.0,0.0,2352,24
test,HierarchicalLocalMean,RegionC,AITraining,2390,0.0,21.067623991623844,2375,72
test,SameHour24Baseline,RegionC,AITraining,2390,0.0,45.0,2352,24
test,HierarchicalLocalMean,RegionC,AITraining,2391,0.0,21.067623991623844,2375,72
test,SameHour24Baseline,RegionC,AITraining,2391,0.0,0.0,2352,24
test,HierarchicalLocalMean,RegionC,AITraining,2392,18.0,21.067623991623844,2375,72
test,SameHour24Baseline,RegionC,AITraining,2392,18.0,0.0,2352,24
test,HierarchicalLocalMean,RegionC,AITraining,2393,0.0,21.067623991623844,2375,72
test,SameHour24Baseline,RegionC,AITraining,2393,0.0,0.0,2352,24
test,HierarchicalLocalMean,RegionC,AITraining,2394,0.0,21.067623991623844,2375,72
test,SameHour24Baseline,RegionC,AITraining,2394,0.0,0.0,2352,24
test,HierarchicalLocalMean,RegionC,AITraining,2395,0.0,21.067623991623844,2375,72
test,SameHour24Baseline,RegionC,AITraining,2395,0.0,186.0,2352,24
test,HierarchicalLocalMean,RegionC,AITraining,2396,0.0,21.067623991623844,2375,72
test,SameHour24Baseline,RegionC,AITraining,2396,0.0,0.0,2352,24
test,HierarchicalLocalMean,RegionC,AITraining,2397,0.0,21.067623991623844,2375,72
test,SameHour24Baseline,RegionC,AITraining,2397,0.0,0.0,2352,24
test,HierarchicalLocalMean,RegionC,AITraining,2398,16.0,21.067623991623844,2375,72
test,SameHour24Baseline,RegionC,AITraining,2398,16.0,0.0,2352,24
test,HierarchicalLocalMean,RegionC,AITraining,2399,37.0,21.067623991623844,2375,72
test,SameHour24Baseline,RegionC,AITraining,2399,37.0,0.0,2352,24
test,HierarchicalLocalMean,RegionC,BatchInference,2376,0.0,12.427155732996583,2375,72
test,SameHour24Baseline,RegionC,BatchInference,2376,0.0,4.0,2352,24
test,HierarchicalLocalMean,RegionC,BatchInference,2377,0.0,12.427155732996583,2375,72
test,SameHour24Baseline,RegionC,BatchInference,2377,0.0,19.0,2352,24
test,HierarchicalLocalMean,RegionC,BatchInference,2378,21.0,12.427155732996583,2375,72
test,SameHour24Baseline,RegionC,BatchInference,2378,21.0,26.0,2352,24
test,HierarchicalLocalMean,RegionC,BatchInference,2379,28.0,12.427155732996583,2375,72
test,SameHour24Baseline,RegionC,BatchInference,2379,28.0,22.0,2352,24
test,HierarchicalLocalMean,RegionC,BatchInference,2380,22.0,12.427155732996583,2375,72
test,SameHour24Baseline,RegionC,BatchInference,2380,22.0,0.0,2352,24
test,HierarchicalLocalMean,RegionC,BatchInference,2381,37.0,12.427155732996583,2375,72
test,SameHour24Baseline,RegionC,BatchInference,2381,37.0,0.0,2352,24
test,HierarchicalLocalMean,RegionC,BatchInference,2382,19.0,12.427155732996583,2375,72
test,SameHour24Baseline,RegionC,BatchInference,2382,19.0,7.0,2352,24
test,HierarchicalLocalMean,RegionC,BatchInference,2383,0.0,12.427155732996583,2375,72
test,SameHour24Baseline,RegionC,BatchInference,2383,0.0,34.0,2352,24
test,HierarchicalLocalMean,RegionC,BatchInference,2384,17.0,12.427155732996583,2375,72
test,SameHour24Baseline,RegionC,BatchInference,2384,17.0,19.0,2352,24
test,HierarchicalLocalMean,RegionC,BatchInference,2385,35.0,12.427155732996583,2375,72
test,SameHour24Baseline,RegionC,BatchInference,2385,35.0,38.0,2352,24
test,HierarchicalLocalMean,RegionC,BatchInference,2386,14.0,12.427155732996583,2375,72
test,SameHour24Baseline,RegionC,BatchInference,2386,14.0,0.0,2352,24
test,HierarchicalLocalMean,RegionC,BatchInference,2387,0.0,12.427155732996583,2375,72
test,SameHour24Baseline,RegionC,BatchInference,2387,0.0,0.0,2352,24
test,HierarchicalLocalMean,RegionC,BatchInference,2388,18.0,12.427155732996583,2375,72
test,SameHour24Baseline,RegionC,BatchInference,2388,18.0,15.0,2352,24
test,HierarchicalLocalMean,RegionC,BatchInference,2389,6.0,12.427155732996583,2375,72
test,SameHour24Baseline,RegionC,BatchInference,2389,6.0,15.0,2352,24
test,HierarchicalLocalMean,RegionC,BatchInference,2390,0.0,12.427155732996583,2375,72
test,SameHour24Baseline,RegionC,BatchInference,2390,0.0,16.0,2352,24
test,HierarchicalLocalMean,RegionC,BatchInference,2391,0.0,12.427155732996583,2375,72
test,SameHour24Baseline,RegionC,BatchInference,2391,0.0,20.0,2352,24
test,HierarchicalLocalMean,RegionC,BatchInference,2392,14.0,12.427155732996583,2375,72
test,SameHour24Baseline,RegionC,BatchInference,2392,14.0,10.0,2352,24
test,HierarchicalLocalMean,RegionC,BatchInference,2393,18.0,12.427155732996583,2375,72
test,SameHour24Baseline,RegionC,BatchInference,2393,18.0,0.0,2352,24
test,HierarchicalLocalMean,RegionC,BatchInference,2394,0.0,12.427155732996583,2375,72
test,SameHour24Baseline,RegionC,BatchInference,2394,0.0,0.0,2352,24
test,HierarchicalLocalMean,RegionC,BatchInference,2395,8.0,12.427155732996583,2375,72
test,SameHour24Baseline,RegionC,BatchInference,2395,8.0,0.0,2352,24
test,HierarchicalLocalMean,RegionC,BatchInference,2396,25.0,12.427155732996583,2375,72
test,SameHour24Baseline,RegionC,BatchInference,2396,25.0,17.0,2352,24
test,HierarchicalLocalMean,RegionC,BatchInference,2397,16.0,12.427155732996583,2375,72
test,SameHour24Baseline,RegionC,BatchInference,2397,16.0,0.0,2352,24
test,HierarchicalLocalMean,RegionC,BatchInference,2398,0.0,12.427155732996583,2375,72
test,SameHour24Baseline,RegionC,BatchInference,2398,0.0,5.0,2352,24
test,HierarchicalLocalMean,RegionC,BatchInference,2399,11.0,12.427155732996583,2375,72
test,SameHour24Baseline,RegionC,BatchInference,2399,11.0,8.0,2352,24
test,HierarchicalLocalMean,RegionC,RealTimeInference,2376,7.0,6.046884546183207,2375,72
test,SameHour24Baseline,RegionC,RealTimeInference,2376,7.0,12.0,2352,24
test,HierarchicalLocalMean,RegionC,RealTimeInference,2377,4.0,6.046884546183207,2375,72
test,SameHour24Baseline,RegionC,RealTimeInference,2377,4.0,4.0,2352,24
test,HierarchicalLocalMean,RegionC,RealTimeInference,2378,0.0,6.046884546183207,2375,72
test,SameHour24Baseline,RegionC,RealTimeInference,2378,0.0,4.0,2352,24
test,HierarchicalLocalMean,RegionC,RealTimeInference,2379,0.0,6.046884546183207,2375,72
test,SameHour24Baseline,RegionC,RealTimeInference,2379,0.0,14.0,2352,24
test,HierarchicalLocalMean,RegionC,RealTimeInference,2380,12.0,6.046884546183207,2375,72
test,SameHour24Baseline,RegionC,RealTimeInference,2380,12.0,27.0,2352,24
test,HierarchicalLocalMean,RegionC,RealTimeInference,2381,12.0,6.046884546183207,2375,72
test,SameHour24Baseline,RegionC,RealTimeInference,2381,12.0,20.0,2352,24
test,HierarchicalLocalMean,RegionC,RealTimeInference,2382,13.0,6.046884546183207,2375,72
test,SameHour24Baseline,RegionC,RealTimeInference,2382,13.0,14.0,2352,24
test,HierarchicalLocalMean,RegionC,RealTimeInference,2383,2.0,6.046884546183207,2375,72
test,SameHour24Baseline,RegionC,RealTimeInference,2383,2.0,3.0,2352,24
test,HierarchicalLocalMean,RegionC,RealTimeInference,2384,6.0,6.046884546183207,2375,72
test,SameHour24Baseline,RegionC,RealTimeInference,2384,6.0,6.0,2352,24
test,HierarchicalLocalMean,RegionC,RealTimeInference,2385,5.0,6.046884546183207,2375,72
test,SameHour24Baseline,RegionC,RealTimeInference,2385,5.0,3.0,2352,24
test,HierarchicalLocalMean,RegionC,RealTimeInference,2386,5.0,6.046884546183207,2375,72
test,SameHour24Baseline,RegionC,RealTimeInference,2386,5.0,8.0,2352,24
test,HierarchicalLocalMean,RegionC,RealTimeInference,2387,25.0,6.046884546183207,2375,72
test,SameHour24Baseline,RegionC,RealTimeInference,2387,25.0,5.0,2352,24
test,HierarchicalLocalMean,RegionC,RealTimeInference,2388,0.0,6.046884546183207,2375,72
test,SameHour24Baseline,RegionC,RealTimeInference,2388,0.0,14.0,2352,24
test,HierarchicalLocalMean,RegionC,RealTimeInference,2389,7.0,6.046884546183207,2375,72
test,SameHour24Baseline,RegionC,RealTimeInference,2389,7.0,14.0,2352,24
test,HierarchicalLocalMean,RegionC,RealTimeInference,2390,7.0,6.046884546183207,2375,72
test,SameHour24Baseline,RegionC,RealTimeInference,2390,7.0,13.0,2352,24
test,HierarchicalLocalMean,RegionC,RealTimeInference,2391,8.0,6.046884546183207,2375,72
test,SameHour24Baseline,RegionC,RealTimeInference,2391,8.0,0.0,2352,24
test,HierarchicalLocalMean,RegionC,RealTimeInference,2392,2.0,6.046884546183207,2375,72
test,SameHour24Baseline,RegionC,RealTimeInference,2392,2.0,9.0,2352,24
test,HierarchicalLocalMean,RegionC,RealTimeInference,2393,4.0,6.046884546183207,2375,72
test,SameHour24Baseline,RegionC,RealTimeInference,2393,4.0,3.0,2352,24
test,HierarchicalLocalMean,RegionC,RealTimeInference,2394,0.0,6.046884546183207,2375,72
test,SameHour24Baseline,RegionC,RealTimeInference,2394,0.0,4.0,2352,24
test,HierarchicalLocalMean,RegionC,RealTimeInference,2395,5.0,6.046884546183207,2375,72
test,SameHour24Baseline,RegionC,RealTimeInference,2395,5.0,6.0,2352,24
test,HierarchicalLocalMean,RegionC,RealTimeInference,2396,7.0,6.046884546183207,2375,72
test,SameHour24Baseline,RegionC,RealTimeInference,2396,7.0,0.0,2352,24
test,HierarchicalLocalMean,RegionC,RealTimeInference,2397,0.0,6.046884546183207,2375,72
test,SameHour24Baseline,RegionC,RealTimeInference,2397,0.0,9.0,2352,24
test,HierarchicalLocalMean,RegionC,RealTimeInference,2398,12.0,6.046884546183207,2375,72
test,SameHour24Baseline,RegionC,RealTimeInference,2398,12.0,0.0,2352,24
test,HierarchicalLocalMean,RegionC,RealTimeInference,2399,13.0,6.046884546183207,2375,72
test,SameHour24Baseline,RegionC,RealTimeInference,2399,13.0,4.0,2352,24
test,HierarchicalLocalMean,RegionD,AITraining,2376,119.0,167.08091333828102,2375,72
test,SameHour24Baseline,RegionD,AITraining,2376,119.0,168.0,2352,24
test,HierarchicalLocalMean,RegionD,AITraining,2377,209.0,167.08091333828102,2375,72
test,SameHour24Baseline,RegionD,AITraining,2377,209.0,188.0,2352,24
test,HierarchicalLocalMean,RegionD,AITraining,2378,147.0,167.08091333828102,2375,72
test,SameHour24Baseline,RegionD,AITraining,2378,147.0,194.0,2352,24
test,HierarchicalLocalMean,RegionD,AITraining,2379,374.0,167.08091333828102,2375,72
test,SameHour24Baseline,RegionD,AITraining,2379,374.0,139.0,2352,24
test,HierarchicalLocalMean,RegionD,AITraining,2380,83.0,167.08091333828102,2375,72
test,SameHour24Baseline,RegionD,AITraining,2380,83.0,53.0,2352,24
test,HierarchicalLocalMean,RegionD,AITraining,2381,178.0,167.08091333828102,2375,72
test,SameHour24Baseline,RegionD,AITraining,2381,178.0,75.0,2352,24
test,HierarchicalLocalMean,RegionD,AITraining,2382,91.0,167.08091333828102,2375,72
test,SameHour24Baseline,RegionD,AITraining,2382,91.0,291.0,2352,24
test,HierarchicalLocalMean,RegionD,AITraining,2383,112.0,167.08091333828102,2375,72
test,SameHour24Baseline,RegionD,AITraining,2383,112.0,179.0,2352,24
test,HierarchicalLocalMean,RegionD,AITraining,2384,68.0,167.08091333828102,2375,72
test,SameHour24Baseline,RegionD,AITraining,2384,68.0,195.0,2352,24
test,HierarchicalLocalMean,RegionD,AITraining,2385,64.0,167.08091333828102,2375,72
test,SameHour24Baseline,RegionD,AITraining,2385,64.0,165.0,2352,24
test,HierarchicalLocalMean,RegionD,AITraining,2386,116.0,167.08091333828102,2375,72
test,SameHour24Baseline,RegionD,AITraining,2386,116.0,0.0,2352,24
test,HierarchicalLocalMean,RegionD,AITraining,2387,126.0,167.08091333828102,2375,72
test,SameHour24Baseline,RegionD,AITraining,2387,126.0,30.0,2352,24
test,HierarchicalLocalMean,RegionD,AITraining,2388,59.0,167.08091333828102,2375,72
test,SameHour24Baseline,RegionD,AITraining,2388,59.0,33.0,2352,24
test,HierarchicalLocalMean,RegionD,AITraining,2389,276.0,167.08091333828102,2375,72
test,SameHour24Baseline,RegionD,AITraining,2389,276.0,86.0,2352,24
test,HierarchicalLocalMean,RegionD,AITraining,2390,299.0,167.08091333828102,2375,72
test,SameHour24Baseline,RegionD,AITraining,2390,299.0,160.0,2352,24
test,HierarchicalLocalMean,RegionD,AITraining,2391,142.0,167.08091333828102,2375,72
test,SameHour24Baseline,RegionD,AITraining,2391,142.0,231.0,2352,24
test,HierarchicalLocalMean,RegionD,AITraining,2392,221.0,167.08091333828102,2375,72
test,SameHour24Baseline,RegionD,AITraining,2392,221.0,256.0,2352,24
test,HierarchicalLocalMean,RegionD,AITraining,2393,22.0,167.08091333828102,2375,72
test,SameHour24Baseline,RegionD,AITraining,2393,22.0,111.0,2352,24
test,HierarchicalLocalMean,RegionD,AITraining,2394,214.0,167.08091333828102,2375,72
test,SameHour24Baseline,RegionD,AITraining,2394,214.0,93.0,2352,24
test,HierarchicalLocalMean,RegionD,AITraining,2395,112.0,167.08091333828102,2375,72
test,SameHour24Baseline,RegionD,AITraining,2395,112.0,221.0,2352,24
test,HierarchicalLocalMean,RegionD,AITraining,2396,176.0,167.08091333828102,2375,72
test,SameHour24Baseline,RegionD,AITraining,2396,176.0,178.0,2352,24
test,HierarchicalLocalMean,RegionD,AITraining,2397,37.0,167.08091333828102,2375,72
test,SameHour24Baseline,RegionD,AITraining,2397,37.0,205.0,2352,24
test,HierarchicalLocalMean,RegionD,AITraining,2398,381.0,167.08091333828102,2375,72
test,SameHour24Baseline,RegionD,AITraining,2398,381.0,125.0,2352,24
test,HierarchicalLocalMean,RegionD,AITraining,2399,0.0,167.08091333828102,2375,72
test,SameHour24Baseline,RegionD,AITraining,2399,0.0,41.0,2352,24
test,HierarchicalLocalMean,RegionD,BatchInference,2376,10.0,18.55544647380102,2375,72
test,SameHour24Baseline,RegionD,BatchInference,2376,10.0,39.0,2352,24
test,HierarchicalLocalMean,RegionD,BatchInference,2377,0.0,18.55544647380102,2375,72
test,SameHour24Baseline,RegionD,BatchInference,2377,0.0,72.0,2352,24
test,HierarchicalLocalMean,RegionD,BatchInference,2378,23.0,18.55544647380102,2375,72
test,SameHour24Baseline,RegionD,BatchInference,2378,23.0,16.0,2352,24
test,HierarchicalLocalMean,RegionD,BatchInference,2379,14.0,18.55544647380102,2375,72
test,SameHour24Baseline,RegionD,BatchInference,2379,14.0,35.0,2352,24
test,HierarchicalLocalMean,RegionD,BatchInference,2380,22.0,18.55544647380102,2375,72
test,SameHour24Baseline,RegionD,BatchInference,2380,22.0,15.0,2352,24
test,HierarchicalLocalMean,RegionD,BatchInference,2381,0.0,18.55544647380102,2375,72
test,SameHour24Baseline,RegionD,BatchInference,2381,0.0,15.0,2352,24
test,HierarchicalLocalMean,RegionD,BatchInference,2382,19.0,18.55544647380102,2375,72
test,SameHour24Baseline,RegionD,BatchInference,2382,19.0,5.0,2352,24
test,HierarchicalLocalMean,RegionD,BatchInference,2383,17.0,18.55544647380102,2375,72
test,SameHour24Baseline,RegionD,BatchInference,2383,17.0,23.0,2352,24
test,HierarchicalLocalMean,RegionD,BatchInference,2384,6.0,18.55544647380102,2375,72
test,SameHour24Baseline,RegionD,BatchInference,2384,6.0,0.0,2352,24
test,HierarchicalLocalMean,RegionD,BatchInference,2385,34.0,18.55544647380102,2375,72
test,SameHour24Baseline,RegionD,BatchInference,2385,34.0,0.0,2352,24
test,HierarchicalLocalMean,RegionD,BatchInference,2386,60.0,18.55544647380102,2375,72
test,SameHour24Baseline,RegionD,BatchInference,2386,60.0,19.0,2352,24
test,HierarchicalLocalMean,RegionD,BatchInference,2387,15.0,18.55544647380102,2375,72
test,SameHour24Baseline,RegionD,BatchInference,2387,15.0,19.0,2352,24
test,HierarchicalLocalMean,RegionD,BatchInference,2388,33.0,18.55544647380102,2375,72
test,SameHour24Baseline,RegionD,BatchInference,2388,33.0,10.0,2352,24
test,HierarchicalLocalMean,RegionD,BatchInference,2389,0.0,18.55544647380102,2375,72
test,SameHour24Baseline,RegionD,BatchInference,2389,0.0,57.0,2352,24
test,HierarchicalLocalMean,RegionD,BatchInference,2390,54.0,18.55544647380102,2375,72
test,SameHour24Baseline,RegionD,BatchInference,2390,54.0,22.0,2352,24
test,HierarchicalLocalMean,RegionD,BatchInference,2391,0.0,18.55544647380102,2375,72
test,SameHour24Baseline,RegionD,BatchInference,2391,0.0,5.0,2352,24
test,HierarchicalLocalMean,RegionD,BatchInference,2392,29.0,18.55544647380102,2375,72
test,SameHour24Baseline,RegionD,BatchInference,2392,29.0,38.0,2352,24
test,HierarchicalLocalMean,RegionD,BatchInference,2393,21.0,18.55544647380102,2375,72
test,SameHour24Baseline,RegionD,BatchInference,2393,21.0,0.0,2352,24
test,HierarchicalLocalMean,RegionD,BatchInference,2394,41.0,18.55544647380102,2375,72
test,SameHour24Baseline,RegionD,BatchInference,2394,41.0,36.0,2352,24
test,HierarchicalLocalMean,RegionD,BatchInference,2395,42.0,18.55544647380102,2375,72
test,SameHour24Baseline,RegionD,BatchInference,2395,42.0,23.0,2352,24
test,HierarchicalLocalMean,RegionD,BatchInference,2396,59.0,18.55544647380102,2375,72
test,SameHour24Baseline,RegionD,BatchInference,2396,59.0,23.0,2352,24
test,HierarchicalLocalMean,RegionD,BatchInference,2397,27.0,18.55544647380102,2375,72
test,SameHour24Baseline,RegionD,BatchInference,2397,27.0,15.0,2352,24
test,HierarchicalLocalMean,RegionD,BatchInference,2398,11.0,18.55544647380102,2375,72
test,SameHour24Baseline,RegionD,BatchInference,2398,11.0,19.0,2352,24
test,HierarchicalLocalMean,RegionD,BatchInference,2399,0.0,18.55544647380102,2375,72
test,SameHour24Baseline,RegionD,BatchInference,2399,0.0,0.0,2352,24
test,HierarchicalLocalMean,RegionD,RealTimeInference,2376,0.0,0.8080887178653947,2375,72
test,SameHour24Baseline,RegionD,RealTimeInference,2376,0.0,0.0,2352,24
test,HierarchicalLocalMean,RegionD,RealTimeInference,2377,0.0,0.8080887178653947,2375,72
test,SameHour24Baseline,RegionD,RealTimeInference,2377,0.0,0.0,2352,24
test,HierarchicalLocalMean,RegionD,RealTimeInference,2378,0.0,0.8080887178653947,2375,72
test,SameHour24Baseline,RegionD,RealTimeInference,2378,0.0,0.0,2352,24
test,HierarchicalLocalMean,RegionD,RealTimeInference,2379,6.0,0.8080887178653947,2375,72
test,SameHour24Baseline,RegionD,RealTimeInference,2379,6.0,0.0,2352,24
test,HierarchicalLocalMean,RegionD,RealTimeInference,2380,0.0,0.8080887178653947,2375,72
test,SameHour24Baseline,RegionD,RealTimeInference,2380,0.0,0.0,2352,24
test,HierarchicalLocalMean,RegionD,RealTimeInference,2381,0.0,0.8080887178653947,2375,72
test,SameHour24Baseline,RegionD,RealTimeInference,2381,0.0,0.0,2352,24
test,HierarchicalLocalMean,RegionD,RealTimeInference,2382,7.0,0.8080887178653947,2375,72
test,SameHour24Baseline,RegionD,RealTimeInference,2382,7.0,12.0,2352,24
test,HierarchicalLocalMean,RegionD,RealTimeInference,2383,0.0,0.8080887178653947,2375,72
test,SameHour24Baseline,RegionD,RealTimeInference,2383,0.0,0.0,2352,24
test,HierarchicalLocalMean,RegionD,RealTimeInference,2384,0.0,0.8080887178653947,2375,72
test,SameHour24Baseline,RegionD,RealTimeInference,2384,0.0,0.0,2352,24
test,HierarchicalLocalMean,RegionD,RealTimeInference,2385,0.0,0.8080887178653947,2375,72
test,SameHour24Baseline,RegionD,RealTimeInference,2385,0.0,0.0,2352,24
test,HierarchicalLocalMean,RegionD,RealTimeInference,2386,4.0,0.8080887178653947,2375,72
test,SameHour24Baseline,RegionD,RealTimeInference,2386,4.0,2.0,2352,24
test,HierarchicalLocalMean,RegionD,RealTimeInference,2387,0.0,0.8080887178653947,2375,72
test,SameHour24Baseline,RegionD,RealTimeInference,2387,0.0,0.0,2352,24
test,HierarchicalLocalMean,RegionD,RealTimeInference,2388,0.0,0.8080887178653947,2375,72
test,SameHour24Baseline,RegionD,RealTimeInference,2388,0.0,0.0,2352,24
test,HierarchicalLocalMean,RegionD,RealTimeInference,2389,0.0,0.8080887178653947,2375,72
test,SameHour24Baseline,RegionD,RealTimeInference,2389,0.0,0.0,2352,24
test,HierarchicalLocalMean,RegionD,RealTimeInference,2390,0.0,0.8080887178653947,2375,72
test,SameHour24Baseline,RegionD,RealTimeInference,2390,0.0,0.0,2352,24
test,HierarchicalLocalMean,RegionD,RealTimeInference,2391,2.0,0.8080887178653947,2375,72
test,SameHour24Baseline,RegionD,RealTimeInference,2391,2.0,0.0,2352,24
test,HierarchicalLocalMean,RegionD,RealTimeInference,2392,0.0,0.8080887178653947,2375,72
test,SameHour24Baseline,RegionD,RealTimeInference,2392,0.0,0.0,2352,24
test,HierarchicalLocalMean,RegionD,RealTimeInference,2393,0.0,0.8080887178653947,2375,72
test,SameHour24Baseline,RegionD,RealTimeInference,2393,0.0,0.0,2352,24
test,HierarchicalLocalMean,RegionD,RealTimeInference,2394,0.0,0.8080887178653947,2375,72
test,SameHour24Baseline,RegionD,RealTimeInference,2394,0.0,0.0,2352,24
test,HierarchicalLocalMean,RegionD,RealTimeInference,2395,3.0,0.8080887178653947,2375,72
test,SameHour24Baseline,RegionD,RealTimeInference,2395,3.0,0.0,2352,24
test,HierarchicalLocalMean,RegionD,RealTimeInference,2396,0.0,0.8080887178653947,2375,72
test,SameHour24Baseline,RegionD,RealTimeInference,2396,0.0,0.0,2352,24
test,HierarchicalLocalMean,RegionD,RealTimeInference,2397,0.0,0.8080887178653947,2375,72
test,SameHour24Baseline,RegionD,RealTimeInference,2397,0.0,0.0,2352,24
test,HierarchicalLocalMean,RegionD,RealTimeInference,2398,8.0,0.8080887178653947,2375,72
test,SameHour24Baseline,RegionD,RealTimeInference,2398,8.0,0.0,2352,24
test,HierarchicalLocalMean,RegionD,RealTimeInference,2399,0.0,0.8080887178653947,2375,72
test,SameHour24Baseline,RegionD,RealTimeInference,2399,0.0,0.0,2352,24
test,HierarchicalLocalMean,RegionE,AITraining,2376,111.0,112.63105413411434,2375,72
test,SameHour24Baseline,RegionE,AITraining,2376,111.0,120.0,2352,24
test,HierarchicalLocalMean,RegionE,AITraining,2377,321.0,112.63105413411434,2375,72
test,SameHour24Baseline,RegionE,AITraining,2377,321.0,43.0,2352,24
test,HierarchicalLocalMean,RegionE,AITraining,2378,335.0,112.63105413411434,2375,72
test,SameHour24Baseline,RegionE,AITraining,2378,335.0,96.0,2352,24
test,HierarchicalLocalMean,RegionE,AITraining,2379,70.0,112.63105413411434,2375,72
test,SameHour24Baseline,RegionE,AITraining,2379,70.0,0.0,2352,24
test,HierarchicalLocalMean,RegionE,AITraining,2380,73.0,112.63105413411434,2375,72
test,SameHour24Baseline,RegionE,AITraining,2380,73.0,58.0,2352,24
test,HierarchicalLocalMean,RegionE,AITraining,2381,161.0,112.63105413411434,2375,72
test,SameHour24Baseline,RegionE,AITraining,2381,161.0,107.0,2352,24
test,HierarchicalLocalMean,RegionE,AITraining,2382,0.0,112.63105413411434,2375,72
test,SameHour24Baseline,RegionE,AITraining,2382,0.0,237.0,2352,24
test,HierarchicalLocalMean,RegionE,AITraining,2383,286.0,112.63105413411434,2375,72
test,SameHour24Baseline,RegionE,AITraining,2383,286.0,193.0,2352,24
test,HierarchicalLocalMean,RegionE,AITraining,2384,153.0,112.63105413411434,2375,72
test,SameHour24Baseline,RegionE,AITraining,2384,153.0,298.0,2352,24
test,HierarchicalLocalMean,RegionE,AITraining,2385,144.0,112.63105413411434,2375,72
test,SameHour24Baseline,RegionE,AITraining,2385,144.0,349.0,2352,24
test,HierarchicalLocalMean,RegionE,AITraining,2386,101.0,112.63105413411434,2375,72
test,SameHour24Baseline,RegionE,AITraining,2386,101.0,207.0,2352,24
test,HierarchicalLocalMean,RegionE,AITraining,2387,368.0,112.63105413411434,2375,72
test,SameHour24Baseline,RegionE,AITraining,2387,368.0,23.0,2352,24
test,HierarchicalLocalMean,RegionE,AITraining,2388,0.0,112.63105413411434,2375,72
test,SameHour24Baseline,RegionE,AITraining,2388,0.0,0.0,2352,24
test,HierarchicalLocalMean,RegionE,AITraining,2389,128.0,112.63105413411434,2375,72
test,SameHour24Baseline,RegionE,AITraining,2389,128.0,0.0,2352,24
test,HierarchicalLocalMean,RegionE,AITraining,2390,517.0,112.63105413411434,2375,72
test,SameHour24Baseline,RegionE,AITraining,2390,517.0,0.0,2352,24
test,HierarchicalLocalMean,RegionE,AITraining,2391,297.0,112.63105413411434,2375,72
test,SameHour24Baseline,RegionE,AITraining,2391,297.0,110.0,2352,24
test,HierarchicalLocalMean,RegionE,AITraining,2392,104.0,112.63105413411434,2375,72
test,SameHour24Baseline,RegionE,AITraining,2392,104.0,167.0,2352,24
test,HierarchicalLocalMean,RegionE,AITraining,2393,0.0,112.63105413411434,2375,72
test,SameHour24Baseline,RegionE,AITraining,2393,0.0,274.0,2352,24
test,HierarchicalLocalMean,RegionE,AITraining,2394,261.0,112.63105413411434,2375,72
test,SameHour24Baseline,RegionE,AITraining,2394,261.0,24.0,2352,24
test,HierarchicalLocalMean,RegionE,AITraining,2395,269.0,112.63105413411434,2375,72
test,SameHour24Baseline,RegionE,AITraining,2395,269.0,69.0,2352,24
test,HierarchicalLocalMean,RegionE,AITraining,2396,105.0,112.63105413411434,2375,72
test,SameHour24Baseline,RegionE,AITraining,2396,105.0,0.0,2352,24
test,HierarchicalLocalMean,RegionE,AITraining,2397,109.0,112.63105413411434,2375,72
test,SameHour24Baseline,RegionE,AITraining,2397,109.0,41.0,2352,24
test,HierarchicalLocalMean,RegionE,AITraining,2398,161.0,112.63105413411434,2375,72
test,SameHour24Baseline,RegionE,AITraining,2398,161.0,252.0,2352,24
test,HierarchicalLocalMean,RegionE,AITraining,2399,115.0,112.63105413411434,2375,72
test,SameHour24Baseline,RegionE,AITraining,2399,115.0,46.0,2352,24
test,HierarchicalLocalMean,RegionE,BatchInference,2376,34.0,11.412744785438244,2375,72
test,SameHour24Baseline,RegionE,BatchInference,2376,34.0,0.0,2352,24
test,HierarchicalLocalMean,RegionE,BatchInference,2377,55.0,11.412744785438244,2375,72
test,SameHour24Baseline,RegionE,BatchInference,2377,55.0,0.0,2352,24
test,HierarchicalLocalMean,RegionE,BatchInference,2378,42.0,11.412744785438244,2375,72
test,SameHour24Baseline,RegionE,BatchInference,2378,42.0,0.0,2352,24
test,HierarchicalLocalMean,RegionE,BatchInference,2379,0.0,11.412744785438244,2375,72
test,SameHour24Baseline,RegionE,BatchInference,2379,0.0,0.0,2352,24
test,HierarchicalLocalMean,RegionE,BatchInference,2380,20.0,11.412744785438244,2375,72
test,SameHour24Baseline,RegionE,BatchInference,2380,20.0,4.0,2352,24
test,HierarchicalLocalMean,RegionE,BatchInference,2381,7.0,11.412744785438244,2375,72
test,SameHour24Baseline,RegionE,BatchInference,2381,7.0,18.0,2352,24
test,HierarchicalLocalMean,RegionE,BatchInference,2382,23.0,11.412744785438244,2375,72
test,SameHour24Baseline,RegionE,BatchInference,2382,23.0,36.0,2352,24
test,HierarchicalLocalMean,RegionE,BatchInference,2383,14.0,11.412744785438244,2375,72
test,SameHour24Baseline,RegionE,BatchInference,2383,14.0,0.0,2352,24
test,HierarchicalLocalMean,RegionE,BatchInference,2384,6.0,11.412744785438244,2375,72
test,SameHour24Baseline,RegionE,BatchInference,2384,6.0,39.0,2352,24
test,HierarchicalLocalMean,RegionE,BatchInference,2385,0.0,11.412744785438244,2375,72
test,SameHour24Baseline,RegionE,BatchInference,2385,0.0,8.0,2352,24
test,HierarchicalLocalMean,RegionE,BatchInference,2386,17.0,11.412744785438244,2375,72
test,SameHour24Baseline,RegionE,BatchInference,2386,17.0,14.0,2352,24
test,HierarchicalLocalMean,RegionE,BatchInference,2387,68.0,11.412744785438244,2375,72
test,SameHour24Baseline,RegionE,BatchInference,2387,68.0,0.0,2352,24
test,HierarchicalLocalMean,RegionE,BatchInference,2388,0.0,11.412744785438244,2375,72
test,SameHour24Baseline,RegionE,BatchInference,2388,0.0,44.0,2352,24
test,HierarchicalLocalMean,RegionE,BatchInference,2389,22.0,11.412744785438244,2375,72
test,SameHour24Baseline,RegionE,BatchInference,2389,22.0,0.0,2352,24
test,HierarchicalLocalMean,RegionE,BatchInference,2390,16.0,11.412744785438244,2375,72
test,SameHour24Baseline,RegionE,BatchInference,2390,16.0,19.0,2352,24
test,HierarchicalLocalMean,RegionE,BatchInference,2391,14.0,11.412744785438244,2375,72
test,SameHour24Baseline,RegionE,BatchInference,2391,14.0,11.0,2352,24
test,HierarchicalLocalMean,RegionE,BatchInference,2392,9.0,11.412744785438244,2375,72
test,SameHour24Baseline,RegionE,BatchInference,2392,9.0,15.0,2352,24
test,HierarchicalLocalMean,RegionE,BatchInference,2393,0.0,11.412744785438244,2375,72
test,SameHour24Baseline,RegionE,BatchInference,2393,0.0,22.0,2352,24
test,HierarchicalLocalMean,RegionE,BatchInference,2394,17.0,11.412744785438244,2375,72
test,SameHour24Baseline,RegionE,BatchInference,2394,17.0,0.0,2352,24
test,HierarchicalLocalMean,RegionE,BatchInference,2395,0.0,11.412744785438244,2375,72
test,SameHour24Baseline,RegionE,BatchInference,2395,0.0,0.0,2352,24
test,HierarchicalLocalMean,RegionE,BatchInference,2396,16.0,11.412744785438244,2375,72
test,SameHour24Baseline,RegionE,BatchInference,2396,16.0,0.0,2352,24
test,HierarchicalLocalMean,RegionE,BatchInference,2397,39.0,11.412744785438244,2375,72
test,SameHour24Baseline,RegionE,BatchInference,2397,39.0,17.0,2352,24
test,HierarchicalLocalMean,RegionE,BatchInference,2398,30.0,11.412744785438244,2375,72
test,SameHour24Baseline,RegionE,BatchInference,2398,30.0,12.0,2352,24
test,HierarchicalLocalMean,RegionE,BatchInference,2399,13.0,11.412744785438244,2375,72
test,SameHour24Baseline,RegionE,BatchInference,2399,13.0,16.0,2352,24
test,HierarchicalLocalMean,RegionE,RealTimeInference,2376,0.0,1.0117594000943242,2375,72
test,SameHour24Baseline,RegionE,RealTimeInference,2376,0.0,0.0,2352,24
test,HierarchicalLocalMean,RegionE,RealTimeInference,2377,5.0,1.0117594000943242,2375,72
test,SameHour24Baseline,RegionE,RealTimeInference,2377,5.0,0.0,2352,24
test,HierarchicalLocalMean,RegionE,RealTimeInference,2378,2.0,1.0117594000943242,2375,72
test,SameHour24Baseline,RegionE,RealTimeInference,2378,2.0,0.0,2352,24
test,HierarchicalLocalMean,RegionE,RealTimeInference,2379,0.0,1.0117594000943242,2375,72
test,SameHour24Baseline,RegionE,RealTimeInference,2379,0.0,0.0,2352,24
test,HierarchicalLocalMean,RegionE,RealTimeInference,2380,0.0,1.0117594000943242,2375,72
test,SameHour24Baseline,RegionE,RealTimeInference,2380,0.0,0.0,2352,24
test,HierarchicalLocalMean,RegionE,RealTimeInference,2381,0.0,1.0117594000943242,2375,72
test,SameHour24Baseline,RegionE,RealTimeInference,2381,0.0,6.0,2352,24
test,HierarchicalLocalMean,RegionE,RealTimeInference,2382,6.0,1.0117594000943242,2375,72
test,SameHour24Baseline,RegionE,RealTimeInference,2382,6.0,0.0,2352,24
test,HierarchicalLocalMean,RegionE,RealTimeInference,2383,0.0,1.0117594000943242,2375,72
test,SameHour24Baseline,RegionE,RealTimeInference,2383,0.0,0.0,2352,24
test,HierarchicalLocalMean,RegionE,RealTimeInference,2384,4.0,1.0117594000943242,2375,72
test,SameHour24Baseline,RegionE,RealTimeInference,2384,4.0,1.0,2352,24
test,HierarchicalLocalMean,RegionE,RealTimeInference,2385,0.0,1.0117594000943242,2375,72
test,SameHour24Baseline,RegionE,RealTimeInference,2385,0.0,0.0,2352,24
test,HierarchicalLocalMean,RegionE,RealTimeInference,2386,0.0,1.0117594000943242,2375,72
test,SameHour24Baseline,RegionE,RealTimeInference,2386,0.0,2.0,2352,24
test,HierarchicalLocalMean,RegionE,RealTimeInference,2387,0.0,1.0117594000943242,2375,72
test,SameHour24Baseline,RegionE,RealTimeInference,2387,0.0,0.0,2352,24
test,HierarchicalLocalMean,RegionE,RealTimeInference,2388,0.0,1.0117594000943242,2375,72
test,SameHour24Baseline,RegionE,RealTimeInference,2388,0.0,0.0,2352,24
test,HierarchicalLocalMean,RegionE,RealTimeInference,2389,0.0,1.0117594000943242,2375,72
test,SameHour24Baseline,RegionE,RealTimeInference,2389,0.0,0.0,2352,24
test,HierarchicalLocalMean,RegionE,RealTimeInference,2390,0.0,1.0117594000943242,2375,72
test,SameHour24Baseline,RegionE,RealTimeInference,2390,0.0,0.0,2352,24
test,HierarchicalLocalMean,RegionE,RealTimeInference,2391,5.0,1.0117594000943242,2375,72
test,SameHour24Baseline,RegionE,RealTimeInference,2391,5.0,7.0,2352,24
test,HierarchicalLocalMean,RegionE,RealTimeInference,2392,5.0,1.0117594000943242,2375,72
test,SameHour24Baseline,RegionE,RealTimeInference,2392,5.0,0.0,2352,24
test,HierarchicalLocalMean,RegionE,RealTimeInference,2393,0.0,1.0117594000943242,2375,72
test,SameHour24Baseline,RegionE,RealTimeInference,2393,0.0,0.0,2352,24
test,HierarchicalLocalMean,RegionE,RealTimeInference,2394,0.0,1.0117594000943242,2375,72
test,SameHour24Baseline,RegionE,RealTimeInference,2394,0.0,3.0,2352,24
test,HierarchicalLocalMean,RegionE,RealTimeInference,2395,0.0,1.0117594000943242,2375,72
test,SameHour24Baseline,RegionE,RealTimeInference,2395,0.0,0.0,2352,24
test,HierarchicalLocalMean,RegionE,RealTimeInference,2396,0.0,1.0117594000943242,2375,72
test,SameHour24Baseline,RegionE,RealTimeInference,2396,0.0,0.0,2352,24
test,HierarchicalLocalMean,RegionE,RealTimeInference,2397,0.0,1.0117594000943242,2375,72
test,SameHour24Baseline,RegionE,RealTimeInference,2397,0.0,2.0,2352,24
test,HierarchicalLocalMean,RegionE,RealTimeInference,2398,0.0,1.0117594000943242,2375,72
test,SameHour24Baseline,RegionE,RealTimeInference,2398,0.0,0.0,2352,24
test,HierarchicalLocalMean,RegionE,RealTimeInference,2399,4.0,1.0117594000943242,2375,72
test,SameHour24Baseline,RegionE,RealTimeInference,2399,4.0,0.0,2352,24
test,HierarchicalLocalMean,RegionF,AITraining,2376,124.0,133.3126487124345,2375,72
test,SameHour24Baseline,RegionF,AITraining,2376,124.0,127.0,2352,24
test,HierarchicalLocalMean,RegionF,AITraining,2377,321.0,133.3126487124345,2375,72
test,SameHour24Baseline,RegionF,AITraining,2377,321.0,88.0,2352,24
test,HierarchicalLocalMean,RegionF,AITraining,2378,296.0,133.3126487124345,2375,72
test,SameHour24Baseline,RegionF,AITraining,2378,296.0,31.0,2352,24
test,HierarchicalLocalMean,RegionF,AITraining,2379,102.0,133.3126487124345,2375,72
test,SameHour24Baseline,RegionF,AITraining,2379,102.0,220.0,2352,24
test,HierarchicalLocalMean,RegionF,AITraining,2380,329.0,133.3126487124345,2375,72
test,SameHour24Baseline,RegionF,AITraining,2380,329.0,425.0,2352,24
test,HierarchicalLocalMean,RegionF,AITraining,2381,191.0,133.3126487124345,2375,72
test,SameHour24Baseline,RegionF,AITraining,2381,191.0,25.0,2352,24
test,HierarchicalLocalMean,RegionF,AITraining,2382,180.0,133.3126487124345,2375,72
test,SameHour24Baseline,RegionF,AITraining,2382,180.0,37.0,2352,24
test,HierarchicalLocalMean,RegionF,AITraining,2383,159.0,133.3126487124345,2375,72
test,SameHour24Baseline,RegionF,AITraining,2383,159.0,330.0,2352,24
test,HierarchicalLocalMean,RegionF,AITraining,2384,179.0,133.3126487124345,2375,72
test,SameHour24Baseline,RegionF,AITraining,2384,179.0,236.0,2352,24
test,HierarchicalLocalMean,RegionF,AITraining,2385,393.0,133.3126487124345,2375,72
test,SameHour24Baseline,RegionF,AITraining,2385,393.0,126.0,2352,24
test,HierarchicalLocalMean,RegionF,AITraining,2386,114.0,133.3126487124345,2375,72
test,SameHour24Baseline,RegionF,AITraining,2386,114.0,101.0,2352,24
test,HierarchicalLocalMean,RegionF,AITraining,2387,226.0,133.3126487124345,2375,72
test,SameHour24Baseline,RegionF,AITraining,2387,226.0,118.0,2352,24
test,HierarchicalLocalMean,RegionF,AITraining,2388,345.0,133.3126487124345,2375,72
test,SameHour24Baseline,RegionF,AITraining,2388,345.0,118.0,2352,24
test,HierarchicalLocalMean,RegionF,AITraining,2389,41.0,133.3126487124345,2375,72
test,SameHour24Baseline,RegionF,AITraining,2389,41.0,125.0,2352,24
test,HierarchicalLocalMean,RegionF,AITraining,2390,87.0,133.3126487124345,2375,72
test,SameHour24Baseline,RegionF,AITraining,2390,87.0,198.0,2352,24
test,HierarchicalLocalMean,RegionF,AITraining,2391,58.0,133.3126487124345,2375,72
test,SameHour24Baseline,RegionF,AITraining,2391,58.0,192.0,2352,24
test,HierarchicalLocalMean,RegionF,AITraining,2392,250.0,133.3126487124345,2375,72
test,SameHour24Baseline,RegionF,AITraining,2392,250.0,0.0,2352,24
test,HierarchicalLocalMean,RegionF,AITraining,2393,223.0,133.3126487124345,2375,72
test,SameHour24Baseline,RegionF,AITraining,2393,223.0,334.0,2352,24
test,HierarchicalLocalMean,RegionF,AITraining,2394,339.0,133.3126487124345,2375,72
test,SameHour24Baseline,RegionF,AITraining,2394,339.0,122.0,2352,24
test,HierarchicalLocalMean,RegionF,AITraining,2395,149.0,133.3126487124345,2375,72
test,SameHour24Baseline,RegionF,AITraining,2395,149.0,135.0,2352,24
test,HierarchicalLocalMean,RegionF,AITraining,2396,121.0,133.3126487124345,2375,72
test,SameHour24Baseline,RegionF,AITraining,2396,121.0,151.0,2352,24
test,HierarchicalLocalMean,RegionF,AITraining,2397,76.0,133.3126487124345,2375,72
test,SameHour24Baseline,RegionF,AITraining,2397,76.0,163.0,2352,24
test,HierarchicalLocalMean,RegionF,AITraining,2398,122.0,133.3126487124345,2375,72
test,SameHour24Baseline,RegionF,AITraining,2398,122.0,91.0,2352,24
test,HierarchicalLocalMean,RegionF,AITraining,2399,271.0,133.3126487124345,2375,72
test,SameHour24Baseline,RegionF,AITraining,2399,271.0,0.0,2352,24
test,HierarchicalLocalMean,RegionF,BatchInference,2376,17.0,12.35470733405892,2375,72
test,SameHour24Baseline,RegionF,BatchInference,2376,17.0,0.0,2352,24
test,HierarchicalLocalMean,RegionF,BatchInference,2377,0.0,12.35470733405892,2375,72
test,SameHour24Baseline,RegionF,BatchInference,2377,0.0,50.0,2352,24
test,HierarchicalLocalMean,RegionF,BatchInference,2378,9.0,12.35470733405892,2375,72
test,SameHour24Baseline,RegionF,BatchInference,2378,9.0,0.0,2352,24
test,HierarchicalLocalMean,RegionF,BatchInference,2379,9.0,12.35470733405892,2375,72
test,SameHour24Baseline,RegionF,BatchInference,2379,9.0,0.0,2352,24
test,HierarchicalLocalMean,RegionF,BatchInference,2380,16.0,12.35470733405892,2375,72
test,SameHour24Baseline,RegionF,BatchInference,2380,16.0,20.0,2352,24
test,HierarchicalLocalMean,RegionF,BatchInference,2381,0.0,12.35470733405892,2375,72
test,SameHour24Baseline,RegionF,BatchInference,2381,0.0,20.0,2352,24
test,HierarchicalLocalMean,RegionF,BatchInference,2382,0.0,12.35470733405892,2375,72
test,SameHour24Baseline,RegionF,BatchInference,2382,0.0,14.0,2352,24
test,HierarchicalLocalMean,RegionF,BatchInference,2383,0.0,12.35470733405892,2375,72
test,SameHour24Baseline,RegionF,BatchInference,2383,0.0,0.0,2352,24
test,HierarchicalLocalMean,RegionF,BatchInference,2384,0.0,12.35470733405892,2375,72
test,SameHour24Baseline,RegionF,BatchInference,2384,0.0,9.0,2352,24
test,HierarchicalLocalMean,RegionF,BatchInference,2385,0.0,12.35470733405892,2375,72
test,SameHour24Baseline,RegionF,BatchInference,2385,0.0,15.0,2352,24
test,HierarchicalLocalMean,RegionF,BatchInference,2386,12.0,12.35470733405892,2375,72
test,SameHour24Baseline,RegionF,BatchInference,2386,12.0,20.0,2352,24
test,HierarchicalLocalMean,RegionF,BatchInference,2387,0.0,12.35470733405892,2375,72
test,SameHour24Baseline,RegionF,BatchInference,2387,0.0,0.0,2352,24
test,HierarchicalLocalMean,RegionF,BatchInference,2388,0.0,12.35470733405892,2375,72
test,SameHour24Baseline,RegionF,BatchInference,2388,0.0,7.0,2352,24
test,HierarchicalLocalMean,RegionF,BatchInference,2389,7.0,12.35470733405892,2375,72
test,SameHour24Baseline,RegionF,BatchInference,2389,7.0,0.0,2352,24
test,HierarchicalLocalMean,RegionF,BatchInference,2390,15.0,12.35470733405892,2375,72
test,SameHour24Baseline,RegionF,BatchInference,2390,15.0,0.0,2352,24
test,HierarchicalLocalMean,RegionF,BatchInference,2391,21.0,12.35470733405892,2375,72
test,SameHour24Baseline,RegionF,BatchInference,2391,21.0,4.0,2352,24
test,HierarchicalLocalMean,RegionF,BatchInference,2392,0.0,12.35470733405892,2375,72
test,SameHour24Baseline,RegionF,BatchInference,2392,0.0,13.0,2352,24
test,HierarchicalLocalMean,RegionF,BatchInference,2393,23.0,12.35470733405892,2375,72
test,SameHour24Baseline,RegionF,BatchInference,2393,23.0,0.0,2352,24
test,HierarchicalLocalMean,RegionF,BatchInference,2394,17.0,12.35470733405892,2375,72
test,SameHour24Baseline,RegionF,BatchInference,2394,17.0,0.0,2352,24
test,HierarchicalLocalMean,RegionF,BatchInference,2395,0.0,12.35470733405892,2375,72
test,SameHour24Baseline,RegionF,BatchInference,2395,0.0,23.0,2352,24
test,HierarchicalLocalMean,RegionF,BatchInference,2396,14.0,12.35470733405892,2375,72
test,SameHour24Baseline,RegionF,BatchInference,2396,14.0,17.0,2352,24
test,HierarchicalLocalMean,RegionF,BatchInference,2397,39.0,12.35470733405892,2375,72
test,SameHour24Baseline,RegionF,BatchInference,2397,39.0,9.0,2352,24
test,HierarchicalLocalMean,RegionF,BatchInference,2398,36.0,12.35470733405892,2375,72
test,SameHour24Baseline,RegionF,BatchInference,2398,36.0,14.0,2352,24
test,HierarchicalLocalMean,RegionF,BatchInference,2399,0.0,12.35470733405892,2375,72
test,SameHour24Baseline,RegionF,BatchInference,2399,0.0,7.0,2352,24
test,HierarchicalLocalMean,RegionF,RealTimeInference,2376,0.0,0.902091896729266,2375,72
test,SameHour24Baseline,RegionF,RealTimeInference,2376,0.0,0.0,2352,24
test,HierarchicalLocalMean,RegionF,RealTimeInference,2377,2.0,0.902091896729266,2375,72
test,SameHour24Baseline,RegionF,RealTimeInference,2377,2.0,0.0,2352,24
test,HierarchicalLocalMean,RegionF,RealTimeInference,2378,0.0,0.902091896729266,2375,72
test,SameHour24Baseline,RegionF,RealTimeInference,2378,0.0,0.0,2352,24
test,HierarchicalLocalMean,RegionF,RealTimeInference,2379,0.0,0.902091896729266,2375,72
test,SameHour24Baseline,RegionF,RealTimeInference,2379,0.0,0.0,2352,24
test,HierarchicalLocalMean,RegionF,RealTimeInference,2380,0.0,0.902091896729266,2375,72
test,SameHour24Baseline,RegionF,RealTimeInference,2380,0.0,0.0,2352,24
test,HierarchicalLocalMean,RegionF,RealTimeInference,2381,0.0,0.902091896729266,2375,72
test,SameHour24Baseline,RegionF,RealTimeInference,2381,0.0,0.0,2352,24
test,HierarchicalLocalMean,RegionF,RealTimeInference,2382,1.0,0.902091896729266,2375,72
test,SameHour24Baseline,RegionF,RealTimeInference,2382,1.0,0.0,2352,24
test,HierarchicalLocalMean,RegionF,RealTimeInference,2383,0.0,0.902091896729266,2375,72
test,SameHour24Baseline,RegionF,RealTimeInference,2383,0.0,0.0,2352,24
test,HierarchicalLocalMean,RegionF,RealTimeInference,2384,0.0,0.902091896729266,2375,72
test,SameHour24Baseline,RegionF,RealTimeInference,2384,0.0,0.0,2352,24
test,HierarchicalLocalMean,RegionF,RealTimeInference,2385,7.0,0.902091896729266,2375,72
test,SameHour24Baseline,RegionF,RealTimeInference,2385,7.0,7.0,2352,24
test,HierarchicalLocalMean,RegionF,RealTimeInference,2386,0.0,0.902091896729266,2375,72
test,SameHour24Baseline,RegionF,RealTimeInference,2386,0.0,6.0,2352,24
test,HierarchicalLocalMean,RegionF,RealTimeInference,2387,0.0,0.902091896729266,2375,72
test,SameHour24Baseline,RegionF,RealTimeInference,2387,0.0,0.0,2352,24
test,HierarchicalLocalMean,RegionF,RealTimeInference,2388,0.0,0.902091896729266,2375,72
test,SameHour24Baseline,RegionF,RealTimeInference,2388,0.0,0.0,2352,24
test,HierarchicalLocalMean,RegionF,RealTimeInference,2389,0.0,0.902091896729266,2375,72
test,SameHour24Baseline,RegionF,RealTimeInference,2389,0.0,1.0,2352,24
test,HierarchicalLocalMean,RegionF,RealTimeInference,2390,0.0,0.902091896729266,2375,72
test,SameHour24Baseline,RegionF,RealTimeInference,2390,0.0,0.0,2352,24
test,HierarchicalLocalMean,RegionF,RealTimeInference,2391,0.0,0.902091896729266,2375,72
test,SameHour24Baseline,RegionF,RealTimeInference,2391,0.0,0.0,2352,24
test,HierarchicalLocalMean,RegionF,RealTimeInference,2392,1.0,0.902091896729266,2375,72
test,SameHour24Baseline,RegionF,RealTimeInference,2392,1.0,0.0,2352,24
test,HierarchicalLocalMean,RegionF,RealTimeInference,2393,0.0,0.902091896729266,2375,72
test,SameHour24Baseline,RegionF,RealTimeInference,2393,0.0,0.0,2352,24
test,HierarchicalLocalMean,RegionF,RealTimeInference,2394,0.0,0.902091896729266,2375,72
test,SameHour24Baseline,RegionF,RealTimeInference,2394,0.0,0.0,2352,24
test,HierarchicalLocalMean,RegionF,RealTimeInference,2395,0.0,0.902091896729266,2375,72
test,SameHour24Baseline,RegionF,RealTimeInference,2395,0.0,0.0,2352,24
test,HierarchicalLocalMean,RegionF,RealTimeInference,2396,0.0,0.902091896729266,2375,72
test,SameHour24Baseline,RegionF,RealTimeInference,2396,0.0,8.0,2352,24
test,HierarchicalLocalMean,RegionF,RealTimeInference,2397,0.0,0.902091896729266,2375,72
test,SameHour24Baseline,RegionF,RealTimeInference,2397,0.0,0.0,2352,24
test,HierarchicalLocalMean,RegionF,RealTimeInference,2398,3.0,0.902091896729266,2375,72
test,SameHour24Baseline,RegionF,RealTimeInference,2398,3.0,0.0,2352,24
test,HierarchicalLocalMean,RegionF,RealTimeInference,2399,1.0,0.902091896729266,2375,72
test,SameHour24Baseline,RegionF,RealTimeInference,2399,1.0,1.0,2352,24
validation,HierarchicalLocalMean,RegionA,AITraining,2352,0.0,24.292364434659024,2351,72
validation,SameHour24Baseline,RegionA,AITraining,2352,0.0,0.0,2328,24
validation,HierarchicalLocalMean,RegionA,AITraining,2353,0.0,24.292364434659024,2351,72
validation,SameHour24Baseline,RegionA,AITraining,2353,0.0,0.0,2328,24
validation,HierarchicalLocalMean,RegionA,AITraining,2354,0.0,24.292364434659024,2351,72
validation,SameHour24Baseline,RegionA,AITraining,2354,0.0,0.0,2328,24
validation,HierarchicalLocalMean,RegionA,AITraining,2355,0.0,24.292364434659024,2351,72
validation,SameHour24Baseline,RegionA,AITraining,2355,0.0,0.0,2328,24
validation,HierarchicalLocalMean,RegionA,AITraining,2356,95.0,24.292364434659024,2351,72
validation,SameHour24Baseline,RegionA,AITraining,2356,95.0,0.0,2328,24
validation,HierarchicalLocalMean,RegionA,AITraining,2357,0.0,24.292364434659024,2351,72
validation,SameHour24Baseline,RegionA,AITraining,2357,0.0,0.0,2328,24
validation,HierarchicalLocalMean,RegionA,AITraining,2358,0.0,24.292364434659024,2351,72
validation,SameHour24Baseline,RegionA,AITraining,2358,0.0,0.0,2328,24
validation,HierarchicalLocalMean,RegionA,AITraining,2359,0.0,24.292364434659024,2351,72
validation,SameHour24Baseline,RegionA,AITraining,2359,0.0,105.0,2328,24
validation,HierarchicalLocalMean,RegionA,AITraining,2360,0.0,24.292364434659024,2351,72
validation,SameHour24Baseline,RegionA,AITraining,2360,0.0,163.0,2328,24
validation,HierarchicalLocalMean,RegionA,AITraining,2361,0.0,24.292364434659024,2351,72
validation,SameHour24Baseline,RegionA,AITraining,2361,0.0,123.0,2328,24
validation,HierarchicalLocalMean,RegionA,AITraining,2362,0.0,24.292364434659024,2351,72
validation,SameHour24Baseline,RegionA,AITraining,2362,0.0,44.0,2328,24
validation,HierarchicalLocalMean,RegionA,AITraining,2363,0.0,24.292364434659024,2351,72
validation,SameHour24Baseline,RegionA,AITraining,2363,0.0,212.0,2328,24
validation,HierarchicalLocalMean,RegionA,AITraining,2364,49.0,24.292364434659024,2351,72
validation,SameHour24Baseline,RegionA,AITraining,2364,49.0,114.0,2328,24
validation,HierarchicalLocalMean,RegionA,AITraining,2365,0.0,24.292364434659024,2351,72
validation,SameHour24Baseline,RegionA,AITraining,2365,0.0,0.0,2328,24
validation,HierarchicalLocalMean,RegionA,AITraining,2366,0.0,24.292364434659024,2351,72
validation,SameHour24Baseline,RegionA,AITraining,2366,0.0,0.0,2328,24
validation,HierarchicalLocalMean,RegionA,AITraining,2367,0.0,24.292364434659024,2351,72
validation,SameHour24Baseline,RegionA,AITraining,2367,0.0,0.0,2328,24
validation,HierarchicalLocalMean,RegionA,AITraining,2368,0.0,24.292364434659024,2351,72
validation,SameHour24Baseline,RegionA,AITraining,2368,0.0,102.0,2328,24
validation,HierarchicalLocalMean,RegionA,AITraining,2369,16.0,24.292364434659024,2351,72
validation,SameHour24Baseline,RegionA,AITraining,2369,16.0,0.0,2328,24
validation,HierarchicalLocalMean,RegionA,AITraining,2370,74.0,24.292364434659024,2351,72
validation,SameHour24Baseline,RegionA,AITraining,2370,74.0,0.0,2328,24
validation,HierarchicalLocalMean,RegionA,AITraining,2371,0.0,24.292364434659024,2351,72
validation,SameHour24Baseline,RegionA,AITraining,2371,0.0,0.0,2328,24
validation,HierarchicalLocalMean,RegionA,AITraining,2372,0.0,24.292364434659024,2351,72
validation,SameHour24Baseline,RegionA,AITraining,2372,0.0,0.0,2328,24
validation,HierarchicalLocalMean,RegionA,AITraining,2373,0.0,24.292364434659024,2351,72
validation,SameHour24Baseline,RegionA,AITraining,2373,0.0,0.0,2328,24
validation,HierarchicalLocalMean,RegionA,AITraining,2374,143.0,24.292364434659024,2351,72
validation,SameHour24Baseline,RegionA,AITraining,2374,143.0,103.0,2328,24
validation,HierarchicalLocalMean,RegionA,AITraining,2375,84.0,24.292364434659024,2351,72
validation,SameHour24Baseline,RegionA,AITraining,2375,84.0,0.0,2328,24
validation,HierarchicalLocalMean,RegionA,BatchInference,2352,9.0,18.709901053159857,2351,72
validation,SameHour24Baseline,RegionA,BatchInference,2352,9.0,0.0,2328,24
validation,HierarchicalLocalMean,RegionA,BatchInference,2353,22.0,18.709901053159857,2351,72
validation,SameHour24Baseline,RegionA,BatchInference,2353,22.0,8.0,2328,24
validation,HierarchicalLocalMean,RegionA,BatchInference,2354,4.0,18.709901053159857,2351,72
validation,SameHour24Baseline,RegionA,BatchInference,2354,4.0,15.0,2328,24
validation,HierarchicalLocalMean,RegionA,BatchInference,2355,62.0,18.709901053159857,2351,72
validation,SameHour24Baseline,RegionA,BatchInference,2355,62.0,15.0,2328,24
validation,HierarchicalLocalMean,RegionA,BatchInference,2356,17.0,18.709901053159857,2351,72
validation,SameHour24Baseline,RegionA,BatchInference,2356,17.0,44.0,2328,24
validation,HierarchicalLocalMean,RegionA,BatchInference,2357,0.0,18.709901053159857,2351,72
validation,SameHour24Baseline,RegionA,BatchInference,2357,0.0,0.0,2328,24
validation,HierarchicalLocalMean,RegionA,BatchInference,2358,21.0,18.709901053159857,2351,72
validation,SameHour24Baseline,RegionA,BatchInference,2358,21.0,12.0,2328,24
validation,HierarchicalLocalMean,RegionA,BatchInference,2359,0.0,18.709901053159857,2351,72
validation,SameHour24Baseline,RegionA,BatchInference,2359,0.0,44.0,2328,24
validation,HierarchicalLocalMean,RegionA,BatchInference,2360,12.0,18.709901053159857,2351,72
validation,SameHour24Baseline,RegionA,BatchInference,2360,12.0,5.0,2328,24
validation,HierarchicalLocalMean,RegionA,BatchInference,2361,17.0,18.709901053159857,2351,72
validation,SameHour24Baseline,RegionA,BatchInference,2361,17.0,17.0,2328,24
validation,HierarchicalLocalMean,RegionA,BatchInference,2362,5.0,18.709901053159857,2351,72
validation,SameHour24Baseline,RegionA,BatchInference,2362,5.0,23.0,2328,24
validation,HierarchicalLocalMean,RegionA,BatchInference,2363,19.0,18.709901053159857,2351,72
validation,SameHour24Baseline,RegionA,BatchInference,2363,19.0,47.0,2328,24
validation,HierarchicalLocalMean,RegionA,BatchInference,2364,39.0,18.709901053159857,2351,72
validation,SameHour24Baseline,RegionA,BatchInference,2364,39.0,18.0,2328,24
validation,HierarchicalLocalMean,RegionA,BatchInference,2365,0.0,18.709901053159857,2351,72
validation,SameHour24Baseline,RegionA,BatchInference,2365,0.0,32.0,2328,24
validation,HierarchicalLocalMean,RegionA,BatchInference,2366,14.0,18.709901053159857,2351,72
validation,SameHour24Baseline,RegionA,BatchInference,2366,14.0,43.0,2328,24
validation,HierarchicalLocalMean,RegionA,BatchInference,2367,9.0,18.709901053159857,2351,72
validation,SameHour24Baseline,RegionA,BatchInference,2367,9.0,30.0,2328,24
validation,HierarchicalLocalMean,RegionA,BatchInference,2368,0.0,18.709901053159857,2351,72
validation,SameHour24Baseline,RegionA,BatchInference,2368,0.0,21.0,2328,24
validation,HierarchicalLocalMean,RegionA,BatchInference,2369,19.0,18.709901053159857,2351,72
validation,SameHour24Baseline,RegionA,BatchInference,2369,19.0,22.0,2328,24
validation,HierarchicalLocalMean,RegionA,BatchInference,2370,10.0,18.709901053159857,2351,72
validation,SameHour24Baseline,RegionA,BatchInference,2370,10.0,18.0,2328,24
validation,HierarchicalLocalMean,RegionA,BatchInference,2371,32.0,18.709901053159857,2351,72
validation,SameHour24Baseline,RegionA,BatchInference,2371,32.0,5.0,2328,24
validation,HierarchicalLocalMean,RegionA,BatchInference,2372,0.0,18.709901053159857,2351,72
validation,SameHour24Baseline,RegionA,BatchInference,2372,0.0,0.0,2328,24
validation,HierarchicalLocalMean,RegionA,BatchInference,2373,18.0,18.709901053159857,2351,72
validation,SameHour24Baseline,RegionA,BatchInference,2373,18.0,37.0,2328,24
validation,HierarchicalLocalMean,RegionA,BatchInference,2374,8.0,18.709901053159857,2351,72
validation,SameHour24Baseline,RegionA,BatchInference,2374,8.0,28.0,2328,24
validation,HierarchicalLocalMean,RegionA,BatchInference,2375,44.0,18.709901053159857,2351,72
validation,SameHour24Baseline,RegionA,BatchInference,2375,44.0,0.0,2328,24
validation,HierarchicalLocalMean,RegionA,RealTimeInference,2352,14.0,9.733851169839468,2351,72
validation,SameHour24Baseline,RegionA,RealTimeInference,2352,14.0,18.0,2328,24
validation,HierarchicalLocalMean,RegionA,RealTimeInference,2353,2.0,9.733851169839468,2351,72
validation,SameHour24Baseline,RegionA,RealTimeInference,2353,2.0,19.0,2328,24
validation,HierarchicalLocalMean,RegionA,RealTimeInference,2354,8.0,9.733851169839468,2351,72
validation,SameHour24Baseline,RegionA,RealTimeInference,2354,8.0,7.0,2328,24
validation,HierarchicalLocalMean,RegionA,RealTimeInference,2355,2.0,9.733851169839468,2351,72
validation,SameHour24Baseline,RegionA,RealTimeInference,2355,2.0,18.0,2328,24
validation,HierarchicalLocalMean,RegionA,RealTimeInference,2356,13.0,9.733851169839468,2351,72
validation,SameHour24Baseline,RegionA,RealTimeInference,2356,13.0,15.0,2328,24
validation,HierarchicalLocalMean,RegionA,RealTimeInference,2357,9.0,9.733851169839468,2351,72
validation,SameHour24Baseline,RegionA,RealTimeInference,2357,9.0,9.0,2328,24
validation,HierarchicalLocalMean,RegionA,RealTimeInference,2358,3.0,9.733851169839468,2351,72
validation,SameHour24Baseline,RegionA,RealTimeInference,2358,3.0,4.0,2328,24
validation,HierarchicalLocalMean,RegionA,RealTimeInference,2359,5.0,9.733851169839468,2351,72
validation,SameHour24Baseline,RegionA,RealTimeInference,2359,5.0,9.0,2328,24
validation,HierarchicalLocalMean,RegionA,RealTimeInference,2360,8.0,9.733851169839468,2351,72
validation,SameHour24Baseline,RegionA,RealTimeInference,2360,8.0,9.0,2328,24
validation,HierarchicalLocalMean,RegionA,RealTimeInference,2361,6.0,9.733851169839468,2351,72
validation,SameHour24Baseline,RegionA,RealTimeInference,2361,6.0,9.0,2328,24
validation,HierarchicalLocalMean,RegionA,RealTimeInference,2362,3.0,9.733851169839468,2351,72
validation,SameHour24Baseline,RegionA,RealTimeInference,2362,3.0,23.0,2328,24
validation,HierarchicalLocalMean,RegionA,RealTimeInference,2363,0.0,9.733851169839468,2351,72
validation,SameHour24Baseline,RegionA,RealTimeInference,2363,0.0,4.0,2328,24
validation,HierarchicalLocalMean,RegionA,RealTimeInference,2364,7.0,9.733851169839468,2351,72
validation,SameHour24Baseline,RegionA,RealTimeInference,2364,7.0,8.0,2328,24
validation,HierarchicalLocalMean,RegionA,RealTimeInference,2365,14.0,9.733851169839468,2351,72
validation,SameHour24Baseline,RegionA,RealTimeInference,2365,14.0,12.0,2328,24
validation,HierarchicalLocalMean,RegionA,RealTimeInference,2366,13.0,9.733851169839468,2351,72
validation,SameHour24Baseline,RegionA,RealTimeInference,2366,13.0,10.0,2328,24
validation,HierarchicalLocalMean,RegionA,RealTimeInference,2367,20.0,9.733851169839468,2351,72
validation,SameHour24Baseline,RegionA,RealTimeInference,2367,20.0,6.0,2328,24
validation,HierarchicalLocalMean,RegionA,RealTimeInference,2368,11.0,9.733851169839468,2351,72
validation,SameHour24Baseline,RegionA,RealTimeInference,2368,11.0,11.0,2328,24
validation,HierarchicalLocalMean,RegionA,RealTimeInference,2369,8.0,9.733851169839468,2351,72
validation,SameHour24Baseline,RegionA,RealTimeInference,2369,8.0,26.0,2328,24
validation,HierarchicalLocalMean,RegionA,RealTimeInference,2370,10.0,9.733851169839468,2351,72
validation,SameHour24Baseline,RegionA,RealTimeInference,2370,10.0,4.0,2328,24
validation,HierarchicalLocalMean,RegionA,RealTimeInference,2371,17.0,9.733851169839468,2351,72
validation,SameHour24Baseline,RegionA,RealTimeInference,2371,17.0,7.0,2328,24
validation,HierarchicalLocalMean,RegionA,RealTimeInference,2372,0.0,9.733851169839468,2351,72
validation,SameHour24Baseline,RegionA,RealTimeInference,2372,0.0,9.0,2328,24
validation,HierarchicalLocalMean,RegionA,RealTimeInference,2373,2.0,9.733851169839468,2351,72
validation,SameHour24Baseline,RegionA,RealTimeInference,2373,2.0,19.0,2328,24
validation,HierarchicalLocalMean,RegionA,RealTimeInference,2374,0.0,9.733851169839468,2351,72
validation,SameHour24Baseline,RegionA,RealTimeInference,2374,0.0,7.0,2328,24
validation,HierarchicalLocalMean,RegionA,RealTimeInference,2375,5.0,9.733851169839468,2351,72
validation,SameHour24Baseline,RegionA,RealTimeInference,2375,5.0,10.0,2328,24
validation,HierarchicalLocalMean,RegionB,AITraining,2352,0.0,26.677150219774123,2351,72
validation,SameHour24Baseline,RegionB,AITraining,2352,0.0,114.0,2328,24
validation,HierarchicalLocalMean,RegionB,AITraining,2353,0.0,26.677150219774123,2351,72
validation,SameHour24Baseline,RegionB,AITraining,2353,0.0,0.0,2328,24
validation,HierarchicalLocalMean,RegionB,AITraining,2354,0.0,26.677150219774123,2351,72
validation,SameHour24Baseline,RegionB,AITraining,2354,0.0,79.0,2328,24
validation,HierarchicalLocalMean,RegionB,AITraining,2355,0.0,26.677150219774123,2351,72
validation,SameHour24Baseline,RegionB,AITraining,2355,0.0,0.0,2328,24
validation,HierarchicalLocalMean,RegionB,AITraining,2356,0.0,26.677150219774123,2351,72
validation,SameHour24Baseline,RegionB,AITraining,2356,0.0,106.0,2328,24
validation,HierarchicalLocalMean,RegionB,AITraining,2357,0.0,26.677150219774123,2351,72
validation,SameHour24Baseline,RegionB,AITraining,2357,0.0,0.0,2328,24
validation,HierarchicalLocalMean,RegionB,AITraining,2358,47.0,26.677150219774123,2351,72
validation,SameHour24Baseline,RegionB,AITraining,2358,47.0,0.0,2328,24
validation,HierarchicalLocalMean,RegionB,AITraining,2359,0.0,26.677150219774123,2351,72
validation,SameHour24Baseline,RegionB,AITraining,2359,0.0,140.0,2328,24
validation,HierarchicalLocalMean,RegionB,AITraining,2360,0.0,26.677150219774123,2351,72
validation,SameHour24Baseline,RegionB,AITraining,2360,0.0,0.0,2328,24
validation,HierarchicalLocalMean,RegionB,AITraining,2361,221.0,26.677150219774123,2351,72
validation,SameHour24Baseline,RegionB,AITraining,2361,221.0,0.0,2328,24
validation,HierarchicalLocalMean,RegionB,AITraining,2362,0.0,26.677150219774123,2351,72
validation,SameHour24Baseline,RegionB,AITraining,2362,0.0,0.0,2328,24
validation,HierarchicalLocalMean,RegionB,AITraining,2363,82.0,26.677150219774123,2351,72
validation,SameHour24Baseline,RegionB,AITraining,2363,82.0,40.0,2328,24
validation,HierarchicalLocalMean,RegionB,AITraining,2364,0.0,26.677150219774123,2351,72
validation,SameHour24Baseline,RegionB,AITraining,2364,0.0,23.0,2328,24
validation,HierarchicalLocalMean,RegionB,AITraining,2365,58.0,26.677150219774123,2351,72
validation,SameHour24Baseline,RegionB,AITraining,2365,58.0,0.0,2328,24
validation,HierarchicalLocalMean,RegionB,AITraining,2366,0.0,26.677150219774123,2351,72
validation,SameHour24Baseline,RegionB,AITraining,2366,0.0,77.0,2328,24
validation,HierarchicalLocalMean,RegionB,AITraining,2367,49.0,26.677150219774123,2351,72
validation,SameHour24Baseline,RegionB,AITraining,2367,49.0,0.0,2328,24
validation,HierarchicalLocalMean,RegionB,AITraining,2368,113.0,26.677150219774123,2351,72
validation,SameHour24Baseline,RegionB,AITraining,2368,113.0,127.0,2328,24
validation,HierarchicalLocalMean,RegionB,AITraining,2369,95.0,26.677150219774123,2351,72
validation,SameHour24Baseline,RegionB,AITraining,2369,95.0,0.0,2328,24
validation,HierarchicalLocalMean,RegionB,AITraining,2370,0.0,26.677150219774123,2351,72
validation,SameHour24Baseline,RegionB,AITraining,2370,0.0,210.0,2328,24
validation,HierarchicalLocalMean,RegionB,AITraining,2371,0.0,26.677150219774123,2351,72
validation,SameHour24Baseline,RegionB,AITraining,2371,0.0,0.0,2328,24
validation,HierarchicalLocalMean,RegionB,AITraining,2372,0.0,26.677150219774123,2351,72
validation,SameHour24Baseline,RegionB,AITraining,2372,0.0,68.0,2328,24
validation,HierarchicalLocalMean,RegionB,AITraining,2373,0.0,26.677150219774123,2351,72
validation,SameHour24Baseline,RegionB,AITraining,2373,0.0,0.0,2328,24
validation,HierarchicalLocalMean,RegionB,AITraining,2374,24.0,26.677150219774123,2351,72
validation,SameHour24Baseline,RegionB,AITraining,2374,24.0,0.0,2328,24
validation,HierarchicalLocalMean,RegionB,AITraining,2375,175.0,26.677150219774123,2351,72
validation,SameHour24Baseline,RegionB,AITraining,2375,175.0,0.0,2328,24
validation,HierarchicalLocalMean,RegionB,BatchInference,2352,26.0,20.52459786394634,2351,72
validation,SameHour24Baseline,RegionB,BatchInference,2352,26.0,18.0,2328,24
validation,HierarchicalLocalMean,RegionB,BatchInference,2353,0.0,20.52459786394634,2351,72
validation,SameHour24Baseline,RegionB,BatchInference,2353,0.0,20.0,2328,24
validation,HierarchicalLocalMean,RegionB,BatchInference,2354,33.0,20.52459786394634,2351,72
validation,SameHour24Baseline,RegionB,BatchInference,2354,33.0,14.0,2328,24
validation,HierarchicalLocalMean,RegionB,BatchInference,2355,21.0,20.52459786394634,2351,72
validation,SameHour24Baseline,RegionB,BatchInference,2355,21.0,17.0,2328,24
validation,HierarchicalLocalMean,RegionB,BatchInference,2356,21.0,20.52459786394634,2351,72
validation,SameHour24Baseline,RegionB,BatchInference,2356,21.0,46.0,2328,24
validation,HierarchicalLocalMean,RegionB,BatchInference,2357,53.0,20.52459786394634,2351,72
validation,SameHour24Baseline,RegionB,BatchInference,2357,53.0,10.0,2328,24
validation,HierarchicalLocalMean,RegionB,BatchInference,2358,0.0,20.52459786394634,2351,72
validation,SameHour24Baseline,RegionB,BatchInference,2358,0.0,0.0,2328,24
validation,HierarchicalLocalMean,RegionB,BatchInference,2359,52.0,20.52459786394634,2351,72
validation,SameHour24Baseline,RegionB,BatchInference,2359,52.0,30.0,2328,24
validation,HierarchicalLocalMean,RegionB,BatchInference,2360,11.0,20.52459786394634,2351,72
validation,SameHour24Baseline,RegionB,BatchInference,2360,11.0,42.0,2328,24
validation,HierarchicalLocalMean,RegionB,BatchInference,2361,9.0,20.52459786394634,2351,72
validation,SameHour24Baseline,RegionB,BatchInference,2361,9.0,0.0,2328,24
validation,HierarchicalLocalMean,RegionB,BatchInference,2362,32.0,20.52459786394634,2351,72
validation,SameHour24Baseline,RegionB,BatchInference,2362,32.0,18.0,2328,24
validation,HierarchicalLocalMean,RegionB,BatchInference,2363,15.0,20.52459786394634,2351,72
validation,SameHour24Baseline,RegionB,BatchInference,2363,15.0,16.0,2328,24
validation,HierarchicalLocalMean,RegionB,BatchInference,2364,0.0,20.52459786394634,2351,72
validation,SameHour24Baseline,RegionB,BatchInference,2364,0.0,50.0,2328,24
validation,HierarchicalLocalMean,RegionB,BatchInference,2365,9.0,20.52459786394634,2351,72
validation,SameHour24Baseline,RegionB,BatchInference,2365,9.0,31.0,2328,24
validation,HierarchicalLocalMean,RegionB,BatchInference,2366,0.0,20.52459786394634,2351,72
validation,SameHour24Baseline,RegionB,BatchInference,2366,0.0,15.0,2328,24
validation,HierarchicalLocalMean,RegionB,BatchInference,2367,0.0,20.52459786394634,2351,72
validation,SameHour24Baseline,RegionB,BatchInference,2367,0.0,11.0,2328,24
validation,HierarchicalLocalMean,RegionB,BatchInference,2368,0.0,20.52459786394634,2351,72
validation,SameHour24Baseline,RegionB,BatchInference,2368,0.0,26.0,2328,24
validation,HierarchicalLocalMean,RegionB,BatchInference,2369,0.0,20.52459786394634,2351,72
validation,SameHour24Baseline,RegionB,BatchInference,2369,0.0,0.0,2328,24
validation,HierarchicalLocalMean,RegionB,BatchInference,2370,5.0,20.52459786394634,2351,72
validation,SameHour24Baseline,RegionB,BatchInference,2370,5.0,28.0,2328,24
validation,HierarchicalLocalMean,RegionB,BatchInference,2371,8.0,20.52459786394634,2351,72
validation,SameHour24Baseline,RegionB,BatchInference,2371,8.0,0.0,2328,24
validation,HierarchicalLocalMean,RegionB,BatchInference,2372,75.0,20.52459786394634,2351,72
validation,SameHour24Baseline,RegionB,BatchInference,2372,75.0,25.0,2328,24
validation,HierarchicalLocalMean,RegionB,BatchInference,2373,0.0,20.52459786394634,2351,72
validation,SameHour24Baseline,RegionB,BatchInference,2373,0.0,11.0,2328,24
validation,HierarchicalLocalMean,RegionB,BatchInference,2374,10.0,20.52459786394634,2351,72
validation,SameHour24Baseline,RegionB,BatchInference,2374,10.0,5.0,2328,24
validation,HierarchicalLocalMean,RegionB,BatchInference,2375,0.0,20.52459786394634,2351,72
validation,SameHour24Baseline,RegionB,BatchInference,2375,0.0,24.0,2328,24
validation,HierarchicalLocalMean,RegionB,RealTimeInference,2352,0.0,9.173257421311066,2351,72
validation,SameHour24Baseline,RegionB,RealTimeInference,2352,0.0,4.0,2328,24
validation,HierarchicalLocalMean,RegionB,RealTimeInference,2353,3.0,9.173257421311066,2351,72
validation,SameHour24Baseline,RegionB,RealTimeInference,2353,3.0,3.0,2328,24
validation,HierarchicalLocalMean,RegionB,RealTimeInference,2354,7.0,9.173257421311066,2351,72
validation,SameHour24Baseline,RegionB,RealTimeInference,2354,7.0,12.0,2328,24
validation,HierarchicalLocalMean,RegionB,RealTimeInference,2355,20.0,9.173257421311066,2351,72
validation,SameHour24Baseline,RegionB,RealTimeInference,2355,20.0,7.0,2328,24
validation,HierarchicalLocalMean,RegionB,RealTimeInference,2356,9.0,9.173257421311066,2351,72
validation,SameHour24Baseline,RegionB,RealTimeInference,2356,9.0,0.0,2328,24
validation,HierarchicalLocalMean,RegionB,RealTimeInference,2357,14.0,9.173257421311066,2351,72
validation,SameHour24Baseline,RegionB,RealTimeInference,2357,14.0,0.0,2328,24
validation,HierarchicalLocalMean,RegionB,RealTimeInference,2358,3.0,9.173257421311066,2351,72
validation,SameHour24Baseline,RegionB,RealTimeInference,2358,3.0,13.0,2328,24
validation,HierarchicalLocalMean,RegionB,RealTimeInference,2359,9.0,9.173257421311066,2351,72
validation,SameHour24Baseline,RegionB,RealTimeInference,2359,9.0,5.0,2328,24
validation,HierarchicalLocalMean,RegionB,RealTimeInference,2360,4.0,9.173257421311066,2351,72
validation,SameHour24Baseline,RegionB,RealTimeInference,2360,4.0,10.0,2328,24
validation,HierarchicalLocalMean,RegionB,RealTimeInference,2361,9.0,9.173257421311066,2351,72
validation,SameHour24Baseline,RegionB,RealTimeInference,2361,9.0,11.0,2328,24
validation,HierarchicalLocalMean,RegionB,RealTimeInference,2362,13.0,9.173257421311066,2351,72
validation,SameHour24Baseline,RegionB,RealTimeInference,2362,13.0,16.0,2328,24
validation,HierarchicalLocalMean,RegionB,RealTimeInference,2363,2.0,9.173257421311066,2351,72
validation,SameHour24Baseline,RegionB,RealTimeInference,2363,2.0,4.0,2328,24
validation,HierarchicalLocalMean,RegionB,RealTimeInference,2364,13.0,9.173257421311066,2351,72
validation,SameHour24Baseline,RegionB,RealTimeInference,2364,13.0,12.0,2328,24
validation,HierarchicalLocalMean,RegionB,RealTimeInference,2365,18.0,9.173257421311066,2351,72
validation,SameHour24Baseline,RegionB,RealTimeInference,2365,18.0,4.0,2328,24
validation,HierarchicalLocalMean,RegionB,RealTimeInference,2366,9.0,9.173257421311066,2351,72
validation,SameHour24Baseline,RegionB,RealTimeInference,2366,9.0,2.0,2328,24
validation,HierarchicalLocalMean,RegionB,RealTimeInference,2367,5.0,9.173257421311066,2351,72
validation,SameHour24Baseline,RegionB,RealTimeInference,2367,5.0,4.0,2328,24
validation,HierarchicalLocalMean,RegionB,RealTimeInference,2368,11.0,9.173257421311066,2351,72
validation,SameHour24Baseline,RegionB,RealTimeInference,2368,11.0,0.0,2328,24
validation,HierarchicalLocalMean,RegionB,RealTimeInference,2369,5.0,9.173257421311066,2351,72
validation,SameHour24Baseline,RegionB,RealTimeInference,2369,5.0,19.0,2328,24
validation,HierarchicalLocalMean,RegionB,RealTimeInference,2370,0.0,9.173257421311066,2351,72
validation,SameHour24Baseline,RegionB,RealTimeInference,2370,0.0,1.0,2328,24
validation,HierarchicalLocalMean,RegionB,RealTimeInference,2371,6.0,9.173257421311066,2351,72
validation,SameHour24Baseline,RegionB,RealTimeInference,2371,6.0,7.0,2328,24
validation,HierarchicalLocalMean,RegionB,RealTimeInference,2372,29.0,9.173257421311066,2351,72
validation,SameHour24Baseline,RegionB,RealTimeInference,2372,29.0,10.0,2328,24
validation,HierarchicalLocalMean,RegionB,RealTimeInference,2373,25.0,9.173257421311066,2351,72
validation,SameHour24Baseline,RegionB,RealTimeInference,2373,25.0,7.0,2328,24
validation,HierarchicalLocalMean,RegionB,RealTimeInference,2374,14.0,9.173257421311066,2351,72
validation,SameHour24Baseline,RegionB,RealTimeInference,2374,14.0,13.0,2328,24
validation,HierarchicalLocalMean,RegionB,RealTimeInference,2375,6.0,9.173257421311066,2351,72
validation,SameHour24Baseline,RegionB,RealTimeInference,2375,6.0,9.0,2328,24
validation,HierarchicalLocalMean,RegionC,AITraining,2352,0.0,20.298242341998016,2351,72
validation,SameHour24Baseline,RegionC,AITraining,2352,0.0,0.0,2328,24
validation,HierarchicalLocalMean,RegionC,AITraining,2353,44.0,20.298242341998016,2351,72
validation,SameHour24Baseline,RegionC,AITraining,2353,44.0,0.0,2328,24
validation,HierarchicalLocalMean,RegionC,AITraining,2354,0.0,20.298242341998016,2351,72
validation,SameHour24Baseline,RegionC,AITraining,2354,0.0,223.0,2328,24
validation,HierarchicalLocalMean,RegionC,AITraining,2355,0.0,20.298242341998016,2351,72
validation,SameHour24Baseline,RegionC,AITraining,2355,0.0,0.0,2328,24
validation,HierarchicalLocalMean,RegionC,AITraining,2356,0.0,20.298242341998016,2351,72
validation,SameHour24Baseline,RegionC,AITraining,2356,0.0,76.0,2328,24
validation,HierarchicalLocalMean,RegionC,AITraining,2357,48.0,20.298242341998016,2351,72
validation,SameHour24Baseline,RegionC,AITraining,2357,48.0,0.0,2328,24
validation,HierarchicalLocalMean,RegionC,AITraining,2358,0.0,20.298242341998016,2351,72
validation,SameHour24Baseline,RegionC,AITraining,2358,0.0,0.0,2328,24
validation,HierarchicalLocalMean,RegionC,AITraining,2359,0.0,20.298242341998016,2351,72
validation,SameHour24Baseline,RegionC,AITraining,2359,0.0,24.0,2328,24
validation,HierarchicalLocalMean,RegionC,AITraining,2360,26.0,20.298242341998016,2351,72
validation,SameHour24Baseline,RegionC,AITraining,2360,26.0,0.0,2328,24
validation,HierarchicalLocalMean,RegionC,AITraining,2361,0.0,20.298242341998016,2351,72
validation,SameHour24Baseline,RegionC,AITraining,2361,0.0,0.0,2328,24
validation,HierarchicalLocalMean,RegionC,AITraining,2362,0.0,20.298242341998016,2351,72
validation,SameHour24Baseline,RegionC,AITraining,2362,0.0,50.0,2328,24
validation,HierarchicalLocalMean,RegionC,AITraining,2363,0.0,20.298242341998016,2351,72
validation,SameHour24Baseline,RegionC,AITraining,2363,0.0,0.0,2328,24
validation,HierarchicalLocalMean,RegionC,AITraining,2364,109.0,20.298242341998016,2351,72
validation,SameHour24Baseline,RegionC,AITraining,2364,109.0,29.0,2328,24
validation,HierarchicalLocalMean,RegionC,AITraining,2365,0.0,20.298242341998016,2351,72
validation,SameHour24Baseline,RegionC,AITraining,2365,0.0,69.0,2328,24
validation,HierarchicalLocalMean,RegionC,AITraining,2366,45.0,20.298242341998016,2351,72
validation,SameHour24Baseline,RegionC,AITraining,2366,45.0,69.0,2328,24
validation,HierarchicalLocalMean,RegionC,AITraining,2367,0.0,20.298242341998016,2351,72
validation,SameHour24Baseline,RegionC,AITraining,2367,0.0,41.0,2328,24
validation,HierarchicalLocalMean,RegionC,AITraining,2368,0.0,20.298242341998016,2351,72
validation,SameHour24Baseline,RegionC,AITraining,2368,0.0,0.0,2328,24
validation,HierarchicalLocalMean,RegionC,AITraining,2369,0.0,20.298242341998016,2351,72
validation,SameHour24Baseline,RegionC,AITraining,2369,0.0,0.0,2328,24
validation,HierarchicalLocalMean,RegionC,AITraining,2370,0.0,20.298242341998016,2351,72
validation,SameHour24Baseline,RegionC,AITraining,2370,0.0,0.0,2328,24
validation,HierarchicalLocalMean,RegionC,AITraining,2371,186.0,20.298242341998016,2351,72
validation,SameHour24Baseline,RegionC,AITraining,2371,186.0,0.0,2328,24
validation,HierarchicalLocalMean,RegionC,AITraining,2372,0.0,20.298242341998016,2351,72
validation,SameHour24Baseline,RegionC,AITraining,2372,0.0,0.0,2328,24
validation,HierarchicalLocalMean,RegionC,AITraining,2373,0.0,20.298242341998016,2351,72
validation,SameHour24Baseline,RegionC,AITraining,2373,0.0,93.0,2328,24
validation,HierarchicalLocalMean,RegionC,AITraining,2374,0.0,20.298242341998016,2351,72
validation,SameHour24Baseline,RegionC,AITraining,2374,0.0,66.0,2328,24
validation,HierarchicalLocalMean,RegionC,AITraining,2375,0.0,20.298242341998016,2351,72
validation,SameHour24Baseline,RegionC,AITraining,2375,0.0,0.0,2328,24
validation,HierarchicalLocalMean,RegionC,BatchInference,2352,4.0,12.91352989342293,2351,72
validation,SameHour24Baseline,RegionC,BatchInference,2352,4.0,0.0,2328,24
validation,HierarchicalLocalMean,RegionC,BatchInference,2353,19.0,12.91352989342293,2351,72
validation,SameHour24Baseline,RegionC,BatchInference,2353,19.0,22.0,2328,24
validation,HierarchicalLocalMean,RegionC,BatchInference,2354,26.0,12.91352989342293,2351,72
validation,SameHour24Baseline,RegionC,BatchInference,2354,26.0,14.0,2328,24
validation,HierarchicalLocalMean,RegionC,BatchInference,2355,22.0,12.91352989342293,2351,72
validation,SameHour24Baseline,RegionC,BatchInference,2355,22.0,19.0,2328,24
validation,HierarchicalLocalMean,RegionC,BatchInference,2356,0.0,12.91352989342293,2351,72
validation,SameHour24Baseline,RegionC,BatchInference,2356,0.0,0.0,2328,24
validation,HierarchicalLocalMean,RegionC,BatchInference,2357,0.0,12.91352989342293,2351,72
validation,SameHour24Baseline,RegionC,BatchInference,2357,0.0,16.0,2328,24
validation,HierarchicalLocalMean,RegionC,BatchInference,2358,7.0,12.91352989342293,2351,72
validation,SameHour24Baseline,RegionC,BatchInference,2358,7.0,0.0,2328,24
validation,HierarchicalLocalMean,RegionC,BatchInference,2359,34.0,12.91352989342293,2351,72
validation,SameHour24Baseline,RegionC,BatchInference,2359,34.0,0.0,2328,24
validation,HierarchicalLocalMean,RegionC,BatchInference,2360,19.0,12.91352989342293,2351,72
validation,SameHour24Baseline,RegionC,BatchInference,2360,19.0,25.0,2328,24
validation,HierarchicalLocalMean,RegionC,BatchInference,2361,38.0,12.91352989342293,2351,72
validation,SameHour24Baseline,RegionC,BatchInference,2361,38.0,43.0,2328,24
validation,HierarchicalLocalMean,RegionC,BatchInference,2362,0.0,12.91352989342293,2351,72
validation,SameHour24Baseline,RegionC,BatchInference,2362,0.0,14.0,2328,24
validation,HierarchicalLocalMean,RegionC,BatchInference,2363,0.0,12.91352989342293,2351,72
validation,SameHour24Baseline,RegionC,BatchInference,2363,0.0,28.0,2328,24
validation,HierarchicalLocalMean,RegionC,BatchInference,2364,15.0,12.91352989342293,2351,72
validation,SameHour24Baseline,RegionC,BatchInference,2364,15.0,8.0,2328,24
validation,HierarchicalLocalMean,RegionC,BatchInference,2365,15.0,12.91352989342293,2351,72
validation,SameHour24Baseline,RegionC,BatchInference,2365,15.0,15.0,2328,24
validation,HierarchicalLocalMean,RegionC,BatchInference,2366,16.0,12.91352989342293,2351,72
validation,SameHour24Baseline,RegionC,BatchInference,2366,16.0,0.0,2328,24
validation,HierarchicalLocalMean,RegionC,BatchInference,2367,20.0,12.91352989342293,2351,72
validation,SameHour24Baseline,RegionC,BatchInference,2367,20.0,21.0,2328,24
validation,HierarchicalLocalMean,RegionC,BatchInference,2368,10.0,12.91352989342293,2351,72
validation,SameHour24Baseline,RegionC,BatchInference,2368,10.0,0.0,2328,24
validation,HierarchicalLocalMean,RegionC,BatchInference,2369,0.0,12.91352989342293,2351,72
validation,SameHour24Baseline,RegionC,BatchInference,2369,0.0,29.0,2328,24
validation,HierarchicalLocalMean,RegionC,BatchInference,2370,0.0,12.91352989342293,2351,72
validation,SameHour24Baseline,RegionC,BatchInference,2370,0.0,16.0,2328,24
validation,HierarchicalLocalMean,RegionC,BatchInference,2371,0.0,12.91352989342293,2351,72
validation,SameHour24Baseline,RegionC,BatchInference,2371,0.0,11.0,2328,24
validation,HierarchicalLocalMean,RegionC,BatchInference,2372,17.0,12.91352989342293,2351,72
validation,SameHour24Baseline,RegionC,BatchInference,2372,17.0,20.0,2328,24
validation,HierarchicalLocalMean,RegionC,BatchInference,2373,0.0,12.91352989342293,2351,72
validation,SameHour24Baseline,RegionC,BatchInference,2373,0.0,14.0,2328,24
validation,HierarchicalLocalMean,RegionC,BatchInference,2374,5.0,12.91352989342293,2351,72
validation,SameHour24Baseline,RegionC,BatchInference,2374,5.0,16.0,2328,24
validation,HierarchicalLocalMean,RegionC,BatchInference,2375,8.0,12.91352989342293,2351,72
validation,SameHour24Baseline,RegionC,BatchInference,2375,8.0,32.0,2328,24
validation,HierarchicalLocalMean,RegionC,RealTimeInference,2352,12.0,6.246564546792448,2351,72
validation,SameHour24Baseline,RegionC,RealTimeInference,2352,12.0,10.0,2328,24
validation,HierarchicalLocalMean,RegionC,RealTimeInference,2353,4.0,6.246564546792448,2351,72
validation,SameHour24Baseline,RegionC,RealTimeInference,2353,4.0,2.0,2328,24
validation,HierarchicalLocalMean,RegionC,RealTimeInference,2354,4.0,6.246564546792448,2351,72
validation,SameHour24Baseline,RegionC,RealTimeInference,2354,4.0,0.0,2328,24
validation,HierarchicalLocalMean,RegionC,RealTimeInference,2355,14.0,6.246564546792448,2351,72
validation,SameHour24Baseline,RegionC,RealTimeInference,2355,14.0,8.0,2328,24
validation,HierarchicalLocalMean,RegionC,RealTimeInference,2356,27.0,6.246564546792448,2351,72
validation,SameHour24Baseline,RegionC,RealTimeInference,2356,27.0,2.0,2328,24
validation,HierarchicalLocalMean,RegionC,RealTimeInference,2357,20.0,6.246564546792448,2351,72
validation,SameHour24Baseline,RegionC,RealTimeInference,2357,20.0,3.0,2328,24
validation,HierarchicalLocalMean,RegionC,RealTimeInference,2358,14.0,6.246564546792448,2351,72
validation,SameHour24Baseline,RegionC,RealTimeInference,2358,14.0,3.0,2328,24
validation,HierarchicalLocalMean,RegionC,RealTimeInference,2359,3.0,6.246564546792448,2351,72
validation,SameHour24Baseline,RegionC,RealTimeInference,2359,3.0,2.0,2328,24
validation,HierarchicalLocalMean,RegionC,RealTimeInference,2360,6.0,6.246564546792448,2351,72
validation,SameHour24Baseline,RegionC,RealTimeInference,2360,6.0,9.0,2328,24
validation,HierarchicalLocalMean,RegionC,RealTimeInference,2361,3.0,6.246564546792448,2351,72
validation,SameHour24Baseline,RegionC,RealTimeInference,2361,3.0,18.0,2328,24
validation,HierarchicalLocalMean,RegionC,RealTimeInference,2362,8.0,6.246564546792448,2351,72
validation,SameHour24Baseline,RegionC,RealTimeInference,2362,8.0,17.0,2328,24
validation,HierarchicalLocalMean,RegionC,RealTimeInference,2363,5.0,6.246564546792448,2351,72
validation,SameHour24Baseline,RegionC,RealTimeInference,2363,5.0,11.0,2328,24
validation,HierarchicalLocalMean,RegionC,RealTimeInference,2364,14.0,6.246564546792448,2351,72
validation,SameHour24Baseline,RegionC,RealTimeInference,2364,14.0,0.0,2328,24
validation,HierarchicalLocalMean,RegionC,RealTimeInference,2365,14.0,6.246564546792448,2351,72
validation,SameHour24Baseline,RegionC,RealTimeInference,2365,14.0,26.0,2328,24
validation,HierarchicalLocalMean,RegionC,RealTimeInference,2366,13.0,6.246564546792448,2351,72
validation,SameHour24Baseline,RegionC,RealTimeInference,2366,13.0,21.0,2328,24
validation,HierarchicalLocalMean,RegionC,RealTimeInference,2367,0.0,6.246564546792448,2351,72
validation,SameHour24Baseline,RegionC,RealTimeInference,2367,0.0,8.0,2328,24
validation,HierarchicalLocalMean,RegionC,RealTimeInference,2368,9.0,6.246564546792448,2351,72
validation,SameHour24Baseline,RegionC,RealTimeInference,2368,9.0,14.0,2328,24
validation,HierarchicalLocalMean,RegionC,RealTimeInference,2369,3.0,6.246564546792448,2351,72
validation,SameHour24Baseline,RegionC,RealTimeInference,2369,3.0,16.0,2328,24
validation,HierarchicalLocalMean,RegionC,RealTimeInference,2370,4.0,6.246564546792448,2351,72
validation,SameHour24Baseline,RegionC,RealTimeInference,2370,4.0,2.0,2328,24
validation,HierarchicalLocalMean,RegionC,RealTimeInference,2371,6.0,6.246564546792448,2351,72
validation,SameHour24Baseline,RegionC,RealTimeInference,2371,6.0,3.0,2328,24
validation,HierarchicalLocalMean,RegionC,RealTimeInference,2372,0.0,6.246564546792448,2351,72
validation,SameHour24Baseline,RegionC,RealTimeInference,2372,0.0,7.0,2328,24
validation,HierarchicalLocalMean,RegionC,RealTimeInference,2373,9.0,6.246564546792448,2351,72
validation,SameHour24Baseline,RegionC,RealTimeInference,2373,9.0,6.0,2328,24
validation,HierarchicalLocalMean,RegionC,RealTimeInference,2374,0.0,6.246564546792448,2351,72
validation,SameHour24Baseline,RegionC,RealTimeInference,2374,0.0,3.0,2328,24
validation,HierarchicalLocalMean,RegionC,RealTimeInference,2375,4.0,6.246564546792448,2351,72
validation,SameHour24Baseline,RegionC,RealTimeInference,2375,4.0,16.0,2328,24
validation,HierarchicalLocalMean,RegionD,AITraining,2352,168.0,171.68073224312926,2351,72
validation,SameHour24Baseline,RegionD,AITraining,2352,168.0,415.0,2328,24
validation,HierarchicalLocalMean,RegionD,AITraining,2353,188.0,171.68073224312926,2351,72
validation,SameHour24Baseline,RegionD,AITraining,2353,188.0,165.0,2328,24
validation,HierarchicalLocalMean,RegionD,AITraining,2354,194.0,171.68073224312926,2351,72
validation,SameHour24Baseline,RegionD,AITraining,2354,194.0,110.0,2328,24
validation,HierarchicalLocalMean,RegionD,AITraining,2355,139.0,171.68073224312926,2351,72
validation,SameHour24Baseline,RegionD,AITraining,2355,139.0,75.0,2328,24
validation,HierarchicalLocalMean,RegionD,AITraining,2356,53.0,171.68073224312926,2351,72
validation,SameHour24Baseline,RegionD,AITraining,2356,53.0,34.0,2328,24
validation,HierarchicalLocalMean,RegionD,AITraining,2357,75.0,171.68073224312926,2351,72
validation,SameHour24Baseline,RegionD,AITraining,2357,75.0,0.0,2328,24
validation,HierarchicalLocalMean,RegionD,AITraining,2358,291.0,171.68073224312926,2351,72
validation,SameHour24Baseline,RegionD,AITraining,2358,291.0,112.0,2328,24
validation,HierarchicalLocalMean,RegionD,AITraining,2359,179.0,171.68073224312926,2351,72
validation,SameHour24Baseline,RegionD,AITraining,2359,179.0,50.0,2328,24
validation,HierarchicalLocalMean,RegionD,AITraining,2360,195.0,171.68073224312926,2351,72
validation,SameHour24Baseline,RegionD,AITraining,2360,195.0,168.0,2328,24
validation,HierarchicalLocalMean,RegionD,AITraining,2361,165.0,171.68073224312926,2351,72
validation,SameHour24Baseline,RegionD,AITraining,2361,165.0,0.0,2328,24
validation,HierarchicalLocalMean,RegionD,AITraining,2362,0.0,171.68073224312926,2351,72
validation,SameHour24Baseline,RegionD,AITraining,2362,0.0,142.0,2328,24
validation,HierarchicalLocalMean,RegionD,AITraining,2363,30.0,171.68073224312926,2351,72
validation,SameHour24Baseline,RegionD,AITraining,2363,30.0,289.0,2328,24
validation,HierarchicalLocalMean,RegionD,AITraining,2364,33.0,171.68073224312926,2351,72
validation,SameHour24Baseline,RegionD,AITraining,2364,33.0,275.0,2328,24
validation,HierarchicalLocalMean,RegionD,AITraining,2365,86.0,171.68073224312926,2351,72
validation,SameHour24Baseline,RegionD,AITraining,2365,86.0,313.0,2328,24
validation,HierarchicalLocalMean,RegionD,AITraining,2366,160.0,171.68073224312926,2351,72
validation,SameHour24Baseline,RegionD,AITraining,2366,160.0,39.0,2328,24
validation,HierarchicalLocalMean,RegionD,AITraining,2367,231.0,171.68073224312926,2351,72
validation,SameHour24Baseline,RegionD,AITraining,2367,231.0,349.0,2328,24
validation,HierarchicalLocalMean,RegionD,AITraining,2368,256.0,171.68073224312926,2351,72
validation,SameHour24Baseline,RegionD,AITraining,2368,256.0,106.0,2328,24
validation,HierarchicalLocalMean,RegionD,AITraining,2369,111.0,171.68073224312926,2351,72
validation,SameHour24Baseline,RegionD,AITraining,2369,111.0,265.0,2328,24
validation,HierarchicalLocalMean,RegionD,AITraining,2370,93.0,171.68073224312926,2351,72
validation,SameHour24Baseline,RegionD,AITraining,2370,93.0,83.0,2328,24
validation,HierarchicalLocalMean,RegionD,AITraining,2371,221.0,171.68073224312926,2351,72
validation,SameHour24Baseline,RegionD,AITraining,2371,221.0,0.0,2328,24
validation,HierarchicalLocalMean,RegionD,AITraining,2372,178.0,171.68073224312926,2351,72
validation,SameHour24Baseline,RegionD,AITraining,2372,178.0,26.0,2328,24
validation,HierarchicalLocalMean,RegionD,AITraining,2373,205.0,171.68073224312926,2351,72
validation,SameHour24Baseline,RegionD,AITraining,2373,205.0,156.0,2328,24
validation,HierarchicalLocalMean,RegionD,AITraining,2374,125.0,171.68073224312926,2351,72
validation,SameHour24Baseline,RegionD,AITraining,2374,125.0,460.0,2328,24
validation,HierarchicalLocalMean,RegionD,AITraining,2375,41.0,171.68073224312926,2351,72
validation,SameHour24Baseline,RegionD,AITraining,2375,41.0,149.0,2328,24
validation,HierarchicalLocalMean,RegionD,BatchInference,2352,39.0,20.50771700810781,2351,72
validation,SameHour24Baseline,RegionD,BatchInference,2352,39.0,26.0,2328,24
validation,HierarchicalLocalMean,RegionD,BatchInference,2353,72.0,20.50771700810781,2351,72
validation,SameHour24Baseline,RegionD,BatchInference,2353,72.0,21.0,2328,24
validation,HierarchicalLocalMean,RegionD,BatchInference,2354,16.0,20.50771700810781,2351,72
validation,SameHour24Baseline,RegionD,BatchInference,2354,16.0,7.0,2328,24
validation,HierarchicalLocalMean,RegionD,BatchInference,2355,35.0,20.50771700810781,2351,72
validation,SameHour24Baseline,RegionD,BatchInference,2355,35.0,23.0,2328,24
validation,HierarchicalLocalMean,RegionD,BatchInference,2356,15.0,20.50771700810781,2351,72
validation,SameHour24Baseline,RegionD,BatchInference,2356,15.0,40.0,2328,24
validation,HierarchicalLocalMean,RegionD,BatchInference,2357,15.0,20.50771700810781,2351,72
validation,SameHour24Baseline,RegionD,BatchInference,2357,15.0,0.0,2328,24
validation,HierarchicalLocalMean,RegionD,BatchInference,2358,5.0,20.50771700810781,2351,72
validation,SameHour24Baseline,RegionD,BatchInference,2358,5.0,14.0,2328,24
validation,HierarchicalLocalMean,RegionD,BatchInference,2359,23.0,20.50771700810781,2351,72
validation,SameHour24Baseline,RegionD,BatchInference,2359,23.0,0.0,2328,24
validation,HierarchicalLocalMean,RegionD,BatchInference,2360,0.0,20.50771700810781,2351,72
validation,SameHour24Baseline,RegionD,BatchInference,2360,0.0,27.0,2328,24
validation,HierarchicalLocalMean,RegionD,BatchInference,2361,0.0,20.50771700810781,2351,72
validation,SameHour24Baseline,RegionD,BatchInference,2361,0.0,4.0,2328,24
validation,HierarchicalLocalMean,RegionD,BatchInference,2362,19.0,20.50771700810781,2351,72
validation,SameHour24Baseline,RegionD,BatchInference,2362,19.0,0.0,2328,24
validation,HierarchicalLocalMean,RegionD,BatchInference,2363,19.0,20.50771700810781,2351,72
validation,SameHour24Baseline,RegionD,BatchInference,2363,19.0,56.0,2328,24
validation,HierarchicalLocalMean,RegionD,BatchInference,2364,10.0,20.50771700810781,2351,72
validation,SameHour24Baseline,RegionD,BatchInference,2364,10.0,32.0,2328,24
validation,HierarchicalLocalMean,RegionD,BatchInference,2365,57.0,20.50771700810781,2351,72
validation,SameHour24Baseline,RegionD,BatchInference,2365,57.0,22.0,2328,24
validation,HierarchicalLocalMean,RegionD,BatchInference,2366,22.0,20.50771700810781,2351,72
validation,SameHour24Baseline,RegionD,BatchInference,2366,22.0,0.0,2328,24
validation,HierarchicalLocalMean,RegionD,BatchInference,2367,5.0,20.50771700810781,2351,72
validation,SameHour24Baseline,RegionD,BatchInference,2367,5.0,23.0,2328,24
validation,HierarchicalLocalMean,RegionD,BatchInference,2368,38.0,20.50771700810781,2351,72
validation,SameHour24Baseline,RegionD,BatchInference,2368,38.0,9.0,2328,24
validation,HierarchicalLocalMean,RegionD,BatchInference,2369,0.0,20.50771700810781,2351,72
validation,SameHour24Baseline,RegionD,BatchInference,2369,0.0,40.0,2328,24
validation,HierarchicalLocalMean,RegionD,BatchInference,2370,36.0,20.50771700810781,2351,72
validation,SameHour24Baseline,RegionD,BatchInference,2370,36.0,18.0,2328,24
validation,HierarchicalLocalMean,RegionD,BatchInference,2371,23.0,20.50771700810781,2351,72
validation,SameHour24Baseline,RegionD,BatchInference,2371,23.0,53.0,2328,24
validation,HierarchicalLocalMean,RegionD,BatchInference,2372,23.0,20.50771700810781,2351,72
validation,SameHour24Baseline,RegionD,BatchInference,2372,23.0,31.0,2328,24
validation,HierarchicalLocalMean,RegionD,BatchInference,2373,15.0,20.50771700810781,2351,72
validation,SameHour24Baseline,RegionD,BatchInference,2373,15.0,11.0,2328,24
validation,HierarchicalLocalMean,RegionD,BatchInference,2374,19.0,20.50771700810781,2351,72
validation,SameHour24Baseline,RegionD,BatchInference,2374,19.0,12.0,2328,24
validation,HierarchicalLocalMean,RegionD,BatchInference,2375,0.0,20.50771700810781,2351,72
validation,SameHour24Baseline,RegionD,BatchInference,2375,0.0,22.0,2328,24
validation,HierarchicalLocalMean,RegionD,RealTimeInference,2352,0.0,0.8948782685105827,2351,72
validation,SameHour24Baseline,RegionD,RealTimeInference,2352,0.0,0.0,2328,24
validation,HierarchicalLocalMean,RegionD,RealTimeInference,2353,0.0,0.8948782685105827,2351,72
validation,SameHour24Baseline,RegionD,RealTimeInference,2353,0.0,0.0,2328,24
validation,HierarchicalLocalMean,RegionD,RealTimeInference,2354,0.0,0.8948782685105827,2351,72
validation,SameHour24Baseline,RegionD,RealTimeInference,2354,0.0,0.0,2328,24
validation,HierarchicalLocalMean,RegionD,RealTimeInference,2355,0.0,0.8948782685105827,2351,72
validation,SameHour24Baseline,RegionD,RealTimeInference,2355,0.0,0.0,2328,24
validation,HierarchicalLocalMean,RegionD,RealTimeInference,2356,0.0,0.8948782685105827,2351,72
validation,SameHour24Baseline,RegionD,RealTimeInference,2356,0.0,7.0,2328,24
validation,HierarchicalLocalMean,RegionD,RealTimeInference,2357,0.0,0.8948782685105827,2351,72
validation,SameHour24Baseline,RegionD,RealTimeInference,2357,0.0,0.0,2328,24
validation,HierarchicalLocalMean,RegionD,RealTimeInference,2358,12.0,0.8948782685105827,2351,72
validation,SameHour24Baseline,RegionD,RealTimeInference,2358,12.0,0.0,2328,24
validation,HierarchicalLocalMean,RegionD,RealTimeInference,2359,0.0,0.8948782685105827,2351,72
validation,SameHour24Baseline,RegionD,RealTimeInference,2359,0.0,0.0,2328,24
validation,HierarchicalLocalMean,RegionD,RealTimeInference,2360,0.0,0.8948782685105827,2351,72
validation,SameHour24Baseline,RegionD,RealTimeInference,2360,0.0,0.0,2328,24
validation,HierarchicalLocalMean,RegionD,RealTimeInference,2361,0.0,0.8948782685105827,2351,72
validation,SameHour24Baseline,RegionD,RealTimeInference,2361,0.0,5.0,2328,24
validation,HierarchicalLocalMean,RegionD,RealTimeInference,2362,2.0,0.8948782685105827,2351,72
validation,SameHour24Baseline,RegionD,RealTimeInference,2362,2.0,0.0,2328,24
validation,HierarchicalLocalMean,RegionD,RealTimeInference,2363,0.0,0.8948782685105827,2351,72
validation,SameHour24Baseline,RegionD,RealTimeInference,2363,0.0,0.0,2328,24
validation,HierarchicalLocalMean,RegionD,RealTimeInference,2364,0.0,0.8948782685105827,2351,72
validation,SameHour24Baseline,RegionD,RealTimeInference,2364,0.0,5.0,2328,24
validation,HierarchicalLocalMean,RegionD,RealTimeInference,2365,0.0,0.8948782685105827,2351,72
validation,SameHour24Baseline,RegionD,RealTimeInference,2365,0.0,0.0,2328,24
validation,HierarchicalLocalMean,RegionD,RealTimeInference,2366,0.0,0.8948782685105827,2351,72
validation,SameHour24Baseline,RegionD,RealTimeInference,2366,0.0,1.0,2328,24
validation,HierarchicalLocalMean,RegionD,RealTimeInference,2367,0.0,0.8948782685105827,2351,72
validation,SameHour24Baseline,RegionD,RealTimeInference,2367,0.0,0.0,2328,24
validation,HierarchicalLocalMean,RegionD,RealTimeInference,2368,0.0,0.8948782685105827,2351,72
validation,SameHour24Baseline,RegionD,RealTimeInference,2368,0.0,0.0,2328,24
validation,HierarchicalLocalMean,RegionD,RealTimeInference,2369,0.0,0.8948782685105827,2351,72
validation,SameHour24Baseline,RegionD,RealTimeInference,2369,0.0,0.0,2328,24
validation,HierarchicalLocalMean,RegionD,RealTimeInference,2370,0.0,0.8948782685105827,2351,72
validation,SameHour24Baseline,RegionD,RealTimeInference,2370,0.0,0.0,2328,24
validation,HierarchicalLocalMean,RegionD,RealTimeInference,2371,0.0,0.8948782685105827,2351,72
validation,SameHour24Baseline,RegionD,RealTimeInference,2371,0.0,0.0,2328,24
validation,HierarchicalLocalMean,RegionD,RealTimeInference,2372,0.0,0.8948782685105827,2351,72
validation,SameHour24Baseline,RegionD,RealTimeInference,2372,0.0,0.0,2328,24
validation,HierarchicalLocalMean,RegionD,RealTimeInference,2373,0.0,0.8948782685105827,2351,72
validation,SameHour24Baseline,RegionD,RealTimeInference,2373,0.0,0.0,2328,24
validation,HierarchicalLocalMean,RegionD,RealTimeInference,2374,0.0,0.8948782685105827,2351,72
validation,SameHour24Baseline,RegionD,RealTimeInference,2374,0.0,0.0,2328,24
validation,HierarchicalLocalMean,RegionD,RealTimeInference,2375,0.0,0.8948782685105827,2351,72
validation,SameHour24Baseline,RegionD,RealTimeInference,2375,0.0,6.0,2328,24
validation,HierarchicalLocalMean,RegionE,AITraining,2352,120.0,120.4095513506754,2351,72
validation,SameHour24Baseline,RegionE,AITraining,2352,120.0,37.0,2328,24
validation,HierarchicalLocalMean,RegionE,AITraining,2353,43.0,120.4095513506754,2351,72
validation,SameHour24Baseline,RegionE,AITraining,2353,43.0,51.0,2328,24
validation,HierarchicalLocalMean,RegionE,AITraining,2354,96.0,120.4095513506754,2351,72
validation,SameHour24Baseline,RegionE,AITraining,2354,96.0,127.0,2328,24
validation,HierarchicalLocalMean,RegionE,AITraining,2355,0.0,120.4095513506754,2351,72
validation,SameHour24Baseline,RegionE,AITraining,2355,0.0,116.0,2328,24
validation,HierarchicalLocalMean,RegionE,AITraining,2356,58.0,120.4095513506754,2351,72
validation,SameHour24Baseline,RegionE,AITraining,2356,58.0,123.0,2328,24
validation,HierarchicalLocalMean,RegionE,AITraining,2357,107.0,120.4095513506754,2351,72
validation,SameHour24Baseline,RegionE,AITraining,2357,107.0,86.0,2328,24
validation,HierarchicalLocalMean,RegionE,AITraining,2358,237.0,120.4095513506754,2351,72
validation,SameHour24Baseline,RegionE,AITraining,2358,237.0,110.0,2328,24
validation,HierarchicalLocalMean,RegionE,AITraining,2359,193.0,120.4095513506754,2351,72
validation,SameHour24Baseline,RegionE,AITraining,2359,193.0,0.0,2328,24
validation,HierarchicalLocalMean,RegionE,AITraining,2360,298.0,120.4095513506754,2351,72
validation,SameHour24Baseline,RegionE,AITraining,2360,298.0,124.0,2328,24
validation,HierarchicalLocalMean,RegionE,AITraining,2361,349.0,120.4095513506754,2351,72
validation,SameHour24Baseline,RegionE,AITraining,2361,349.0,158.0,2328,24
validation,HierarchicalLocalMean,RegionE,AITraining,2362,207.0,120.4095513506754,2351,72
validation,SameHour24Baseline,RegionE,AITraining,2362,207.0,63.0,2328,24
validation,HierarchicalLocalMean,RegionE,AITraining,2363,23.0,120.4095513506754,2351,72
validation,SameHour24Baseline,RegionE,AITraining,2363,23.0,18.0,2328,24
validation,HierarchicalLocalMean,RegionE,AITraining,2364,0.0,120.4095513506754,2351,72
validation,SameHour24Baseline,RegionE,AITraining,2364,0.0,277.0,2328,24
validation,HierarchicalLocalMean,RegionE,AITraining,2365,0.0,120.4095513506754,2351,72
validation,SameHour24Baseline,RegionE,AITraining,2365,0.0,0.0,2328,24
validation,HierarchicalLocalMean,RegionE,AITraining,2366,0.0,120.4095513506754,2351,72
validation,SameHour24Baseline,RegionE,AITraining,2366,0.0,0.0,2328,24
validation,HierarchicalLocalMean,RegionE,AITraining,2367,110.0,120.4095513506754,2351,72
validation,SameHour24Baseline,RegionE,AITraining,2367,110.0,0.0,2328,24
validation,HierarchicalLocalMean,RegionE,AITraining,2368,167.0,120.4095513506754,2351,72
validation,SameHour24Baseline,RegionE,AITraining,2368,167.0,243.0,2328,24
validation,HierarchicalLocalMean,RegionE,AITraining,2369,274.0,120.4095513506754,2351,72
validation,SameHour24Baseline,RegionE,AITraining,2369,274.0,68.0,2328,24
validation,HierarchicalLocalMean,RegionE,AITraining,2370,24.0,120.4095513506754,2351,72
validation,SameHour24Baseline,RegionE,AITraining,2370,24.0,41.0,2328,24
validation,HierarchicalLocalMean,RegionE,AITraining,2371,69.0,120.4095513506754,2351,72
validation,SameHour24Baseline,RegionE,AITraining,2371,69.0,270.0,2328,24
validation,HierarchicalLocalMean,RegionE,AITraining,2372,0.0,120.4095513506754,2351,72
validation,SameHour24Baseline,RegionE,AITraining,2372,0.0,156.0,2328,24
validation,HierarchicalLocalMean,RegionE,AITraining,2373,41.0,120.4095513506754,2351,72
validation,SameHour24Baseline,RegionE,AITraining,2373,41.0,137.0,2328,24
validation,HierarchicalLocalMean,RegionE,AITraining,2374,252.0,120.4095513506754,2351,72
validation,SameHour24Baseline,RegionE,AITraining,2374,252.0,356.0,2328,24
validation,HierarchicalLocalMean,RegionE,AITraining,2375,46.0,120.4095513506754,2351,72
validation,SameHour24Baseline,RegionE,AITraining,2375,46.0,295.0,2328,24
validation,HierarchicalLocalMean,RegionE,BatchInference,2352,0.0,13.16082286655245,2351,72
validation,SameHour24Baseline,RegionE,BatchInference,2352,0.0,7.0,2328,24
validation,HierarchicalLocalMean,RegionE,BatchInference,2353,0.0,13.16082286655245,2351,72
validation,SameHour24Baseline,RegionE,BatchInference,2353,0.0,20.0,2328,24
validation,HierarchicalLocalMean,RegionE,BatchInference,2354,0.0,13.16082286655245,2351,72
validation,SameHour24Baseline,RegionE,BatchInference,2354,0.0,18.0,2328,24
validation,HierarchicalLocalMean,RegionE,BatchInference,2355,0.0,13.16082286655245,2351,72
validation,SameHour24Baseline,RegionE,BatchInference,2355,0.0,0.0,2328,24
validation,HierarchicalLocalMean,RegionE,BatchInference,2356,4.0,13.16082286655245,2351,72
validation,SameHour24Baseline,RegionE,BatchInference,2356,4.0,25.0,2328,24
validation,HierarchicalLocalMean,RegionE,BatchInference,2357,18.0,13.16082286655245,2351,72
validation,SameHour24Baseline,RegionE,BatchInference,2357,18.0,20.0,2328,24
validation,HierarchicalLocalMean,RegionE,BatchInference,2358,36.0,13.16082286655245,2351,72
validation,SameHour24Baseline,RegionE,BatchInference,2358,36.0,24.0,2328,24
validation,HierarchicalLocalMean,RegionE,BatchInference,2359,0.0,13.16082286655245,2351,72
validation,SameHour24Baseline,RegionE,BatchInference,2359,0.0,37.0,2328,24
validation,HierarchicalLocalMean,RegionE,BatchInference,2360,39.0,13.16082286655245,2351,72
validation,SameHour24Baseline,RegionE,BatchInference,2360,39.0,24.0,2328,24
validation,HierarchicalLocalMean,RegionE,BatchInference,2361,8.0,13.16082286655245,2351,72
validation,SameHour24Baseline,RegionE,BatchInference,2361,8.0,7.0,2328,24
validation,HierarchicalLocalMean,RegionE,BatchInference,2362,14.0,13.16082286655245,2351,72
validation,SameHour24Baseline,RegionE,BatchInference,2362,14.0,0.0,2328,24
validation,HierarchicalLocalMean,RegionE,BatchInference,2363,0.0,13.16082286655245,2351,72
validation,SameHour24Baseline,RegionE,BatchInference,2363,0.0,18.0,2328,24
validation,HierarchicalLocalMean,RegionE,BatchInference,2364,44.0,13.16082286655245,2351,72
validation,SameHour24Baseline,RegionE,BatchInference,2364,44.0,0.0,2328,24
validation,HierarchicalLocalMean,RegionE,BatchInference,2365,0.0,13.16082286655245,2351,72
validation,SameHour24Baseline,RegionE,BatchInference,2365,0.0,0.0,2328,24
validation,HierarchicalLocalMean,RegionE,BatchInference,2366,19.0,13.16082286655245,2351,72
validation,SameHour24Baseline,RegionE,BatchInference,2366,19.0,0.0,2328,24
validation,HierarchicalLocalMean,RegionE,BatchInference,2367,11.0,13.16082286655245,2351,72
validation,SameHour24Baseline,RegionE,BatchInference,2367,11.0,20.0,2328,24
validation,HierarchicalLocalMean,RegionE,BatchInference,2368,15.0,13.16082286655245,2351,72
validation,SameHour24Baseline,RegionE,BatchInference,2368,15.0,0.0,2328,24
validation,HierarchicalLocalMean,RegionE,BatchInference,2369,22.0,13.16082286655245,2351,72
validation,SameHour24Baseline,RegionE,BatchInference,2369,22.0,16.0,2328,24
validation,HierarchicalLocalMean,RegionE,BatchInference,2370,0.0,13.16082286655245,2351,72
validation,SameHour24Baseline,RegionE,BatchInference,2370,0.0,48.0,2328,24
validation,HierarchicalLocalMean,RegionE,BatchInference,2371,0.0,13.16082286655245,2351,72
validation,SameHour24Baseline,RegionE,BatchInference,2371,0.0,0.0,2328,24
validation,HierarchicalLocalMean,RegionE,BatchInference,2372,0.0,13.16082286655245,2351,72
validation,SameHour24Baseline,RegionE,BatchInference,2372,0.0,21.0,2328,24
validation,HierarchicalLocalMean,RegionE,BatchInference,2373,17.0,13.16082286655245,2351,72
validation,SameHour24Baseline,RegionE,BatchInference,2373,17.0,0.0,2328,24
validation,HierarchicalLocalMean,RegionE,BatchInference,2374,12.0,13.16082286655245,2351,72
validation,SameHour24Baseline,RegionE,BatchInference,2374,12.0,27.0,2328,24
validation,HierarchicalLocalMean,RegionE,BatchInference,2375,16.0,13.16082286655245,2351,72
validation,SameHour24Baseline,RegionE,BatchInference,2375,16.0,17.0,2328,24
validation,HierarchicalLocalMean,RegionE,RealTimeInference,2352,0.0,1.1657328159377307,2351,72
validation,SameHour24Baseline,RegionE,RealTimeInference,2352,0.0,0.0,2328,24
validation,HierarchicalLocalMean,RegionE,RealTimeInference,2353,0.0,1.1657328159377307,2351,72
validation,SameHour24Baseline,RegionE,RealTimeInference,2353,0.0,0.0,2328,24
validation,HierarchicalLocalMean,RegionE,RealTimeInference,2354,0.0,1.1657328159377307,2351,72
validation,SameHour24Baseline,RegionE,RealTimeInference,2354,0.0,0.0,2328,24
validation,HierarchicalLocalMean,RegionE,RealTimeInference,2355,0.0,1.1657328159377307,2351,72
validation,SameHour24Baseline,RegionE,RealTimeInference,2355,0.0,4.0,2328,24
validation,HierarchicalLocalMean,RegionE,RealTimeInference,2356,0.0,1.1657328159377307,2351,72
validation,SameHour24Baseline,RegionE,RealTimeInference,2356,0.0,0.0,2328,24
validation,HierarchicalLocalMean,RegionE,RealTimeInference,2357,6.0,1.1657328159377307,2351,72
validation,SameHour24Baseline,RegionE,RealTimeInference,2357,6.0,0.0,2328,24
validation,HierarchicalLocalMean,RegionE,RealTimeInference,2358,0.0,1.1657328159377307,2351,72
validation,SameHour24Baseline,RegionE,RealTimeInference,2358,0.0,0.0,2328,24
validation,HierarchicalLocalMean,RegionE,RealTimeInference,2359,0.0,1.1657328159377307,2351,72
validation,SameHour24Baseline,RegionE,RealTimeInference,2359,0.0,0.0,2328,24
validation,HierarchicalLocalMean,RegionE,RealTimeInference,2360,1.0,1.1657328159377307,2351,72
validation,SameHour24Baseline,RegionE,RealTimeInference,2360,1.0,0.0,2328,24
validation,HierarchicalLocalMean,RegionE,RealTimeInference,2361,0.0,1.1657328159377307,2351,72
validation,SameHour24Baseline,RegionE,RealTimeInference,2361,0.0,0.0,2328,24
validation,HierarchicalLocalMean,RegionE,RealTimeInference,2362,2.0,1.1657328159377307,2351,72
validation,SameHour24Baseline,RegionE,RealTimeInference,2362,2.0,0.0,2328,24
validation,HierarchicalLocalMean,RegionE,RealTimeInference,2363,0.0,1.1657328159377307,2351,72
validation,SameHour24Baseline,RegionE,RealTimeInference,2363,0.0,0.0,2328,24
validation,HierarchicalLocalMean,RegionE,RealTimeInference,2364,0.0,1.1657328159377307,2351,72
validation,SameHour24Baseline,RegionE,RealTimeInference,2364,0.0,0.0,2328,24
validation,HierarchicalLocalMean,RegionE,RealTimeInference,2365,0.0,1.1657328159377307,2351,72
validation,SameHour24Baseline,RegionE,RealTimeInference,2365,0.0,0.0,2328,24
validation,HierarchicalLocalMean,RegionE,RealTimeInference,2366,0.0,1.1657328159377307,2351,72
validation,SameHour24Baseline,RegionE,RealTimeInference,2366,0.0,3.0,2328,24
validation,HierarchicalLocalMean,RegionE,RealTimeInference,2367,7.0,1.1657328159377307,2351,72
validation,SameHour24Baseline,RegionE,RealTimeInference,2367,7.0,0.0,2328,24
validation,HierarchicalLocalMean,RegionE,RealTimeInference,2368,0.0,1.1657328159377307,2351,72
validation,SameHour24Baseline,RegionE,RealTimeInference,2368,0.0,0.0,2328,24
validation,HierarchicalLocalMean,RegionE,RealTimeInference,2369,0.0,1.1657328159377307,2351,72
validation,SameHour24Baseline,RegionE,RealTimeInference,2369,0.0,0.0,2328,24
validation,HierarchicalLocalMean,RegionE,RealTimeInference,2370,3.0,1.1657328159377307,2351,72
validation,SameHour24Baseline,RegionE,RealTimeInference,2370,3.0,5.0,2328,24
validation,HierarchicalLocalMean,RegionE,RealTimeInference,2371,0.0,1.1657328159377307,2351,72
validation,SameHour24Baseline,RegionE,RealTimeInference,2371,0.0,0.0,2328,24
validation,HierarchicalLocalMean,RegionE,RealTimeInference,2372,0.0,1.1657328159377307,2351,72
validation,SameHour24Baseline,RegionE,RealTimeInference,2372,0.0,0.0,2328,24
validation,HierarchicalLocalMean,RegionE,RealTimeInference,2373,2.0,1.1657328159377307,2351,72
validation,SameHour24Baseline,RegionE,RealTimeInference,2373,2.0,1.0,2328,24
validation,HierarchicalLocalMean,RegionE,RealTimeInference,2374,0.0,1.1657328159377307,2351,72
validation,SameHour24Baseline,RegionE,RealTimeInference,2374,0.0,0.0,2328,24
validation,HierarchicalLocalMean,RegionE,RealTimeInference,2375,0.0,1.1657328159377307,2351,72
validation,SameHour24Baseline,RegionE,RealTimeInference,2375,0.0,0.0,2328,24
validation,HierarchicalLocalMean,RegionF,AITraining,2352,127.0,126.90584829865308,2351,72
validation,SameHour24Baseline,RegionF,AITraining,2352,127.0,187.0,2328,24
validation,HierarchicalLocalMean,RegionF,AITraining,2353,88.0,126.90584829865308,2351,72
validation,SameHour24Baseline,RegionF,AITraining,2353,88.0,0.0,2328,24
validation,HierarchicalLocalMean,RegionF,AITraining,2354,31.0,126.90584829865308,2351,72
validation,SameHour24Baseline,RegionF,AITraining,2354,31.0,45.0,2328,24
validation,HierarchicalLocalMean,RegionF,AITraining,2355,220.0,126.90584829865308,2351,72
validation,SameHour24Baseline,RegionF,AITraining,2355,220.0,70.0,2328,24
validation,HierarchicalLocalMean,RegionF,AITraining,2356,425.0,126.90584829865308,2351,72
validation,SameHour24Baseline,RegionF,AITraining,2356,425.0,98.0,2328,24
validation,HierarchicalLocalMean,RegionF,AITraining,2357,25.0,126.90584829865308,2351,72
validation,SameHour24Baseline,RegionF,AITraining,2357,25.0,176.0,2328,24
validation,HierarchicalLocalMean,RegionF,AITraining,2358,37.0,126.90584829865308,2351,72
validation,SameHour24Baseline,RegionF,AITraining,2358,37.0,59.0,2328,24
validation,HierarchicalLocalMean,RegionF,AITraining,2359,330.0,126.90584829865308,2351,72
validation,SameHour24Baseline,RegionF,AITraining,2359,330.0,0.0,2328,24
validation,HierarchicalLocalMean,RegionF,AITraining,2360,236.0,126.90584829865308,2351,72
validation,SameHour24Baseline,RegionF,AITraining,2360,236.0,32.0,2328,24
validation,HierarchicalLocalMean,RegionF,AITraining,2361,126.0,126.90584829865308,2351,72
validation,SameHour24Baseline,RegionF,AITraining,2361,126.0,173.0,2328,24
validation,HierarchicalLocalMean,RegionF,AITraining,2362,101.0,126.90584829865308,2351,72
validation,SameHour24Baseline,RegionF,AITraining,2362,101.0,117.0,2328,24
validation,HierarchicalLocalMean,RegionF,AITraining,2363,118.0,126.90584829865308,2351,72
validation,SameHour24Baseline,RegionF,AITraining,2363,118.0,0.0,2328,24
validation,HierarchicalLocalMean,RegionF,AITraining,2364,118.0,126.90584829865308,2351,72
validation,SameHour24Baseline,RegionF,AITraining,2364,118.0,230.0,2328,24
validation,HierarchicalLocalMean,RegionF,AITraining,2365,125.0,126.90584829865308,2351,72
validation,SameHour24Baseline,RegionF,AITraining,2365,125.0,191.0,2328,24
validation,HierarchicalLocalMean,RegionF,AITraining,2366,198.0,126.90584829865308,2351,72
validation,SameHour24Baseline,RegionF,AITraining,2366,198.0,234.0,2328,24
validation,HierarchicalLocalMean,RegionF,AITraining,2367,192.0,126.90584829865308,2351,72
validation,SameHour24Baseline,RegionF,AITraining,2367,192.0,0.0,2328,24
validation,HierarchicalLocalMean,RegionF,AITraining,2368,0.0,126.90584829865308,2351,72
validation,SameHour24Baseline,RegionF,AITraining,2368,0.0,125.0,2328,24
validation,HierarchicalLocalMean,RegionF,AITraining,2369,334.0,126.90584829865308,2351,72
validation,SameHour24Baseline,RegionF,AITraining,2369,334.0,173.0,2328,24
validation,HierarchicalLocalMean,RegionF,AITraining,2370,122.0,126.90584829865308,2351,72
validation,SameHour24Baseline,RegionF,AITraining,2370,122.0,80.0,2328,24
validation,HierarchicalLocalMean,RegionF,AITraining,2371,135.0,126.90584829865308,2351,72
validation,SameHour24Baseline,RegionF,AITraining,2371,135.0,26.0,2328,24
validation,HierarchicalLocalMean,RegionF,AITraining,2372,151.0,126.90584829865308,2351,72
validation,SameHour24Baseline,RegionF,AITraining,2372,151.0,270.0,2328,24
validation,HierarchicalLocalMean,RegionF,AITraining,2373,163.0,126.90584829865308,2351,72
validation,SameHour24Baseline,RegionF,AITraining,2373,163.0,35.0,2328,24
validation,HierarchicalLocalMean,RegionF,AITraining,2374,91.0,126.90584829865308,2351,72
validation,SameHour24Baseline,RegionF,AITraining,2374,91.0,212.0,2328,24
validation,HierarchicalLocalMean,RegionF,AITraining,2375,0.0,126.90584829865308,2351,72
validation,SameHour24Baseline,RegionF,AITraining,2375,0.0,119.0,2328,24
validation,HierarchicalLocalMean,RegionF,BatchInference,2352,0.0,12.725097981477289,2351,72
validation,SameHour24Baseline,RegionF,BatchInference,2352,0.0,0.0,2328,24
validation,HierarchicalLocalMean,RegionF,BatchInference,2353,50.0,12.725097981477289,2351,72
validation,SameHour24Baseline,RegionF,BatchInference,2353,50.0,35.0,2328,24
validation,HierarchicalLocalMean,RegionF,BatchInference,2354,0.0,12.725097981477289,2351,72
validation,SameHour24Baseline,RegionF,BatchInference,2354,0.0,0.0,2328,24
validation,HierarchicalLocalMean,RegionF,BatchInference,2355,0.0,12.725097981477289,2351,72
validation,SameHour24Baseline,RegionF,BatchInference,2355,0.0,0.0,2328,24
validation,HierarchicalLocalMean,RegionF,BatchInference,2356,20.0,12.725097981477289,2351,72
validation,SameHour24Baseline,RegionF,BatchInference,2356,20.0,0.0,2328,24
validation,HierarchicalLocalMean,RegionF,BatchInference,2357,20.0,12.725097981477289,2351,72
validation,SameHour24Baseline,RegionF,BatchInference,2357,20.0,0.0,2328,24
validation,HierarchicalLocalMean,RegionF,BatchInference,2358,14.0,12.725097981477289,2351,72
validation,SameHour24Baseline,RegionF,BatchInference,2358,14.0,20.0,2328,24
validation,HierarchicalLocalMean,RegionF,BatchInference,2359,0.0,12.725097981477289,2351,72
validation,SameHour24Baseline,RegionF,BatchInference,2359,0.0,28.0,2328,24
validation,HierarchicalLocalMean,RegionF,BatchInference,2360,9.0,12.725097981477289,2351,72
validation,SameHour24Baseline,RegionF,BatchInference,2360,9.0,22.0,2328,24
validation,HierarchicalLocalMean,RegionF,BatchInference,2361,15.0,12.725097981477289,2351,72
validation,SameHour24Baseline,RegionF,BatchInference,2361,15.0,0.0,2328,24
validation,HierarchicalLocalMean,RegionF,BatchInference,2362,20.0,12.725097981477289,2351,72
validation,SameHour24Baseline,RegionF,BatchInference,2362,20.0,33.0,2328,24
validation,HierarchicalLocalMean,RegionF,BatchInference,2363,0.0,12.725097981477289,2351,72
validation,SameHour24Baseline,RegionF,BatchInference,2363,0.0,0.0,2328,24
validation,HierarchicalLocalMean,RegionF,BatchInference,2364,7.0,12.725097981477289,2351,72
validation,SameHour24Baseline,RegionF,BatchInference,2364,7.0,0.0,2328,24
validation,HierarchicalLocalMean,RegionF,BatchInference,2365,0.0,12.725097981477289,2351,72
validation,SameHour24Baseline,RegionF,BatchInference,2365,0.0,26.0,2328,24
validation,HierarchicalLocalMean,RegionF,BatchInference,2366,0.0,12.725097981477289,2351,72
validation,SameHour24Baseline,RegionF,BatchInference,2366,0.0,23.0,2328,24
validation,HierarchicalLocalMean,RegionF,BatchInference,2367,4.0,12.725097981477289,2351,72
validation,SameHour24Baseline,RegionF,BatchInference,2367,4.0,28.0,2328,24
validation,HierarchicalLocalMean,RegionF,BatchInference,2368,13.0,12.725097981477289,2351,72
validation,SameHour24Baseline,RegionF,BatchInference,2368,13.0,34.0,2328,24
validation,HierarchicalLocalMean,RegionF,BatchInference,2369,0.0,12.725097981477289,2351,72
validation,SameHour24Baseline,RegionF,BatchInference,2369,0.0,42.0,2328,24
validation,HierarchicalLocalMean,RegionF,BatchInference,2370,0.0,12.725097981477289,2351,72
validation,SameHour24Baseline,RegionF,BatchInference,2370,0.0,8.0,2328,24
validation,HierarchicalLocalMean,RegionF,BatchInference,2371,23.0,12.725097981477289,2351,72
validation,SameHour24Baseline,RegionF,BatchInference,2371,23.0,29.0,2328,24
validation,HierarchicalLocalMean,RegionF,BatchInference,2372,17.0,12.725097981477289,2351,72
validation,SameHour24Baseline,RegionF,BatchInference,2372,17.0,11.0,2328,24
validation,HierarchicalLocalMean,RegionF,BatchInference,2373,9.0,12.725097981477289,2351,72
validation,SameHour24Baseline,RegionF,BatchInference,2373,9.0,4.0,2328,24
validation,HierarchicalLocalMean,RegionF,BatchInference,2374,14.0,12.725097981477289,2351,72
validation,SameHour24Baseline,RegionF,BatchInference,2374,14.0,0.0,2328,24
validation,HierarchicalLocalMean,RegionF,BatchInference,2375,7.0,12.725097981477289,2351,72
validation,SameHour24Baseline,RegionF,BatchInference,2375,7.0,21.0,2328,24
validation,HierarchicalLocalMean,RegionF,RealTimeInference,2352,0.0,0.9246046664975976,2351,72
validation,SameHour24Baseline,RegionF,RealTimeInference,2352,0.0,0.0,2328,24
validation,HierarchicalLocalMean,RegionF,RealTimeInference,2353,0.0,0.9246046664975976,2351,72
validation,SameHour24Baseline,RegionF,RealTimeInference,2353,0.0,0.0,2328,24
validation,HierarchicalLocalMean,RegionF,RealTimeInference,2354,0.0,0.9246046664975976,2351,72
validation,SameHour24Baseline,RegionF,RealTimeInference,2354,0.0,0.0,2328,24
validation,HierarchicalLocalMean,RegionF,RealTimeInference,2355,0.0,0.9246046664975976,2351,72
validation,SameHour24Baseline,RegionF,RealTimeInference,2355,0.0,0.0,2328,24
validation,HierarchicalLocalMean,RegionF,RealTimeInference,2356,0.0,0.9246046664975976,2351,72
validation,SameHour24Baseline,RegionF,RealTimeInference,2356,0.0,0.0,2328,24
validation,HierarchicalLocalMean,RegionF,RealTimeInference,2357,0.0,0.9246046664975976,2351,72
validation,SameHour24Baseline,RegionF,RealTimeInference,2357,0.0,0.0,2328,24
validation,HierarchicalLocalMean,RegionF,RealTimeInference,2358,0.0,0.9246046664975976,2351,72
validation,SameHour24Baseline,RegionF,RealTimeInference,2358,0.0,0.0,2328,24
validation,HierarchicalLocalMean,RegionF,RealTimeInference,2359,0.0,0.9246046664975976,2351,72
validation,SameHour24Baseline,RegionF,RealTimeInference,2359,0.0,0.0,2328,24
validation,HierarchicalLocalMean,RegionF,RealTimeInference,2360,0.0,0.9246046664975976,2351,72
validation,SameHour24Baseline,RegionF,RealTimeInference,2360,0.0,0.0,2328,24
validation,HierarchicalLocalMean,RegionF,RealTimeInference,2361,7.0,0.9246046664975976,2351,72
validation,SameHour24Baseline,RegionF,RealTimeInference,2361,7.0,0.0,2328,24
validation,HierarchicalLocalMean,RegionF,RealTimeInference,2362,6.0,0.9246046664975976,2351,72
validation,SameHour24Baseline,RegionF,RealTimeInference,2362,6.0,0.0,2328,24
validation,HierarchicalLocalMean,RegionF,RealTimeInference,2363,0.0,0.9246046664975976,2351,72
validation,SameHour24Baseline,RegionF,RealTimeInference,2363,0.0,0.0,2328,24
validation,HierarchicalLocalMean,RegionF,RealTimeInference,2364,0.0,0.9246046664975976,2351,72
validation,SameHour24Baseline,RegionF,RealTimeInference,2364,0.0,0.0,2328,24
validation,HierarchicalLocalMean,RegionF,RealTimeInference,2365,1.0,0.9246046664975976,2351,72
validation,SameHour24Baseline,RegionF,RealTimeInference,2365,1.0,0.0,2328,24
validation,HierarchicalLocalMean,RegionF,RealTimeInference,2366,0.0,0.9246046664975976,2351,72
validation,SameHour24Baseline,RegionF,RealTimeInference,2366,0.0,0.0,2328,24
validation,HierarchicalLocalMean,RegionF,RealTimeInference,2367,0.0,0.9246046664975976,2351,72
validation,SameHour24Baseline,RegionF,RealTimeInference,2367,0.0,0.0,2328,24
validation,HierarchicalLocalMean,RegionF,RealTimeInference,2368,0.0,0.9246046664975976,2351,72
validation,SameHour24Baseline,RegionF,RealTimeInference,2368,0.0,0.0,2328,24
validation,HierarchicalLocalMean,RegionF,RealTimeInference,2369,0.0,0.9246046664975976,2351,72
validation,SameHour24Baseline,RegionF,RealTimeInference,2369,0.0,0.0,2328,24
validation,HierarchicalLocalMean,RegionF,RealTimeInference,2370,0.0,0.9246046664975976,2351,72
validation,SameHour24Baseline,RegionF,RealTimeInference,2370,0.0,0.0,2328,24
validation,HierarchicalLocalMean,RegionF,RealTimeInference,2371,0.0,0.9246046664975976,2351,72
validation,SameHour24Baseline,RegionF,RealTimeInference,2371,0.0,0.0,2328,24
validation,HierarchicalLocalMean,RegionF,RealTimeInference,2372,8.0,0.9246046664975976,2351,72
validation,SameHour24Baseline,RegionF,RealTimeInference,2372,8.0,0.0,2328,24
validation,HierarchicalLocalMean,RegionF,RealTimeInference,2373,0.0,0.9246046664975976,2351,72
validation,SameHour24Baseline,RegionF,RealTimeInference,2373,0.0,0.0,2328,24
validation,HierarchicalLocalMean,RegionF,RealTimeInference,2374,0.0,0.9246046664975976,2351,72
validation,SameHour24Baseline,RegionF,RealTimeInference,2374,0.0,0.0,2328,24
validation,HierarchicalLocalMean,RegionF,RealTimeInference,2375,1.0,0.9246046664975976,2351,72
validation,SameHour24Baseline,RegionF,RealTimeInference,2375,1.0,0.0,2328,24
